game_id,v7p3r_color,v7p3r_castled,opponent_castled,queen_traded,queen_traded_move,total_moves,opening_family
SexIRO4z,black,,,False,,92,English Opening
DGT8eT28,white,queenside,,False,,65,Reti Opening
IddahOLq,white,kingside,,False,,96,Reti Opening
UJAIHSwY,black,,,False,,39,English Opening
GeOKjTpE,white,kingside,,False,,124,Reti Opening
MyaNjSMs,black,,kingside,False,,28,Irregular Openings
JsWXujMm,white,kingside,,False,,60,Reti Opening
6j4pQBhq,white,kingside,,False,,46,Reti Opening
y4LFoByJ,white,kingside,,False,,38,Reti Opening
66FW1Jup,black,,kingside,False,,91,Uncommon King Pawn
eoiTTrhW,white,,,False,,15,Irregular Openings
HXb9Oo5H,white,,,False,,32,Reti Opening
T8PVpHpl,black,,,False,,51,Reti Opening
ub5vu47M,white,kingside,,False,,110,Reti Opening
UtNqR0EM,white,,,False,,31,Irregular Openings
vJWoKtPu,black,,queenside,False,,83,Uncommon King Pawn
VKKzDJ1y,black,,,False,,117,Irregular Openings
7J7FQElQ,black,,,False,,97,Irregular Openings
6ippzqLB,white,kingside,,False,,134,Reti Opening
FkWXYIBf,black,,,False,,154,Irregular Openings
SD5YRciP,black,,,False,,39,Reti Opening
Rl4QDyPn,white,kingside,,False,,82,Reti Opening
qyLw3f0m,black,,,False,,85,Uncommon King Pawn
oLb31OBX,white,,,False,,83,Irregular Openings
T7dslal9,white,kingside,,False,,261,Reti Opening
Cp5vyjVN,black,,kingside,False,,72,Uncommon King Pawn
vYfPcZwh,black,,,False,,81,Uncommon King Pawn
EkFiXB2q,black,,,False,,43,Reti Opening
zlmPTeGt,black,,,False,,119,Irregular Openings
BkWPGsBA,white,kingside,,False,,110,Reti Opening
4M2GmUrP,black,,,False,,107,Reti Opening
YQ6fNZ7P,black,,kingside,False,,43,Uncommon King Pawn
lrpvsKew,white,kingside,,False,,117,Reti Opening
avzKKlxk,white,kingside,,False,,37,Irregular Openings
QHtZIgp1,white,kingside,,False,,51,Irregular Openings
jXWiJLyk,black,,kingside,False,,193,Reti Opening
m5X7MnUR,black,,kingside,False,,40,Irregular Openings
sc6zqsY1,black,,kingside,False,,68,Reti Opening
f8Pr7Bxo,black,,,False,,19,Reti Opening
px4HBN9b,black,,,False,,18,Irregular Openings
HKt4yFPe,white,,,False,,38,Reti Opening
jDXsdLwd,black,,,False,,16,Trompowsky Attack
vFGb7J1p,white,kingside,,False,,144,Irregular Openings
jTauGTJ5,black,,,False,,54,Irregular Openings
s25Uvvtm,black,,,False,,60,Irregular Openings
miZzlr1D,black,,kingside,False,,45,English Opening
kJdwLBmd,white,kingside,,False,,105,Reti Opening
5iBOpHGa,black,,kingside,False,,142,Uncommon King Pawn
KK4KG5iW,white,kingside,,False,,68,Reti Opening
GJ378ebd,white,kingside,,False,,85,Reti Opening
nm1a5aKB,black,,kingside,False,,54,Indian Defenses
xBy2ofWp,black,,kingside,False,,32,Trompowsky Attack
3FJg3hJS,white,,,False,,34,Reti Opening
gcI9v86O,black,,,False,,26,Reti Opening
cCsWRG2C,black,,kingside,False,,167,Reti Opening
Wu6PF4MA,white,kingside,,False,,82,Reti Opening
VUD5M3Gl,white,queenside,,False,,43,Reti Opening
dTvXvtl6,black,,,False,,70,Trompowsky Attack
ax5KZm9I,white,kingside,,False,,84,Reti Opening
zvF1WHBq,white,kingside,,False,,70,Reti Opening
LEF8I5fc,white,kingside,,False,,103,Reti Opening
sMBpCtyq,black,,kingside,False,,112,English Opening
FxnNT8y2,white,kingside,,False,,66,Reti Opening
TXj8QTXu,black,,,False,,56,Irregular Openings
3XQCmMFP,black,,queenside,False,,118,Uncommon King Pawn
rG3Q0FPs,white,queenside,,False,,138,Reti Opening
1o4PMceJ,black,,,False,,24,Irregular Openings
ukx06g4Q,black,,kingside,False,,61,Uncommon King Pawn
pqr6Mcu9,black,,,False,,52,Irregular Openings
QJvwmdwH,black,,queenside,False,,117,Uncommon King Pawn
ucx95pia,black,,,False,,68,English Opening
opoKgnBl,black,,queenside,False,,110,Uncommon King Pawn
sTVBRo3n,black,,,False,,24,Irregular Openings
8w0kAWDU,black,,,False,,48,Irregular Openings
0ib4NGMb,black,,kingside,False,,85,Nimzo-Indian Defense
Nm5hS91k,white,kingside,,False,,158,Reti Opening
A2SSXuwR,black,,kingside,False,,44,Irregular Openings
tDqePGi1,black,,,False,,40,Irregular Openings
AXqEBq08,white,,,False,,36,Reti Opening
X8df3lBT,white,,,False,,4,Reti Opening
o4UoDZAP,black,,kingside,False,,71,Slav Defense
tVQR0WXO,black,,,False,,55,Irregular Openings
59ft3tcf,white,kingside,,False,,39,Irregular Openings
94RaLxBG,black,,,False,,90,French Defense
byIDjTY4,white,kingside,,False,,109,Irregular Openings
LKSB1ltS,white,,,False,,71,Irregular Openings
jJpYmEPp,white,kingside,,False,,47,Queen's Pawn
9jeiXrPC,white,kingside,,False,,69,Irregular Openings
3YlpLswE,white,kingside,,False,,161,Queen's Pawn
T1vvKk2B,white,,,False,,53,Irregular Openings
vFeVNdwv,white,,,False,,65,Irregular Openings
SdYCpZXv,black,,,False,,29,French Defense
gTmt9Ny2,black,,,False,,49,Reti Opening
Jh1WcJTp,black,,,False,,72,Irregular Openings
Gy7RkCRo,black,,,False,,104,Irregular Openings
pxH2fjI1,white,kingside,,False,,103,Irregular Openings
IHtBkM3p,white,,,False,,35,Irregular Openings
2nuJQ0w4,white,kingside,,False,,47,Irregular Openings
ehgArNY4,black,,,False,,53,Reti Opening
Z6NiqeXH,white,queenside,,False,,50,Irregular Openings
wmvujd7F,black,,kingside,False,,60,Irregular Openings
zaLqZKAd,white,kingside,,False,,51,Irregular Openings
6PiZhQ7s,white,,,False,,27,Queen's Pawn
oXy31uk3,white,kingside,,False,,101,Irregular Openings
k5YXXj7a,black,,kingside,False,,160,Irregular Openings
3lb02Mdb,black,,queenside,False,,35,Irregular Openings
echOngig,white,kingside,,False,,79,Irregular Openings
ZidUFqb1,white,kingside,,False,,62,Irregular Openings
Yb52zDwf,white,kingside,,False,,145,Irregular Openings
TZ07ofm6,black,,,False,,55,French Defense
kPUVvW9A,white,,,False,,57,Irregular Openings
gbYW6bo8,white,kingside,,False,,62,Irregular Openings
iBVZ7jwa,white,,,False,,31,Irregular Openings
epnKYnN2,black,,,False,,78,English Opening
l5l5cOsB,black,,queenside,False,,20,Irregular Openings
AgS6UuDt,white,kingside,,False,,111,Irregular Openings
WvqGhslE,white,,,False,,16,Irregular Openings
pQJldRZq,black,,,False,,83,Irregular Openings
1oARNhME,white,,,False,,27,Irregular Openings
V59ZwoK3,black,,,False,,59,Irregular Openings
zBIhiM3U,black,,kingside,False,,57,Uncommon King Pawn
QvQ2FjJ7,white,kingside,,False,,41,Irregular Openings
0hoiZV0C,white,kingside,,False,,27,Irregular Openings
cAbrlQ3P,black,,,False,,80,Queen's Pawn
BA7U8VqT,black,,kingside,False,,55,English Opening
SETVrrZH,white,kingside,,False,,43,Irregular Openings
W00WpTOT,white,kingside,,False,,82,Irregular Openings
XI7UNVpW,black,,kingside,False,,33,Reti Opening
UYAm73JD,white,kingside,,False,,47,Irregular Openings
5sEDvF7O,white,kingside,,False,,82,Irregular Openings
CVvIr9Ht,black,,kingside,False,,40,English Opening
pYhPN1Ga,black,,,False,,102,Irregular Openings
uEb5OTfR,black,,kingside,False,,55,English Opening
X1LDCokr,white,kingside,,False,,87,Irregular Openings
kF9vrNir,white,,,False,,72,Queen's Pawn Game
TcN22TZF,white,kingside,,False,,77,Irregular Openings
KnAsfU4H,white,kingside,,False,,65,Irregular Openings
Z6oOWuZY,white,kingside,,False,,86,Irregular Openings
YFpCl4nT,black,,kingside,False,,55,English Opening
drrmMVNz,white,kingside,,False,,65,Irregular Openings
QsHzhtz4,white,kingside,,False,,87,Irregular Openings
i0ubIUNy,black,,,False,,41,French Defense
5dbG6BXr,black,,kingside,False,,106,English Opening
s6nWl9MN,white,kingside,,False,,111,Irregular Openings
qvBVMYMe,black,,kingside,False,,55,English Opening
fcBiDdK6,white,kingside,,False,,82,Irregular Openings
vsb2eHpC,white,kingside,,False,,37,Irregular Openings
8BgN9hHW,black,,kingside,False,,55,English Opening
KHSFNUe0,black,,kingside,False,,55,English Opening
mURlwf9q,black,,kingside,False,,55,English Opening
R9uuI7ss,black,,kingside,False,,55,English Opening
x0qQI6ac,black,,kingside,False,,118,English Opening
nBrucJwi,black,,kingside,False,,40,English Opening
jX1nYVKd,black,,kingside,False,,55,English Opening
c7pfBJZa,white,kingside,,False,,87,Irregular Openings
7S7Qne9Q,white,kingside,,False,,78,Irregular Openings
abMzXTAI,black,,,False,,5,Irregular Openings
RkHQNIax,black,,kingside,False,,40,English Opening
QRXdWbuD,black,,kingside,False,,55,English Opening
bNEVlTkA,black,,kingside,False,,55,English Opening
4U6TikeZ,black,,kingside,False,,55,English Opening
NMa8IToj,black,,queenside,False,,134,Queen's Pawn
8jGBT8eX,black,,,False,,31,Irregular Openings
DTHtkoPr,black,,,False,,57,Queen's Pawn
r4Nad9SP,white,kingside,,False,,111,Irregular Openings
SdGZeMre,white,kingside,,False,,82,Irregular Openings
7B9x0hQA,white,kingside,,False,,82,Irregular Openings
eyPIrWbu,black,,kingside,False,,40,French Defense
yXaFHXmc,black,,kingside,False,,97,Irregular Openings
81hBOO8E,black,,,False,,26,Irregular Openings
TtuKJx97,black,,queenside,False,,117,Irregular Openings
z1eyBbrH,black,,kingside,False,,26,Irregular Openings
VCyDWlA2,black,,kingside,False,,50,French Defense
ZAxLVyio,white,,,False,,31,Irregular Openings
DroPzcU9,black,,,False,,37,Irregular Openings
VJsx9m4R,black,,kingside,False,,28,French Defense
YWfYvbH2,white,kingside,,False,,41,Irregular Openings
ESZ2AQVv,black,,,False,,53,Queen's Pawn
w4hoL0m1,black,,,False,,5,Uncommon King Pawn
WnFWIbaY,black,,kingside,False,,103,Queen's Pawn
ZGxks2We,white,,,False,,11,Irregular Openings
bKQWQ7wq,black,,,False,,21,Irregular Openings
YcZgziDX,black,,,False,,70,Reti Opening
ZD4OrY3X,black,,,False,,32,French Defense
ty2JZgBX,white,kingside,,False,,70,Irregular Openings
puEniW2I,white,kingside,,False,,112,Queen's Pawn
XVKv8B0W,black,,,False,,33,Reti Opening
OWMcolmf,black,,kingside,False,,76,French Defense
gAmLrJsw,black,,,False,,18,French Defense
16OoAldP,black,,,False,,75,Irregular Openings
OgyMmlhC,black,,kingside,False,,79,Queen's Pawn
ilzluCz8,black,,,False,,58,Irregular Openings
d1zUQnFc,white,queenside,,False,,59,Irregular Openings
E8uU9gnD,white,kingside,,False,,61,Irregular Openings
TNTMY4J8,black,,queenside,False,,38,Queen's Pawn
qT4W4Rqm,black,,kingside,False,,92,Queen's Pawn
K3zZN1d8,white,kingside,,False,,37,Irregular Openings
akrUONYm,black,,,False,,81,Irregular Openings
Wb8Icw0M,black,,,False,,33,Queen's Pawn
KXnG8Ny6,white,kingside,,False,,31,Irregular Openings
HOL9h1ys,white,kingside,,False,,60,Irregular Openings
GoWJkM71,black,,,False,,48,English Opening
DiPi6IPB,black,,kingside,False,,40,English Opening
xrKr5o8i,black,,,False,,103,Irregular Openings
ksmwTfWF,black,,,False,,79,Irregular Openings
B3mAjWNG,white,kingside,,False,,111,Irregular Openings
AK2lKntV,black,,,False,,62,Irregular Openings
d3A6H502,black,,queenside,False,,42,Irregular Openings
9fQLK1t1,black,,queenside,False,,44,Irregular Openings
hs8yvNNl,white,kingside,,False,,91,Irregular Openings
7tSSfa4z,black,,,False,,47,Queen's Pawn
qkhdPE9h,black,,queenside,False,,66,Irregular Openings
aISOW9cV,white,queenside,,False,,78,Irregular Openings
yZPHObzj,black,,kingside,False,,55,English Opening
3G45on9L,white,,,False,,102,Irregular Openings
iSgHXPXc,black,,kingside,False,,163,Irregular Openings
fM3MJldY,white,kingside,,False,,43,Irregular Openings
5Jtfs2pA,white,,,False,,39,Irregular Openings
6TgLqHU8,white,kingside,,False,,69,Irregular Openings
bu1n8yKr,black,,,False,,21,Irregular Openings
InvL3I55,white,kingside,,False,,88,Irregular Openings
Tgq6WmQS,black,,,False,,26,Irregular Openings
RlW0vJt9,black,,,False,,44,Irregular Openings
9NeETwUa,black,,,False,,54,Irregular Openings
yLAYQa0G,white,,,False,,23,Irregular Openings
Gl8QiLe9,black,,,False,,52,Irregular Openings
1ZciQvBH,white,queenside,,False,,110,Queen's Pawn
fNl6QnbW,white,queenside,,False,,45,Irregular Openings
Q0peKxBn,black,,kingside,False,,53,French Defense
nggA5uMB,white,queenside,,False,,81,Irregular Openings
qqhzjMpe,black,,,False,,22,Irregular Openings
40TvAkRV,black,,,False,,42,Reti Opening
SRG12jXg,black,,kingside,False,,67,French Defense
P02OFVLb,white,,,False,,79,Irregular Openings
NM3KIZ8y,black,,,False,,62,Queen's Pawn
7M5CHCiZ,black,,,False,,19,Irregular Openings
hxu1rcwA,black,,kingside,False,,136,French Defense
9NmhndLU,white,queenside,,False,,41,Irregular Openings
efCoqSwp,white,kingside,,False,,54,Irregular Openings
Mx4V8sow,white,kingside,,False,,58,Irregular Openings
tb3CykS8,white,,,False,,35,Irregular Openings
yklv0qP9,black,,,False,,41,Irregular Openings
d0OP9mHS,black,,,False,,1,Uncommon King Pawn
5KGPobiM,white,,,False,,37,Irregular Openings
9suZFiXR,white,kingside,,False,,83,Irregular Openings
fXlanB1A,black,,kingside,False,,20,Irregular Openings
u8c9bRTK,white,,,False,,13,Irregular Openings
LjD5QxIo,black,,queenside,False,,54,French Defense
TRA64RlO,white,queenside,,False,,96,Irregular Openings
4A6riEkR,black,,,False,,70,Queen's Pawn
i0SpZKQt,black,,,False,,24,French Defense
dwdDiZNH,black,,,False,,18,Irregular Openings
jGmZBplE,white,,,False,,29,Irregular Openings
bCTiqnxl,white,,,False,,125,Irregular Openings
qB6UaSgF,black,,kingside,False,,68,French Defense
JZPaG9Nk,black,,,False,,43,Irregular Openings
1ctUGQ53,black,,kingside,False,,80,French Defense
sqHBBuEr,white,,,False,,31,Irregular Openings
OIjdRrhB,white,kingside,,False,,83,Irregular Openings
xSeYZGk1,black,,,False,,14,French Defense
Pvg6DKZ4,black,,kingside,False,,18,French Defense
gHmFv0ND,white,,,False,,38,Queen's Pawn Game
lhKP1IHN,black,,kingside,False,,30,French Defense
3KnwVX4O,white,,,False,,18,Irregular Openings
iufUiA4L,black,,,False,,95,Irregular Openings
fmuPYOUi,white,kingside,,False,,47,Irregular Openings
Pr8U1JlP,black,,,False,,35,French Defense
L3iIfcxj,black,,,False,,62,French Defense
IIeXDeBc,black,,kingside,False,,117,Irregular Openings
nH7cbizV,black,,,False,,42,Irregular Openings
fuPbohHN,white,,,False,,18,Irregular Openings
rF5rT6qQ,black,,,False,,18,French Defense
R8Znj3Ad,white,kingside,,False,,122,Irregular Openings
p7QjoE5i,white,kingside,,False,,67,Irregular Openings
Zq18cu67,black,,,False,,64,Irregular Openings
AUpdZAPT,white,kingside,,False,,52,Irregular Openings
pExyIea3,white,kingside,,False,,115,Irregular Openings
3iXutkUL,white,kingside,,False,,49,Irregular Openings
xdYUW9QQ,white,,,False,,23,Irregular Openings
QsUc6POc,white,kingside,,False,,47,Irregular Openings
iktS8B40,white,kingside,,False,,94,Irregular Openings
BG26twC6,black,,kingside,False,,68,French Defense
Lm1IK9C6,black,,,False,,31,Irregular Openings
276dNXs8,white,kingside,,False,,111,Irregular Openings
rYj26ztT,black,,,False,,79,Irregular Openings
zvW1vCtz,black,,,False,,48,Irregular Openings
7ct3wNKC,white,kingside,,False,,51,Irregular Openings
O3W21uH1,black,,,False,,40,Irregular Openings
rF41IHY5,white,kingside,,False,,46,Irregular Openings
I9ISxGeC,white,kingside,,False,,52,Irregular Openings
htiCYesd,white,kingside,,False,,61,Irregular Openings
GesBseIF,black,,,False,,32,Irregular Openings
eqmgD9OC,white,kingside,,False,,35,Irregular Openings
aGFveksR,black,,,False,,55,Queen's Pawn
zIGFLNuR,black,,,False,,46,Irregular Openings
f08olJ5h,white,,,False,,10,Irregular Openings
F14oZI73,black,,,False,,41,Irregular Openings
UMbTtzbA,black,,,False,,41,Irregular Openings
nfoysuhk,white,,,False,,30,Irregular Openings
GxJMGDO9,white,kingside,,False,,118,Queen's Pawn
f0GebhhA,black,,,False,,35,French Defense
Ltgv49P8,black,,,False,,96,Queen's Pawn
eqGn4bpR,black,,kingside,False,,68,Irregular Openings
QAyaP3Zv,white,kingside,,False,,35,Irregular Openings
ePzFLzFw,black,,queenside,False,,56,Queen's Pawn
Mf3fKChc,white,kingside,,False,,64,Irregular Openings
LLQHMYJ4,black,,,False,,82,Queen's Pawn
4kJXNyJp,black,,,False,,35,French Defense
J1ljTgK7,black,,kingside,False,,70,French Defense
IZ1iCB1L,black,,,False,,62,Irregular Openings
EN7CfuaP,black,,kingside,False,,78,Uncommon King Pawn
J00iDQnh,white,queenside,,False,,71,Irregular Openings
QZkPsLB7,white,kingside,,False,,35,Reti Opening
gx4T76dP,white,kingside,,False,,133,Reti Opening
cQy8Ji2T,white,,,False,,5,Queen's Pawn Game
mopdhxQI,black,,queenside,False,,63,Queen's Pawn Game
21c8KVWk,black,,kingside,False,,84,Irregular Openings
cKR6XMHy,black,,queenside,False,,76,French Defense
t9stW2hY,white,kingside,,False,,37,Irregular Openings
KLfwBj3b,white,,,False,,45,Irregular Openings
UrbF9ZfW,black,,,False,,54,Reti Opening
qRhbDJde,black,,kingside,False,,48,French Defense
kfoHxSSt,white,kingside,,False,,116,Irregular Openings
ei8Vz9ui,white,,,False,,20,Irregular Openings
oV3SaVey,white,kingside,,False,,79,Irregular Openings
Fmkf4kSE,white,queenside,,False,,42,Irregular Openings
2bZYx8aG,white,kingside,,False,,27,Irregular Openings
OLYaCbRr,white,,,False,,35,Irregular Openings
JUhmWlyw,white,kingside,,False,,27,Irregular Openings
NGPWFbKE,white,kingside,,False,,63,Irregular Openings
cTxwJzRN,black,,,False,,52,Irregular Openings
nkHu72Rd,white,,,False,,45,Irregular Openings
yatrhXg4,black,,,False,,84,French Defense
QKBlZYDH,black,,,False,,30,Irregular Openings
YLxXnuOm,black,,,False,,54,French Defense
fLG4rA4H,black,,,False,,53,Irregular Openings
zkYl6SML,black,,,False,,30,Irregular Openings
vLD7nc54,black,,kingside,False,,60,French Defense
7uyXLRk1,white,kingside,,False,,110,Irregular Openings
OTCjLNYy,white,kingside,,False,,37,Irregular Openings
bweiI2SS,white,,,False,,11,Irregular Openings
RrVdLaD4,white,kingside,,False,,58,Irregular Openings
2V2DD4Ua,black,,kingside,False,,77,Reti Opening
G5jgfRl7,black,,,False,,73,Uncommon King Pawn
ORYWHfl8,black,,kingside,False,,49,Uncommon King Pawn
4G6LpiJc,white,,,False,,65,Irregular Openings
Hy3CurVf,black,,,False,,26,French Defense
kUe62OJo,white,kingside,,False,,146,Irregular Openings
nnCNNbM2,black,,,False,,12,French Defense
oGtfWLI7,white,queenside,,False,,41,Irregular Openings
YxnNE5Fw,white,,,False,,27,Irregular Openings
MzhFAByF,black,,,False,,3,French Defense
1x9eVYuh,black,,kingside,False,,58,Irregular Openings
gSBOWIGS,black,,kingside,False,,64,Irregular Openings
XwBt2k6s,black,,kingside,False,,92,Irregular Openings
vD3qoqMF,black,,,False,,18,French Defense
eTpgSpvr,black,,,False,,31,Irregular Openings
OeTDeADj,black,,,False,,37,Queen's Pawn
kTKwPdw0,black,,kingside,False,,26,French Defense
rNK2T8nh,white,kingside,,False,,123,Irregular Openings
bnLC6cJe,black,,,False,,18,French Defense
yMBK3vCL,black,kingside,kingside,True,11,135,French Defense
45E9Jenx,black,,kingside,False,,49,English Opening
L1GW1XKV,white,,,False,,8,Irregular Openings
i1fNlB6O,black,,kingside,False,,14,French Defense
1EZGMaZt,white,kingside,,False,,40,Queen's Pawn
GGmgKopt,white,kingside,,False,,167,Irregular Openings
KbTF0FTH,white,queenside,,False,,68,Irregular Openings
XjJKUkUl,white,kingside,,False,,109,Irregular Openings
Hl2ftFBl,white,,,False,,57,Irregular Openings
jzB5Fhb9,black,,,False,,46,Irregular Openings
WkBReZXM,black,,,False,,50,Irregular Openings
Krf4WcXG,white,,,False,,39,Irregular Openings
PLPeF6zC,black,,,False,,46,Irregular Openings
imJgynMz,black,,,False,,31,Reti Opening
ENin6Ocw,black,,,False,,37,Irregular Openings
VyuKpigJ,black,,,False,,48,French Defense
enpf7roS,black,,,False,,31,Queen's Pawn Game
zQLmnl9M,black,,,False,,62,French Defense
5fzF8vO0,white,kingside,,False,,45,Irregular Openings
kipp6Z55,white,kingside,,False,,90,Irregular Openings
hiIswcK6,white,kingside,,False,,46,Irregular Openings
RkkrEwJH,black,,,False,,106,Irregular Openings
B8T6ycIa,white,kingside,,False,,72,Irregular Openings
R3p31yEU,white,kingside,,False,,74,Irregular Openings
9ovEIU2z,black,,,False,,86,Queen's Pawn
z45LAHyG,white,queenside,,False,,74,Irregular Openings
x69OMCdu,white,,,False,,59,Irregular Openings
B8Dm6iWq,black,,kingside,False,,40,Queen's Pawn
kMxKpNBI,white,kingside,,False,,45,Irregular Openings
HtauZGAK,white,kingside,,False,,31,Irregular Openings
tlJneCr1,white,,,False,,6,Irregular Openings
941zUIzs,black,,kingside,False,,27,Reti Opening
zZvP35Pm,white,kingside,,False,,91,Irregular Openings
mR0DSRtn,black,,,False,,61,Queen's Pawn
4U55YWkC,white,kingside,,False,,53,Irregular Openings
MP3wDpCZ,white,kingside,,False,,59,Irregular Openings
TPZD054Q,black,,kingside,False,,30,Irregular Openings
4xL7qkBS,white,kingside,,False,,59,Irregular Openings
VxtfpjZF,black,,,False,,60,English Opening
yaDmLXSJ,white,kingside,,False,,21,Irregular Openings
P8Hazu0b,white,,,False,,45,Queen's Pawn
rIbZH2Mk,white,kingside,,False,,60,Irregular Openings
KdyMwaNJ,white,,,False,,29,Queen's Pawn
QilnF63b,black,,,False,,41,Irregular Openings
I8nojjVp,white,,,False,,50,Queen's Pawn Game
uDPXY534,white,,,False,,31,Queen's Pawn Game
bMApumxX,white,kingside,,False,,74,Irregular Openings
InfB9Ie3,white,,,False,,33,Irregular Openings
8RgmQV8I,black,,,False,,67,Irregular Openings
Ow4OCrA7,white,kingside,,False,,25,Irregular Openings
framUSQ6,black,,,False,,96,Irregular Openings
oRXB83QY,black,,,False,,27,Irregular Openings
1HW7ev0U,white,kingside,,False,,26,Irregular Openings
DvfoEMmU,black,,,False,,29,Irregular Openings
oIRbk956,white,kingside,,False,,50,Irregular Openings
IaV7PaXR,white,,,False,,43,Irregular Openings
x2UNaL6H,white,,,False,,41,Irregular Openings
pnksuqFa,black,,,False,,60,Irregular Openings
agTAySgg,white,kingside,,False,,45,Irregular Openings
4M35iwmy,white,kingside,,False,,118,Irregular Openings
26WocN4i,white,kingside,,False,,44,Irregular Openings
oeD7bSmS,white,,,False,,27,Irregular Openings
uG0YVfvw,white,kingside,,False,,33,Irregular Openings
jH2TLghN,black,,,False,,73,Irregular Openings
B82Irfyd,white,kingside,,False,,49,Irregular Openings
z2umAm6N,white,kingside,,False,,96,Irregular Openings
bPVuzHGE,white,kingside,,False,,42,Irregular Openings
h0Nkq3Gx,black,,,False,,34,Irregular Openings
C7l4FxcN,white,kingside,,False,,44,Irregular Openings
GI0cytrS,black,,,False,,106,French Defense
kPC2iml9,white,kingside,,False,,39,Queen's Pawn
RcLMABzk,black,,,False,,56,Irregular Openings
LAqCaZuF,black,,,False,,77,French Defense
GVCOrIQo,white,kingside,,True,7,229,Queen's Pawn
a9xUdHAk,black,,,False,,34,French Defense
ZLPM1Snd,black,,kingside,False,,64,Irregular Openings
633OQTMh,black,,kingside,False,,52,Irregular Openings
zJ66TqXh,white,queenside,,False,,61,Irregular Openings
nthj0Gc3,white,kingside,,False,,75,Irregular Openings
X0GsfKf6,white,kingside,,False,,45,Irregular Openings
B4Rz4IhQ,white,kingside,,False,,102,Irregular Openings
gGmoYiZh,white,kingside,,False,,81,Irregular Openings
3PoC4Ymn,white,,,False,,59,Irregular Openings
QLd7o7sv,black,,kingside,False,,136,Irregular Openings
Sn47u9Ev,black,,kingside,False,,40,Irregular Openings
LwYDVr1w,black,,kingside,False,,73,Irregular Openings
eQv8esdK,white,kingside,,False,,44,Irregular Openings
lDlbkOt4,white,,,False,,83,Irregular Openings
C76nMxn4,black,,,False,,43,French Defense
6TTLUrU0,black,,kingside,False,,99,Irregular Openings
yHmBVVHx,black,,kingside,False,,56,French Defense
61wbwTsM,white,queenside,,False,,43,Irregular Openings
XaeSdPXF,white,kingside,,False,,72,Irregular Openings
REiWEydb,white,kingside,,False,,41,Irregular Openings
M8oNezxe,white,,,False,,45,Irregular Openings
JUV7kFox,black,,kingside,False,,83,Reti Opening
ZDYSbUi9,black,,,False,,31,French Defense
U8koqVZo,black,,,False,,75,Irregular Openings
G3B4bxbZ,black,,,False,,45,Queen's Pawn
YMaCHMQk,black,,queenside,False,,42,Irregular Openings
foOk0zMS,black,,,False,,41,Queen's Pawn Game
lidmw3w5,black,,,False,,18,French Defense
HFpLFntD,white,kingside,,False,,59,Irregular Openings
sTwQ4ncM,white,,,False,,18,Irregular Openings
ftjgl6JS,black,,kingside,False,,38,Irregular Openings
9XIQjtco,white,,,False,,51,Irregular Openings
8KSMgylD,black,,kingside,False,,101,Irregular Openings
hXzwol1z,black,,,False,,54,Irregular Openings
LcStBXCg,white,kingside,,False,,27,Irregular Openings
Ua7f9utm,white,kingside,,False,,66,Irregular Openings
rfFY7Zgp,black,,,False,,1,Queen's Pawn
gkzAKhZu,white,,,False,,23,Irregular Openings
wZs9kCXe,black,,queenside,False,,62,French Defense
iEFxpYpv,black,,,False,,73,Irregular Openings
7SvUSFfz,black,,,False,,69,Irregular Openings
pGDmmGwU,black,,,False,,3,French Defense
Y0VTyvB0,white,,,False,,18,Irregular Openings
2sCjDgR9,white,kingside,,False,,75,Irregular Openings
0VH3Vvhv,white,kingside,,False,,57,Irregular Openings
BSYdfvXd,white,,,False,,45,Irregular Openings
YuUZDI4k,black,,,False,,88,Queen's Pawn
v8dwSXx0,black,,kingside,False,,82,French Defense
SSeaWjh5,black,,,False,,2,French Defense
ilZKvV57,black,,,False,,33,French Defense
VqNkCiTR,white,,,False,,23,Irregular Openings
fwZv16E3,white,kingside,,False,,33,Irregular Openings
VLuef3C2,black,,,False,,18,French Defense
RHuqRQ9V,black,,queenside,False,,56,Irregular Openings
zZPSYadU,black,,kingside,False,,72,French Defense
PlDUNZJH,black,,kingside,False,,51,Queen's Pawn
MCPEhq6x,black,,,False,,71,French Defense
MmiUA0Xc,black,,kingside,False,,28,French Defense
kbeulQNF,black,,,False,,98,Queen's Pawn
ftdtd1ir,black,,kingside,False,,46,French Defense
n2Nhsi4R,white,,,False,,15,Irregular Openings
hBTr73M1,black,,,False,,23,Irregular Openings
oDAvGGPu,black,,,False,,93,Irregular Openings
4DR5yNyT,white,,,False,,43,Irregular Openings
U291Y3XZ,white,,,False,,110,Irregular Openings
JCwd1uHk,black,,kingside,False,,120,Irregular Openings
Kj04iVGq,black,,,False,,51,French Defense
WRoABUum,black,,kingside,False,,63,French Defense
STCBnimt,black,,kingside,False,,125,Irregular Openings
dNEfdlGN,black,,kingside,False,,97,Irregular Openings
YqbyWPcW,white,kingside,,False,,38,Irregular Openings
RfXViCaP,white,,,False,,39,Irregular Openings
JXHJrxnV,black,,,False,,84,French Defense
u2Je7Sps,white,kingside,,False,,47,Irregular Openings
VuedtvSZ,black,,kingside,False,,115,Irregular Openings
BSrwGmWX,black,,kingside,False,,81,English Opening
UkR7XBud,black,,,False,,37,Irregular Openings
Kv7iqxkq,black,,kingside,False,,49,French Defense
BLiRboAI,black,,,False,,37,Irregular Openings
U9u6gCg4,white,,,False,,3,Irregular Openings
nzgCW32S,black,,kingside,False,,51,Queen's Pawn
t51AqkBy,white,,,False,,37,Irregular Openings
j1KchnCD,black,,,False,,35,Irregular Openings
rhsb2IkF,white,,,False,,41,Irregular Openings
JWGLhBNA,white,,,False,,89,Irregular Openings
b2cPhyC4,white,kingside,,False,,72,Irregular Openings
2nxtz0ez,black,,,False,,72,Queen's Pawn
vhh8LpCi,black,,,False,,3,French Defense
imTXgwy4,white,,,False,,48,Irregular Openings
CBTVuySt,black,,,False,,34,Irregular Openings
SRhAoUSK,black,,,False,,55,French Defense
AxMbrx6W,white,,,False,,44,Irregular Openings
cQrC1XIR,white,kingside,,False,,38,Irregular Openings
TmmUr3s2,white,kingside,,False,,45,Irregular Openings
K1RNXJpV,white,kingside,,False,,41,Irregular Openings
982ZsoB1,black,,,False,,58,Irregular Openings
KvagFPjM,white,kingside,,False,,22,Irregular Openings
eWRIU280,black,,,False,,52,Irregular Openings
kqrAJ734,black,,,False,,39,Queen's Pawn
ZLYfgZmw,black,,kingside,False,,133,Reti Opening
9lVyg968,black,,kingside,False,,48,Irregular Openings
mX3xv5Sm,white,,,False,,25,Irregular Openings
vqbmC4tI,black,,,False,,34,French Defense
i2C4U0Vc,black,,,False,,58,Irregular Openings
PdGgS9IA,white,,,False,,59,Irregular Openings
BGFXqdcA,black,,kingside,False,,56,French Defense
V9C1eMAp,white,,,False,,66,Irregular Openings
cIjPLW9h,black,,,False,,38,Irregular Openings
yhPFNqQy,black,,,False,,46,Irregular Openings
8s1f7mjL,white,,,False,,30,Irregular Openings
dxqeH3AA,black,,kingside,False,,28,French Defense
ySaxGgAK,white,,,False,,16,Irregular Openings
jkVdvj0V,white,,,False,,27,Irregular Openings
QQR23f0n,white,,,False,,2,Irregular Openings
xuESH4Wa,black,,kingside,False,,42,French Defense
CmnskIeA,white,queenside,,False,,47,Irregular Openings
hm6Pr8O8,black,,,False,,128,French Defense
xwVG1Yxs,black,,queenside,False,,99,French Defense
bDld6lFr,white,queenside,,False,,53,Irregular Openings
ZpQ1ZF0f,white,,,False,,67,Queen's Pawn
9ZQdp8K7,white,,,False,,49,Queen's Pawn
M1LmjKJ8,white,,,False,,11,Irregular Openings
O7KxLqBJ,black,,kingside,False,,97,Queen's Pawn
loCbPQoc,black,,,False,,54,French Defense
8V4cYgqm,black,,,False,,115,Irregular Openings
cfFCPCz4,white,,,False,,11,Irregular Openings
qDNMAarK,white,kingside,,False,,58,Irregular Openings
PKOn8jbK,black,,,False,,34,Irregular Openings
wL6tCkFF,black,,,False,,22,Queen's Pawn Game
eaqpjjtJ,black,,kingside,False,,49,Reti Opening
HOTjfUJO,black,,queenside,False,,28,French Defense
cOPjyQSB,white,kingside,kingside,True,9,167,Queen's Pawn Game
OdveWPPs,black,,,False,,42,Irregular Openings
LvPqWEOM,white,kingside,,False,,39,Irregular Openings
wc3nUAdp,black,,,False,,48,Irregular Openings
4pMVkJJm,white,,,False,,89,Irregular Openings
eKMC2Ar8,black,,kingside,False,,20,Irregular Openings
iH7PrkBD,black,,kingside,False,,74,Irregular Openings
BTGjsSBJ,white,kingside,,False,,58,Irregular Openings
DafakQjg,black,,,False,,46,Irregular Openings
ASekgctj,black,,,False,,57,Reti Opening
8GkAxb8M,black,,,False,,37,Irregular Openings
xJJ43XYD,black,,kingside,False,,50,English Opening
yDN5kc2d,black,,kingside,False,,42,French Defense
RS7yEOfJ,black,,,False,,15,French Defense
g4Qi74ER,black,,,False,,42,Irregular Openings
bqL7cfGv,black,,kingside,False,,102,Reti Opening
qym3u0HT,white,queenside,,False,,108,Irregular Openings
KjFEmZQI,white,kingside,,False,,116,Irregular Openings
dk4JSNgY,white,kingside,,False,,39,Irregular Openings
qrRb1gZl,black,,,False,,51,Reti Opening
7zrcPEO5,black,,kingside,False,,81,French Defense
NoSziqhM,white,kingside,,False,,73,Irregular Openings
tVnu7nCg,black,,,False,,16,Irregular Openings
ammOGPsR,black,,,False,,42,Irregular Openings
HVGz6mYP,black,,,False,,66,French Defense
bKekVKpg,white,kingside,,False,,35,Irregular Openings
PrOXfYE0,black,,kingside,False,,119,Irregular Openings
qlTZHbYy,white,,,False,,59,Irregular Openings
HwfHLFVG,black,,,False,,40,French Defense
fkG43nTV,white,queenside,,False,,33,Irregular Openings
8KVE78VF,black,,kingside,False,,47,Queen's Pawn
KCoMjIya,white,kingside,,False,,43,Irregular Openings
H7oLJrJJ,black,,queenside,False,,29,Irregular Openings
8xvmnvB7,white,,,False,,18,Irregular Openings
litwaAvp,white,,,False,,16,Irregular Openings
BBh0w0cb,black,,,False,,68,Queen's Pawn
MTsuRSjZ,black,,kingside,False,,80,French Defense
xLw6lXoe,black,,,False,,92,Reti Opening
mMqt33Er,black,,,False,,11,Queen's Pawn
NySmdQXq,white,kingside,kingside,True,3,132,Queen's Pawn
EoJ8I5OY,black,,,False,,32,French Defense
zNGXt1g0,black,,,False,,2,French Defense
zMjUWI69,black,,,False,,22,French Defense
cSsvdVKG,black,,kingside,False,,28,French Defense
7VOl1HGI,black,,,False,,72,Irregular Openings
9LkAO3cV,black,,queenside,False,,72,Irregular Openings
SxgOUtmM,white,,,False,,18,Irregular Openings
TzNsQkKE,white,,,False,,49,Irregular Openings
hRRlr0jE,white,,,False,,18,Irregular Openings
fUvbtDdw,white,,,False,,3,Queen's Pawn
r0XgtubX,black,,,False,,62,Irregular Openings
G2uORpxc,black,,,False,,31,French Defense
zRztFpAy,white,kingside,,False,,25,Irregular Openings
fFfGK3PE,black,,,False,,85,Reti Opening
JoPuhzHg,white,kingside,,False,,26,Irregular Openings
Ms83YSDd,white,kingside,,False,,119,Irregular Openings
D70W4NDh,black,,kingside,False,,51,Queen's Pawn
PIfA0kE6,black,,kingside,False,,30,Irregular Openings
d9rennZz,black,,,False,,18,French Defense
HJfmhOk1,black,,,False,,52,French Defense
aPuQr1gS,white,,,False,,18,Irregular Openings
00ABEoXV,white,,,False,,18,Irregular Openings
GNNES0Al,white,kingside,,False,,47,Irregular Openings
ukBsDmEt,black,,,False,,62,French Defense
rnKpjbEj,black,,,False,,2,French Defense
IGpqzLfs,white,queenside,,False,,34,Irregular Openings
MqXezQFU,black,,,False,,37,French Defense
Mu0w9M0B,black,,,False,,30,French Defense
u8qkHm9l,white,queenside,,False,,32,Irregular Openings
utl1coox,black,,kingside,False,,30,French Defense
itBC18bB,black,,queenside,False,,38,French Defense
EHatH5zJ,white,kingside,,False,,33,Irregular Openings
RmkIdasv,black,,kingside,False,,62,Queen's Pawn
jzcIgvlB,white,queenside,,False,,65,Queen's Pawn Game
h9jKg4sC,white,,,False,,57,Irregular Openings
cxBrokSA,white,,,False,,11,Irregular Openings
vmwlb4b8,white,kingside,,False,,77,Irregular Openings
SyxCKSgb,black,,kingside,False,,18,Irregular Openings
47dfFBQy,black,,,False,,38,Irregular Openings
Oj1r7fyg,black,,kingside,False,,71,Reti Opening
yW3W1Q3h,black,,,False,,66,Queen's Pawn
bwqh1ucy,black,,,False,,33,Irregular Openings
PD42N6r1,white,kingside,,False,,43,Irregular Openings
2FdljQIY,white,,,False,,30,Irregular Openings
hHcySE9r,black,,,False,,38,Irregular Openings
IxmVgBPZ,white,kingside,,False,,33,Irregular Openings
CXAHnBms,white,kingside,,False,,27,Irregular Openings
YhcHq1zS,black,,queenside,False,,38,French Defense
zy3HwqpN,black,,,False,,31,Irregular Openings
IdjInXWL,white,,,False,,30,Irregular Openings
r7nv6G3l,black,,,False,,51,French Defense
odg4gZdN,black,,kingside,False,,60,Irregular Openings
NkWkQnHx,white,kingside,,False,,46,Irregular Openings
RaoGr6xo,white,,,False,,18,Irregular Openings
Cn7UNGGI,white,kingside,,False,,45,Irregular Openings
tgeKR6z7,white,queenside,,False,,58,Irregular Openings
cVvoOK2r,black,,,False,,88,French Defense
WKAFfRBS,white,,,False,,31,Irregular Openings
fg1NVUM8,black,,kingside,False,,118,Reti Opening
SPVM7uJk,white,,,False,,16,Irregular Openings
Wr2StiWr,white,queenside,,False,,44,Irregular Openings
aWUhypS2,black,,,False,,24,Irregular Openings
DLMxwMJv,white,kingside,,False,,88,Irregular Openings
n70d56cX,white,,,False,,28,Irregular Openings
QffLpLQU,black,,kingside,False,,37,Queen's Pawn
3tXMzwlK,black,,,False,,21,Reti Opening
sIdq08nA,black,,,False,,63,Queen's Pawn
1TQZJcwD,white,,,False,,58,Irregular Openings
Cc9nOtzO,black,,kingside,False,,55,English Opening
Pj4kYeLK,black,,kingside,False,,94,Reti Opening
RVB7akzl,black,,,False,,21,French Defense
k9kbNnyo,white,kingside,,False,,83,Irregular Openings
hKHcEwMO,white,kingside,,False,,199,Irregular Openings
VOkhcv9W,black,,,False,,86,Irregular Openings
X6h8ii0z,black,,,False,,32,Irregular Openings
JxBuViG6,black,,,False,,42,Irregular Openings
k1yg9sub,white,kingside,,False,,39,Irregular Openings
mtQBVBNp,white,kingside,,False,,69,Irregular Openings
LL8rtXFM,black,,,False,,20,Irregular Openings
2hIJQT4L,black,,,False,,82,French Defense
YArhV4Mz,black,,,False,,26,Irregular Openings
xIT2x9CY,white,kingside,,False,,71,Irregular Openings
hpcJeFLp,white,kingside,,False,,71,Queen's Pawn Game
PZEJL76T,black,,,False,,66,French Defense
0a7Y0ykk,white,,,False,,10,Irregular Openings
YHuHEkBg,white,kingside,,False,,87,Queen's Pawn Game
91eVGMjI,white,,,False,,3,Irregular Openings
R2d2qaAQ,black,,,False,,1,Queen's Pawn
xLP0c5jY,white,kingside,,False,,52,Queen's Pawn Game
KPmsVi9I,black,,,False,,44,French Defense
ZbaiRoik,black,,queenside,False,,89,Irregular Openings
AQpShL6W,white,,,False,,25,Irregular Openings
rz12E4xV,white,kingside,,False,,118,Irregular Openings
AYkY7R1T,black,,,False,,31,Irregular Openings
yibOqBlD,black,,,False,,95,French Defense
690oL0kc,white,kingside,,False,,43,Irregular Openings
DMAjpPix,black,,,False,,37,Reti Opening
rmdQ8Crr,white,kingside,,False,,100,Irregular Openings
FDHMT2qG,white,,,False,,35,Irregular Openings
TIPbpVpJ,white,queenside,,False,,54,Irregular Openings
bXDYQ9i4,black,,kingside,False,,39,Uncommon King Pawn
BBsgSkcp,white,kingside,,False,,71,Irregular Openings
QLxdaHwT,white,kingside,,False,,83,Irregular Openings
QGRChz2y,white,kingside,,False,,37,Irregular Openings
ZYObKb1r,black,,queenside,False,,90,French Defense
3mGsKvrc,black,,queenside,False,,18,French Defense
WKK1qs1q,white,kingside,,False,,25,Irregular Openings
lff7Bg9r,black,,,False,,40,Irregular Openings
QnqAt4Cx,white,kingside,,False,,82,Irregular Openings
IjL58jqv,black,,kingside,False,,37,Queen's Pawn
N4gm3YqG,white,kingside,,False,,111,Irregular Openings
rMGFGkPU,black,,,False,,99,Irregular Openings
13Ff36yq,black,,,False,,16,Irregular Openings
z7GX6Mi1,black,,,False,,17,Irregular Openings
6FmsygkF,white,,,False,,55,Irregular Openings
G9WxoqcS,black,,kingside,False,,138,Irregular Openings
ro6igEjN,black,,,False,,88,French Defense
u5XWD3BM,white,kingside,,False,,98,Irregular Openings
nosWc3ub,white,kingside,,False,,35,Irregular Openings
1v2LVVmt,white,kingside,,False,,67,Irregular Openings
ol5b3YmH,white,kingside,,False,,123,Irregular Openings
Bv2MEWEx,white,,,False,,41,Irregular Openings
NnoVqAvg,black,,kingside,False,,156,Irregular Openings
UstEyqYm,black,,,False,,48,French Defense
DBpZug01,white,kingside,,False,,45,Irregular Openings
5m6g28Dl,black,,,False,,20,French Defense
x3nenF2q,black,,kingside,False,,40,English Opening
JoyvHife,white,kingside,,False,,99,Irregular Openings
FisHJOeS,white,kingside,,False,,96,Irregular Openings
mwljwGdc,black,,,False,,117,Irregular Openings
cpip3b4o,black,,,False,,49,Queen's Pawn
uvbr89lG,white,,,False,,77,Irregular Openings
ZeQhmwMw,black,,,False,,76,Irregular Openings
B3WLLTAs,white,kingside,,False,,37,Irregular Openings
elWoCizw,white,kingside,,False,,87,Irregular Openings
zAfZf2l4,black,,kingside,False,,42,Irregular Openings
njwS8hSL,black,,queenside,False,,67,Irregular Openings
sc0S4xia,white,,,False,,90,Irregular Openings
XtAeasoV,white,kingside,,False,,80,Irregular Openings
ijlq8UFb,black,,,False,,54,Irregular Openings
8dwZfam4,black,,,False,,42,Irregular Openings
ZE2zbGnM,white,,,False,,33,Irregular Openings
ZkmZRtdG,white,kingside,,False,,29,Irregular Openings
aJaJLwsT,white,,,False,,25,Irregular Openings
vAsG5S4R,white,,,False,,39,Irregular Openings
sYnCbSju,white,kingside,,False,,56,Irregular Openings
kLiJl9qx,white,kingside,,False,,138,Irregular Openings
yFFw2Zzo,black,,queenside,False,,65,Queen's Pawn
ZJaYWcQd,black,,kingside,False,,67,English Opening
Ww9k9fjJ,white,,,False,,56,Irregular Openings
SewPy4eI,white,kingside,,False,,51,Irregular Openings
ExCIsY0f,white,,,False,,31,Irregular Openings
l2cCTJhq,white,kingside,,False,,64,Irregular Openings
3Vufz1ey,white,kingside,,False,,73,Irregular Openings
g7Ke5uv6,white,,,False,,15,Irregular Openings
FcrDyCNd,white,kingside,,False,,33,Irregular Openings
WtZrBEhy,black,,,False,,31,Irregular Openings
CSunt2Hw,black,,,False,,18,French Defense
SxWtT9mv,white,kingside,,False,,59,Irregular Openings
d2hJdpeL,black,,queenside,False,,58,French Defense
EWkk41Dj,white,,,False,,61,Irregular Openings
MxtZDh1o,white,,,False,,67,Irregular Openings
cQDyWIwk,white,kingside,,False,,27,Irregular Openings
i707AUKG,black,,kingside,False,,55,English Opening
8aHnJqZL,black,,,False,,68,Queen's Pawn
iMPPgu9q,white,kingside,,False,,70,Irregular Openings
mV5H34hG,black,,kingside,False,,93,English Opening
CdijIusT,white,kingside,,False,,53,Irregular Openings
lYgS7qb5,white,queenside,,False,,41,Queen's Pawn
DAkSmEzo,black,,,False,,22,French Defense
OCacAUaz,white,,,False,,89,Irregular Openings
toFqEC3c,black,,kingside,False,,101,Queen's Pawn
FFVxwGiW,black,,,False,,37,Irregular Openings
oN6RYxaP,white,kingside,,False,,115,Irregular Openings
kHsyD3jS,white,kingside,,False,,37,Irregular Openings
6CAudYp5,black,,,False,,11,Irregular Openings
4hkpRo5x,white,kingside,,False,,103,Irregular Openings
FdMujaf3,white,kingside,,False,,44,Irregular Openings
mnId5i1a,white,kingside,,False,,117,Irregular Openings
SViR7G3k,white,,,False,,25,Irregular Openings
NHLARzvi,black,,,False,,42,French Defense
Zah3DLwc,white,,,False,,16,Irregular Openings
4vp6F5cn,white,,,False,,18,Irregular Openings
EzDL1J7g,black,,queenside,False,,70,French Defense
vgVftuLO,black,,,False,,50,Irregular Openings
kaxCd1Cp,black,,,False,,38,Irregular Openings
rU8BceSF,black,,,False,,35,Irregular Openings
YzxCj8i6,white,kingside,,False,,51,Irregular Openings
RHmV6xpN,black,,,False,,64,French Defense
HXOk0e6H,white,kingside,,False,,79,Irregular Openings
we5EG4OK,white,kingside,,False,,38,Irregular Openings
MhqGpwDL,black,,,False,,18,French Defense
5WX3V5zc,black,,kingside,False,,54,French Defense
yqlIAXy6,white,queenside,,False,,69,Irregular Openings
CS0z5NV7,black,,,False,,50,French Defense
JqaB8fpe,black,,,False,,54,Irregular Openings
scCVCOEk,white,kingside,,False,,73,Irregular Openings
pq4FYi1f,black,,,False,,69,Queen's Pawn
6PAs54EM,black,,kingside,False,,48,Reti Opening
1WeCrWSE,white,kingside,,False,,47,Irregular Openings
FUEFut1R,black,,kingside,False,,77,Irregular Openings
jTqWHQ6X,black,,,False,,26,Irregular Openings
NFy2lK2S,black,,kingside,False,,110,French Defense
GZLoVS1l,black,,queenside,False,,61,Queen's Pawn
0hSsBIQu,black,,,False,,91,Uncommon King Pawn
ahG2EgS5,white,,,False,,55,Irregular Openings
uNah4gVm,white,,,False,,45,Irregular Openings
AFq33m0G,black,,,False,,35,Reti Opening
dgmTzvOU,white,kingside,,False,,71,Irregular Openings
EgHddQJ4,black,,kingside,False,,44,French Defense
Pg5pUS1R,white,,,False,,45,Irregular Openings
RzYjuCpb,black,,,False,,46,Irregular Openings
sbrxZHNi,black,,,False,,62,Irregular Openings
7vkTm3Fl,white,,,True,17,135,Trompowsky Attack
vnXkx1TX,white,kingside,,False,,71,Queen's Pawn
Q2KAuBVi,white,,,False,,51,Irregular Openings
6NRgaVaO,black,,,False,,43,Irregular Openings
gW8eWkgN,black,,kingside,False,,42,French Defense
BxfUYOxW,white,kingside,,False,,106,Irregular Openings
VuWGF898,white,kingside,,False,,77,Irregular Openings
UNLgDeDX,black,,,False,,21,Irregular Openings
bEikqpHm,black,,,False,,54,French Defense
FTDWrCY1,black,,kingside,False,,28,French Defense
DxFG5ZiT,white,kingside,,False,,37,Irregular Openings
4652Htx0,black,,kingside,False,,30,Irregular Openings
sqNU7wC3,white,,,False,,41,Irregular Openings
Q9ZBEChN,white,kingside,,False,,31,Irregular Openings
xbz44l3C,white,kingside,,False,,61,Irregular Openings
erOOzgAj,black,,kingside,False,,37,English Opening
p5PNIjwp,white,kingside,,False,,50,Queen's Pawn Game
Nlgf3TTE,black,,queenside,False,,50,Irregular Openings
PFnWfvgB,black,,,False,,72,Irregular Openings
mLuUU2GV,white,kingside,,False,,69,Irregular Openings
s0dPL1s2,black,,queenside,False,,40,Irregular Openings
op14p0LN,black,,,False,,24,Irregular Openings
TA3sFmDA,white,kingside,,False,,69,Irregular Openings
f8r0iuJZ,white,kingside,,False,,102,Irregular Openings
bm8PdJcQ,black,,,False,,35,English Opening
aZt56R9P,white,queenside,,False,,47,Irregular Openings
HWQbshst,white,kingside,,False,,41,Irregular Openings
58FCR1mc,black,,queenside,False,,84,Irregular Openings
PQBzgWxF,white,,,False,,25,Irregular Openings
f68Cq53Z,black,,kingside,False,,42,French Defense
oI7XgtKC,white,kingside,,False,,55,Irregular Openings
5cELxThi,black,,,False,,136,Irregular Openings
mjUuygMl,black,,kingside,False,,78,French Defense
4sJIoPZg,white,kingside,,False,,53,Irregular Openings
PgtfwpSs,black,,,False,,54,Irregular Openings
WeNgbTaG,white,kingside,,False,,55,Irregular Openings
YpeLrsNS,white,kingside,,False,,57,Irregular Openings
vhpdi4uv,black,,kingside,False,,28,French Defense
7UwfYedr,white,,,False,,37,Irregular Openings
t9OpEOK2,white,kingside,,False,,78,Queen's Pawn Game
6PXNFeCZ,black,,kingside,False,,52,Irregular Openings
Q61iqy5P,black,,kingside,False,,68,Uncommon King Pawn
urri8Aal,black,,kingside,False,,40,Uncommon King Pawn
p2IrUd3y,black,,,False,,35,Uncommon King Pawn
qxKIXd4l,black,,kingside,False,,87,French Defense
e2ugAX5m,black,,kingside,False,,66,French Defense
JhrLqkpg,black,,kingside,False,,93,Reti Opening
XtK6qOHF,black,,kingside,False,,147,Queen's Pawn
0AeNdVJS,white,kingside,,False,,107,Irregular Openings
4EIvgxCA,white,kingside,,False,,47,Irregular Openings
7OvcpEUs,white,kingside,,False,,48,Irregular Openings
fKuQibru,white,queenside,,False,,95,Queen's Pawn Game
N7xfXGg2,black,,kingside,False,,78,Irregular Openings
ykiwg7xJ,black,,kingside,False,,42,Irregular Openings
KLNhx7Vf,white,kingside,,False,,57,Irregular Openings
gUxrVGZl,black,,kingside,False,,37,Queen's Pawn
ojfskOhy,black,,kingside,False,,59,Irregular Openings
pftMraUu,black,,kingside,False,,58,Irregular Openings
tA5TWpwt,white,kingside,,False,,80,Irregular Openings
5ZaTgo1K,white,kingside,,False,,114,Irregular Openings
hknbVzFi,white,kingside,,False,,94,Irregular Openings
el1wt9JP,black,,,False,,86,Irregular Openings
doQPLcCP,black,,,False,,75,French Defense
wrG8epGH,black,,,False,,107,English Opening
RN3O2cE1,black,,,False,,85,Irregular Openings
WLaVoWCL,black,,,False,,140,Irregular Openings
qAA5maGl,white,,,False,,51,Queen's Pawn Game
gMovmVK7,white,kingside,,False,,47,Queen's Pawn
BVby0J8H,black,,,False,,67,Irregular Openings
GwnD2ZXD,white,kingside,,False,,130,Queen's Pawn Game
vlHCb96Y,black,,kingside,False,,61,French Defense
4iUKEUDW,white,kingside,,False,,54,Queen's Pawn
ye1ugNGk,black,,kingside,False,,45,Reti Opening
IEo0HxUR,black,,kingside,False,,44,French Defense
8bW1QfVi,black,,kingside,False,,78,Irregular Openings
d6IUjOOJ,white,kingside,,False,,136,Irregular Openings
f6lDFEkx,white,,,False,,60,Queen's Pawn
xldeBbvs,white,,,False,,46,Queen's Pawn Game
bu4aEL1u,white,kingside,,False,,141,Irregular Openings
KF1m6uek,white,kingside,,False,,92,Queen's Pawn Game
cTjd4mU4,white,kingside,,False,,96,Irregular Openings
59EIqc2f,black,,,False,,210,Irregular Openings
IqCWkyiP,black,,,False,,94,Irregular Openings
rINliEY9,white,,,False,,80,Queen's Pawn
YUFRNFs1,black,,,False,,152,French Defense
KMNDJVY1,black,,,False,,96,Irregular Openings
vA7xnydR,white,kingside,,False,,169,Trompowsky Attack
IuyWTNA9,black,,kingside,False,,41,Reti Opening
zKNhJv9k,black,,kingside,False,,94,English Opening
ihRyJbZg,white,kingside,,False,,58,Queen's Pawn
OsYNhUaQ,white,kingside,,False,,113,Queen's Pawn
ObBKZ48V,white,kingside,,False,,127,Irregular Openings
1fhMZJDd,black,,kingside,False,,153,French Defense
tFU4n9hS,black,,,False,,94,French Defense
3N48EtKS,black,,kingside,False,,102,Irregular Openings
xi8qZpkd,black,,kingside,False,,70,Irregular Openings
eTCSizBr,white,kingside,,False,,114,Irregular Openings
HLkAoWbO,white,,,False,,21,Irregular Openings
AOUus6X5,black,,kingside,False,,91,French Defense
JSGM6lZL,white,kingside,,False,,64,Queen's Pawn
Jk0mxQc4,white,kingside,,False,,59,Trompowsky Attack
v4saQugJ,white,,,False,,69,Irregular Openings
kE4ZMKnq,white,,,False,,44,Queen's Pawn
zI0WowMW,black,,kingside,False,,44,French Defense
MhlZAocg,black,,kingside,False,,56,Uncommon King Pawn
klI65dUy,black,,kingside,False,,69,French Defense
UQgKwMvo,white,kingside,,False,,97,Queen's Pawn
DOCdW2tn,black,,kingside,False,,161,French Defense
zK1SLD5q,black,,kingside,False,,122,English Opening
qijO9hS2,black,,kingside,False,,142,Irregular Openings
T23qK6yl,white,kingside,,False,,98,Irregular Openings
S4TGMgR6,black,,kingside,False,,105,French Defense
7HXtxVdF,white,,,False,,53,Queen's Pawn
UJdBhanm,white,kingside,,False,,90,Irregular Openings
ipZvXkZj,black,,kingside,False,,143,Irregular Openings
Snn5Mo4P,white,kingside,,False,,319,Irregular Openings
58VoAm1R,black,,,False,,47,Queen's Pawn
imCSuIoG,white,kingside,,False,,67,Irregular Openings
xRqGYnXS,black,,,False,,36,French Defense
uX6K4ZLb,white,,,False,,25,Queen's Pawn
DppD4ZDT,white,,,False,,62,Queen's Pawn Game
0iODt1al,black,,,False,,126,Queen's Pawn
iZRuI20Z,white,kingside,,False,,62,Queen's Pawn Game
p1fM47KE,black,,kingside,False,,119,Irregular Openings
SWGLhx2O,white,kingside,,False,,51,Irregular Openings
CqIJIwQY,black,,,False,,43,Irregular Openings
elBwxdSi,black,,kingside,False,,60,Irregular Openings
GMNoSMfy,black,,,False,,60,French Defense
3kFVdaA2,black,,,False,,8,Irregular Openings
mCEWwRL6,white,kingside,,False,,75,Queen's Pawn
sbXhgbng,white,kingside,,False,,137,Irregular Openings
lDptI5RB,black,,,False,,34,French Defense
sr0NgHLW,black,,queenside,False,,115,French Defense
Jqa9t8t0,black,,,False,,36,French Defense
1K068sYA,white,kingside,,False,,107,Irregular Openings
xeXnezHi,white,queenside,,False,,58,Queen's Pawn
sr2EOPYW,white,kingside,,False,,144,Queen's Pawn Game
nHVGqWzR,black,,,False,,78,French Defense
geDTeEMq,black,,kingside,False,,28,French Defense
VL5zVy9z,black,,,False,,40,Reti Opening
qQI9ry1Q,white,kingside,,False,,45,Irregular Openings
RyonaIO1,white,,,False,,52,Irregular Openings
bI4WL2VB,black,,kingside,False,,35,English Opening
HSlGNbA3,white,kingside,,False,,103,Queen's Pawn Game
V3Dq6Df1,black,,kingside,False,,107,Queen's Pawn
BwYy4RuU,white,kingside,,False,,81,Irregular Openings
TRIQQwBd,black,,kingside,True,5,140,French Defense
wxjrL0d9,black,,,False,,156,French Defense
nQ3qUIE1,black,,kingside,False,,25,French Defense
10J9ey5m,black,,,False,,73,Irregular Openings
gVuV7cEj,white,queenside,,False,,50,Queen's Pawn Game
SMu1TceC,white,,,False,,43,Irregular Openings
A1EEfBiu,white,kingside,,False,,36,Queen's Pawn Game
Eb7aSQpp,black,,,False,,53,Irregular Openings
bVVsI6II,white,kingside,,False,,46,Irregular Openings
BUR6DRLq,white,,,False,,43,Queen's Pawn Game
mdbgEBQi,black,,,False,,78,French Defense
a0fi4mll,white,kingside,,False,,103,Irregular Openings
rvQIOmD9,white,,,False,,43,Irregular Openings
MhOr6ZN1,white,kingside,,False,,117,Irregular Openings
p8MVGEkP,black,,,False,,109,Irregular Openings
dnMbEVfT,black,,kingside,False,,80,Irregular Openings
WI9ftZ4v,black,,,False,,80,French Defense
mvhCAkiC,black,,,False,,36,French Defense
5csBRFHZ,black,,,False,,145,Irregular Openings
USyh78V8,white,kingside,,False,,66,Queen's Pawn Game
jUHuTPbY,black,,,False,,34,Irregular Openings
u6JzL4Hf,white,kingside,,False,,88,Irregular Openings
XFKHy7wZ,black,,,False,,34,French Defense
6hanOvq1,black,,,False,,80,French Defense
7eLtQm8G,black,,,False,,2,Queen's Pawn
H0wb6tQz,white,,,False,,52,Queen's Pawn
RQzcvdZs,white,kingside,,False,,55,Queen's Pawn Game
Q3P9dbYr,black,,,False,,53,Irregular Openings
3iKXV9mj,black,,kingside,False,,76,Queen's Pawn
GAL6s2Xo,black,,,False,,70,English Opening
3Unq5JgL,white,kingside,,False,,80,Queen's Pawn
uTaXwvMT,white,kingside,,False,,65,Irregular Openings
VjHZdxPC,black,,queenside,False,,37,Queen's Pawn
K9041ZJA,black,,,False,,77,Irregular Openings
5ixTZOjC,white,,,False,,20,Queen's Pawn Game
yrRA1psv,white,,,False,,48,Queen's Pawn
KQp71nQe,black,,kingside,True,6,55,French Defense
kErtPHIY,black,,,False,,11,French Defense
pzOOy8Qg,white,kingside,,False,,127,Irregular Openings
yGmoIuYP,black,,kingside,False,,55,Slav Defense
X9v5Igqz,black,,kingside,False,,67,Slav Defense
fl7Pjk7E,black,,kingside,False,,55,Slav Defense
2BOKUXD5,black,,kingside,False,,93,Slav Defense
seIRQXSy,white,kingside,,False,,137,Irregular Openings
1THI5A4v,white,kingside,,False,,63,Irregular Openings
ltuQZ231,black,,,False,,56,French Defense
K01ZFfiU,black,,kingside,False,,124,English Opening
trsuXut8,black,,kingside,False,,71,Slav Defense
azfLCNZg,white,kingside,,False,,143,Irregular Openings
IQwdV7HC,white,kingside,,False,,84,Queen's Pawn Game
FzsaEGvY,black,,kingside,False,,86,English Opening
hWNYb8ek,black,,kingside,False,,95,Slav Defense
q4AClc4D,black,,kingside,False,,118,Slav Defense
3gWqlLCo,white,kingside,,False,,137,Irregular Openings
k7qxpOq2,white,kingside,,False,,65,Irregular Openings
QXUuWTiE,black,,kingside,False,,65,Uncommon King Pawn
kUl7jDEE,black,,kingside,False,,67,Slav Defense
7zUGGdsz,black,,kingside,False,,67,Slav Defense
5pHfCw0C,white,kingside,,False,,131,Irregular Openings
4CSNyFlB,black,,kingside,False,,110,Irregular Openings
FGHTl3pv,white,kingside,,False,,131,Irregular Openings
uM128zsR,white,kingside,,False,,131,Irregular Openings
0OLlvTyt,white,kingside,,False,,143,Irregular Openings
xOTefV5I,black,,,False,,101,French Defense
GtB8zUnS,black,,kingside,False,,84,Slav Defense
NRySnG2u,black,,,False,,50,French Defense
9fuP3ZAn,white,,,False,,133,Queen's Pawn Game
z1gwachj,white,kingside,,False,,65,Irregular Openings
tNQaP894,white,kingside,,False,,156,Irregular Openings
SbpEOv3i,black,,,False,,139,Irregular Openings
yJwxG3UM,black,,kingside,False,,52,Irregular Openings
Cqi9DFW0,black,,kingside,False,,108,English Opening
LMGC57HV,white,,,False,,118,Irregular Openings
R6TZUr6D,white,kingside,,False,,87,Irregular Openings
92lKVmFr,white,queenside,,False,,66,Irregular Openings
XMziZu95,white,kingside,,False,,63,Irregular Openings
g91mIxcJ,white,queenside,,False,,86,Irregular Openings
1NN20sCz,black,,,False,,79,Irregular Openings
X6PsHHBD,white,kingside,,False,,63,Irregular Openings
yWsKs2Cp,white,kingside,,False,,75,Irregular Openings
xiBCZBan,white,kingside,,False,,53,Irregular Openings
oC3L3Y8e,black,,,False,,36,French Defense
uQBuMCjc,white,kingside,,False,,152,Irregular Openings
z2qnpMsy,white,kingside,,False,,132,Irregular Openings
bnN1osoF,white,kingside,,False,,137,Irregular Openings
2yrZaMFQ,black,,,False,,87,Irregular Openings
YGBmXl3A,black,,,False,,99,Irregular Openings
QzccU5xk,black,,,False,,41,Irregular Openings
8IX4CMqg,white,,,False,,31,Queen's Pawn
afWiugKr,black,,,False,,149,Irregular Openings
HTmYoqPa,white,kingside,,False,,131,Irregular Openings
cnDoMzmB,white,kingside,,False,,56,Irregular Openings
QA6WyaSO,black,,,False,,95,Irregular Openings
v1D1VMC4,black,,kingside,False,,59,Slav Defense
Kf1HkzDo,black,,,False,,40,Irregular Openings
g0dBl9C3,white,kingside,,False,,143,Irregular Openings
0iOORwMW,white,kingside,,False,,70,Irregular Openings
OBfANifu,white,kingside,,False,,98,Irregular Openings
ADXLjpha,white,kingside,,False,,137,Irregular Openings
JdufhfFJ,black,,,False,,103,Irregular Openings
sJUqfgJO,white,kingside,,False,,127,Irregular Openings
KzHjUjSW,black,,,False,,100,Irregular Openings
0M3LIDdQ,black,,kingside,False,,66,English Opening
Oe6D5x3a,white,kingside,,False,,146,Irregular Openings
wHKXKb06,white,,,False,,2,Irregular Openings
0lFdav9S,black,,,False,,9,French Defense
mXL65hkq,black,,,False,,42,Irregular Openings
3NEQYq3j,white,kingside,,False,,86,Irregular Openings
zoaGJMWi,black,,,False,,86,Irregular Openings
eConIEmR,white,queenside,,False,,108,Irregular Openings
v11yp2pn,black,,kingside,False,,63,English Opening
0pQ5fetd,black,,kingside,False,,90,English Opening
9Pd7WB9A,black,,,False,,157,Irregular Openings
7Sv0rs9p,white,kingside,,False,,136,Irregular Openings
VmS9mEvg,black,,kingside,False,,111,English Opening
pxLjcIeP,white,queenside,,False,,102,Irregular Openings
V8nXx2G7,black,,kingside,False,,90,English Opening
T2DMrHcn,white,kingside,,False,,53,Irregular Openings
0qba0e0F,black,,,False,,66,Irregular Openings
pXoaIh3f,black,,kingside,False,,48,Irregular Openings
Ck78eKZc,white,,,False,,35,Irregular Openings
Y0b6QUwi,white,kingside,,False,,69,Irregular Openings
c4bG8pbU,black,,kingside,False,,89,French Defense
tT2XAQPb,white,kingside,,False,,180,Irregular Openings
Ash47woU,black,,kingside,False,,82,Slav Defense
n6g0BdcR,black,,kingside,False,,76,Irregular Openings
aOto6FIf,white,kingside,,False,,63,Irregular Openings
c3eN668E,white,kingside,,False,,82,Irregular Openings
2Ku9AEVZ,white,kingside,,False,,142,Irregular Openings
xM9iMHFn,black,,kingside,False,,138,Irregular Openings
4zb0gzDu,white,kingside,,False,,104,Irregular Openings
Atp1Z32c,black,,kingside,False,,54,French Defense
13nMUFO2,white,kingside,,False,,63,Irregular Openings
a5HwJ9ds,white,,,False,,6,Queen's Pawn Game
VQYr8chE,black,,,False,,26,Reti Opening
np9fJpIN,black,,,False,,43,Irregular Openings
cnkrzdpx,white,kingside,,False,,48,Irregular Openings
aJ4ILEvW,black,,,False,,21,Irregular Openings
WJ8fPciw,white,kingside,,False,,66,Irregular Openings
7KLCgCSA,white,kingside,,False,,95,Irregular Openings
baByBPCo,white,kingside,,False,,89,Irregular Openings
bQdybgB6,black,,,False,,72,Irregular Openings
KAMirJhF,white,kingside,,False,,143,Irregular Openings
ZHjUjjyG,black,,queenside,False,,65,French Defense
leyt9AOb,black,,,False,,75,Irregular Openings
KfW8kdaB,black,,queenside,False,,92,French Defense
msokHRRz,black,,,False,,63,Irregular Openings
A7meUDWa,white,kingside,,False,,60,Irregular Openings
h7FeJHNm,black,,kingside,False,,82,French Defense
FR9MXHOd,black,,,False,,56,French Defense
TWTwXeG4,white,kingside,,False,,53,Irregular Openings
hfu0xadm,white,kingside,,False,,93,Queen's Pawn Game
Rqw1IbIf,black,,,False,,42,French Defense
zop43K0x,black,,queenside,False,,121,English Opening
hJJjlfIa,black,,,False,,77,Irregular Openings
rrsodFmF,black,,,False,,59,French Defense
SyfeXPFX,white,kingside,,False,,113,Irregular Openings
4tdst7im,white,kingside,,False,,61,Irregular Openings
ZLb7ac3N,white,kingside,,False,,107,Irregular Openings
PgmThBVl,white,kingside,,False,,54,Queen's Pawn Game
Rlmq7Fs8,white,kingside,,False,,67,Irregular Openings
g1Svv55O,white,kingside,,False,,95,Irregular Openings
gNOCLav1,white,,,False,,63,Queen's Pawn Game
F4nTT1iK,white,,,False,,37,Irregular Openings
d7JLWkuQ,white,kingside,,False,,114,Irregular Openings
WwxCF9zy,white,kingside,,False,,114,Queen's Pawn
tnPxJxe3,black,,kingside,False,,110,French Defense
ogEJEuW5,black,,,False,,60,Irregular Openings
MHfBiUQq,white,queenside,,False,,90,Irregular Openings
J1z85Vuj,white,kingside,,False,,127,Irregular Openings
8pucBAC2,white,queenside,,False,,99,Irregular Openings
rP1NxNWu,white,queenside,,False,,85,Queen's Pawn Game
1EcN4Nsf,black,,,False,,75,Irregular Openings
JAYj7ZAP,white,kingside,,False,,76,Irregular Openings
TynPzm2J,black,,,False,,183,Irregular Openings
dUrb0U8x,white,queenside,,False,,85,Irregular Openings
O2neS1Ct,white,,,False,,94,Irregular Openings
OyNwtS2A,black,,,False,,129,Irregular Openings
4icJYRlj,black,,,False,,204,Irregular Openings
FTQNtM91,black,,kingside,True,8,208,French Defense
YC2W9MBT,black,,,False,,86,Irregular Openings
uQj6g8oJ,black,,,False,,26,Irregular Openings
jEYR9TJD,white,queenside,,False,,121,Irregular Openings
Okk5o5v8,white,,,False,,49,Queen's Pawn Game
qQTW98yM,white,queenside,,False,,185,Irregular Openings
4uIMcuxS,black,,,False,,66,Irregular Openings
7p06fVT9,white,queenside,,False,,76,Irregular Openings
ci0MZABW,black,,kingside,False,,111,Irregular Openings
uCAHdRp5,black,,,False,,136,Irregular Openings
w4b5ca0t,white,kingside,,False,,69,French Defense
xNIRLMIV,white,queenside,,False,,79,Trompowsky Attack
HciYPcZl,black,,,False,,36,Irregular Openings
S5lHSUAK,white,kingside,,False,,131,Irregular Openings
UttqxbR1,black,,,False,,5,French Defense
tWxE1bVZ,black,,,False,,30,Irregular Openings
fSLnP1xb,black,,,False,,90,French Defense
MBeXEC9I,black,,,False,,145,Irregular Openings
Bfj1SjCa,black,,,False,,211,Irregular Openings
EJRGVfy6,black,,kingside,True,12,124,French Defense
WgHkFrz3,black,,,False,,19,French Defense
eVyQq5VN,white,queenside,,False,,89,Queen's Pawn Game
OynzpsXL,black,,,False,,159,Irregular Openings
mORLjBTr,black,,,False,,249,Irregular Openings
n9Kv68yX,black,,,False,,177,Irregular Openings
0UnOmPEL,black,,,False,,92,Irregular Openings
KbsfauK0,white,kingside,,False,,115,Irregular Openings
iZd44dzo,white,queenside,,False,,49,Queen's Pawn Game
3ug0oSKD,black,,,False,,152,Irregular Openings
9cdbzXKm,white,queenside,,False,,173,Irregular Openings
hQkq9tIE,black,,kingside,True,15,260,French Defense
oLkI48FQ,white,,,False,,39,Queen's Pawn Game
ZRMGM4nv,black,,,False,,28,Irregular Openings
j2QxeOZb,black,,kingside,False,,45,Ruy Lopez
DH7iQ6JG,black,,,False,,166,Irregular Openings
nhD9kyS7,black,,kingside,False,,60,Uncommon King Pawn
Nwhed8aT,black,,,False,,92,Irregular Openings
6La7hyK6,black,kingside,kingside,True,23,177,Uncommon King Pawn
zdWJ8w9I,black,,,False,,112,Irregular Openings
wvILrPWp,black,,kingside,False,,31,King's Pawn Game
nKfrjCbI,white,,,False,,155,Irregular Openings
MuXCCpV5,black,kingside,kingside,True,12,246,French Defense
aQZLjeNW,black,,queenside,False,,48,Uncommon King Pawn
1hl0Hqa5,black,,kingside,False,,49,Indian Defenses
oTSVEYJH,black,,,False,,131,Irregular Openings
hX3mVIRb,white,,,False,,117,Reti Opening
aFTNSRhB,white,,,False,,123,Reti Opening
QuNkp5Yu,black,,,False,,124,Irregular Openings
GOLGtaFo,white,,,False,,54,Reti Opening
RQfDPRkL,white,,,False,,149,Reti Opening
LJbfxc9X,black,,kingside,False,,202,Irregular Openings
dWZwAZmH,black,,,False,,114,Irregular Openings
3QUgK7Es,black,,,False,,171,Irregular Openings
FSjpTJIk,white,,,False,,79,Trompowsky Attack
nVswt2g2,white,kingside,kingside,True,12,156,Irregular Openings
txIyo9VO,black,,kingside,False,,221,Uncommon King Pawn
NhKzB5wT,black,,,False,,163,Irregular Openings
aFJukuWL,black,,,False,,87,Irregular Openings
i3HefGnF,black,,kingside,True,10,111,Uncommon King Pawn
4wCMPDc4,black,,kingside,False,,148,Irregular Openings
1LElZHa4,black,,kingside,False,,165,Uncommon King Pawn
eVyiOnyq,black,,,False,,133,Irregular Openings
cr9xMbzM,black,,,False,,132,Irregular Openings
VimqoLcK,black,,queenside,False,,50,Uncommon King Pawn
NDLXoV5D,white,,,False,,73,Uncommon King Pawn
7KEM1KaD,white,,,False,,71,Irregular Openings
HCta5p6L,black,,kingside,False,,53,Indian Defenses
aSHPTE9r,black,,,False,,15,Uncommon King Pawn
fqUWHZpr,white,,,False,,37,Reti Opening
8QQce0es,black,,kingside,False,,71,Italian Game
CnRVgGi0,white,queenside,,False,,68,Reti Opening
xJCDpQIa,white,kingside,,False,,148,Reti Opening
ww2lGhFk,white,kingside,,False,,104,Reti Opening
CTI6gVgS,white,queenside,,False,,59,Reti Opening
DnwbxlX5,white,kingside,,False,,50,Reti Opening
irTN9OOO,white,kingside,,False,,105,Reti Opening
FkazefKj,black,,,False,,96,Reti Opening
vuSWtn0g,black,,,False,,152,Irregular Openings
Ei9BRqnF,white,,,False,,10,Reti Opening
cc1vCkcq,white,kingside,,False,,74,Reti Opening
qIj2pVVC,white,,,False,,56,Reti Opening
fFoyrFxe,white,kingside,,False,,123,Reti Opening
YiYiVCys,white,kingside,,False,,129,Reti Opening
acaNfWnP,black,,kingside,False,,118,Uncommon King Pawn
v3QLwymJ,white,kingside,,False,,89,Reti Opening
CsQvzykD,white,kingside,,False,,77,Reti Opening
ekFIfDo9,white,kingside,,False,,133,Reti Opening
oPQrwwhd,black,,,False,,39,Trompowsky Attack
Zfst9EPK,black,,kingside,False,,57,Uncommon King Pawn
1QyXYvCt,black,,kingside,False,,149,English Opening
tHOU7p8G,white,kingside,,False,,122,Reti Opening
anCFynCe,white,queenside,,False,,112,Irregular Openings
mBC4We14,black,,,False,,99,Irregular Openings
B97msrhQ,black,,kingside,False,,120,Uncommon King Pawn
CVh3Eimk,white,kingside,,False,,96,Reti Opening
XZsI32d6,white,kingside,,False,,62,Reti Opening
uuPYhcnU,black,,,False,,109,Irregular Openings
UWZZYv61,black,,kingside,False,,121,Irregular Openings
Zrvbbolv,black,,kingside,False,,34,Slav Defense
Ds8qu0Id,white,,,False,,43,Reti Opening
HSeavYnB,white,kingside,,False,,52,Reti Opening
sAMKv91V,white,kingside,,False,,56,Reti Opening
uRVK6KLl,white,,,False,,68,Reti Opening
CrBHFeAv,black,,,False,,72,English Opening
fyGrZ8mt,white,kingside,,False,,56,Reti Opening
YPbVpv6E,white,kingside,,False,,157,Irregular Openings
iNqfaQ6C,white,kingside,,False,,40,Reti Opening
sQy6QikZ,black,,,False,,46,Uncommon King Pawn
L3Df2L68,white,queenside,,False,,56,Reti Opening
IGJrQtbs,black,,kingside,False,,55,Reti Opening
Uplvspbz,black,,,False,,39,Trompowsky Attack
WFYN3AkN,white,kingside,,False,,60,Reti Opening
ET6PmGW8,black,,kingside,False,,66,English Opening
GXXwZ0zE,black,,kingside,False,,96,Uncommon King Pawn
9op0SVLC,black,,,False,,45,Uncommon King Pawn
P1l969yS,white,,,False,,117,Reti Opening
5eQOW2ER,white,kingside,,False,,57,Reti Opening
cNjV6u6z,black,,kingside,False,,41,Uncommon King Pawn
yGtGJWTb,black,,queenside,False,,113,Irregular Openings
UHnuaiax,black,,kingside,False,,110,Uncommon King Pawn
OkYfmjmy,white,kingside,,False,,56,Reti Opening
anjKAPKb,white,kingside,,False,,38,Reti Opening
0SIJDI3A,black,,queenside,False,,133,Irregular Openings
r587y3I1,black,,kingside,False,,74,Uncommon King Pawn
7poBbUzo,white,kingside,,False,,115,Reti Opening
qltGi4Tm,white,kingside,,False,,169,Reti Opening
hme4cvvz,white,kingside,,False,,66,Reti Opening
s6UURvqL,black,,queenside,False,,285,Irregular Openings
G6mDQN1u,black,,kingside,False,,74,Uncommon King Pawn
uVwsqbeg,white,kingside,,False,,57,Reti Opening
Istr8LKS,white,kingside,,False,,99,Reti Opening
ZME7yeIJ,white,,,False,,129,Reti Opening
5ZeFJkZW,black,,kingside,False,,49,Trompowsky Attack
PxweJGxT,white,kingside,,False,,105,Reti Opening
wjM5tarp,white,,,False,,69,Queen's Gambit
HyjYNSkO,black,,,False,,64,King's Indian Defense
RHJLNIUM,white,kingside,,False,,60,Queen's Gambit
sQ3DLemh,white,,,False,,51,Queen's Gambit
PjXUiTuW,white,,,False,,88,Queen's Gambit
VPFc7p8C,white,,,False,,69,Queen's Gambit
CQ1E7EDm,black,,,False,,62,French Defense
ecUJPyOL,black,,,False,,33,Irregular Openings
QwKXxPES,white,kingside,,False,,31,Queen's Gambit
DXt2RuQb,white,,,False,,100,Dutch Defense
Yk8gcO6D,white,kingside,,False,,87,Queen's Gambit
m1HAz67h,white,kingside,,False,,54,Queen's Gambit
hkZr354p,black,,,False,,48,Irregular Openings
VQWMwiqB,white,queenside,,False,,66,Reti Opening
7HuPR3Sf,white,,,False,,49,Reti Opening
hc15mmZL,white,,,False,,104,Reti Opening
hzRX4gk6,black,,,False,,57,Indian Defenses
2DuLAt3r,white,,,False,,76,Reti Opening
dt04j4hn,black,,kingside,False,,29,Uncommon King Pawn
5moATJhB,white,queenside,,False,,139,Reti Opening
6HsZMTqS,black,,kingside,False,,69,Uncommon King Pawn
Z23umVll,black,,kingside,False,,38,Uncommon King Pawn
dd7Reukm,white,queenside,,False,,97,Reti Opening
itsSYh2p,black,,,False,,83,Irregular Openings
It1dCSpv,white,,,False,,96,Reti Opening
IkUeoEdk,white,queenside,,False,,50,Reti Opening
8glQAh2T,black,,,False,,111,Queen's Gambit
Ufs4ZHdW,white,queenside,,False,,102,Reti Opening
12xSKNYp,white,,,False,,75,King's Pawn Game
SJtS2d8h,black,,kingside,False,,58,Reti Opening
ZqBv03Mk,black,,queenside,False,,90,Irregular Openings
CXh2xJWx,black,,kingside,False,,48,Uncommon King Pawn
c6Oap8zu,black,,kingside,False,,91,King's Pawn Game
TIpiusla,white,,,False,,103,Reti Opening
Ts8SsQOB,black,,kingside,False,,93,King's Pawn Game
59sjCFBN,white,,,False,,29,Reti Opening
TwFeDpPM,black,,kingside,False,,61,King's Pawn Game
FH0pEK0x,black,,kingside,False,,37,Irregular Openings
zMdGyMQZ,black,,kingside,False,,88,King's Pawn Game
jdroYM0v,white,kingside,,False,,90,Reti Opening
RaiSE1Q7,black,,,False,,12,Irregular Openings
IsTFfQQc,white,kingside,,False,,75,Reti Opening
OBPkcaIR,black,,queenside,False,,107,Trompowsky Attack
IzfJjGek,black,,kingside,False,,76,King's Pawn Game
0U9veCM3,white,queenside,,False,,71,Reti Opening
LRumGekv,black,,kingside,False,,61,King's Pawn Game
uutsiXo9,white,kingside,,False,,72,King's Pawn Game
6gSk3Ijn,white,kingside,,False,,114,Irregular Openings
AEozX5lW,black,,kingside,False,,53,King's Pawn Game
GTUgVo5J,white,,,False,,16,Reti Opening
O58K4wsv,white,,,False,,36,Reti Opening
C87Dp0gR,white,kingside,,False,,85,Reti Opening
8uQWGrTS,black,,,False,,91,Trompowsky Attack
7EeyWHAO,white,queenside,,False,,36,Reti Opening
DCP9w1hR,white,,,False,,97,Reti Opening
fjw2YIfC,white,,,False,,100,Reti Opening
C8vkOBEm,black,,,False,,60,Queen's Pawn Game
Cso3c0Ji,black,,queenside,False,,73,Queen's Pawn Game
QPSZYYNG,black,,kingside,False,,54,Uncommon King Pawn
sXgILBdt,white,queenside,,False,,86,Reti Opening
sucq4MnE,black,,,False,,77,Uncommon King Pawn
BuvaW24w,white,,,False,,83,Queen's Pawn Game
coOc3YeR,white,kingside,,False,,96,Reti Opening
EiJhkopx,black,,,False,,40,Queen's Gambit
Q85zHmxZ,white,,,False,,104,Reti Opening
AaMAeU7G,black,,,False,,62,Queen's Pawn Game
YNCY1I3A,black,,,False,,99,Trompowsky Attack
T6naM4xx,white,,,False,,121,Irregular Openings
CRKaXoNe,black,,,False,,58,English Opening
8BCehjp6,white,,,False,,51,Irregular Openings
jExiq7U3,black,,,False,,107,Irregular Openings
jFVAbFp9,white,,,False,,54,Reti Opening
2YT4IOuP,black,,kingside,False,,48,Irregular Openings
FRVpcKM3,black,,,False,,65,Irregular Openings
YMqoCNwJ,white,kingside,,False,,49,Reti Opening
wy4a3J7W,white,kingside,,False,,92,Reti Opening
oz7XHHsE,white,kingside,,False,,52,Reti Opening
aWJiNaKP,white,kingside,,False,,44,Reti Opening
SjNOFETs,white,kingside,,False,,50,Reti Opening
6CRSfMwT,black,,kingside,False,,47,Uncommon King Pawn
EGsgbccg,black,,kingside,False,,37,Irregular Openings
n03xCyxl,white,queenside,kingside,True,9,92,Irregular Openings
w416A9RH,black,,,False,,130,Uncommon King Pawn
X02MjvSu,black,,kingside,False,,63,Trompowsky Attack
dpAeQATm,white,kingside,,False,,52,Reti Opening
VCtePczV,black,,kingside,False,,96,Trompowsky Attack
LKtnZyQj,white,,,False,,110,Reti Opening
j8Raf7t1,white,kingside,,False,,99,Reti Opening
vCOyd06V,black,,kingside,False,,41,Uncommon King Pawn
Xjp3Bk7r,black,,kingside,False,,47,Uncommon King Pawn
ANdEP8wk,black,,kingside,False,,136,Irregular Openings
pbO8ACZe,white,kingside,,False,,180,Reti Opening
AiuiMEP4,black,,queenside,False,,46,Trompowsky Attack
lKBL0Yj4,white,kingside,,False,,96,Reti Opening
zZT0DVqI,white,kingside,,False,,239,Reti Opening
t359aBvt,white,kingside,,False,,65,Reti Opening
Zvypkcgt,black,,kingside,False,,96,Uncommon King Pawn
n7iI0FuH,white,kingside,,False,,52,Reti Opening
lAs96Adm,white,kingside,,False,,100,Reti Opening
MLNyavI0,white,kingside,,False,,149,Reti Opening
9qPHg3N1,black,,kingside,False,,88,Uncommon King Pawn
MEicshn0,white,kingside,,False,,64,Reti Opening
ECe1AAyz,white,kingside,,False,,111,Reti Opening
RCtd3drk,black,,,False,,73,Trompowsky Attack
Y0U8MPoq,white,kingside,,False,,55,Reti Opening
1ojaQecz,white,kingside,kingside,True,19,335,Reti Opening
FRzVJhgj,white,kingside,,False,,121,Reti Opening
vTJBHA2u,black,,queenside,False,,69,Trompowsky Attack
FO7aSsX3,black,,,False,,77,Uncommon King Pawn
hovv41dM,black,,queenside,False,,127,Uncommon King Pawn
SJnrpCrr,white,kingside,,False,,54,Reti Opening
7YNp75Vq,black,,kingside,False,,81,Uncommon King Pawn
c2dJ0u1i,black,,kingside,False,,104,Trompowsky Attack
EzYXNE9G,white,kingside,,False,,45,Irregular Openings
n9WYS51d,black,,,False,,100,Uncommon King Pawn
A2tgyZbP,black,,kingside,False,,41,Uncommon King Pawn
V6Vbj8Va,black,,kingside,False,,25,Uncommon King Pawn
tTPnOTdA,black,,,False,,7,Irregular Openings
NvUCIq5g,black,,kingside,False,,88,Irregular Openings
GEvCpQoI,black,,queenside,False,,166,Trompowsky Attack
64VXn5Kd,black,,kingside,False,,45,English Opening
uncrfHuz,white,kingside,,False,,90,Reti Opening
s0dueSDF,black,,,False,,85,Irregular Openings
7JZbpFKB,black,,,False,,37,Trompowsky Attack
8FPjUkhr,white,kingside,,False,,111,Reti Opening
TmKAKyXh,black,,kingside,False,,53,Uncommon King Pawn
zEpDhgZl,white,,,False,,2,Reti Opening
RwRvUwAT,black,,kingside,False,,55,Uncommon King Pawn
85a8o1jG,black,,kingside,False,,39,Slav Defense
8erXB6wg,black,,queenside,False,,61,Trompowsky Attack
iCfnQSbR,white,queenside,,False,,81,Reti Opening
fXSBMK5I,white,kingside,,False,,75,Reti Opening
2gWfxH7z,white,kingside,,False,,68,Reti Opening
BGLR0JEZ,black,,kingside,False,,188,Trompowsky Attack
ZVS1IgME,white,kingside,,False,,58,Reti Opening
HS9CF6ha,white,kingside,,False,,42,Reti Opening
j5Aa47zc,black,,kingside,False,,113,Irregular Openings
M9mszpHe,black,,,False,,40,Irregular Openings
6OwxFlTX,white,kingside,,False,,48,Reti Opening
yNvxBSfa,white,kingside,,False,,158,Reti Opening
1FCWKId3,black,,kingside,False,,91,Uncommon King Pawn
kimUBTZo,black,,kingside,False,,76,Nimzo-Indian Defense
K0mg2HoT,black,,,False,,93,Uncommon King Pawn
AkjV5ucJ,black,,kingside,False,,113,Uncommon King Pawn
ROLNtpq1,white,kingside,,False,,42,Reti Opening
F3szvw5r,black,,kingside,False,,74,Uncommon King Pawn
KJIQOPLB,black,,,False,,91,Uncommon King Pawn
ymwdy4XL,white,kingside,,False,,73,Irregular Openings
JsrcYelQ,white,,,False,,56,Reti Opening
AyOS8rQK,black,,kingside,False,,103,Uncommon King Pawn
RjOEXe4j,white,kingside,,False,,56,Reti Opening
5tmxsILv,black,,,False,,104,Reti Opening
MyIsQWwV,black,,kingside,False,,79,Irregular Openings
Da3BCFNb,black,,kingside,False,,30,Irregular Openings
IJtYO35Q,white,kingside,,False,,52,Reti Opening
6nGYGfIs,black,,kingside,False,,76,Trompowsky Attack
8X4w4Oxy,white,kingside,,False,,90,Reti Opening
Myd4acPI,white,kingside,,False,,148,Reti Opening
2oaItTXf,white,kingside,,False,,37,Reti Opening
PBuwuXY9,black,,,False,,99,Uncommon King Pawn
BUN1U88M,black,,kingside,False,,59,Trompowsky Attack
uR8n5IQd,white,,,False,,58,Reti Opening
koT0wpjL,black,,kingside,False,,57,Uncommon King Pawn
MIMOKbnu,black,,kingside,False,,39,Uncommon King Pawn
CYslhJXZ,black,,kingside,False,,112,Uncommon King Pawn
aBUR8itv,black,,kingside,False,,114,Uncommon King Pawn
pOyebv3u,white,kingside,,False,,80,Reti Opening
8nPzbzAB,white,kingside,,False,,27,Reti Opening
V7eBxvP3,black,,,False,,71,Uncommon King Pawn
ZDOFWnl7,black,,kingside,False,,69,French Defense
Q6uP5Tgp,white,kingside,,False,,47,Irregular Openings
5AEExOjH,black,,kingside,False,,44,Irregular Openings
CYXqUU3F,black,,kingside,False,,42,Irregular Openings
puTC2yj8,black,,kingside,False,,35,Uncommon King Pawn
eBMhdiap,black,,,False,,25,Trompowsky Attack
lxDtEeg0,black,,,False,,98,Trompowsky Attack
Vm9DaAXm,black,,queenside,False,,108,Slav Defense
DYUVgqE8,white,kingside,,False,,66,Reti Opening
9Fflchxu,white,kingside,,False,,50,Reti Opening
6Ku61W0t,white,kingside,,False,,78,Reti Opening
EZZMZIHq,white,kingside,,False,,42,Reti Opening
aOlKeVIY,white,kingside,,False,,35,Reti Opening
6EEl3Rx2,black,,,False,,101,Uncommon King Pawn
ph1ry5qE,white,,,False,,51,Irregular Openings
wqyjo6zM,white,kingside,,False,,60,Irregular Openings
r3FYUCal,black,,kingside,False,,99,Uncommon King Pawn
WFzJgd5e,white,queenside,,False,,83,Irregular Openings
s1Jlq3MF,black,,kingside,False,,105,Uncommon King Pawn
mdk57XJS,white,kingside,,False,,43,Irregular Openings
EV5BuvId,black,,,False,,102,Uncommon King Pawn
wa3e83SZ,black,,,False,,163,Reti Opening
S9juyYbp,black,,,False,,42,Nimzo-Indian Defense
J7RkUMUP,black,,queenside,False,,77,Trompowsky Attack
sryVmCqU,white,kingside,,False,,55,Irregular Openings
f4KfkPwf,black,,,False,,31,Reti Opening
bFbPsC14,black,,,False,,67,Uncommon King Pawn
5855BKGV,black,,,False,,34,Irregular Openings
KOyVG3yb,white,kingside,,False,,78,Irregular Openings
SzpRPXiQ,black,,,False,,126,Uncommon King Pawn
pr7C5Gaf,black,,kingside,False,,47,Slav Defense
VOy14QVn,black,kingside,kingside,True,33,384,Reti Opening
iCZfeW80,white,kingside,,False,,40,Irregular Openings
0uNN1Z4q,white,kingside,,False,,54,Irregular Openings
F9GCGIkz,black,,kingside,False,,68,Catalan Opening
U8iZIKZU,white,kingside,,False,,89,Irregular Openings
XtTxMfKT,black,,,False,,84,Uncommon King Pawn
KnEf4EPM,black,,,False,,42,Irregular Openings
lASr7PGT,black,,,False,,81,Reti Opening
rGedR4Y5,white,,,False,,76,Irregular Openings
RP85cqdp,white,kingside,,False,,71,Irregular Openings
EDe1laYR,white,,,False,,8,Irregular Openings
Eru9AA2o,black,,queenside,False,,98,Trompowsky Attack
3cZUlyAW,black,,,False,,42,Trompowsky Attack
zKwilsKN,white,kingside,,False,,55,Irregular Openings
3edGrj5v,black,,,False,,62,Irregular Openings
ovVGzt6o,black,kingside,kingside,True,16,201,Reti Opening
Njvp3jee,white,kingside,,False,,82,Reti Opening
oXp05jgf,white,kingside,,False,,86,Irregular Openings
YPKh6W2u,black,,queenside,False,,110,Trompowsky Attack
B05wuhQX,white,kingside,,False,,37,Irregular Openings
rhsZ1Xci,black,,,False,,65,Irregular Openings
FwoJgbGT,white,kingside,,False,,104,Irregular Openings
kdBRbUtJ,black,,,False,,97,Uncommon King Pawn
sjYWM16d,black,,kingside,True,20,115,English Opening
lkKxm0hn,black,,,False,,42,Trompowsky Attack
jA9Clodw,black,,,False,,81,Trompowsky Attack
50A0ibuX,white,kingside,,False,,120,Irregular Openings
bYHdHZZd,black,,,False,,115,Irregular Openings
W6dusajE,black,,,False,,91,Irregular Openings
Es74ezFu,white,,,False,,67,Irregular Openings
maj1jRLa,white,kingside,,False,,62,Irregular Openings
RUxL2rsK,white,kingside,,False,,52,Irregular Openings
tiG3Eyqw,white,kingside,,False,,120,Irregular Openings
ZwSMrOyt,white,kingside,,False,,80,Irregular Openings
2HMzP8Ws,black,,,False,,107,Irregular Openings
0kU3D9xF,black,,,False,,44,English Opening
7FEoDH6K,white,kingside,,False,,128,Irregular Openings
nfQJu9F4,white,kingside,,False,,35,Irregular Openings
5PUe8qoy,black,,,False,,99,Uncommon King Pawn
EkmlyKHb,white,,,False,,105,Reti Opening
kBkiZow0,black,,queenside,False,,102,Reti Opening
Nkjsnq2x,white,queenside,,False,,29,Irregular Openings
jWuCotXj,black,,,False,,83,Slav Defense
nYL40frF,black,,kingside,False,,101,Uncommon King Pawn
ebgBqfEd,black,,,False,,30,Irregular Openings
Vy10VQWL,white,kingside,,False,,78,Irregular Openings
PQ4HI3dM,white,queenside,,False,,80,Irregular Openings
O87SM3zE,white,queenside,,False,,54,Irregular Openings
UqnBKjdB,black,,,False,,84,Uncommon King Pawn
78CfZKv8,white,kingside,,False,,111,Irregular Openings
rwBPC2IE,black,,kingside,False,,97,Irregular Openings
0yCfUC6A,black,,kingside,False,,114,Uncommon King Pawn
yMRg6fLM,black,,,False,,72,Uncommon King Pawn
b2d7uHM6,white,,,False,,54,Irregular Openings
hgzQtVRN,black,,kingside,False,,27,King's Pawn Game
rSeSGb3p,white,kingside,,False,,23,Irregular Openings
FOppKoOw,white,queenside,,False,,93,Irregular Openings
PBytsxiP,white,kingside,,False,,32,Irregular Openings
xZAKxruH,black,,,False,,82,Uncommon King Pawn
SNALW2bO,black,,,False,,35,Irregular Openings
wlZsYYOV,black,,,False,,35,Irregular Openings
Int9eZ3E,white,kingside,,False,,132,Irregular Openings
IZ4cp7Ks,white,,,False,,37,Irregular Openings
QjiIUUsf,white,kingside,,False,,48,Irregular Openings
64xGIkfJ,white,kingside,,False,,46,Irregular Openings
k9jt9FZS,black,,,False,,79,Trompowsky Attack
Etcss3YQ,black,,,False,,75,Uncommon King Pawn
4EdPqJWq,black,,,False,,72,Trompowsky Attack
CvHu9pbV,black,,queenside,False,,77,Irregular Openings
SmWb84AS,white,,,False,,56,Irregular Openings
8Dl94TcW,black,,,False,,5,Trompowsky Attack
ZL0umzvT,white,kingside,,False,,81,Irregular Openings
wsZYJNCE,white,queenside,,False,,40,Irregular Openings
ZvW6wcQN,black,,kingside,False,,186,Irregular Openings
4OGFlKqS,white,kingside,,False,,31,Irregular Openings
8BMJs9sC,white,,,False,,57,Irregular Openings
72yYGKGP,black,,kingside,False,,113,Slav Defense
eggpdzA4,black,,,False,,137,Indian Defenses
JwIOGntA,black,,,False,,76,English Opening
9aQXdOHS,white,kingside,,False,,117,Irregular Openings
A6uRMhVh,white,kingside,,False,,43,Irregular Openings
wvh3AIuS,black,,,False,,35,Uncommon King Pawn
Vs2Y7Fuw,black,,,False,,74,Uncommon King Pawn
zi0M19nh,white,kingside,,False,,25,Irregular Openings
Op7rEmOf,black,,,False,,72,Irregular Openings
FdnBG9HT,black,,queenside,False,,58,Slav Defense
KECo006J,white,,,False,,77,Irregular Openings
YDJwx8CZ,white,kingside,,False,,78,Irregular Openings
I0TXwynL,white,,,False,,27,Irregular Openings
ywZsXY9m,black,,kingside,False,,114,Trompowsky Attack
QEC72YpG,black,,kingside,False,,68,Trompowsky Attack
j5HCV4Pq,white,kingside,,False,,79,Irregular Openings
Ze18kP2K,white,kingside,,False,,59,Irregular Openings
QcHENHNF,white,kingside,,False,,75,Irregular Openings
6wsz82EW,black,,queenside,False,,60,Irregular Openings
UJl5kcVO,black,,queenside,False,,59,Irregular Openings
6Nl3isFh,white,kingside,,False,,141,Irregular Openings
4YwFcRJ3,white,queenside,,False,,74,Irregular Openings
yypCTiP9,black,,,False,,104,English Opening
PKJoDzFI,black,,,False,,68,Irregular Openings
E0ArNWrk,white,queenside,,False,,158,Irregular Openings
AOoW2B87,white,kingside,,False,,73,Irregular Openings
0fctu0ok,black,,,False,,69,Irregular Openings
nuOJmjn3,white,kingside,kingside,True,7,234,Irregular Openings
oa4TSXdn,black,,kingside,False,,89,Irregular Openings
sek3zFy3,black,,kingside,False,,106,Uncommon King Pawn
9OjCqHCk,black,,kingside,False,,57,English Opening
4jdUTdBe,black,,,False,,64,Trompowsky Attack
9f48NHYa,white,,,False,,81,Irregular Openings
DoZKti1U,white,kingside,,False,,55,Irregular Openings
yeyk1GhU,white,,,False,,59,Irregular Openings
e04B0lPJ,black,,,False,,80,Trompowsky Attack
p0kp3a4P,white,kingside,,False,,71,Irregular Openings
Uz8aeThB,black,,,False,,147,Irregular Openings
Fc9nLPIl,white,kingside,,False,,69,Irregular Openings
6I5ZP3LV,black,,kingside,False,,41,Uncommon King Pawn
AiAjsLrs,black,,kingside,False,,37,Irregular Openings
Z7al7da0,white,,,False,,62,Irregular Openings
4CZHhQI5,white,kingside,,False,,57,Irregular Openings
0cKO3QuY,black,,kingside,False,,83,Slav Defense
g5RCU7W7,white,queenside,,False,,82,Irregular Openings
svEdtG7z,white,kingside,,False,,57,Irregular Openings
4hXzbIlK,black,,,False,,63,Uncommon King Pawn
cUJZaZBk,black,,,False,,39,Irregular Openings
5NjqjoB4,white,queenside,,False,,67,Irregular Openings
MAwi6YSF,white,kingside,,False,,51,Irregular Openings
MsVm0EVC,black,,kingside,False,,41,Uncommon King Pawn
NNIl9DEr,black,,,False,,96,Irregular Openings
LlR9rQo4,white,,,False,,57,Irregular Openings
bn44RH2a,black,,kingside,False,,43,Uncommon King Pawn
Xx34wptL,white,kingside,,False,,79,Irregular Openings
3wBDOCWe,white,,,False,,49,Irregular Openings
L6zXJKNh,black,,kingside,False,,96,Irregular Openings
4gbsiusE,black,,,False,,73,Uncommon King Pawn
AaBCXK59,white,kingside,,False,,37,Irregular Openings
9Y6859MZ,white,kingside,,False,,43,Irregular Openings
iwksSvnG,black,,kingside,False,,44,Nimzo-Indian Defense
RQopOYDz,white,queenside,,False,,61,Irregular Openings
TAhCo6Tq,white,,,False,,140,Irregular Openings
R0pV8MQy,black,,kingside,False,,69,Reti Opening
0rmJQQPZ,white,kingside,,False,,135,Irregular Openings
mwtCcWCU,white,kingside,,False,,61,Irregular Openings
38bLRmLJ,black,,,False,,54,Uncommon King Pawn
9CulqErE,white,kingside,,False,,46,Irregular Openings
7USxy9Ye,white,kingside,,False,,48,Irregular Openings
Db6dUlnl,black,,kingside,False,,278,Irregular Openings
RG8Qr57i,black,,,False,,42,Reti Opening
vPqTdTbr,white,,,False,,61,Irregular Openings
KVmzZFI0,black,,,False,,38,Reti Opening
96aJjJha,black,,kingside,False,,66,Irregular Openings
0b8nVaxC,white,,,False,,33,Irregular Openings
9kXnyePZ,black,,kingside,False,,46,Reti Opening
rSzyJJkF,white,,,False,,51,Irregular Openings
AmfjzN1P,white,kingside,,False,,146,Irregular Openings
essaKKc7,white,,,False,,91,Irregular Openings
6Q9DoXjx,black,,,False,,7,Reti Opening
m6MMIxhv,black,,,False,,20,Reti Opening
1X3erq2d,white,,,False,,35,Irregular Openings
VWu0iQO6,black,,kingside,False,,35,Slav Defense
DPAT5wsO,black,,,False,,45,Uncommon King Pawn
ARI91FPo,black,,,False,,31,Trompowsky Attack
jUsnJQuj,black,,queenside,False,,87,Uncommon King Pawn
Duiez8pZ,white,,,False,,83,Irregular Openings
DSTmZxnR,black,,kingside,False,,81,Trompowsky Attack
uK8KiAQt,white,,,False,,29,Irregular Openings
2Spyf2L2,black,,kingside,False,,53,Uncommon King Pawn
ATGsOU6t,black,,kingside,False,,82,Uncommon King Pawn
2hrRyGc1,black,,kingside,False,,41,Uncommon King Pawn
87YPm99Z,white,kingside,,False,,226,Irregular Openings
0McdubFG,white,queenside,,False,,152,Irregular Openings
x3yM6AEZ,black,,kingside,False,,43,Irregular Openings
wu9nuFHM,black,,,False,,55,Reti Opening
dkarIpIv,black,,kingside,False,,53,Uncommon King Pawn
8J6Sy7aI,white,kingside,,False,,39,Irregular Openings
Eyt9O9Hy,black,,kingside,False,,81,Uncommon King Pawn
ZLM4H2ib,white,kingside,,False,,65,Irregular Openings
nRQ27uCV,black,,kingside,False,,56,Irregular Openings
S25S52gd,white,kingside,,False,,69,Irregular Openings
ADyfjOxe,black,,kingside,False,,64,Irregular Openings
yqqf4MzO,black,,,False,,39,Irregular Openings
Y8Wk193g,black,,,False,,80,Trompowsky Attack
X5IZmJjJ,white,queenside,,False,,64,Irregular Openings
gcO4NwAh,black,,kingside,False,,160,English Opening
CTO72NRu,black,,,False,,57,Uncommon King Pawn
jAKMWKCr,white,,,False,,39,Irregular Openings
CV0bGE9S,white,,,False,,47,Irregular Openings
vYYTMSl3,white,kingside,,False,,46,Irregular Openings
3Q7x2UoO,black,,kingside,False,,84,Reti Opening
qM5nEv7H,black,,kingside,False,,41,Trompowsky Attack
lGI3kmaL,white,kingside,,False,,31,Irregular Openings
Qw3DzmOl,black,,kingside,False,,43,Uncommon King Pawn
mRYoXLOb,black,,,False,,31,Uncommon King Pawn
batjr4Hm,black,,kingside,False,,89,Irregular Openings
EmDX6oxa,white,,,False,,65,Irregular Openings
WREFaGAj,black,,,False,,61,English Opening
jA31qOUB,black,,,False,,159,Uncommon King Pawn
gygbmShc,white,queenside,,False,,74,Irregular Openings
wXCjISU2,white,kingside,,False,,59,Irregular Openings
Uve3Kvti,white,queenside,,False,,109,Irregular Openings
DkYnhKUG,white,queenside,,False,,71,Irregular Openings
2vilTsnz,white,,,False,,65,Irregular Openings
B31AaSlS,black,,kingside,False,,82,Uncommon King Pawn
e0LGb2lg,white,,,False,,91,Irregular Openings
XSnsIRMJ,white,kingside,,False,,55,Irregular Openings
rTD80KYx,black,,kingside,False,,115,Irregular Openings
JBTazWJS,white,kingside,kingside,True,9,100,Irregular Openings
wSNip4gw,black,,,False,,54,Irregular Openings
qea9nAzn,white,,,False,,129,Irregular Openings
fmQUNMo4,white,queenside,,False,,122,Irregular Openings
f4VRlWf9,black,,,False,,97,Uncommon King Pawn
keudErBW,black,,,False,,64,Irregular Openings
or9VD3Ta,white,kingside,,False,,58,Irregular Openings
WzMlqNhT,black,,kingside,False,,71,Irregular Openings
uqKStzYs,white,kingside,,False,,42,Irregular Openings
cZL6ZPVJ,white,,,False,,47,Irregular Openings
Gx0lb6B4,black,,,False,,142,Irregular Openings
aWEKZGIv,black,,kingside,False,,98,Uncommon King Pawn
dIm0Yaiw,white,queenside,,False,,126,Irregular Openings
1pvbbMPm,black,,,False,,87,Slav Defense
fZZbZS7i,white,,,False,,25,Irregular Openings
RJkPzcZv,white,kingside,,False,,39,Irregular Openings
nCVL2WDt,white,,,False,,37,Irregular Openings
kY2KyZI9,white,,,False,,66,Irregular Openings
Wv5f1sGI,black,,kingside,False,,102,Uncommon King Pawn
kvNC3dRp,black,,kingside,False,,89,English Opening
BRYnJMqI,black,,queenside,False,,52,Irregular Openings
30lLrF0E,black,,kingside,False,,139,Irregular Openings
pxcJ1oOz,white,kingside,,False,,93,Irregular Openings
oUWliPNW,white,,,False,,65,Irregular Openings
nwgzFJKW,black,,,False,,36,Nimzo-Indian Defense
cNXYAeFO,white,kingside,,False,,69,Irregular Openings
RAPTij0j,white,kingside,,False,,139,Irregular Openings
4SKeYp4L,white,,,False,,31,Irregular Openings
l78rgN1N,black,,,False,,130,Uncommon King Pawn
Rc7vrIAS,white,queenside,,False,,160,Irregular Openings
ugPo2In3,black,,kingside,False,,90,Uncommon King Pawn
V5eN0T2G,black,,kingside,False,,55,French Defense
C7kdgcjU,white,,,False,,71,Irregular Openings
PuI9pOPh,black,,kingside,False,,66,English Opening
yJDg76dW,black,,queenside,False,,46,Trompowsky Attack
GogXf1FP,white,kingside,,False,,47,Irregular Openings
3Wij0Jh9,white,kingside,,False,,49,Irregular Openings
sNeuBZWP,black,,,False,,131,Uncommon King Pawn
mRGvdwaj,white,kingside,,False,,84,Irregular Openings
OUCc3Dgc,black,,,False,,56,Reti Opening
1tliahbw,white,,,False,,101,Irregular Openings
M1FyQQWe,black,,kingside,False,,74,Uncommon King Pawn
MluNSN0I,black,,kingside,False,,47,Trompowsky Attack
RMUFvv2X,black,,,False,,94,Reti Opening
vnDRu4DC,black,,kingside,False,,53,Trompowsky Attack
Dz8koYqG,white,kingside,,False,,73,Irregular Openings
nHNQwTpQ,white,kingside,,False,,63,Irregular Openings
eyZmFREE,white,queenside,,False,,53,Irregular Openings
Mz9hdNTg,black,,kingside,False,,45,Uncommon King Pawn
4tBVwwLf,black,,kingside,False,,148,Uncommon King Pawn
LhW2nSzW,white,kingside,,False,,82,Irregular Openings
vEL0lg9C,white,,,False,,25,Irregular Openings
J3oAbgP5,black,,queenside,False,,34,Slav Defense
SLE3EOvL,black,,,False,,65,Irregular Openings
XsohTDF9,black,,,False,,79,English Opening
a3bsJ8BE,white,kingside,,False,,62,Irregular Openings
QxHH3KSq,black,,,False,,102,Uncommon King Pawn
FAgFYKoJ,black,,,False,,147,Uncommon King Pawn
wUHsLx7l,black,,kingside,False,,42,Uncommon King Pawn
IVIxJBzx,white,kingside,,False,,33,Irregular Openings
FDCgMBkL,white,,,False,,58,Irregular Openings
VCJPxm94,black,,,False,,53,Indian Defenses
odkdnww7,black,,,False,,116,Uncommon King Pawn
t6zp2sXx,black,,,False,,110,Uncommon King Pawn
FqbuwJTT,white,,,False,,115,Irregular Openings
Mqmg10zA,black,,kingside,False,,67,Nimzo-Indian Defense
YUZ0Yajf,black,,,False,,59,Reti Opening
PKKZw9VA,white,,,False,,45,Irregular Openings
i8sy1H5F,black,,kingside,False,,65,Uncommon King Pawn
A5rstMac,white,queenside,,False,,74,Irregular Openings
OyThGh6R,white,kingside,,False,,102,Irregular Openings
750NZJzr,black,,,False,,39,Uncommon King Pawn
iVI47ZZu,black,,kingside,False,,56,Indian Defenses
oetoQ6qO,white,,,False,,81,Irregular Openings
BpKfz8d1,white,kingside,,False,,110,Irregular Openings
mx5oSvEj,black,,kingside,False,,110,Reti Opening
STp6JVWh,white,,,False,,56,Irregular Openings
EQgGYbN5,white,kingside,,False,,82,Irregular Openings
pzjim4xP,black,,,False,,104,Uncommon King Pawn
gWekqtTn,white,kingside,,False,,61,Irregular Openings
6nWboHzW,black,,,False,,43,Uncommon King Pawn
rjh8CHQN,black,,queenside,False,,75,Uncommon King Pawn
Jtmx8rBN,black,,,False,,73,Irregular Openings
lGBbZjDv,black,,,False,,67,Irregular Openings
S6mg61RF,white,queenside,,False,,69,Irregular Openings
9BQxRNFH,white,,,False,,73,Irregular Openings
kv47w9ed,black,,,False,,80,Uncommon King Pawn
UHlRKUCu,black,,kingside,False,,61,Trompowsky Attack
PpdOGMlJ,black,,kingside,False,,44,French Defense
ixlaD3aS,black,,kingside,False,,59,English Opening
hfkgMO6p,white,,,False,,53,Irregular Openings
KF0PvmU5,black,,,False,,72,Trompowsky Attack
a4a89NFo,white,,,False,,75,Irregular Openings
gn86yaln,white,,,False,,105,Irregular Openings
EwkLlnOb,black,,kingside,False,,31,Uncommon King Pawn
ppvlYfRh,white,,,False,,53,Irregular Openings
VoTuuo13,black,,,False,,131,Irregular Openings
niyCeo01,white,queenside,,False,,70,Irregular Openings
DjhU563X,black,,kingside,False,,45,Reti Opening
M9SFKZ7D,white,queenside,,False,,92,Irregular Openings
BMAPGpWT,white,queenside,,False,,113,Reti Opening
daQBB5gI,white,kingside,,False,,134,Irregular Openings
NgiNFlGl,black,,,False,,87,Irregular Openings
5hZTDRNs,black,,,False,,100,Uncommon King Pawn
0OlHGbIg,black,,,False,,37,Reti Opening
qLXY6noA,white,queenside,,False,,86,Irregular Openings
8YRrnG2g,black,,,False,,21,Irregular Openings
DrO6U2wD,black,,,False,,87,Irregular Openings
naHCzUbK,black,,,False,,73,Irregular Openings
rp1iCPpZ,white,kingside,,False,,101,Irregular Openings
G3byI4po,black,,,False,,106,Reti Opening
ldOC5lr2,white,,,False,,59,Irregular Openings
Snaajj5x,black,,queenside,False,,61,Irregular Openings
TTuPDlW8,white,kingside,,False,,113,Irregular Openings
ZjjtNdIr,black,,,False,,146,Uncommon King Pawn
CJjFuquI,black,,,False,,36,Irregular Openings
gNrSqXjO,black,,,False,,113,Irregular Openings
0NsT8KvX,black,,kingside,False,,75,Irregular Openings
3h3bBSmj,black,,,False,,44,Irregular Openings
8kiRQJ2Z,white,queenside,,False,,61,Irregular Openings
SkXusK2m,black,,,False,,56,Trompowsky Attack
9NoWmewT,white,kingside,,False,,53,Irregular Openings
BagE14kT,black,,,False,,26,Irregular Openings
Cwsgx0SN,white,,,False,,104,Irregular Openings
R0hhMjoL,black,,queenside,False,,64,Irregular Openings
ZroUd436,white,,,False,,85,Irregular Openings
d5lM7iyy,white,queenside,,False,,78,Irregular Openings
IfqjiEXf,white,kingside,,False,,61,Irregular Openings
OR7vfzD8,black,,,False,,32,Uncommon King Pawn
zmJuDl4z,white,kingside,,False,,70,Irregular Openings
m7rx085h,black,,kingside,False,,38,Trompowsky Attack
lYaJ4sOP,black,,queenside,False,,130,Trompowsky Attack
RelIb0VS,black,,kingside,False,,63,Uncommon King Pawn
6UB7uLeK,black,,,False,,44,Trompowsky Attack
0BJzy4qN,black,,,False,,29,Uncommon King Pawn
wQHJg8D3,black,,,False,,70,Uncommon King Pawn
ihox6Jgt,white,kingside,,False,,33,Irregular Openings
GV1RxV19,black,,kingside,False,,31,English Opening
BUpJviL2,white,,,False,,21,Irregular Openings
oZrR52rV,white,kingside,,False,,63,Irregular Openings
P7hGbGFi,black,,,False,,32,Uncommon King Pawn
UxygXWyI,black,,kingside,False,,73,Irregular Openings
xLp61dow,black,,,False,,24,Uncommon King Pawn
4K1RJ2cW,white,kingside,,False,,116,Irregular Openings
3oM1Ygu6,white,kingside,,False,,96,Irregular Openings
bAgF7nCf,black,,,False,,179,Uncommon King Pawn
BBBaqpqC,black,,kingside,False,,37,Reti Opening
6crdJc8l,black,,kingside,False,,73,Reti Opening
hfCyIfJu,black,,kingside,False,,51,Uncommon King Pawn
Rjg0eyms,black,,kingside,False,,52,Irregular Openings
smAIszvU,black,,queenside,False,,103,Uncommon King Pawn
EFJnD8eM,white,kingside,,False,,115,Irregular Openings
Vx8HATt2,black,,,False,,86,English Opening
8HLx6IQd,white,queenside,,False,,83,Irregular Openings
l8JRJywF,white,queenside,,False,,65,Irregular Openings
y8zWpEA9,white,kingside,,False,,55,Irregular Openings
VP0Tus49,black,,,False,,96,Uncommon King Pawn
PfYjOCce,white,,,False,,35,Irregular Openings
QrNG3ehv,black,,kingside,False,,37,Uncommon King Pawn
shQDj6QM,black,,kingside,False,,130,English Opening
sOZZcfMP,black,,,False,,33,Uncommon King Pawn
eGyFmmmO,white,kingside,,False,,69,Irregular Openings
ki32GGvw,white,queenside,,False,,41,Irregular Openings
WBWNbedr,white,,,False,,46,Irregular Openings
3GAGeAZY,white,,,False,,10,Irregular Openings
g7J3dV1g,black,,kingside,False,,122,Trompowsky Attack
43In5i34,white,kingside,,False,,55,Irregular Openings
x65GxVDJ,black,,,False,,86,Trompowsky Attack
Pb6x72Bw,white,kingside,,False,,73,Irregular Openings
qqoGtMzd,black,,kingside,False,,30,Reti Opening
7bilvEdC,white,kingside,,False,,33,Irregular Openings
H4pvfcSt,white,kingside,,False,,57,Irregular Openings
DZFrmbCg,white,,,False,,39,Irregular Openings
t5JJ41Zy,black,,,False,,98,Reti Opening
UMU7DgEz,black,,,False,,68,Irregular Openings
h0zSj2i0,black,,queenside,False,,46,Irregular Openings
HlZhgY78,white,kingside,,False,,35,Irregular Openings
TVM6JTT1,white,kingside,,False,,53,Irregular Openings
VRXaG5oY,black,,,False,,71,Uncommon King Pawn
A1g4lQGT,white,kingside,,False,,74,Irregular Openings
3EnYIZWq,black,,,False,,77,Irregular Openings
NDoUxNmd,white,kingside,,False,,111,Irregular Openings
R3WxMQO3,white,kingside,,False,,49,Irregular Openings
CBtUV2Mw,white,kingside,,False,,39,Irregular Openings
RxEIccLs,black,,,False,,59,Irregular Openings
e0BF23JZ,black,,kingside,False,,57,Uncommon King Pawn
BLpOwlpb,white,queenside,,False,,67,Irregular Openings
VC8DLUxl,black,,kingside,False,,41,Trompowsky Attack
mjd6CVWW,white,,,False,,94,Irregular Openings
KVclLq42,white,kingside,,False,,75,Irregular Openings
trWvaQ3T,white,kingside,,False,,57,Irregular Openings
o9a2FtR5,black,,kingside,False,,50,Nimzo-Indian Defense
U0k4Es2M,black,,,False,,23,Reti Opening
Em9k8GnD,black,,queenside,False,,69,Trompowsky Attack
iDcLld0n,black,,kingside,False,,73,Uncommon King Pawn
omgKoHxV,black,,,False,,96,Trompowsky Attack
xtF3HNP2,white,kingside,,False,,63,Irregular Openings
9leubrug,black,,kingside,False,,37,Uncommon King Pawn
b1Sj8uHM,black,,kingside,False,,79,Uncommon King Pawn
ecfroTeH,black,,queenside,False,,69,Trompowsky Attack
GdkBVA8O,white,kingside,,False,,89,Irregular Openings
O47UoNbU,white,kingside,,False,,39,Irregular Openings
OPVtwwME,white,,,False,,115,Irregular Openings
PRAAR53j,white,,,False,,45,Irregular Openings
0ycq07j9,black,,queenside,False,,55,Uncommon King Pawn
mekYoefd,white,kingside,,False,,138,Irregular Openings
j15si5Tw,black,,,False,,59,Uncommon King Pawn
qIwigMRb,white,kingside,,False,,34,Irregular Openings
iNZCGbnX,white,queenside,,False,,102,Irregular Openings
36Y5RaiA,black,,kingside,False,,71,Irregular Openings
wVDqIP2D,black,,,False,,130,Uncommon King Pawn
QfpsJfUS,white,kingside,,False,,51,Irregular Openings
ARg4xfWN,white,,,False,,74,Irregular Openings
rKnjv7fo,white,kingside,,False,,107,Irregular Openings
K487fnK1,black,,kingside,False,,82,Nimzo-Indian Defense
qXACkdYM,black,,,False,,49,English Opening
pg4M39R5,white,kingside,,False,,45,Irregular Openings
TrfvOr7h,black,,,False,,55,Uncommon King Pawn
geX2iTxa,black,,kingside,False,,80,Nimzo-Indian Defense
0DdjHWdD,black,,,False,,127,Uncommon King Pawn
2yicryWo,white,queenside,,False,,60,Irregular Openings
r5WShiyu,black,,queenside,False,,56,Catalan Opening
IZ1a55Ir,white,queenside,,False,,75,Irregular Openings
sy3KtV4c,black,,queenside,False,,55,Reti Opening
8CU66FXh,black,,kingside,False,,46,Uncommon King Pawn
ZX2XuUho,white,kingside,,False,,140,Irregular Openings
6yA8ax8o,white,kingside,,False,,99,Irregular Openings
8clNL8RN,white,kingside,,False,,71,Irregular Openings
0KwqoKWL,white,queenside,,False,,64,Irregular Openings
oVg69ULO,black,,,False,,45,Trompowsky Attack
3Pjvfmvg,white,,,False,,135,Irregular Openings
BbipA3vQ,white,,,False,,55,Irregular Openings
D7SCItJs,black,,,False,,100,Trompowsky Attack
b41CUhn4,black,,queenside,False,,61,Trompowsky Attack
N8aLvYSw,black,,,False,,131,Trompowsky Attack
DVcDQxA8,black,,queenside,False,,69,Irregular Openings
XoXhGpTw,black,,kingside,False,,43,Uncommon King Pawn
6UuQLdDm,white,kingside,,False,,99,Reti Opening
47gONMNW,white,,,False,,47,Irregular Openings
ShSbpjHH,white,,queenside,False,,153,Irregular Openings
mkr5dWmQ,white,kingside,,False,,37,Irregular Openings
LExLLysi,white,queenside,,False,,55,Irregular Openings
iujieSOl,black,,,False,,204,Uncommon King Pawn
4YkerUfB,black,,,False,,100,Uncommon King Pawn
Ilx1SkHw,white,kingside,,False,,31,Irregular Openings
vdnYp141,white,kingside,,False,,51,Irregular Openings
ObEULLR0,black,,queenside,False,,87,Uncommon King Pawn
b4Ya65qA,black,,,False,,12,Reti Opening
RM6Vn2dE,black,,kingside,False,,127,Irregular Openings
Xv0EsWWh,black,,kingside,False,,49,Uncommon King Pawn
K5wQTxHA,white,,,False,,49,Irregular Openings
1Ng3Zw4t,white,queenside,,False,,66,Irregular Openings
qr4Ajbso,black,,,False,,62,Irregular Openings
4yGXRaIi,black,,queenside,False,,77,Trompowsky Attack
M2AbTpGw,white,kingside,,False,,108,Irregular Openings
IVVy8GcD,black,,queenside,False,,149,Trompowsky Attack
OC8LH9cN,white,kingside,,False,,89,Irregular Openings
JsgtUgcn,white,kingside,,False,,82,Irregular Openings
mOoU5plV,black,,kingside,False,,44,Uncommon King Pawn
W8sXqSzk,white,kingside,,False,,64,Irregular Openings
AAw9f8QT,white,kingside,,False,,54,Irregular Openings
Ks7iKISt,white,kingside,,False,,53,Irregular Openings
m0x5QgNe,white,kingside,,False,,70,Irregular Openings
Yb5cT7yI,white,kingside,,False,,91,Irregular Openings
jXgNiilz,black,,kingside,False,,102,English Opening
iNOOw3Ww,white,kingside,,False,,47,Irregular Openings
5dvRIKfo,white,kingside,,False,,89,Irregular Openings
sbhELxx7,black,,kingside,False,,47,English Opening
9gXB19gW,white,,,False,,41,Irregular Openings
P1RSIonr,black,,,False,,52,Irregular Openings
sLZIRqao,black,,kingside,False,,112,Irregular Openings
AWjMbGTd,white,kingside,,False,,88,Irregular Openings
8fKwlmPu,white,queenside,,False,,97,Irregular Openings
xO60N0V6,white,kingside,,False,,111,Irregular Openings
W4clSyhj,black,,,False,,46,Irregular Openings
DEVlIKHD,white,kingside,,False,,98,Irregular Openings
PUrrE92L,white,kingside,,False,,40,Irregular Openings
gvBBs6vp,black,,queenside,False,,44,English Opening
vkkD14UA,white,kingside,,False,,100,Irregular Openings
HgJpkpzU,white,queenside,,False,,28,Irregular Openings
EAz8sT9k,black,,queenside,False,,73,Irregular Openings
2seg3iDP,black,,queenside,False,,82,Uncommon King Pawn
EPjyUaKP,black,,,False,,64,Trompowsky Attack
ZkfiCo2N,black,,queenside,False,,74,Irregular Openings
Au4MQVHF,white,,,False,,34,Irregular Openings
1fjGwGFZ,black,,,False,,81,Irregular Openings
g40haawu,white,,,False,,106,Irregular Openings
dSf0Nyww,black,,kingside,False,,142,English Opening
GB8S5riZ,black,,,False,,163,Reti Opening
LfTCq4pc,white,queenside,,False,,114,Irregular Openings
Xk3F5u0q,white,,,False,,61,Irregular Openings
A0ZYp917,black,,,False,,72,Irregular Openings
KM0nENXl,white,kingside,,False,,63,Irregular Openings
MxraiqLd,black,,kingside,False,,27,Uncommon King Pawn
D4S4YhEG,white,queenside,,False,,70,Reti Opening
R5Tunke3,black,,kingside,False,,84,Uncommon King Pawn
I5LnPRxz,black,,,False,,98,Irregular Openings
TE3zAmrn,black,,,False,,105,Irregular Openings
WK10qITF,black,,queenside,False,,67,Trompowsky Attack
KBTOgjoE,black,,kingside,False,,60,Reti Opening
Aastkpiq,black,,,False,,75,Irregular Openings
rNpw1Dom,white,kingside,,False,,116,Irregular Openings
IpTCz5Yp,black,,kingside,False,,62,Irregular Openings
jKXAPjfg,black,,,False,,43,Reti Opening
Yst7Zujl,black,,,False,,68,Trompowsky Attack
gJqUJ4bv,white,kingside,,False,,88,Irregular Openings
Lrs1eCCI,white,kingside,,False,,108,Irregular Openings
S7fXY3Dq,black,,kingside,False,,42,Irregular Openings
F3sqntWb,black,,,False,,88,Irregular Openings
5eAjG50t,black,,,False,,107,Slav Defense
JTZCRdoR,black,,,False,,50,Irregular Openings
SWWG4COq,black,,queenside,False,,47,Irregular Openings
ZBjOnpAS,white,kingside,,False,,49,Irregular Openings
ZbIx9R9F,white,kingside,,False,,55,Irregular Openings
yF094Lxc,white,,,False,,91,Irregular Openings
dtEjymjZ,white,kingside,,False,,130,Irregular Openings
wn0J24Zm,black,,,False,,61,Uncommon King Pawn
VjSjdWnr,white,queenside,,False,,141,Irregular Openings
hoSPqNST,black,,,False,,129,Reti Opening
tUgXUmt5,white,queenside,,False,,98,Irregular Openings
DPJQGNcO,black,,,False,,172,Trompowsky Attack
TDYTQXza,black,,,False,,174,Irregular Openings
7bg2lhHH,black,,queenside,False,,115,Trompowsky Attack
6t2F6m4G,black,,kingside,False,,86,Uncommon King Pawn
LKrvrcTr,black,,kingside,False,,104,Trompowsky Attack
jFPQsGWL,black,,kingside,False,,32,Irregular Openings
jPM92r4X,black,,,False,,88,Uncommon King Pawn
uDHTxnxs,black,,,False,,140,Irregular Openings
Pq6lEATz,white,kingside,,False,,57,Irregular Openings
C5nDaxBY,black,,kingside,False,,237,Irregular Openings
H2n8Vmh3,black,,queenside,False,,88,Trompowsky Attack
ecqsPIjj,white,kingside,,False,,31,Irregular Openings
88H61DKo,black,,,False,,39,Uncommon King Pawn
KaWx6N4p,black,,,False,,63,Uncommon King Pawn
m2t24v43,black,,kingside,False,,78,Uncommon King Pawn
lz4yHZjo,white,kingside,,False,,39,Irregular Openings
fyd3636U,black,,,False,,37,Trompowsky Attack
NBGuDPDo,white,kingside,,False,,47,Irregular Openings
mcH1k43t,black,,kingside,False,,214,Irregular Openings
dzSjklxb,black,,,False,,123,Uncommon King Pawn
1GeevXSQ,black,,,False,,98,Irregular Openings
VlzBbMRH,white,kingside,,False,,117,Irregular Openings
pDMAF7Tf,white,kingside,,False,,65,Irregular Openings
JB2htGB5,white,kingside,,False,,107,Irregular Openings
FNU5ZdlX,white,kingside,,False,,96,Irregular Openings
0fazB8jK,black,,queenside,False,,67,Trompowsky Attack
lEf1TRto,white,kingside,,False,,76,Irregular Openings
w2f2ad5L,black,,kingside,False,,38,Reti Opening
UOOb2rW4,black,,kingside,False,,46,Slav Defense
gJaNeOSi,black,,,False,,87,Reti Opening
7ihITcze,white,,,False,,16,Reti Opening
bd92ZUFq,white,kingside,,False,,39,Irregular Openings
lsBftsdF,white,kingside,,False,,88,Irregular Openings
mTl8o0fX,white,kingside,,False,,141,Irregular Openings
PFVBCpoJ,black,,,False,,88,Uncommon King Pawn
AHpH4D9T,black,,kingside,False,,104,Uncommon King Pawn
DyaL2gEv,white,kingside,,False,,64,Irregular Openings
VHkIj7sm,black,,queenside,False,,217,Trompowsky Attack
0ACkACpd,black,,kingside,False,,160,Uncommon King Pawn
gOBREFGN,white,,,False,,116,Irregular Openings
tr2djT6h,black,,kingside,False,,91,English Opening
jOmFcqoJ,white,kingside,,False,,111,Irregular Openings
BvjzpZyu,white,kingside,,False,,84,Irregular Openings
fBO6F6Bt,white,kingside,,False,,81,Irregular Openings
ENo27K7Q,black,,,False,,44,Trompowsky Attack
5maxnyca,white,,,False,,51,Irregular Openings
Gfbn6zZn,black,,,False,,32,Irregular Openings
41tf6uyn,white,kingside,,False,,98,Irregular Openings
Sg7n9O3I,black,,,False,,67,Irregular Openings
PxqnQ1Ty,white,kingside,,False,,61,Irregular Openings
CaAJWJXv,white,,,False,,45,Irregular Openings
Ntx0VnpI,black,,kingside,False,,111,Irregular Openings
WtjfRq3J,black,,,False,,93,Irregular Openings
SBU8iy7e,black,,,False,,51,Irregular Openings
IG8yoAUc,white,kingside,,False,,153,Irregular Openings
r6TFRvTG,white,kingside,,False,,126,Irregular Openings
6fVMKWCs,white,kingside,,False,,52,Irregular Openings
oxSxxP38,white,kingside,,False,,124,Irregular Openings
pA8Is0qf,black,,queenside,False,,75,Uncommon King Pawn
OrR9zO1r,black,,kingside,False,,119,Uncommon King Pawn
okVaTjhU,white,kingside,,False,,33,Irregular Openings
SzV44O4x,white,kingside,,False,,45,Irregular Openings
MtOlYxSi,white,,,False,,41,Irregular Openings
XalLgw9e,black,,,False,,74,Irregular Openings
QgYZlYtD,black,,,False,,66,Irregular Openings
HoG7zjDA,white,kingside,,False,,49,Irregular Openings
dkmS1NjT,black,,,False,,83,Trompowsky Attack
KDJQFwhU,white,kingside,,False,,66,Irregular Openings
474cugeM,white,queenside,,False,,74,Irregular Openings
WW22jbbg,white,kingside,,False,,33,Irregular Openings
jqmq2YQI,black,,,False,,83,Uncommon King Pawn
97UbDooF,white,kingside,,False,,51,Irregular Openings
VX4gjugk,white,kingside,,False,,41,Irregular Openings
LdMPe0Me,black,,kingside,False,,49,Slav Defense
lZBpBq0P,white,,,False,,71,Irregular Openings
h95e5IpZ,black,,kingside,False,,40,Irregular Openings
MGVB8tX6,black,,,False,,94,Uncommon King Pawn
z7NMxffm,white,,,False,,37,Irregular Openings
EehXaEg4,black,,,False,,111,Irregular Openings
cskiqAVx,white,,,False,,138,Irregular Openings
sKIA9ab1,black,,,False,,10,Uncommon King Pawn
4JDqtoe7,white,kingside,,False,,82,Irregular Openings
wD3mGBZa,black,,kingside,False,,71,Uncommon King Pawn
wnlSfZgQ,white,kingside,,False,,113,Irregular Openings
qomf5LDl,white,kingside,,False,,94,Irregular Openings
E4DZ21eU,black,,kingside,False,,42,Irregular Openings
XKlXkxjZ,white,kingside,,False,,54,Irregular Openings
oaP6wzY9,black,,kingside,False,,37,Irregular Openings
dc7N7PZh,white,kingside,,False,,52,Irregular Openings
cJn2fhm1,black,,,False,,75,Slav Defense
nkUlFMFG,white,kingside,,False,,63,Irregular Openings
eBlfQtlN,white,kingside,,False,,98,Irregular Openings
PuMnVo36,black,,,False,,43,Reti Opening
ggGQCOhs,black,,,False,,151,Uncommon King Pawn
t2rhNPz5,white,queenside,,False,,66,Irregular Openings
vJQOftL0,white,kingside,,False,,90,Irregular Openings
sqsKjRds,black,,kingside,False,,61,English Opening
ttEU1Bb2,black,,,False,,6,Reti Opening
pgZesIBd,black,,kingside,False,,115,Uncommon King Pawn
pz4Mm7bQ,white,,,False,,45,Irregular Openings
5OPHM7rA,black,,,False,,37,Slav Defense
uMYKk3Tn,white,kingside,,False,,144,Irregular Openings
UCIGCPiL,black,,kingside,False,,88,Uncommon King Pawn
5uiONA3B,white,kingside,,False,,130,Irregular Openings
lKdAHKr7,black,,kingside,False,,151,Nimzo-Indian Defense
akrD3dzd,black,,queenside,False,,40,Nimzo-Indian Defense
2UoI4JpW,black,,,False,,84,Trompowsky Attack
DWypNNDz,white,kingside,,False,,76,Irregular Openings
evlzWqLr,black,,kingside,False,,39,Uncommon King Pawn
gT2OezPk,white,,,False,,57,Irregular Openings
OwMvX350,white,,,False,,49,Irregular Openings
XA5VEfrO,white,kingside,,False,,55,Irregular Openings
TID8gFJd,white,,,False,,77,Irregular Openings
XX8eVObD,black,,kingside,False,,76,Irregular Openings
W2v8AGr4,white,kingside,,False,,57,Irregular Openings
lCdd6SVf,black,,,False,,72,Trompowsky Attack
vJjdYMa0,white,,,False,,19,Irregular Openings
8bZtVmsD,black,,queenside,False,,37,Uncommon King Pawn
tx9vTNtk,white,kingside,queenside,True,6,239,Irregular Openings
g1UFs6MK,white,kingside,,False,,61,Irregular Openings
vd9vmqUo,black,,,False,,60,Trompowsky Attack
jitFb6oT,black,,kingside,False,,125,English Opening
EDkugZbU,black,,kingside,False,,34,Nimzo-Indian Defense
azwpVESV,white,,,False,,85,Irregular Openings
IoCNMDDg,black,,queenside,False,,69,Trompowsky Attack
FEBrG0kp,black,,,False,,53,Irregular Openings
UzMkyYrN,black,,,False,,131,Reti Opening
XY4wJNEf,black,,kingside,False,,58,Irregular Openings
jYZdvUfR,white,kingside,,False,,53,Irregular Openings
Z6t4y9TI,black,,,False,,72,Irregular Openings
Sz7RGjlI,black,,,False,,61,Irregular Openings
65yvURNr,black,,queenside,False,,67,Trompowsky Attack
E58IdtO4,white,kingside,,False,,91,Irregular Openings
Ps6mo9Of,white,,,False,,49,Irregular Openings
wBUdByER,black,,queenside,False,,46,Reti Opening
1WOrsH3P,white,kingside,,False,,218,Irregular Openings
jyalyJkG,white,,,False,,37,Irregular Openings
fLMughWL,white,queenside,,False,,37,Irregular Openings
ZS80mEmT,black,,kingside,False,,40,Irregular Openings
6Ua6kyuf,white,queenside,,False,,35,Irregular Openings
8U46lUW3,black,,,False,,48,Uncommon King Pawn
FHlT0om6,white,queenside,,False,,74,Irregular Openings
akgaoCaX,white,kingside,,False,,114,Irregular Openings
T6k0ZS7S,black,,kingside,False,,104,Reti Opening
IGCclU0T,white,kingside,,False,,45,Irregular Openings
w6MImkIC,white,kingside,,False,,91,Irregular Openings
MEzcGWjw,white,,,False,,47,Irregular Openings
tSQwy3IB,black,,kingside,False,,52,Catalan Opening
2YvbSBzR,white,kingside,,False,,83,Irregular Openings
kNwzkQdH,white,,,False,,49,Irregular Openings
8HXmdWzw,white,,,False,,16,Irregular Openings
eiXvCtXA,black,,kingside,False,,32,Irregular Openings
AeEGkWK8,black,,kingside,False,,106,Irregular Openings
rJMr26VA,black,,kingside,False,,80,Uncommon King Pawn
oWBabTni,white,kingside,,False,,147,Irregular Openings
e4uQe27D,white,kingside,,False,,84,Reti Opening
5ZjJUIkZ,white,queenside,,False,,53,Irregular Openings
6G4JJObu,black,,kingside,False,,70,Irregular Openings
7VXjbq1C,black,,,False,,39,Reti Opening
vN8CpNI0,black,,kingside,False,,106,Irregular Openings
maaDjkmi,white,kingside,,False,,60,Reti Opening
oAzg0AjG,white,kingside,,False,,49,Reti Opening
MTHDthpr,white,kingside,,False,,52,Reti Opening
vSnQGlon,white,kingside,,False,,48,Reti Opening
tOy3iR1D,black,,kingside,False,,35,Trompowsky Attack
XzM1IC6s,white,kingside,,False,,59,Reti Opening
79thysjk,white,,,False,,64,Reti Opening
xxweJzzM,white,kingside,,False,,52,Reti Opening
epuLkDw2,white,kingside,,False,,53,Reti Opening
W5fgA7IQ,white,kingside,,False,,75,Reti Opening
Gs4CseJe,black,,,False,,10,Irregular Openings
cGkzgZfy,white,kingside,,False,,80,Reti Opening
vLcyZex9,white,kingside,,False,,90,Reti Opening
6IxVSrHk,black,,kingside,False,,26,Irregular Openings
XbYHviCE,black,,queenside,False,,102,Irregular Openings
AVYvPTw8,white,kingside,,False,,71,Reti Opening
VnCGxoGS,black,,queenside,False,,76,Uncommon King Pawn
2eNbzTFm,black,,kingside,False,,37,Uncommon King Pawn
Y6wYVVdY,white,kingside,,False,,55,Reti Opening
jyE3ODnm,white,kingside,,False,,122,Reti Opening
2axmfeBc,black,,kingside,False,,77,Irregular Openings
NwZw3tx4,black,,queenside,False,,52,Nimzo-Indian Defense
wSIcyxYv,white,kingside,,False,,84,Irregular Openings
foW3OOdS,white,,,False,,26,Reti Opening
ObtcXgiS,white,queenside,,False,,40,Irregular Openings
9CM63III,white,kingside,,False,,68,Reti Opening
vZfVKeBL,black,,,False,,6,Slav Defense
Uu6Ymf7g,black,,,False,,39,Irregular Openings
abb8YNDa,white,,,False,,71,Reti Opening
Fbw8jyTM,white,,,False,,63,Irregular Openings
u24naghC,black,,,False,,93,Uncommon King Pawn
FlJ1ojAF,white,kingside,,False,,44,Reti Opening
LhjijR38,white,kingside,,False,,60,Reti Opening
pzKylbzH,black,,,False,,80,Uncommon King Pawn
8sNW5arB,black,,,False,,57,Uncommon King Pawn
hHs6LP0T,white,kingside,,False,,133,Reti Opening
YzG1YHLZ,white,,,False,,2,Reti Opening
hDDw3Rz3,white,kingside,,False,,54,Reti Opening
QtEUlhZP,black,,,False,,50,English Opening
Ui7XuzJz,black,,,False,,21,Reti Opening
vqnMIngw,black,,,False,,41,Irregular Openings
unzII744,black,,,False,,87,Irregular Openings
Sq5iRirq,white,kingside,,False,,69,Reti Opening
RcUvi5Ey,black,,kingside,False,,33,English Opening
OzrZ8evi,black,,,False,,161,Irregular Openings
7XyzBt1N,black,,,False,,55,Trompowsky Attack
eMMj6YnT,black,,queenside,False,,45,Trompowsky Attack
AufaDgh6,black,,queenside,False,,42,Reti Opening
sqwLHBD7,black,,,False,,111,Uncommon King Pawn
iQEz9f96,white,kingside,,False,,64,Reti Opening
Hmuv9Miz,black,,,False,,27,Irregular Openings
WwEIrW8W,black,,,False,,38,Irregular Openings
QMKzMweI,black,,,False,,53,Irregular Openings
qBEGIBHV,black,,,False,,41,Uncommon King Pawn
M6EFSOVD,black,,,False,,90,Irregular Openings
c7qq3cfA,black,,,False,,17,Irregular Openings
QS91lnpa,white,kingside,,False,,39,Reti Opening
KrQJviSI,white,kingside,,False,,120,Reti Opening
15azTSnp,white,,,False,,33,Reti Opening
ZijenrLw,white,kingside,,False,,42,Reti Opening
9q6g9C80,white,,,False,,25,Reti Opening
gAOU6dzh,black,,kingside,False,,79,Uncommon King Pawn
Y4Kbzs8w,black,,,False,,35,Irregular Openings
0ffMgWEf,white,kingside,,False,,52,Reti Opening
O9aRg9FR,black,,,False,,77,Irregular Openings
5vR3s48v,white,kingside,,False,,41,Reti Opening
qKyhnUYJ,black,,,False,,55,Irregular Openings
sVLVx0pa,black,,,False,,43,Irregular Openings
VPsmUM29,black,,,False,,34,Uncommon King Pawn
sJll8ilC,black,,,False,,37,Uncommon King Pawn
gKa5ZOlZ,black,,kingside,False,,78,Trompowsky Attack
iymVCrWq,black,,,False,,58,Trompowsky Attack
Ot5rCQHs,black,,kingside,False,,98,Uncommon King Pawn
FDxRUpkn,white,kingside,,False,,121,Reti Opening
bqZpUDRq,white,kingside,,False,,42,Reti Opening
VWqMHHXz,black,,,False,,61,Uncommon King Pawn
xa7491uS,white,,,False,,69,Irregular Openings
sjO7Z2bJ,white,,,False,,43,Reti Opening
wWdhUl6E,white,,,False,,77,Reti Opening
kBtRrROj,black,,kingside,False,,54,Uncommon King Pawn
l7H4owse,black,,kingside,False,,78,Irregular Openings
q5GeAa6K,white,,,False,,85,Reti Opening
yetr1ktj,white,kingside,,False,,66,Reti Opening
CyaLU9BC,white,,,False,,29,Irregular Openings
JveYUAUK,white,kingside,,False,,83,Irregular Openings
CMfT09w1,white,,,False,,89,Irregular Openings
69cK59R6,black,,kingside,False,,66,Trompowsky Attack
aA0zMLoD,white,kingside,,False,,60,Reti Opening
leDR0vdc,white,queenside,,False,,67,Irregular Openings
2DsqTyTz,black,,,False,,109,Irregular Openings
E5hLd3I3,white,kingside,,False,,142,Reti Opening
754VsLP3,black,,kingside,False,,32,Irregular Openings
g5uNyrhk,black,,kingside,False,,79,French Defense
2SsJdVAr,white,kingside,,False,,95,Reti Opening
aAHuaM3e,black,,,False,,103,Uncommon King Pawn
GkhYbdde,black,,,False,,93,Uncommon King Pawn
4PCdiJIW,black,,,False,,64,Irregular Openings
NyiWYTES,white,kingside,,False,,124,Reti Opening
usSurTQZ,white,kingside,,False,,81,Reti Opening
Qy2boGwR,white,,,False,,94,Irregular Openings
GEpwJjJM,black,,,False,,21,Uncommon King Pawn
1yJrBczC,white,kingside,,False,,147,Reti Opening
DMy1q3nO,white,kingside,,False,,115,Reti Opening
JrifGCA4,black,,kingside,False,,142,Reti Opening
vDQ8z94q,white,kingside,,False,,43,Irregular Openings
TBF2TU3z,white,kingside,,False,,52,Reti Opening
47cA3gen,black,,kingside,False,,53,Uncommon King Pawn
VObFSYJq,white,kingside,,False,,28,Reti Opening
tGrlkHb1,white,kingside,,False,,196,Reti Opening
feTqat2a,black,,,False,,104,English Opening
ErGtiMxY,black,,kingside,False,,62,English Opening
en0yk6Jd,white,kingside,,False,,60,Reti Opening
jQ1Bbj9o,white,kingside,,False,,60,Reti Opening
nS3Jlk5b,white,kingside,,False,,49,Reti Opening
J2PiCEhQ,black,,kingside,False,,56,Irregular Openings
W5cgERM0,black,,kingside,False,,56,Irregular Openings
h2OT6u6Z,white,kingside,,False,,70,Reti Opening
RYqe5OV0,white,,,False,,50,Reti Opening
gGui6LC2,black,,,False,,119,French Defense
Ts9dWcPD,white,kingside,,False,,75,Reti Opening
R5E6t4g5,black,,kingside,False,,64,French Defense
XY3XliY2,white,kingside,,False,,35,Irregular Openings
Pu6HxFcZ,black,,,False,,97,Irregular Openings
SvTREtEZ,white,kingside,,False,,60,Reti Opening
5zv8iAKT,white,kingside,,False,,134,Reti Opening
IE0vBmvx,white,,,False,,99,Irregular Openings
MCPpMqX5,black,,kingside,False,,111,Uncommon King Pawn
UmymuXX6,white,,,False,,122,Irregular Openings
Xk1Eu9XN,black,,queenside,False,,65,Irregular Openings
hLk5swtU,black,,queenside,False,,91,Trompowsky Attack
Imf4Dfgb,white,kingside,,False,,111,Irregular Openings
mAzAAo5N,black,,,False,,91,Reti Opening
k9Vkyp4v,black,,kingside,False,,71,Uncommon King Pawn
8ANqwdb8,black,,,False,,92,French Defense
nsnqC4KT,white,kingside,,False,,45,Reti Opening
XzsQ76si,white,queenside,,False,,52,Irregular Openings
SF7H7R2x,black,,kingside,False,,44,Indian Defenses
9QeLF15P,black,,kingside,False,,31,Uncommon King Pawn
N5jVo3C3,white,kingside,,False,,65,Reti Opening
JLmwOEDO,white,kingside,,False,,50,Reti Opening
qKejF4SF,white,queenside,,False,,85,Reti Opening
M5Sg1WPa,black,,kingside,False,,50,French Defense
QsW31RtJ,black,,kingside,False,,41,Uncommon King Pawn
gJl2LJXn,white,kingside,,False,,79,Reti Opening
yX4JxIxJ,white,kingside,,False,,68,Reti Opening
U9yw3VDJ,black,,,False,,98,Irregular Openings
Rts5OoFI,black,,,False,,88,Trompowsky Attack
liwmVoXX,black,,kingside,False,,44,Irregular Openings
UxTL9TSB,white,kingside,,False,,72,Reti Opening
TlAVRskv,white,kingside,,False,,149,Reti Opening
8WqKJtH5,black,,queenside,False,,95,Slav Defense
P3ppH8fS,white,kingside,,False,,75,Reti Opening
1XfRnqLv,black,,,False,,39,Trompowsky Attack
JnJXH0EX,white,kingside,,False,,94,Reti Opening
drAkWwoa,white,kingside,,False,,52,Reti Opening
RhsDEuAP,black,,,False,,1,Uncommon King Pawn
FrtUJTSp,white,,,False,,37,Irregular Openings
vb3Xtsn0,black,,kingside,False,,45,Uncommon King Pawn
zGTtDrWz,white,,,False,,144,Reti Opening
l03YrHY6,white,kingside,,False,,47,Reti Opening
WuC8oVQD,black,,,False,,43,Uncommon King Pawn
PcQbzVke,black,,kingside,False,,113,Irregular Openings
FEbgpbiV,black,,kingside,False,,69,Uncommon King Pawn
Ylgsah5K,white,kingside,,False,,120,Reti Opening
eTmNhtiQ,white,,,False,,41,Reti Opening
NOFB3unh,black,,kingside,False,,142,Uncommon King Pawn
HcQJwqCd,black,,kingside,False,,45,English Opening
YswX1Ggz,black,,,False,,106,Uncommon King Pawn
w0jA1xcq,white,kingside,,False,,83,Reti Opening
eRcAyi8b,white,,,False,,43,Irregular Openings
sAHcsMnR,white,,,False,,42,Reti Opening
GVYiSqmM,white,kingside,,False,,52,Reti Opening
L5I8jFmw,black,,,False,,35,Trompowsky Attack
UyfcMF0s,black,,,False,,93,Irregular Openings
AQrqZM0Z,black,,queenside,False,,139,Trompowsky Attack
Jyy0bFx3,black,,,False,,64,Irregular Openings
qfZdMEX4,black,,queenside,False,,113,Trompowsky Attack
EBJfppgL,white,kingside,,False,,102,Reti Opening
h3UnrbQy,black,,,False,,164,Irregular Openings
etidVcJu,white,,,False,,31,Reti Opening
neVNmXBJ,black,,kingside,False,,31,Uncommon King Pawn
CMOhZ7Qz,black,,,False,,49,Irregular Openings
4Ih5ISq8,black,,,False,,66,Irregular Openings
t19mIQMi,black,,queenside,False,,40,Irregular Openings
SKbmTWL0,white,kingside,,False,,105,Reti Opening
G9NNBbhR,white,kingside,,False,,71,Reti Opening
ZMDOdPa2,white,kingside,,False,,73,Reti Opening
JKj2x9f0,black,,,False,,65,Irregular Openings
QKVXnL4A,white,kingside,,False,,66,Reti Opening
Er0NYV2S,white,kingside,,False,,24,Reti Opening
sckWMVcf,black,,,False,,101,Irregular Openings
e5YONhwA,black,,,False,,74,Slav Defense
w4h11i6M,white,,,False,,64,Irregular Openings
geTng2bz,black,,kingside,False,,65,Uncommon King Pawn
vOJr5Q6J,white,queenside,,False,,135,Reti Opening
KFhWFWes,black,,kingside,False,,82,Irregular Openings
cNbyAfcC,white,,,False,,26,Reti Opening
MDSvrxv2,black,,kingside,False,,59,Trompowsky Attack
m9asDDWE,white,,,False,,16,Reti Opening
USihUlnZ,black,,kingside,False,,120,Reti Opening
5s6BNaVr,white,kingside,,False,,47,Reti Opening
LXGXZsup,white,,,False,,58,Reti Opening
fuBvV5xz,white,kingside,,False,,72,Reti Opening
9b9AWJeu,white,kingside,,False,,36,Reti Opening
iV9o4bk2,white,,,False,,37,Irregular Openings
Pr7NAT2a,white,kingside,,False,,134,Reti Opening
znIDmjcx,black,,kingside,False,,32,Irregular Openings
xhbVmcPG,white,kingside,,False,,64,Reti Opening
p0iKyfEA,white,kingside,,False,,124,Reti Opening
AUrugvvq,black,,kingside,False,,35,French Defense
sAKXlOSW,white,kingside,,False,,77,Reti Opening
dN7kWOO9,white,,,False,,38,Reti Opening
xaCU4B9z,white,,,False,,32,Reti Opening
74zGEizK,white,kingside,,False,,94,Reti Opening
xofgyS5W,white,,,False,,55,Irregular Openings
w2bjaqhg,black,,,False,,33,Uncommon King Pawn
onp87OiV,white,kingside,,False,,55,Reti Opening
CQaR5i1m,white,,,False,,30,Reti Opening
aBPIjTBF,white,,,False,,49,Reti Opening
9AxVUgiY,black,,kingside,False,,81,Uncommon King Pawn
JdUjo4oS,white,kingside,,False,,40,Reti Opening
qSKXyCZh,black,,kingside,False,,43,Uncommon King Pawn
sz3pUxXM,white,kingside,,False,,72,Reti Opening
RBnhS6S7,white,kingside,,False,,100,Reti Opening
8FUE4SPI,black,,kingside,False,,70,Irregular Openings
8KkK6Hl7,black,,,False,,18,Queen's Pawn Game
PsGKrrD0,black,,kingside,False,,56,Irregular Openings
pMPImouJ,white,kingside,,False,,102,Reti Opening
xFhljLVv,black,,,False,,47,Uncommon King Pawn
G2m9STAl,black,,queenside,False,,63,Irregular Openings
yysuwnJl,white,,,False,,84,Irregular Openings
P6WHGGeH,white,,,False,,56,Reti Opening
AxKXLsAs,white,queenside,,False,,60,Reti Opening
x92zxyWb,white,kingside,,False,,20,Reti Opening
0Z6n9sMn,white,,,False,,75,Reti Opening
dKpzuf1f,black,,,False,,29,Irregular Openings
VGbo9dOs,white,,,False,,63,Irregular Openings
jYr0xXj0,black,,kingside,False,,49,Uncommon King Pawn
7XHEKFrY,white,kingside,,False,,81,Reti Opening
xkFZ9vbD,black,,,False,,89,Irregular Openings
NiGXajHi,white,,,False,,98,Irregular Openings
sTkAD6IW,black,,queenside,False,,68,Irregular Openings
Q1S8ZvGA,black,,queenside,False,,44,English Opening
xvldK6kI,black,,queenside,False,,114,Uncommon King Pawn
ccFXEMWU,white,kingside,,False,,104,Reti Opening
jtTM72qh,white,kingside,,False,,77,Irregular Openings
2YApBFcM,white,,,False,,33,Reti Opening
2nVrxBYV,white,,,False,,67,Irregular Openings
5J1eTxm2,black,,,False,,46,Irregular Openings
8kAThyLz,black,,queenside,False,,39,Irregular Openings
Lb1psaJj,black,,,False,,42,Irregular Openings
JseR0ibf,black,,,False,,141,Irregular Openings
94xXaBgv,black,,queenside,False,,73,Irregular Openings
5SYe0dab,black,,kingside,False,,19,Reti Opening
smmUZa7D,white,kingside,,False,,31,Reti Opening
syxmkbbO,white,kingside,,False,,38,Reti Opening
8jUVBXwe,white,kingside,,False,,70,Reti Opening
PfgauktY,white,kingside,,False,,75,Reti Opening
xnlcXJHV,white,kingside,,False,,104,Reti Opening
F8QshhSn,white,kingside,,False,,38,Reti Opening
S1Z4y9VU,white,,,False,,140,Irregular Openings
93cszeDS,black,,,False,,53,Uncommon King Pawn
H2sLdszt,black,,,False,,49,Uncommon King Pawn
259NqdrK,white,,,False,,49,Irregular Openings
ZpK4AiMv,black,,kingside,False,,72,Trompowsky Attack
pCvDc4qg,white,kingside,,False,,82,Reti Opening
Gq28O17y,white,queenside,,False,,99,Reti Opening
cIXUiVhr,black,,,False,,30,Irregular Openings
Pw1dTEZ7,black,,,False,,83,Uncommon King Pawn
bKPlrILE,black,,kingside,False,,19,Uncommon King Pawn
yLwSBVHu,white,kingside,,False,,60,Reti Opening
gXMRG9wq,white,queenside,,False,,109,Irregular Openings
QDsUhNLN,white,,,False,,105,Reti Opening
kab8pFbP,white,kingside,,False,,30,Reti Opening
jnqE6wub,black,,,False,,65,Reti Opening
Ghh1DBB4,black,,,False,,78,Irregular Openings
hvHQijHW,black,,kingside,False,,54,Irregular Openings
drLbyy36,black,,,False,,116,Irregular Openings
GJlsbiLb,white,,,False,,45,Reti Opening
qhsWGehC,black,,,False,,39,Reti Opening
YavB4S8k,black,,,False,,44,Irregular Openings
UzLMRBHe,white,kingside,,False,,52,Reti Opening
bgm2g9SM,white,kingside,,False,,91,Reti Opening
VWHjGskK,white,,,False,,81,Irregular Openings
TMs8DHMz,white,kingside,,False,,44,Reti Opening
yp0nFYMO,white,kingside,,False,,57,Irregular Openings
8uxb3zIv,white,,,False,,24,Reti Opening
BaWaQppH,white,,,False,,78,Reti Opening
ExyPYhgO,white,kingside,,False,,182,Reti Opening
7jxbHexK,white,kingside,,False,,41,Reti Opening
yAbA2wPJ,white,kingside,,False,,85,Reti Opening
dW5RYxvM,black,,kingside,False,,128,Uncommon King Pawn
OM0VR5SN,black,,kingside,False,,73,Uncommon King Pawn
qP9wKkUx,black,,,False,,83,Reti Opening
gRjwkLx5,white,kingside,,False,,53,Irregular Openings
9BMHuqjg,white,kingside,,False,,54,Reti Opening
Ma3EbLij,white,kingside,,False,,107,Reti Opening
84VkBoC0,white,kingside,,False,,77,Reti Opening
1HAGbY7A,black,,,False,,53,Uncommon King Pawn
Vn2uRdj0,white,kingside,,False,,98,Reti Opening
5sTXaURC,white,kingside,,False,,65,Irregular Openings
BHvmz35M,white,kingside,,False,,64,Reti Opening
a3vRAVIC,black,,,False,,87,Irregular Openings
pOPDo1Nn,black,,kingside,False,,61,Uncommon King Pawn
eNf8IRLC,black,,,False,,53,Irregular Openings
8M42bZOi,black,,,False,,117,Irregular Openings
CKOfFlTS,white,,,False,,96,Irregular Openings
PekaSv4U,black,,kingside,False,,89,Reti Opening
dBaQu0En,white,kingside,,False,,33,Irregular Openings
FY5t1KDz,white,,,False,,114,Reti Opening
da9MRqje,black,,,False,,60,Irregular Openings
KP22W07K,black,,,False,,91,Irregular Openings
1BeUgEqD,black,,,False,,40,Irregular Openings
Yg3ESmv5,black,,queenside,False,,35,Uncommon King Pawn
fmIJLRu3,white,,,False,,57,Irregular Openings
BLvMBNyk,black,,queenside,False,,105,Queen's Pawn Game
hPdMKDqz,black,,,False,,60,Irregular Openings
SexIRO4z,black,,,False,,92,English Opening
DGT8eT28,white,queenside,,False,,65,Reti Opening
IddahOLq,white,kingside,,False,,96,Reti Opening
UJAIHSwY,black,,,False,,39,English Opening
GeOKjTpE,white,kingside,,False,,124,Reti Opening
MyaNjSMs,black,,kingside,False,,28,Irregular Openings
JsWXujMm,white,kingside,,False,,60,Reti Opening
6j4pQBhq,white,kingside,,False,,46,Reti Opening
y4LFoByJ,white,kingside,,False,,38,Reti Opening
66FW1Jup,black,,kingside,False,,91,Uncommon King Pawn
eoiTTrhW,white,,,False,,15,Irregular Openings
HXb9Oo5H,white,,,False,,32,Reti Opening
T8PVpHpl,black,,,False,,51,Reti Opening
ub5vu47M,white,kingside,,False,,110,Reti Opening
UtNqR0EM,white,,,False,,31,Irregular Openings
vJWoKtPu,black,,queenside,False,,83,Uncommon King Pawn
VKKzDJ1y,black,,,False,,117,Irregular Openings
7J7FQElQ,black,,,False,,97,Irregular Openings
6ippzqLB,white,kingside,,False,,134,Reti Opening
FkWXYIBf,black,,,False,,154,Irregular Openings
SD5YRciP,black,,,False,,39,Reti Opening
Rl4QDyPn,white,kingside,,False,,82,Reti Opening
qyLw3f0m,black,,,False,,85,Uncommon King Pawn
oLb31OBX,white,,,False,,83,Irregular Openings
T7dslal9,white,kingside,,False,,261,Reti Opening
Cp5vyjVN,black,,kingside,False,,72,Uncommon King Pawn
vYfPcZwh,black,,,False,,81,Uncommon King Pawn
EkFiXB2q,black,,,False,,43,Reti Opening
zlmPTeGt,black,,,False,,119,Irregular Openings
BkWPGsBA,white,kingside,,False,,110,Reti Opening
4M2GmUrP,black,,,False,,107,Reti Opening
YQ6fNZ7P,black,,kingside,False,,43,Uncommon King Pawn
lrpvsKew,white,kingside,,False,,117,Reti Opening
avzKKlxk,white,kingside,,False,,37,Irregular Openings
QHtZIgp1,white,kingside,,False,,51,Irregular Openings
jXWiJLyk,black,,kingside,False,,193,Reti Opening
m5X7MnUR,black,,kingside,False,,40,Irregular Openings
sc6zqsY1,black,,kingside,False,,68,Reti Opening
f8Pr7Bxo,black,,,False,,19,Reti Opening
px4HBN9b,black,,,False,,18,Irregular Openings
HKt4yFPe,white,,,False,,38,Reti Opening
jDXsdLwd,black,,,False,,16,Trompowsky Attack
vFGb7J1p,white,kingside,,False,,144,Irregular Openings
jTauGTJ5,black,,,False,,54,Irregular Openings
s25Uvvtm,black,,,False,,60,Irregular Openings
miZzlr1D,black,,kingside,False,,45,English Opening
kJdwLBmd,white,kingside,,False,,105,Reti Opening
5iBOpHGa,black,,kingside,False,,142,Uncommon King Pawn
KK4KG5iW,white,kingside,,False,,68,Reti Opening
GJ378ebd,white,kingside,,False,,85,Reti Opening
nm1a5aKB,black,,kingside,False,,54,Indian Defenses
xBy2ofWp,black,,kingside,False,,32,Trompowsky Attack
3FJg3hJS,white,,,False,,34,Reti Opening
gcI9v86O,black,,,False,,26,Reti Opening
cCsWRG2C,black,,kingside,False,,167,Reti Opening
Wu6PF4MA,white,kingside,,False,,82,Reti Opening
VUD5M3Gl,white,queenside,,False,,43,Reti Opening
dTvXvtl6,black,,,False,,70,Trompowsky Attack
ax5KZm9I,white,kingside,,False,,84,Reti Opening
zvF1WHBq,white,kingside,,False,,70,Reti Opening
LEF8I5fc,white,kingside,,False,,103,Reti Opening
sMBpCtyq,black,,kingside,False,,112,English Opening
FxnNT8y2,white,kingside,,False,,66,Reti Opening
TXj8QTXu,black,,,False,,56,Irregular Openings
3XQCmMFP,black,,queenside,False,,118,Uncommon King Pawn
rG3Q0FPs,white,queenside,,False,,138,Reti Opening
1o4PMceJ,black,,,False,,24,Irregular Openings
ukx06g4Q,black,,kingside,False,,61,Uncommon King Pawn
pqr6Mcu9,black,,,False,,52,Irregular Openings
QJvwmdwH,black,,queenside,False,,117,Uncommon King Pawn
ucx95pia,black,,,False,,68,English Opening
opoKgnBl,black,,queenside,False,,110,Uncommon King Pawn
sTVBRo3n,black,,,False,,24,Irregular Openings
8w0kAWDU,black,,,False,,48,Irregular Openings
0ib4NGMb,black,,kingside,False,,85,Nimzo-Indian Defense
Nm5hS91k,white,kingside,,False,,158,Reti Opening
A2SSXuwR,black,,kingside,False,,44,Irregular Openings
tDqePGi1,black,,,False,,40,Irregular Openings
AXqEBq08,white,,,False,,36,Reti Opening
X8df3lBT,white,,,False,,4,Reti Opening
o4UoDZAP,black,,kingside,False,,71,Slav Defense
tVQR0WXO,black,,,False,,55,Irregular Openings
59ft3tcf,white,kingside,,False,,39,Irregular Openings
94RaLxBG,black,,,False,,90,French Defense
byIDjTY4,white,kingside,,False,,109,Irregular Openings
LKSB1ltS,white,,,False,,71,Irregular Openings
jJpYmEPp,white,kingside,,False,,47,Queen's Pawn
9jeiXrPC,white,kingside,,False,,69,Irregular Openings
3YlpLswE,white,kingside,,False,,161,Queen's Pawn
T1vvKk2B,white,,,False,,53,Irregular Openings
vFeVNdwv,white,,,False,,65,Irregular Openings
SdYCpZXv,black,,,False,,29,French Defense
gTmt9Ny2,black,,,False,,49,Reti Opening
Jh1WcJTp,black,,,False,,72,Irregular Openings
Gy7RkCRo,black,,,False,,104,Irregular Openings
pxH2fjI1,white,kingside,,False,,103,Irregular Openings
IHtBkM3p,white,,,False,,35,Irregular Openings
2nuJQ0w4,white,kingside,,False,,47,Irregular Openings
ehgArNY4,black,,,False,,53,Reti Opening
Z6NiqeXH,white,queenside,,False,,50,Irregular Openings
wmvujd7F,black,,kingside,False,,60,Irregular Openings
zaLqZKAd,white,kingside,,False,,51,Irregular Openings
6PiZhQ7s,white,,,False,,27,Queen's Pawn
oXy31uk3,white,kingside,,False,,101,Irregular Openings
k5YXXj7a,black,,kingside,False,,160,Irregular Openings
3lb02Mdb,black,,queenside,False,,35,Irregular Openings
echOngig,white,kingside,,False,,79,Irregular Openings
ZidUFqb1,white,kingside,,False,,62,Irregular Openings
Yb52zDwf,white,kingside,,False,,145,Irregular Openings
TZ07ofm6,black,,,False,,55,French Defense
kPUVvW9A,white,,,False,,57,Irregular Openings
gbYW6bo8,white,kingside,,False,,62,Irregular Openings
iBVZ7jwa,white,,,False,,31,Irregular Openings
epnKYnN2,black,,,False,,78,English Opening
l5l5cOsB,black,,queenside,False,,20,Irregular Openings
AgS6UuDt,white,kingside,,False,,111,Irregular Openings
WvqGhslE,white,,,False,,16,Irregular Openings
pQJldRZq,black,,,False,,83,Irregular Openings
1oARNhME,white,,,False,,27,Irregular Openings
V59ZwoK3,black,,,False,,59,Irregular Openings
zBIhiM3U,black,,kingside,False,,57,Uncommon King Pawn
QvQ2FjJ7,white,kingside,,False,,41,Irregular Openings
0hoiZV0C,white,kingside,,False,,27,Irregular Openings
cAbrlQ3P,black,,,False,,80,Queen's Pawn
BA7U8VqT,black,,kingside,False,,55,English Opening
SETVrrZH,white,kingside,,False,,43,Irregular Openings
W00WpTOT,white,kingside,,False,,82,Irregular Openings
XI7UNVpW,black,,kingside,False,,33,Reti Opening
UYAm73JD,white,kingside,,False,,47,Irregular Openings
5sEDvF7O,white,kingside,,False,,82,Irregular Openings
CVvIr9Ht,black,,kingside,False,,40,English Opening
pYhPN1Ga,black,,,False,,102,Irregular Openings
uEb5OTfR,black,,kingside,False,,55,English Opening
X1LDCokr,white,kingside,,False,,87,Irregular Openings
kF9vrNir,white,,,False,,72,Queen's Pawn Game
TcN22TZF,white,kingside,,False,,77,Irregular Openings
KnAsfU4H,white,kingside,,False,,65,Irregular Openings
Z6oOWuZY,white,kingside,,False,,86,Irregular Openings
YFpCl4nT,black,,kingside,False,,55,English Opening
drrmMVNz,white,kingside,,False,,65,Irregular Openings
QsHzhtz4,white,kingside,,False,,87,Irregular Openings
i0ubIUNy,black,,,False,,41,French Defense
5dbG6BXr,black,,kingside,False,,106,English Opening
s6nWl9MN,white,kingside,,False,,111,Irregular Openings
qvBVMYMe,black,,kingside,False,,55,English Opening
fcBiDdK6,white,kingside,,False,,82,Irregular Openings
vsb2eHpC,white,kingside,,False,,37,Irregular Openings
8BgN9hHW,black,,kingside,False,,55,English Opening
KHSFNUe0,black,,kingside,False,,55,English Opening
mURlwf9q,black,,kingside,False,,55,English Opening
R9uuI7ss,black,,kingside,False,,55,English Opening
x0qQI6ac,black,,kingside,False,,118,English Opening
nBrucJwi,black,,kingside,False,,40,English Opening
jX1nYVKd,black,,kingside,False,,55,English Opening
c7pfBJZa,white,kingside,,False,,87,Irregular Openings
7S7Qne9Q,white,kingside,,False,,78,Irregular Openings
abMzXTAI,black,,,False,,5,Irregular Openings
RkHQNIax,black,,kingside,False,,40,English Opening
QRXdWbuD,black,,kingside,False,,55,English Opening
bNEVlTkA,black,,kingside,False,,55,English Opening
4U6TikeZ,black,,kingside,False,,55,English Opening
NMa8IToj,black,,queenside,False,,134,Queen's Pawn
8jGBT8eX,black,,,False,,31,Irregular Openings
DTHtkoPr,black,,,False,,57,Queen's Pawn
r4Nad9SP,white,kingside,,False,,111,Irregular Openings
SdGZeMre,white,kingside,,False,,82,Irregular Openings
7B9x0hQA,white,kingside,,False,,82,Irregular Openings
eyPIrWbu,black,,kingside,False,,40,French Defense
yXaFHXmc,black,,kingside,False,,97,Irregular Openings
81hBOO8E,black,,,False,,26,Irregular Openings
TtuKJx97,black,,queenside,False,,117,Irregular Openings
z1eyBbrH,black,,kingside,False,,26,Irregular Openings
VCyDWlA2,black,,kingside,False,,50,French Defense
ZAxLVyio,white,,,False,,31,Irregular Openings
DroPzcU9,black,,,False,,37,Irregular Openings
VJsx9m4R,black,,kingside,False,,28,French Defense
YWfYvbH2,white,kingside,,False,,41,Irregular Openings
ESZ2AQVv,black,,,False,,53,Queen's Pawn
w4hoL0m1,black,,,False,,5,Uncommon King Pawn
WnFWIbaY,black,,kingside,False,,103,Queen's Pawn
ZGxks2We,white,,,False,,11,Irregular Openings
bKQWQ7wq,black,,,False,,21,Irregular Openings
YcZgziDX,black,,,False,,70,Reti Opening
ZD4OrY3X,black,,,False,,32,French Defense
ty2JZgBX,white,kingside,,False,,70,Irregular Openings
puEniW2I,white,kingside,,False,,112,Queen's Pawn
XVKv8B0W,black,,,False,,33,Reti Opening
OWMcolmf,black,,kingside,False,,76,French Defense
gAmLrJsw,black,,,False,,18,French Defense
16OoAldP,black,,,False,,75,Irregular Openings
OgyMmlhC,black,,kingside,False,,79,Queen's Pawn
ilzluCz8,black,,,False,,58,Irregular Openings
d1zUQnFc,white,queenside,,False,,59,Irregular Openings
E8uU9gnD,white,kingside,,False,,61,Irregular Openings
TNTMY4J8,black,,queenside,False,,38,Queen's Pawn
qT4W4Rqm,black,,kingside,False,,92,Queen's Pawn
K3zZN1d8,white,kingside,,False,,37,Irregular Openings
akrUONYm,black,,,False,,81,Irregular Openings
Wb8Icw0M,black,,,False,,33,Queen's Pawn
KXnG8Ny6,white,kingside,,False,,31,Irregular Openings
HOL9h1ys,white,kingside,,False,,60,Irregular Openings
GoWJkM71,black,,,False,,48,English Opening
DiPi6IPB,black,,kingside,False,,40,English Opening
xrKr5o8i,black,,,False,,103,Irregular Openings
ksmwTfWF,black,,,False,,79,Irregular Openings
B3mAjWNG,white,kingside,,False,,111,Irregular Openings
AK2lKntV,black,,,False,,62,Irregular Openings
d3A6H502,black,,queenside,False,,42,Irregular Openings
9fQLK1t1,black,,queenside,False,,44,Irregular Openings
hs8yvNNl,white,kingside,,False,,91,Irregular Openings
7tSSfa4z,black,,,False,,47,Queen's Pawn
qkhdPE9h,black,,queenside,False,,66,Irregular Openings
aISOW9cV,white,queenside,,False,,78,Irregular Openings
yZPHObzj,black,,kingside,False,,55,English Opening
3G45on9L,white,,,False,,102,Irregular Openings
iSgHXPXc,black,,kingside,False,,163,Irregular Openings
fM3MJldY,white,kingside,,False,,43,Irregular Openings
5Jtfs2pA,white,,,False,,39,Irregular Openings
6TgLqHU8,white,kingside,,False,,69,Irregular Openings
bu1n8yKr,black,,,False,,21,Irregular Openings
InvL3I55,white,kingside,,False,,88,Irregular Openings
Tgq6WmQS,black,,,False,,26,Irregular Openings
RlW0vJt9,black,,,False,,44,Irregular Openings
9NeETwUa,black,,,False,,54,Irregular Openings
yLAYQa0G,white,,,False,,23,Irregular Openings
Gl8QiLe9,black,,,False,,52,Irregular Openings
1ZciQvBH,white,queenside,,False,,110,Queen's Pawn
fNl6QnbW,white,queenside,,False,,45,Irregular Openings
Q0peKxBn,black,,kingside,False,,53,French Defense
nggA5uMB,white,queenside,,False,,81,Irregular Openings
qqhzjMpe,black,,,False,,22,Irregular Openings
40TvAkRV,black,,,False,,42,Reti Opening
SRG12jXg,black,,kingside,False,,67,French Defense
P02OFVLb,white,,,False,,79,Irregular Openings
NM3KIZ8y,black,,,False,,62,Queen's Pawn
7M5CHCiZ,black,,,False,,19,Irregular Openings
hxu1rcwA,black,,kingside,False,,136,French Defense
9NmhndLU,white,queenside,,False,,41,Irregular Openings
efCoqSwp,white,kingside,,False,,54,Irregular Openings
Mx4V8sow,white,kingside,,False,,58,Irregular Openings
tb3CykS8,white,,,False,,35,Irregular Openings
yklv0qP9,black,,,False,,41,Irregular Openings
d0OP9mHS,black,,,False,,1,Uncommon King Pawn
5KGPobiM,white,,,False,,37,Irregular Openings
9suZFiXR,white,kingside,,False,,83,Irregular Openings
fXlanB1A,black,,kingside,False,,20,Irregular Openings
u8c9bRTK,white,,,False,,13,Irregular Openings
LjD5QxIo,black,,queenside,False,,54,French Defense
TRA64RlO,white,queenside,,False,,96,Irregular Openings
4A6riEkR,black,,,False,,70,Queen's Pawn
i0SpZKQt,black,,,False,,24,French Defense
dwdDiZNH,black,,,False,,18,Irregular Openings
jGmZBplE,white,,,False,,29,Irregular Openings
bCTiqnxl,white,,,False,,125,Irregular Openings
qB6UaSgF,black,,kingside,False,,68,French Defense
JZPaG9Nk,black,,,False,,43,Irregular Openings
1ctUGQ53,black,,kingside,False,,80,French Defense
sqHBBuEr,white,,,False,,31,Irregular Openings
OIjdRrhB,white,kingside,,False,,83,Irregular Openings
xSeYZGk1,black,,,False,,14,French Defense
Pvg6DKZ4,black,,kingside,False,,18,French Defense
gHmFv0ND,white,,,False,,38,Queen's Pawn Game
lhKP1IHN,black,,kingside,False,,30,French Defense
3KnwVX4O,white,,,False,,18,Irregular Openings
iufUiA4L,black,,,False,,95,Irregular Openings
fmuPYOUi,white,kingside,,False,,47,Irregular Openings
Pr8U1JlP,black,,,False,,35,French Defense
L3iIfcxj,black,,,False,,62,French Defense
IIeXDeBc,black,,kingside,False,,117,Irregular Openings
nH7cbizV,black,,,False,,42,Irregular Openings
fuPbohHN,white,,,False,,18,Irregular Openings
rF5rT6qQ,black,,,False,,18,French Defense
R8Znj3Ad,white,kingside,,False,,122,Irregular Openings
p7QjoE5i,white,kingside,,False,,67,Irregular Openings
Zq18cu67,black,,,False,,64,Irregular Openings
AUpdZAPT,white,kingside,,False,,52,Irregular Openings
pExyIea3,white,kingside,,False,,115,Irregular Openings
3iXutkUL,white,kingside,,False,,49,Irregular Openings
xdYUW9QQ,white,,,False,,23,Irregular Openings
QsUc6POc,white,kingside,,False,,47,Irregular Openings
iktS8B40,white,kingside,,False,,94,Irregular Openings
BG26twC6,black,,kingside,False,,68,French Defense
Lm1IK9C6,black,,,False,,31,Irregular Openings
276dNXs8,white,kingside,,False,,111,Irregular Openings
rYj26ztT,black,,,False,,79,Irregular Openings
zvW1vCtz,black,,,False,,48,Irregular Openings
7ct3wNKC,white,kingside,,False,,51,Irregular Openings
O3W21uH1,black,,,False,,40,Irregular Openings
rF41IHY5,white,kingside,,False,,46,Irregular Openings
I9ISxGeC,white,kingside,,False,,52,Irregular Openings
htiCYesd,white,kingside,,False,,61,Irregular Openings
GesBseIF,black,,,False,,32,Irregular Openings
eqmgD9OC,white,kingside,,False,,35,Irregular Openings
aGFveksR,black,,,False,,55,Queen's Pawn
zIGFLNuR,black,,,False,,46,Irregular Openings
f08olJ5h,white,,,False,,10,Irregular Openings
F14oZI73,black,,,False,,41,Irregular Openings
UMbTtzbA,black,,,False,,41,Irregular Openings
nfoysuhk,white,,,False,,30,Irregular Openings
GxJMGDO9,white,kingside,,False,,118,Queen's Pawn
f0GebhhA,black,,,False,,35,French Defense
Ltgv49P8,black,,,False,,96,Queen's Pawn
eqGn4bpR,black,,kingside,False,,68,Irregular Openings
QAyaP3Zv,white,kingside,,False,,35,Irregular Openings
ePzFLzFw,black,,queenside,False,,56,Queen's Pawn
Mf3fKChc,white,kingside,,False,,64,Irregular Openings
LLQHMYJ4,black,,,False,,82,Queen's Pawn
4kJXNyJp,black,,,False,,35,French Defense
J1ljTgK7,black,,kingside,False,,70,French Defense
IZ1iCB1L,black,,,False,,62,Irregular Openings
EN7CfuaP,black,,kingside,False,,78,Uncommon King Pawn
J00iDQnh,white,queenside,,False,,71,Irregular Openings
QZkPsLB7,white,kingside,,False,,35,Reti Opening
gx4T76dP,white,kingside,,False,,133,Reti Opening
cQy8Ji2T,white,,,False,,5,Queen's Pawn Game
mopdhxQI,black,,queenside,False,,63,Queen's Pawn Game
21c8KVWk,black,,kingside,False,,84,Irregular Openings
cKR6XMHy,black,,queenside,False,,76,French Defense
t9stW2hY,white,kingside,,False,,37,Irregular Openings
KLfwBj3b,white,,,False,,45,Irregular Openings
UrbF9ZfW,black,,,False,,54,Reti Opening
qRhbDJde,black,,kingside,False,,48,French Defense
kfoHxSSt,white,kingside,,False,,116,Irregular Openings
ei8Vz9ui,white,,,False,,20,Irregular Openings
oV3SaVey,white,kingside,,False,,79,Irregular Openings
Fmkf4kSE,white,queenside,,False,,42,Irregular Openings
2bZYx8aG,white,kingside,,False,,27,Irregular Openings
OLYaCbRr,white,,,False,,35,Irregular Openings
JUhmWlyw,white,kingside,,False,,27,Irregular Openings
NGPWFbKE,white,kingside,,False,,63,Irregular Openings
cTxwJzRN,black,,,False,,52,Irregular Openings
nkHu72Rd,white,,,False,,45,Irregular Openings
yatrhXg4,black,,,False,,84,French Defense
QKBlZYDH,black,,,False,,30,Irregular Openings
YLxXnuOm,black,,,False,,54,French Defense
fLG4rA4H,black,,,False,,53,Irregular Openings
zkYl6SML,black,,,False,,30,Irregular Openings
vLD7nc54,black,,kingside,False,,60,French Defense
7uyXLRk1,white,kingside,,False,,110,Irregular Openings
OTCjLNYy,white,kingside,,False,,37,Irregular Openings
bweiI2SS,white,,,False,,11,Irregular Openings
RrVdLaD4,white,kingside,,False,,58,Irregular Openings
2V2DD4Ua,black,,kingside,False,,77,Reti Opening
G5jgfRl7,black,,,False,,73,Uncommon King Pawn
ORYWHfl8,black,,kingside,False,,49,Uncommon King Pawn
4G6LpiJc,white,,,False,,65,Irregular Openings
Hy3CurVf,black,,,False,,26,French Defense
kUe62OJo,white,kingside,,False,,146,Irregular Openings
nnCNNbM2,black,,,False,,12,French Defense
oGtfWLI7,white,queenside,,False,,41,Irregular Openings
YxnNE5Fw,white,,,False,,27,Irregular Openings
MzhFAByF,black,,,False,,3,French Defense
1x9eVYuh,black,,kingside,False,,58,Irregular Openings
gSBOWIGS,black,,kingside,False,,64,Irregular Openings
XwBt2k6s,black,,kingside,False,,92,Irregular Openings
vD3qoqMF,black,,,False,,18,French Defense
eTpgSpvr,black,,,False,,31,Irregular Openings
OeTDeADj,black,,,False,,37,Queen's Pawn
kTKwPdw0,black,,kingside,False,,26,French Defense
rNK2T8nh,white,kingside,,False,,123,Irregular Openings
bnLC6cJe,black,,,False,,18,French Defense
yMBK3vCL,black,kingside,kingside,True,11,135,French Defense
45E9Jenx,black,,kingside,False,,49,English Opening
L1GW1XKV,white,,,False,,8,Irregular Openings
i1fNlB6O,black,,kingside,False,,14,French Defense
1EZGMaZt,white,kingside,,False,,40,Queen's Pawn
GGmgKopt,white,kingside,,False,,167,Irregular Openings
KbTF0FTH,white,queenside,,False,,68,Irregular Openings
XjJKUkUl,white,kingside,,False,,109,Irregular Openings
Hl2ftFBl,white,,,False,,57,Irregular Openings
jzB5Fhb9,black,,,False,,46,Irregular Openings
WkBReZXM,black,,,False,,50,Irregular Openings
Krf4WcXG,white,,,False,,39,Irregular Openings
PLPeF6zC,black,,,False,,46,Irregular Openings
imJgynMz,black,,,False,,31,Reti Opening
ENin6Ocw,black,,,False,,37,Irregular Openings
VyuKpigJ,black,,,False,,48,French Defense
enpf7roS,black,,,False,,31,Queen's Pawn Game
zQLmnl9M,black,,,False,,62,French Defense
5fzF8vO0,white,kingside,,False,,45,Irregular Openings
kipp6Z55,white,kingside,,False,,90,Irregular Openings
hiIswcK6,white,kingside,,False,,46,Irregular Openings
RkkrEwJH,black,,,False,,106,Irregular Openings
B8T6ycIa,white,kingside,,False,,72,Irregular Openings
R3p31yEU,white,kingside,,False,,74,Irregular Openings
9ovEIU2z,black,,,False,,86,Queen's Pawn
z45LAHyG,white,queenside,,False,,74,Irregular Openings
x69OMCdu,white,,,False,,59,Irregular Openings
B8Dm6iWq,black,,kingside,False,,40,Queen's Pawn
kMxKpNBI,white,kingside,,False,,45,Irregular Openings
HtauZGAK,white,kingside,,False,,31,Irregular Openings
tlJneCr1,white,,,False,,6,Irregular Openings
941zUIzs,black,,kingside,False,,27,Reti Opening
zZvP35Pm,white,kingside,,False,,91,Irregular Openings
mR0DSRtn,black,,,False,,61,Queen's Pawn
4U55YWkC,white,kingside,,False,,53,Irregular Openings
MP3wDpCZ,white,kingside,,False,,59,Irregular Openings
TPZD054Q,black,,kingside,False,,30,Irregular Openings
4xL7qkBS,white,kingside,,False,,59,Irregular Openings
VxtfpjZF,black,,,False,,60,English Opening
yaDmLXSJ,white,kingside,,False,,21,Irregular Openings
P8Hazu0b,white,,,False,,45,Queen's Pawn
rIbZH2Mk,white,kingside,,False,,60,Irregular Openings
KdyMwaNJ,white,,,False,,29,Queen's Pawn
QilnF63b,black,,,False,,41,Irregular Openings
I8nojjVp,white,,,False,,50,Queen's Pawn Game
uDPXY534,white,,,False,,31,Queen's Pawn Game
bMApumxX,white,kingside,,False,,74,Irregular Openings
InfB9Ie3,white,,,False,,33,Irregular Openings
8RgmQV8I,black,,,False,,67,Irregular Openings
Ow4OCrA7,white,kingside,,False,,25,Irregular Openings
framUSQ6,black,,,False,,96,Irregular Openings
oRXB83QY,black,,,False,,27,Irregular Openings
1HW7ev0U,white,kingside,,False,,26,Irregular Openings
DvfoEMmU,black,,,False,,29,Irregular Openings
oIRbk956,white,kingside,,False,,50,Irregular Openings
IaV7PaXR,white,,,False,,43,Irregular Openings
x2UNaL6H,white,,,False,,41,Irregular Openings
pnksuqFa,black,,,False,,60,Irregular Openings
agTAySgg,white,kingside,,False,,45,Irregular Openings
4M35iwmy,white,kingside,,False,,118,Irregular Openings
26WocN4i,white,kingside,,False,,44,Irregular Openings
oeD7bSmS,white,,,False,,27,Irregular Openings
uG0YVfvw,white,kingside,,False,,33,Irregular Openings
jH2TLghN,black,,,False,,73,Irregular Openings
B82Irfyd,white,kingside,,False,,49,Irregular Openings
z2umAm6N,white,kingside,,False,,96,Irregular Openings
bPVuzHGE,white,kingside,,False,,42,Irregular Openings
h0Nkq3Gx,black,,,False,,34,Irregular Openings
C7l4FxcN,white,kingside,,False,,44,Irregular Openings
GI0cytrS,black,,,False,,106,French Defense
kPC2iml9,white,kingside,,False,,39,Queen's Pawn
RcLMABzk,black,,,False,,56,Irregular Openings
LAqCaZuF,black,,,False,,77,French Defense
GVCOrIQo,white,kingside,,True,7,229,Queen's Pawn
a9xUdHAk,black,,,False,,34,French Defense
ZLPM1Snd,black,,kingside,False,,64,Irregular Openings
633OQTMh,black,,kingside,False,,52,Irregular Openings
zJ66TqXh,white,queenside,,False,,61,Irregular Openings
nthj0Gc3,white,kingside,,False,,75,Irregular Openings
X0GsfKf6,white,kingside,,False,,45,Irregular Openings
B4Rz4IhQ,white,kingside,,False,,102,Irregular Openings
gGmoYiZh,white,kingside,,False,,81,Irregular Openings
3PoC4Ymn,white,,,False,,59,Irregular Openings
QLd7o7sv,black,,kingside,False,,136,Irregular Openings
Sn47u9Ev,black,,kingside,False,,40,Irregular Openings
LwYDVr1w,black,,kingside,False,,73,Irregular Openings
eQv8esdK,white,kingside,,False,,44,Irregular Openings
lDlbkOt4,white,,,False,,83,Irregular Openings
C76nMxn4,black,,,False,,43,French Defense
6TTLUrU0,black,,kingside,False,,99,Irregular Openings
yHmBVVHx,black,,kingside,False,,56,French Defense
61wbwTsM,white,queenside,,False,,43,Irregular Openings
XaeSdPXF,white,kingside,,False,,72,Irregular Openings
REiWEydb,white,kingside,,False,,41,Irregular Openings
M8oNezxe,white,,,False,,45,Irregular Openings
JUV7kFox,black,,kingside,False,,83,Reti Opening
ZDYSbUi9,black,,,False,,31,French Defense
U8koqVZo,black,,,False,,75,Irregular Openings
G3B4bxbZ,black,,,False,,45,Queen's Pawn
YMaCHMQk,black,,queenside,False,,42,Irregular Openings
foOk0zMS,black,,,False,,41,Queen's Pawn Game
lidmw3w5,black,,,False,,18,French Defense
HFpLFntD,white,kingside,,False,,59,Irregular Openings
sTwQ4ncM,white,,,False,,18,Irregular Openings
ftjgl6JS,black,,kingside,False,,38,Irregular Openings
9XIQjtco,white,,,False,,51,Irregular Openings
8KSMgylD,black,,kingside,False,,101,Irregular Openings
hXzwol1z,black,,,False,,54,Irregular Openings
LcStBXCg,white,kingside,,False,,27,Irregular Openings
Ua7f9utm,white,kingside,,False,,66,Irregular Openings
rfFY7Zgp,black,,,False,,1,Queen's Pawn
gkzAKhZu,white,,,False,,23,Irregular Openings
wZs9kCXe,black,,queenside,False,,62,French Defense
iEFxpYpv,black,,,False,,73,Irregular Openings
7SvUSFfz,black,,,False,,69,Irregular Openings
pGDmmGwU,black,,,False,,3,French Defense
Y0VTyvB0,white,,,False,,18,Irregular Openings
2sCjDgR9,white,kingside,,False,,75,Irregular Openings
0VH3Vvhv,white,kingside,,False,,57,Irregular Openings
BSYdfvXd,white,,,False,,45,Irregular Openings
YuUZDI4k,black,,,False,,88,Queen's Pawn
v8dwSXx0,black,,kingside,False,,82,French Defense
SSeaWjh5,black,,,False,,2,French Defense
ilZKvV57,black,,,False,,33,French Defense
VqNkCiTR,white,,,False,,23,Irregular Openings
fwZv16E3,white,kingside,,False,,33,Irregular Openings
VLuef3C2,black,,,False,,18,French Defense
RHuqRQ9V,black,,queenside,False,,56,Irregular Openings
zZPSYadU,black,,kingside,False,,72,French Defense
PlDUNZJH,black,,kingside,False,,51,Queen's Pawn
MCPEhq6x,black,,,False,,71,French Defense
MmiUA0Xc,black,,kingside,False,,28,French Defense
kbeulQNF,black,,,False,,98,Queen's Pawn
ftdtd1ir,black,,kingside,False,,46,French Defense
n2Nhsi4R,white,,,False,,15,Irregular Openings
hBTr73M1,black,,,False,,23,Irregular Openings
oDAvGGPu,black,,,False,,93,Irregular Openings
4DR5yNyT,white,,,False,,43,Irregular Openings
U291Y3XZ,white,,,False,,110,Irregular Openings
JCwd1uHk,black,,kingside,False,,120,Irregular Openings
Kj04iVGq,black,,,False,,51,French Defense
WRoABUum,black,,kingside,False,,63,French Defense
STCBnimt,black,,kingside,False,,125,Irregular Openings
dNEfdlGN,black,,kingside,False,,97,Irregular Openings
YqbyWPcW,white,kingside,,False,,38,Irregular Openings
RfXViCaP,white,,,False,,39,Irregular Openings
JXHJrxnV,black,,,False,,84,French Defense
u2Je7Sps,white,kingside,,False,,47,Irregular Openings
VuedtvSZ,black,,kingside,False,,115,Irregular Openings
BSrwGmWX,black,,kingside,False,,81,English Opening
UkR7XBud,black,,,False,,37,Irregular Openings
Kv7iqxkq,black,,kingside,False,,49,French Defense
BLiRboAI,black,,,False,,37,Irregular Openings
U9u6gCg4,white,,,False,,3,Irregular Openings
nzgCW32S,black,,kingside,False,,51,Queen's Pawn
t51AqkBy,white,,,False,,37,Irregular Openings
j1KchnCD,black,,,False,,35,Irregular Openings
rhsb2IkF,white,,,False,,41,Irregular Openings
JWGLhBNA,white,,,False,,89,Irregular Openings
b2cPhyC4,white,kingside,,False,,72,Irregular Openings
2nxtz0ez,black,,,False,,72,Queen's Pawn
vhh8LpCi,black,,,False,,3,French Defense
imTXgwy4,white,,,False,,48,Irregular Openings
CBTVuySt,black,,,False,,34,Irregular Openings
SRhAoUSK,black,,,False,,55,French Defense
AxMbrx6W,white,,,False,,44,Irregular Openings
cQrC1XIR,white,kingside,,False,,38,Irregular Openings
TmmUr3s2,white,kingside,,False,,45,Irregular Openings
K1RNXJpV,white,kingside,,False,,41,Irregular Openings
982ZsoB1,black,,,False,,58,Irregular Openings
KvagFPjM,white,kingside,,False,,22,Irregular Openings
eWRIU280,black,,,False,,52,Irregular Openings
kqrAJ734,black,,,False,,39,Queen's Pawn
ZLYfgZmw,black,,kingside,False,,133,Reti Opening
9lVyg968,black,,kingside,False,,48,Irregular Openings
mX3xv5Sm,white,,,False,,25,Irregular Openings
vqbmC4tI,black,,,False,,34,French Defense
i2C4U0Vc,black,,,False,,58,Irregular Openings
PdGgS9IA,white,,,False,,59,Irregular Openings
BGFXqdcA,black,,kingside,False,,56,French Defense
V9C1eMAp,white,,,False,,66,Irregular Openings
cIjPLW9h,black,,,False,,38,Irregular Openings
yhPFNqQy,black,,,False,,46,Irregular Openings
8s1f7mjL,white,,,False,,30,Irregular Openings
dxqeH3AA,black,,kingside,False,,28,French Defense
ySaxGgAK,white,,,False,,16,Irregular Openings
jkVdvj0V,white,,,False,,27,Irregular Openings
QQR23f0n,white,,,False,,2,Irregular Openings
xuESH4Wa,black,,kingside,False,,42,French Defense
CmnskIeA,white,queenside,,False,,47,Irregular Openings
hm6Pr8O8,black,,,False,,128,French Defense
xwVG1Yxs,black,,queenside,False,,99,French Defense
bDld6lFr,white,queenside,,False,,53,Irregular Openings
ZpQ1ZF0f,white,,,False,,67,Queen's Pawn
9ZQdp8K7,white,,,False,,49,Queen's Pawn
M1LmjKJ8,white,,,False,,11,Irregular Openings
O7KxLqBJ,black,,kingside,False,,97,Queen's Pawn
loCbPQoc,black,,,False,,54,French Defense
8V4cYgqm,black,,,False,,115,Irregular Openings
cfFCPCz4,white,,,False,,11,Irregular Openings
qDNMAarK,white,kingside,,False,,58,Irregular Openings
PKOn8jbK,black,,,False,,34,Irregular Openings
wL6tCkFF,black,,,False,,22,Queen's Pawn Game
eaqpjjtJ,black,,kingside,False,,49,Reti Opening
HOTjfUJO,black,,queenside,False,,28,French Defense
cOPjyQSB,white,kingside,kingside,True,9,167,Queen's Pawn Game
OdveWPPs,black,,,False,,42,Irregular Openings
LvPqWEOM,white,kingside,,False,,39,Irregular Openings
wc3nUAdp,black,,,False,,48,Irregular Openings
4pMVkJJm,white,,,False,,89,Irregular Openings
eKMC2Ar8,black,,kingside,False,,20,Irregular Openings
iH7PrkBD,black,,kingside,False,,74,Irregular Openings
BTGjsSBJ,white,kingside,,False,,58,Irregular Openings
DafakQjg,black,,,False,,46,Irregular Openings
ASekgctj,black,,,False,,57,Reti Opening
8GkAxb8M,black,,,False,,37,Irregular Openings
xJJ43XYD,black,,kingside,False,,50,English Opening
yDN5kc2d,black,,kingside,False,,42,French Defense
RS7yEOfJ,black,,,False,,15,French Defense
g4Qi74ER,black,,,False,,42,Irregular Openings
bqL7cfGv,black,,kingside,False,,102,Reti Opening
qym3u0HT,white,queenside,,False,,108,Irregular Openings
KjFEmZQI,white,kingside,,False,,116,Irregular Openings
dk4JSNgY,white,kingside,,False,,39,Irregular Openings
qrRb1gZl,black,,,False,,51,Reti Opening
7zrcPEO5,black,,kingside,False,,81,French Defense
NoSziqhM,white,kingside,,False,,73,Irregular Openings
tVnu7nCg,black,,,False,,16,Irregular Openings
ammOGPsR,black,,,False,,42,Irregular Openings
HVGz6mYP,black,,,False,,66,French Defense
bKekVKpg,white,kingside,,False,,35,Irregular Openings
PrOXfYE0,black,,kingside,False,,119,Irregular Openings
qlTZHbYy,white,,,False,,59,Irregular Openings
HwfHLFVG,black,,,False,,40,French Defense
fkG43nTV,white,queenside,,False,,33,Irregular Openings
8KVE78VF,black,,kingside,False,,47,Queen's Pawn
KCoMjIya,white,kingside,,False,,43,Irregular Openings
H7oLJrJJ,black,,queenside,False,,29,Irregular Openings
8xvmnvB7,white,,,False,,18,Irregular Openings
litwaAvp,white,,,False,,16,Irregular Openings
BBh0w0cb,black,,,False,,68,Queen's Pawn
MTsuRSjZ,black,,kingside,False,,80,French Defense
xLw6lXoe,black,,,False,,92,Reti Opening
mMqt33Er,black,,,False,,11,Queen's Pawn
NySmdQXq,white,kingside,kingside,True,3,132,Queen's Pawn
EoJ8I5OY,black,,,False,,32,French Defense
zNGXt1g0,black,,,False,,2,French Defense
zMjUWI69,black,,,False,,22,French Defense
cSsvdVKG,black,,kingside,False,,28,French Defense
7VOl1HGI,black,,,False,,72,Irregular Openings
9LkAO3cV,black,,queenside,False,,72,Irregular Openings
SxgOUtmM,white,,,False,,18,Irregular Openings
TzNsQkKE,white,,,False,,49,Irregular Openings
hRRlr0jE,white,,,False,,18,Irregular Openings
fUvbtDdw,white,,,False,,3,Queen's Pawn
r0XgtubX,black,,,False,,62,Irregular Openings
G2uORpxc,black,,,False,,31,French Defense
zRztFpAy,white,kingside,,False,,25,Irregular Openings
fFfGK3PE,black,,,False,,85,Reti Opening
JoPuhzHg,white,kingside,,False,,26,Irregular Openings
Ms83YSDd,white,kingside,,False,,119,Irregular Openings
D70W4NDh,black,,kingside,False,,51,Queen's Pawn
PIfA0kE6,black,,kingside,False,,30,Irregular Openings
d9rennZz,black,,,False,,18,French Defense
HJfmhOk1,black,,,False,,52,French Defense
aPuQr1gS,white,,,False,,18,Irregular Openings
00ABEoXV,white,,,False,,18,Irregular Openings
GNNES0Al,white,kingside,,False,,47,Irregular Openings
ukBsDmEt,black,,,False,,62,French Defense
rnKpjbEj,black,,,False,,2,French Defense
IGpqzLfs,white,queenside,,False,,34,Irregular Openings
MqXezQFU,black,,,False,,37,French Defense
Mu0w9M0B,black,,,False,,30,French Defense
u8qkHm9l,white,queenside,,False,,32,Irregular Openings
utl1coox,black,,kingside,False,,30,French Defense
itBC18bB,black,,queenside,False,,38,French Defense
EHatH5zJ,white,kingside,,False,,33,Irregular Openings
RmkIdasv,black,,kingside,False,,62,Queen's Pawn
jzcIgvlB,white,queenside,,False,,65,Queen's Pawn Game
h9jKg4sC,white,,,False,,57,Irregular Openings
cxBrokSA,white,,,False,,11,Irregular Openings
vmwlb4b8,white,kingside,,False,,77,Irregular Openings
SyxCKSgb,black,,kingside,False,,18,Irregular Openings
47dfFBQy,black,,,False,,38,Irregular Openings
Oj1r7fyg,black,,kingside,False,,71,Reti Opening
yW3W1Q3h,black,,,False,,66,Queen's Pawn
bwqh1ucy,black,,,False,,33,Irregular Openings
PD42N6r1,white,kingside,,False,,43,Irregular Openings
2FdljQIY,white,,,False,,30,Irregular Openings
hHcySE9r,black,,,False,,38,Irregular Openings
IxmVgBPZ,white,kingside,,False,,33,Irregular Openings
CXAHnBms,white,kingside,,False,,27,Irregular Openings
YhcHq1zS,black,,queenside,False,,38,French Defense
zy3HwqpN,black,,,False,,31,Irregular Openings
IdjInXWL,white,,,False,,30,Irregular Openings
r7nv6G3l,black,,,False,,51,French Defense
odg4gZdN,black,,kingside,False,,60,Irregular Openings
NkWkQnHx,white,kingside,,False,,46,Irregular Openings
RaoGr6xo,white,,,False,,18,Irregular Openings
Cn7UNGGI,white,kingside,,False,,45,Irregular Openings
tgeKR6z7,white,queenside,,False,,58,Irregular Openings
cVvoOK2r,black,,,False,,88,French Defense
WKAFfRBS,white,,,False,,31,Irregular Openings
fg1NVUM8,black,,kingside,False,,118,Reti Opening
SPVM7uJk,white,,,False,,16,Irregular Openings
Wr2StiWr,white,queenside,,False,,44,Irregular Openings
aWUhypS2,black,,,False,,24,Irregular Openings
DLMxwMJv,white,kingside,,False,,88,Irregular Openings
n70d56cX,white,,,False,,28,Irregular Openings
QffLpLQU,black,,kingside,False,,37,Queen's Pawn
3tXMzwlK,black,,,False,,21,Reti Opening
sIdq08nA,black,,,False,,63,Queen's Pawn
1TQZJcwD,white,,,False,,58,Irregular Openings
Cc9nOtzO,black,,kingside,False,,55,English Opening
Pj4kYeLK,black,,kingside,False,,94,Reti Opening
RVB7akzl,black,,,False,,21,French Defense
k9kbNnyo,white,kingside,,False,,83,Irregular Openings
hKHcEwMO,white,kingside,,False,,199,Irregular Openings
VOkhcv9W,black,,,False,,86,Irregular Openings
X6h8ii0z,black,,,False,,32,Irregular Openings
JxBuViG6,black,,,False,,42,Irregular Openings
k1yg9sub,white,kingside,,False,,39,Irregular Openings
mtQBVBNp,white,kingside,,False,,69,Irregular Openings
LL8rtXFM,black,,,False,,20,Irregular Openings
2hIJQT4L,black,,,False,,82,French Defense
YArhV4Mz,black,,,False,,26,Irregular Openings
xIT2x9CY,white,kingside,,False,,71,Irregular Openings
hpcJeFLp,white,kingside,,False,,71,Queen's Pawn Game
PZEJL76T,black,,,False,,66,French Defense
0a7Y0ykk,white,,,False,,10,Irregular Openings
YHuHEkBg,white,kingside,,False,,87,Queen's Pawn Game
91eVGMjI,white,,,False,,3,Irregular Openings
R2d2qaAQ,black,,,False,,1,Queen's Pawn
xLP0c5jY,white,kingside,,False,,52,Queen's Pawn Game
KPmsVi9I,black,,,False,,44,French Defense
ZbaiRoik,black,,queenside,False,,89,Irregular Openings
AQpShL6W,white,,,False,,25,Irregular Openings
rz12E4xV,white,kingside,,False,,118,Irregular Openings
AYkY7R1T,black,,,False,,31,Irregular Openings
yibOqBlD,black,,,False,,95,French Defense
690oL0kc,white,kingside,,False,,43,Irregular Openings
DMAjpPix,black,,,False,,37,Reti Opening
rmdQ8Crr,white,kingside,,False,,100,Irregular Openings
FDHMT2qG,white,,,False,,35,Irregular Openings
TIPbpVpJ,white,queenside,,False,,54,Irregular Openings
bXDYQ9i4,black,,kingside,False,,39,Uncommon King Pawn
BBsgSkcp,white,kingside,,False,,71,Irregular Openings
QLxdaHwT,white,kingside,,False,,83,Irregular Openings
QGRChz2y,white,kingside,,False,,37,Irregular Openings
ZYObKb1r,black,,queenside,False,,90,French Defense
3mGsKvrc,black,,queenside,False,,18,French Defense
WKK1qs1q,white,kingside,,False,,25,Irregular Openings
lff7Bg9r,black,,,False,,40,Irregular Openings
QnqAt4Cx,white,kingside,,False,,82,Irregular Openings
IjL58jqv,black,,kingside,False,,37,Queen's Pawn
N4gm3YqG,white,kingside,,False,,111,Irregular Openings
rMGFGkPU,black,,,False,,99,Irregular Openings
13Ff36yq,black,,,False,,16,Irregular Openings
z7GX6Mi1,black,,,False,,17,Irregular Openings
6FmsygkF,white,,,False,,55,Irregular Openings
G9WxoqcS,black,,kingside,False,,138,Irregular Openings
ro6igEjN,black,,,False,,88,French Defense
u5XWD3BM,white,kingside,,False,,98,Irregular Openings
nosWc3ub,white,kingside,,False,,35,Irregular Openings
1v2LVVmt,white,kingside,,False,,67,Irregular Openings
ol5b3YmH,white,kingside,,False,,123,Irregular Openings
Bv2MEWEx,white,,,False,,41,Irregular Openings
NnoVqAvg,black,,kingside,False,,156,Irregular Openings
UstEyqYm,black,,,False,,48,French Defense
DBpZug01,white,kingside,,False,,45,Irregular Openings
5m6g28Dl,black,,,False,,20,French Defense
x3nenF2q,black,,kingside,False,,40,English Opening
JoyvHife,white,kingside,,False,,99,Irregular Openings
FisHJOeS,white,kingside,,False,,96,Irregular Openings
mwljwGdc,black,,,False,,117,Irregular Openings
cpip3b4o,black,,,False,,49,Queen's Pawn
uvbr89lG,white,,,False,,77,Irregular Openings
ZeQhmwMw,black,,,False,,76,Irregular Openings
B3WLLTAs,white,kingside,,False,,37,Irregular Openings
elWoCizw,white,kingside,,False,,87,Irregular Openings
zAfZf2l4,black,,kingside,False,,42,Irregular Openings
njwS8hSL,black,,queenside,False,,67,Irregular Openings
sc0S4xia,white,,,False,,90,Irregular Openings
XtAeasoV,white,kingside,,False,,80,Irregular Openings
ijlq8UFb,black,,,False,,54,Irregular Openings
8dwZfam4,black,,,False,,42,Irregular Openings
ZE2zbGnM,white,,,False,,33,Irregular Openings
ZkmZRtdG,white,kingside,,False,,29,Irregular Openings
aJaJLwsT,white,,,False,,25,Irregular Openings
vAsG5S4R,white,,,False,,39,Irregular Openings
sYnCbSju,white,kingside,,False,,56,Irregular Openings
kLiJl9qx,white,kingside,,False,,138,Irregular Openings
yFFw2Zzo,black,,queenside,False,,65,Queen's Pawn
ZJaYWcQd,black,,kingside,False,,67,English Opening
Ww9k9fjJ,white,,,False,,56,Irregular Openings
SewPy4eI,white,kingside,,False,,51,Irregular Openings
ExCIsY0f,white,,,False,,31,Irregular Openings
l2cCTJhq,white,kingside,,False,,64,Irregular Openings
3Vufz1ey,white,kingside,,False,,73,Irregular Openings
g7Ke5uv6,white,,,False,,15,Irregular Openings
FcrDyCNd,white,kingside,,False,,33,Irregular Openings
WtZrBEhy,black,,,False,,31,Irregular Openings
CSunt2Hw,black,,,False,,18,French Defense
SxWtT9mv,white,kingside,,False,,59,Irregular Openings
d2hJdpeL,black,,queenside,False,,58,French Defense
EWkk41Dj,white,,,False,,61,Irregular Openings
MxtZDh1o,white,,,False,,67,Irregular Openings
cQDyWIwk,white,kingside,,False,,27,Irregular Openings
i707AUKG,black,,kingside,False,,55,English Opening
8aHnJqZL,black,,,False,,68,Queen's Pawn
iMPPgu9q,white,kingside,,False,,70,Irregular Openings
mV5H34hG,black,,kingside,False,,93,English Opening
CdijIusT,white,kingside,,False,,53,Irregular Openings
lYgS7qb5,white,queenside,,False,,41,Queen's Pawn
DAkSmEzo,black,,,False,,22,French Defense
OCacAUaz,white,,,False,,89,Irregular Openings
toFqEC3c,black,,kingside,False,,101,Queen's Pawn
FFVxwGiW,black,,,False,,37,Irregular Openings
oN6RYxaP,white,kingside,,False,,115,Irregular Openings
kHsyD3jS,white,kingside,,False,,37,Irregular Openings
6CAudYp5,black,,,False,,11,Irregular Openings
4hkpRo5x,white,kingside,,False,,103,Irregular Openings
FdMujaf3,white,kingside,,False,,44,Irregular Openings
mnId5i1a,white,kingside,,False,,117,Irregular Openings
SViR7G3k,white,,,False,,25,Irregular Openings
NHLARzvi,black,,,False,,42,French Defense
Zah3DLwc,white,,,False,,16,Irregular Openings
4vp6F5cn,white,,,False,,18,Irregular Openings
EzDL1J7g,black,,queenside,False,,70,French Defense
vgVftuLO,black,,,False,,50,Irregular Openings
kaxCd1Cp,black,,,False,,38,Irregular Openings
rU8BceSF,black,,,False,,35,Irregular Openings
YzxCj8i6,white,kingside,,False,,51,Irregular Openings
RHmV6xpN,black,,,False,,64,French Defense
HXOk0e6H,white,kingside,,False,,79,Irregular Openings
we5EG4OK,white,kingside,,False,,38,Irregular Openings
MhqGpwDL,black,,,False,,18,French Defense
5WX3V5zc,black,,kingside,False,,54,French Defense
yqlIAXy6,white,queenside,,False,,69,Irregular Openings
CS0z5NV7,black,,,False,,50,French Defense
JqaB8fpe,black,,,False,,54,Irregular Openings
scCVCOEk,white,kingside,,False,,73,Irregular Openings
pq4FYi1f,black,,,False,,69,Queen's Pawn
6PAs54EM,black,,kingside,False,,48,Reti Opening
1WeCrWSE,white,kingside,,False,,47,Irregular Openings
FUEFut1R,black,,kingside,False,,77,Irregular Openings
jTqWHQ6X,black,,,False,,26,Irregular Openings
NFy2lK2S,black,,kingside,False,,110,French Defense
GZLoVS1l,black,,queenside,False,,61,Queen's Pawn
0hSsBIQu,black,,,False,,91,Uncommon King Pawn
ahG2EgS5,white,,,False,,55,Irregular Openings
uNah4gVm,white,,,False,,45,Irregular Openings
AFq33m0G,black,,,False,,35,Reti Opening
dgmTzvOU,white,kingside,,False,,71,Irregular Openings
EgHddQJ4,black,,kingside,False,,44,French Defense
Pg5pUS1R,white,,,False,,45,Irregular Openings
RzYjuCpb,black,,,False,,46,Irregular Openings
sbrxZHNi,black,,,False,,62,Irregular Openings
7vkTm3Fl,white,,,True,17,135,Trompowsky Attack
vnXkx1TX,white,kingside,,False,,71,Queen's Pawn
Q2KAuBVi,white,,,False,,51,Irregular Openings
6NRgaVaO,black,,,False,,43,Irregular Openings
gW8eWkgN,black,,kingside,False,,42,French Defense
BxfUYOxW,white,kingside,,False,,106,Irregular Openings
VuWGF898,white,kingside,,False,,77,Irregular Openings
UNLgDeDX,black,,,False,,21,Irregular Openings
bEikqpHm,black,,,False,,54,French Defense
FTDWrCY1,black,,kingside,False,,28,French Defense
DxFG5ZiT,white,kingside,,False,,37,Irregular Openings
4652Htx0,black,,kingside,False,,30,Irregular Openings
sqNU7wC3,white,,,False,,41,Irregular Openings
Q9ZBEChN,white,kingside,,False,,31,Irregular Openings
xbz44l3C,white,kingside,,False,,61,Irregular Openings
erOOzgAj,black,,kingside,False,,37,English Opening
p5PNIjwp,white,kingside,,False,,50,Queen's Pawn Game
Nlgf3TTE,black,,queenside,False,,50,Irregular Openings
PFnWfvgB,black,,,False,,72,Irregular Openings
mLuUU2GV,white,kingside,,False,,69,Irregular Openings
s0dPL1s2,black,,queenside,False,,40,Irregular Openings
op14p0LN,black,,,False,,24,Irregular Openings
TA3sFmDA,white,kingside,,False,,69,Irregular Openings
f8r0iuJZ,white,kingside,,False,,102,Irregular Openings
bm8PdJcQ,black,,,False,,35,English Opening
aZt56R9P,white,queenside,,False,,47,Irregular Openings
HWQbshst,white,kingside,,False,,41,Irregular Openings
58FCR1mc,black,,queenside,False,,84,Irregular Openings
PQBzgWxF,white,,,False,,25,Irregular Openings
f68Cq53Z,black,,kingside,False,,42,French Defense
oI7XgtKC,white,kingside,,False,,55,Irregular Openings
5cELxThi,black,,,False,,136,Irregular Openings
mjUuygMl,black,,kingside,False,,78,French Defense
4sJIoPZg,white,kingside,,False,,53,Irregular Openings
PgtfwpSs,black,,,False,,54,Irregular Openings
WeNgbTaG,white,kingside,,False,,55,Irregular Openings
YpeLrsNS,white,kingside,,False,,57,Irregular Openings
vhpdi4uv,black,,kingside,False,,28,French Defense
7UwfYedr,white,,,False,,37,Irregular Openings
t9OpEOK2,white,kingside,,False,,78,Queen's Pawn Game
6PXNFeCZ,black,,kingside,False,,52,Irregular Openings
Q61iqy5P,black,,kingside,False,,68,Uncommon King Pawn
urri8Aal,black,,kingside,False,,40,Uncommon King Pawn
p2IrUd3y,black,,,False,,35,Uncommon King Pawn
qxKIXd4l,black,,kingside,False,,87,French Defense
e2ugAX5m,black,,kingside,False,,66,French Defense
JhrLqkpg,black,,kingside,False,,93,Reti Opening
XtK6qOHF,black,,kingside,False,,147,Queen's Pawn
0AeNdVJS,white,kingside,,False,,107,Irregular Openings
4EIvgxCA,white,kingside,,False,,47,Irregular Openings
7OvcpEUs,white,kingside,,False,,48,Irregular Openings
fKuQibru,white,queenside,,False,,95,Queen's Pawn Game
N7xfXGg2,black,,kingside,False,,78,Irregular Openings
ykiwg7xJ,black,,kingside,False,,42,Irregular Openings
KLNhx7Vf,white,kingside,,False,,57,Irregular Openings
gUxrVGZl,black,,kingside,False,,37,Queen's Pawn
ojfskOhy,black,,kingside,False,,59,Irregular Openings
pftMraUu,black,,kingside,False,,58,Irregular Openings
tA5TWpwt,white,kingside,,False,,80,Irregular Openings
5ZaTgo1K,white,kingside,,False,,114,Irregular Openings
hknbVzFi,white,kingside,,False,,94,Irregular Openings
el1wt9JP,black,,,False,,86,Irregular Openings
doQPLcCP,black,,,False,,75,French Defense
wrG8epGH,black,,,False,,107,English Opening
RN3O2cE1,black,,,False,,85,Irregular Openings
WLaVoWCL,black,,,False,,140,Irregular Openings
qAA5maGl,white,,,False,,51,Queen's Pawn Game
gMovmVK7,white,kingside,,False,,47,Queen's Pawn
BVby0J8H,black,,,False,,67,Irregular Openings
GwnD2ZXD,white,kingside,,False,,130,Queen's Pawn Game
vlHCb96Y,black,,kingside,False,,61,French Defense
4iUKEUDW,white,kingside,,False,,54,Queen's Pawn
ye1ugNGk,black,,kingside,False,,45,Reti Opening
IEo0HxUR,black,,kingside,False,,44,French Defense
8bW1QfVi,black,,kingside,False,,78,Irregular Openings
d6IUjOOJ,white,kingside,,False,,136,Irregular Openings
f6lDFEkx,white,,,False,,60,Queen's Pawn
xldeBbvs,white,,,False,,46,Queen's Pawn Game
bu4aEL1u,white,kingside,,False,,141,Irregular Openings
KF1m6uek,white,kingside,,False,,92,Queen's Pawn Game
cTjd4mU4,white,kingside,,False,,96,Irregular Openings
59EIqc2f,black,,,False,,210,Irregular Openings
IqCWkyiP,black,,,False,,94,Irregular Openings
rINliEY9,white,,,False,,80,Queen's Pawn
YUFRNFs1,black,,,False,,152,French Defense
KMNDJVY1,black,,,False,,96,Irregular Openings
vA7xnydR,white,kingside,,False,,169,Trompowsky Attack
IuyWTNA9,black,,kingside,False,,41,Reti Opening
zKNhJv9k,black,,kingside,False,,94,English Opening
ihRyJbZg,white,kingside,,False,,58,Queen's Pawn
OsYNhUaQ,white,kingside,,False,,113,Queen's Pawn
ObBKZ48V,white,kingside,,False,,127,Irregular Openings
1fhMZJDd,black,,kingside,False,,153,French Defense
tFU4n9hS,black,,,False,,94,French Defense
3N48EtKS,black,,kingside,False,,102,Irregular Openings
xi8qZpkd,black,,kingside,False,,70,Irregular Openings
eTCSizBr,white,kingside,,False,,114,Irregular Openings
HLkAoWbO,white,,,False,,21,Irregular Openings
AOUus6X5,black,,kingside,False,,91,French Defense
JSGM6lZL,white,kingside,,False,,64,Queen's Pawn
Jk0mxQc4,white,kingside,,False,,59,Trompowsky Attack
v4saQugJ,white,,,False,,69,Irregular Openings
kE4ZMKnq,white,,,False,,44,Queen's Pawn
zI0WowMW,black,,kingside,False,,44,French Defense
MhlZAocg,black,,kingside,False,,56,Uncommon King Pawn
klI65dUy,black,,kingside,False,,69,French Defense
UQgKwMvo,white,kingside,,False,,97,Queen's Pawn
DOCdW2tn,black,,kingside,False,,161,French Defense
zK1SLD5q,black,,kingside,False,,122,English Opening
qijO9hS2,black,,kingside,False,,142,Irregular Openings
T23qK6yl,white,kingside,,False,,98,Irregular Openings
S4TGMgR6,black,,kingside,False,,105,French Defense
7HXtxVdF,white,,,False,,53,Queen's Pawn
UJdBhanm,white,kingside,,False,,90,Irregular Openings
ipZvXkZj,black,,kingside,False,,143,Irregular Openings
Snn5Mo4P,white,kingside,,False,,319,Irregular Openings
58VoAm1R,black,,,False,,47,Queen's Pawn
imCSuIoG,white,kingside,,False,,67,Irregular Openings
xRqGYnXS,black,,,False,,36,French Defense
uX6K4ZLb,white,,,False,,25,Queen's Pawn
DppD4ZDT,white,,,False,,62,Queen's Pawn Game
0iODt1al,black,,,False,,126,Queen's Pawn
iZRuI20Z,white,kingside,,False,,62,Queen's Pawn Game
p1fM47KE,black,,kingside,False,,119,Irregular Openings
SWGLhx2O,white,kingside,,False,,51,Irregular Openings
CqIJIwQY,black,,,False,,43,Irregular Openings
elBwxdSi,black,,kingside,False,,60,Irregular Openings
GMNoSMfy,black,,,False,,60,French Defense
3kFVdaA2,black,,,False,,8,Irregular Openings
mCEWwRL6,white,kingside,,False,,75,Queen's Pawn
sbXhgbng,white,kingside,,False,,137,Irregular Openings
lDptI5RB,black,,,False,,34,French Defense
sr0NgHLW,black,,queenside,False,,115,French Defense
Jqa9t8t0,black,,,False,,36,French Defense
1K068sYA,white,kingside,,False,,107,Irregular Openings
xeXnezHi,white,queenside,,False,,58,Queen's Pawn
sr2EOPYW,white,kingside,,False,,144,Queen's Pawn Game
nHVGqWzR,black,,,False,,78,French Defense
geDTeEMq,black,,kingside,False,,28,French Defense
VL5zVy9z,black,,,False,,40,Reti Opening
qQI9ry1Q,white,kingside,,False,,45,Irregular Openings
RyonaIO1,white,,,False,,52,Irregular Openings
bI4WL2VB,black,,kingside,False,,35,English Opening
HSlGNbA3,white,kingside,,False,,103,Queen's Pawn Game
V3Dq6Df1,black,,kingside,False,,107,Queen's Pawn
BwYy4RuU,white,kingside,,False,,81,Irregular Openings
TRIQQwBd,black,,kingside,True,5,140,French Defense
wxjrL0d9,black,,,False,,156,French Defense
nQ3qUIE1,black,,kingside,False,,25,French Defense
10J9ey5m,black,,,False,,73,Irregular Openings
gVuV7cEj,white,queenside,,False,,50,Queen's Pawn Game
SMu1TceC,white,,,False,,43,Irregular Openings
A1EEfBiu,white,kingside,,False,,36,Queen's Pawn Game
Eb7aSQpp,black,,,False,,53,Irregular Openings
bVVsI6II,white,kingside,,False,,46,Irregular Openings
BUR6DRLq,white,,,False,,43,Queen's Pawn Game
mdbgEBQi,black,,,False,,78,French Defense
a0fi4mll,white,kingside,,False,,103,Irregular Openings
rvQIOmD9,white,,,False,,43,Irregular Openings
MhOr6ZN1,white,kingside,,False,,117,Irregular Openings
p8MVGEkP,black,,,False,,109,Irregular Openings
dnMbEVfT,black,,kingside,False,,80,Irregular Openings
WI9ftZ4v,black,,,False,,80,French Defense
mvhCAkiC,black,,,False,,36,French Defense
5csBRFHZ,black,,,False,,145,Irregular Openings
USyh78V8,white,kingside,,False,,66,Queen's Pawn Game
jUHuTPbY,black,,,False,,34,Irregular Openings
u6JzL4Hf,white,kingside,,False,,88,Irregular Openings
XFKHy7wZ,black,,,False,,34,French Defense
6hanOvq1,black,,,False,,80,French Defense
7eLtQm8G,black,,,False,,2,Queen's Pawn
H0wb6tQz,white,,,False,,52,Queen's Pawn
RQzcvdZs,white,kingside,,False,,55,Queen's Pawn Game
Q3P9dbYr,black,,,False,,53,Irregular Openings
3iKXV9mj,black,,kingside,False,,76,Queen's Pawn
GAL6s2Xo,black,,,False,,70,English Opening
3Unq5JgL,white,kingside,,False,,80,Queen's Pawn
uTaXwvMT,white,kingside,,False,,65,Irregular Openings
VjHZdxPC,black,,queenside,False,,37,Queen's Pawn
K9041ZJA,black,,,False,,77,Irregular Openings
5ixTZOjC,white,,,False,,20,Queen's Pawn Game
yrRA1psv,white,,,False,,48,Queen's Pawn
KQp71nQe,black,,kingside,True,6,55,French Defense
kErtPHIY,black,,,False,,11,French Defense
pzOOy8Qg,white,kingside,,False,,127,Irregular Openings
yGmoIuYP,black,,kingside,False,,55,Slav Defense
X9v5Igqz,black,,kingside,False,,67,Slav Defense
fl7Pjk7E,black,,kingside,False,,55,Slav Defense
2BOKUXD5,black,,kingside,False,,93,Slav Defense
seIRQXSy,white,kingside,,False,,137,Irregular Openings
1THI5A4v,white,kingside,,False,,63,Irregular Openings
ltuQZ231,black,,,False,,56,French Defense
K01ZFfiU,black,,kingside,False,,124,English Opening
trsuXut8,black,,kingside,False,,71,Slav Defense
azfLCNZg,white,kingside,,False,,143,Irregular Openings
IQwdV7HC,white,kingside,,False,,84,Queen's Pawn Game
FzsaEGvY,black,,kingside,False,,86,English Opening
hWNYb8ek,black,,kingside,False,,95,Slav Defense
q4AClc4D,black,,kingside,False,,118,Slav Defense
3gWqlLCo,white,kingside,,False,,137,Irregular Openings
k7qxpOq2,white,kingside,,False,,65,Irregular Openings
QXUuWTiE,black,,kingside,False,,65,Uncommon King Pawn
kUl7jDEE,black,,kingside,False,,67,Slav Defense
7zUGGdsz,black,,kingside,False,,67,Slav Defense
5pHfCw0C,white,kingside,,False,,131,Irregular Openings
4CSNyFlB,black,,kingside,False,,110,Irregular Openings
FGHTl3pv,white,kingside,,False,,131,Irregular Openings
uM128zsR,white,kingside,,False,,131,Irregular Openings
0OLlvTyt,white,kingside,,False,,143,Irregular Openings
xOTefV5I,black,,,False,,101,French Defense
GtB8zUnS,black,,kingside,False,,84,Slav Defense
NRySnG2u,black,,,False,,50,French Defense
9fuP3ZAn,white,,,False,,133,Queen's Pawn Game
z1gwachj,white,kingside,,False,,65,Irregular Openings
tNQaP894,white,kingside,,False,,156,Irregular Openings
SbpEOv3i,black,,,False,,139,Irregular Openings
yJwxG3UM,black,,kingside,False,,52,Irregular Openings
Cqi9DFW0,black,,kingside,False,,108,English Opening
LMGC57HV,white,,,False,,118,Irregular Openings
R6TZUr6D,white,kingside,,False,,87,Irregular Openings
92lKVmFr,white,queenside,,False,,66,Irregular Openings
XMziZu95,white,kingside,,False,,63,Irregular Openings
g91mIxcJ,white,queenside,,False,,86,Irregular Openings
1NN20sCz,black,,,False,,79,Irregular Openings
X6PsHHBD,white,kingside,,False,,63,Irregular Openings
yWsKs2Cp,white,kingside,,False,,75,Irregular Openings
xiBCZBan,white,kingside,,False,,53,Irregular Openings
oC3L3Y8e,black,,,False,,36,French Defense
uQBuMCjc,white,kingside,,False,,152,Irregular Openings
z2qnpMsy,white,kingside,,False,,132,Irregular Openings
bnN1osoF,white,kingside,,False,,137,Irregular Openings
2yrZaMFQ,black,,,False,,87,Irregular Openings
YGBmXl3A,black,,,False,,99,Irregular Openings
QzccU5xk,black,,,False,,41,Irregular Openings
8IX4CMqg,white,,,False,,31,Queen's Pawn
afWiugKr,black,,,False,,149,Irregular Openings
HTmYoqPa,white,kingside,,False,,131,Irregular Openings
cnDoMzmB,white,kingside,,False,,56,Irregular Openings
QA6WyaSO,black,,,False,,95,Irregular Openings
v1D1VMC4,black,,kingside,False,,59,Slav Defense
Kf1HkzDo,black,,,False,,40,Irregular Openings
g0dBl9C3,white,kingside,,False,,143,Irregular Openings
0iOORwMW,white,kingside,,False,,70,Irregular Openings
OBfANifu,white,kingside,,False,,98,Irregular Openings
ADXLjpha,white,kingside,,False,,137,Irregular Openings
JdufhfFJ,black,,,False,,103,Irregular Openings
sJUqfgJO,white,kingside,,False,,127,Irregular Openings
KzHjUjSW,black,,,False,,100,Irregular Openings
0M3LIDdQ,black,,kingside,False,,66,English Opening
Oe6D5x3a,white,kingside,,False,,146,Irregular Openings
wHKXKb06,white,,,False,,2,Irregular Openings
0lFdav9S,black,,,False,,9,French Defense
mXL65hkq,black,,,False,,42,Irregular Openings
3NEQYq3j,white,kingside,,False,,86,Irregular Openings
zoaGJMWi,black,,,False,,86,Irregular Openings
eConIEmR,white,queenside,,False,,108,Irregular Openings
v11yp2pn,black,,kingside,False,,63,English Opening
0pQ5fetd,black,,kingside,False,,90,English Opening
9Pd7WB9A,black,,,False,,157,Irregular Openings
7Sv0rs9p,white,kingside,,False,,136,Irregular Openings
VmS9mEvg,black,,kingside,False,,111,English Opening
pxLjcIeP,white,queenside,,False,,102,Irregular Openings
V8nXx2G7,black,,kingside,False,,90,English Opening
T2DMrHcn,white,kingside,,False,,53,Irregular Openings
0qba0e0F,black,,,False,,66,Irregular Openings
pXoaIh3f,black,,kingside,False,,48,Irregular Openings
Ck78eKZc,white,,,False,,35,Irregular Openings
Y0b6QUwi,white,kingside,,False,,69,Irregular Openings
c4bG8pbU,black,,kingside,False,,89,French Defense
tT2XAQPb,white,kingside,,False,,180,Irregular Openings
Ash47woU,black,,kingside,False,,82,Slav Defense
n6g0BdcR,black,,kingside,False,,76,Irregular Openings
aOto6FIf,white,kingside,,False,,63,Irregular Openings
c3eN668E,white,kingside,,False,,82,Irregular Openings
2Ku9AEVZ,white,kingside,,False,,142,Irregular Openings
xM9iMHFn,black,,kingside,False,,138,Irregular Openings
4zb0gzDu,white,kingside,,False,,104,Irregular Openings
Atp1Z32c,black,,kingside,False,,54,French Defense
13nMUFO2,white,kingside,,False,,63,Irregular Openings
a5HwJ9ds,white,,,False,,6,Queen's Pawn Game
VQYr8chE,black,,,False,,26,Reti Opening
np9fJpIN,black,,,False,,43,Irregular Openings
cnkrzdpx,white,kingside,,False,,48,Irregular Openings
aJ4ILEvW,black,,,False,,21,Irregular Openings
WJ8fPciw,white,kingside,,False,,66,Irregular Openings
7KLCgCSA,white,kingside,,False,,95,Irregular Openings
baByBPCo,white,kingside,,False,,89,Irregular Openings
bQdybgB6,black,,,False,,72,Irregular Openings
KAMirJhF,white,kingside,,False,,143,Irregular Openings
ZHjUjjyG,black,,queenside,False,,65,French Defense
leyt9AOb,black,,,False,,75,Irregular Openings
KfW8kdaB,black,,queenside,False,,92,French Defense
msokHRRz,black,,,False,,63,Irregular Openings
A7meUDWa,white,kingside,,False,,60,Irregular Openings
h7FeJHNm,black,,kingside,False,,82,French Defense
FR9MXHOd,black,,,False,,56,French Defense
TWTwXeG4,white,kingside,,False,,53,Irregular Openings
hfu0xadm,white,kingside,,False,,93,Queen's Pawn Game
Rqw1IbIf,black,,,False,,42,French Defense
zop43K0x,black,,queenside,False,,121,English Opening
hJJjlfIa,black,,,False,,77,Irregular Openings
rrsodFmF,black,,,False,,59,French Defense
SyfeXPFX,white,kingside,,False,,113,Irregular Openings
4tdst7im,white,kingside,,False,,61,Irregular Openings
ZLb7ac3N,white,kingside,,False,,107,Irregular Openings
PgmThBVl,white,kingside,,False,,54,Queen's Pawn Game
Rlmq7Fs8,white,kingside,,False,,67,Irregular Openings
g1Svv55O,white,kingside,,False,,95,Irregular Openings
gNOCLav1,white,,,False,,63,Queen's Pawn Game
F4nTT1iK,white,,,False,,37,Irregular Openings
d7JLWkuQ,white,kingside,,False,,114,Irregular Openings
WwxCF9zy,white,kingside,,False,,114,Queen's Pawn
tnPxJxe3,black,,kingside,False,,110,French Defense
ogEJEuW5,black,,,False,,60,Irregular Openings
MHfBiUQq,white,queenside,,False,,90,Irregular Openings
J1z85Vuj,white,kingside,,False,,127,Irregular Openings
8pucBAC2,white,queenside,,False,,99,Irregular Openings
rP1NxNWu,white,queenside,,False,,85,Queen's Pawn Game
1EcN4Nsf,black,,,False,,75,Irregular Openings
JAYj7ZAP,white,kingside,,False,,76,Irregular Openings
TynPzm2J,black,,,False,,183,Irregular Openings
dUrb0U8x,white,queenside,,False,,85,Irregular Openings
O2neS1Ct,white,,,False,,94,Irregular Openings
OyNwtS2A,black,,,False,,129,Irregular Openings
4icJYRlj,black,,,False,,204,Irregular Openings
FTQNtM91,black,,kingside,True,8,208,French Defense
YC2W9MBT,black,,,False,,86,Irregular Openings
uQj6g8oJ,black,,,False,,26,Irregular Openings
jEYR9TJD,white,queenside,,False,,121,Irregular Openings
Okk5o5v8,white,,,False,,49,Queen's Pawn Game
qQTW98yM,white,queenside,,False,,185,Irregular Openings
4uIMcuxS,black,,,False,,66,Irregular Openings
7p06fVT9,white,queenside,,False,,76,Irregular Openings
ci0MZABW,black,,kingside,False,,111,Irregular Openings
uCAHdRp5,black,,,False,,136,Irregular Openings
w4b5ca0t,white,kingside,,False,,69,French Defense
xNIRLMIV,white,queenside,,False,,79,Trompowsky Attack
HciYPcZl,black,,,False,,36,Irregular Openings
S5lHSUAK,white,kingside,,False,,131,Irregular Openings
UttqxbR1,black,,,False,,5,French Defense
tWxE1bVZ,black,,,False,,30,Irregular Openings
fSLnP1xb,black,,,False,,90,French Defense
MBeXEC9I,black,,,False,,145,Irregular Openings
Bfj1SjCa,black,,,False,,211,Irregular Openings
EJRGVfy6,black,,kingside,True,12,124,French Defense
WgHkFrz3,black,,,False,,19,French Defense
eVyQq5VN,white,queenside,,False,,89,Queen's Pawn Game
OynzpsXL,black,,,False,,159,Irregular Openings
mORLjBTr,black,,,False,,249,Irregular Openings
n9Kv68yX,black,,,False,,177,Irregular Openings
0UnOmPEL,black,,,False,,92,Irregular Openings
KbsfauK0,white,kingside,,False,,115,Irregular Openings
iZd44dzo,white,queenside,,False,,49,Queen's Pawn Game
3ug0oSKD,black,,,False,,152,Irregular Openings
9cdbzXKm,white,queenside,,False,,173,Irregular Openings
hQkq9tIE,black,,kingside,True,15,260,French Defense
oLkI48FQ,white,,,False,,39,Queen's Pawn Game
ZRMGM4nv,black,,,False,,28,Irregular Openings
j2QxeOZb,black,,kingside,False,,45,Ruy Lopez
DH7iQ6JG,black,,,False,,166,Irregular Openings
nhD9kyS7,black,,kingside,False,,60,Uncommon King Pawn
Nwhed8aT,black,,,False,,92,Irregular Openings
6La7hyK6,black,kingside,kingside,True,23,177,Uncommon King Pawn
zdWJ8w9I,black,,,False,,112,Irregular Openings
wvILrPWp,black,,kingside,False,,31,King's Pawn Game
nKfrjCbI,white,,,False,,155,Irregular Openings
MuXCCpV5,black,kingside,kingside,True,12,246,French Defense
aQZLjeNW,black,,queenside,False,,48,Uncommon King Pawn
1hl0Hqa5,black,,kingside,False,,49,Indian Defenses
oTSVEYJH,black,,,False,,131,Irregular Openings
hX3mVIRb,white,,,False,,117,Reti Opening
aFTNSRhB,white,,,False,,123,Reti Opening
QuNkp5Yu,black,,,False,,124,Irregular Openings
GOLGtaFo,white,,,False,,54,Reti Opening
RQfDPRkL,white,,,False,,149,Reti Opening
LJbfxc9X,black,,kingside,False,,202,Irregular Openings
dWZwAZmH,black,,,False,,114,Irregular Openings
3QUgK7Es,black,,,False,,171,Irregular Openings
FSjpTJIk,white,,,False,,79,Trompowsky Attack
nVswt2g2,white,kingside,kingside,True,12,156,Irregular Openings
txIyo9VO,black,,kingside,False,,221,Uncommon King Pawn
NhKzB5wT,black,,,False,,163,Irregular Openings
aFJukuWL,black,,,False,,87,Irregular Openings
i3HefGnF,black,,kingside,True,10,111,Uncommon King Pawn
4wCMPDc4,black,,kingside,False,,148,Irregular Openings
1LElZHa4,black,,kingside,False,,165,Uncommon King Pawn
eVyiOnyq,black,,,False,,133,Irregular Openings
cr9xMbzM,black,,,False,,132,Irregular Openings
VimqoLcK,black,,queenside,False,,50,Uncommon King Pawn
NDLXoV5D,white,,,False,,73,Uncommon King Pawn
7KEM1KaD,white,,,False,,71,Irregular Openings
HCta5p6L,black,,kingside,False,,53,Indian Defenses
aSHPTE9r,black,,,False,,15,Uncommon King Pawn
fqUWHZpr,white,,,False,,37,Reti Opening
8QQce0es,black,,kingside,False,,71,Italian Game
VpVHBbnZ,white,kingside,,False,,62,Queen's Gambit
9i883UOF,white,kingside,,True,5,84,Queen's Gambit
Iu380lNF,white,,,False,,92,Queen's Gambit
16OxzTKg,white,,,False,,47,Queen's Gambit
GXd7PJ8V,black,,,False,,41,Irregular Openings
Rky0KGYk,white,kingside,,False,,47,Queen's Pawn
u1Sx42hR,white,,,False,,36,Queen's Pawn
m0M46qx4,white,,,False,,81,Grunfeld Defense
uzJWzPOD,black,,kingside,False,,48,French Defense
8Rmshfd7,black,,kingside,False,,110,King's Indian Defense
wl48cyqr,white,,,False,,59,Queen's Pawn
3IFIXCEZ,white,kingside,,False,,98,Dutch Defense
Zvh64xbR,white,,,False,,47,Trompowsky Attack
Wlc62Obm,black,,kingside,False,,69,Trompowsky Attack
ftkP6eTv,black,,queenside,False,,67,Irregular Openings
KR4Do2Ue,white,kingside,,True,14,114,Nimzo-Indian Defense
tE9zuYYj,black,,queenside,False,,86,King's Indian Defense
agCtm9hf,black,,,False,,38,Queen's Pawn Game
9kBRcLCS,black,,kingside,False,,55,Uncommon King Pawn
vHqCDxX1,black,,,False,,8,French Defense
5hA9oWVd,white,,,False,,20,Queen's Gambit
xk0z3gkh,white,,,False,,22,Queen's Pawn
XE1SCqza,black,,kingside,False,,79,French Defense
QqoEKmHp,white,,,False,,78,Nimzo-Indian Defense
UNCZXRER,white,,,False,,71,Indian Defenses
LQbZ11ze,black,,,False,,51,King's Indian Defense
Fiu3ZyF7,black,,kingside,False,,63,English Opening
SvYOh2nn,black,,,False,,72,Trompowsky Attack
vfpPYqzK,black,,,False,,99,Irregular Openings
16xtZi5M,black,,,False,,101,Uncommon King Pawn
JKp6qqRG,white,kingside,,False,,106,Queen's Gambit
yntk7tMH,white,queenside,,False,,134,Queen's Pawn Game
lNr4fS6K,black,,,False,,88,Queen's Pawn Game
zHkoZtGa,black,,,False,,84,Queen's Pawn Game
6ZH8VyZ6,white,kingside,,False,,54,Queen's Pawn
VghfJhvh,black,,,False,,58,Queen's Pawn Game
RtkJbSbe,black,,,False,,74,Queen's Pawn Game
tSDmHEY2,black,,,False,,54,Trompowsky Attack
1eSbsjrx,black,,,False,,80,French Defense
3dGqNAOi,black,,kingside,False,,62,Queen's Pawn Game
kZiAOU17,white,,,False,,119,Nimzo-Indian Defense
U0QCPgTH,black,,,False,,33,King's Indian Defense
iIgFnHhp,black,,queenside,False,,38,King's Indian Defense
ohmurC7M,white,,,False,,42,Nimzo-Indian Defense
VkHtA6xt,white,,,False,,79,Queen's Gambit
UtzYudbq,black,,queenside,False,,38,Uncommon King Pawn
HKR824zA,black,,,False,,65,Irregular Openings
qpbruwDf,black,,queenside,False,,34,King's Indian Defense
GPX0ndCg,black,,,False,,11,Irregular Openings
JTRf4LAF,black,,kingside,False,,85,Irregular Openings
WYjcVqkI,white,,,False,,81,Queen's Gambit
tOiw7bX1,black,,queenside,False,,87,Queen's Pawn Game
vUP3lnDf,black,,kingside,False,,100,French Defense
e2vJuOrn,white,,,False,,148,Queen's Pawn
5FIXDq5e,white,kingside,,False,,208,Queen's Pawn Game
GsifsAvy,black,,,False,,69,Queen's Pawn Game
FEU5tpkY,white,,,False,,55,Indian Defenses
iOOOrGAJ,black,,kingside,False,,75,Irregular Openings
h9TmykCL,white,,,False,,94,King's Indian Defense
Lyrqfo5u,white,,,False,,31,Nimzo-Indian Defense
sfzjBjB6,white,kingside,,False,,117,Queen's Pawn
wZZUVwN9,black,,,False,,84,Queen's Pawn Game
3wMMaPcp,white,,,False,,71,Indian Defenses
keCWIFWZ,black,,,False,,31,French Defense
MlpJNmWS,black,,kingside,False,,91,Uncommon King Pawn
0gjge1Nz,black,,queenside,False,,36,King's Indian Defense
h5gBXe53,white,,,False,,105,King's Indian Defense
jjsVQKUj,black,,,False,,38,Grunfeld Defense
o8AVHVrS,white,queenside,,False,,132,Queen's Gambit
uHBY9faW,white,,,False,,53,Indian Defenses
5v2R9GqO,white,,,False,,65,Queen's Pawn
pukqDwPH,black,,kingside,False,,83,French Defense
rg2EQMag,white,,,False,,69,Nimzo-Indian Defense
GOgBn9aF,black,,kingside,False,,50,King's Pawn Game
drdqskWD,white,queenside,,False,,98,Queen's Gambit
b4ray5oU,white,,,False,,70,Queen's Gambit
aBoImX5P,black,,kingside,False,,40,French Defense
exSG47Z6,black,,,False,,140,Reti Opening
luE5UWn1,black,,,False,,77,Trompowsky Attack
VkdGLSXW,black,,kingside,False,,157,Trompowsky Attack
pR5PhWkS,black,,,False,,45,French Defense
owacjtPd,black,,,False,,99,Irregular Openings
OAKVaFX5,black,,,False,,73,French Defense
P2RIFptd,black,,queenside,False,,55,Irregular Openings
mMjTTySR,white,,,False,,188,Queen's Gambit
cbw7Qjoe,black,,,False,,188,English Opening
48o16G9z,black,,,False,,64,French Defense
Mf9wo4Ky,white,,,False,,176,Queen's Gambit
HysNW5K0,white,kingside,,False,,107,Reti Opening
528qL6wh,white,,,False,,13,Reti Opening
63gaydrh,black,,,False,,116,English Opening
Dfj4ioSz,black,,kingside,False,,86,Trompowsky Attack
8GBVjF93,white,queenside,,False,,150,Reti Opening
oXDyBxIa,white,kingside,,False,,76,Reti Opening
sfgZXAJM,white,,,False,,55,Reti Opening
XznUOvJ7,white,kingside,,False,,70,Reti Opening
D28UdrIg,black,,,False,,39,Reti Opening
dVWIpGfC,black,,kingside,False,,33,Reti Opening
sDfN9Tqe,white,kingside,,False,,125,Reti Opening
gtS2LSAX,black,,queenside,False,,67,Uncommon King Pawn
f4fISJmg,black,,,False,,53,Trompowsky Attack
kO6newB3,black,,,False,,146,Irregular Openings
rxdTxIeH,white,kingside,,False,,109,Reti Opening
rqvMLwoW,black,,,False,,118,Irregular Openings
JSLhmZ9D,white,kingside,,False,,100,Reti Opening
WVYwOr8U,black,,,False,,39,Irregular Openings
PJEzK8zM,black,,,False,,111,Reti Opening
bcqlUueI,white,kingside,,False,,80,Reti Opening
qXhDeTju,white,kingside,,False,,106,Irregular Openings
7YQcKuY5,white,,,False,,77,Reti Opening
0CUQB9gS,white,kingside,,False,,44,Reti Opening
DiQlQ1xU,black,,,False,,54,Uncommon King Pawn
9CaQeaZo,black,,queenside,False,,59,Trompowsky Attack
MlDfChAG,black,,kingside,False,,101,Uncommon King Pawn
FGlcP4i3,white,,,False,,34,Irregular Openings
m1TgcMwg,white,kingside,,False,,64,Irregular Openings
6HBzDghR,black,,,False,,53,Irregular Openings
r0V5ohdj,white,kingside,,False,,63,Irregular Openings
gHsDQmoa,white,kingside,,False,,53,Reti Opening
1sSEGiOM,white,kingside,,False,,131,Reti Opening
woQTidn0,white,queenside,,False,,96,Reti Opening
ClEaWMBU,black,,,False,,58,Trompowsky Attack
TQVgFzK2,white,kingside,,False,,90,Reti Opening
bElkGPDU,white,,,False,,69,Reti Opening
i7E6fFom,white,kingside,,False,,138,Irregular Openings
Vm2CSIcd,black,,,False,,81,Queen's Pawn Game
OE3yXybZ,black,,kingside,False,,118,Trompowsky Attack
RYLS2uu1,black,,kingside,False,,80,Reti Opening
jYAic5TM,black,,kingside,False,,52,Uncommon King Pawn
K6VmGSy6,black,,,False,,32,Irregular Openings
3uhCIGji,white,kingside,,False,,148,Reti Opening
2SP2kzWd,black,,queenside,False,,102,Reti Opening
rxB4onGR,white,kingside,,False,,86,Reti Opening
XytKVIwA,black,,,False,,109,Irregular Openings
chln8ZfE,white,kingside,,False,,64,Reti Opening
IG0rjCpa,black,,,False,,37,Reti Opening
xJXbI9Mt,black,,kingside,False,,59,Reti Opening
socwKbCf,white,kingside,,False,,44,Reti Opening
JlR5Qj5k,black,,,False,,92,Irregular Openings
KD2BnGMn,black,,,False,,71,Irregular Openings
favuWbKq,black,,,False,,39,Reti Opening
sfKFJ8na,white,kingside,,False,,44,Reti Opening
xYok8MIU,white,,,False,,57,Irregular Openings
nJyYVnbL,white,kingside,,False,,92,Reti Opening
PgQWLbok,black,,kingside,False,,97,Uncommon King Pawn
U66Bekah,white,,,False,,36,Reti Opening
dh0A5oJS,black,,,False,,149,Irregular Openings
vY5q0rc0,black,,,False,,186,Reti Opening
diEfKcGR,black,,,False,,108,Uncommon King Pawn
fmAOmMs0,white,kingside,,False,,101,Reti Opening
RgCyvuOT,white,kingside,,False,,57,Reti Opening
BjbFsFJZ,white,kingside,,False,,44,Reti Opening
gFA0Vjph,white,,,False,,113,Irregular Openings
YnB8OKGC,white,,,False,,136,Reti Opening
jg5qcUic,black,,,False,,85,Irregular Openings
fsM0ESfK,white,kingside,,False,,109,Reti Opening
3nhabLYY,black,,,False,,84,Irregular Openings
OzqpTVVT,white,queenside,,False,,131,Reti Opening
Bud6gCN6,white,kingside,,False,,125,Reti Opening
2eIDIK2B,black,,kingside,False,,306,Irregular Openings
M7zaeSYv,black,,,False,,66,Irregular Openings
1LaTJyb0,black,,kingside,False,,104,Slav Defense
6Y0ZyBLV,black,,,False,,60,Nimzo-Indian Defense
gewxfEWh,black,,queenside,False,,62,Trompowsky Attack
aXZPZsme,white,kingside,,False,,83,Reti Opening
jFi1xcMq,white,kingside,,False,,71,Reti Opening
glXE4kHV,black,,kingside,False,,95,Uncommon King Pawn
3937bk7M,white,kingside,,False,,36,Irregular Openings
Z4aqVJmb,black,,kingside,False,,89,Uncommon King Pawn
6roarqGa,white,kingside,,False,,48,Reti Opening
HBpGqMsq,black,,kingside,False,,102,Uncommon King Pawn
IAICvjXm,white,kingside,,False,,81,Irregular Openings
WaR0RaFj,white,,,False,,53,Irregular Openings
Ighn5Tha,white,queenside,,False,,110,Reti Opening
FAfnApQQ,white,kingside,,False,,115,Reti Opening
f57seOpw,white,,,False,,76,Reti Opening
k8kJONKc,black,,,False,,37,Irregular Openings
pXgUbdNg,white,,,False,,74,Indian Defenses
Zzhfzpq2,white,queenside,,False,,19,Queen's Pawn
9TRYRhwA,white,,,False,,60,Queen's Gambit
Bf3fz45I,black,,kingside,False,,89,King's Indian Defense
1zMoEeHy,white,queenside,,False,,110,Dutch Defense
9q9KswiN,black,,kingside,False,,99,French Defense
1N8T1nJg,white,,,False,,132,Queen's Gambit
LslUsqkA,white,,,False,,51,Indian Defenses
wOuGy6Gx,black,,kingside,False,,91,Queen's Pawn Game
r8zwOdUl,black,,,False,,69,Uncommon King Pawn
w7iOe1wZ,black,,kingside,False,,64,French Defense
Kt6s1YY7,black,,kingside,False,,111,French Defense
QddqsWZB,black,,kingside,False,,104,Irregular Openings
nOfDZQ8H,white,queenside,,False,,43,Queen's Pawn
1arLrrAu,white,,,False,,115,Queen's Pawn
Ea0Q3pnl,white,kingside,,False,,76,Indian Defenses
XEXM5r6P,white,kingside,,False,,52,Indian Defenses
iFsCTp3n,white,,,False,,160,Indian Defenses
gikANapW,white,,,False,,51,Queen's Gambit
o1ndqmOR,white,kingside,,False,,38,Queen's Gambit
0SrCozph,white,,,False,,124,Grunfeld Defense
1zoODIWK,black,,kingside,False,,156,French Defense
uFipRIYa,white,kingside,,False,,150,Grunfeld Defense
y2jejsls,white,kingside,,False,,76,Queen's Gambit
lNVjIae1,white,,,False,,135,Reti Opening
keDwKyxA,white,,,False,,103,Reti Opening
dYg8IJwK,black,,kingside,False,,102,English Opening
CnRVgGi0,white,queenside,,False,,68,Reti Opening
xJCDpQIa,white,kingside,,False,,148,Reti Opening
ww2lGhFk,white,kingside,,False,,104,Reti Opening
CTI6gVgS,white,queenside,,False,,59,Reti Opening
DnwbxlX5,white,kingside,,False,,50,Reti Opening
irTN9OOO,white,kingside,,False,,105,Reti Opening
FkazefKj,black,,,False,,96,Reti Opening
vuSWtn0g,black,,,False,,152,Irregular Openings
Ei9BRqnF,white,,,False,,10,Reti Opening
cc1vCkcq,white,kingside,,False,,74,Reti Opening
qIj2pVVC,white,,,False,,56,Reti Opening
fFoyrFxe,white,kingside,,False,,123,Reti Opening
YiYiVCys,white,kingside,,False,,129,Reti Opening
acaNfWnP,black,,kingside,False,,118,Uncommon King Pawn
v3QLwymJ,white,kingside,,False,,89,Reti Opening
CsQvzykD,white,kingside,,False,,77,Reti Opening
ekFIfDo9,white,kingside,,False,,133,Reti Opening
oPQrwwhd,black,,,False,,39,Trompowsky Attack
Zfst9EPK,black,,kingside,False,,57,Uncommon King Pawn
1QyXYvCt,black,,kingside,False,,149,English Opening
tHOU7p8G,white,kingside,,False,,122,Reti Opening
anCFynCe,white,queenside,,False,,112,Irregular Openings
mBC4We14,black,,,False,,99,Irregular Openings
B97msrhQ,black,,kingside,False,,120,Uncommon King Pawn
CVh3Eimk,white,kingside,,False,,96,Reti Opening
XZsI32d6,white,kingside,,False,,62,Reti Opening
uuPYhcnU,black,,,False,,109,Irregular Openings
UWZZYv61,black,,kingside,False,,121,Irregular Openings
Zrvbbolv,black,,kingside,False,,34,Slav Defense
Ds8qu0Id,white,,,False,,43,Reti Opening
HSeavYnB,white,kingside,,False,,52,Reti Opening
sAMKv91V,white,kingside,,False,,56,Reti Opening
uRVK6KLl,white,,,False,,68,Reti Opening
CrBHFeAv,black,,,False,,72,English Opening
fyGrZ8mt,white,kingside,,False,,56,Reti Opening
YPbVpv6E,white,kingside,,False,,157,Irregular Openings
iNqfaQ6C,white,kingside,,False,,40,Reti Opening
sQy6QikZ,black,,,False,,46,Uncommon King Pawn
L3Df2L68,white,queenside,,False,,56,Reti Opening
IGJrQtbs,black,,kingside,False,,55,Reti Opening
Uplvspbz,black,,,False,,39,Trompowsky Attack
WFYN3AkN,white,kingside,,False,,60,Reti Opening
ET6PmGW8,black,,kingside,False,,66,English Opening
GXXwZ0zE,black,,kingside,False,,96,Uncommon King Pawn
9op0SVLC,black,,,False,,45,Uncommon King Pawn
P1l969yS,white,,,False,,117,Reti Opening
5eQOW2ER,white,kingside,,False,,57,Reti Opening
cNjV6u6z,black,,kingside,False,,41,Uncommon King Pawn
yGtGJWTb,black,,queenside,False,,113,Irregular Openings
UHnuaiax,black,,kingside,False,,110,Uncommon King Pawn
OkYfmjmy,white,kingside,,False,,56,Reti Opening
anjKAPKb,white,kingside,,False,,38,Reti Opening
0SIJDI3A,black,,queenside,False,,133,Irregular Openings
r587y3I1,black,,kingside,False,,74,Uncommon King Pawn
7poBbUzo,white,kingside,,False,,115,Reti Opening
qltGi4Tm,white,kingside,,False,,169,Reti Opening
hme4cvvz,white,kingside,,False,,66,Reti Opening
s6UURvqL,black,,queenside,False,,285,Irregular Openings
G6mDQN1u,black,,kingside,False,,74,Uncommon King Pawn
uVwsqbeg,white,kingside,,False,,57,Reti Opening
Istr8LKS,white,kingside,,False,,99,Reti Opening
ZME7yeIJ,white,,,False,,129,Reti Opening
5ZeFJkZW,black,,kingside,False,,49,Trompowsky Attack
PxweJGxT,white,kingside,,False,,105,Reti Opening
wjM5tarp,white,,,False,,69,Queen's Gambit
HyjYNSkO,black,,,False,,64,King's Indian Defense
RHJLNIUM,white,kingside,,False,,60,Queen's Gambit
sQ3DLemh,white,,,False,,51,Queen's Gambit
PjXUiTuW,white,,,False,,88,Queen's Gambit
VPFc7p8C,white,,,False,,69,Queen's Gambit
CQ1E7EDm,black,,,False,,62,French Defense
ecUJPyOL,black,,,False,,33,Irregular Openings
QwKXxPES,white,kingside,,False,,31,Queen's Gambit
DXt2RuQb,white,,,False,,100,Dutch Defense
Yk8gcO6D,white,kingside,,False,,87,Queen's Gambit
m1HAz67h,white,kingside,,False,,54,Queen's Gambit
hkZr354p,black,,,False,,48,Irregular Openings
VQWMwiqB,white,queenside,,False,,66,Reti Opening
7HuPR3Sf,white,,,False,,49,Reti Opening
hc15mmZL,white,,,False,,104,Reti Opening
hzRX4gk6,black,,,False,,57,Indian Defenses
2DuLAt3r,white,,,False,,76,Reti Opening
dt04j4hn,black,,kingside,False,,29,Uncommon King Pawn
5moATJhB,white,queenside,,False,,139,Reti Opening
6HsZMTqS,black,,kingside,False,,69,Uncommon King Pawn
Z23umVll,black,,kingside,False,,38,Uncommon King Pawn
dd7Reukm,white,queenside,,False,,97,Reti Opening
itsSYh2p,black,,,False,,83,Irregular Openings
It1dCSpv,white,,,False,,96,Reti Opening
IkUeoEdk,white,queenside,,False,,50,Reti Opening
8glQAh2T,black,,,False,,111,Queen's Gambit
Ufs4ZHdW,white,queenside,,False,,102,Reti Opening
12xSKNYp,white,,,False,,75,King's Pawn Game
SJtS2d8h,black,,kingside,False,,58,Reti Opening
ZqBv03Mk,black,,queenside,False,,90,Irregular Openings
CXh2xJWx,black,,kingside,False,,48,Uncommon King Pawn
c6Oap8zu,black,,kingside,False,,91,King's Pawn Game
TIpiusla,white,,,False,,103,Reti Opening
Ts8SsQOB,black,,kingside,False,,93,King's Pawn Game
59sjCFBN,white,,,False,,29,Reti Opening
TwFeDpPM,black,,kingside,False,,61,King's Pawn Game
FH0pEK0x,black,,kingside,False,,37,Irregular Openings
zMdGyMQZ,black,,kingside,False,,88,King's Pawn Game
jdroYM0v,white,kingside,,False,,90,Reti Opening
RaiSE1Q7,black,,,False,,12,Irregular Openings
IsTFfQQc,white,kingside,,False,,75,Reti Opening
OBPkcaIR,black,,queenside,False,,107,Trompowsky Attack
IzfJjGek,black,,kingside,False,,76,King's Pawn Game
0U9veCM3,white,queenside,,False,,71,Reti Opening
LRumGekv,black,,kingside,False,,61,King's Pawn Game
uutsiXo9,white,kingside,,False,,72,King's Pawn Game
6gSk3Ijn,white,kingside,,False,,114,Irregular Openings
AEozX5lW,black,,kingside,False,,53,King's Pawn Game
GTUgVo5J,white,,,False,,16,Reti Opening
O58K4wsv,white,,,False,,36,Reti Opening
C87Dp0gR,white,kingside,,False,,85,Reti Opening
8uQWGrTS,black,,,False,,91,Trompowsky Attack
7EeyWHAO,white,queenside,,False,,36,Reti Opening
DCP9w1hR,white,,,False,,97,Reti Opening
fjw2YIfC,white,,,False,,100,Reti Opening
C8vkOBEm,black,,,False,,60,Queen's Pawn Game
Cso3c0Ji,black,,queenside,False,,73,Queen's Pawn Game
QPSZYYNG,black,,kingside,False,,54,Uncommon King Pawn
sXgILBdt,white,queenside,,False,,86,Reti Opening
sucq4MnE,black,,,False,,77,Uncommon King Pawn
BuvaW24w,white,,,False,,83,Queen's Pawn Game
coOc3YeR,white,kingside,,False,,96,Reti Opening
EiJhkopx,black,,,False,,40,Queen's Gambit
Q85zHmxZ,white,,,False,,104,Reti Opening
AaMAeU7G,black,,,False,,62,Queen's Pawn Game
YNCY1I3A,black,,,False,,99,Trompowsky Attack
T6naM4xx,white,,,False,,121,Irregular Openings
CRKaXoNe,black,,,False,,58,English Opening
8BCehjp6,white,,,False,,51,Irregular Openings
jExiq7U3,black,,,False,,107,Irregular Openings
jFVAbFp9,white,,,False,,54,Reti Opening
2YT4IOuP,black,,kingside,False,,48,Irregular Openings
FRVpcKM3,black,,,False,,65,Irregular Openings
YMqoCNwJ,white,kingside,,False,,49,Reti Opening
wy4a3J7W,white,kingside,,False,,92,Reti Opening
oz7XHHsE,white,kingside,,False,,52,Reti Opening
aWJiNaKP,white,kingside,,False,,44,Reti Opening
SjNOFETs,white,kingside,,False,,50,Reti Opening
6CRSfMwT,black,,kingside,False,,47,Uncommon King Pawn
EGsgbccg,black,,kingside,False,,37,Irregular Openings
n03xCyxl,white,queenside,kingside,True,9,92,Irregular Openings
w416A9RH,black,,,False,,130,Uncommon King Pawn
X02MjvSu,black,,kingside,False,,63,Trompowsky Attack
dpAeQATm,white,kingside,,False,,52,Reti Opening
VCtePczV,black,,kingside,False,,96,Trompowsky Attack
LKtnZyQj,white,,,False,,110,Reti Opening
j8Raf7t1,white,kingside,,False,,99,Reti Opening
vCOyd06V,black,,kingside,False,,41,Uncommon King Pawn
Xjp3Bk7r,black,,kingside,False,,47,Uncommon King Pawn
ANdEP8wk,black,,kingside,False,,136,Irregular Openings
pbO8ACZe,white,kingside,,False,,180,Reti Opening
AiuiMEP4,black,,queenside,False,,46,Trompowsky Attack
lKBL0Yj4,white,kingside,,False,,96,Reti Opening
zZT0DVqI,white,kingside,,False,,239,Reti Opening
t359aBvt,white,kingside,,False,,65,Reti Opening
Zvypkcgt,black,,kingside,False,,96,Uncommon King Pawn
n7iI0FuH,white,kingside,,False,,52,Reti Opening
lAs96Adm,white,kingside,,False,,100,Reti Opening
MLNyavI0,white,kingside,,False,,149,Reti Opening
9qPHg3N1,black,,kingside,False,,88,Uncommon King Pawn
MEicshn0,white,kingside,,False,,64,Reti Opening
ECe1AAyz,white,kingside,,False,,111,Reti Opening
RCtd3drk,black,,,False,,73,Trompowsky Attack
Y0U8MPoq,white,kingside,,False,,55,Reti Opening
1ojaQecz,white,kingside,kingside,True,19,335,Reti Opening
FRzVJhgj,white,kingside,,False,,121,Reti Opening
vTJBHA2u,black,,queenside,False,,69,Trompowsky Attack
FO7aSsX3,black,,,False,,77,Uncommon King Pawn
hovv41dM,black,,queenside,False,,127,Uncommon King Pawn
SJnrpCrr,white,kingside,,False,,54,Reti Opening
7YNp75Vq,black,,kingside,False,,81,Uncommon King Pawn
c2dJ0u1i,black,,kingside,False,,104,Trompowsky Attack
EzYXNE9G,white,kingside,,False,,45,Irregular Openings
n9WYS51d,black,,,False,,100,Uncommon King Pawn
A2tgyZbP,black,,kingside,False,,41,Uncommon King Pawn
V6Vbj8Va,black,,kingside,False,,25,Uncommon King Pawn
tTPnOTdA,black,,,False,,7,Irregular Openings
NvUCIq5g,black,,kingside,False,,88,Irregular Openings
GEvCpQoI,black,,queenside,False,,166,Trompowsky Attack
64VXn5Kd,black,,kingside,False,,45,English Opening
uncrfHuz,white,kingside,,False,,90,Reti Opening
s0dueSDF,black,,,False,,85,Irregular Openings
7JZbpFKB,black,,,False,,37,Trompowsky Attack
8FPjUkhr,white,kingside,,False,,111,Reti Opening
TmKAKyXh,black,,kingside,False,,53,Uncommon King Pawn
zEpDhgZl,white,,,False,,2,Reti Opening
RwRvUwAT,black,,kingside,False,,55,Uncommon King Pawn
85a8o1jG,black,,kingside,False,,39,Slav Defense
8erXB6wg,black,,queenside,False,,61,Trompowsky Attack
iCfnQSbR,white,queenside,,False,,81,Reti Opening
fXSBMK5I,white,kingside,,False,,75,Reti Opening
2gWfxH7z,white,kingside,,False,,68,Reti Opening
BGLR0JEZ,black,,kingside,False,,188,Trompowsky Attack
ZVS1IgME,white,kingside,,False,,58,Reti Opening
HS9CF6ha,white,kingside,,False,,42,Reti Opening
j5Aa47zc,black,,kingside,False,,113,Irregular Openings
M9mszpHe,black,,,False,,40,Irregular Openings
6OwxFlTX,white,kingside,,False,,48,Reti Opening
yNvxBSfa,white,kingside,,False,,158,Reti Opening
1FCWKId3,black,,kingside,False,,91,Uncommon King Pawn
kimUBTZo,black,,kingside,False,,76,Nimzo-Indian Defense
K0mg2HoT,black,,,False,,93,Uncommon King Pawn
AkjV5ucJ,black,,kingside,False,,113,Uncommon King Pawn
ROLNtpq1,white,kingside,,False,,42,Reti Opening
F3szvw5r,black,,kingside,False,,74,Uncommon King Pawn
KJIQOPLB,black,,,False,,91,Uncommon King Pawn
ymwdy4XL,white,kingside,,False,,73,Irregular Openings
JsrcYelQ,white,,,False,,56,Reti Opening
AyOS8rQK,black,,kingside,False,,103,Uncommon King Pawn
RjOEXe4j,white,kingside,,False,,56,Reti Opening
5tmxsILv,black,,,False,,104,Reti Opening
MyIsQWwV,black,,kingside,False,,79,Irregular Openings
Da3BCFNb,black,,kingside,False,,30,Irregular Openings
IJtYO35Q,white,kingside,,False,,52,Reti Opening
6nGYGfIs,black,,kingside,False,,76,Trompowsky Attack
8X4w4Oxy,white,kingside,,False,,90,Reti Opening
Myd4acPI,white,kingside,,False,,148,Reti Opening
2oaItTXf,white,kingside,,False,,37,Reti Opening
PBuwuXY9,black,,,False,,99,Uncommon King Pawn
BUN1U88M,black,,kingside,False,,59,Trompowsky Attack
uR8n5IQd,white,,,False,,58,Reti Opening
koT0wpjL,black,,kingside,False,,57,Uncommon King Pawn
MIMOKbnu,black,,kingside,False,,39,Uncommon King Pawn
CYslhJXZ,black,,kingside,False,,112,Uncommon King Pawn
aBUR8itv,black,,kingside,False,,114,Uncommon King Pawn
pOyebv3u,white,kingside,,False,,80,Reti Opening
8nPzbzAB,white,kingside,,False,,27,Reti Opening
V7eBxvP3,black,,,False,,71,Uncommon King Pawn
ZDOFWnl7,black,,kingside,False,,69,French Defense
Q6uP5Tgp,white,kingside,,False,,47,Irregular Openings
5AEExOjH,black,,kingside,False,,44,Irregular Openings
CYXqUU3F,black,,kingside,False,,42,Irregular Openings
puTC2yj8,black,,kingside,False,,35,Uncommon King Pawn
eBMhdiap,black,,,False,,25,Trompowsky Attack
lxDtEeg0,black,,,False,,98,Trompowsky Attack
Vm9DaAXm,black,,queenside,False,,108,Slav Defense
DYUVgqE8,white,kingside,,False,,66,Reti Opening
9Fflchxu,white,kingside,,False,,50,Reti Opening
6Ku61W0t,white,kingside,,False,,78,Reti Opening
EZZMZIHq,white,kingside,,False,,42,Reti Opening
aOlKeVIY,white,kingside,,False,,35,Reti Opening
6EEl3Rx2,black,,,False,,101,Uncommon King Pawn
ph1ry5qE,white,,,False,,51,Irregular Openings
wqyjo6zM,white,kingside,,False,,60,Irregular Openings
r3FYUCal,black,,kingside,False,,99,Uncommon King Pawn
WFzJgd5e,white,queenside,,False,,83,Irregular Openings
s1Jlq3MF,black,,kingside,False,,105,Uncommon King Pawn
mdk57XJS,white,kingside,,False,,43,Irregular Openings
EV5BuvId,black,,,False,,102,Uncommon King Pawn
wa3e83SZ,black,,,False,,163,Reti Opening
S9juyYbp,black,,,False,,42,Nimzo-Indian Defense
J7RkUMUP,black,,queenside,False,,77,Trompowsky Attack
sryVmCqU,white,kingside,,False,,55,Irregular Openings
f4KfkPwf,black,,,False,,31,Reti Opening
bFbPsC14,black,,,False,,67,Uncommon King Pawn
5855BKGV,black,,,False,,34,Irregular Openings
KOyVG3yb,white,kingside,,False,,78,Irregular Openings
SzpRPXiQ,black,,,False,,126,Uncommon King Pawn
pr7C5Gaf,black,,kingside,False,,47,Slav Defense
VOy14QVn,black,kingside,kingside,True,33,384,Reti Opening
iCZfeW80,white,kingside,,False,,40,Irregular Openings
0uNN1Z4q,white,kingside,,False,,54,Irregular Openings
F9GCGIkz,black,,kingside,False,,68,Catalan Opening
U8iZIKZU,white,kingside,,False,,89,Irregular Openings
XtTxMfKT,black,,,False,,84,Uncommon King Pawn
KnEf4EPM,black,,,False,,42,Irregular Openings
lASr7PGT,black,,,False,,81,Reti Opening
rGedR4Y5,white,,,False,,76,Irregular Openings
RP85cqdp,white,kingside,,False,,71,Irregular Openings
EDe1laYR,white,,,False,,8,Irregular Openings
Eru9AA2o,black,,queenside,False,,98,Trompowsky Attack
3cZUlyAW,black,,,False,,42,Trompowsky Attack
zKwilsKN,white,kingside,,False,,55,Irregular Openings
3edGrj5v,black,,,False,,62,Irregular Openings
ovVGzt6o,black,kingside,kingside,True,16,201,Reti Opening
Njvp3jee,white,kingside,,False,,82,Reti Opening
oXp05jgf,white,kingside,,False,,86,Irregular Openings
YPKh6W2u,black,,queenside,False,,110,Trompowsky Attack
B05wuhQX,white,kingside,,False,,37,Irregular Openings
rhsZ1Xci,black,,,False,,65,Irregular Openings
FwoJgbGT,white,kingside,,False,,104,Irregular Openings
kdBRbUtJ,black,,,False,,97,Uncommon King Pawn
sjYWM16d,black,,kingside,True,20,115,English Opening
lkKxm0hn,black,,,False,,42,Trompowsky Attack
jA9Clodw,black,,,False,,81,Trompowsky Attack
50A0ibuX,white,kingside,,False,,120,Irregular Openings
bYHdHZZd,black,,,False,,115,Irregular Openings
W6dusajE,black,,,False,,91,Irregular Openings
Es74ezFu,white,,,False,,67,Irregular Openings
maj1jRLa,white,kingside,,False,,62,Irregular Openings
RUxL2rsK,white,kingside,,False,,52,Irregular Openings
tiG3Eyqw,white,kingside,,False,,120,Irregular Openings
ZwSMrOyt,white,kingside,,False,,80,Irregular Openings
2HMzP8Ws,black,,,False,,107,Irregular Openings
0kU3D9xF,black,,,False,,44,English Opening
7FEoDH6K,white,kingside,,False,,128,Irregular Openings
nfQJu9F4,white,kingside,,False,,35,Irregular Openings
5PUe8qoy,black,,,False,,99,Uncommon King Pawn
EkmlyKHb,white,,,False,,105,Reti Opening
kBkiZow0,black,,queenside,False,,102,Reti Opening
Nkjsnq2x,white,queenside,,False,,29,Irregular Openings
jWuCotXj,black,,,False,,83,Slav Defense
nYL40frF,black,,kingside,False,,101,Uncommon King Pawn
ebgBqfEd,black,,,False,,30,Irregular Openings
Vy10VQWL,white,kingside,,False,,78,Irregular Openings
PQ4HI3dM,white,queenside,,False,,80,Irregular Openings
O87SM3zE,white,queenside,,False,,54,Irregular Openings
UqnBKjdB,black,,,False,,84,Uncommon King Pawn
78CfZKv8,white,kingside,,False,,111,Irregular Openings
rwBPC2IE,black,,kingside,False,,97,Irregular Openings
0yCfUC6A,black,,kingside,False,,114,Uncommon King Pawn
yMRg6fLM,black,,,False,,72,Uncommon King Pawn
b2d7uHM6,white,,,False,,54,Irregular Openings
hgzQtVRN,black,,kingside,False,,27,King's Pawn Game
rSeSGb3p,white,kingside,,False,,23,Irregular Openings
FOppKoOw,white,queenside,,False,,93,Irregular Openings
PBytsxiP,white,kingside,,False,,32,Irregular Openings
xZAKxruH,black,,,False,,82,Uncommon King Pawn
SNALW2bO,black,,,False,,35,Irregular Openings
wlZsYYOV,black,,,False,,35,Irregular Openings
Int9eZ3E,white,kingside,,False,,132,Irregular Openings
IZ4cp7Ks,white,,,False,,37,Irregular Openings
QjiIUUsf,white,kingside,,False,,48,Irregular Openings
64xGIkfJ,white,kingside,,False,,46,Irregular Openings
k9jt9FZS,black,,,False,,79,Trompowsky Attack
Etcss3YQ,black,,,False,,75,Uncommon King Pawn
4EdPqJWq,black,,,False,,72,Trompowsky Attack
CvHu9pbV,black,,queenside,False,,77,Irregular Openings
SmWb84AS,white,,,False,,56,Irregular Openings
8Dl94TcW,black,,,False,,5,Trompowsky Attack
ZL0umzvT,white,kingside,,False,,81,Irregular Openings
wsZYJNCE,white,queenside,,False,,40,Irregular Openings
ZvW6wcQN,black,,kingside,False,,186,Irregular Openings
4OGFlKqS,white,kingside,,False,,31,Irregular Openings
8BMJs9sC,white,,,False,,57,Irregular Openings
72yYGKGP,black,,kingside,False,,113,Slav Defense
eggpdzA4,black,,,False,,137,Indian Defenses
JwIOGntA,black,,,False,,76,English Opening
9aQXdOHS,white,kingside,,False,,117,Irregular Openings
A6uRMhVh,white,kingside,,False,,43,Irregular Openings
wvh3AIuS,black,,,False,,35,Uncommon King Pawn
Vs2Y7Fuw,black,,,False,,74,Uncommon King Pawn
zi0M19nh,white,kingside,,False,,25,Irregular Openings
Op7rEmOf,black,,,False,,72,Irregular Openings
FdnBG9HT,black,,queenside,False,,58,Slav Defense
KECo006J,white,,,False,,77,Irregular Openings
YDJwx8CZ,white,kingside,,False,,78,Irregular Openings
I0TXwynL,white,,,False,,27,Irregular Openings
ywZsXY9m,black,,kingside,False,,114,Trompowsky Attack
QEC72YpG,black,,kingside,False,,68,Trompowsky Attack
j5HCV4Pq,white,kingside,,False,,79,Irregular Openings
Ze18kP2K,white,kingside,,False,,59,Irregular Openings
QcHENHNF,white,kingside,,False,,75,Irregular Openings
6wsz82EW,black,,queenside,False,,60,Irregular Openings
UJl5kcVO,black,,queenside,False,,59,Irregular Openings
6Nl3isFh,white,kingside,,False,,141,Irregular Openings
4YwFcRJ3,white,queenside,,False,,74,Irregular Openings
yypCTiP9,black,,,False,,104,English Opening
PKJoDzFI,black,,,False,,68,Irregular Openings
E0ArNWrk,white,queenside,,False,,158,Irregular Openings
AOoW2B87,white,kingside,,False,,73,Irregular Openings
0fctu0ok,black,,,False,,69,Irregular Openings
nuOJmjn3,white,kingside,kingside,True,7,234,Irregular Openings
oa4TSXdn,black,,kingside,False,,89,Irregular Openings
sek3zFy3,black,,kingside,False,,106,Uncommon King Pawn
9OjCqHCk,black,,kingside,False,,57,English Opening
4jdUTdBe,black,,,False,,64,Trompowsky Attack
9f48NHYa,white,,,False,,81,Irregular Openings
DoZKti1U,white,kingside,,False,,55,Irregular Openings
yeyk1GhU,white,,,False,,59,Irregular Openings
e04B0lPJ,black,,,False,,80,Trompowsky Attack
p0kp3a4P,white,kingside,,False,,71,Irregular Openings
Uz8aeThB,black,,,False,,147,Irregular Openings
Fc9nLPIl,white,kingside,,False,,69,Irregular Openings
6I5ZP3LV,black,,kingside,False,,41,Uncommon King Pawn
AiAjsLrs,black,,kingside,False,,37,Irregular Openings
Z7al7da0,white,,,False,,62,Irregular Openings
4CZHhQI5,white,kingside,,False,,57,Irregular Openings
0cKO3QuY,black,,kingside,False,,83,Slav Defense
g5RCU7W7,white,queenside,,False,,82,Irregular Openings
svEdtG7z,white,kingside,,False,,57,Irregular Openings
4hXzbIlK,black,,,False,,63,Uncommon King Pawn
cUJZaZBk,black,,,False,,39,Irregular Openings
5NjqjoB4,white,queenside,,False,,67,Irregular Openings
MAwi6YSF,white,kingside,,False,,51,Irregular Openings
MsVm0EVC,black,,kingside,False,,41,Uncommon King Pawn
NNIl9DEr,black,,,False,,96,Irregular Openings
LlR9rQo4,white,,,False,,57,Irregular Openings
bn44RH2a,black,,kingside,False,,43,Uncommon King Pawn
Xx34wptL,white,kingside,,False,,79,Irregular Openings
3wBDOCWe,white,,,False,,49,Irregular Openings
L6zXJKNh,black,,kingside,False,,96,Irregular Openings
4gbsiusE,black,,,False,,73,Uncommon King Pawn
AaBCXK59,white,kingside,,False,,37,Irregular Openings
9Y6859MZ,white,kingside,,False,,43,Irregular Openings
iwksSvnG,black,,kingside,False,,44,Nimzo-Indian Defense
RQopOYDz,white,queenside,,False,,61,Irregular Openings
TAhCo6Tq,white,,,False,,140,Irregular Openings
R0pV8MQy,black,,kingside,False,,69,Reti Opening
0rmJQQPZ,white,kingside,,False,,135,Irregular Openings
mwtCcWCU,white,kingside,,False,,61,Irregular Openings
38bLRmLJ,black,,,False,,54,Uncommon King Pawn
9CulqErE,white,kingside,,False,,46,Irregular Openings
7USxy9Ye,white,kingside,,False,,48,Irregular Openings
Db6dUlnl,black,,kingside,False,,278,Irregular Openings
RG8Qr57i,black,,,False,,42,Reti Opening
vPqTdTbr,white,,,False,,61,Irregular Openings
KVmzZFI0,black,,,False,,38,Reti Opening
96aJjJha,black,,kingside,False,,66,Irregular Openings
0b8nVaxC,white,,,False,,33,Irregular Openings
9kXnyePZ,black,,kingside,False,,46,Reti Opening
rSzyJJkF,white,,,False,,51,Irregular Openings
AmfjzN1P,white,kingside,,False,,146,Irregular Openings
essaKKc7,white,,,False,,91,Irregular Openings
6Q9DoXjx,black,,,False,,7,Reti Opening
m6MMIxhv,black,,,False,,20,Reti Opening
1X3erq2d,white,,,False,,35,Irregular Openings
VWu0iQO6,black,,kingside,False,,35,Slav Defense
DPAT5wsO,black,,,False,,45,Uncommon King Pawn
ARI91FPo,black,,,False,,31,Trompowsky Attack
jUsnJQuj,black,,queenside,False,,87,Uncommon King Pawn
Duiez8pZ,white,,,False,,83,Irregular Openings
DSTmZxnR,black,,kingside,False,,81,Trompowsky Attack
uK8KiAQt,white,,,False,,29,Irregular Openings
2Spyf2L2,black,,kingside,False,,53,Uncommon King Pawn
ATGsOU6t,black,,kingside,False,,82,Uncommon King Pawn
2hrRyGc1,black,,kingside,False,,41,Uncommon King Pawn
87YPm99Z,white,kingside,,False,,226,Irregular Openings
0McdubFG,white,queenside,,False,,152,Irregular Openings
x3yM6AEZ,black,,kingside,False,,43,Irregular Openings
wu9nuFHM,black,,,False,,55,Reti Opening
dkarIpIv,black,,kingside,False,,53,Uncommon King Pawn
8J6Sy7aI,white,kingside,,False,,39,Irregular Openings
Eyt9O9Hy,black,,kingside,False,,81,Uncommon King Pawn
ZLM4H2ib,white,kingside,,False,,65,Irregular Openings
nRQ27uCV,black,,kingside,False,,56,Irregular Openings
S25S52gd,white,kingside,,False,,69,Irregular Openings
ADyfjOxe,black,,kingside,False,,64,Irregular Openings
yqqf4MzO,black,,,False,,39,Irregular Openings
Y8Wk193g,black,,,False,,80,Trompowsky Attack
X5IZmJjJ,white,queenside,,False,,64,Irregular Openings
gcO4NwAh,black,,kingside,False,,160,English Opening
CTO72NRu,black,,,False,,57,Uncommon King Pawn
jAKMWKCr,white,,,False,,39,Irregular Openings
CV0bGE9S,white,,,False,,47,Irregular Openings
vYYTMSl3,white,kingside,,False,,46,Irregular Openings
3Q7x2UoO,black,,kingside,False,,84,Reti Opening
qM5nEv7H,black,,kingside,False,,41,Trompowsky Attack
lGI3kmaL,white,kingside,,False,,31,Irregular Openings
Qw3DzmOl,black,,kingside,False,,43,Uncommon King Pawn
mRYoXLOb,black,,,False,,31,Uncommon King Pawn
batjr4Hm,black,,kingside,False,,89,Irregular Openings
EmDX6oxa,white,,,False,,65,Irregular Openings
WREFaGAj,black,,,False,,61,English Opening
jA31qOUB,black,,,False,,159,Uncommon King Pawn
gygbmShc,white,queenside,,False,,74,Irregular Openings
wXCjISU2,white,kingside,,False,,59,Irregular Openings
Uve3Kvti,white,queenside,,False,,109,Irregular Openings
DkYnhKUG,white,queenside,,False,,71,Irregular Openings
2vilTsnz,white,,,False,,65,Irregular Openings
B31AaSlS,black,,kingside,False,,82,Uncommon King Pawn
e0LGb2lg,white,,,False,,91,Irregular Openings
XSnsIRMJ,white,kingside,,False,,55,Irregular Openings
rTD80KYx,black,,kingside,False,,115,Irregular Openings
JBTazWJS,white,kingside,kingside,True,9,100,Irregular Openings
wSNip4gw,black,,,False,,54,Irregular Openings
qea9nAzn,white,,,False,,129,Irregular Openings
fmQUNMo4,white,queenside,,False,,122,Irregular Openings
f4VRlWf9,black,,,False,,97,Uncommon King Pawn
keudErBW,black,,,False,,64,Irregular Openings
or9VD3Ta,white,kingside,,False,,58,Irregular Openings
WzMlqNhT,black,,kingside,False,,71,Irregular Openings
uqKStzYs,white,kingside,,False,,42,Irregular Openings
cZL6ZPVJ,white,,,False,,47,Irregular Openings
Gx0lb6B4,black,,,False,,142,Irregular Openings
aWEKZGIv,black,,kingside,False,,98,Uncommon King Pawn
dIm0Yaiw,white,queenside,,False,,126,Irregular Openings
1pvbbMPm,black,,,False,,87,Slav Defense
fZZbZS7i,white,,,False,,25,Irregular Openings
RJkPzcZv,white,kingside,,False,,39,Irregular Openings
nCVL2WDt,white,,,False,,37,Irregular Openings
kY2KyZI9,white,,,False,,66,Irregular Openings
Wv5f1sGI,black,,kingside,False,,102,Uncommon King Pawn
kvNC3dRp,black,,kingside,False,,89,English Opening
BRYnJMqI,black,,queenside,False,,52,Irregular Openings
30lLrF0E,black,,kingside,False,,139,Irregular Openings
pxcJ1oOz,white,kingside,,False,,93,Irregular Openings
oUWliPNW,white,,,False,,65,Irregular Openings
nwgzFJKW,black,,,False,,36,Nimzo-Indian Defense
cNXYAeFO,white,kingside,,False,,69,Irregular Openings
RAPTij0j,white,kingside,,False,,139,Irregular Openings
4SKeYp4L,white,,,False,,31,Irregular Openings
l78rgN1N,black,,,False,,130,Uncommon King Pawn
Rc7vrIAS,white,queenside,,False,,160,Irregular Openings
ugPo2In3,black,,kingside,False,,90,Uncommon King Pawn
V5eN0T2G,black,,kingside,False,,55,French Defense
C7kdgcjU,white,,,False,,71,Irregular Openings
PuI9pOPh,black,,kingside,False,,66,English Opening
yJDg76dW,black,,queenside,False,,46,Trompowsky Attack
GogXf1FP,white,kingside,,False,,47,Irregular Openings
3Wij0Jh9,white,kingside,,False,,49,Irregular Openings
sNeuBZWP,black,,,False,,131,Uncommon King Pawn
mRGvdwaj,white,kingside,,False,,84,Irregular Openings
OUCc3Dgc,black,,,False,,56,Reti Opening
1tliahbw,white,,,False,,101,Irregular Openings
M1FyQQWe,black,,kingside,False,,74,Uncommon King Pawn
MluNSN0I,black,,kingside,False,,47,Trompowsky Attack
RMUFvv2X,black,,,False,,94,Reti Opening
vnDRu4DC,black,,kingside,False,,53,Trompowsky Attack
Dz8koYqG,white,kingside,,False,,73,Irregular Openings
nHNQwTpQ,white,kingside,,False,,63,Irregular Openings
eyZmFREE,white,queenside,,False,,53,Irregular Openings
Mz9hdNTg,black,,kingside,False,,45,Uncommon King Pawn
4tBVwwLf,black,,kingside,False,,148,Uncommon King Pawn
LhW2nSzW,white,kingside,,False,,82,Irregular Openings
vEL0lg9C,white,,,False,,25,Irregular Openings
J3oAbgP5,black,,queenside,False,,34,Slav Defense
SLE3EOvL,black,,,False,,65,Irregular Openings
XsohTDF9,black,,,False,,79,English Opening
a3bsJ8BE,white,kingside,,False,,62,Irregular Openings
QxHH3KSq,black,,,False,,102,Uncommon King Pawn
FAgFYKoJ,black,,,False,,147,Uncommon King Pawn
wUHsLx7l,black,,kingside,False,,42,Uncommon King Pawn
IVIxJBzx,white,kingside,,False,,33,Irregular Openings
FDCgMBkL,white,,,False,,58,Irregular Openings
VCJPxm94,black,,,False,,53,Indian Defenses
odkdnww7,black,,,False,,116,Uncommon King Pawn
t6zp2sXx,black,,,False,,110,Uncommon King Pawn
FqbuwJTT,white,,,False,,115,Irregular Openings
Mqmg10zA,black,,kingside,False,,67,Nimzo-Indian Defense
YUZ0Yajf,black,,,False,,59,Reti Opening
PKKZw9VA,white,,,False,,45,Irregular Openings
i8sy1H5F,black,,kingside,False,,65,Uncommon King Pawn
A5rstMac,white,queenside,,False,,74,Irregular Openings
OyThGh6R,white,kingside,,False,,102,Irregular Openings
750NZJzr,black,,,False,,39,Uncommon King Pawn
iVI47ZZu,black,,kingside,False,,56,Indian Defenses
oetoQ6qO,white,,,False,,81,Irregular Openings
BpKfz8d1,white,kingside,,False,,110,Irregular Openings
mx5oSvEj,black,,kingside,False,,110,Reti Opening
STp6JVWh,white,,,False,,56,Irregular Openings
EQgGYbN5,white,kingside,,False,,82,Irregular Openings
pzjim4xP,black,,,False,,104,Uncommon King Pawn
gWekqtTn,white,kingside,,False,,61,Irregular Openings
6nWboHzW,black,,,False,,43,Uncommon King Pawn
rjh8CHQN,black,,queenside,False,,75,Uncommon King Pawn
Jtmx8rBN,black,,,False,,73,Irregular Openings
lGBbZjDv,black,,,False,,67,Irregular Openings
S6mg61RF,white,queenside,,False,,69,Irregular Openings
9BQxRNFH,white,,,False,,73,Irregular Openings
kv47w9ed,black,,,False,,80,Uncommon King Pawn
UHlRKUCu,black,,kingside,False,,61,Trompowsky Attack
PpdOGMlJ,black,,kingside,False,,44,French Defense
ixlaD3aS,black,,kingside,False,,59,English Opening
hfkgMO6p,white,,,False,,53,Irregular Openings
KF0PvmU5,black,,,False,,72,Trompowsky Attack
a4a89NFo,white,,,False,,75,Irregular Openings
gn86yaln,white,,,False,,105,Irregular Openings
EwkLlnOb,black,,kingside,False,,31,Uncommon King Pawn
ppvlYfRh,white,,,False,,53,Irregular Openings
VoTuuo13,black,,,False,,131,Irregular Openings
niyCeo01,white,queenside,,False,,70,Irregular Openings
DjhU563X,black,,kingside,False,,45,Reti Opening
M9SFKZ7D,white,queenside,,False,,92,Irregular Openings
BMAPGpWT,white,queenside,,False,,113,Reti Opening
daQBB5gI,white,kingside,,False,,134,Irregular Openings
NgiNFlGl,black,,,False,,87,Irregular Openings
5hZTDRNs,black,,,False,,100,Uncommon King Pawn
0OlHGbIg,black,,,False,,37,Reti Opening
qLXY6noA,white,queenside,,False,,86,Irregular Openings
8YRrnG2g,black,,,False,,21,Irregular Openings
DrO6U2wD,black,,,False,,87,Irregular Openings
naHCzUbK,black,,,False,,73,Irregular Openings
rp1iCPpZ,white,kingside,,False,,101,Irregular Openings
G3byI4po,black,,,False,,106,Reti Opening
ldOC5lr2,white,,,False,,59,Irregular Openings
Snaajj5x,black,,queenside,False,,61,Irregular Openings
TTuPDlW8,white,kingside,,False,,113,Irregular Openings
ZjjtNdIr,black,,,False,,146,Uncommon King Pawn
CJjFuquI,black,,,False,,36,Irregular Openings
gNrSqXjO,black,,,False,,113,Irregular Openings
0NsT8KvX,black,,kingside,False,,75,Irregular Openings
3h3bBSmj,black,,,False,,44,Irregular Openings
8kiRQJ2Z,white,queenside,,False,,61,Irregular Openings
SkXusK2m,black,,,False,,56,Trompowsky Attack
9NoWmewT,white,kingside,,False,,53,Irregular Openings
BagE14kT,black,,,False,,26,Irregular Openings
Cwsgx0SN,white,,,False,,104,Irregular Openings
R0hhMjoL,black,,queenside,False,,64,Irregular Openings
ZroUd436,white,,,False,,85,Irregular Openings
d5lM7iyy,white,queenside,,False,,78,Irregular Openings
IfqjiEXf,white,kingside,,False,,61,Irregular Openings
OR7vfzD8,black,,,False,,32,Uncommon King Pawn
zmJuDl4z,white,kingside,,False,,70,Irregular Openings
m7rx085h,black,,kingside,False,,38,Trompowsky Attack
lYaJ4sOP,black,,queenside,False,,130,Trompowsky Attack
RelIb0VS,black,,kingside,False,,63,Uncommon King Pawn
6UB7uLeK,black,,,False,,44,Trompowsky Attack
0BJzy4qN,black,,,False,,29,Uncommon King Pawn
wQHJg8D3,black,,,False,,70,Uncommon King Pawn
ihox6Jgt,white,kingside,,False,,33,Irregular Openings
GV1RxV19,black,,kingside,False,,31,English Opening
BUpJviL2,white,,,False,,21,Irregular Openings
oZrR52rV,white,kingside,,False,,63,Irregular Openings
P7hGbGFi,black,,,False,,32,Uncommon King Pawn
UxygXWyI,black,,kingside,False,,73,Irregular Openings
xLp61dow,black,,,False,,24,Uncommon King Pawn
4K1RJ2cW,white,kingside,,False,,116,Irregular Openings
3oM1Ygu6,white,kingside,,False,,96,Irregular Openings
bAgF7nCf,black,,,False,,179,Uncommon King Pawn
BBBaqpqC,black,,kingside,False,,37,Reti Opening
6crdJc8l,black,,kingside,False,,73,Reti Opening
hfCyIfJu,black,,kingside,False,,51,Uncommon King Pawn
Rjg0eyms,black,,kingside,False,,52,Irregular Openings
smAIszvU,black,,queenside,False,,103,Uncommon King Pawn
EFJnD8eM,white,kingside,,False,,115,Irregular Openings
Vx8HATt2,black,,,False,,86,English Opening
8HLx6IQd,white,queenside,,False,,83,Irregular Openings
l8JRJywF,white,queenside,,False,,65,Irregular Openings
y8zWpEA9,white,kingside,,False,,55,Irregular Openings
VP0Tus49,black,,,False,,96,Uncommon King Pawn
PfYjOCce,white,,,False,,35,Irregular Openings
QrNG3ehv,black,,kingside,False,,37,Uncommon King Pawn
shQDj6QM,black,,kingside,False,,130,English Opening
sOZZcfMP,black,,,False,,33,Uncommon King Pawn
eGyFmmmO,white,kingside,,False,,69,Irregular Openings
ki32GGvw,white,queenside,,False,,41,Irregular Openings
WBWNbedr,white,,,False,,46,Irregular Openings
3GAGeAZY,white,,,False,,10,Irregular Openings
g7J3dV1g,black,,kingside,False,,122,Trompowsky Attack
43In5i34,white,kingside,,False,,55,Irregular Openings
x65GxVDJ,black,,,False,,86,Trompowsky Attack
Pb6x72Bw,white,kingside,,False,,73,Irregular Openings
qqoGtMzd,black,,kingside,False,,30,Reti Opening
7bilvEdC,white,kingside,,False,,33,Irregular Openings
H4pvfcSt,white,kingside,,False,,57,Irregular Openings
DZFrmbCg,white,,,False,,39,Irregular Openings
t5JJ41Zy,black,,,False,,98,Reti Opening
UMU7DgEz,black,,,False,,68,Irregular Openings
h0zSj2i0,black,,queenside,False,,46,Irregular Openings
HlZhgY78,white,kingside,,False,,35,Irregular Openings
TVM6JTT1,white,kingside,,False,,53,Irregular Openings
VRXaG5oY,black,,,False,,71,Uncommon King Pawn
A1g4lQGT,white,kingside,,False,,74,Irregular Openings
3EnYIZWq,black,,,False,,77,Irregular Openings
NDoUxNmd,white,kingside,,False,,111,Irregular Openings
R3WxMQO3,white,kingside,,False,,49,Irregular Openings
CBtUV2Mw,white,kingside,,False,,39,Irregular Openings
RxEIccLs,black,,,False,,59,Irregular Openings
e0BF23JZ,black,,kingside,False,,57,Uncommon King Pawn
BLpOwlpb,white,queenside,,False,,67,Irregular Openings
VC8DLUxl,black,,kingside,False,,41,Trompowsky Attack
mjd6CVWW,white,,,False,,94,Irregular Openings
KVclLq42,white,kingside,,False,,75,Irregular Openings
trWvaQ3T,white,kingside,,False,,57,Irregular Openings
o9a2FtR5,black,,kingside,False,,50,Nimzo-Indian Defense
U0k4Es2M,black,,,False,,23,Reti Opening
Em9k8GnD,black,,queenside,False,,69,Trompowsky Attack
iDcLld0n,black,,kingside,False,,73,Uncommon King Pawn
omgKoHxV,black,,,False,,96,Trompowsky Attack
xtF3HNP2,white,kingside,,False,,63,Irregular Openings
9leubrug,black,,kingside,False,,37,Uncommon King Pawn
b1Sj8uHM,black,,kingside,False,,79,Uncommon King Pawn
ecfroTeH,black,,queenside,False,,69,Trompowsky Attack
GdkBVA8O,white,kingside,,False,,89,Irregular Openings
O47UoNbU,white,kingside,,False,,39,Irregular Openings
OPVtwwME,white,,,False,,115,Irregular Openings
PRAAR53j,white,,,False,,45,Irregular Openings
0ycq07j9,black,,queenside,False,,55,Uncommon King Pawn
mekYoefd,white,kingside,,False,,138,Irregular Openings
j15si5Tw,black,,,False,,59,Uncommon King Pawn
qIwigMRb,white,kingside,,False,,34,Irregular Openings
iNZCGbnX,white,queenside,,False,,102,Irregular Openings
36Y5RaiA,black,,kingside,False,,71,Irregular Openings
wVDqIP2D,black,,,False,,130,Uncommon King Pawn
QfpsJfUS,white,kingside,,False,,51,Irregular Openings
ARg4xfWN,white,,,False,,74,Irregular Openings
rKnjv7fo,white,kingside,,False,,107,Irregular Openings
K487fnK1,black,,kingside,False,,82,Nimzo-Indian Defense
qXACkdYM,black,,,False,,49,English Opening
pg4M39R5,white,kingside,,False,,45,Irregular Openings
TrfvOr7h,black,,,False,,55,Uncommon King Pawn
geX2iTxa,black,,kingside,False,,80,Nimzo-Indian Defense
0DdjHWdD,black,,,False,,127,Uncommon King Pawn
2yicryWo,white,queenside,,False,,60,Irregular Openings
r5WShiyu,black,,queenside,False,,56,Catalan Opening
IZ1a55Ir,white,queenside,,False,,75,Irregular Openings
sy3KtV4c,black,,queenside,False,,55,Reti Opening
8CU66FXh,black,,kingside,False,,46,Uncommon King Pawn
ZX2XuUho,white,kingside,,False,,140,Irregular Openings
6yA8ax8o,white,kingside,,False,,99,Irregular Openings
8clNL8RN,white,kingside,,False,,71,Irregular Openings
0KwqoKWL,white,queenside,,False,,64,Irregular Openings
oVg69ULO,black,,,False,,45,Trompowsky Attack
3Pjvfmvg,white,,,False,,135,Irregular Openings
BbipA3vQ,white,,,False,,55,Irregular Openings
D7SCItJs,black,,,False,,100,Trompowsky Attack
b41CUhn4,black,,queenside,False,,61,Trompowsky Attack
N8aLvYSw,black,,,False,,131,Trompowsky Attack
DVcDQxA8,black,,queenside,False,,69,Irregular Openings
XoXhGpTw,black,,kingside,False,,43,Uncommon King Pawn
6UuQLdDm,white,kingside,,False,,99,Reti Opening
47gONMNW,white,,,False,,47,Irregular Openings
ShSbpjHH,white,,queenside,False,,153,Irregular Openings
mkr5dWmQ,white,kingside,,False,,37,Irregular Openings
LExLLysi,white,queenside,,False,,55,Irregular Openings
iujieSOl,black,,,False,,204,Uncommon King Pawn
4YkerUfB,black,,,False,,100,Uncommon King Pawn
Ilx1SkHw,white,kingside,,False,,31,Irregular Openings
vdnYp141,white,kingside,,False,,51,Irregular Openings
ObEULLR0,black,,queenside,False,,87,Uncommon King Pawn
b4Ya65qA,black,,,False,,12,Reti Opening
RM6Vn2dE,black,,kingside,False,,127,Irregular Openings
Xv0EsWWh,black,,kingside,False,,49,Uncommon King Pawn
K5wQTxHA,white,,,False,,49,Irregular Openings
1Ng3Zw4t,white,queenside,,False,,66,Irregular Openings
qr4Ajbso,black,,,False,,62,Irregular Openings
4yGXRaIi,black,,queenside,False,,77,Trompowsky Attack
M2AbTpGw,white,kingside,,False,,108,Irregular Openings
IVVy8GcD,black,,queenside,False,,149,Trompowsky Attack
OC8LH9cN,white,kingside,,False,,89,Irregular Openings
JsgtUgcn,white,kingside,,False,,82,Irregular Openings
mOoU5plV,black,,kingside,False,,44,Uncommon King Pawn
W8sXqSzk,white,kingside,,False,,64,Irregular Openings
AAw9f8QT,white,kingside,,False,,54,Irregular Openings
Ks7iKISt,white,kingside,,False,,53,Irregular Openings
m0x5QgNe,white,kingside,,False,,70,Irregular Openings
Yb5cT7yI,white,kingside,,False,,91,Irregular Openings
jXgNiilz,black,,kingside,False,,102,English Opening
iNOOw3Ww,white,kingside,,False,,47,Irregular Openings
5dvRIKfo,white,kingside,,False,,89,Irregular Openings
sbhELxx7,black,,kingside,False,,47,English Opening
9gXB19gW,white,,,False,,41,Irregular Openings
P1RSIonr,black,,,False,,52,Irregular Openings
sLZIRqao,black,,kingside,False,,112,Irregular Openings
AWjMbGTd,white,kingside,,False,,88,Irregular Openings
8fKwlmPu,white,queenside,,False,,97,Irregular Openings
xO60N0V6,white,kingside,,False,,111,Irregular Openings
W4clSyhj,black,,,False,,46,Irregular Openings
DEVlIKHD,white,kingside,,False,,98,Irregular Openings
PUrrE92L,white,kingside,,False,,40,Irregular Openings
gvBBs6vp,black,,queenside,False,,44,English Opening
vkkD14UA,white,kingside,,False,,100,Irregular Openings
HgJpkpzU,white,queenside,,False,,28,Irregular Openings
EAz8sT9k,black,,queenside,False,,73,Irregular Openings
2seg3iDP,black,,queenside,False,,82,Uncommon King Pawn
EPjyUaKP,black,,,False,,64,Trompowsky Attack
ZkfiCo2N,black,,queenside,False,,74,Irregular Openings
Au4MQVHF,white,,,False,,34,Irregular Openings
1fjGwGFZ,black,,,False,,81,Irregular Openings
g40haawu,white,,,False,,106,Irregular Openings
dSf0Nyww,black,,kingside,False,,142,English Opening
GB8S5riZ,black,,,False,,163,Reti Opening
LfTCq4pc,white,queenside,,False,,114,Irregular Openings
Xk3F5u0q,white,,,False,,61,Irregular Openings
A0ZYp917,black,,,False,,72,Irregular Openings
KM0nENXl,white,kingside,,False,,63,Irregular Openings
MxraiqLd,black,,kingside,False,,27,Uncommon King Pawn
D4S4YhEG,white,queenside,,False,,70,Reti Opening
R5Tunke3,black,,kingside,False,,84,Uncommon King Pawn
I5LnPRxz,black,,,False,,98,Irregular Openings
TE3zAmrn,black,,,False,,105,Irregular Openings
WK10qITF,black,,queenside,False,,67,Trompowsky Attack
KBTOgjoE,black,,kingside,False,,60,Reti Opening
Aastkpiq,black,,,False,,75,Irregular Openings
rNpw1Dom,white,kingside,,False,,116,Irregular Openings
IpTCz5Yp,black,,kingside,False,,62,Irregular Openings
jKXAPjfg,black,,,False,,43,Reti Opening
Yst7Zujl,black,,,False,,68,Trompowsky Attack
gJqUJ4bv,white,kingside,,False,,88,Irregular Openings
Lrs1eCCI,white,kingside,,False,,108,Irregular Openings
S7fXY3Dq,black,,kingside,False,,42,Irregular Openings
F3sqntWb,black,,,False,,88,Irregular Openings
5eAjG50t,black,,,False,,107,Slav Defense
JTZCRdoR,black,,,False,,50,Irregular Openings
SWWG4COq,black,,queenside,False,,47,Irregular Openings
ZBjOnpAS,white,kingside,,False,,49,Irregular Openings
ZbIx9R9F,white,kingside,,False,,55,Irregular Openings
yF094Lxc,white,,,False,,91,Irregular Openings
dtEjymjZ,white,kingside,,False,,130,Irregular Openings
wn0J24Zm,black,,,False,,61,Uncommon King Pawn
VjSjdWnr,white,queenside,,False,,141,Irregular Openings
hoSPqNST,black,,,False,,129,Reti Opening
tUgXUmt5,white,queenside,,False,,98,Irregular Openings
DPJQGNcO,black,,,False,,172,Trompowsky Attack
TDYTQXza,black,,,False,,174,Irregular Openings
7bg2lhHH,black,,queenside,False,,115,Trompowsky Attack
6t2F6m4G,black,,kingside,False,,86,Uncommon King Pawn
LKrvrcTr,black,,kingside,False,,104,Trompowsky Attack
jFPQsGWL,black,,kingside,False,,32,Irregular Openings
jPM92r4X,black,,,False,,88,Uncommon King Pawn
uDHTxnxs,black,,,False,,140,Irregular Openings
Pq6lEATz,white,kingside,,False,,57,Irregular Openings
C5nDaxBY,black,,kingside,False,,237,Irregular Openings
H2n8Vmh3,black,,queenside,False,,88,Trompowsky Attack
ecqsPIjj,white,kingside,,False,,31,Irregular Openings
88H61DKo,black,,,False,,39,Uncommon King Pawn
KaWx6N4p,black,,,False,,63,Uncommon King Pawn
m2t24v43,black,,kingside,False,,78,Uncommon King Pawn
lz4yHZjo,white,kingside,,False,,39,Irregular Openings
fyd3636U,black,,,False,,37,Trompowsky Attack
NBGuDPDo,white,kingside,,False,,47,Irregular Openings
mcH1k43t,black,,kingside,False,,214,Irregular Openings
dzSjklxb,black,,,False,,123,Uncommon King Pawn
1GeevXSQ,black,,,False,,98,Irregular Openings
VlzBbMRH,white,kingside,,False,,117,Irregular Openings
pDMAF7Tf,white,kingside,,False,,65,Irregular Openings
JB2htGB5,white,kingside,,False,,107,Irregular Openings
FNU5ZdlX,white,kingside,,False,,96,Irregular Openings
0fazB8jK,black,,queenside,False,,67,Trompowsky Attack
lEf1TRto,white,kingside,,False,,76,Irregular Openings
w2f2ad5L,black,,kingside,False,,38,Reti Opening
UOOb2rW4,black,,kingside,False,,46,Slav Defense
gJaNeOSi,black,,,False,,87,Reti Opening
7ihITcze,white,,,False,,16,Reti Opening
bd92ZUFq,white,kingside,,False,,39,Irregular Openings
lsBftsdF,white,kingside,,False,,88,Irregular Openings
mTl8o0fX,white,kingside,,False,,141,Irregular Openings
PFVBCpoJ,black,,,False,,88,Uncommon King Pawn
AHpH4D9T,black,,kingside,False,,104,Uncommon King Pawn
DyaL2gEv,white,kingside,,False,,64,Irregular Openings
VHkIj7sm,black,,queenside,False,,217,Trompowsky Attack
0ACkACpd,black,,kingside,False,,160,Uncommon King Pawn
gOBREFGN,white,,,False,,116,Irregular Openings
tr2djT6h,black,,kingside,False,,91,English Opening
jOmFcqoJ,white,kingside,,False,,111,Irregular Openings
BvjzpZyu,white,kingside,,False,,84,Irregular Openings
fBO6F6Bt,white,kingside,,False,,81,Irregular Openings
ENo27K7Q,black,,,False,,44,Trompowsky Attack
5maxnyca,white,,,False,,51,Irregular Openings
Gfbn6zZn,black,,,False,,32,Irregular Openings
41tf6uyn,white,kingside,,False,,98,Irregular Openings
Sg7n9O3I,black,,,False,,67,Irregular Openings
PxqnQ1Ty,white,kingside,,False,,61,Irregular Openings
CaAJWJXv,white,,,False,,45,Irregular Openings
Ntx0VnpI,black,,kingside,False,,111,Irregular Openings
WtjfRq3J,black,,,False,,93,Irregular Openings
SBU8iy7e,black,,,False,,51,Irregular Openings
IG8yoAUc,white,kingside,,False,,153,Irregular Openings
r6TFRvTG,white,kingside,,False,,126,Irregular Openings
6fVMKWCs,white,kingside,,False,,52,Irregular Openings
oxSxxP38,white,kingside,,False,,124,Irregular Openings
pA8Is0qf,black,,queenside,False,,75,Uncommon King Pawn
OrR9zO1r,black,,kingside,False,,119,Uncommon King Pawn
okVaTjhU,white,kingside,,False,,33,Irregular Openings
SzV44O4x,white,kingside,,False,,45,Irregular Openings
MtOlYxSi,white,,,False,,41,Irregular Openings
XalLgw9e,black,,,False,,74,Irregular Openings
QgYZlYtD,black,,,False,,66,Irregular Openings
HoG7zjDA,white,kingside,,False,,49,Irregular Openings
dkmS1NjT,black,,,False,,83,Trompowsky Attack
KDJQFwhU,white,kingside,,False,,66,Irregular Openings
474cugeM,white,queenside,,False,,74,Irregular Openings
WW22jbbg,white,kingside,,False,,33,Irregular Openings
jqmq2YQI,black,,,False,,83,Uncommon King Pawn
97UbDooF,white,kingside,,False,,51,Irregular Openings
VX4gjugk,white,kingside,,False,,41,Irregular Openings
LdMPe0Me,black,,kingside,False,,49,Slav Defense
lZBpBq0P,white,,,False,,71,Irregular Openings
h95e5IpZ,black,,kingside,False,,40,Irregular Openings
MGVB8tX6,black,,,False,,94,Uncommon King Pawn
z7NMxffm,white,,,False,,37,Irregular Openings
EehXaEg4,black,,,False,,111,Irregular Openings
cskiqAVx,white,,,False,,138,Irregular Openings
sKIA9ab1,black,,,False,,10,Uncommon King Pawn
4JDqtoe7,white,kingside,,False,,82,Irregular Openings
wD3mGBZa,black,,kingside,False,,71,Uncommon King Pawn
wnlSfZgQ,white,kingside,,False,,113,Irregular Openings
qomf5LDl,white,kingside,,False,,94,Irregular Openings
E4DZ21eU,black,,kingside,False,,42,Irregular Openings
XKlXkxjZ,white,kingside,,False,,54,Irregular Openings
oaP6wzY9,black,,kingside,False,,37,Irregular Openings
dc7N7PZh,white,kingside,,False,,52,Irregular Openings
cJn2fhm1,black,,,False,,75,Slav Defense
nkUlFMFG,white,kingside,,False,,63,Irregular Openings
eBlfQtlN,white,kingside,,False,,98,Irregular Openings
PuMnVo36,black,,,False,,43,Reti Opening
ggGQCOhs,black,,,False,,151,Uncommon King Pawn
t2rhNPz5,white,queenside,,False,,66,Irregular Openings
vJQOftL0,white,kingside,,False,,90,Irregular Openings
sqsKjRds,black,,kingside,False,,61,English Opening
ttEU1Bb2,black,,,False,,6,Reti Opening
pgZesIBd,black,,kingside,False,,115,Uncommon King Pawn
pz4Mm7bQ,white,,,False,,45,Irregular Openings
5OPHM7rA,black,,,False,,37,Slav Defense
uMYKk3Tn,white,kingside,,False,,144,Irregular Openings
UCIGCPiL,black,,kingside,False,,88,Uncommon King Pawn
5uiONA3B,white,kingside,,False,,130,Irregular Openings
lKdAHKr7,black,,kingside,False,,151,Nimzo-Indian Defense
akrD3dzd,black,,queenside,False,,40,Nimzo-Indian Defense
2UoI4JpW,black,,,False,,84,Trompowsky Attack
DWypNNDz,white,kingside,,False,,76,Irregular Openings
evlzWqLr,black,,kingside,False,,39,Uncommon King Pawn
gT2OezPk,white,,,False,,57,Irregular Openings
OwMvX350,white,,,False,,49,Irregular Openings
XA5VEfrO,white,kingside,,False,,55,Irregular Openings
TID8gFJd,white,,,False,,77,Irregular Openings
XX8eVObD,black,,kingside,False,,76,Irregular Openings
W2v8AGr4,white,kingside,,False,,57,Irregular Openings
lCdd6SVf,black,,,False,,72,Trompowsky Attack
vJjdYMa0,white,,,False,,19,Irregular Openings
8bZtVmsD,black,,queenside,False,,37,Uncommon King Pawn
tx9vTNtk,white,kingside,queenside,True,6,239,Irregular Openings
g1UFs6MK,white,kingside,,False,,61,Irregular Openings
vd9vmqUo,black,,,False,,60,Trompowsky Attack
jitFb6oT,black,,kingside,False,,125,English Opening
EDkugZbU,black,,kingside,False,,34,Nimzo-Indian Defense
azwpVESV,white,,,False,,85,Irregular Openings
IoCNMDDg,black,,queenside,False,,69,Trompowsky Attack
FEBrG0kp,black,,,False,,53,Irregular Openings
UzMkyYrN,black,,,False,,131,Reti Opening
XY4wJNEf,black,,kingside,False,,58,Irregular Openings
jYZdvUfR,white,kingside,,False,,53,Irregular Openings
Z6t4y9TI,black,,,False,,72,Irregular Openings
Sz7RGjlI,black,,,False,,61,Irregular Openings
65yvURNr,black,,queenside,False,,67,Trompowsky Attack
E58IdtO4,white,kingside,,False,,91,Irregular Openings
Ps6mo9Of,white,,,False,,49,Irregular Openings
wBUdByER,black,,queenside,False,,46,Reti Opening
1WOrsH3P,white,kingside,,False,,218,Irregular Openings
jyalyJkG,white,,,False,,37,Irregular Openings
fLMughWL,white,queenside,,False,,37,Irregular Openings
ZS80mEmT,black,,kingside,False,,40,Irregular Openings
6Ua6kyuf,white,queenside,,False,,35,Irregular Openings
8U46lUW3,black,,,False,,48,Uncommon King Pawn
FHlT0om6,white,queenside,,False,,74,Irregular Openings
akgaoCaX,white,kingside,,False,,114,Irregular Openings
T6k0ZS7S,black,,kingside,False,,104,Reti Opening
IGCclU0T,white,kingside,,False,,45,Irregular Openings
w6MImkIC,white,kingside,,False,,91,Irregular Openings
MEzcGWjw,white,,,False,,47,Irregular Openings
tSQwy3IB,black,,kingside,False,,52,Catalan Opening
2YvbSBzR,white,kingside,,False,,83,Irregular Openings
kNwzkQdH,white,,,False,,49,Irregular Openings
8HXmdWzw,white,,,False,,16,Irregular Openings
eiXvCtXA,black,,kingside,False,,32,Irregular Openings
AeEGkWK8,black,,kingside,False,,106,Irregular Openings
rJMr26VA,black,,kingside,False,,80,Uncommon King Pawn
oWBabTni,white,kingside,,False,,147,Irregular Openings
e4uQe27D,white,kingside,,False,,84,Reti Opening
5ZjJUIkZ,white,queenside,,False,,53,Irregular Openings
6G4JJObu,black,,kingside,False,,70,Irregular Openings
7VXjbq1C,black,,,False,,39,Reti Opening
vN8CpNI0,black,,kingside,False,,106,Irregular Openings
maaDjkmi,white,kingside,,False,,60,Reti Opening
oAzg0AjG,white,kingside,,False,,49,Reti Opening
MTHDthpr,white,kingside,,False,,52,Reti Opening
vSnQGlon,white,kingside,,False,,48,Reti Opening
tOy3iR1D,black,,kingside,False,,35,Trompowsky Attack
XzM1IC6s,white,kingside,,False,,59,Reti Opening
79thysjk,white,,,False,,64,Reti Opening
xxweJzzM,white,kingside,,False,,52,Reti Opening
epuLkDw2,white,kingside,,False,,53,Reti Opening
W5fgA7IQ,white,kingside,,False,,75,Reti Opening
Gs4CseJe,black,,,False,,10,Irregular Openings
cGkzgZfy,white,kingside,,False,,80,Reti Opening
vLcyZex9,white,kingside,,False,,90,Reti Opening
6IxVSrHk,black,,kingside,False,,26,Irregular Openings
XbYHviCE,black,,queenside,False,,102,Irregular Openings
AVYvPTw8,white,kingside,,False,,71,Reti Opening
VnCGxoGS,black,,queenside,False,,76,Uncommon King Pawn
2eNbzTFm,black,,kingside,False,,37,Uncommon King Pawn
Y6wYVVdY,white,kingside,,False,,55,Reti Opening
jyE3ODnm,white,kingside,,False,,122,Reti Opening
2axmfeBc,black,,kingside,False,,77,Irregular Openings
NwZw3tx4,black,,queenside,False,,52,Nimzo-Indian Defense
wSIcyxYv,white,kingside,,False,,84,Irregular Openings
foW3OOdS,white,,,False,,26,Reti Opening
ObtcXgiS,white,queenside,,False,,40,Irregular Openings
9CM63III,white,kingside,,False,,68,Reti Opening
vZfVKeBL,black,,,False,,6,Slav Defense
Uu6Ymf7g,black,,,False,,39,Irregular Openings
abb8YNDa,white,,,False,,71,Reti Opening
Fbw8jyTM,white,,,False,,63,Irregular Openings
u24naghC,black,,,False,,93,Uncommon King Pawn
FlJ1ojAF,white,kingside,,False,,44,Reti Opening
LhjijR38,white,kingside,,False,,60,Reti Opening
pzKylbzH,black,,,False,,80,Uncommon King Pawn
8sNW5arB,black,,,False,,57,Uncommon King Pawn
hHs6LP0T,white,kingside,,False,,133,Reti Opening
YzG1YHLZ,white,,,False,,2,Reti Opening
hDDw3Rz3,white,kingside,,False,,54,Reti Opening
QtEUlhZP,black,,,False,,50,English Opening
Ui7XuzJz,black,,,False,,21,Reti Opening
vqnMIngw,black,,,False,,41,Irregular Openings
unzII744,black,,,False,,87,Irregular Openings
Sq5iRirq,white,kingside,,False,,69,Reti Opening
RcUvi5Ey,black,,kingside,False,,33,English Opening
OzrZ8evi,black,,,False,,161,Irregular Openings
7XyzBt1N,black,,,False,,55,Trompowsky Attack
eMMj6YnT,black,,queenside,False,,45,Trompowsky Attack
AufaDgh6,black,,queenside,False,,42,Reti Opening
sqwLHBD7,black,,,False,,111,Uncommon King Pawn
iQEz9f96,white,kingside,,False,,64,Reti Opening
Hmuv9Miz,black,,,False,,27,Irregular Openings
WwEIrW8W,black,,,False,,38,Irregular Openings
QMKzMweI,black,,,False,,53,Irregular Openings
qBEGIBHV,black,,,False,,41,Uncommon King Pawn
M6EFSOVD,black,,,False,,90,Irregular Openings
c7qq3cfA,black,,,False,,17,Irregular Openings
QS91lnpa,white,kingside,,False,,39,Reti Opening
KrQJviSI,white,kingside,,False,,120,Reti Opening
15azTSnp,white,,,False,,33,Reti Opening
ZijenrLw,white,kingside,,False,,42,Reti Opening
9q6g9C80,white,,,False,,25,Reti Opening
gAOU6dzh,black,,kingside,False,,79,Uncommon King Pawn
Y4Kbzs8w,black,,,False,,35,Irregular Openings
0ffMgWEf,white,kingside,,False,,52,Reti Opening
O9aRg9FR,black,,,False,,77,Irregular Openings
5vR3s48v,white,kingside,,False,,41,Reti Opening
qKyhnUYJ,black,,,False,,55,Irregular Openings
sVLVx0pa,black,,,False,,43,Irregular Openings
VPsmUM29,black,,,False,,34,Uncommon King Pawn
sJll8ilC,black,,,False,,37,Uncommon King Pawn
gKa5ZOlZ,black,,kingside,False,,78,Trompowsky Attack
iymVCrWq,black,,,False,,58,Trompowsky Attack
Ot5rCQHs,black,,kingside,False,,98,Uncommon King Pawn
FDxRUpkn,white,kingside,,False,,121,Reti Opening
bqZpUDRq,white,kingside,,False,,42,Reti Opening
VWqMHHXz,black,,,False,,61,Uncommon King Pawn
xa7491uS,white,,,False,,69,Irregular Openings
sjO7Z2bJ,white,,,False,,43,Reti Opening
wWdhUl6E,white,,,False,,77,Reti Opening
kBtRrROj,black,,kingside,False,,54,Uncommon King Pawn
l7H4owse,black,,kingside,False,,78,Irregular Openings
q5GeAa6K,white,,,False,,85,Reti Opening
yetr1ktj,white,kingside,,False,,66,Reti Opening
CyaLU9BC,white,,,False,,29,Irregular Openings
JveYUAUK,white,kingside,,False,,83,Irregular Openings
CMfT09w1,white,,,False,,89,Irregular Openings
69cK59R6,black,,kingside,False,,66,Trompowsky Attack
aA0zMLoD,white,kingside,,False,,60,Reti Opening
leDR0vdc,white,queenside,,False,,67,Irregular Openings
2DsqTyTz,black,,,False,,109,Irregular Openings
E5hLd3I3,white,kingside,,False,,142,Reti Opening
754VsLP3,black,,kingside,False,,32,Irregular Openings
g5uNyrhk,black,,kingside,False,,79,French Defense
2SsJdVAr,white,kingside,,False,,95,Reti Opening
aAHuaM3e,black,,,False,,103,Uncommon King Pawn
GkhYbdde,black,,,False,,93,Uncommon King Pawn
4PCdiJIW,black,,,False,,64,Irregular Openings
NyiWYTES,white,kingside,,False,,124,Reti Opening
usSurTQZ,white,kingside,,False,,81,Reti Opening
Qy2boGwR,white,,,False,,94,Irregular Openings
GEpwJjJM,black,,,False,,21,Uncommon King Pawn
1yJrBczC,white,kingside,,False,,147,Reti Opening
DMy1q3nO,white,kingside,,False,,115,Reti Opening
JrifGCA4,black,,kingside,False,,142,Reti Opening
vDQ8z94q,white,kingside,,False,,43,Irregular Openings
TBF2TU3z,white,kingside,,False,,52,Reti Opening
47cA3gen,black,,kingside,False,,53,Uncommon King Pawn
VObFSYJq,white,kingside,,False,,28,Reti Opening
tGrlkHb1,white,kingside,,False,,196,Reti Opening
feTqat2a,black,,,False,,104,English Opening
ErGtiMxY,black,,kingside,False,,62,English Opening
en0yk6Jd,white,kingside,,False,,60,Reti Opening
jQ1Bbj9o,white,kingside,,False,,60,Reti Opening
nS3Jlk5b,white,kingside,,False,,49,Reti Opening
J2PiCEhQ,black,,kingside,False,,56,Irregular Openings
W5cgERM0,black,,kingside,False,,56,Irregular Openings
h2OT6u6Z,white,kingside,,False,,70,Reti Opening
RYqe5OV0,white,,,False,,50,Reti Opening
gGui6LC2,black,,,False,,119,French Defense
Ts9dWcPD,white,kingside,,False,,75,Reti Opening
R5E6t4g5,black,,kingside,False,,64,French Defense
XY3XliY2,white,kingside,,False,,35,Irregular Openings
Pu6HxFcZ,black,,,False,,97,Irregular Openings
SvTREtEZ,white,kingside,,False,,60,Reti Opening
5zv8iAKT,white,kingside,,False,,134,Reti Opening
IE0vBmvx,white,,,False,,99,Irregular Openings
MCPpMqX5,black,,kingside,False,,111,Uncommon King Pawn
UmymuXX6,white,,,False,,122,Irregular Openings
Xk1Eu9XN,black,,queenside,False,,65,Irregular Openings
hLk5swtU,black,,queenside,False,,91,Trompowsky Attack
Imf4Dfgb,white,kingside,,False,,111,Irregular Openings
mAzAAo5N,black,,,False,,91,Reti Opening
k9Vkyp4v,black,,kingside,False,,71,Uncommon King Pawn
8ANqwdb8,black,,,False,,92,French Defense
nsnqC4KT,white,kingside,,False,,45,Reti Opening
XzsQ76si,white,queenside,,False,,52,Irregular Openings
SF7H7R2x,black,,kingside,False,,44,Indian Defenses
9QeLF15P,black,,kingside,False,,31,Uncommon King Pawn
N5jVo3C3,white,kingside,,False,,65,Reti Opening
JLmwOEDO,white,kingside,,False,,50,Reti Opening
qKejF4SF,white,queenside,,False,,85,Reti Opening
M5Sg1WPa,black,,kingside,False,,50,French Defense
QsW31RtJ,black,,kingside,False,,41,Uncommon King Pawn
gJl2LJXn,white,kingside,,False,,79,Reti Opening
yX4JxIxJ,white,kingside,,False,,68,Reti Opening
U9yw3VDJ,black,,,False,,98,Irregular Openings
Rts5OoFI,black,,,False,,88,Trompowsky Attack
liwmVoXX,black,,kingside,False,,44,Irregular Openings
UxTL9TSB,white,kingside,,False,,72,Reti Opening
TlAVRskv,white,kingside,,False,,149,Reti Opening
8WqKJtH5,black,,queenside,False,,95,Slav Defense
P3ppH8fS,white,kingside,,False,,75,Reti Opening
1XfRnqLv,black,,,False,,39,Trompowsky Attack
JnJXH0EX,white,kingside,,False,,94,Reti Opening
drAkWwoa,white,kingside,,False,,52,Reti Opening
RhsDEuAP,black,,,False,,1,Uncommon King Pawn
FrtUJTSp,white,,,False,,37,Irregular Openings
vb3Xtsn0,black,,kingside,False,,45,Uncommon King Pawn
zGTtDrWz,white,,,False,,144,Reti Opening
l03YrHY6,white,kingside,,False,,47,Reti Opening
WuC8oVQD,black,,,False,,43,Uncommon King Pawn
PcQbzVke,black,,kingside,False,,113,Irregular Openings
FEbgpbiV,black,,kingside,False,,69,Uncommon King Pawn
Ylgsah5K,white,kingside,,False,,120,Reti Opening
eTmNhtiQ,white,,,False,,41,Reti Opening
NOFB3unh,black,,kingside,False,,142,Uncommon King Pawn
HcQJwqCd,black,,kingside,False,,45,English Opening
YswX1Ggz,black,,,False,,106,Uncommon King Pawn
w0jA1xcq,white,kingside,,False,,83,Reti Opening
eRcAyi8b,white,,,False,,43,Irregular Openings
sAHcsMnR,white,,,False,,42,Reti Opening
GVYiSqmM,white,kingside,,False,,52,Reti Opening
L5I8jFmw,black,,,False,,35,Trompowsky Attack
UyfcMF0s,black,,,False,,93,Irregular Openings
AQrqZM0Z,black,,queenside,False,,139,Trompowsky Attack
Jyy0bFx3,black,,,False,,64,Irregular Openings
qfZdMEX4,black,,queenside,False,,113,Trompowsky Attack
EBJfppgL,white,kingside,,False,,102,Reti Opening
h3UnrbQy,black,,,False,,164,Irregular Openings
etidVcJu,white,,,False,,31,Reti Opening
neVNmXBJ,black,,kingside,False,,31,Uncommon King Pawn
CMOhZ7Qz,black,,,False,,49,Irregular Openings
4Ih5ISq8,black,,,False,,66,Irregular Openings
t19mIQMi,black,,queenside,False,,40,Irregular Openings
SKbmTWL0,white,kingside,,False,,105,Reti Opening
G9NNBbhR,white,kingside,,False,,71,Reti Opening
ZMDOdPa2,white,kingside,,False,,73,Reti Opening
JKj2x9f0,black,,,False,,65,Irregular Openings
QKVXnL4A,white,kingside,,False,,66,Reti Opening
Er0NYV2S,white,kingside,,False,,24,Reti Opening
sckWMVcf,black,,,False,,101,Irregular Openings
e5YONhwA,black,,,False,,74,Slav Defense
w4h11i6M,white,,,False,,64,Irregular Openings
geTng2bz,black,,kingside,False,,65,Uncommon King Pawn
vOJr5Q6J,white,queenside,,False,,135,Reti Opening
KFhWFWes,black,,kingside,False,,82,Irregular Openings
cNbyAfcC,white,,,False,,26,Reti Opening
MDSvrxv2,black,,kingside,False,,59,Trompowsky Attack
m9asDDWE,white,,,False,,16,Reti Opening
USihUlnZ,black,,kingside,False,,120,Reti Opening
5s6BNaVr,white,kingside,,False,,47,Reti Opening
LXGXZsup,white,,,False,,58,Reti Opening
fuBvV5xz,white,kingside,,False,,72,Reti Opening
9b9AWJeu,white,kingside,,False,,36,Reti Opening
iV9o4bk2,white,,,False,,37,Irregular Openings
Pr7NAT2a,white,kingside,,False,,134,Reti Opening
znIDmjcx,black,,kingside,False,,32,Irregular Openings
xhbVmcPG,white,kingside,,False,,64,Reti Opening
p0iKyfEA,white,kingside,,False,,124,Reti Opening
AUrugvvq,black,,kingside,False,,35,French Defense
sAKXlOSW,white,kingside,,False,,77,Reti Opening
dN7kWOO9,white,,,False,,38,Reti Opening
xaCU4B9z,white,,,False,,32,Reti Opening
74zGEizK,white,kingside,,False,,94,Reti Opening
xofgyS5W,white,,,False,,55,Irregular Openings
w2bjaqhg,black,,,False,,33,Uncommon King Pawn
onp87OiV,white,kingside,,False,,55,Reti Opening
CQaR5i1m,white,,,False,,30,Reti Opening
aBPIjTBF,white,,,False,,49,Reti Opening
9AxVUgiY,black,,kingside,False,,81,Uncommon King Pawn
JdUjo4oS,white,kingside,,False,,40,Reti Opening
qSKXyCZh,black,,kingside,False,,43,Uncommon King Pawn
sz3pUxXM,white,kingside,,False,,72,Reti Opening
RBnhS6S7,white,kingside,,False,,100,Reti Opening
8FUE4SPI,black,,kingside,False,,70,Irregular Openings
8KkK6Hl7,black,,,False,,18,Queen's Pawn Game
PsGKrrD0,black,,kingside,False,,56,Irregular Openings
pMPImouJ,white,kingside,,False,,102,Reti Opening
xFhljLVv,black,,,False,,47,Uncommon King Pawn
G2m9STAl,black,,queenside,False,,63,Irregular Openings
yysuwnJl,white,,,False,,84,Irregular Openings
P6WHGGeH,white,,,False,,56,Reti Opening
AxKXLsAs,white,queenside,,False,,60,Reti Opening
x92zxyWb,white,kingside,,False,,20,Reti Opening
0Z6n9sMn,white,,,False,,75,Reti Opening
dKpzuf1f,black,,,False,,29,Irregular Openings
VGbo9dOs,white,,,False,,63,Irregular Openings
jYr0xXj0,black,,kingside,False,,49,Uncommon King Pawn
7XHEKFrY,white,kingside,,False,,81,Reti Opening
xkFZ9vbD,black,,,False,,89,Irregular Openings
NiGXajHi,white,,,False,,98,Irregular Openings
sTkAD6IW,black,,queenside,False,,68,Irregular Openings
Q1S8ZvGA,black,,queenside,False,,44,English Opening
xvldK6kI,black,,queenside,False,,114,Uncommon King Pawn
ccFXEMWU,white,kingside,,False,,104,Reti Opening
jtTM72qh,white,kingside,,False,,77,Irregular Openings
2YApBFcM,white,,,False,,33,Reti Opening
2nVrxBYV,white,,,False,,67,Irregular Openings
5J1eTxm2,black,,,False,,46,Irregular Openings
8kAThyLz,black,,queenside,False,,39,Irregular Openings
Lb1psaJj,black,,,False,,42,Irregular Openings
JseR0ibf,black,,,False,,141,Irregular Openings
94xXaBgv,black,,queenside,False,,73,Irregular Openings
5SYe0dab,black,,kingside,False,,19,Reti Opening
smmUZa7D,white,kingside,,False,,31,Reti Opening
syxmkbbO,white,kingside,,False,,38,Reti Opening
8jUVBXwe,white,kingside,,False,,70,Reti Opening
PfgauktY,white,kingside,,False,,75,Reti Opening
xnlcXJHV,white,kingside,,False,,104,Reti Opening
F8QshhSn,white,kingside,,False,,38,Reti Opening
S1Z4y9VU,white,,,False,,140,Irregular Openings
93cszeDS,black,,,False,,53,Uncommon King Pawn
H2sLdszt,black,,,False,,49,Uncommon King Pawn
259NqdrK,white,,,False,,49,Irregular Openings
ZpK4AiMv,black,,kingside,False,,72,Trompowsky Attack
pCvDc4qg,white,kingside,,False,,82,Reti Opening
Gq28O17y,white,queenside,,False,,99,Reti Opening
cIXUiVhr,black,,,False,,30,Irregular Openings
Pw1dTEZ7,black,,,False,,83,Uncommon King Pawn
bKPlrILE,black,,kingside,False,,19,Uncommon King Pawn
yLwSBVHu,white,kingside,,False,,60,Reti Opening
gXMRG9wq,white,queenside,,False,,109,Irregular Openings
QDsUhNLN,white,,,False,,105,Reti Opening
kab8pFbP,white,kingside,,False,,30,Reti Opening
jnqE6wub,black,,,False,,65,Reti Opening
Ghh1DBB4,black,,,False,,78,Irregular Openings
hvHQijHW,black,,kingside,False,,54,Irregular Openings
drLbyy36,black,,,False,,116,Irregular Openings
GJlsbiLb,white,,,False,,45,Reti Opening
qhsWGehC,black,,,False,,39,Reti Opening
YavB4S8k,black,,,False,,44,Irregular Openings
UzLMRBHe,white,kingside,,False,,52,Reti Opening
bgm2g9SM,white,kingside,,False,,91,Reti Opening
VWHjGskK,white,,,False,,81,Irregular Openings
TMs8DHMz,white,kingside,,False,,44,Reti Opening
yp0nFYMO,white,kingside,,False,,57,Irregular Openings
8uxb3zIv,white,,,False,,24,Reti Opening
BaWaQppH,white,,,False,,78,Reti Opening
ExyPYhgO,white,kingside,,False,,182,Reti Opening
7jxbHexK,white,kingside,,False,,41,Reti Opening
yAbA2wPJ,white,kingside,,False,,85,Reti Opening
dW5RYxvM,black,,kingside,False,,128,Uncommon King Pawn
OM0VR5SN,black,,kingside,False,,73,Uncommon King Pawn
qP9wKkUx,black,,,False,,83,Reti Opening
gRjwkLx5,white,kingside,,False,,53,Irregular Openings
9BMHuqjg,white,kingside,,False,,54,Reti Opening
Ma3EbLij,white,kingside,,False,,107,Reti Opening
84VkBoC0,white,kingside,,False,,77,Reti Opening
1HAGbY7A,black,,,False,,53,Uncommon King Pawn
Vn2uRdj0,white,kingside,,False,,98,Reti Opening
5sTXaURC,white,kingside,,False,,65,Irregular Openings
BHvmz35M,white,kingside,,False,,64,Reti Opening
a3vRAVIC,black,,,False,,87,Irregular Openings
pOPDo1Nn,black,,kingside,False,,61,Uncommon King Pawn
eNf8IRLC,black,,,False,,53,Irregular Openings
8M42bZOi,black,,,False,,117,Irregular Openings
CKOfFlTS,white,,,False,,96,Irregular Openings
PekaSv4U,black,,kingside,False,,89,Reti Opening
dBaQu0En,white,kingside,,False,,33,Irregular Openings
FY5t1KDz,white,,,False,,114,Reti Opening
da9MRqje,black,,,False,,60,Irregular Openings
KP22W07K,black,,,False,,91,Irregular Openings
1BeUgEqD,black,,,False,,40,Irregular Openings
Yg3ESmv5,black,,queenside,False,,35,Uncommon King Pawn
fmIJLRu3,white,,,False,,57,Irregular Openings
BLvMBNyk,black,,queenside,False,,105,Queen's Pawn Game
hPdMKDqz,black,,,False,,60,Irregular Openings
SexIRO4z,black,,,False,,92,English Opening
DGT8eT28,white,queenside,,False,,65,Reti Opening
IddahOLq,white,kingside,,False,,96,Reti Opening
UJAIHSwY,black,,,False,,39,English Opening
GeOKjTpE,white,kingside,,False,,124,Reti Opening
MyaNjSMs,black,,kingside,False,,28,Irregular Openings
JsWXujMm,white,kingside,,False,,60,Reti Opening
6j4pQBhq,white,kingside,,False,,46,Reti Opening
y4LFoByJ,white,kingside,,False,,38,Reti Opening
66FW1Jup,black,,kingside,False,,91,Uncommon King Pawn
eoiTTrhW,white,,,False,,15,Irregular Openings
HXb9Oo5H,white,,,False,,32,Reti Opening
T8PVpHpl,black,,,False,,51,Reti Opening
ub5vu47M,white,kingside,,False,,110,Reti Opening
UtNqR0EM,white,,,False,,31,Irregular Openings
vJWoKtPu,black,,queenside,False,,83,Uncommon King Pawn
VKKzDJ1y,black,,,False,,117,Irregular Openings
7J7FQElQ,black,,,False,,97,Irregular Openings
6ippzqLB,white,kingside,,False,,134,Reti Opening
FkWXYIBf,black,,,False,,154,Irregular Openings
SD5YRciP,black,,,False,,39,Reti Opening
Rl4QDyPn,white,kingside,,False,,82,Reti Opening
qyLw3f0m,black,,,False,,85,Uncommon King Pawn
oLb31OBX,white,,,False,,83,Irregular Openings
T7dslal9,white,kingside,,False,,261,Reti Opening
Cp5vyjVN,black,,kingside,False,,72,Uncommon King Pawn
vYfPcZwh,black,,,False,,81,Uncommon King Pawn
EkFiXB2q,black,,,False,,43,Reti Opening
zlmPTeGt,black,,,False,,119,Irregular Openings
BkWPGsBA,white,kingside,,False,,110,Reti Opening
4M2GmUrP,black,,,False,,107,Reti Opening
YQ6fNZ7P,black,,kingside,False,,43,Uncommon King Pawn
lrpvsKew,white,kingside,,False,,117,Reti Opening
avzKKlxk,white,kingside,,False,,37,Irregular Openings
QHtZIgp1,white,kingside,,False,,51,Irregular Openings
jXWiJLyk,black,,kingside,False,,193,Reti Opening
m5X7MnUR,black,,kingside,False,,40,Irregular Openings
sc6zqsY1,black,,kingside,False,,68,Reti Opening
f8Pr7Bxo,black,,,False,,19,Reti Opening
px4HBN9b,black,,,False,,18,Irregular Openings
HKt4yFPe,white,,,False,,38,Reti Opening
jDXsdLwd,black,,,False,,16,Trompowsky Attack
vFGb7J1p,white,kingside,,False,,144,Irregular Openings
jTauGTJ5,black,,,False,,54,Irregular Openings
s25Uvvtm,black,,,False,,60,Irregular Openings
miZzlr1D,black,,kingside,False,,45,English Opening
kJdwLBmd,white,kingside,,False,,105,Reti Opening
5iBOpHGa,black,,kingside,False,,142,Uncommon King Pawn
KK4KG5iW,white,kingside,,False,,68,Reti Opening
GJ378ebd,white,kingside,,False,,85,Reti Opening
nm1a5aKB,black,,kingside,False,,54,Indian Defenses
xBy2ofWp,black,,kingside,False,,32,Trompowsky Attack
3FJg3hJS,white,,,False,,34,Reti Opening
gcI9v86O,black,,,False,,26,Reti Opening
cCsWRG2C,black,,kingside,False,,167,Reti Opening
Wu6PF4MA,white,kingside,,False,,82,Reti Opening
VUD5M3Gl,white,queenside,,False,,43,Reti Opening
dTvXvtl6,black,,,False,,70,Trompowsky Attack
ax5KZm9I,white,kingside,,False,,84,Reti Opening
zvF1WHBq,white,kingside,,False,,70,Reti Opening
LEF8I5fc,white,kingside,,False,,103,Reti Opening
sMBpCtyq,black,,kingside,False,,112,English Opening
FxnNT8y2,white,kingside,,False,,66,Reti Opening
TXj8QTXu,black,,,False,,56,Irregular Openings
3XQCmMFP,black,,queenside,False,,118,Uncommon King Pawn
rG3Q0FPs,white,queenside,,False,,138,Reti Opening
1o4PMceJ,black,,,False,,24,Irregular Openings
ukx06g4Q,black,,kingside,False,,61,Uncommon King Pawn
pqr6Mcu9,black,,,False,,52,Irregular Openings
QJvwmdwH,black,,queenside,False,,117,Uncommon King Pawn
ucx95pia,black,,,False,,68,English Opening
opoKgnBl,black,,queenside,False,,110,Uncommon King Pawn
sTVBRo3n,black,,,False,,24,Irregular Openings
8w0kAWDU,black,,,False,,48,Irregular Openings
0ib4NGMb,black,,kingside,False,,85,Nimzo-Indian Defense
Nm5hS91k,white,kingside,,False,,158,Reti Opening
A2SSXuwR,black,,kingside,False,,44,Irregular Openings
tDqePGi1,black,,,False,,40,Irregular Openings
AXqEBq08,white,,,False,,36,Reti Opening
X8df3lBT,white,,,False,,4,Reti Opening
o4UoDZAP,black,,kingside,False,,71,Slav Defense
tVQR0WXO,black,,,False,,55,Irregular Openings
59ft3tcf,white,kingside,,False,,39,Irregular Openings
94RaLxBG,black,,,False,,90,French Defense
byIDjTY4,white,kingside,,False,,109,Irregular Openings
LKSB1ltS,white,,,False,,71,Irregular Openings
jJpYmEPp,white,kingside,,False,,47,Queen's Pawn
9jeiXrPC,white,kingside,,False,,69,Irregular Openings
3YlpLswE,white,kingside,,False,,161,Queen's Pawn
T1vvKk2B,white,,,False,,53,Irregular Openings
vFeVNdwv,white,,,False,,65,Irregular Openings
SdYCpZXv,black,,,False,,29,French Defense
gTmt9Ny2,black,,,False,,49,Reti Opening
Jh1WcJTp,black,,,False,,72,Irregular Openings
Gy7RkCRo,black,,,False,,104,Irregular Openings
pxH2fjI1,white,kingside,,False,,103,Irregular Openings
IHtBkM3p,white,,,False,,35,Irregular Openings
2nuJQ0w4,white,kingside,,False,,47,Irregular Openings
ehgArNY4,black,,,False,,53,Reti Opening
Z6NiqeXH,white,queenside,,False,,50,Irregular Openings
wmvujd7F,black,,kingside,False,,60,Irregular Openings
zaLqZKAd,white,kingside,,False,,51,Irregular Openings
6PiZhQ7s,white,,,False,,27,Queen's Pawn
oXy31uk3,white,kingside,,False,,101,Irregular Openings
k5YXXj7a,black,,kingside,False,,160,Irregular Openings
3lb02Mdb,black,,queenside,False,,35,Irregular Openings
echOngig,white,kingside,,False,,79,Irregular Openings
ZidUFqb1,white,kingside,,False,,62,Irregular Openings
Yb52zDwf,white,kingside,,False,,145,Irregular Openings
TZ07ofm6,black,,,False,,55,French Defense
kPUVvW9A,white,,,False,,57,Irregular Openings
gbYW6bo8,white,kingside,,False,,62,Irregular Openings
iBVZ7jwa,white,,,False,,31,Irregular Openings
epnKYnN2,black,,,False,,78,English Opening
l5l5cOsB,black,,queenside,False,,20,Irregular Openings
AgS6UuDt,white,kingside,,False,,111,Irregular Openings
WvqGhslE,white,,,False,,16,Irregular Openings
pQJldRZq,black,,,False,,83,Irregular Openings
1oARNhME,white,,,False,,27,Irregular Openings
V59ZwoK3,black,,,False,,59,Irregular Openings
zBIhiM3U,black,,kingside,False,,57,Uncommon King Pawn
QvQ2FjJ7,white,kingside,,False,,41,Irregular Openings
0hoiZV0C,white,kingside,,False,,27,Irregular Openings
cAbrlQ3P,black,,,False,,80,Queen's Pawn
BA7U8VqT,black,,kingside,False,,55,English Opening
SETVrrZH,white,kingside,,False,,43,Irregular Openings
W00WpTOT,white,kingside,,False,,82,Irregular Openings
XI7UNVpW,black,,kingside,False,,33,Reti Opening
UYAm73JD,white,kingside,,False,,47,Irregular Openings
5sEDvF7O,white,kingside,,False,,82,Irregular Openings
CVvIr9Ht,black,,kingside,False,,40,English Opening
pYhPN1Ga,black,,,False,,102,Irregular Openings
uEb5OTfR,black,,kingside,False,,55,English Opening
X1LDCokr,white,kingside,,False,,87,Irregular Openings
kF9vrNir,white,,,False,,72,Queen's Pawn Game
TcN22TZF,white,kingside,,False,,77,Irregular Openings
KnAsfU4H,white,kingside,,False,,65,Irregular Openings
Z6oOWuZY,white,kingside,,False,,86,Irregular Openings
YFpCl4nT,black,,kingside,False,,55,English Opening
drrmMVNz,white,kingside,,False,,65,Irregular Openings
QsHzhtz4,white,kingside,,False,,87,Irregular Openings
i0ubIUNy,black,,,False,,41,French Defense
5dbG6BXr,black,,kingside,False,,106,English Opening
s6nWl9MN,white,kingside,,False,,111,Irregular Openings
qvBVMYMe,black,,kingside,False,,55,English Opening
fcBiDdK6,white,kingside,,False,,82,Irregular Openings
vsb2eHpC,white,kingside,,False,,37,Irregular Openings
8BgN9hHW,black,,kingside,False,,55,English Opening
KHSFNUe0,black,,kingside,False,,55,English Opening
mURlwf9q,black,,kingside,False,,55,English Opening
R9uuI7ss,black,,kingside,False,,55,English Opening
x0qQI6ac,black,,kingside,False,,118,English Opening
nBrucJwi,black,,kingside,False,,40,English Opening
jX1nYVKd,black,,kingside,False,,55,English Opening
c7pfBJZa,white,kingside,,False,,87,Irregular Openings
7S7Qne9Q,white,kingside,,False,,78,Irregular Openings
abMzXTAI,black,,,False,,5,Irregular Openings
RkHQNIax,black,,kingside,False,,40,English Opening
QRXdWbuD,black,,kingside,False,,55,English Opening
bNEVlTkA,black,,kingside,False,,55,English Opening
4U6TikeZ,black,,kingside,False,,55,English Opening
NMa8IToj,black,,queenside,False,,134,Queen's Pawn
8jGBT8eX,black,,,False,,31,Irregular Openings
DTHtkoPr,black,,,False,,57,Queen's Pawn
r4Nad9SP,white,kingside,,False,,111,Irregular Openings
SdGZeMre,white,kingside,,False,,82,Irregular Openings
7B9x0hQA,white,kingside,,False,,82,Irregular Openings
eyPIrWbu,black,,kingside,False,,40,French Defense
yXaFHXmc,black,,kingside,False,,97,Irregular Openings
81hBOO8E,black,,,False,,26,Irregular Openings
TtuKJx97,black,,queenside,False,,117,Irregular Openings
z1eyBbrH,black,,kingside,False,,26,Irregular Openings
VCyDWlA2,black,,kingside,False,,50,French Defense
ZAxLVyio,white,,,False,,31,Irregular Openings
DroPzcU9,black,,,False,,37,Irregular Openings
VJsx9m4R,black,,kingside,False,,28,French Defense
YWfYvbH2,white,kingside,,False,,41,Irregular Openings
ESZ2AQVv,black,,,False,,53,Queen's Pawn
w4hoL0m1,black,,,False,,5,Uncommon King Pawn
WnFWIbaY,black,,kingside,False,,103,Queen's Pawn
ZGxks2We,white,,,False,,11,Irregular Openings
bKQWQ7wq,black,,,False,,21,Irregular Openings
YcZgziDX,black,,,False,,70,Reti Opening
ZD4OrY3X,black,,,False,,32,French Defense
ty2JZgBX,white,kingside,,False,,70,Irregular Openings
puEniW2I,white,kingside,,False,,112,Queen's Pawn
XVKv8B0W,black,,,False,,33,Reti Opening
OWMcolmf,black,,kingside,False,,76,French Defense
gAmLrJsw,black,,,False,,18,French Defense
16OoAldP,black,,,False,,75,Irregular Openings
OgyMmlhC,black,,kingside,False,,79,Queen's Pawn
ilzluCz8,black,,,False,,58,Irregular Openings
d1zUQnFc,white,queenside,,False,,59,Irregular Openings
E8uU9gnD,white,kingside,,False,,61,Irregular Openings
TNTMY4J8,black,,queenside,False,,38,Queen's Pawn
qT4W4Rqm,black,,kingside,False,,92,Queen's Pawn
K3zZN1d8,white,kingside,,False,,37,Irregular Openings
akrUONYm,black,,,False,,81,Irregular Openings
Wb8Icw0M,black,,,False,,33,Queen's Pawn
KXnG8Ny6,white,kingside,,False,,31,Irregular Openings
HOL9h1ys,white,kingside,,False,,60,Irregular Openings
GoWJkM71,black,,,False,,48,English Opening
DiPi6IPB,black,,kingside,False,,40,English Opening
xrKr5o8i,black,,,False,,103,Irregular Openings
ksmwTfWF,black,,,False,,79,Irregular Openings
B3mAjWNG,white,kingside,,False,,111,Irregular Openings
AK2lKntV,black,,,False,,62,Irregular Openings
d3A6H502,black,,queenside,False,,42,Irregular Openings
9fQLK1t1,black,,queenside,False,,44,Irregular Openings
hs8yvNNl,white,kingside,,False,,91,Irregular Openings
7tSSfa4z,black,,,False,,47,Queen's Pawn
qkhdPE9h,black,,queenside,False,,66,Irregular Openings
aISOW9cV,white,queenside,,False,,78,Irregular Openings
yZPHObzj,black,,kingside,False,,55,English Opening
3G45on9L,white,,,False,,102,Irregular Openings
iSgHXPXc,black,,kingside,False,,163,Irregular Openings
fM3MJldY,white,kingside,,False,,43,Irregular Openings
5Jtfs2pA,white,,,False,,39,Irregular Openings
6TgLqHU8,white,kingside,,False,,69,Irregular Openings
bu1n8yKr,black,,,False,,21,Irregular Openings
InvL3I55,white,kingside,,False,,88,Irregular Openings
Tgq6WmQS,black,,,False,,26,Irregular Openings
RlW0vJt9,black,,,False,,44,Irregular Openings
9NeETwUa,black,,,False,,54,Irregular Openings
yLAYQa0G,white,,,False,,23,Irregular Openings
Gl8QiLe9,black,,,False,,52,Irregular Openings
1ZciQvBH,white,queenside,,False,,110,Queen's Pawn
fNl6QnbW,white,queenside,,False,,45,Irregular Openings
Q0peKxBn,black,,kingside,False,,53,French Defense
nggA5uMB,white,queenside,,False,,81,Irregular Openings
qqhzjMpe,black,,,False,,22,Irregular Openings
40TvAkRV,black,,,False,,42,Reti Opening
SRG12jXg,black,,kingside,False,,67,French Defense
P02OFVLb,white,,,False,,79,Irregular Openings
NM3KIZ8y,black,,,False,,62,Queen's Pawn
7M5CHCiZ,black,,,False,,19,Irregular Openings
hxu1rcwA,black,,kingside,False,,136,French Defense
9NmhndLU,white,queenside,,False,,41,Irregular Openings
efCoqSwp,white,kingside,,False,,54,Irregular Openings
Mx4V8sow,white,kingside,,False,,58,Irregular Openings
tb3CykS8,white,,,False,,35,Irregular Openings
yklv0qP9,black,,,False,,41,Irregular Openings
d0OP9mHS,black,,,False,,1,Uncommon King Pawn
5KGPobiM,white,,,False,,37,Irregular Openings
9suZFiXR,white,kingside,,False,,83,Irregular Openings
fXlanB1A,black,,kingside,False,,20,Irregular Openings
u8c9bRTK,white,,,False,,13,Irregular Openings
LjD5QxIo,black,,queenside,False,,54,French Defense
TRA64RlO,white,queenside,,False,,96,Irregular Openings
4A6riEkR,black,,,False,,70,Queen's Pawn
i0SpZKQt,black,,,False,,24,French Defense
dwdDiZNH,black,,,False,,18,Irregular Openings
jGmZBplE,white,,,False,,29,Irregular Openings
bCTiqnxl,white,,,False,,125,Irregular Openings
qB6UaSgF,black,,kingside,False,,68,French Defense
JZPaG9Nk,black,,,False,,43,Irregular Openings
1ctUGQ53,black,,kingside,False,,80,French Defense
sqHBBuEr,white,,,False,,31,Irregular Openings
OIjdRrhB,white,kingside,,False,,83,Irregular Openings
xSeYZGk1,black,,,False,,14,French Defense
Pvg6DKZ4,black,,kingside,False,,18,French Defense
gHmFv0ND,white,,,False,,38,Queen's Pawn Game
lhKP1IHN,black,,kingside,False,,30,French Defense
3KnwVX4O,white,,,False,,18,Irregular Openings
iufUiA4L,black,,,False,,95,Irregular Openings
fmuPYOUi,white,kingside,,False,,47,Irregular Openings
Pr8U1JlP,black,,,False,,35,French Defense
L3iIfcxj,black,,,False,,62,French Defense
IIeXDeBc,black,,kingside,False,,117,Irregular Openings
nH7cbizV,black,,,False,,42,Irregular Openings
fuPbohHN,white,,,False,,18,Irregular Openings
rF5rT6qQ,black,,,False,,18,French Defense
R8Znj3Ad,white,kingside,,False,,122,Irregular Openings
p7QjoE5i,white,kingside,,False,,67,Irregular Openings
Zq18cu67,black,,,False,,64,Irregular Openings
AUpdZAPT,white,kingside,,False,,52,Irregular Openings
pExyIea3,white,kingside,,False,,115,Irregular Openings
3iXutkUL,white,kingside,,False,,49,Irregular Openings
xdYUW9QQ,white,,,False,,23,Irregular Openings
QsUc6POc,white,kingside,,False,,47,Irregular Openings
iktS8B40,white,kingside,,False,,94,Irregular Openings
BG26twC6,black,,kingside,False,,68,French Defense
Lm1IK9C6,black,,,False,,31,Irregular Openings
276dNXs8,white,kingside,,False,,111,Irregular Openings
rYj26ztT,black,,,False,,79,Irregular Openings
zvW1vCtz,black,,,False,,48,Irregular Openings
7ct3wNKC,white,kingside,,False,,51,Irregular Openings
O3W21uH1,black,,,False,,40,Irregular Openings
rF41IHY5,white,kingside,,False,,46,Irregular Openings
I9ISxGeC,white,kingside,,False,,52,Irregular Openings
htiCYesd,white,kingside,,False,,61,Irregular Openings
GesBseIF,black,,,False,,32,Irregular Openings
eqmgD9OC,white,kingside,,False,,35,Irregular Openings
aGFveksR,black,,,False,,55,Queen's Pawn
zIGFLNuR,black,,,False,,46,Irregular Openings
f08olJ5h,white,,,False,,10,Irregular Openings
F14oZI73,black,,,False,,41,Irregular Openings
UMbTtzbA,black,,,False,,41,Irregular Openings
nfoysuhk,white,,,False,,30,Irregular Openings
GxJMGDO9,white,kingside,,False,,118,Queen's Pawn
f0GebhhA,black,,,False,,35,French Defense
Ltgv49P8,black,,,False,,96,Queen's Pawn
eqGn4bpR,black,,kingside,False,,68,Irregular Openings
QAyaP3Zv,white,kingside,,False,,35,Irregular Openings
ePzFLzFw,black,,queenside,False,,56,Queen's Pawn
Mf3fKChc,white,kingside,,False,,64,Irregular Openings
LLQHMYJ4,black,,,False,,82,Queen's Pawn
4kJXNyJp,black,,,False,,35,French Defense
J1ljTgK7,black,,kingside,False,,70,French Defense
IZ1iCB1L,black,,,False,,62,Irregular Openings
EN7CfuaP,black,,kingside,False,,78,Uncommon King Pawn
J00iDQnh,white,queenside,,False,,71,Irregular Openings
QZkPsLB7,white,kingside,,False,,35,Reti Opening
gx4T76dP,white,kingside,,False,,133,Reti Opening
cQy8Ji2T,white,,,False,,5,Queen's Pawn Game
mopdhxQI,black,,queenside,False,,63,Queen's Pawn Game
21c8KVWk,black,,kingside,False,,84,Irregular Openings
cKR6XMHy,black,,queenside,False,,76,French Defense
t9stW2hY,white,kingside,,False,,37,Irregular Openings
KLfwBj3b,white,,,False,,45,Irregular Openings
UrbF9ZfW,black,,,False,,54,Reti Opening
qRhbDJde,black,,kingside,False,,48,French Defense
kfoHxSSt,white,kingside,,False,,116,Irregular Openings
ei8Vz9ui,white,,,False,,20,Irregular Openings
oV3SaVey,white,kingside,,False,,79,Irregular Openings
Fmkf4kSE,white,queenside,,False,,42,Irregular Openings
2bZYx8aG,white,kingside,,False,,27,Irregular Openings
OLYaCbRr,white,,,False,,35,Irregular Openings
JUhmWlyw,white,kingside,,False,,27,Irregular Openings
NGPWFbKE,white,kingside,,False,,63,Irregular Openings
cTxwJzRN,black,,,False,,52,Irregular Openings
nkHu72Rd,white,,,False,,45,Irregular Openings
yatrhXg4,black,,,False,,84,French Defense
QKBlZYDH,black,,,False,,30,Irregular Openings
YLxXnuOm,black,,,False,,54,French Defense
fLG4rA4H,black,,,False,,53,Irregular Openings
zkYl6SML,black,,,False,,30,Irregular Openings
vLD7nc54,black,,kingside,False,,60,French Defense
7uyXLRk1,white,kingside,,False,,110,Irregular Openings
OTCjLNYy,white,kingside,,False,,37,Irregular Openings
bweiI2SS,white,,,False,,11,Irregular Openings
RrVdLaD4,white,kingside,,False,,58,Irregular Openings
2V2DD4Ua,black,,kingside,False,,77,Reti Opening
G5jgfRl7,black,,,False,,73,Uncommon King Pawn
ORYWHfl8,black,,kingside,False,,49,Uncommon King Pawn
4G6LpiJc,white,,,False,,65,Irregular Openings
Hy3CurVf,black,,,False,,26,French Defense
kUe62OJo,white,kingside,,False,,146,Irregular Openings
nnCNNbM2,black,,,False,,12,French Defense
oGtfWLI7,white,queenside,,False,,41,Irregular Openings
YxnNE5Fw,white,,,False,,27,Irregular Openings
MzhFAByF,black,,,False,,3,French Defense
1x9eVYuh,black,,kingside,False,,58,Irregular Openings
gSBOWIGS,black,,kingside,False,,64,Irregular Openings
XwBt2k6s,black,,kingside,False,,92,Irregular Openings
vD3qoqMF,black,,,False,,18,French Defense
eTpgSpvr,black,,,False,,31,Irregular Openings
OeTDeADj,black,,,False,,37,Queen's Pawn
kTKwPdw0,black,,kingside,False,,26,French Defense
rNK2T8nh,white,kingside,,False,,123,Irregular Openings
bnLC6cJe,black,,,False,,18,French Defense
yMBK3vCL,black,kingside,kingside,True,11,135,French Defense
45E9Jenx,black,,kingside,False,,49,English Opening
L1GW1XKV,white,,,False,,8,Irregular Openings
i1fNlB6O,black,,kingside,False,,14,French Defense
1EZGMaZt,white,kingside,,False,,40,Queen's Pawn
GGmgKopt,white,kingside,,False,,167,Irregular Openings
KbTF0FTH,white,queenside,,False,,68,Irregular Openings
XjJKUkUl,white,kingside,,False,,109,Irregular Openings
Hl2ftFBl,white,,,False,,57,Irregular Openings
jzB5Fhb9,black,,,False,,46,Irregular Openings
WkBReZXM,black,,,False,,50,Irregular Openings
Krf4WcXG,white,,,False,,39,Irregular Openings
PLPeF6zC,black,,,False,,46,Irregular Openings
imJgynMz,black,,,False,,31,Reti Opening
ENin6Ocw,black,,,False,,37,Irregular Openings
VyuKpigJ,black,,,False,,48,French Defense
enpf7roS,black,,,False,,31,Queen's Pawn Game
zQLmnl9M,black,,,False,,62,French Defense
5fzF8vO0,white,kingside,,False,,45,Irregular Openings
kipp6Z55,white,kingside,,False,,90,Irregular Openings
hiIswcK6,white,kingside,,False,,46,Irregular Openings
RkkrEwJH,black,,,False,,106,Irregular Openings
B8T6ycIa,white,kingside,,False,,72,Irregular Openings
R3p31yEU,white,kingside,,False,,74,Irregular Openings
9ovEIU2z,black,,,False,,86,Queen's Pawn
z45LAHyG,white,queenside,,False,,74,Irregular Openings
x69OMCdu,white,,,False,,59,Irregular Openings
B8Dm6iWq,black,,kingside,False,,40,Queen's Pawn
kMxKpNBI,white,kingside,,False,,45,Irregular Openings
HtauZGAK,white,kingside,,False,,31,Irregular Openings
tlJneCr1,white,,,False,,6,Irregular Openings
941zUIzs,black,,kingside,False,,27,Reti Opening
zZvP35Pm,white,kingside,,False,,91,Irregular Openings
mR0DSRtn,black,,,False,,61,Queen's Pawn
4U55YWkC,white,kingside,,False,,53,Irregular Openings
MP3wDpCZ,white,kingside,,False,,59,Irregular Openings
TPZD054Q,black,,kingside,False,,30,Irregular Openings
4xL7qkBS,white,kingside,,False,,59,Irregular Openings
VxtfpjZF,black,,,False,,60,English Opening
yaDmLXSJ,white,kingside,,False,,21,Irregular Openings
P8Hazu0b,white,,,False,,45,Queen's Pawn
rIbZH2Mk,white,kingside,,False,,60,Irregular Openings
KdyMwaNJ,white,,,False,,29,Queen's Pawn
QilnF63b,black,,,False,,41,Irregular Openings
I8nojjVp,white,,,False,,50,Queen's Pawn Game
uDPXY534,white,,,False,,31,Queen's Pawn Game
bMApumxX,white,kingside,,False,,74,Irregular Openings
InfB9Ie3,white,,,False,,33,Irregular Openings
8RgmQV8I,black,,,False,,67,Irregular Openings
Ow4OCrA7,white,kingside,,False,,25,Irregular Openings
framUSQ6,black,,,False,,96,Irregular Openings
oRXB83QY,black,,,False,,27,Irregular Openings
1HW7ev0U,white,kingside,,False,,26,Irregular Openings
DvfoEMmU,black,,,False,,29,Irregular Openings
oIRbk956,white,kingside,,False,,50,Irregular Openings
IaV7PaXR,white,,,False,,43,Irregular Openings
x2UNaL6H,white,,,False,,41,Irregular Openings
pnksuqFa,black,,,False,,60,Irregular Openings
agTAySgg,white,kingside,,False,,45,Irregular Openings
4M35iwmy,white,kingside,,False,,118,Irregular Openings
26WocN4i,white,kingside,,False,,44,Irregular Openings
oeD7bSmS,white,,,False,,27,Irregular Openings
uG0YVfvw,white,kingside,,False,,33,Irregular Openings
jH2TLghN,black,,,False,,73,Irregular Openings
B82Irfyd,white,kingside,,False,,49,Irregular Openings
z2umAm6N,white,kingside,,False,,96,Irregular Openings
bPVuzHGE,white,kingside,,False,,42,Irregular Openings
h0Nkq3Gx,black,,,False,,34,Irregular Openings
C7l4FxcN,white,kingside,,False,,44,Irregular Openings
GI0cytrS,black,,,False,,106,French Defense
kPC2iml9,white,kingside,,False,,39,Queen's Pawn
RcLMABzk,black,,,False,,56,Irregular Openings
LAqCaZuF,black,,,False,,77,French Defense
GVCOrIQo,white,kingside,,True,7,229,Queen's Pawn
a9xUdHAk,black,,,False,,34,French Defense
ZLPM1Snd,black,,kingside,False,,64,Irregular Openings
633OQTMh,black,,kingside,False,,52,Irregular Openings
zJ66TqXh,white,queenside,,False,,61,Irregular Openings
nthj0Gc3,white,kingside,,False,,75,Irregular Openings
X0GsfKf6,white,kingside,,False,,45,Irregular Openings
B4Rz4IhQ,white,kingside,,False,,102,Irregular Openings
gGmoYiZh,white,kingside,,False,,81,Irregular Openings
3PoC4Ymn,white,,,False,,59,Irregular Openings
QLd7o7sv,black,,kingside,False,,136,Irregular Openings
Sn47u9Ev,black,,kingside,False,,40,Irregular Openings
LwYDVr1w,black,,kingside,False,,73,Irregular Openings
eQv8esdK,white,kingside,,False,,44,Irregular Openings
lDlbkOt4,white,,,False,,83,Irregular Openings
C76nMxn4,black,,,False,,43,French Defense
6TTLUrU0,black,,kingside,False,,99,Irregular Openings
yHmBVVHx,black,,kingside,False,,56,French Defense
61wbwTsM,white,queenside,,False,,43,Irregular Openings
XaeSdPXF,white,kingside,,False,,72,Irregular Openings
REiWEydb,white,kingside,,False,,41,Irregular Openings
M8oNezxe,white,,,False,,45,Irregular Openings
JUV7kFox,black,,kingside,False,,83,Reti Opening
ZDYSbUi9,black,,,False,,31,French Defense
U8koqVZo,black,,,False,,75,Irregular Openings
G3B4bxbZ,black,,,False,,45,Queen's Pawn
YMaCHMQk,black,,queenside,False,,42,Irregular Openings
foOk0zMS,black,,,False,,41,Queen's Pawn Game
lidmw3w5,black,,,False,,18,French Defense
HFpLFntD,white,kingside,,False,,59,Irregular Openings
sTwQ4ncM,white,,,False,,18,Irregular Openings
ftjgl6JS,black,,kingside,False,,38,Irregular Openings
9XIQjtco,white,,,False,,51,Irregular Openings
8KSMgylD,black,,kingside,False,,101,Irregular Openings
hXzwol1z,black,,,False,,54,Irregular Openings
LcStBXCg,white,kingside,,False,,27,Irregular Openings
Ua7f9utm,white,kingside,,False,,66,Irregular Openings
rfFY7Zgp,black,,,False,,1,Queen's Pawn
gkzAKhZu,white,,,False,,23,Irregular Openings
wZs9kCXe,black,,queenside,False,,62,French Defense
iEFxpYpv,black,,,False,,73,Irregular Openings
7SvUSFfz,black,,,False,,69,Irregular Openings
pGDmmGwU,black,,,False,,3,French Defense
Y0VTyvB0,white,,,False,,18,Irregular Openings
2sCjDgR9,white,kingside,,False,,75,Irregular Openings
0VH3Vvhv,white,kingside,,False,,57,Irregular Openings
BSYdfvXd,white,,,False,,45,Irregular Openings
YuUZDI4k,black,,,False,,88,Queen's Pawn
v8dwSXx0,black,,kingside,False,,82,French Defense
SSeaWjh5,black,,,False,,2,French Defense
ilZKvV57,black,,,False,,33,French Defense
VqNkCiTR,white,,,False,,23,Irregular Openings
fwZv16E3,white,kingside,,False,,33,Irregular Openings
VLuef3C2,black,,,False,,18,French Defense
RHuqRQ9V,black,,queenside,False,,56,Irregular Openings
zZPSYadU,black,,kingside,False,,72,French Defense
PlDUNZJH,black,,kingside,False,,51,Queen's Pawn
MCPEhq6x,black,,,False,,71,French Defense
MmiUA0Xc,black,,kingside,False,,28,French Defense
kbeulQNF,black,,,False,,98,Queen's Pawn
ftdtd1ir,black,,kingside,False,,46,French Defense
n2Nhsi4R,white,,,False,,15,Irregular Openings
hBTr73M1,black,,,False,,23,Irregular Openings
oDAvGGPu,black,,,False,,93,Irregular Openings
4DR5yNyT,white,,,False,,43,Irregular Openings
U291Y3XZ,white,,,False,,110,Irregular Openings
JCwd1uHk,black,,kingside,False,,120,Irregular Openings
Kj04iVGq,black,,,False,,51,French Defense
WRoABUum,black,,kingside,False,,63,French Defense
STCBnimt,black,,kingside,False,,125,Irregular Openings
dNEfdlGN,black,,kingside,False,,97,Irregular Openings
YqbyWPcW,white,kingside,,False,,38,Irregular Openings
RfXViCaP,white,,,False,,39,Irregular Openings
JXHJrxnV,black,,,False,,84,French Defense
u2Je7Sps,white,kingside,,False,,47,Irregular Openings
VuedtvSZ,black,,kingside,False,,115,Irregular Openings
BSrwGmWX,black,,kingside,False,,81,English Opening
UkR7XBud,black,,,False,,37,Irregular Openings
Kv7iqxkq,black,,kingside,False,,49,French Defense
BLiRboAI,black,,,False,,37,Irregular Openings
U9u6gCg4,white,,,False,,3,Irregular Openings
nzgCW32S,black,,kingside,False,,51,Queen's Pawn
t51AqkBy,white,,,False,,37,Irregular Openings
j1KchnCD,black,,,False,,35,Irregular Openings
rhsb2IkF,white,,,False,,41,Irregular Openings
JWGLhBNA,white,,,False,,89,Irregular Openings
b2cPhyC4,white,kingside,,False,,72,Irregular Openings
2nxtz0ez,black,,,False,,72,Queen's Pawn
vhh8LpCi,black,,,False,,3,French Defense
imTXgwy4,white,,,False,,48,Irregular Openings
CBTVuySt,black,,,False,,34,Irregular Openings
SRhAoUSK,black,,,False,,55,French Defense
AxMbrx6W,white,,,False,,44,Irregular Openings
cQrC1XIR,white,kingside,,False,,38,Irregular Openings
TmmUr3s2,white,kingside,,False,,45,Irregular Openings
K1RNXJpV,white,kingside,,False,,41,Irregular Openings
982ZsoB1,black,,,False,,58,Irregular Openings
KvagFPjM,white,kingside,,False,,22,Irregular Openings
eWRIU280,black,,,False,,52,Irregular Openings
kqrAJ734,black,,,False,,39,Queen's Pawn
ZLYfgZmw,black,,kingside,False,,133,Reti Opening
9lVyg968,black,,kingside,False,,48,Irregular Openings
mX3xv5Sm,white,,,False,,25,Irregular Openings
vqbmC4tI,black,,,False,,34,French Defense
i2C4U0Vc,black,,,False,,58,Irregular Openings
PdGgS9IA,white,,,False,,59,Irregular Openings
BGFXqdcA,black,,kingside,False,,56,French Defense
V9C1eMAp,white,,,False,,66,Irregular Openings
cIjPLW9h,black,,,False,,38,Irregular Openings
yhPFNqQy,black,,,False,,46,Irregular Openings
8s1f7mjL,white,,,False,,30,Irregular Openings
dxqeH3AA,black,,kingside,False,,28,French Defense
ySaxGgAK,white,,,False,,16,Irregular Openings
jkVdvj0V,white,,,False,,27,Irregular Openings
QQR23f0n,white,,,False,,2,Irregular Openings
xuESH4Wa,black,,kingside,False,,42,French Defense
CmnskIeA,white,queenside,,False,,47,Irregular Openings
hm6Pr8O8,black,,,False,,128,French Defense
xwVG1Yxs,black,,queenside,False,,99,French Defense
bDld6lFr,white,queenside,,False,,53,Irregular Openings
ZpQ1ZF0f,white,,,False,,67,Queen's Pawn
9ZQdp8K7,white,,,False,,49,Queen's Pawn
M1LmjKJ8,white,,,False,,11,Irregular Openings
O7KxLqBJ,black,,kingside,False,,97,Queen's Pawn
loCbPQoc,black,,,False,,54,French Defense
8V4cYgqm,black,,,False,,115,Irregular Openings
cfFCPCz4,white,,,False,,11,Irregular Openings
qDNMAarK,white,kingside,,False,,58,Irregular Openings
PKOn8jbK,black,,,False,,34,Irregular Openings
wL6tCkFF,black,,,False,,22,Queen's Pawn Game
eaqpjjtJ,black,,kingside,False,,49,Reti Opening
HOTjfUJO,black,,queenside,False,,28,French Defense
cOPjyQSB,white,kingside,kingside,True,9,167,Queen's Pawn Game
OdveWPPs,black,,,False,,42,Irregular Openings
LvPqWEOM,white,kingside,,False,,39,Irregular Openings
wc3nUAdp,black,,,False,,48,Irregular Openings
4pMVkJJm,white,,,False,,89,Irregular Openings
eKMC2Ar8,black,,kingside,False,,20,Irregular Openings
iH7PrkBD,black,,kingside,False,,74,Irregular Openings
BTGjsSBJ,white,kingside,,False,,58,Irregular Openings
DafakQjg,black,,,False,,46,Irregular Openings
ASekgctj,black,,,False,,57,Reti Opening
8GkAxb8M,black,,,False,,37,Irregular Openings
xJJ43XYD,black,,kingside,False,,50,English Opening
yDN5kc2d,black,,kingside,False,,42,French Defense
RS7yEOfJ,black,,,False,,15,French Defense
g4Qi74ER,black,,,False,,42,Irregular Openings
bqL7cfGv,black,,kingside,False,,102,Reti Opening
qym3u0HT,white,queenside,,False,,108,Irregular Openings
KjFEmZQI,white,kingside,,False,,116,Irregular Openings
dk4JSNgY,white,kingside,,False,,39,Irregular Openings
qrRb1gZl,black,,,False,,51,Reti Opening
7zrcPEO5,black,,kingside,False,,81,French Defense
NoSziqhM,white,kingside,,False,,73,Irregular Openings
tVnu7nCg,black,,,False,,16,Irregular Openings
ammOGPsR,black,,,False,,42,Irregular Openings
HVGz6mYP,black,,,False,,66,French Defense
bKekVKpg,white,kingside,,False,,35,Irregular Openings
PrOXfYE0,black,,kingside,False,,119,Irregular Openings
qlTZHbYy,white,,,False,,59,Irregular Openings
HwfHLFVG,black,,,False,,40,French Defense
fkG43nTV,white,queenside,,False,,33,Irregular Openings
8KVE78VF,black,,kingside,False,,47,Queen's Pawn
KCoMjIya,white,kingside,,False,,43,Irregular Openings
H7oLJrJJ,black,,queenside,False,,29,Irregular Openings
8xvmnvB7,white,,,False,,18,Irregular Openings
litwaAvp,white,,,False,,16,Irregular Openings
BBh0w0cb,black,,,False,,68,Queen's Pawn
MTsuRSjZ,black,,kingside,False,,80,French Defense
xLw6lXoe,black,,,False,,92,Reti Opening
mMqt33Er,black,,,False,,11,Queen's Pawn
NySmdQXq,white,kingside,kingside,True,3,132,Queen's Pawn
EoJ8I5OY,black,,,False,,32,French Defense
zNGXt1g0,black,,,False,,2,French Defense
zMjUWI69,black,,,False,,22,French Defense
cSsvdVKG,black,,kingside,False,,28,French Defense
7VOl1HGI,black,,,False,,72,Irregular Openings
9LkAO3cV,black,,queenside,False,,72,Irregular Openings
SxgOUtmM,white,,,False,,18,Irregular Openings
TzNsQkKE,white,,,False,,49,Irregular Openings
hRRlr0jE,white,,,False,,18,Irregular Openings
fUvbtDdw,white,,,False,,3,Queen's Pawn
r0XgtubX,black,,,False,,62,Irregular Openings
G2uORpxc,black,,,False,,31,French Defense
zRztFpAy,white,kingside,,False,,25,Irregular Openings
fFfGK3PE,black,,,False,,85,Reti Opening
JoPuhzHg,white,kingside,,False,,26,Irregular Openings
Ms83YSDd,white,kingside,,False,,119,Irregular Openings
D70W4NDh,black,,kingside,False,,51,Queen's Pawn
PIfA0kE6,black,,kingside,False,,30,Irregular Openings
d9rennZz,black,,,False,,18,French Defense
HJfmhOk1,black,,,False,,52,French Defense
aPuQr1gS,white,,,False,,18,Irregular Openings
00ABEoXV,white,,,False,,18,Irregular Openings
GNNES0Al,white,kingside,,False,,47,Irregular Openings
ukBsDmEt,black,,,False,,62,French Defense
rnKpjbEj,black,,,False,,2,French Defense
IGpqzLfs,white,queenside,,False,,34,Irregular Openings
MqXezQFU,black,,,False,,37,French Defense
Mu0w9M0B,black,,,False,,30,French Defense
u8qkHm9l,white,queenside,,False,,32,Irregular Openings
utl1coox,black,,kingside,False,,30,French Defense
itBC18bB,black,,queenside,False,,38,French Defense
EHatH5zJ,white,kingside,,False,,33,Irregular Openings
RmkIdasv,black,,kingside,False,,62,Queen's Pawn
jzcIgvlB,white,queenside,,False,,65,Queen's Pawn Game
h9jKg4sC,white,,,False,,57,Irregular Openings
cxBrokSA,white,,,False,,11,Irregular Openings
vmwlb4b8,white,kingside,,False,,77,Irregular Openings
SyxCKSgb,black,,kingside,False,,18,Irregular Openings
47dfFBQy,black,,,False,,38,Irregular Openings
Oj1r7fyg,black,,kingside,False,,71,Reti Opening
yW3W1Q3h,black,,,False,,66,Queen's Pawn
bwqh1ucy,black,,,False,,33,Irregular Openings
PD42N6r1,white,kingside,,False,,43,Irregular Openings
2FdljQIY,white,,,False,,30,Irregular Openings
hHcySE9r,black,,,False,,38,Irregular Openings
IxmVgBPZ,white,kingside,,False,,33,Irregular Openings
CXAHnBms,white,kingside,,False,,27,Irregular Openings
YhcHq1zS,black,,queenside,False,,38,French Defense
zy3HwqpN,black,,,False,,31,Irregular Openings
IdjInXWL,white,,,False,,30,Irregular Openings
r7nv6G3l,black,,,False,,51,French Defense
odg4gZdN,black,,kingside,False,,60,Irregular Openings
NkWkQnHx,white,kingside,,False,,46,Irregular Openings
RaoGr6xo,white,,,False,,18,Irregular Openings
Cn7UNGGI,white,kingside,,False,,45,Irregular Openings
tgeKR6z7,white,queenside,,False,,58,Irregular Openings
cVvoOK2r,black,,,False,,88,French Defense
WKAFfRBS,white,,,False,,31,Irregular Openings
fg1NVUM8,black,,kingside,False,,118,Reti Opening
SPVM7uJk,white,,,False,,16,Irregular Openings
Wr2StiWr,white,queenside,,False,,44,Irregular Openings
aWUhypS2,black,,,False,,24,Irregular Openings
DLMxwMJv,white,kingside,,False,,88,Irregular Openings
n70d56cX,white,,,False,,28,Irregular Openings
QffLpLQU,black,,kingside,False,,37,Queen's Pawn
3tXMzwlK,black,,,False,,21,Reti Opening
sIdq08nA,black,,,False,,63,Queen's Pawn
1TQZJcwD,white,,,False,,58,Irregular Openings
Cc9nOtzO,black,,kingside,False,,55,English Opening
Pj4kYeLK,black,,kingside,False,,94,Reti Opening
RVB7akzl,black,,,False,,21,French Defense
k9kbNnyo,white,kingside,,False,,83,Irregular Openings
hKHcEwMO,white,kingside,,False,,199,Irregular Openings
VOkhcv9W,black,,,False,,86,Irregular Openings
X6h8ii0z,black,,,False,,32,Irregular Openings
JxBuViG6,black,,,False,,42,Irregular Openings
k1yg9sub,white,kingside,,False,,39,Irregular Openings
mtQBVBNp,white,kingside,,False,,69,Irregular Openings
LL8rtXFM,black,,,False,,20,Irregular Openings
2hIJQT4L,black,,,False,,82,French Defense
YArhV4Mz,black,,,False,,26,Irregular Openings
xIT2x9CY,white,kingside,,False,,71,Irregular Openings
hpcJeFLp,white,kingside,,False,,71,Queen's Pawn Game
PZEJL76T,black,,,False,,66,French Defense
0a7Y0ykk,white,,,False,,10,Irregular Openings
YHuHEkBg,white,kingside,,False,,87,Queen's Pawn Game
91eVGMjI,white,,,False,,3,Irregular Openings
R2d2qaAQ,black,,,False,,1,Queen's Pawn
xLP0c5jY,white,kingside,,False,,52,Queen's Pawn Game
KPmsVi9I,black,,,False,,44,French Defense
ZbaiRoik,black,,queenside,False,,89,Irregular Openings
AQpShL6W,white,,,False,,25,Irregular Openings
rz12E4xV,white,kingside,,False,,118,Irregular Openings
AYkY7R1T,black,,,False,,31,Irregular Openings
yibOqBlD,black,,,False,,95,French Defense
690oL0kc,white,kingside,,False,,43,Irregular Openings
DMAjpPix,black,,,False,,37,Reti Opening
rmdQ8Crr,white,kingside,,False,,100,Irregular Openings
FDHMT2qG,white,,,False,,35,Irregular Openings
TIPbpVpJ,white,queenside,,False,,54,Irregular Openings
bXDYQ9i4,black,,kingside,False,,39,Uncommon King Pawn
BBsgSkcp,white,kingside,,False,,71,Irregular Openings
QLxdaHwT,white,kingside,,False,,83,Irregular Openings
QGRChz2y,white,kingside,,False,,37,Irregular Openings
ZYObKb1r,black,,queenside,False,,90,French Defense
3mGsKvrc,black,,queenside,False,,18,French Defense
WKK1qs1q,white,kingside,,False,,25,Irregular Openings
lff7Bg9r,black,,,False,,40,Irregular Openings
QnqAt4Cx,white,kingside,,False,,82,Irregular Openings
IjL58jqv,black,,kingside,False,,37,Queen's Pawn
N4gm3YqG,white,kingside,,False,,111,Irregular Openings
rMGFGkPU,black,,,False,,99,Irregular Openings
13Ff36yq,black,,,False,,16,Irregular Openings
z7GX6Mi1,black,,,False,,17,Irregular Openings
6FmsygkF,white,,,False,,55,Irregular Openings
G9WxoqcS,black,,kingside,False,,138,Irregular Openings
ro6igEjN,black,,,False,,88,French Defense
u5XWD3BM,white,kingside,,False,,98,Irregular Openings
nosWc3ub,white,kingside,,False,,35,Irregular Openings
1v2LVVmt,white,kingside,,False,,67,Irregular Openings
ol5b3YmH,white,kingside,,False,,123,Irregular Openings
Bv2MEWEx,white,,,False,,41,Irregular Openings
NnoVqAvg,black,,kingside,False,,156,Irregular Openings
UstEyqYm,black,,,False,,48,French Defense
DBpZug01,white,kingside,,False,,45,Irregular Openings
5m6g28Dl,black,,,False,,20,French Defense
x3nenF2q,black,,kingside,False,,40,English Opening
JoyvHife,white,kingside,,False,,99,Irregular Openings
FisHJOeS,white,kingside,,False,,96,Irregular Openings
mwljwGdc,black,,,False,,117,Irregular Openings
cpip3b4o,black,,,False,,49,Queen's Pawn
uvbr89lG,white,,,False,,77,Irregular Openings
ZeQhmwMw,black,,,False,,76,Irregular Openings
B3WLLTAs,white,kingside,,False,,37,Irregular Openings
elWoCizw,white,kingside,,False,,87,Irregular Openings
zAfZf2l4,black,,kingside,False,,42,Irregular Openings
njwS8hSL,black,,queenside,False,,67,Irregular Openings
sc0S4xia,white,,,False,,90,Irregular Openings
XtAeasoV,white,kingside,,False,,80,Irregular Openings
ijlq8UFb,black,,,False,,54,Irregular Openings
8dwZfam4,black,,,False,,42,Irregular Openings
ZE2zbGnM,white,,,False,,33,Irregular Openings
ZkmZRtdG,white,kingside,,False,,29,Irregular Openings
aJaJLwsT,white,,,False,,25,Irregular Openings
vAsG5S4R,white,,,False,,39,Irregular Openings
sYnCbSju,white,kingside,,False,,56,Irregular Openings
kLiJl9qx,white,kingside,,False,,138,Irregular Openings
yFFw2Zzo,black,,queenside,False,,65,Queen's Pawn
ZJaYWcQd,black,,kingside,False,,67,English Opening
Ww9k9fjJ,white,,,False,,56,Irregular Openings
SewPy4eI,white,kingside,,False,,51,Irregular Openings
ExCIsY0f,white,,,False,,31,Irregular Openings
l2cCTJhq,white,kingside,,False,,64,Irregular Openings
3Vufz1ey,white,kingside,,False,,73,Irregular Openings
g7Ke5uv6,white,,,False,,15,Irregular Openings
FcrDyCNd,white,kingside,,False,,33,Irregular Openings
WtZrBEhy,black,,,False,,31,Irregular Openings
CSunt2Hw,black,,,False,,18,French Defense
SxWtT9mv,white,kingside,,False,,59,Irregular Openings
d2hJdpeL,black,,queenside,False,,58,French Defense
EWkk41Dj,white,,,False,,61,Irregular Openings
MxtZDh1o,white,,,False,,67,Irregular Openings
cQDyWIwk,white,kingside,,False,,27,Irregular Openings
i707AUKG,black,,kingside,False,,55,English Opening
8aHnJqZL,black,,,False,,68,Queen's Pawn
iMPPgu9q,white,kingside,,False,,70,Irregular Openings
mV5H34hG,black,,kingside,False,,93,English Opening
CdijIusT,white,kingside,,False,,53,Irregular Openings
lYgS7qb5,white,queenside,,False,,41,Queen's Pawn
DAkSmEzo,black,,,False,,22,French Defense
OCacAUaz,white,,,False,,89,Irregular Openings
toFqEC3c,black,,kingside,False,,101,Queen's Pawn
FFVxwGiW,black,,,False,,37,Irregular Openings
oN6RYxaP,white,kingside,,False,,115,Irregular Openings
kHsyD3jS,white,kingside,,False,,37,Irregular Openings
6CAudYp5,black,,,False,,11,Irregular Openings
4hkpRo5x,white,kingside,,False,,103,Irregular Openings
FdMujaf3,white,kingside,,False,,44,Irregular Openings
mnId5i1a,white,kingside,,False,,117,Irregular Openings
SViR7G3k,white,,,False,,25,Irregular Openings
NHLARzvi,black,,,False,,42,French Defense
Zah3DLwc,white,,,False,,16,Irregular Openings
4vp6F5cn,white,,,False,,18,Irregular Openings
EzDL1J7g,black,,queenside,False,,70,French Defense
vgVftuLO,black,,,False,,50,Irregular Openings
kaxCd1Cp,black,,,False,,38,Irregular Openings
rU8BceSF,black,,,False,,35,Irregular Openings
YzxCj8i6,white,kingside,,False,,51,Irregular Openings
RHmV6xpN,black,,,False,,64,French Defense
HXOk0e6H,white,kingside,,False,,79,Irregular Openings
we5EG4OK,white,kingside,,False,,38,Irregular Openings
MhqGpwDL,black,,,False,,18,French Defense
5WX3V5zc,black,,kingside,False,,54,French Defense
yqlIAXy6,white,queenside,,False,,69,Irregular Openings
CS0z5NV7,black,,,False,,50,French Defense
JqaB8fpe,black,,,False,,54,Irregular Openings
scCVCOEk,white,kingside,,False,,73,Irregular Openings
pq4FYi1f,black,,,False,,69,Queen's Pawn
6PAs54EM,black,,kingside,False,,48,Reti Opening
1WeCrWSE,white,kingside,,False,,47,Irregular Openings
FUEFut1R,black,,kingside,False,,77,Irregular Openings
jTqWHQ6X,black,,,False,,26,Irregular Openings
NFy2lK2S,black,,kingside,False,,110,French Defense
GZLoVS1l,black,,queenside,False,,61,Queen's Pawn
0hSsBIQu,black,,,False,,91,Uncommon King Pawn
ahG2EgS5,white,,,False,,55,Irregular Openings
uNah4gVm,white,,,False,,45,Irregular Openings
AFq33m0G,black,,,False,,35,Reti Opening
dgmTzvOU,white,kingside,,False,,71,Irregular Openings
EgHddQJ4,black,,kingside,False,,44,French Defense
Pg5pUS1R,white,,,False,,45,Irregular Openings
RzYjuCpb,black,,,False,,46,Irregular Openings
sbrxZHNi,black,,,False,,62,Irregular Openings
7vkTm3Fl,white,,,True,17,135,Trompowsky Attack
vnXkx1TX,white,kingside,,False,,71,Queen's Pawn
Q2KAuBVi,white,,,False,,51,Irregular Openings
6NRgaVaO,black,,,False,,43,Irregular Openings
gW8eWkgN,black,,kingside,False,,42,French Defense
BxfUYOxW,white,kingside,,False,,106,Irregular Openings
VuWGF898,white,kingside,,False,,77,Irregular Openings
UNLgDeDX,black,,,False,,21,Irregular Openings
bEikqpHm,black,,,False,,54,French Defense
FTDWrCY1,black,,kingside,False,,28,French Defense
DxFG5ZiT,white,kingside,,False,,37,Irregular Openings
4652Htx0,black,,kingside,False,,30,Irregular Openings
sqNU7wC3,white,,,False,,41,Irregular Openings
Q9ZBEChN,white,kingside,,False,,31,Irregular Openings
xbz44l3C,white,kingside,,False,,61,Irregular Openings
erOOzgAj,black,,kingside,False,,37,English Opening
p5PNIjwp,white,kingside,,False,,50,Queen's Pawn Game
Nlgf3TTE,black,,queenside,False,,50,Irregular Openings
PFnWfvgB,black,,,False,,72,Irregular Openings
mLuUU2GV,white,kingside,,False,,69,Irregular Openings
s0dPL1s2,black,,queenside,False,,40,Irregular Openings
op14p0LN,black,,,False,,24,Irregular Openings
TA3sFmDA,white,kingside,,False,,69,Irregular Openings
f8r0iuJZ,white,kingside,,False,,102,Irregular Openings
bm8PdJcQ,black,,,False,,35,English Opening
aZt56R9P,white,queenside,,False,,47,Irregular Openings
HWQbshst,white,kingside,,False,,41,Irregular Openings
58FCR1mc,black,,queenside,False,,84,Irregular Openings
PQBzgWxF,white,,,False,,25,Irregular Openings
f68Cq53Z,black,,kingside,False,,42,French Defense
oI7XgtKC,white,kingside,,False,,55,Irregular Openings
5cELxThi,black,,,False,,136,Irregular Openings
mjUuygMl,black,,kingside,False,,78,French Defense
4sJIoPZg,white,kingside,,False,,53,Irregular Openings
PgtfwpSs,black,,,False,,54,Irregular Openings
WeNgbTaG,white,kingside,,False,,55,Irregular Openings
YpeLrsNS,white,kingside,,False,,57,Irregular Openings
vhpdi4uv,black,,kingside,False,,28,French Defense
7UwfYedr,white,,,False,,37,Irregular Openings
t9OpEOK2,white,kingside,,False,,78,Queen's Pawn Game
6PXNFeCZ,black,,kingside,False,,52,Irregular Openings
Q61iqy5P,black,,kingside,False,,68,Uncommon King Pawn
urri8Aal,black,,kingside,False,,40,Uncommon King Pawn
p2IrUd3y,black,,,False,,35,Uncommon King Pawn
qxKIXd4l,black,,kingside,False,,87,French Defense
e2ugAX5m,black,,kingside,False,,66,French Defense
JhrLqkpg,black,,kingside,False,,93,Reti Opening
XtK6qOHF,black,,kingside,False,,147,Queen's Pawn
0AeNdVJS,white,kingside,,False,,107,Irregular Openings
4EIvgxCA,white,kingside,,False,,47,Irregular Openings
7OvcpEUs,white,kingside,,False,,48,Irregular Openings
fKuQibru,white,queenside,,False,,95,Queen's Pawn Game
N7xfXGg2,black,,kingside,False,,78,Irregular Openings
ykiwg7xJ,black,,kingside,False,,42,Irregular Openings
KLNhx7Vf,white,kingside,,False,,57,Irregular Openings
gUxrVGZl,black,,kingside,False,,37,Queen's Pawn
ojfskOhy,black,,kingside,False,,59,Irregular Openings
pftMraUu,black,,kingside,False,,58,Irregular Openings
tA5TWpwt,white,kingside,,False,,80,Irregular Openings
5ZaTgo1K,white,kingside,,False,,114,Irregular Openings
hknbVzFi,white,kingside,,False,,94,Irregular Openings
el1wt9JP,black,,,False,,86,Irregular Openings
doQPLcCP,black,,,False,,75,French Defense
wrG8epGH,black,,,False,,107,English Opening
RN3O2cE1,black,,,False,,85,Irregular Openings
WLaVoWCL,black,,,False,,140,Irregular Openings
qAA5maGl,white,,,False,,51,Queen's Pawn Game
gMovmVK7,white,kingside,,False,,47,Queen's Pawn
BVby0J8H,black,,,False,,67,Irregular Openings
GwnD2ZXD,white,kingside,,False,,130,Queen's Pawn Game
vlHCb96Y,black,,kingside,False,,61,French Defense
4iUKEUDW,white,kingside,,False,,54,Queen's Pawn
ye1ugNGk,black,,kingside,False,,45,Reti Opening
IEo0HxUR,black,,kingside,False,,44,French Defense
8bW1QfVi,black,,kingside,False,,78,Irregular Openings
d6IUjOOJ,white,kingside,,False,,136,Irregular Openings
f6lDFEkx,white,,,False,,60,Queen's Pawn
xldeBbvs,white,,,False,,46,Queen's Pawn Game
bu4aEL1u,white,kingside,,False,,141,Irregular Openings
KF1m6uek,white,kingside,,False,,92,Queen's Pawn Game
cTjd4mU4,white,kingside,,False,,96,Irregular Openings
59EIqc2f,black,,,False,,210,Irregular Openings
IqCWkyiP,black,,,False,,94,Irregular Openings
rINliEY9,white,,,False,,80,Queen's Pawn
YUFRNFs1,black,,,False,,152,French Defense
KMNDJVY1,black,,,False,,96,Irregular Openings
vA7xnydR,white,kingside,,False,,169,Trompowsky Attack
IuyWTNA9,black,,kingside,False,,41,Reti Opening
zKNhJv9k,black,,kingside,False,,94,English Opening
ihRyJbZg,white,kingside,,False,,58,Queen's Pawn
OsYNhUaQ,white,kingside,,False,,113,Queen's Pawn
ObBKZ48V,white,kingside,,False,,127,Irregular Openings
1fhMZJDd,black,,kingside,False,,153,French Defense
tFU4n9hS,black,,,False,,94,French Defense
3N48EtKS,black,,kingside,False,,102,Irregular Openings
xi8qZpkd,black,,kingside,False,,70,Irregular Openings
eTCSizBr,white,kingside,,False,,114,Irregular Openings
HLkAoWbO,white,,,False,,21,Irregular Openings
AOUus6X5,black,,kingside,False,,91,French Defense
JSGM6lZL,white,kingside,,False,,64,Queen's Pawn
Jk0mxQc4,white,kingside,,False,,59,Trompowsky Attack
v4saQugJ,white,,,False,,69,Irregular Openings
kE4ZMKnq,white,,,False,,44,Queen's Pawn
zI0WowMW,black,,kingside,False,,44,French Defense
MhlZAocg,black,,kingside,False,,56,Uncommon King Pawn
klI65dUy,black,,kingside,False,,69,French Defense
UQgKwMvo,white,kingside,,False,,97,Queen's Pawn
DOCdW2tn,black,,kingside,False,,161,French Defense
zK1SLD5q,black,,kingside,False,,122,English Opening
qijO9hS2,black,,kingside,False,,142,Irregular Openings
T23qK6yl,white,kingside,,False,,98,Irregular Openings
S4TGMgR6,black,,kingside,False,,105,French Defense
7HXtxVdF,white,,,False,,53,Queen's Pawn
UJdBhanm,white,kingside,,False,,90,Irregular Openings
ipZvXkZj,black,,kingside,False,,143,Irregular Openings
Snn5Mo4P,white,kingside,,False,,319,Irregular Openings
58VoAm1R,black,,,False,,47,Queen's Pawn
imCSuIoG,white,kingside,,False,,67,Irregular Openings
xRqGYnXS,black,,,False,,36,French Defense
uX6K4ZLb,white,,,False,,25,Queen's Pawn
DppD4ZDT,white,,,False,,62,Queen's Pawn Game
0iODt1al,black,,,False,,126,Queen's Pawn
iZRuI20Z,white,kingside,,False,,62,Queen's Pawn Game
p1fM47KE,black,,kingside,False,,119,Irregular Openings
SWGLhx2O,white,kingside,,False,,51,Irregular Openings
CqIJIwQY,black,,,False,,43,Irregular Openings
elBwxdSi,black,,kingside,False,,60,Irregular Openings
GMNoSMfy,black,,,False,,60,French Defense
3kFVdaA2,black,,,False,,8,Irregular Openings
mCEWwRL6,white,kingside,,False,,75,Queen's Pawn
sbXhgbng,white,kingside,,False,,137,Irregular Openings
lDptI5RB,black,,,False,,34,French Defense
sr0NgHLW,black,,queenside,False,,115,French Defense
Jqa9t8t0,black,,,False,,36,French Defense
1K068sYA,white,kingside,,False,,107,Irregular Openings
xeXnezHi,white,queenside,,False,,58,Queen's Pawn
sr2EOPYW,white,kingside,,False,,144,Queen's Pawn Game
nHVGqWzR,black,,,False,,78,French Defense
geDTeEMq,black,,kingside,False,,28,French Defense
VL5zVy9z,black,,,False,,40,Reti Opening
qQI9ry1Q,white,kingside,,False,,45,Irregular Openings
RyonaIO1,white,,,False,,52,Irregular Openings
bI4WL2VB,black,,kingside,False,,35,English Opening
HSlGNbA3,white,kingside,,False,,103,Queen's Pawn Game
V3Dq6Df1,black,,kingside,False,,107,Queen's Pawn
BwYy4RuU,white,kingside,,False,,81,Irregular Openings
TRIQQwBd,black,,kingside,True,5,140,French Defense
wxjrL0d9,black,,,False,,156,French Defense
nQ3qUIE1,black,,kingside,False,,25,French Defense
10J9ey5m,black,,,False,,73,Irregular Openings
gVuV7cEj,white,queenside,,False,,50,Queen's Pawn Game
SMu1TceC,white,,,False,,43,Irregular Openings
A1EEfBiu,white,kingside,,False,,36,Queen's Pawn Game
Eb7aSQpp,black,,,False,,53,Irregular Openings
bVVsI6II,white,kingside,,False,,46,Irregular Openings
BUR6DRLq,white,,,False,,43,Queen's Pawn Game
mdbgEBQi,black,,,False,,78,French Defense
a0fi4mll,white,kingside,,False,,103,Irregular Openings
rvQIOmD9,white,,,False,,43,Irregular Openings
MhOr6ZN1,white,kingside,,False,,117,Irregular Openings
p8MVGEkP,black,,,False,,109,Irregular Openings
dnMbEVfT,black,,kingside,False,,80,Irregular Openings
WI9ftZ4v,black,,,False,,80,French Defense
mvhCAkiC,black,,,False,,36,French Defense
5csBRFHZ,black,,,False,,145,Irregular Openings
USyh78V8,white,kingside,,False,,66,Queen's Pawn Game
jUHuTPbY,black,,,False,,34,Irregular Openings
u6JzL4Hf,white,kingside,,False,,88,Irregular Openings
XFKHy7wZ,black,,,False,,34,French Defense
6hanOvq1,black,,,False,,80,French Defense
7eLtQm8G,black,,,False,,2,Queen's Pawn
H0wb6tQz,white,,,False,,52,Queen's Pawn
RQzcvdZs,white,kingside,,False,,55,Queen's Pawn Game
Q3P9dbYr,black,,,False,,53,Irregular Openings
3iKXV9mj,black,,kingside,False,,76,Queen's Pawn
GAL6s2Xo,black,,,False,,70,English Opening
3Unq5JgL,white,kingside,,False,,80,Queen's Pawn
uTaXwvMT,white,kingside,,False,,65,Irregular Openings
VjHZdxPC,black,,queenside,False,,37,Queen's Pawn
K9041ZJA,black,,,False,,77,Irregular Openings
5ixTZOjC,white,,,False,,20,Queen's Pawn Game
yrRA1psv,white,,,False,,48,Queen's Pawn
KQp71nQe,black,,kingside,True,6,55,French Defense
kErtPHIY,black,,,False,,11,French Defense
pzOOy8Qg,white,kingside,,False,,127,Irregular Openings
yGmoIuYP,black,,kingside,False,,55,Slav Defense
X9v5Igqz,black,,kingside,False,,67,Slav Defense
fl7Pjk7E,black,,kingside,False,,55,Slav Defense
2BOKUXD5,black,,kingside,False,,93,Slav Defense
seIRQXSy,white,kingside,,False,,137,Irregular Openings
1THI5A4v,white,kingside,,False,,63,Irregular Openings
ltuQZ231,black,,,False,,56,French Defense
K01ZFfiU,black,,kingside,False,,124,English Opening
trsuXut8,black,,kingside,False,,71,Slav Defense
azfLCNZg,white,kingside,,False,,143,Irregular Openings
IQwdV7HC,white,kingside,,False,,84,Queen's Pawn Game
FzsaEGvY,black,,kingside,False,,86,English Opening
hWNYb8ek,black,,kingside,False,,95,Slav Defense
q4AClc4D,black,,kingside,False,,118,Slav Defense
3gWqlLCo,white,kingside,,False,,137,Irregular Openings
k7qxpOq2,white,kingside,,False,,65,Irregular Openings
QXUuWTiE,black,,kingside,False,,65,Uncommon King Pawn
kUl7jDEE,black,,kingside,False,,67,Slav Defense
7zUGGdsz,black,,kingside,False,,67,Slav Defense
5pHfCw0C,white,kingside,,False,,131,Irregular Openings
4CSNyFlB,black,,kingside,False,,110,Irregular Openings
FGHTl3pv,white,kingside,,False,,131,Irregular Openings
uM128zsR,white,kingside,,False,,131,Irregular Openings
0OLlvTyt,white,kingside,,False,,143,Irregular Openings
xOTefV5I,black,,,False,,101,French Defense
GtB8zUnS,black,,kingside,False,,84,Slav Defense
NRySnG2u,black,,,False,,50,French Defense
9fuP3ZAn,white,,,False,,133,Queen's Pawn Game
z1gwachj,white,kingside,,False,,65,Irregular Openings
tNQaP894,white,kingside,,False,,156,Irregular Openings
SbpEOv3i,black,,,False,,139,Irregular Openings
yJwxG3UM,black,,kingside,False,,52,Irregular Openings
Cqi9DFW0,black,,kingside,False,,108,English Opening
LMGC57HV,white,,,False,,118,Irregular Openings
R6TZUr6D,white,kingside,,False,,87,Irregular Openings
92lKVmFr,white,queenside,,False,,66,Irregular Openings
XMziZu95,white,kingside,,False,,63,Irregular Openings
g91mIxcJ,white,queenside,,False,,86,Irregular Openings
1NN20sCz,black,,,False,,79,Irregular Openings
X6PsHHBD,white,kingside,,False,,63,Irregular Openings
yWsKs2Cp,white,kingside,,False,,75,Irregular Openings
xiBCZBan,white,kingside,,False,,53,Irregular Openings
oC3L3Y8e,black,,,False,,36,French Defense
uQBuMCjc,white,kingside,,False,,152,Irregular Openings
z2qnpMsy,white,kingside,,False,,132,Irregular Openings
bnN1osoF,white,kingside,,False,,137,Irregular Openings
2yrZaMFQ,black,,,False,,87,Irregular Openings
YGBmXl3A,black,,,False,,99,Irregular Openings
QzccU5xk,black,,,False,,41,Irregular Openings
8IX4CMqg,white,,,False,,31,Queen's Pawn
afWiugKr,black,,,False,,149,Irregular Openings
HTmYoqPa,white,kingside,,False,,131,Irregular Openings
cnDoMzmB,white,kingside,,False,,56,Irregular Openings
QA6WyaSO,black,,,False,,95,Irregular Openings
v1D1VMC4,black,,kingside,False,,59,Slav Defense
Kf1HkzDo,black,,,False,,40,Irregular Openings
g0dBl9C3,white,kingside,,False,,143,Irregular Openings
0iOORwMW,white,kingside,,False,,70,Irregular Openings
OBfANifu,white,kingside,,False,,98,Irregular Openings
ADXLjpha,white,kingside,,False,,137,Irregular Openings
JdufhfFJ,black,,,False,,103,Irregular Openings
sJUqfgJO,white,kingside,,False,,127,Irregular Openings
KzHjUjSW,black,,,False,,100,Irregular Openings
0M3LIDdQ,black,,kingside,False,,66,English Opening
Oe6D5x3a,white,kingside,,False,,146,Irregular Openings
wHKXKb06,white,,,False,,2,Irregular Openings
0lFdav9S,black,,,False,,9,French Defense
mXL65hkq,black,,,False,,42,Irregular Openings
3NEQYq3j,white,kingside,,False,,86,Irregular Openings
zoaGJMWi,black,,,False,,86,Irregular Openings
eConIEmR,white,queenside,,False,,108,Irregular Openings
v11yp2pn,black,,kingside,False,,63,English Opening
0pQ5fetd,black,,kingside,False,,90,English Opening
9Pd7WB9A,black,,,False,,157,Irregular Openings
7Sv0rs9p,white,kingside,,False,,136,Irregular Openings
VmS9mEvg,black,,kingside,False,,111,English Opening
pxLjcIeP,white,queenside,,False,,102,Irregular Openings
V8nXx2G7,black,,kingside,False,,90,English Opening
T2DMrHcn,white,kingside,,False,,53,Irregular Openings
0qba0e0F,black,,,False,,66,Irregular Openings
pXoaIh3f,black,,kingside,False,,48,Irregular Openings
Ck78eKZc,white,,,False,,35,Irregular Openings
Y0b6QUwi,white,kingside,,False,,69,Irregular Openings
c4bG8pbU,black,,kingside,False,,89,French Defense
tT2XAQPb,white,kingside,,False,,180,Irregular Openings
Ash47woU,black,,kingside,False,,82,Slav Defense
n6g0BdcR,black,,kingside,False,,76,Irregular Openings
aOto6FIf,white,kingside,,False,,63,Irregular Openings
c3eN668E,white,kingside,,False,,82,Irregular Openings
2Ku9AEVZ,white,kingside,,False,,142,Irregular Openings
xM9iMHFn,black,,kingside,False,,138,Irregular Openings
4zb0gzDu,white,kingside,,False,,104,Irregular Openings
Atp1Z32c,black,,kingside,False,,54,French Defense
13nMUFO2,white,kingside,,False,,63,Irregular Openings
a5HwJ9ds,white,,,False,,6,Queen's Pawn Game
VQYr8chE,black,,,False,,26,Reti Opening
np9fJpIN,black,,,False,,43,Irregular Openings
cnkrzdpx,white,kingside,,False,,48,Irregular Openings
aJ4ILEvW,black,,,False,,21,Irregular Openings
WJ8fPciw,white,kingside,,False,,66,Irregular Openings
7KLCgCSA,white,kingside,,False,,95,Irregular Openings
baByBPCo,white,kingside,,False,,89,Irregular Openings
bQdybgB6,black,,,False,,72,Irregular Openings
KAMirJhF,white,kingside,,False,,143,Irregular Openings
ZHjUjjyG,black,,queenside,False,,65,French Defense
leyt9AOb,black,,,False,,75,Irregular Openings
KfW8kdaB,black,,queenside,False,,92,French Defense
msokHRRz,black,,,False,,63,Irregular Openings
A7meUDWa,white,kingside,,False,,60,Irregular Openings
h7FeJHNm,black,,kingside,False,,82,French Defense
FR9MXHOd,black,,,False,,56,French Defense
TWTwXeG4,white,kingside,,False,,53,Irregular Openings
hfu0xadm,white,kingside,,False,,93,Queen's Pawn Game
Rqw1IbIf,black,,,False,,42,French Defense
zop43K0x,black,,queenside,False,,121,English Opening
hJJjlfIa,black,,,False,,77,Irregular Openings
rrsodFmF,black,,,False,,59,French Defense
SyfeXPFX,white,kingside,,False,,113,Irregular Openings
4tdst7im,white,kingside,,False,,61,Irregular Openings
ZLb7ac3N,white,kingside,,False,,107,Irregular Openings
PgmThBVl,white,kingside,,False,,54,Queen's Pawn Game
Rlmq7Fs8,white,kingside,,False,,67,Irregular Openings
g1Svv55O,white,kingside,,False,,95,Irregular Openings
gNOCLav1,white,,,False,,63,Queen's Pawn Game
F4nTT1iK,white,,,False,,37,Irregular Openings
d7JLWkuQ,white,kingside,,False,,114,Irregular Openings
WwxCF9zy,white,kingside,,False,,114,Queen's Pawn
tnPxJxe3,black,,kingside,False,,110,French Defense
ogEJEuW5,black,,,False,,60,Irregular Openings
MHfBiUQq,white,queenside,,False,,90,Irregular Openings
J1z85Vuj,white,kingside,,False,,127,Irregular Openings
8pucBAC2,white,queenside,,False,,99,Irregular Openings
rP1NxNWu,white,queenside,,False,,85,Queen's Pawn Game
1EcN4Nsf,black,,,False,,75,Irregular Openings
JAYj7ZAP,white,kingside,,False,,76,Irregular Openings
TynPzm2J,black,,,False,,183,Irregular Openings
dUrb0U8x,white,queenside,,False,,85,Irregular Openings
O2neS1Ct,white,,,False,,94,Irregular Openings
OyNwtS2A,black,,,False,,129,Irregular Openings
4icJYRlj,black,,,False,,204,Irregular Openings
FTQNtM91,black,,kingside,True,8,208,French Defense
YC2W9MBT,black,,,False,,86,Irregular Openings
uQj6g8oJ,black,,,False,,26,Irregular Openings
jEYR9TJD,white,queenside,,False,,121,Irregular Openings
Okk5o5v8,white,,,False,,49,Queen's Pawn Game
qQTW98yM,white,queenside,,False,,185,Irregular Openings
4uIMcuxS,black,,,False,,66,Irregular Openings
7p06fVT9,white,queenside,,False,,76,Irregular Openings
ci0MZABW,black,,kingside,False,,111,Irregular Openings
uCAHdRp5,black,,,False,,136,Irregular Openings
w4b5ca0t,white,kingside,,False,,69,French Defense
xNIRLMIV,white,queenside,,False,,79,Trompowsky Attack
HciYPcZl,black,,,False,,36,Irregular Openings
S5lHSUAK,white,kingside,,False,,131,Irregular Openings
UttqxbR1,black,,,False,,5,French Defense
tWxE1bVZ,black,,,False,,30,Irregular Openings
fSLnP1xb,black,,,False,,90,French Defense
MBeXEC9I,black,,,False,,145,Irregular Openings
Bfj1SjCa,black,,,False,,211,Irregular Openings
EJRGVfy6,black,,kingside,True,12,124,French Defense
WgHkFrz3,black,,,False,,19,French Defense
eVyQq5VN,white,queenside,,False,,89,Queen's Pawn Game
OynzpsXL,black,,,False,,159,Irregular Openings
mORLjBTr,black,,,False,,249,Irregular Openings
n9Kv68yX,black,,,False,,177,Irregular Openings
0UnOmPEL,black,,,False,,92,Irregular Openings
KbsfauK0,white,kingside,,False,,115,Irregular Openings
iZd44dzo,white,queenside,,False,,49,Queen's Pawn Game
3ug0oSKD,black,,,False,,152,Irregular Openings
9cdbzXKm,white,queenside,,False,,173,Irregular Openings
hQkq9tIE,black,,kingside,True,15,260,French Defense
oLkI48FQ,white,,,False,,39,Queen's Pawn Game
ZRMGM4nv,black,,,False,,28,Irregular Openings
j2QxeOZb,black,,kingside,False,,45,Ruy Lopez
DH7iQ6JG,black,,,False,,166,Irregular Openings
nhD9kyS7,black,,kingside,False,,60,Uncommon King Pawn
Nwhed8aT,black,,,False,,92,Irregular Openings
6La7hyK6,black,kingside,kingside,True,23,177,Uncommon King Pawn
zdWJ8w9I,black,,,False,,112,Irregular Openings
wvILrPWp,black,,kingside,False,,31,King's Pawn Game
nKfrjCbI,white,,,False,,155,Irregular Openings
MuXCCpV5,black,kingside,kingside,True,12,246,French Defense
aQZLjeNW,black,,queenside,False,,48,Uncommon King Pawn
1hl0Hqa5,black,,kingside,False,,49,Indian Defenses
oTSVEYJH,black,,,False,,131,Irregular Openings
hX3mVIRb,white,,,False,,117,Reti Opening
aFTNSRhB,white,,,False,,123,Reti Opening
QuNkp5Yu,black,,,False,,124,Irregular Openings
GOLGtaFo,white,,,False,,54,Reti Opening
RQfDPRkL,white,,,False,,149,Reti Opening
LJbfxc9X,black,,kingside,False,,202,Irregular Openings
dWZwAZmH,black,,,False,,114,Irregular Openings
3QUgK7Es,black,,,False,,171,Irregular Openings
FSjpTJIk,white,,,False,,79,Trompowsky Attack
nVswt2g2,white,kingside,kingside,True,12,156,Irregular Openings
txIyo9VO,black,,kingside,False,,221,Uncommon King Pawn
NhKzB5wT,black,,,False,,163,Irregular Openings
aFJukuWL,black,,,False,,87,Irregular Openings
i3HefGnF,black,,kingside,True,10,111,Uncommon King Pawn
4wCMPDc4,black,,kingside,False,,148,Irregular Openings
1LElZHa4,black,,kingside,False,,165,Uncommon King Pawn
eVyiOnyq,black,,,False,,133,Irregular Openings
cr9xMbzM,black,,,False,,132,Irregular Openings
VimqoLcK,black,,queenside,False,,50,Uncommon King Pawn
NDLXoV5D,white,,,False,,73,Uncommon King Pawn
7KEM1KaD,white,,,False,,71,Irregular Openings
HCta5p6L,black,,kingside,False,,53,Indian Defenses
aSHPTE9r,black,,,False,,15,Uncommon King Pawn
fqUWHZpr,white,,,False,,37,Reti Opening
8QQce0es,black,,kingside,False,,71,Italian Game
DK4Gm9SV,black,,kingside,False,,80,Irregular Openings
LctK5cH7,black,,kingside,False,,108,Queen's Pawn Game
4ZzIc3g6,black,,queenside,False,,96,French Defense
Dr8YNoQk,white,kingside,,False,,32,King's Indian Defense
p4NdyCU9,white,queenside,,False,,75,Queen's Pawn Game
ya0vwSVH,black,,kingside,False,,60,English Opening
YhUV93wD,white,queenside,,False,,78,Queen's Pawn
hMsmZf7C,black,,kingside,False,,101,Irregular Openings
KUpvJePR,white,,,False,,63,Indian Defenses
YWHqYWzX,black,,kingside,False,,148,King's Pawn Game
1zr2xhOQ,black,,queenside,False,,107,Uncommon King Pawn
cZgafKxF,black,,,False,,97,Irregular Openings
4vKExLOT,black,,,False,,51,Irregular Openings
XK31UhAX,black,,,False,,76,French Defense
BOyZtOoi,white,,,False,,18,Queen's Pawn
G94ifklJ,black,,,False,,77,French Defense
efKYyrXm,white,,,False,,28,Queen's Pawn
vHNus4hH,black,,kingside,False,,80,Irregular Openings
uPrzVy6Z,black,,,False,,89,Irregular Openings
os3wjhQa,black,,kingside,False,,72,Irregular Openings
fHF5OI6U,black,,,False,,41,Queen's Gambit
0Pb6YPfL,white,,,False,,43,King's Indian Defense
baAyIS6Y,white,queenside,,False,,41,Queen's Pawn
8yPCaHnj,black,,kingside,False,,42,King's Indian Defense
3ImELKd3,black,,,False,,59,King's Indian Defense
8nBKQr8q,white,,,False,,25,Queen's Pawn
MqLUGPZz,black,,,False,,54,French Defense
m8Cmkw8O,black,,kingside,False,,76,King's Indian Defense
dKj3O18R,white,,,False,,155,Trompowsky Attack
q6U1Adms,black,,queenside,False,,61,Queen's Pawn Game
A7P13veK,white,kingside,kingside,False,,80,Queen's Gambit
HmEIefP6,black,,,False,,112,English Opening
2Xo7vWey,black,,queenside,False,,87,English Opening
ccsohQWe,black,,,False,,80,French Defense
JLBzfCOt,white,,,False,,77,Indian Defenses
fEv61aoZ,black,,kingside,False,,74,English Opening
qAg5oeqP,white,,,False,,36,Queen's Pawn Game
AblTgyHm,black,,,False,,50,French Defense
ZlhqKhvF,black,,,False,,80,Queen's Pawn Game
LGxYeFQq,black,,queenside,False,,81,King's Indian Defense
16ha2Vaw,white,,,False,,34,Queen's Pawn
BTJosXlB,black,,queenside,False,,242,Irregular Openings
vQtBywLn,black,,queenside,False,,109,Trompowsky Attack
dvIfWOTU,white,,,False,,26,Indian Defenses
YrDgy067,black,,queenside,False,,101,French Defense
dzgQUtZT,black,,kingside,False,,106,French Defense
DIftKPPv,black,,kingside,False,,75,King's Pawn Game
fMjkJklL,black,,kingside,False,,39,French Defense
HaP07jS4,black,,,False,,81,Irregular Openings
5PdUm7s9,white,,,False,,84,Queen's Pawn Game
wdl6VAJE,black,,,False,,76,French Defense
2CRStGim,black,,kingside,False,,72,Irregular Openings
QJ9clHBa,white,kingside,,False,,105,Queen's Gambit
cMzk93JL,black,,kingside,False,,55,King's Indian Defense
eBjegm3j,black,,kingside,False,,61,Irregular Openings
6Xb06fba,black,,,False,,42,French Defense
f2RoxXxW,white,queenside,,False,,96,Indian Defenses
Ag3LqxB4,white,kingside,,False,,110,Queen's Pawn
YPzb1aGy,white,kingside,,False,,103,Queen's Pawn
LLdNv7I4,white,kingside,,False,,93,Queen's Pawn
L1F2uPAX,black,,,False,,93,Irregular Openings
X6bBdfrL,white,,,False,,53,Queen's Gambit
XN6kRwUr,black,,,False,,39,Reti Opening
tOz8LxDI,white,,,False,,81,Queen's Gambit
ySGmApwq,white,,,False,,67,Queen's Pawn
7pFKB0hV,black,,kingside,False,,107,French Defense
xhdwiEEc,white,,,False,,39,Queen's Pawn
0Y9wg9zD,white,,,False,,61,Queen's Gambit
b3F1AhT3,white,,,False,,46,Nimzo-Indian Defense
R0zDRa33,black,,kingside,False,,56,French Defense
ShIoa884,white,,,False,,74,Queen's Pawn Game
MxavAKDW,white,,,False,,63,Queen's Pawn
1oO8VJkA,black,,kingside,False,,55,French Defense
qtGWOlGg,white,,,False,,35,Slav Defense
jhzDKVvk,white,,,False,,15,Queen's Pawn
7Usf0YtI,black,,kingside,False,,100,Irregular Openings
RKZBTOAU,black,,,False,,35,Irregular Openings
M2xRGcyK,white,,,False,,46,Queen's Pawn
wiHp4S2k,black,,kingside,False,,123,Irregular Openings
UCRLHURT,white,,,False,,44,Queen's Gambit
GhK7XA8R,black,,queenside,False,,68,King's Indian Defense
E0Xn08Rx,black,,kingside,False,,46,Queen's Gambit
JS9DAP9X,black,,,False,,144,Trompowsky Attack
etV2yoPf,black,,queenside,False,,91,French Defense
jBmQ5t7U,black,,queenside,False,,34,Queen's Pawn Game
gqyMOSXU,white,,,False,,72,Queen's Gambit
NaFqZ8NR,white,queenside,,False,,77,Queen's Pawn
4Euxt1yK,black,,kingside,False,,47,Queen's Gambit
QjzAOGuw,black,,kingside,False,,57,Irregular Openings
YLaoqATs,white,kingside,kingside,False,,68,Queen's Gambit
Kvbiyu4U,black,,,False,,103,Irregular Openings
KagDyJTR,white,,kingside,False,,95,Queen's Gambit
Y6DqFee2,black,,,False,,85,Irregular Openings
M5gvp6uc,black,,kingside,False,,82,English Opening
TduIJ4AF,black,,,False,,49,Irregular Openings
CjP6XUzq,white,,,False,,128,Queen's Pawn
uC0jyZdD,white,,,False,,65,Slav Defense
7AD5MzvT,black,,,False,,88,Uncommon King Pawn
NZDojabm,white,,,False,,54,Indian Defenses
LPPwOWlG,white,,,False,,57,Queen's Pawn
YyKmvf5k,black,,,False,,80,French Defense
2f7sKDQh,white,queenside,,False,,61,Queen's Gambit
mEwpWqdQ,black,,,False,,56,Uncommon King Pawn
JnLtBPEI,black,,,False,,23,French Defense
vdxbWJdk,white,,,False,,28,Queen's Pawn
IbafROYD,white,,,False,,73,Queen's Gambit
F7PETRaL,black,,kingside,False,,141,Trompowsky Attack
wdcDk8DF,black,,,False,,42,Reti Opening
web2imzr,white,,,False,,29,Queen's Pawn
k8QNlq1k,white,,,False,,29,Queen's Pawn
eBJnBvJe,white,,,False,,62,Queen's Gambit
CsDUu7jr,white,,,False,,89,Queen's Gambit
imicYJ0C,white,,,False,,84,Queen's Gambit
pPUlcjru,white,kingside,,False,,61,Slav Defense
DO1D4DKi,white,kingside,,False,,29,Trompowsky Attack
vXBKz3rW,white,queenside,,False,,89,Queen's Pawn
TYcDEoXH,black,,,False,,43,Irregular Openings
iQ2ny6tZ,white,kingside,,False,,65,Queen's Pawn
WaQvBCMW,white,,,False,,28,Queen's Pawn
K29KUnqi,black,,queenside,False,,50,Uncommon King Pawn
IYC5HZa0,black,,queenside,False,,60,French Defense
BcAzG0Z0,white,kingside,,False,,60,Queen's Pawn
5pOphB5u,white,,,False,,35,Queen's Pawn
UWZ95rPE,black,,,False,,78,French Defense
Ra4Tgthg,black,,kingside,False,,73,King's Indian Defense
B6b3eOdo,black,,kingside,False,,36,French Defense
VMEaiCSx,white,,,False,,49,Queen's Gambit
0yWCzBJo,black,,kingside,False,,103,Uncommon King Pawn
bplkApaB,white,,,False,,31,Queen's Pawn
yGKiGpce,white,kingside,,False,,62,Queen's Pawn
oRR5aStA,black,,,False,,45,Irregular Openings
EqWpB58h,black,,kingside,False,,53,Irregular Openings
8Lxn8lkA,white,kingside,,False,,141,Indian Defenses
sgWvuBet,white,,,False,,217,Indian Defenses
JR5guI1k,white,,,False,,49,Queen's Pawn
5QX3INRw,white,,,False,,53,Queen's Pawn
GNiRPYmc,black,,,False,,86,Trompowsky Attack
7NYWgFwX,black,,,False,,21,Trompowsky Attack
v9hklr7f,black,,,False,,62,Trompowsky Attack
oyLjBuZk,black,,kingside,False,,77,French Defense
BdRiyNja,white,,,False,,59,Queen's Pawn
txeGbgvc,black,,,False,,29,French Defense
YAkC4FyN,white,,,False,,86,Queen's Pawn Game
qM9vPB7C,black,,kingside,False,,74,King's Indian Defense
5uU3yseC,white,,,False,,48,Queen's Gambit
EKQVz3G5,white,queenside,,False,,43,Dutch Defense
ZpfFcXRH,white,kingside,,False,,105,Slav Defense
T0lNhQaU,black,,,False,,119,Irregular Openings
c61zeXG2,black,,kingside,False,,102,Irregular Openings
fOdaPwCw,white,queenside,,False,,129,Queen's Pawn
WMEq7co0,white,,,False,,121,Slav Defense
SeyrYn1t,white,,,False,,127,Queen's Gambit
zHY4xj3C,black,,kingside,False,,59,English Opening
hFRKPOY3,black,,kingside,False,,48,Queen's Pawn Game
eVZi19hZ,black,,kingside,False,,104,Queen's Pawn Game
YLEshH4k,black,,kingside,False,,113,Uncommon King Pawn
BxTNNrs7,black,,,False,,110,Trompowsky Attack
fhoeJ4of,black,,queenside,True,8,343,Queen's Pawn Game
S3omjgsa,black,,,False,,72,King's Indian Defense
bBWpw6Ur,white,,,False,,76,Queen's Gambit
FrvwEzhh,white,queenside,,False,,72,Nimzo-Indian Defense
a0Z0S61W,white,queenside,,False,,73,Queen's Pawn
gk8gOhvS,white,kingside,,False,,103,King's Indian Defense
blycPS1w,white,kingside,,False,,63,English Opening
B9vBQUQg,black,,kingside,False,,78,Irregular Openings
Y6uoJKw9,black,,,False,,107,Irregular Openings
dvQxxdPs,black,,kingside,False,,60,English Opening
XNOv91JB,white,,,False,,33,Queen's Pawn
4tmaMbfF,white,kingside,,False,,103,Queen's Pawn Game
1Nj58rnV,black,,queenside,False,,99,Trompowsky Attack
Rz9vCl0D,white,,,False,,118,English Opening
lObJEZGY,white,,,False,,77,English Opening
yUE12CRm,white,kingside,,False,,73,Queen's Pawn
NZdtNsn8,white,,,False,,109,Indian Defenses
vjBaZfGV,white,,,False,,22,Indian Defenses
uD2p5hU5,white,,,False,,73,Indian Defenses
WxBy6M25,white,,,False,,97,Queen's Pawn
ybsU6fVt,black,,,False,,102,Trompowsky Attack
urD3Etdc,white,,,False,,15,Queen's Pawn
qAksLpFy,black,,queenside,False,,58,French Defense
yjzZ8tfL,black,,,False,,64,French Defense
l3RYMKU6,black,,kingside,False,,100,French Defense
Zz0MyTsA,black,,,False,,40,Reti Opening
Apyr4WqZ,black,,queenside,False,,64,Irregular Openings
bTnCRTDa,black,,,False,,75,Trompowsky Attack
DK4Gm9SV,black,,kingside,False,,80,Irregular Openings
LctK5cH7,black,,kingside,False,,108,Queen's Pawn Game
p4NdyCU9,white,queenside,,False,,75,Queen's Pawn Game
ya0vwSVH,black,,kingside,False,,60,English Opening
YhUV93wD,white,queenside,,False,,78,Queen's Pawn
KUpvJePR,white,,,False,,63,Indian Defenses
YWHqYWzX,black,,kingside,False,,148,King's Pawn Game
1zr2xhOQ,black,,queenside,False,,107,Uncommon King Pawn
4vKExLOT,black,,,False,,51,Irregular Openings
XK31UhAX,black,,,False,,76,French Defense
BOyZtOoi,white,,,False,,18,Queen's Pawn
G94ifklJ,black,,,False,,77,French Defense
efKYyrXm,white,,,False,,28,Queen's Pawn
vHNus4hH,black,,kingside,False,,80,Irregular Openings
uPrzVy6Z,black,,,False,,89,Irregular Openings
os3wjhQa,black,,kingside,False,,72,Irregular Openings
fHF5OI6U,black,,,False,,41,Queen's Gambit
0Pb6YPfL,white,,,False,,43,King's Indian Defense
8yPCaHnj,black,,kingside,False,,42,King's Indian Defense
3ImELKd3,black,,,False,,59,King's Indian Defense
8nBKQr8q,white,,,False,,25,Queen's Pawn
MqLUGPZz,black,,,False,,54,French Defense
m8Cmkw8O,black,,kingside,False,,76,King's Indian Defense
dKj3O18R,white,,,False,,155,Trompowsky Attack
q6U1Adms,black,,queenside,False,,61,Queen's Pawn Game
A7P13veK,white,kingside,kingside,False,,80,Queen's Gambit
HmEIefP6,black,,,False,,112,English Opening
2Xo7vWey,black,,queenside,False,,87,English Opening
ccsohQWe,black,,,False,,80,French Defense
JLBzfCOt,white,,,False,,77,Indian Defenses
fEv61aoZ,black,,kingside,False,,74,English Opening
qAg5oeqP,white,,,False,,36,Queen's Pawn Game
AblTgyHm,black,,,False,,50,French Defense
ZlhqKhvF,black,,,False,,80,Queen's Pawn Game
LGxYeFQq,black,,queenside,False,,81,King's Indian Defense
BTJosXlB,black,,queenside,False,,242,Irregular Openings
vQtBywLn,black,,queenside,False,,109,Trompowsky Attack
EKQVz3G5,white,queenside,,False,,22,Dutch Defense
ZpfFcXRH,white,kingside,,False,,53,Slav Defense
T0lNhQaU,black,,,False,,60,Irregular Openings
c61zeXG2,black,,kingside,False,,52,Irregular Openings
fOdaPwCw,white,queenside,,False,,65,Queen's Pawn
WMEq7co0,white,,,False,,61,Slav Defense
SeyrYn1t,white,,,False,,64,Queen's Gambit
zHY4xj3C,black,,kingside,False,,30,English Opening
hFRKPOY3,black,,kingside,False,,24,Queen's Pawn Game
eVZi19hZ,black,,kingside,False,,52,Queen's Pawn Game
MLpHvgTP,white,,,False,,58,Queen's Pawn
AfA8hfFL,black,,queenside,False,,48,Reti Opening
LsxyYDVd,black,,,False,,78,Queen's Gambit
qyViMIwm,black,,kingside,False,,147,Uncommon King Pawn
MDWLasMI,black,,kingside,False,,60,English Opening
3LqP4I2w,black,,kingside,False,,60,English Opening
xfQCsaE5,white,,,False,,80,Slav Defense
MSuVIdp0,white,,,False,,21,Queen's Gambit
GgAvWGln,white,queenside,,False,,78,Queen's Pawn
n5VcqrDc,white,queenside,,False,,78,Queen's Pawn
lgbvds8C,black,,queenside,False,,40,French Defense
NCF4h9oB,white,,,False,,81,Queen's Gambit
fis3wyUq,black,,,False,,52,French Defense
w2Y3hhLK,black,,kingside,False,,55,King's Indian Defense
VNeYR82y,white,,,False,,95,Trompowsky Attack
3vhLzXJt,black,,kingside,False,,47,Irregular Openings
anuDqPkE,white,kingside,,False,,100,King's Indian Defense
tEPqhjHu,white,queenside,,False,,78,Queen's Pawn
PeQsw1mn,white,,,False,,110,Indian Defenses
VEV41Zji,black,,,False,,96,King's Indian Defense
iZ8IROgw,black,,,False,,87,French Defense
SLOAXQrY,white,,,False,,84,Slav Defense
wYyFU7nG,black,,kingside,False,,98,Queen's Pawn Game
DsLIDggJ,white,,,False,,112,Indian Defenses
0rMIMxPJ,white,queenside,,False,,51,Nimzo-Indian Defense
o6i6j5HL,white,,,False,,53,Queen's Pawn
CqYbRXAP,white,,,False,,58,Indian Defenses
36je0GRE,black,,,False,,101,Trompowsky Attack
vR2cOXia,white,kingside,,False,,70,Queen's Gambit
oXVoYFK8,white,,,False,,116,Queen's Gambit
ij6PcO9V,white,kingside,,False,,117,Queen's Pawn
40oMo0Pe,black,,kingside,False,,80,Queen's Gambit
UR3480Fx,white,queenside,,False,,42,Dutch Defense
Ohd38622,black,,,False,,88,French Defense
5DBtj02W,black,,queenside,False,,72,Queen's Pawn Game
lO8HjTKE,black,,queenside,False,,48,English Opening
lX4i0hjF,black,,queenside,False,,87,Irregular Openings
muYvgM8G,white,,,False,,69,Reti Opening
aiBNxRwX,white,queenside,,False,,49,Queen's Pawn
k2nG8Zrc,white,kingside,,False,,85,Queen's Pawn
OVtLd99H,black,,kingside,False,,48,French Defense
quNCpU4z,black,,,False,,60,French Defense
tIiCwkKb,black,,,False,,86,King's Indian Defense
JfWB0UlY,black,,kingside,False,,57,Queen's Pawn Game
RgKhs4jH,black,,,False,,79,Uncommon King Pawn
xXKccdH7,black,,,False,,73,English Opening
6hbDToF9,white,queenside,,False,,48,Queen's Gambit
jR5fcZZR,white,kingside,,False,,89,Queen's Gambit
WL3FsYOx,white,,,False,,73,Slav Defense
DAUKSUeu,black,,,False,,55,French Defense
Siu9jBeb,black,,,False,,66,Queen's Gambit
aOQfbh8V,white,queenside,,False,,79,Reti Opening
u3n9t6D1,white,,,False,,51,Indian Defenses
CP31aJrw,white,queenside,,False,,77,Trompowsky Attack
Uv1A16uC,black,,,False,,104,Irregular Openings
GZNj3P1J,white,,,False,,40,Queen's Gambit
CGCVuK09,white,kingside,,False,,67,Queen's Pawn
ADNWe7Ua,black,,queenside,False,,98,Trompowsky Attack
XDrfLJJL,black,,kingside,False,,94,French Defense
6plVC0V2,white,,,False,,146,Indian Defenses
YKPA6ma3,white,kingside,,False,,101,King's Indian Defense
QhzpVu3t,white,,,False,,55,Queen's Pawn
MwT6Bv3V,white,queenside,,False,,89,Trompowsky Attack
HhDZlmbU,black,,,False,,4,French Defense
3oEWK9HP,black,,kingside,False,,58,French Defense
EJQA8TIY,black,,,False,,58,King's Indian Defense
5Bn41nug,white,,,False,,63,Slav Defense
2APVt6aT,black,,queenside,True,16,104,King's Indian Defense
UlKO1RAO,white,kingside,,False,,71,Trompowsky Attack
w3ImCIpi,black,,,False,,65,Trompowsky Attack
zt38qvo7,black,,kingside,False,,75,Irregular Openings
1wNzw7dn,black,,kingside,False,,118,French Defense
Yg1cTEah,black,,,False,,125,English Opening
HHCatQwF,white,,,False,,89,Queen's Pawn
OdfcuQ7q,white,kingside,,False,,125,Queen's Pawn
B3DTGWJG,white,,,False,,102,Queen's Pawn
iA9lcj7H,white,kingside,,False,,140,King's Indian Defense
UqirDtB9,white,,,False,,109,Queen's Pawn
ZxdCQyYn,black,,kingside,False,,60,English Opening
Gq29tLMy,black,,queenside,False,,117,Irregular Openings
gwQ86t0x,black,,,False,,69,Irregular Openings
ezjr1zNO,black,,,False,,93,Irregular Openings
HGX7OxBa,black,,,False,,113,Irregular Openings
fvugNEBY,white,,,False,,104,Queen's Pawn
SSVuJ3hg,black,,,False,,95,Irregular Openings
BzuWWK7R,black,,,False,,104,Irregular Openings
OCiiI5rl,white,queenside,,False,,146,Queen's Pawn
VKmes0V4,black,,,False,,75,Irregular Openings
bfO1Kcab,white,kingside,,False,,57,Slav Defense
Tl1K9YFt,black,,,False,,134,French Defense
5omXOYvy,black,,,False,,133,Irregular Openings
YV8LfVyR,white,kingside,kingside,True,10,366,Queen's Pawn
kINCEyMx,black,,kingside,False,,108,Trompowsky Attack
N3WZ9StB,white,queenside,,False,,73,Queen's Pawn
lR2DtoBH,white,,,False,,125,Queen's Pawn
qqnQi27I,black,,queenside,False,,95,Trompowsky Attack
xMwSj8Zf,black,,kingside,False,,36,French Defense
Tjz2dfwV,black,,,False,,80,Irregular Openings
tpLZPaiR,black,,,False,,75,Irregular Openings
4KiqR9tw,white,,,False,,85,Queen's Pawn
J5PYkvpK,black,,kingside,False,,122,Irregular Openings
e2qQdVBF,black,,,False,,77,Irregular Openings
qK40IYv8,black,,,False,,76,French Defense
MxWx8IaZ,black,,,False,,112,Irregular Openings
VjW2qoxH,white,kingside,,False,,28,Queen's Pawn
ePaZoOHH,black,,,False,,71,Irregular Openings
5xBqFeV4,white,,,False,,74,Queen's Pawn
sYknLa8a,white,queenside,,False,,44,Dutch Defense
rA9lr8kQ,black,,,False,,17,Irregular Openings
VlZkgdSv,white,kingside,,False,,62,Slav Defense
j1G6Dio8,white,queenside,,False,,66,Slav Defense
DApxuOus,white,,,False,,73,Queen's Pawn
bbkTCCiD,white,,,False,,40,Trompowsky Attack
IZFaxzBR,black,,kingside,False,,88,Queen's Gambit
iE29TaA1,black,,,False,,68,French Defense
C9W8mu0U,white,,,False,,101,King's Indian Defense
enpeBg9Q,black,,kingside,False,,80,King's Indian Defense
LXkXgZQF,black,,,False,,88,French Defense
qBddBrmp,white,kingside,,False,,69,Slav Defense
jc5HZIyv,white,,,False,,54,Indian Defenses
wOdwccun,white,,,False,,13,Queen's Pawn
BaUkF4E1,white,,,False,,29,Queen's Gambit
emJSRl8E,black,,kingside,False,,132,Irregular Openings
yy71kKuR,white,queenside,,False,,139,Queen's Pawn
7JWzlMBZ,black,,,False,,64,French Defense
aXefkRdr,white,queenside,,False,,113,Queen's Pawn
lFpVEev9,black,,kingside,False,,63,French Defense
a9KyYqOG,black,,kingside,False,,49,French Defense
GFX9QMVx,black,,,False,,12,Uncommon King Pawn
gkkrgeQL,black,,kingside,False,,54,Uncommon King Pawn
yax9IjNs,black,,,False,,84,French Defense
pQJ9T4EP,black,,kingside,False,,79,Irregular Openings
moPpogvk,white,queenside,,False,,44,Trompowsky Attack
nyH5T58B,black,,queenside,False,,59,Uncommon King Pawn
n6ysqIbM,white,,,False,,115,Queen's Gambit
1c6KL5dU,white,,,False,,90,King's Indian Defense
IVAGVkat,black,,,False,,93,Queen's Pawn Game
B9YlD2yt,black,,kingside,False,,32,French Defense
kdkcJQjw,black,,kingside,False,,67,Queen's Pawn Game
HSJhLcdJ,black,,kingside,False,,107,French Defense
FB9uq3zf,white,kingside,,False,,94,Queen's Gambit
D30MWvfU,white,,,False,,87,Queen's Gambit
2Lm6DcAk,white,,,False,,37,Queen's Pawn
weqGr2Wb,black,,kingside,False,,65,French Defense
bjfEbBRe,white,kingside,,False,,70,Slav Defense
b9GFyUD7,black,,kingside,False,,42,French Defense
KC2v5ncZ,white,kingside,,False,,45,Queen's Gambit
vThpgMF9,black,,,False,,140,Irregular Openings
Ce5Peeu5,black,,,False,,68,Reti Opening
SOeo8GhJ,white,,,False,,56,King's Indian Defense
wz3QQT1I,black,,kingside,False,,100,French Defense
lFjfIo5r,white,kingside,,False,,87,Queen's Gambit
wZxs9Kbd,white,,,False,,80,Slav Defense
dQ1KDDRm,black,,,False,,73,French Defense
pcTz1o9t,white,queenside,,False,,85,Queen's Gambit
qEurEHtZ,black,,kingside,False,,86,French Defense
dEpwHOSt,white,kingside,,False,,70,Queen's Pawn
XpfdbDYi,black,,kingside,False,,50,King's Indian Defense
0XAej9Ac,black,,kingside,False,,50,French Defense
KICTgT3B,black,,,False,,104,Queen's Pawn Game
kQaVN2PO,white,queenside,,False,,45,Slav Defense
lcrAcTfD,white,queenside,kingside,True,10,69,Slav Defense
izx39UqR,black,,,False,,56,French Defense
Mm3vUymp,white,kingside,,False,,101,Slav Defense
QwYbspw7,black,,queenside,False,,93,Trompowsky Attack
o6ue0ZIW,white,,,False,,130,Queen's Gambit
9SZHQPT1,white,,,False,,61,Trompowsky Attack
zZu28Vbc,white,queenside,,False,,102,Queen's Pawn
qVA3fIUE,white,,,False,,40,Queen's Gambit
5KeWt8j7,black,,,False,,73,French Defense
MbZOdx87,white,kingside,,False,,131,Queen's Gambit
dhcrFNZY,black,,,False,,73,King's Indian Defense
43OZORLh,white,queenside,,False,,64,Indian Defenses
WvNrME6m,white,kingside,,False,,45,Queen's Pawn
ytirZL1b,white,,,False,,93,Queen's Pawn
gEpX1yg7,black,,,False,,49,Irregular Openings
NWgbNzvy,white,queenside,,False,,80,Queen's Pawn
DJ4nKubJ,black,,,False,,68,King's Indian Defense
nmmmkQci,black,,kingside,False,,153,Uncommon King Pawn
bhG82Fzi,white,,,False,,92,Grunfeld Defense
DU1jkSok,white,,,False,,97,Slav Defense
a2sMTavr,black,,,False,,67,English Opening
d9QY7T8C,black,,,False,,37,Irregular Openings
G56ltyqI,black,,kingside,False,,101,King's Indian Defense
6wKqquKy,white,queenside,,False,,74,Queen's Pawn
oCdrQqkb,white,,,False,,95,Queen's Gambit
5YD0JqWZ,black,,,False,,74,Queen's Pawn Game
WgcCscNm,black,,,False,,43,Queen's Pawn Game
wD0MAeWn,black,,,False,,95,Irregular Openings
xqMwfmen,black,,kingside,False,,82,King's Indian Defense
nBzvfx0d,black,,kingside,False,,51,French Defense
RM77aKt3,white,,,False,,57,Queen's Gambit
GPiFXeVB,white,,,False,,107,Slav Defense
VqqB9NIG,black,,,False,,52,French Defense
AU67nwNW,white,,,False,,78,Queen's Gambit
iEdwYlRP,white,,,False,,75,Nimzo-Indian Defense
Tph80sjt,white,queenside,,False,,147,Slav Defense
hiIlb4NJ,black,,kingside,False,,49,French Defense
nyxPmyyd,black,,kingside,False,,65,French Defense
g9kPkNGi,white,,,False,,92,Queen's Gambit
fkB3uk0S,white,queenside,,False,,76,Queen's Pawn
op6Iyfl5,white,,,False,,86,Queen's Gambit
3k2jEl0h,black,,,False,,104,Queen's Pawn Game
ZVJoVmn0,black,,,False,,86,Queen's Pawn Game
YcWpb2ba,black,,,False,,32,Irregular Openings
Cn3hyiJb,black,,,False,,28,French Defense
YnA4BNDA,black,,kingside,False,,110,French Defense
hXK1rmNr,white,,,False,,43,Queen's Gambit
8j1W6xKo,white,,,False,,96,Queen's Gambit
u8rTa55G,black,,,False,,114,French Defense
uDD2Uqpv,white,queenside,,False,,66,Dutch Defense
zkkzgPIe,black,,,False,,68,Uncommon King Pawn
2280sOY6,white,,,False,,114,Queen's Pawn
lPOJIDqh,white,,,False,,71,Queen's Pawn
9yzAvHRC,black,,,False,,35,Trompowsky Attack
0toYedP0,black,,,False,,62,Queen's Pawn Game
x086Gk2h,black,,kingside,False,,62,Trompowsky Attack
i6SPysLh,white,,,False,,100,Queen's Gambit
kkXTvPmZ,black,,,False,,9,King's Indian Defense
Ir1WzJXt,black,,kingside,False,,61,Trompowsky Attack
7HS3KSeH,black,,,False,,95,French Defense
ChtmqHHt,white,,,False,,73,Queen's Gambit
PqYcb1at,white,,,False,,84,Queen's Gambit
80kNDsCa,black,,queenside,False,,61,Trompowsky Attack
VJTeIrbX,white,queenside,,False,,118,Indian Defenses
k5kwL2Pc,black,,kingside,False,,41,King's Indian Defense
KwbcCewM,black,,,False,,83,English Opening
kuFy0Ape,black,,,False,,87,Queen's Pawn Game
Ma4T515e,white,kingside,,False,,82,Queen's Gambit
TyxyM3ew,black,,,False,,81,Queen's Pawn Game
4zXOWRJd,black,,,False,,80,French Defense
D1NOUN7w,white,,,False,,56,Indian Defenses
4JBJaCr0,black,,kingside,False,,113,Irregular Openings
9rCRUh2Z,black,,,False,,70,Uncommon King Pawn
lKj5alCq,black,,queenside,False,,89,King's Indian Defense
OpEoaqZS,white,,,False,,93,Slav Defense
bYZ2cLgr,black,,kingside,False,,100,French Defense
Jer5Ovdw,black,,kingside,False,,39,French Defense
VQKWS0pk,black,,kingside,False,,46,Queen's Gambit
4TqCEDV2,white,queenside,,False,,58,Queen's Gambit
icYO2g0r,white,,,False,,101,Queen's Pawn
dbYIBC4H,black,,kingside,False,,93,Uncommon King Pawn
oMS6YAah,white,,,False,,28,Queen's Pawn
8ThcOGQV,black,,queenside,False,,72,King's Pawn Game
kBLkcXRe,black,,,False,,78,Uncommon King Pawn
usopaHL7,black,,kingside,False,,39,French Defense
QI4Mu10F,black,,,False,,61,French Defense
c6s9r3FZ,white,,,False,,123,Slav Defense
XAbqJMhq,black,,kingside,False,,23,English Opening
X0QGJdUG,white,,,False,,77,Grunfeld Defense
rhdzhFKu,black,,,False,,73,Uncommon King Pawn
wFxk7OnT,black,,,False,,35,French Defense
neFW5ym2,white,queenside,,False,,61,Queen's Pawn
c5KAcFDS,white,,,False,,64,Queen's Gambit
RcwVMj3Y,white,,,False,,108,Slav Defense
lfbwDNis,white,queenside,,False,,129,Slav Defense
5jJP0jcz,black,,,False,,24,King's Indian Defense
fARRqsFp,white,,,False,,105,Queen's Gambit
hx2Rg2SO,black,,,False,,48,Queen's Pawn Game
hIzbtk9z,black,,kingside,False,,112,King's Indian Defense
Jeswvjlu,black,,,False,,78,Trompowsky Attack
3JVAgRgk,black,,kingside,False,,61,Queen's Pawn Game
gAb3n1X2,white,,,False,,52,Queen's Pawn
akXXc0Ru,black,,kingside,False,,64,English Opening
6oa9Gl2L,black,,kingside,False,,74,French Defense
viJGpEeT,black,,,False,,56,Irregular Openings
MZTOTe3R,black,,,False,,46,Irregular Openings
QpJhaOkB,black,,,False,,63,Irregular Openings
g5Sse6HC,black,,kingside,False,,108,French Defense
E8dGVFpg,white,,,False,,161,Slav Defense
BNaZ1V6J,black,,,False,,73,Irregular Openings
oy8Empc4,black,,,False,,78,Queen's Pawn Game
SSLH52mA,white,,,False,,48,Indian Defenses
GPtd0rvH,white,,,False,,94,Queen's Gambit
K3059xZS,white,kingside,,False,,105,Trompowsky Attack
xVeLmNrW,black,,kingside,False,,66,French Defense
wFmvQlEx,white,queenside,,False,,50,Queen's Gambit
q96RMaNn,black,,,False,,64,King's Indian Defense
9JMmxg6L,black,,,False,,77,Uncommon King Pawn
Izp2SziK,black,,kingside,False,,50,French Defense
4JdO12sH,black,,kingside,False,,71,Irregular Openings
ps1nh81F,black,,,False,,34,French Defense
I0wourGU,white,,,False,,116,Queen's Gambit
HF1rNcvP,black,,queenside,False,,32,Trompowsky Attack
Cs7f8gaY,white,queenside,,False,,112,Queen's Pawn
n7cm6Gc4,black,,kingside,False,,64,English Opening
xHbmjs4Z,white,queenside,queenside,True,10,295,Queen's Gambit
eMcnKLc8,white,,,False,,35,Queen's Gambit
7BNIaiAF,black,,,False,,33,French Defense
oGRxDQev,black,,,False,,38,Queen's Gambit
9O4seEIi,white,,,False,,21,Queen's Gambit
qTZGNWkH,black,kingside,queenside,True,11,216,French Defense
cJ4r0Z1k,white,queenside,,False,,50,Trompowsky Attack
NLlAr6qD,black,,kingside,False,,95,King's Indian Defense
kmqg5vCb,white,,,False,,25,Queen's Pawn
qApFrFfS,white,kingside,,False,,97,Queen's Gambit
UyAcEouX,black,,kingside,False,,33,French Defense
DOVbdlg2,black,,,False,,84,Irregular Openings
dYW6o8OB,white,,,False,,125,Queen's Gambit
wpDT1LTj,black,,queenside,False,,53,Uncommon King Pawn
KGEAJMMN,black,,,False,,49,Irregular Openings
HrQ19I1z,black,,queenside,False,,46,French Defense
u7rNXmYl,white,,,False,,48,Indian Defenses
smFOt4O3,black,,kingside,False,,93,Irregular Openings
CPOzIhdA,white,,,False,,67,Indian Defenses
aW91xNz4,white,,,False,,39,Slav Defense
PeLpeu6y,black,,kingside,False,,57,Uncommon King Pawn
nwXEki2I,black,,,False,,119,English Opening
dnAgyAOT,black,,,False,,91,Trompowsky Attack
2ues392O,black,,kingside,False,,81,Uncommon King Pawn
UlG5vWkH,white,kingside,,False,,67,Queen's Gambit
qQSvM927,white,,,False,,102,Queen's Pawn
K6UkAEo4,black,,,False,,43,Queen's Pawn Game
2mfeeKrm,black,,kingside,False,,96,Trompowsky Attack
GK3jUGz0,white,kingside,,False,,135,Slav Defense
dJFdFP1t,black,,,False,,97,Queen's Pawn Game
mNCSf2Kc,white,kingside,,False,,86,Queen's Gambit
F5B1A8hK,black,,,False,,82,Queen's Pawn Game
6eqpqnae,black,,kingside,False,,79,Queen's Pawn Game
YRB8L9hG,black,,,False,,109,Queen's Gambit
ozXQsZHF,black,,kingside,False,,72,French Defense
9Yzy208b,black,,,False,,52,Uncommon King Pawn
LgATdAt2,white,kingside,,False,,54,Queen's Gambit
0KERMrb1,white,,,False,,114,Grunfeld Defense
bS5tm9qP,white,kingside,,False,,111,Queen's Gambit
EYR5ITRE,black,,kingside,False,,120,French Defense
nERj8YTR,white,kingside,,False,,59,Queen's Gambit
ZXZ1T78X,white,queenside,,False,,60,Dutch Defense
F2x0JPfF,white,,,False,,101,Slav Defense
9EdYKu2g,white,,,False,,54,Queen's Pawn
Cq0MmLYQ,white,,,False,,72,Queen's Gambit
s0jgMFiD,white,queenside,,False,,108,Queen's Pawn
T7jGyRdd,white,,,False,,53,Slav Defense
uiucCdJh,white,,,False,,73,Queen's Gambit
Wd4RVeo8,black,queenside,kingside,True,11,270,Uncommon King Pawn
sLwLNeoi,black,,kingside,False,,82,Irregular Openings
GPY0KzQB,black,,kingside,False,,100,Queen's Pawn Game
ZJ0lHAuP,black,,kingside,False,,122,Irregular Openings
2JGQbItM,black,,kingside,False,,90,King's Indian Defense
GIhOkr29,black,,kingside,True,21,126,French Defense
iqQouPLm,black,kingside,kingside,True,10,189,French Defense
82qLOCBL,black,,kingside,False,,57,Trompowsky Attack
HfZiNHyp,white,kingside,,False,,92,Queen's Gambit
3jptLyzL,white,,,False,,116,Slav Defense
9JGWt5qi,white,kingside,,False,,65,Queen's Pawn
uklzZDOq,white,,,False,,9,Slav Defense
RtqHMjiN,black,,,False,,8,French Defense
91SKss93,white,kingside,,False,,88,Queen's Gambit
P3JeEYZp,black,,,False,,29,English Opening
B22RP0XE,black,,queenside,False,,76,Queen's Gambit
CG8K0EFy,white,,,False,,67,Slav Defense
keEXLrtc,white,queenside,,False,,104,Queen's Pawn
LQCjdBDz,black,,kingside,False,,146,King's Indian Defense
4Opq3ExD,black,,,False,,99,French Defense
POsyRMsc,white,,,False,,64,Slav Defense
gKj4hhBW,white,,,False,,48,Queen's Pawn
FgUSbDdG,white,,,False,,57,Indian Defenses
cewMqCVV,white,kingside,,False,,66,Queen's Gambit
xXwWFDsD,white,kingside,,False,,67,King's Indian Defense
ek2QLnBb,white,,,False,,108,Queen's Gambit
XGYZidrC,white,,,False,,87,Queen's Gambit
53s3OIk4,black,,kingside,False,,93,Trompowsky Attack
N3CGcw6c,white,,,False,,108,Dutch Defense
f188y1Eg,black,,kingside,False,,103,Trompowsky Attack
NEmBO3VA,black,,,False,,38,French Defense
1cTJrAix,black,,kingside,False,,95,Queen's Pawn Game
xehbos8R,black,,,False,,61,Trompowsky Attack
XsGeYRnI,white,,,False,,55,Queen's Gambit
FAWG6V1I,white,,,False,,118,Queen's Gambit
013kbUkk,white,queenside,,False,,87,Queen's Pawn
bq0XIS5q,white,,,False,,158,Indian Defenses
lVRoYVgj,white,queenside,,False,,76,Slav Defense
yS7au8BD,white,,,False,,63,Queen's Gambit
765p5lk8,black,,queenside,False,,38,French Defense
eLh5C8nD,white,queenside,,False,,79,Queen's Pawn
fDXp2GJY,black,,,False,,52,Irregular Openings
kPwiygYg,black,,,False,,66,English Opening
6JmUKjnd,white,kingside,,False,,78,Queen's Pawn
Xiz4FTUo,white,,,False,,74,Queen's Pawn
EETnpsFY,white,,,False,,81,Queen's Pawn
4v6bF1I4,black,,queenside,False,,43,French Defense
IJ0wBp1E,black,,kingside,True,8,166,Uncommon King Pawn
zfxg2H2t,white,queenside,,False,,72,Queen's Pawn
Bdclsamp,white,,,False,,78,Queen's Pawn
mPlmOVEM,white,kingside,,False,,92,Queen's Pawn
qJWXjxCU,white,,,False,,124,Queen's Pawn
uge5y2Th,black,,kingside,False,,59,French Defense
S9V4BWcY,black,,kingside,False,,54,Irregular Openings
QjyQDePY,white,kingside,,False,,118,Queen's Gambit
UGm255NN,white,,,False,,106,Queen's Gambit
HbRCNmcb,white,,,False,,68,Queen's Pawn
74xpZ07N,white,kingside,,False,,123,Slav Defense
vVRhLhjp,black,,,False,,89,French Defense
p9piPjpn,white,,,False,,11,Queen's Pawn
LrE370Bg,black,,,False,,7,King's Indian Defense
gM8kw82k,black,,queenside,False,,44,French Defense
M6dOjtQl,white,,,False,,82,Queen's Pawn
B0G3lOID,white,,,False,,105,Queen's Gambit
iksDwFhr,white,kingside,kingside,True,11,211,Queen's Gambit
LvL4FyGy,black,,,False,,104,Queen's Pawn Game
2ERlXG5B,white,kingside,,False,,72,Queen's Gambit
AFdRVT0R,white,,,False,,11,Queen's Pawn
YT9Wx3lQ,black,,,False,,78,Queen's Pawn Game
2NZ0NBtw,white,,,False,,111,Queen's Pawn
gRa7lYsG,white,,,False,,45,Slav Defense
tNnMIR4f,white,,,False,,84,Queen's Pawn
GZZyhYHM,white,,,False,,142,Queen's Pawn
e9ZphVkL,black,,kingside,False,,64,Irregular Openings
HEN3ASiy,white,,,False,,51,Slav Defense
MAByRSPi,black,,kingside,False,,87,Queen's Pawn Game
j88FnlOa,black,,,False,,37,English Opening
BYXRRpst,white,,,False,,59,King's Indian Defense
Hrywwa9D,white,kingside,,False,,45,Grunfeld Defense
JkIyg2jx,black,,queenside,False,,48,French Defense
3JLbkBNn,black,,,False,,63,Irregular Openings
wvvCPKiK,black,,,False,,74,French Defense
1OO34vkB,black,,,False,,37,English Opening
Hzq47NRU,white,kingside,,False,,73,Queen's Pawn
vn5Gjqcn,white,kingside,queenside,False,,103,Queen's Gambit
N6m6lBFw,black,,,False,,108,Queen's Pawn Game
s17uWsUN,white,,,False,,139,Slav Defense
nEOZoTn0,white,queenside,,False,,106,Queen's Pawn
dcciHS22,black,,,False,,86,Queen's Pawn Game
Oixme4La,black,,kingside,False,,66,Queen's Gambit
16SBwL2V,white,,,False,,34,Queen's Gambit
PlH2owAm,white,,,False,,15,Queen's Pawn
7hTVsk4l,black,,,False,,140,French Defense
JvnhggQo,black,,kingside,False,,64,English Opening
lzrVvqax,black,,queenside,False,,49,King's Indian Defense
MTJ6jNCM,black,,queenside,False,,106,King's Indian Defense
A0G2K42s,white,,,False,,29,Queen's Gambit
QM1bbpw8,white,queenside,,False,,85,Queen's Pawn
bDY2Qrdi,white,queenside,,False,,79,Queen's Gambit
8mniMCVs,white,,,False,,97,Queen's Gambit
OtDHFf4t,black,,kingside,False,,101,Queen's Pawn Game
zdZOQHaw,white,,,False,,15,Queen's Pawn
mhNX9Sjq,white,,,False,,69,Slav Defense
Q2pQpN7g,white,,,False,,101,Queen's Pawn
WNzuNwzw,white,kingside,,True,25,103,Queen's Gambit
hqSvdIXe,white,,,False,,76,Queen's Gambit
OeP3yr2k,black,,queenside,False,,94,Trompowsky Attack
eatxJZu8,black,,kingside,False,,61,Queen's Pawn Game
shhhTeF8,white,queenside,kingside,False,,82,Queen's Pawn
tjZ6aK4F,black,,kingside,False,,40,Uncommon King Pawn
T70ghf6i,black,,kingside,False,,98,King's Indian Defense
KuMxxeKH,white,,,False,,45,Slav Defense
p04qH0vz,black,,kingside,False,,114,King's Indian Defense
cBOsQpIN,white,,,False,,121,Slav Defense
1PZyqK9j,white,,,False,,31,Slav Defense
Mrk5BhwV,white,kingside,,False,,54,Queen's Gambit
8hKoF0Mv,black,,queenside,False,,61,French Defense
BvecXg5P,white,,,False,,122,Queen's Pawn
jgXbNM7b,white,kingside,,True,22,262,Queen's Gambit
0HCyNOXK,white,kingside,,False,,87,Trompowsky Attack
hmwMsO2y,white,,,False,,26,Indian Defenses
WhR5Pr1k,white,,,False,,126,Slav Defense
XmSTY0Ob,white,,,False,,98,Queen's Gambit
wGb9ctzm,black,,kingside,False,,58,King's Indian Defense
Q6JOD9fl,black,,kingside,False,,48,French Defense
5VHlis9z,white,,,False,,48,Indian Defenses
ADp45SXq,black,queenside,kingside,True,20,250,Irregular Openings
hdgiDTm7,white,kingside,,False,,66,Slav Defense
zNnZcHJE,black,,queenside,False,,107,French Defense
QMtOyHyK,white,,,False,,82,Queen's Pawn
VF6pnIFN,white,queenside,,False,,75,Trompowsky Attack
6t2UZLji,black,,kingside,False,,85,King's Indian Defense
YEBk22x3,white,,,False,,26,Queen's Pawn
z8lm39Yr,white,,,False,,117,Trompowsky Attack
J3jFGBlP,black,,kingside,False,,83,Irregular Openings
sBXUf4FG,black,,,False,,64,Irregular Openings
OX8FbOhc,black,,queenside,False,,60,French Defense
O5pJLbiR,white,,,False,,66,Queen's Gambit
5cv3QA9f,black,,,False,,49,Irregular Openings
eDadC38Y,white,queenside,,False,,65,Queen's Pawn
qAoADsX1,white,kingside,,False,,75,Queen's Pawn
XddvFPQX,black,,kingside,False,,52,French Defense
eoVpMTYi,white,,,False,,105,Queen's Gambit
8X4fzHV1,white,kingside,,False,,66,Queen's Gambit
7TCzJ1IC,black,,,False,,98,Queen's Pawn Game
W6Wp7lzV,black,,kingside,False,,25,Irregular Openings
6kq88uhQ,white,,,False,,51,Queen's Pawn
AF02QQjg,black,,,False,,48,Queen's Pawn Game
gQs5wsNb,black,,,False,,47,Irregular Openings
tmo2AmcI,white,kingside,,False,,63,Dutch Defense
nDuIpdgS,black,,,False,,22,French Defense
kjZ1xPL1,white,kingside,,False,,71,Dutch Defense
P9PErPJ2,black,,,False,,68,Uncommon King Pawn
mU3TuneR,white,queenside,,False,,62,Queen's Pawn
G0Mr6foq,black,,kingside,False,,65,French Defense
PzYYhBgQ,black,,kingside,False,,92,Reti Opening
U0infqeK,black,,,False,,67,Queen's Pawn Game
aTuD1yXY,white,kingside,,False,,104,Trompowsky Attack
E0IcZfgt,black,,kingside,False,,199,Trompowsky Attack
MOCv2DsP,black,,kingside,False,,104,Irregular Openings
bH0egiy3,white,,,False,,89,Slav Defense
H7t8gWZL,white,kingside,,False,,135,Slav Defense
f71hu66u,white,kingside,,False,,62,Queen's Gambit
0vWTopWP,white,,,False,,88,Queen's Pawn
PHID6XDX,black,,kingside,False,,62,Queen's Pawn Game
uzJ3RGod,white,,,False,,146,Queen's Gambit
NcXPHEIy,white,,,False,,119,Slav Defense
ZyrDOUjQ,black,,,False,,81,French Defense
iDD8899P,white,,,False,,57,Slav Defense
IISqCNT6,black,,kingside,False,,92,Irregular Openings
eu59jhTF,white,kingside,,False,,82,Queen's Pawn
WZS7pgnj,white,,,False,,50,Queen's Pawn
ZE7HXWfW,white,queenside,kingside,True,10,259,Queen's Gambit
JzY7bH7K,black,,kingside,False,,49,French Defense
9npJWieW,white,,,False,,113,Queen's Pawn
fQl8LskR,white,,,False,,94,Queen's Pawn
jhtWwmax,white,queenside,,False,,96,Queen's Pawn
xKNgR85R,white,,,False,,75,Queen's Gambit
FLX4nQIg,black,,kingside,False,,64,English Opening
dyAIKghF,white,,,False,,70,Queen's Pawn
2K5H491h,white,,,False,,19,Queen's Gambit
HYTPdBQc,black,,,False,,157,Irregular Openings
jtMUJlz2,black,,kingside,False,,64,English Opening
777osYOa,black,,,False,,110,French Defense
txBXuv6M,white,,,False,,31,Queen's Pawn
y1ACmpXS,black,,kingside,False,,43,French Defense
0bzEglId,black,,,False,,24,French Defense
cuJcGkpa,white,kingside,,False,,56,Indian Defenses
tL0NVlVe,white,,,False,,31,Queen's Pawn
6xYDrlTl,white,,,False,,65,King's Indian Defense
lih7UsZN,black,,,False,,142,Queen's Gambit
LW0GQAiK,white,kingside,,False,,77,Trompowsky Attack
aZlGvhPX,black,,,False,,114,French Defense
m0EKuOTU,white,kingside,,True,6,118,Queen's Gambit
wv8PGw4S,white,,,False,,74,Dutch Defense
2hKukUPR,black,,kingside,False,,76,King's Indian Defense
Eu5Xpxtl,black,,kingside,False,,71,Irregular Openings
mWKMdbfB,black,,,False,,54,French Defense
Gq5D0Snk,white,,,False,,148,Queen's Pawn
V1cabfRD,black,,,False,,76,Irregular Openings
S7I30W0U,black,,kingside,False,,187,King's Indian Defense
IKtm746Z,black,,kingside,False,,154,King's Indian Defense
elgL9HnP,black,,kingside,False,,99,Irregular Openings
krc7eE3r,white,,,False,,19,Queen's Gambit
7GHcgLjR,black,,kingside,False,,120,French Defense
ACFMuKi3,black,,queenside,False,,88,French Defense
Tzb9lsLa,white,,,False,,57,Queen's Gambit
aNJhyF6c,black,,kingside,False,,29,French Defense
1BNqRePR,white,queenside,,False,,49,Nimzo-Indian Defense
Bw6yRRpa,black,,kingside,False,,49,French Defense
4aEr7vtg,white,,,False,,48,Queen's Pawn
TNxrEgYj,white,,,False,,31,Queen's Pawn
RMOdZgRF,black,,kingside,False,,136,French Defense
5DyRBIrJ,black,,,False,,114,French Defense
rpIAkG1s,black,,kingside,False,,103,Irregular Openings
BTjcsGLU,black,,,False,,8,English Opening
8wvBKcvg,black,,,False,,42,French Defense
RvcLikPs,black,kingside,kingside,False,,310,Reti Opening
HwFXAj4H,black,,kingside,False,,57,Queen's Pawn Game
Chbhdnpe,black,,queenside,False,,51,Queen's Gambit
ZEVSIYes,white,,,False,,14,Queen's Gambit
VJ4p2ZZZ,black,,,False,,112,Queen's Pawn Game
fqozO8vv,black,,,False,,122,Trompowsky Attack
Bn3nHZQq,white,kingside,,False,,69,King's Indian Defense
Axaoo7IZ,white,,,False,,59,Slav Defense
rrfY9GCI,white,kingside,,False,,148,Queen's Gambit
dlnVfsys,black,,kingside,False,,42,King's Indian Defense
jJVcphp4,black,,kingside,False,,90,King's Indian Defense
kr92SxnR,black,,,False,,21,Trompowsky Attack
UeqNHAVm,black,,kingside,False,,65,King's Indian Defense
k3U5VQcl,white,,,False,,105,Queen's Gambit
k6fslvRT,white,,,False,,46,Indian Defenses
ykptVaDe,black,,kingside,False,,62,King's Indian Defense
gFdf5FkI,black,,,False,,94,Irregular Openings
NaruuJd7,black,,,False,,53,English Opening
jIkPorQ4,black,,kingside,False,,23,French Defense
EPW432Cq,white,,,False,,63,Queen's Pawn
6YJXsTI7,black,,,False,,112,Queen's Pawn Game
OjJuuPqF,black,,kingside,False,,52,Uncommon King Pawn
cWfmGpRV,black,,,False,,33,Irregular Openings
tPCmk9cv,black,,,False,,65,French Defense
A0ECfKqD,white,,,False,,86,Queen's Pawn
kOgM6nz8,black,,kingside,False,,57,Queen's Pawn Game
eobVHdJ6,white,,,False,,72,Queen's Pawn
725FAiIc,white,kingside,,False,,73,Slav Defense
scFyamVj,white,kingside,,False,,74,Queen's Gambit
DpkOIksA,black,,,False,,62,Queen's Pawn Game
Ur5i21A8,white,kingside,,False,,58,King's Indian Defense
GSPhf6eu,white,,,False,,34,Slav Defense
ZrrxpxbQ,white,kingside,,False,,69,Nimzo-Indian Defense
4qooeJXS,white,,,False,,50,Queen's Gambit
pKDtMVgj,white,,,False,,102,Queen's Pawn
82gBTIfG,black,,kingside,False,,118,King's Indian Defense
LRdZEHnS,white,,,False,,105,Queen's Gambit
67ufPNH1,black,,,False,,133,Irregular Openings
8yUF0Oda,black,,,False,,84,Queen's Pawn Game
A20FOVXZ,white,kingside,,False,,88,Queen's Gambit
3aVkX7td,white,,,False,,91,Queen's Pawn
5TCTRAZn,black,,,False,,95,Trompowsky Attack
tN9WFU6C,black,,kingside,False,,69,Irregular Openings
nDevTIW0,white,,,False,,133,Queen's Gambit
h5F5boJ4,white,,,False,,89,Queen's Gambit
7yf5HedB,black,,queenside,False,,86,Trompowsky Attack
Mirru79J,black,,,False,,55,Irregular Openings
LdTpAvue,black,,kingside,False,,78,French Defense
O698VtSF,white,kingside,,False,,87,Queen's Gambit
1Wx2VhPQ,white,,,False,,55,Queen's Gambit
hLAgxg5k,black,queenside,kingside,True,9,172,Queen's Pawn Game
bYPWFJVd,black,,,False,,64,Uncommon King Pawn
zuR63S4B,black,,,False,,48,Irregular Openings
SwZn9tqI,white,,,False,,64,Slav Defense
3LS4JnWq,black,,,False,,88,Reti Opening
OWGm4eAT,white,kingside,,False,,72,Queen's Gambit
Mq6ao0lu,black,,,False,,74,Queen's Pawn Game
HAQoDN5N,black,,kingside,False,,95,French Defense
kMHqdYXv,white,,,False,,105,Queen's Gambit
wxUxSPuh,black,,,False,,105,Queen's Pawn Game
noPVjjuu,white,,,False,,105,Queen's Gambit
7drn0Giv,black,,,False,,84,Queen's Pawn Game
raRiQpXK,white,,,False,,64,Indian Defenses
PdbRASME,black,,,False,,78,French Defense
nh1cW0aH,white,,,False,,60,Queen's Gambit
kdDRAJ4Z,white,queenside,,False,,98,Slav Defense
0PvEm2wa,white,,,False,,99,Queen's Pawn
zPOvjxgg,black,,queenside,False,,109,King's Indian Defense
NSFepSAn,black,,kingside,False,,49,French Defense
tF1FSPXj,black,,queenside,False,,66,French Defense
O1Tc8su2,black,,kingside,False,,34,Irregular Openings
AYTSWJ2y,white,kingside,,False,,74,Slav Defense
Wyd33KfR,black,,kingside,False,,86,French Defense
8cWadnvg,white,,,False,,126,Queen's Gambit
E6XmvSKm,black,,kingside,False,,44,French Defense
Publ5A32,black,,,False,,104,Queen's Pawn Game
4VtT4O5i,black,,,False,,62,English Opening
vFMw1gxJ,white,,,False,,105,Queen's Gambit
QNPXjHlC,black,,,False,,104,Queen's Pawn Game
muK4JaOT,black,,kingside,False,,48,French Defense
9JfwirtE,white,,,False,,63,Queen's Pawn
bYMIqecL,black,,,False,,100,Uncommon King Pawn
1Gwg8pAM,white,,,False,,95,Queen's Pawn
ShDYnrPK,white,,,False,,78,Queen's Gambit
Iul5SE1q,white,,,False,,142,Queen's Gambit
BpM4PWZA,black,,kingside,False,,90,French Defense
vuF3UUzC,white,queenside,,False,,30,Queen's Pawn
Iv4AFMRi,black,,,False,,120,French Defense
54yV56gp,white,,,False,,101,Grunfeld Defense
waFXKPYU,white,kingside,,False,,120,Queen's Pawn
BKpswXLt,white,,,False,,18,Queen's Pawn
rnzFZdnI,white,kingside,,False,,51,Queen's Pawn
jDwpsos3,white,,,False,,45,Queen's Gambit
Y1Ey94LU,white,,,False,,51,Queen's Pawn
7EwNZ3zY,white,kingside,,False,,36,Slav Defense
AYjSPNj6,white,,,False,,43,Slav Defense
xVvlWpGP,black,,queenside,False,,83,English Opening
9PPeL7aE,white,,,False,,60,Queen's Gambit
zE5rj0ef,black,,kingside,False,,48,King's Indian Defense
A8vTRbv3,black,,,False,,84,Irregular Openings
A25Jn97i,white,,,False,,101,Slav Defense
Yi590ubq,white,queenside,,False,,114,Queen's Pawn
t4hYhaZN,black,,kingside,False,,68,French Defense
DdMDIqmK,white,kingside,,False,,121,Queen's Gambit
7FS1FNOa,white,queenside,,False,,63,Queen's Pawn
LD1U8cbd,black,,queenside,False,,91,French Defense
jkzYsGYt,black,,kingside,False,,61,Queen's Pawn Game
cKKjpNbw,black,,,False,,33,Queen's Gambit
nWyxkP4i,white,kingside,,False,,121,Dutch Defense
6NGIPN20,black,,kingside,False,,49,French Defense
pyB5UCDS,black,,,False,,34,French Defense
i6jSAE7f,white,,,False,,35,Queen's Pawn
QD1AOxXs,black,,kingside,False,,85,French Defense
zEDamBFY,black,,kingside,False,,64,English Opening
CQBVrRDh,black,,kingside,False,,35,English Opening
0h5o3ADK,black,,,False,,47,Queen's Gambit
0aCbufwB,black,,kingside,False,,59,French Defense
JhnWBIZK,white,,,False,,105,Queen's Gambit
8upcp3NZ,black,,kingside,False,,83,Trompowsky Attack
OEYh9Lxa,black,,,False,,9,English Opening
MuxZVaOg,white,,,False,,82,Queen's Pawn
l45ifHsI,white,kingside,,False,,72,Queen's Gambit
JrnwxKmE,black,,,False,,62,Queen's Pawn Game
ZpZeMyLn,white,queenside,,False,,79,Queen's Pawn
z9xzJ5gg,black,,kingside,False,,59,French Defense
8IihlYAK,black,,kingside,False,,59,French Defense
v3Hhy2iU,white,kingside,,False,,47,Queen's Pawn
UmvENODw,black,,kingside,False,,100,French Defense
zPSVDW4Y,black,,kingside,False,,34,French Defense
y8B9WFUA,black,,,False,,17,Reti Opening
T4Xa4JkE,black,,queenside,False,,33,Irregular Openings
34o6s8sF,black,,kingside,False,,84,English Opening
dEIqwOGe,white,queenside,,False,,38,Queen's Pawn
Egm5HDMg,black,,,False,,39,Irregular Openings
WAEMBuNN,white,kingside,,False,,80,Queen's Gambit
FDRa76FU,black,,,False,,59,French Defense
nS0eO8Pi,white,,,False,,81,Slav Defense
kc2Edes1,black,,kingside,False,,105,French Defense
NOM5tKYy,black,,,False,,38,Uncommon King Pawn
8TuxGs4n,white,queenside,,False,,50,Queen's Gambit
sTBAieTB,black,,kingside,False,,106,King's Pawn Game
H9stiPaX,black,,kingside,False,,94,Reti Opening
mfTUsnPR,black,,queenside,False,,47,Queen's Pawn Game
NBWwNr4k,black,,,False,,67,Irregular Openings
OHW3TMKp,white,,,False,,96,Queen's Pawn
GZkSYQxU,black,,queenside,False,,51,French Defense
PlN0bCxc,black,,kingside,False,,95,Uncommon King Pawn
GTElIV7q,black,,queenside,False,,114,King's Pawn Game
Ak8SlmKK,black,,kingside,False,,102,Irregular Openings
SGRLHI0Y,white,kingside,,False,,37,Queen's Pawn
Rn0r1t5N,black,,queenside,False,,47,Trompowsky Attack
2X9mv8lk,white,kingside,,False,,103,King's Indian Defense
8JJnJnIS,white,,,False,,100,Queen's Gambit
1VKbm4cV,white,,,False,,73,Queen's Pawn
uieg7pgs,black,,kingside,False,,48,King's Indian Defense
YFEei9Jb,white,,,False,,63,Queen's Gambit
GBeTWL4E,white,,,False,,67,Queen's Pawn
ouZNCdrT,white,,,False,,96,Slav Defense
Fk5tX9y1,black,,,False,,53,Irregular Openings
WPYSa348,white,,,False,,86,Queen's Pawn
kKvHIabB,white,kingside,,False,,69,King's Indian Defense
Gig7NB8N,white,queenside,,False,,55,Queen's Pawn
xBDDIhp5,white,kingside,,False,,128,Queen's Pawn
v84p8HG5,white,,,False,,83,King's Indian Defense
ai8M9DCR,black,,kingside,False,,120,King's Indian Defense
AacFUWWK,black,,kingside,False,,155,French Defense
I8wTrF3V,black,,kingside,False,,96,French Defense
LqojYiKC,black,,,False,,80,Irregular Openings
DD5DoAFD,black,,kingside,False,,63,French Defense
ECJHOMKV,white,queenside,,False,,66,Queen's Pawn
v9U2DY0V,white,kingside,,False,,58,Slav Defense
mAJeyCth,white,,,False,,18,Queen's Pawn
ohpteI7q,white,,,False,,91,Slav Defense
fzlD3NqP,black,,,False,,65,Reti Opening
dlkBY7dk,black,,kingside,False,,77,Irregular Openings
Bz27hUR5,black,,,False,,45,French Defense
upZFgXpM,black,,kingside,False,,149,Uncommon King Pawn
lIdL56iU,black,,kingside,False,,52,Irregular Openings
v1BhNnL9,black,,kingside,False,,95,French Defense
40nJDqj9,black,,,False,,112,Irregular Openings
CJQNAoH1,white,,,False,,57,Slav Defense
9wYRMTS6,black,,kingside,False,,90,French Defense
TPd0xq87,black,,kingside,False,,75,Uncommon King Pawn
mTvnHrW9,white,,,False,,74,Slav Defense
h1UsNB5N,black,,,False,,32,Trompowsky Attack
K1UvfkKZ,black,,kingside,False,,68,Irregular Openings
ktlf6xw3,white,,,False,,108,Queen's Pawn
cerCdrEu,white,queenside,,False,,116,Indian Defenses
LZiP6uaF,black,,,False,,65,Reti Opening
wxTUljZ0,white,kingside,,False,,64,Slav Defense
ONqZ5rpb,black,,queenside,False,,43,French Defense
zh0oJDsQ,white,kingside,,False,,87,Queen's Pawn
iMxyfhCK,black,,kingside,False,,65,English Opening
1mt2IC4C,white,,,False,,82,Queen's Gambit
eLc0FZge,black,,kingside,False,,116,French Defense
enCRGt8g,black,,kingside,False,,89,Trompowsky Attack
UFmoKKYz,white,,,False,,94,Queen's Pawn
RfYO69Tj,black,,kingside,False,,45,King's Indian Defense
gbcKn4iU,white,,,False,,98,Queen's Gambit
wgphlpKL,black,,,False,,84,French Defense
lQ5MwxQo,white,,,False,,157,Slav Defense
PMye2lIi,white,queenside,,False,,124,Queen's Pawn
9ai9RDV8,white,,,False,,184,Grunfeld Defense
3KN1b8ys,white,queenside,,False,,76,Queen's Pawn
tWvGQcnX,black,,kingside,False,,65,Uncommon King Pawn
AcdpKABp,black,,queenside,False,,89,Uncommon King Pawn
8JjswN7F,black,,kingside,False,,59,French Defense
GYQfuFNg,black,,,False,,91,Uncommon King Pawn
VJcOkyFH,black,,kingside,False,,105,Irregular Openings
PbOiZs3H,white,,,False,,65,Indian Defenses
tQeDXGZB,black,,,False,,26,French Defense
xnMtQu3q,white,queenside,,False,,38,Queen's Pawn
WdXMWR8m,black,,,False,,59,Irregular Openings
jkDRN3CP,black,,kingside,False,,65,Irregular Openings
jG2v8UGT,black,,queenside,False,,64,French Defense
qI08dKOj,white,,,False,,64,Slav Defense
znz6Eas9,white,,,False,,48,Indian Defenses
nP3oQ6N0,black,,,False,,25,Reti Opening
pLaRiX81,black,,kingside,False,,26,French Defense
RhycOb11,black,,kingside,False,,64,English Opening
m30QeMJM,black,,,False,,105,Irregular Openings
TgqxHDPi,white,,,False,,105,Queen's Gambit
ARBMyoFU,black,,,False,,58,Queen's Pawn Game
C43QBJXI,white,kingside,,False,,70,King's Indian Defense
xi3gFumD,white,,,False,,39,Slav Defense
WhL0BTXq,white,,,False,,51,Dutch Defense
YYyJmiMj,white,,,False,,47,Slav Defense
JU8fmFg2,black,,,False,,90,Queen's Gambit
jDlHO4Gj,black,,,False,,52,Reti Opening
veONQjPI,black,,,False,,113,Queen's Pawn Game
sMdbrZzE,white,,,False,,49,Dutch Defense
aJHqHhKJ,black,,,False,,38,King's Indian Defense
Fr52XAEW,black,,queenside,False,,63,French Defense
zZP8y2EZ,white,kingside,,False,,57,Trompowsky Attack
TVLiwTN8,black,,queenside,False,,31,King's Indian Defense
5OlWcFEx,black,,,False,,42,French Defense
qaIFGC4W,black,,queenside,False,,40,French Defense
MwZvp0bF,black,,,False,,100,Uncommon King Pawn
WCrnsXXT,black,,kingside,False,,55,Trompowsky Attack
GMBTYfzP,white,kingside,,False,,90,Queen's Pawn
KqqQy09r,white,,,False,,57,Queen's Pawn
kOZp7pQP,black,,,False,,55,Irregular Openings
SPBYRB04,white,,,False,,15,Slav Defense
GJB4Bc8y,black,,,False,,98,Trompowsky Attack
M2wVjm6b,white,kingside,,False,,51,Queen's Gambit
Xa7Q3F70,black,,,False,,129,French Defense
wUkuntiI,black,,kingside,False,,68,King's Indian Defense
BLXGroTK,white,,,False,,35,Queen's Gambit
ArKkxAlT,black,,kingside,False,,51,French Defense
UMimrB7E,white,,,False,,112,Queen's Pawn
Y5ELnubz,black,,,False,,56,French Defense
iD8IXEYR,black,,kingside,False,,58,French Defense
lO2v2baf,black,,,False,,39,English Opening
El6jxdWv,black,,queenside,False,,112,French Defense
KAfH2R9Q,black,,kingside,False,,98,King's Indian Defense
V3VxKNjA,white,kingside,,False,,78,Queen's Pawn
O1SoWB4k,white,,,False,,42,Queen's Pawn
AZuWyxIl,black,,queenside,False,,58,French Defense
u6s20QWS,black,,,False,,196,King's Indian Defense
RS1ru6dI,black,,kingside,False,,129,Uncommon King Pawn
5ctL1Zeo,white,kingside,,False,,51,Queen's Pawn
hY85251D,black,,queenside,False,,75,Reti Opening
tE7J7wWa,white,,,False,,57,Queen's Gambit
oPOVvWaP,black,,,False,,66,King's Indian Defense
FmJ4LLEq,white,,,False,,49,Queen's Pawn
dpqCFhoW,white,,,False,,120,Dutch Defense
jaunCj5G,black,,,False,,105,Grunfeld Defense
DoGbTbzr,black,,queenside,False,,51,French Defense
PoBQcav1,white,,,False,,57,Slav Defense
aOjHe5N2,black,,,False,,46,French Defense
luXtN1jv,white,,,False,,101,Slav Defense
xMCpNpEl,white,,,False,,21,Queen's Gambit
0e0QNotf,black,,kingside,False,,97,English Opening
5wHMUVVd,black,,,False,,64,Irregular Openings
gy5NX804,white,kingside,,False,,119,Queen's Gambit
QvR5XGrC,black,,,False,,91,Queen's Gambit
c6vD3ubT,black,,kingside,False,,96,French Defense
ZWbbRXlW,black,,kingside,False,,146,King's Indian Defense
ACkXxHdV,white,,,False,,59,Nimzo-Indian Defense
BoZB5NHs,black,,,False,,109,French Defense
yZpu6auj,black,,,False,,50,French Defense
pl49Ed5P,white,kingside,,False,,69,Queen's Pawn
oI7Xr9LO,black,,,False,,81,Irregular Openings
gMqF7tCf,white,queenside,,False,,55,Queen's Pawn
gyNvroLs,black,,kingside,False,,57,King's Indian Defense
zWpppqHd,black,,,False,,69,Irregular Openings
XhAJ8s8w,black,,kingside,False,,154,Trompowsky Attack
3GtaN336,black,,kingside,False,,126,King's Indian Defense
o0WuGOAQ,black,,,False,,91,Irregular Openings
uRMotSi6,black,,kingside,False,,51,Irregular Openings
2S2FBWWQ,white,,,False,,126,Queen's Pawn
ZLfCeTTu,black,,,False,,99,Grunfeld Defense
Kmzxlw8T,black,,kingside,False,,48,King's Indian Defense
wdHyMgDV,black,,,False,,48,French Defense
JMqCu9VW,black,,kingside,False,,110,King's Indian Defense
gDOXvArk,black,,kingside,False,,45,King's Indian Defense
uI0xl6B9,white,,,False,,105,Queen's Gambit
z3f9IbJy,black,,,False,,84,Queen's Pawn Game
nl2nxgUY,white,queenside,,False,,64,Queen's Pawn
Fju2d9eE,white,,,False,,47,Queen's Pawn
5292f0YG,black,,kingside,False,,54,King's Indian Defense
1BGoJWkT,white,kingside,,False,,59,Slav Defense
Y45EJX28,black,,kingside,False,,85,Queen's Pawn Game
wy1CsMDJ,black,,,False,,69,King's Indian Defense
kQFeY8TO,black,,,False,,44,French Defense
NXt8hWhM,black,,,False,,48,King's Indian Defense
gAQjbmtj,white,,,False,,76,Queen's Gambit
cMi5xoPn,black,,queenside,False,,86,French Defense
MfFoOLO0,white,kingside,,False,,71,Indian Defenses
N7PJuHFJ,white,,,False,,49,Slav Defense
g45YY8MN,black,,,False,,106,Irregular Openings
tbpcdtdj,white,,,False,,79,Queen's Gambit
QlZUV9gx,black,,queenside,False,,36,Queen's Gambit
CcYbCnA8,white,,,False,,67,Queen's Gambit
ELTbIOSF,white,kingside,,False,,70,Queen's Pawn
AmU8xILw,black,,queenside,False,,37,Uncommon King Pawn
8qNc8337,black,,,False,,51,Irregular Openings
aAkvUt4U,black,,,False,,71,Irregular Openings
LiNDZVmw,black,,,False,,59,Irregular Openings
Y2OJOS17,black,,,False,,65,Irregular Openings
sSvFQ5XR,black,,,False,,53,French Defense
b9IBRxyD,white,,,False,,52,Indian Defenses
L4aSddOZ,white,queenside,,False,,63,Queen's Pawn
xY8SiUF0,black,,,False,,35,Irregular Openings
QwAJXRFS,black,,,False,,47,Irregular Openings
60GlzYm7,black,,,False,,81,Irregular Openings
DPLpTUt7,white,kingside,,False,,148,Queen's Pawn
BGtico6G,white,queenside,,False,,104,Queen's Pawn
uBNJqEhj,white,kingside,,False,,64,Queen's Pawn
wGsWVGXn,black,,kingside,False,,64,English Opening
w0StMivI,white,,,False,,49,Queen's Pawn
i63mH7HT,white,,,False,,28,Queen's Pawn
fjkNK9Bq,white,,,False,,28,Queen's Pawn
NK14e8lU,black,,kingside,False,,64,English Opening
JfV9Iv8F,black,,kingside,False,,64,English Opening
06KX4i3M,white,queenside,,False,,104,Queen's Pawn
OWDekLde,white,,,False,,99,Queen's Pawn
Em6LygSG,white,,,False,,30,Grunfeld Defense
qLgOpvCy,black,,kingside,False,,64,English Opening
s3LXN2cj,white,,,False,,70,Queen's Pawn
nRrArWHQ,black,,kingside,False,,64,English Opening
K2lEEudv,black,,kingside,False,,64,English Opening
FZPqSfC5,white,,,False,,70,Queen's Pawn
EzZzyP9H,white,queenside,,False,,65,Queen's Pawn
6nd6dl4U,white,,,False,,28,Queen's Pawn
FxwPlR2A,black,,kingside,False,,64,English Opening
UEvfbDKi,black,,kingside,False,,65,English Opening
4pBkgErH,white,,,False,,98,Queen's Gambit
0V5oiFoa,black,,kingside,False,,47,English Opening
6bqIbXmV,white,,,False,,41,King's Indian Defense
4eFc0li3,black,,kingside,False,,64,English Opening
flYijKWy,white,queenside,,False,,79,Queen's Pawn
5HNLuVgs,black,,kingside,False,,64,English Opening
EXjWCYMj,white,,,False,,105,Queen's Pawn
Xue0V3lN,white,,,False,,28,Queen's Pawn
YRVtjITp,white,queenside,,False,,57,Queen's Pawn
Pl5wtuy4,black,,kingside,False,,59,English Opening
3N4jJtPi,black,,kingside,False,,64,English Opening
TtD6B1NN,white,kingside,,False,,101,Slav Defense
OxsfNJuy,white,,,False,,93,Queen's Pawn
QtJH4mki,black,kingside,kingside,False,,278,Queen's Pawn Game
BdRK8m9D,black,,queenside,False,,56,Trompowsky Attack
Nia1aeb6,black,,kingside,False,,88,Reti Opening
6iEUQMyP,black,,kingside,False,,89,King's Pawn Game
mcfRfJa3,white,,,False,,77,Queen's Pawn
VT0lfjUZ,black,kingside,kingside,False,,115,Irregular Openings
XyDiuZjM,black,,,False,,116,French Defense
C3uuRgIM,black,kingside,kingside,True,7,454,French Defense
7ijpa2oH,white,kingside,,False,,120,Queen's Pawn
UTBJ6ssN,white,queenside,,False,,65,Queen's Pawn
YraCerwu,black,,,False,,132,Irregular Openings
UvWk5AlL,white,,,False,,158,Queen's Gambit
rJ7dOi2k,white,,,False,,48,Indian Defenses
JFnoIasL,white,,,False,,123,Queen's Pawn
RDARYoAd,white,kingside,kingside,True,9,370,Indian Defenses
mXGagdVD,black,,queenside,False,,51,French Defense
zJNTlAzK,white,kingside,,False,,176,Indian Defenses
YoS0glMx,white,,,False,,34,Queen's Gambit
3mXeRegM,white,,,False,,66,Queen's Pawn
yLbnEPN8,white,queenside,,False,,72,Queen's Pawn
QcHjEdzi,white,,,False,,90,Queen's Gambit
f9yj9RbU,white,queenside,,False,,72,Queen's Pawn
IFS9oX4K,black,,queenside,False,,63,French Defense
MJBnOeCP,black,,,False,,56,Uncommon King Pawn
oau9gyBv,black,,kingside,False,,88,English Opening
tqYIMl2I,white,queenside,,False,,78,Queen's Pawn
7vCr3oid,white,queenside,,False,,79,Queen's Pawn
Sv1HURRN,black,,kingside,False,,108,French Defense
QNo90cnK,white,queenside,,False,,49,Slav Defense
cfBt6Qv5,black,,queenside,False,,100,French Defense
Bbz8mm9c,white,kingside,,False,,33,Queen's Pawn
uknw9N8O,white,,,False,,71,Queen's Gambit
DVL4Gi11,black,,queenside,False,,120,Irregular Openings
AcEq10Ff,white,queenside,,False,,59,Queen's Gambit
gxnc4Y7Y,white,,,False,,96,Queen's Pawn
L89nLH5B,black,,kingside,False,,59,French Defense
1QTbXieK,white,,,False,,102,Queen's Gambit
5t06SvUh,white,,,False,,135,Slav Defense
K7O3Avlq,black,,kingside,False,,49,Trompowsky Attack
gmsV47Sr,black,,,False,,40,French Defense
MYc0vy0o,white,kingside,,False,,38,Queen's Pawn
NOxbLcRp,black,,,False,,17,French Defense
FfVNTgyr,black,,,False,,67,English Opening
Kx0UokdD,black,,kingside,False,,37,Uncommon King Pawn
Ida7ho4p,black,,kingside,False,,122,French Defense
khKKiO93,black,,kingside,False,,163,King's Indian Defense
twlcinPy,white,,,False,,83,Slav Defense
0Pp3ZuT2,black,,kingside,False,,69,French Defense
4hOck4Uq,black,,kingside,False,,45,French Defense
rVzAoZVD,black,,kingside,False,,82,French Defense
Mg6s0PY1,black,,,False,,68,Trompowsky Attack
nr5PndJZ,white,,,False,,65,Queen's Gambit
80Hj3kBv,black,,,False,,45,French Defense
xK0UMgAb,black,,,False,,30,Trompowsky Attack
UTpR9rrB,black,,kingside,False,,98,King's Indian Defense
00DphLZJ,white,,,False,,84,Queen's Gambit
yF7bB69l,white,kingside,,False,,84,Queen's Gambit
ibolhilc,white,,,False,,65,Queen's Gambit
U84TVOB4,black,,kingside,False,,51,Trompowsky Attack
hdIcSxcT,black,,kingside,False,,39,Queen's Pawn Game
O7C5e0QQ,black,,queenside,False,,85,Queen's Pawn Game
EfVF7KfX,white,queenside,,False,,55,Queen's Pawn
5jBHZdMx,black,,queenside,True,15,207,Irregular Openings
XC3LfXlu,black,,,False,,54,Irregular Openings
JyqLkCV1,white,,,False,,146,Queen's Gambit
mhwPdE4j,black,,,False,,58,French Defense
PxhNyEYV,black,,queenside,False,,70,King's Indian Defense
yNK7OVxt,black,,kingside,False,,85,Trompowsky Attack
IbcvbQdT,white,,,False,,163,Queen's Gambit
lq1ibjlW,white,,,False,,50,Trompowsky Attack
MUNQ8ok9,white,,,False,,97,Slav Defense
FmVFDCfU,black,,kingside,False,,94,King's Indian Defense
GIuqrzpq,white,kingside,,False,,155,Queen's Gambit
pQdwBUTC,white,,,False,,63,Queen's Pawn
wnG1aXVV,white,,,False,,81,Queen's Pawn
XVnYP8GW,white,,,False,,92,Slav Defense
8QBFV7w2,black,,kingside,False,,57,Trompowsky Attack
HqhS48zP,white,,,False,,88,Slav Defense
LkRa9LSm,black,,kingside,False,,37,Uncommon King Pawn
D5ltIOew,black,,,False,,87,Irregular Openings
X5rJ9lTE,white,,,False,,64,Indian Defenses
dQErrHx6,black,,,False,,45,Irregular Openings
tnJhlyen,black,,kingside,False,,88,King's Indian Defense
G7vhcWfl,black,,,False,,55,Irregular Openings
kbEtaAGs,white,queenside,,False,,81,Queen's Pawn
b0T0qolm,white,,,False,,106,Slav Defense
iMNFT0cj,black,,kingside,False,,70,French Defense
aBPn1MDy,black,,,False,,67,Irregular Openings
rDU7w7Ni,black,,kingside,False,,127,King's Pawn Game
lgS6IQGw,black,,kingside,False,,129,Trompowsky Attack
7Eax0wcN,black,,,False,,97,Trompowsky Attack
QQkH6gNT,white,kingside,kingside,True,9,189,Indian Defenses
4RIKqYoi,white,,,False,,62,Dutch Defense
p1YNsaKV,black,,queenside,False,,73,Trompowsky Attack
cT94AKiq,white,,,False,,94,Slav Defense
lpVFr5eP,black,,kingside,False,,90,French Defense
lv7IxH4q,black,,kingside,False,,126,Trompowsky Attack
7yuuon1d,black,,queenside,False,,66,Trompowsky Attack
hGHinHaR,white,queenside,,False,,112,Queen's Pawn
8MXy0JSP,white,queenside,,False,,108,Queen's Pawn
WhJmXIiz,black,,,False,,37,Reti Opening
eKyvs4Tx,black,,queenside,False,,53,French Defense
zYNEv3Rl,black,,kingside,False,,101,King's Indian Defense
ub3QFjjS,white,,,False,,42,Queen's Gambit
bDeHldAv,white,kingside,,False,,85,Queen's Gambit
50U6vwmO,black,,kingside,False,,57,Trompowsky Attack
U0ShKkid,black,,kingside,False,,52,French Defense
AxCxgGId,black,,queenside,False,,50,French Defense
ansXFxIt,white,,,False,,107,Slav Defense
iiyCKuvp,white,kingside,,False,,67,King's Indian Defense
WCdnMgwZ,white,,,False,,103,Queen's Pawn
mqBYYXpd,black,,queenside,False,,105,King's Indian Defense
Ds5y11Sb,white,,,False,,124,Slav Defense
e5HKLKKf,white,,,False,,111,Slav Defense
VJSPeNdZ,black,,kingside,False,,55,French Defense
cKr9yxbO,black,,queenside,False,,48,French Defense
2lwGqlug,black,,queenside,False,,57,Uncommon King Pawn
9rgvWcUO,white,,,False,,42,Queen's Gambit
m8SqauPu,black,,kingside,False,,90,French Defense
LcYpAvsP,black,,kingside,False,,67,French Defense
mE21cm7M,black,,queenside,False,,71,Uncommon King Pawn
XtR6fU9u,white,,,False,,81,Queen's Gambit
UQ2OZIJl,white,kingside,,False,,75,Queen's Pawn
oUHnskNP,black,,kingside,False,,136,King's Indian Defense
TCsX7h0o,black,,,False,,132,French Defense
kygoaBkB,white,,,False,,65,Queen's Gambit
JuTI11rO,black,,,False,,30,French Defense
SlNDz8Dk,white,kingside,,False,,130,Queen's Pawn
6gckcTLr,black,,,False,,53,French Defense
LtUUU7og,white,,,False,,89,Queen's Gambit
RfktFZ5E,black,,kingside,False,,89,Trompowsky Attack
MAXB9kb3,black,,,False,,52,Queen's Pawn Game
05bBseQU,white,queenside,,False,,90,Queen's Pawn
bzJIKcmC,black,,,False,,97,Irregular Openings
JJtF0bmy,black,,kingside,False,,49,Trompowsky Attack
fhkUd65H,black,,kingside,False,,101,Trompowsky Attack
zi0Dipff,white,,,False,,50,Queen's Pawn
wVNLgPpE,white,,,False,,45,Queen's Pawn
1z9H2MC5,black,,kingside,False,,109,French Defense
xnZ7KeD8,white,,,False,,104,Queen's Gambit
C2QgT4OA,black,,kingside,False,,109,Trompowsky Attack
DLW2baif,black,,queenside,False,,92,King's Indian Defense
qCizkIta,white,,,False,,75,Indian Defenses
YhfyAIt1,black,,,False,,76,English Opening
EQQzLqGm,black,,queenside,False,,109,Queen's Gambit
WYlEfqYs,black,,kingside,False,,93,Irregular Openings
Fd1QnEUF,white,queenside,,False,,73,Queen's Gambit
5KT69Ml2,black,,,False,,52,French Defense
XPDrrtaH,white,kingside,,False,,83,Queen's Gambit
wysasMwY,white,,,False,,78,Queen's Pawn
tAPVihYx,white,,,False,,77,Slav Defense
cnuNDhX1,black,,kingside,False,,53,French Defense
lAv2PpIW,black,,,False,,91,Irregular Openings
Er5hD7vJ,black,,kingside,False,,66,French Defense
UpkQYWLZ,white,,,False,,64,Grunfeld Defense
uKLFFZTG,white,,,False,,183,Slav Defense
1qwH8CZW,black,,,False,,71,Trompowsky Attack
VN2bZZ9k,black,,kingside,False,,105,Queen's Pawn Game
62oKwBRs,black,,kingside,False,,73,Irregular Openings
Qhn5QPe2,black,,kingside,False,,125,French Defense
p3MIOA2c,black,,kingside,False,,96,Queen's Gambit
tf6qY9YE,black,,queenside,False,,30,King's Indian Defense
IHrt73Gm,black,,queenside,False,,45,French Defense
9SRnORDF,black,,kingside,False,,43,French Defense
Z4jdADXj,black,,kingside,False,,57,Queen's Pawn Game
qrwlWUOU,black,,queenside,False,,55,King's Indian Defense
AvjXHXHU,black,,kingside,False,,88,Trompowsky Attack
KUXJQN9W,white,,,False,,78,Queen's Pawn
cx2MRNQQ,black,,queenside,False,,40,French Defense
9X5SQxeU,black,,queenside,False,,111,King's Indian Defense
JMFrFBUW,white,,,False,,45,Queen's Pawn
I9rdgPd0,black,,kingside,False,,54,French Defense
VWHhh0ff,white,queenside,,False,,91,Queen's Gambit
1POsGWJC,black,,kingside,False,,55,Uncommon King Pawn
nEOjuDRm,black,,kingside,False,,79,Trompowsky Attack
DPoEER96,black,,,False,,57,Queen's Pawn Game
OEMBCjZ7,white,kingside,,False,,69,Queen's Gambit
2AKozuxv,white,,,False,,45,Queen's Pawn
0vxhzT7w,white,,,False,,45,Queen's Pawn
Ls6ONjpu,white,,,False,,122,Queen's Gambit
I1oTJVMn,white,kingside,,False,,82,Queen's Gambit
C8RuvVsc,white,,,False,,79,Queen's Pawn
Nrwqb2QL,white,,,False,,18,Queen's Pawn
4433H6an,black,,kingside,False,,112,King's Indian Defense
uTcv2WiY,black,,kingside,False,,49,French Defense
LTzWi0ez,black,,,False,,154,Irregular Openings
6GvUKjKk,white,,,False,,45,Queen's Pawn
uRldYBlB,black,,,False,,75,King's Indian Defense
GuGQDLKY,black,,queenside,False,,90,Grunfeld Defense
L2Edigj3,white,,,False,,93,Queen's Pawn
7KKVWztw,black,,kingside,False,,42,French Defense
dwo5ttMd,white,kingside,,False,,80,Queen's Gambit
pq5MPxXH,black,,kingside,False,,38,French Defense
QdNAXiig,white,,,False,,57,Slav Defense
p9PYxuvo,black,,kingside,False,,61,Reti Opening
naYD91OU,black,,kingside,False,,64,French Defense
4fKntj1q,white,kingside,kingside,True,8,206,Slav Defense
AZUeSP8e,black,,,False,,36,Queen's Gambit
7ag8pfyq,black,,kingside,False,,113,Queen's Pawn Game
go1tbLWU,black,,kingside,False,,103,French Defense
BvZgcfmb,black,,,False,,160,French Defense
UGYl8oA4,black,,kingside,False,,51,Trompowsky Attack
C3Oc37Cm,black,,queenside,False,,42,French Defense
Vqma3SOZ,white,,,False,,146,Queen's Gambit
OeZdokCt,black,,kingside,False,,44,Irregular Openings
tH1aqtqj,white,queenside,,False,,102,Queen's Pawn
G1jzBV2O,black,,,False,,126,Trompowsky Attack
4RX2Uzy3,white,,,False,,88,Queen's Gambit
pD3akoGt,black,,kingside,False,,51,King's Indian Defense
fvI45Ypj,black,,kingside,False,,51,Uncommon King Pawn
oNJFzk8J,black,,,False,,117,English Opening
iufoeHkJ,black,,kingside,False,,94,French Defense
Yj1S5n5l,white,,,False,,46,Queen's Gambit
4NymJUNM,white,queenside,queenside,True,11,169,Queen's Pawn
93YQwQpS,black,,kingside,False,,101,Irregular Openings
X56soBw0,black,,kingside,False,,38,French Defense
llu9ou1p,white,,,False,,65,Queen's Gambit
qZh78HNh,black,,queenside,False,,45,French Defense
oQ8vCowB,black,,kingside,False,,100,Trompowsky Attack
Gg6x9XR7,white,kingside,,False,,77,Queen's Pawn
hatEX2Id,white,,,False,,81,Queen's Gambit
2Ghy6UBG,white,,,False,,24,Slav Defense
aKkPgAzI,black,,kingside,False,,82,Trompowsky Attack
aoh7UcaC,white,queenside,,False,,56,Queen's Pawn
pgudlMSm,white,kingside,,False,,85,Queen's Gambit
uPmNGLsg,white,,,False,,100,Queen's Gambit
hzLjXceK,white,,,False,,55,Queen's Gambit
dcgcIdQf,white,,,False,,73,Queen's Pawn
Yenz02Ox,white,,,False,,87,Queen's Gambit
1BNXTH7a,black,,,False,,28,French Defense
jLMAQNp2,black,,kingside,False,,99,Trompowsky Attack
ObsnuzsD,white,,,False,,45,Queen's Gambit
L4evFexd,white,kingside,kingside,True,7,113,Queen's Pawn
rReUUAN1,black,,kingside,False,,100,Trompowsky Attack
1ScdZHOt,white,,,False,,90,Queen's Pawn
o2I6oOnk,white,,,False,,42,Queen's Pawn
wDIRoMBd,white,,,False,,65,Queen's Gambit
04pKHj8q,black,kingside,queenside,True,12,120,Uncommon King Pawn
B1uVL4Ss,white,queenside,,False,,41,Queen's Pawn
YIapkNS7,black,,kingside,False,,91,Trompowsky Attack
QV1mLxB9,black,,kingside,False,,73,Trompowsky Attack
fwmjMixc,black,,,False,,75,King's Indian Defense
oE50teVt,black,,,False,,27,Reti Opening
TaBw0mRe,black,,,False,,48,Queen's Pawn Game
PeOUNjyS,black,,,False,,60,Reti Opening
tfuKGtYD,white,,,False,,45,Slav Defense
GRrB2wnL,white,,,False,,67,Slav Defense
ACT59I88,black,,,False,,45,Irregular Openings
oSlNPz5v,white,kingside,,False,,51,Slav Defense
m9SA2jz4,black,,kingside,False,,63,Trompowsky Attack
MHT6QRWF,white,kingside,,False,,80,Queen's Pawn
eGcQMmDo,black,,kingside,False,,80,Trompowsky Attack
RKzMOCwE,black,,kingside,False,,182,Irregular Openings
bfwF00iQ,black,,,False,,116,French Defense
d6JpOwgz,white,,,False,,95,Slav Defense
2Mzw3pZF,black,,queenside,False,,58,French Defense
1KGA689F,black,,,False,,67,Irregular Openings
UE8xbJPr,white,,,False,,168,Queen's Gambit
9PIOQdhJ,white,kingside,,False,,42,Queen's Gambit
47XnBF9u,black,,kingside,False,,115,Uncommon King Pawn
9zSSwExv,white,kingside,,False,,70,Trompowsky Attack
p9zQo3Et,black,,,False,,20,Trompowsky Attack
zLTBHqdB,white,kingside,,False,,115,Queen's Pawn
TSftJxFj,white,,,False,,63,Slav Defense
gGklyNKU,white,,,False,,13,Queen's Pawn
OY6OXrpj,white,kingside,,False,,53,Queen's Pawn
5ENrRhi0,black,,kingside,False,,76,Grunfeld Defense
KspGat7T,white,,,False,,99,Queen's Pawn
lZxyepTQ,white,queenside,,False,,88,Queen's Gambit
3QeLsN6l,white,,,False,,63,Queen's Gambit
YhZF3GKs,white,,,False,,48,Queen's Gambit
xb1MuLdp,black,,queenside,False,,82,Queen's Pawn Game
vqL4ADNv,white,kingside,,False,,148,Queen's Gambit
eg7YEZIT,white,kingside,,False,,131,Queen's Gambit
HKL0qDbJ,white,kingside,,False,,56,Queen's Pawn
5CjQZEtp,white,,,False,,79,Queen's Pawn
TNLiHg7e,white,,,False,,87,Queen's Gambit
0jxZL0Zt,black,,kingside,False,,72,French Defense
dWH5oEiA,black,,kingside,False,,62,Reti Opening
6ZP7siIG,black,,kingside,False,,61,Trompowsky Attack
NTyjBHNd,black,,queenside,False,,108,Trompowsky Attack
a36puM1z,white,,,False,,91,Queen's Pawn
PdLflDCz,black,,kingside,False,,75,Grunfeld Defense
M2jlZ98b,black,,kingside,False,,72,French Defense
KEfxUD9l,black,,kingside,False,,77,Grunfeld Defense
RV5ORJQ6,white,,,False,,37,Queen's Pawn
9x4BOhAg,black,,,False,,73,Trompowsky Attack
9oU61Y1U,black,,kingside,False,,95,French Defense
ipat2Aws,white,queenside,,False,,118,Queen's Pawn
7mR2EVUm,white,,,False,,79,Queen's Gambit
nqJVQsR5,black,,kingside,False,,78,French Defense
7n6QZan1,white,queenside,,False,,64,Queen's Pawn
fn6VyVQh,white,queenside,,False,,49,Queen's Pawn
CHpCOoZY,black,,kingside,False,,75,French Defense
CRggGp2H,white,queenside,,False,,79,Queen's Pawn
bq4oCM7v,black,,,False,,101,Irregular Openings
UWiauG35,white,kingside,,False,,89,Queen's Gambit
LZChJXB0,black,,queenside,False,,66,French Defense
AQ2QpYCd,white,kingside,,False,,120,Queen's Gambit
3TnZV1Up,black,,kingside,False,,86,King's Indian Defense
lst2ppRR,black,,,False,,67,French Defense
6QXUq60w,white,,,False,,81,Queen's Gambit
6fqhLoZw,black,,,False,,67,Trompowsky Attack
6EpgE1QY,white,kingside,,False,,138,Slav Defense
b2hDxb9D,white,queenside,,False,,82,Queen's Pawn
36Yleipp,black,,,False,,74,French Defense
9c6FPz08,black,,,False,,64,Irregular Openings
Cy6cFX9h,white,,,False,,28,Slav Defense
AabtNkzD,white,,,False,,79,Queen's Pawn
Wey0B0zd,white,kingside,,False,,59,Queen's Pawn
yqiiSs0R,black,,kingside,False,,100,French Defense
n69tBWfd,white,,,False,,81,Queen's Pawn
ZfbrhzHx,black,,kingside,False,,117,Uncommon King Pawn
cuiTNEAE,white,kingside,,False,,48,Queen's Gambit
Jcpr2eoM,black,,kingside,False,,49,French Defense
T6rMbuuc,white,,,False,,76,Queen's Pawn
n0WR75G7,black,,,False,,45,Irregular Openings
eBupeWBD,white,kingside,,False,,109,Queen's Gambit
6moTLoeI,black,,kingside,False,,123,French Defense
oO7SH0fc,black,,kingside,False,,93,Uncommon King Pawn
80NGy9t1,white,kingside,,False,,36,Slav Defense
oT1XGMxX,white,,,False,,87,Queen's Pawn
28ZyVw8U,black,,,False,,85,Reti Opening
yTcw6Ffz,white,kingside,,False,,64,Queen's Pawn
se2SYEhs,white,,,False,,90,Queen's Pawn
HtLaOSUh,white,,,False,,124,Queen's Pawn
BpROuN0P,black,,,False,,81,French Defense
sYrl3Mhy,white,kingside,,False,,128,Trompowsky Attack
LGHIRcWa,white,kingside,,False,,42,Queen's Gambit
9iN7cpTn,black,,,False,,25,French Defense
mY5blq8i,white,kingside,,False,,83,Slav Defense
BhAKDNAK,white,queenside,,False,,51,Queen's Pawn
QxYl2JSu,white,kingside,,False,,99,King's Indian Defense
GMIZcxln,white,,,False,,80,Queen's Pawn
YrGP8j7P,black,,kingside,False,,87,French Defense
NWbabTg7,black,,kingside,False,,43,Trompowsky Attack
14bkltuo,white,kingside,,False,,110,Slav Defense
178zoK03,white,,,False,,91,Queen's Gambit
JBOOHrxM,black,,kingside,False,,80,Irregular Openings
4CvuHdyw,black,,queenside,False,,51,Uncommon King Pawn
ZgiU8VXa,black,,kingside,False,,57,French Defense
OZNNmwxB,white,queenside,,False,,60,Queen's Pawn
zVqtUg93,white,kingside,,False,,149,Dutch Defense
yvLPJNKx,white,,,False,,53,Queen's Pawn
qsUoRacw,black,,,False,,89,Trompowsky Attack
SpaR5Pzf,black,,,False,,54,Irregular Openings
qBIUVqAg,black,,,False,,80,Queen's Pawn Game
zYst4ONU,black,,kingside,False,,75,Irregular Openings
hQic4ZaZ,white,,,False,,50,Slav Defense
ZhvsVSOr,black,,kingside,False,,52,English Opening
QtAsaN1b,black,,kingside,False,,85,Grunfeld Defense
BsFRVkwX,black,,,False,,76,French Defense
gFt5hjC1,black,,kingside,False,,104,French Defense
b8K9A5QF,black,,queenside,False,,74,French Defense
7Hq606L0,black,,kingside,False,,76,French Defense
05uwcxcR,white,queenside,,False,,67,Queen's Pawn
IFA5YFSi,black,,,False,,117,Queen's Pawn Game
c9aUdwtX,white,,,False,,84,Queen's Pawn
1jsBjw9E,white,,,False,,36,Queen's Gambit
g68TeiBD,black,,,False,,51,French Defense
7OmaGZCz,white,kingside,,False,,83,Queen's Gambit
A1ThmY5K,white,,,False,,86,Queen's Pawn
X1fAxs1Z,white,,,False,,102,Queen's Pawn
SZNM5m7y,black,,,False,,113,Queen's Pawn Game
m88GCamK,black,,,False,,108,Queen's Gambit
puLBJCtO,white,kingside,,False,,116,Queen's Pawn
okrt3cxH,black,,,False,,95,Queen's Gambit
NeD1QQMK,black,,,False,,51,French Defense
L7gQT7xN,black,,kingside,False,,94,Irregular Openings
3vedK3lC,black,,,False,,71,Irregular Openings
c9Nxu088,white,,,False,,79,Queen's Pawn
EwkCn7at,black,,kingside,False,,75,French Defense
XLef085g,black,,kingside,False,,76,French Defense
s0hWbuO4,white,kingside,,False,,64,Queen's Pawn
ukTnmzgI,white,,,False,,108,Queen's Gambit
S1OrKyUM,white,,,False,,89,Queen's Pawn
P6oxF18b,black,,kingside,False,,107,English Opening
IfAZpPx8,white,kingside,,False,,104,Queen's Pawn
RBA6d8fq,white,kingside,,False,,128,Queen's Pawn
k5Zjx2yQ,black,,kingside,False,,79,Trompowsky Attack
yngZszzV,white,queenside,,False,,113,King's Indian Defense
zUXCVPND,white,kingside,,False,,65,Queen's Gambit
CmUODrsY,black,,queenside,False,,62,Trompowsky Attack
YgaOao7r,white,,,False,,96,Queen's Pawn
5iMnesPr,white,,,False,,99,Queen's Pawn
C4dnMkRK,white,,,False,,86,Queen's Pawn
tAL2aIUK,black,,kingside,False,,57,French Defense
8sK5VBGc,black,,kingside,False,,85,French Defense
k9eEaHt5,black,,,False,,46,Trompowsky Attack
vIVINCvC,white,,,False,,140,Grunfeld Defense
kWYrpar0,black,,kingside,False,,75,Queen's Pawn Game
bvE9EhmQ,white,queenside,,False,,110,Queen's Pawn
BFzU9OVe,black,,,False,,100,Reti Opening
vjhMmrRk,white,,,False,,83,Queen's Pawn
XSB2A7BC,white,kingside,,False,,99,Slav Defense
ezt33hDJ,black,,,False,,95,Reti Opening
BhVDgj3g,white,,,False,,111,Slav Defense
couwN1JD,black,,,False,,44,King's Indian Defense
GuB0PQHZ,white,,,False,,123,Slav Defense
Y7Gmh80H,white,,,False,,99,Queen's Pawn
Vw1oHguf,white,,,False,,94,Queen's Gambit
O8I3yICH,black,,queenside,False,,74,French Defense
Uzr1XpnE,white,kingside,,False,,160,Queen's Pawn
Kzy1N56Y,white,,,False,,63,English Opening
1zlB3387,black,,kingside,False,,54,Trompowsky Attack
TFJ1yLQw,white,queenside,,False,,106,Slav Defense
dCqZ80jg,black,,queenside,False,,77,Grunfeld Defense
Tn5SHZ1B,black,,,False,,68,Queen's Pawn Game
kzYmBE1V,black,,,False,,40,French Defense
lXrPR7yS,white,kingside,,False,,75,Queen's Pawn
Q7zLGGw9,black,,,False,,89,Queen's Pawn Game
ugLnE8sb,black,,kingside,False,,89,Queen's Pawn Game
LAaNM82j,black,,,False,,93,Queen's Gambit
mhnQXzw0,white,kingside,,False,,101,King's Indian Defense
fOuVw7KN,black,,kingside,False,,74,French Defense
6l9wOmfb,black,,kingside,False,,62,French Defense
mbzI6gBa,white,,,False,,33,Slav Defense
KYl7ITOB,white,queenside,,False,,140,Queen's Pawn
AZG0lDdh,white,,,False,,50,Queen's Pawn
c1ncXuRg,black,,,False,,30,Queen's Gambit
T4t2MQta,white,,,False,,101,Slav Defense
nPh7scY1,black,,queenside,False,,53,Grunfeld Defense
vAYvnkKD,black,,,False,,42,English Opening
M0AVQqJf,black,,kingside,False,,83,Irregular Openings
3QW6DvUo,white,queenside,,False,,82,Queen's Pawn
Gm9dhQNp,black,,,False,,50,French Defense
7elw3aQx,white,queenside,,False,,103,Slav Defense
78uUZxSr,white,kingside,,False,,92,Queen's Pawn
laJbQMjj,white,kingside,,False,,113,Queen's Gambit
Sw9S5RMt,white,,,False,,226,Queen's Gambit
47xAfBaJ,white,,,False,,103,English Opening
Q5ZnhQtB,white,kingside,,False,,48,Indian Defenses
FHdgLWWs,black,,kingside,False,,104,King's Indian Defense
tYnbLr6z,black,,kingside,False,,120,English Opening
QzqMlHrJ,white,kingside,,False,,71,Queen's Pawn
0AJiFbUY,white,,,False,,88,Queen's Pawn
1UbJverZ,black,,,False,,39,Irregular Openings
l9uVVwdt,black,,kingside,False,,82,Irregular Openings
sNBkVHOZ,black,,,False,,101,Queen's Gambit
k4spOQL5,black,,kingside,False,,55,Uncommon King Pawn
kWEYKjTN,white,,,False,,65,Slav Defense
xy7jupCn,white,kingside,,False,,105,Slav Defense
t0U8DVHc,black,,kingside,False,,46,Queen's Pawn Game
5INFhx9Y,black,,,False,,43,Irregular Openings
6R24vbEU,black,,,False,,89,French Defense
t3YQnyaz,black,,kingside,False,,53,Reti Opening
Tnu8peNC,white,,kingside,True,10,92,Indian Defenses
SQtAjtVZ,black,,kingside,False,,77,King's Indian Defense
uIyCT2Xj,black,,queenside,False,,69,Grunfeld Defense
F2OBbNSQ,white,,,False,,86,Queen's Pawn
gDwLrcje,black,,,False,,99,French Defense
pj9rELxq,black,,,False,,66,French Defense
GcgIMg3g,white,,,False,,78,Queen's Pawn
Gm29w3U4,white,kingside,,False,,44,Slav Defense
H7VZWSYq,black,,kingside,False,,73,French Defense
WoXANHy7,white,queenside,,False,,56,Queen's Pawn
5YxzMc3x,white,,,False,,104,Queen's Pawn
c7G9Fc02,black,,kingside,False,,50,Trompowsky Attack
KqAdbvCE,white,queenside,,False,,79,Slav Defense
RWWyEhyf,white,,,False,,64,Slav Defense
8XzGQk8O,white,,,False,,62,Queen's Pawn
XmRK1Ilk,black,,,False,,77,Irregular Openings
NFRSjQEd,white,kingside,,False,,76,Trompowsky Attack
kURvlJjp,white,,,False,,107,Slav Defense
Q1nI51iQ,black,,kingside,False,,37,Uncommon King Pawn
RDTLr2f9,black,,kingside,False,,50,Irregular Openings
ioJUAwaw,white,queenside,,False,,112,Queen's Gambit
99dbGepP,black,kingside,,True,35,201,Irregular Openings
UL9tXbgB,white,queenside,,False,,47,Queen's Pawn
06b00Yii,black,,,False,,91,Irregular Openings
uoOKqBWQ,black,,kingside,False,,81,Queen's Pawn Game
Q9Ey35S0,white,,,False,,111,Nimzo-Indian Defense
d6CtX8bG,white,kingside,,False,,111,Trompowsky Attack
Sn6UA3CG,white,kingside,,False,,51,Queen's Pawn
FQI44Frd,black,,kingside,False,,142,Irregular Openings
bU5b9ts0,black,,kingside,False,,118,Irregular Openings
MTMxnuKT,black,,kingside,False,,100,Queen's Pawn Game
nc1uhWFg,black,,,False,,40,French Defense
LpTvtuu1,black,,kingside,False,,114,King's Indian Defense
6fSm7xxp,black,,queenside,False,,128,French Defense
yGmSXOv0,black,,,False,,77,Irregular Openings
3TEi0Byx,black,,,False,,51,Queen's Gambit
c4VB7sxT,white,kingside,,False,,136,Queen's Gambit
kuFi00Tj,white,,,False,,55,Queen's Pawn
Bj2kllq2,black,,kingside,False,,72,King's Indian Defense
NqFBj1Vp,white,queenside,,False,,73,Trompowsky Attack
RC6hF41s,black,,,False,,72,Irregular Openings
PLSoPKiX,black,,kingside,False,,52,King's Indian Defense
Ur75S7zm,white,kingside,,False,,111,Queen's Gambit
1gXO2zoD,white,kingside,,False,,101,Queen's Pawn
oxVC0J22,white,,,False,,63,Grunfeld Defense
prhFtWHr,black,,queenside,False,,87,Reti Opening
5AGyjFrC,black,,,False,,80,Irregular Openings
9LvXYzWN,white,,,False,,86,Queen's Gambit
w0UEz8mA,white,,,False,,103,Indian Defenses
gX4DScZ7,black,,kingside,False,,64,French Defense
dBk8pubx,white,,,False,,6,Queen's Gambit
772Bkz07,white,kingside,,False,,93,Grunfeld Defense
b9bD9XHh,white,,,False,,35,Slav Defense
Yjy4e4bJ,black,,queenside,False,,74,French Defense
hZah1LU9,black,,kingside,False,,117,Grunfeld Defense
PAjEDAP8,white,kingside,kingside,True,14,237,Queen's Gambit
ftrN7yPh,black,,,False,,83,French Defense
p0Iim0ex,black,,queenside,False,,37,King's Indian Defense
s2nA2n7M,white,,,False,,95,Queen's Pawn
nY0wdnJ2,white,kingside,,False,,49,Queen's Pawn
sCnf8oom,white,,,False,,84,Queen's Pawn
a1smDnd3,black,,kingside,False,,67,Uncommon King Pawn
EkoIxTWI,white,,,False,,139,Nimzo-Indian Defense
MM944kEU,white,queenside,,False,,64,Reti Opening
SKsuU9GO,white,queenside,,False,,58,Queen's Pawn
qY2esMkV,white,kingside,,False,,121,Queen's Pawn
Nq6tfnoC,white,queenside,,False,,46,Queen's Pawn Game
jS9FAS9i,white,,,False,,58,Queen's Pawn
VpSVKflp,black,,kingside,False,,66,Uncommon King Pawn
rRtIQuBp,black,,kingside,False,,70,King's Pawn Game
R7C8sbbE,black,,kingside,False,,55,Trompowsky Attack
M2z0VIsc,white,,kingside,False,,99,Slav Defense
4nw70WHK,black,,,False,,140,French Defense
0sKKie1F,white,kingside,,False,,73,Queen's Gambit
xYgALTdW,black,,queenside,False,,51,Irregular Openings
FvhI9UqN,black,,kingside,False,,152,Trompowsky Attack
Pnj8HVss,white,,,False,,162,Trompowsky Attack
YoC39unw,black,,kingside,False,,45,Irregular Openings
FIo6SMEq,white,,,False,,86,Queen's Gambit
3KIRwpwt,black,,kingside,False,,43,King's Pawn Game
TbkCsv1x,white,,,False,,19,Indian Defenses
EGOGUalI,white,,,False,,113,Nimzo-Indian Defense
zIWYQXRc,black,,queenside,False,,200,French Defense
PtWCWW8D,black,,kingside,False,,47,Queen's Gambit
DJDodhEg,white,,,False,,78,Queen's Gambit
qWhyVeCC,black,,kingside,False,,64,King's Indian Defense
oB4p7CXl,black,,,False,,33,Queen's Gambit
DcvhPfAx,black,,,False,,88,Reti Opening
g4AMQ1kD,white,kingside,,False,,110,Queen's Pawn
6On90jVJ,black,,queenside,False,,57,French Defense
B7wFwHbU,white,queenside,,False,,143,Queen's Pawn
bNVvBseK,white,,,False,,41,Queen's Pawn
lA6MCHzc,black,,,False,,52,Queen's Pawn Game
FBQCr5Ir,black,,,False,,101,Uncommon King Pawn
Sr4y4kdE,black,,queenside,False,,123,Trompowsky Attack
gyBp2YuW,white,kingside,,False,,77,Queen's Pawn
L4NEJw7r,black,,,False,,58,Trompowsky Attack
ylwDm4RZ,black,,,False,,96,French Defense
hZ90GZs7,white,,,False,,172,Queen's Gambit
pHcmikOR,white,kingside,,False,,72,Trompowsky Attack
5PTNiX82,white,,,False,,69,Queen's Pawn
JNGv2xmG,black,,kingside,False,,90,Queen's Pawn Game
JPKJ62xZ,white,,,False,,63,Queen's Gambit
TXjhNHDS,white,kingside,,False,,163,Queen's Gambit
aooOBDcO,black,,kingside,False,,114,Irregular Openings
XfO5nvDn,white,,,False,,87,Queen's Pawn
kCkBbuWD,black,,queenside,False,,106,French Defense
60njhMYi,white,kingside,,False,,81,Queen's Gambit
vRPtRTXP,white,,,False,,65,Queen's Pawn
BvEeDiW5,black,,,False,,177,Queen's Gambit
khJ33Azu,white,kingside,,False,,44,Queen's Gambit
UoSX7HHW,white,,,False,,52,Queen's Gambit
WherW0XB,white,,,False,,76,Queen's Pawn
ef8u3DxC,black,,,False,,63,Uncommon King Pawn
CYpxrnXy,black,,,False,,179,French Defense
gaZIXjVg,black,,kingside,False,,97,Uncommon King Pawn
IKFnHUjM,white,kingside,,False,,118,Queen's Gambit
APcSAcTG,white,,,False,,34,Indian Defenses
5EYALRW1,black,,,False,,73,Irregular Openings
b6ln95Wv,black,,kingside,False,,143,Uncommon King Pawn
gIrYBXG5,white,kingside,,False,,64,Queen's Gambit
TzJd3u9v,black,,,False,,45,French Defense
tzI2cgMa,white,,,False,,75,Grunfeld Defense
p8ylzWyi,black,,kingside,False,,51,Queen's Gambit
rboWcpha,black,,,False,,54,Queen's Gambit
UcAERRt8,black,,kingside,False,,102,French Defense
OnFt1y4a,white,,,False,,33,Queen's Pawn
pY6rf0bm,white,,,False,,53,Slav Defense
kMSjtQ61,black,,kingside,False,,94,Reti Opening
44FzVR5M,white,,,False,,48,Grunfeld Defense
viL0o0lO,black,,kingside,False,,30,Irregular Openings
FdzUu3TP,black,,kingside,False,,61,French Defense
Nbewzj8B,white,queenside,,False,,39,Dutch Defense
VJL9w82Z,black,,,False,,121,Trompowsky Attack
BgNDaEYd,black,,kingside,False,,77,French Defense
nXLngCVM,white,kingside,,False,,37,Queen's Gambit
cZ3CqEYl,white,queenside,,False,,111,Slav Defense
ADXGzdjd,black,,,False,,114,Queen's Pawn Game
wvKrUAb5,white,,,False,,91,Queen's Gambit
PtaXuuUT,white,,,False,,81,Queen's Gambit
o43zK0k5,black,,,False,,55,Reti Opening
oPWRPpTd,black,,kingside,False,,37,Uncommon King Pawn
Cg2YwWoF,white,,,False,,95,Queen's Gambit
ZStNaGlv,white,,,False,,81,Queen's Gambit
v7cUD9Ym,black,,,False,,45,Queen's Gambit
PNcIlrox,white,,,False,,87,Reti Opening
tDetvgYs,black,,kingside,False,,142,Uncommon King Pawn
JqZzf3QM,white,,,False,,65,Queen's Gambit
YEvhkq3N,black,,,False,,60,French Defense
FTYBvF7n,black,,,False,,127,French Defense
rLTOwpWL,black,,,False,,59,King's Indian Defense
Myx0uC9u,white,,,False,,122,Grunfeld Defense
uWQrMovQ,white,queenside,,False,,147,Trompowsky Attack
S5w2m7C8,white,,,False,,81,Slav Defense
x9zRasyc,white,queenside,,False,,51,Queen's Gambit
pIzZKr07,black,,,False,,47,Irregular Openings
gzwcmWcS,white,,,False,,54,Queen's Gambit
5sEJbtUw,black,,kingside,False,,49,Irregular Openings
tfmfM7f4,black,,kingside,False,,57,Queen's Pawn Game
yvnXzctz,black,,kingside,False,,238,English Opening
x9ARecV5,black,,queenside,False,,87,French Defense
9s4rK7bE,black,,,False,,103,Reti Opening
NhIv6pYH,white,queenside,,False,,129,Slav Defense
Ct0Owa77,black,,kingside,False,,56,King's Indian Defense
LElazdXH,black,,kingside,False,,93,Uncommon King Pawn
1Y3l5uem,black,,,False,,105,Reti Opening
eGdu4E6Y,black,,,False,,90,Uncommon King Pawn
dcPMejIs,white,kingside,,False,,28,Queen's Gambit
hNadyYAk,white,,,False,,117,Slav Defense
pmk0YGx3,black,,kingside,False,,89,Reti Opening
84oLvlEo,white,queenside,,False,,122,Queen's Pawn
na9e7baa,white,kingside,,False,,63,Slav Defense
CxZ66Xev,white,,,False,,61,Slav Defense
yNRxozVU,black,,queenside,False,,61,French Defense
u1Hp7EX9,white,,,False,,132,Queen's Gambit
H60LFEvX,black,,kingside,False,,57,Queen's Pawn Game
tjP1jjFs,white,,,False,,77,Queen's Gambit
J5byJfSe,black,,queenside,False,,96,French Defense
89nOBAFB,white,queenside,,False,,83,Queen's Pawn
dX1fLtzy,white,kingside,,False,,69,Grunfeld Defense
rKDdq70c,white,,,False,,77,Slav Defense
taIeZ5Yg,black,,kingside,False,,33,Queen's Gambit
IIOYCiXh,black,,kingside,False,,81,Queen's Pawn Game
5lsKn5Vu,white,,,False,,21,Indian Defenses
90UdckEQ,black,,,False,,35,Queen's Gambit
nfiac6Sp,white,,,False,,40,Queen's Gambit
5cFCs8BF,white,,,False,,50,Queen's Gambit
I96Mpmly,white,kingside,,False,,57,Trompowsky Attack
jVUdyLQ7,black,,queenside,False,,55,Trompowsky Attack
fIYRehZ5,black,,queenside,False,,78,King's Indian Defense
DZ07U912,black,,queenside,False,,83,Trompowsky Attack
DFFaMo9R,black,,queenside,False,,99,French Defense
lDhGa6ia,black,,,False,,64,Irregular Openings
QleKaWap,white,,,False,,82,Queen's Gambit
MlfGyGUH,white,kingside,,False,,57,Trompowsky Attack
gA7s2pMw,white,,,False,,52,Queen's Gambit
qg4IeHxe,white,kingside,,False,,180,Queen's Gambit
lLtwZ6JH,black,,,False,,81,Queen's Pawn Game
f9bsfKfU,white,,,False,,88,Indian Defenses
tiPGCVKW,black,,kingside,False,,66,Queen's Pawn Game
Dg6XapNW,white,,,False,,34,Queen's Gambit
m1X9t836,black,,,False,,71,Trompowsky Attack
VV4tskhi,black,,,False,,109,Irregular Openings
ASqL3tUL,white,,,False,,66,Slav Defense
8NGPUTfu,white,kingside,,False,,27,Queen's Pawn
QZFT9X46,white,kingside,,False,,115,Queen's Pawn
9kJLPqTJ,black,,kingside,False,,82,Trompowsky Attack
VxId6R32,white,queenside,,False,,109,Dutch Defense
CqJiKDlY,black,,kingside,False,,83,Reti Opening
yik1t121,white,,,False,,98,Indian Defenses
IUUXTvTs,white,,,False,,46,Indian Defenses
S95QCjsT,white,,,False,,129,Indian Defenses
Jq7uiNEI,black,,queenside,False,,99,Queen's Pawn Game
sAzEkMm2,white,,,False,,140,Queen's Pawn
gh57SUgc,white,queenside,,False,,35,Slav Defense
kz6d7RJH,white,,,False,,84,Queen's Gambit
MJd6TMt7,white,kingside,,False,,110,Queen's Pawn
PmfIJTLL,black,,,False,,77,Irregular Openings
vSU7R5mU,white,kingside,,False,,113,Queen's Gambit
RsWph3mf,black,,,False,,73,French Defense
IrUR8cSi,white,kingside,,False,,83,Queen's Pawn
xz4FmbmV,white,kingside,,False,,68,Queen's Gambit
kG6HtZxi,black,,queenside,False,,49,Irregular Openings
FxE3AVLZ,black,,,False,,39,Irregular Openings
yKvlWIJj,white,,,False,,41,Queen's Pawn
2BnhyyUd,black,,,False,,38,French Defense
4U631atK,white,,,False,,66,Queen's Pawn
6aD4g9rE,white,queenside,,False,,69,Nimzo-Indian Defense
DYHbROpX,black,,,False,,58,Trompowsky Attack
VtS2FyJb,black,,kingside,False,,63,Reti Opening
onwAq8cs,white,kingside,,False,,93,Slav Defense
jpZ7iRZx,black,,,False,,41,French Defense
T1zbRPPK,white,queenside,,False,,118,Queen's Gambit
xoeHY8a8,black,,,False,,61,French Defense
aMvOqv9P,black,,kingside,False,,104,Uncommon King Pawn
jkzaJUSW,white,,,False,,63,Slav Defense
4bEJXVje,black,,,False,,79,Irregular Openings
z3mFwFKW,black,,kingside,False,,81,Trompowsky Attack
YT0iLJ4s,white,,,False,,78,Indian Defenses
I7WmlvTW,black,,,False,,65,Queen's Gambit
jwThiB8h,black,,,False,,137,Queen's Pawn Game
kb4aueTh,white,,,False,,99,Queen's Pawn
t3VI7NRw,white,kingside,,False,,43,Slav Defense
OPLVLXmh,black,,queenside,False,,106,French Defense
MLXD9KNr,black,,kingside,False,,51,French Defense
rdjY7Mqn,white,,,False,,95,Slav Defense
taNHez0d,white,queenside,,False,,92,Dutch Defense
ybJRkdA1,white,,,False,,55,Slav Defense
X3BxznRt,white,kingside,kingside,True,8,142,Queen's Gambit
5rSJVmSb,black,,kingside,False,,59,Queen's Pawn Game
24Smvg0I,black,,,False,,93,Irregular Openings
HanqxC7Y,black,,kingside,False,,83,Queen's Pawn Game
710lnf1r,black,,,False,,123,French Defense
z2uucrux,black,,,False,,88,Reti Opening
jPki2vHE,black,,kingside,False,,59,Uncommon King Pawn
Cl8uDkz6,black,,kingside,False,,98,King's Indian Defense
XmVcNqCZ,white,kingside,kingside,True,8,122,Queen's Gambit
G2IiHNi2,white,,,False,,54,Queen's Pawn
Qbor3rKc,white,,,False,,66,Indian Defenses
zTNmeuEU,black,,,False,,49,Queen's Gambit
1BC8Su3R,white,,,False,,99,Queen's Pawn
aHUcyjPT,white,,,False,,60,Queen's Pawn
2GIaBoXr,black,,kingside,False,,60,English Opening
o2aSKQVb,black,,queenside,False,,91,English Opening
ggfEbYBK,black,,,False,,67,French Defense
wX2pJEEs,white,,,False,,127,Queen's Gambit
PWeaYTmu,white,queenside,,False,,49,Queen's Pawn
ZbzziFJl,white,,,False,,104,Slav Defense
XbK1oAFe,white,,,False,,23,Queen's Pawn
DIisRpqU,white,,,False,,100,Queen's Gambit
8rGitLfR,black,,,False,,49,Trompowsky Attack
e9viHyxf,white,,,False,,16,Slav Defense
qkBNgQ8q,black,,,False,,86,Queen's Pawn Game
3cK54of0,white,kingside,,False,,58,Slav Defense
61Z6JI0I,white,,,False,,80,Queen's Pawn
H7l5D8wI,white,,,False,,71,Queen's Pawn
dP0WyGRf,white,,,False,,110,Queen's Pawn
QUB90vgk,white,kingside,,False,,58,Queen's Gambit
PN5NCcmb,black,,,False,,62,Queen's Pawn Game
05OSeyBO,white,,,False,,103,Queen's Gambit
oP7ckGPZ,white,kingside,,False,,88,Queen's Gambit
28zFX9Hc,white,,,False,,113,Queen's Gambit
ZYqTa7jM,white,,,False,,77,Queen's Gambit
rY1i0EXe,black,,,False,,57,Trompowsky Attack
6VtDM1ma,white,,,False,,178,Queen's Pawn
GGicOhKC,white,,,False,,54,Queen's Pawn
GRN3ps9K,white,,,False,,53,Slav Defense
5hFm7bCl,white,,,False,,92,Queen's Pawn
2kyMOmn6,black,,kingside,False,,56,Uncommon King Pawn
Gq1UrSrG,black,,queenside,False,,158,King's Indian Defense
Dw8jXag0,white,,,False,,115,Queen's Pawn
oXrFsxrq,black,,kingside,False,,77,French Defense
Jmz4JCQx,white,kingside,,False,,36,Queen's Pawn
frwkRTVO,black,,,False,,62,Queen's Pawn Game
hZDLL5gb,white,,,False,,53,Slav Defense
yCoZpA6l,black,,kingside,False,,141,Queen's Pawn Game
8KZo5JC6,black,,kingside,False,,155,French Defense
tzpAeg0H,black,,,False,,35,Trompowsky Attack
noAj5UtF,black,,kingside,False,,123,French Defense
ymL24s1J,white,,,False,,102,Queen's Pawn
AkwGnWta,black,,kingside,False,,56,Uncommon King Pawn
GVXwPfPK,white,,,False,,121,Queen's Pawn
GKUHqG7C,black,,kingside,False,,59,Reti Opening
72l3Dim9,white,,,False,,22,Queen's Pawn
VUPMpb6o,black,,queenside,False,,74,French Defense
N4NdoBZg,white,kingside,,False,,101,Queen's Gambit
OoqkTLlE,black,,,False,,61,Trompowsky Attack
aK1ctpuJ,black,,,False,,26,Reti Opening
lI6Q9oJI,white,,,False,,48,Slav Defense
SKzgg7uC,black,,kingside,False,,112,Trompowsky Attack
e7pocvtb,black,,,False,,21,Trompowsky Attack
8aaUtmhi,black,,,False,,8,Queen's Pawn Game
IZk3m7xv,black,,,False,,35,Trompowsky Attack
J21ILZyK,white,kingside,,False,,80,Queen's Gambit
8F0m6Y7r,black,,,False,,62,Queen's Pawn Game
07bma77g,black,,kingside,False,,77,Queen's Pawn Game
nyH5T58B,black,,queenside,False,,59,Uncommon King Pawn
n6ysqIbM,white,,,False,,115,Queen's Gambit
1c6KL5dU,white,,,False,,90,King's Indian Defense
IVAGVkat,black,,,False,,93,Queen's Pawn Game
B9YlD2yt,black,,kingside,False,,32,French Defense
kdkcJQjw,black,,kingside,False,,67,Queen's Pawn Game
HSJhLcdJ,black,,kingside,False,,107,French Defense
FB9uq3zf,white,kingside,,False,,94,Queen's Gambit
D30MWvfU,white,,,False,,87,Queen's Gambit
2Lm6DcAk,white,,,False,,37,Queen's Pawn
weqGr2Wb,black,,kingside,False,,65,French Defense
bjfEbBRe,white,kingside,,False,,70,Slav Defense
b9GFyUD7,black,,kingside,False,,42,French Defense
KC2v5ncZ,white,kingside,,False,,45,Queen's Gambit
vThpgMF9,black,,,False,,140,Irregular Openings
Ce5Peeu5,black,,,False,,68,Reti Opening
SOeo8GhJ,white,,,False,,56,King's Indian Defense
wz3QQT1I,black,,kingside,False,,100,French Defense
lFjfIo5r,white,kingside,,False,,87,Queen's Gambit
wZxs9Kbd,white,,,False,,80,Slav Defense
dQ1KDDRm,black,,,False,,73,French Defense
pcTz1o9t,white,queenside,,False,,85,Queen's Gambit
qEurEHtZ,black,,kingside,False,,86,French Defense
dEpwHOSt,white,kingside,,False,,70,Queen's Pawn
XpfdbDYi,black,,kingside,False,,50,King's Indian Defense
0XAej9Ac,black,,kingside,False,,50,French Defense
KICTgT3B,black,,,False,,104,Queen's Pawn Game
kQaVN2PO,white,queenside,,False,,45,Slav Defense
lcrAcTfD,white,queenside,kingside,True,10,69,Slav Defense
izx39UqR,black,,,False,,56,French Defense
Mm3vUymp,white,kingside,,False,,101,Slav Defense
QwYbspw7,black,,queenside,False,,93,Trompowsky Attack
o6ue0ZIW,white,,,False,,130,Queen's Gambit
9SZHQPT1,white,,,False,,61,Trompowsky Attack
zZu28Vbc,white,queenside,,False,,102,Queen's Pawn
qVA3fIUE,white,,,False,,40,Queen's Gambit
5KeWt8j7,black,,,False,,73,French Defense
MbZOdx87,white,kingside,,False,,131,Queen's Gambit
dhcrFNZY,black,,,False,,73,King's Indian Defense
43OZORLh,white,queenside,,False,,64,Indian Defenses
WvNrME6m,white,kingside,,False,,45,Queen's Pawn
ytirZL1b,white,,,False,,93,Queen's Pawn
gEpX1yg7,black,,,False,,49,Irregular Openings
NWgbNzvy,white,queenside,,False,,80,Queen's Pawn
DJ4nKubJ,black,,,False,,68,King's Indian Defense
nmmmkQci,black,,kingside,False,,153,Uncommon King Pawn
bhG82Fzi,white,,,False,,92,Grunfeld Defense
DU1jkSok,white,,,False,,97,Slav Defense
a2sMTavr,black,,,False,,67,English Opening
d9QY7T8C,black,,,False,,37,Irregular Openings
G56ltyqI,black,,kingside,False,,101,King's Indian Defense
6wKqquKy,white,queenside,,False,,74,Queen's Pawn
oCdrQqkb,white,,,False,,95,Queen's Gambit
5YD0JqWZ,black,,,False,,74,Queen's Pawn Game
WgcCscNm,black,,,False,,43,Queen's Pawn Game
wD0MAeWn,black,,,False,,95,Irregular Openings
xqMwfmen,black,,kingside,False,,82,King's Indian Defense
nBzvfx0d,black,,kingside,False,,51,French Defense
RM77aKt3,white,,,False,,57,Queen's Gambit
GPiFXeVB,white,,,False,,107,Slav Defense
VqqB9NIG,black,,,False,,52,French Defense
AU67nwNW,white,,,False,,78,Queen's Gambit
iEdwYlRP,white,,,False,,75,Nimzo-Indian Defense
Tph80sjt,white,queenside,,False,,147,Slav Defense
hiIlb4NJ,black,,kingside,False,,49,French Defense
nyxPmyyd,black,,kingside,False,,65,French Defense
g9kPkNGi,white,,,False,,92,Queen's Gambit
fkB3uk0S,white,queenside,,False,,76,Queen's Pawn
op6Iyfl5,white,,,False,,86,Queen's Gambit
3k2jEl0h,black,,,False,,104,Queen's Pawn Game
ZVJoVmn0,black,,,False,,86,Queen's Pawn Game
YcWpb2ba,black,,,False,,32,Irregular Openings
Cn3hyiJb,black,,,False,,28,French Defense
YnA4BNDA,black,,kingside,False,,110,French Defense
hXK1rmNr,white,,,False,,43,Queen's Gambit
8j1W6xKo,white,,,False,,96,Queen's Gambit
u8rTa55G,black,,,False,,114,French Defense
uDD2Uqpv,white,queenside,,False,,66,Dutch Defense
zkkzgPIe,black,,,False,,68,Uncommon King Pawn
2280sOY6,white,,,False,,114,Queen's Pawn
lPOJIDqh,white,,,False,,71,Queen's Pawn
9yzAvHRC,black,,,False,,35,Trompowsky Attack
0toYedP0,black,,,False,,62,Queen's Pawn Game
x086Gk2h,black,,kingside,False,,62,Trompowsky Attack
i6SPysLh,white,,,False,,100,Queen's Gambit
kkXTvPmZ,black,,,False,,9,King's Indian Defense
Ir1WzJXt,black,,kingside,False,,61,Trompowsky Attack
7HS3KSeH,black,,,False,,95,French Defense
ChtmqHHt,white,,,False,,73,Queen's Gambit
PqYcb1at,white,,,False,,84,Queen's Gambit
80kNDsCa,black,,queenside,False,,61,Trompowsky Attack
VJTeIrbX,white,queenside,,False,,118,Indian Defenses
k5kwL2Pc,black,,kingside,False,,41,King's Indian Defense
KwbcCewM,black,,,False,,83,English Opening
kuFy0Ape,black,,,False,,87,Queen's Pawn Game
Ma4T515e,white,kingside,,False,,82,Queen's Gambit
TyxyM3ew,black,,,False,,81,Queen's Pawn Game
4zXOWRJd,black,,,False,,80,French Defense
D1NOUN7w,white,,,False,,56,Indian Defenses
4JBJaCr0,black,,kingside,False,,113,Irregular Openings
9rCRUh2Z,black,,,False,,70,Uncommon King Pawn
lKj5alCq,black,,queenside,False,,89,King's Indian Defense
OpEoaqZS,white,,,False,,93,Slav Defense
bYZ2cLgr,black,,kingside,False,,100,French Defense
Jer5Ovdw,black,,kingside,False,,39,French Defense
VQKWS0pk,black,,kingside,False,,46,Queen's Gambit
4TqCEDV2,white,queenside,,False,,58,Queen's Gambit
icYO2g0r,white,,,False,,101,Queen's Pawn
dbYIBC4H,black,,kingside,False,,93,Uncommon King Pawn
oMS6YAah,white,,,False,,28,Queen's Pawn
8ThcOGQV,black,,queenside,False,,72,King's Pawn Game
kBLkcXRe,black,,,False,,78,Uncommon King Pawn
usopaHL7,black,,kingside,False,,39,French Defense
QI4Mu10F,black,,,False,,61,French Defense
c6s9r3FZ,white,,,False,,123,Slav Defense
XAbqJMhq,black,,kingside,False,,23,English Opening
X0QGJdUG,white,,,False,,77,Grunfeld Defense
rhdzhFKu,black,,,False,,73,Uncommon King Pawn
wFxk7OnT,black,,,False,,35,French Defense
neFW5ym2,white,queenside,,False,,61,Queen's Pawn
c5KAcFDS,white,,,False,,64,Queen's Gambit
RcwVMj3Y,white,,,False,,108,Slav Defense
lfbwDNis,white,queenside,,False,,129,Slav Defense
5jJP0jcz,black,,,False,,24,King's Indian Defense
fARRqsFp,white,,,False,,105,Queen's Gambit
hx2Rg2SO,black,,,False,,48,Queen's Pawn Game
hIzbtk9z,black,,kingside,False,,112,King's Indian Defense
Jeswvjlu,black,,,False,,78,Trompowsky Attack
3JVAgRgk,black,,kingside,False,,61,Queen's Pawn Game
gAb3n1X2,white,,,False,,52,Queen's Pawn
akXXc0Ru,black,,kingside,False,,64,English Opening
6oa9Gl2L,black,,kingside,False,,74,French Defense
viJGpEeT,black,,,False,,56,Irregular Openings
MZTOTe3R,black,,,False,,46,Irregular Openings
QpJhaOkB,black,,,False,,63,Irregular Openings
g5Sse6HC,black,,kingside,False,,108,French Defense
E8dGVFpg,white,,,False,,161,Slav Defense
BNaZ1V6J,black,,,False,,73,Irregular Openings
oy8Empc4,black,,,False,,78,Queen's Pawn Game
SSLH52mA,white,,,False,,48,Indian Defenses
GPtd0rvH,white,,,False,,94,Queen's Gambit
K3059xZS,white,kingside,,False,,105,Trompowsky Attack
xVeLmNrW,black,,kingside,False,,66,French Defense
wFmvQlEx,white,queenside,,False,,50,Queen's Gambit
q96RMaNn,black,,,False,,64,King's Indian Defense
9JMmxg6L,black,,,False,,77,Uncommon King Pawn
Izp2SziK,black,,kingside,False,,50,French Defense
4JdO12sH,black,,kingside,False,,71,Irregular Openings
ps1nh81F,black,,,False,,34,French Defense
I0wourGU,white,,,False,,116,Queen's Gambit
HF1rNcvP,black,,queenside,False,,32,Trompowsky Attack
Cs7f8gaY,white,queenside,,False,,112,Queen's Pawn
n7cm6Gc4,black,,kingside,False,,64,English Opening
xHbmjs4Z,white,queenside,queenside,True,10,295,Queen's Gambit
eMcnKLc8,white,,,False,,35,Queen's Gambit
7BNIaiAF,black,,,False,,33,French Defense
oGRxDQev,black,,,False,,38,Queen's Gambit
9O4seEIi,white,,,False,,21,Queen's Gambit
qTZGNWkH,black,kingside,queenside,True,11,216,French Defense
cJ4r0Z1k,white,queenside,,False,,50,Trompowsky Attack
NLlAr6qD,black,,kingside,False,,95,King's Indian Defense
kmqg5vCb,white,,,False,,25,Queen's Pawn
qApFrFfS,white,kingside,,False,,97,Queen's Gambit
UyAcEouX,black,,kingside,False,,33,French Defense
DOVbdlg2,black,,,False,,84,Irregular Openings
dYW6o8OB,white,,,False,,125,Queen's Gambit
wpDT1LTj,black,,queenside,False,,53,Uncommon King Pawn
KGEAJMMN,black,,,False,,49,Irregular Openings
HrQ19I1z,black,,queenside,False,,46,French Defense
u7rNXmYl,white,,,False,,48,Indian Defenses
smFOt4O3,black,,kingside,False,,93,Irregular Openings
CPOzIhdA,white,,,False,,67,Indian Defenses
aW91xNz4,white,,,False,,39,Slav Defense
PeLpeu6y,black,,kingside,False,,57,Uncommon King Pawn
nwXEki2I,black,,,False,,119,English Opening
dnAgyAOT,black,,,False,,91,Trompowsky Attack
2ues392O,black,,kingside,False,,81,Uncommon King Pawn
UlG5vWkH,white,kingside,,False,,67,Queen's Gambit
qQSvM927,white,,,False,,102,Queen's Pawn
K6UkAEo4,black,,,False,,43,Queen's Pawn Game
2mfeeKrm,black,,kingside,False,,96,Trompowsky Attack
GK3jUGz0,white,kingside,,False,,135,Slav Defense
dJFdFP1t,black,,,False,,97,Queen's Pawn Game
mNCSf2Kc,white,kingside,,False,,86,Queen's Gambit
F5B1A8hK,black,,,False,,82,Queen's Pawn Game
6eqpqnae,black,,kingside,False,,79,Queen's Pawn Game
YRB8L9hG,black,,,False,,109,Queen's Gambit
ozXQsZHF,black,,kingside,False,,72,French Defense
9Yzy208b,black,,,False,,52,Uncommon King Pawn
LgATdAt2,white,kingside,,False,,54,Queen's Gambit
0KERMrb1,white,,,False,,114,Grunfeld Defense
bS5tm9qP,white,kingside,,False,,111,Queen's Gambit
EYR5ITRE,black,,kingside,False,,120,French Defense
nERj8YTR,white,kingside,,False,,59,Queen's Gambit
ZXZ1T78X,white,queenside,,False,,60,Dutch Defense
F2x0JPfF,white,,,False,,101,Slav Defense
9EdYKu2g,white,,,False,,54,Queen's Pawn
Cq0MmLYQ,white,,,False,,72,Queen's Gambit
s0jgMFiD,white,queenside,,False,,108,Queen's Pawn
T7jGyRdd,white,,,False,,53,Slav Defense
uiucCdJh,white,,,False,,73,Queen's Gambit
Wd4RVeo8,black,queenside,kingside,True,11,270,Uncommon King Pawn
sLwLNeoi,black,,kingside,False,,82,Irregular Openings
GPY0KzQB,black,,kingside,False,,100,Queen's Pawn Game
ZJ0lHAuP,black,,kingside,False,,122,Irregular Openings
2JGQbItM,black,,kingside,False,,90,King's Indian Defense
GIhOkr29,black,,kingside,True,21,126,French Defense
iqQouPLm,black,kingside,kingside,True,10,189,French Defense
82qLOCBL,black,,kingside,False,,57,Trompowsky Attack
HfZiNHyp,white,kingside,,False,,92,Queen's Gambit
3jptLyzL,white,,,False,,116,Slav Defense
9JGWt5qi,white,kingside,,False,,65,Queen's Pawn
uklzZDOq,white,,,False,,9,Slav Defense
RtqHMjiN,black,,,False,,8,French Defense
91SKss93,white,kingside,,False,,88,Queen's Gambit
P3JeEYZp,black,,,False,,29,English Opening
B22RP0XE,black,,queenside,False,,76,Queen's Gambit
CG8K0EFy,white,,,False,,67,Slav Defense
keEXLrtc,white,queenside,,False,,104,Queen's Pawn
LQCjdBDz,black,,kingside,False,,146,King's Indian Defense
4Opq3ExD,black,,,False,,99,French Defense
POsyRMsc,white,,,False,,64,Slav Defense
gKj4hhBW,white,,,False,,48,Queen's Pawn
FgUSbDdG,white,,,False,,57,Indian Defenses
cewMqCVV,white,kingside,,False,,66,Queen's Gambit
xXwWFDsD,white,kingside,,False,,67,King's Indian Defense
ek2QLnBb,white,,,False,,108,Queen's Gambit
XGYZidrC,white,,,False,,87,Queen's Gambit
53s3OIk4,black,,kingside,False,,93,Trompowsky Attack
N3CGcw6c,white,,,False,,108,Dutch Defense
f188y1Eg,black,,kingside,False,,103,Trompowsky Attack
NEmBO3VA,black,,,False,,38,French Defense
1cTJrAix,black,,kingside,False,,95,Queen's Pawn Game
xehbos8R,black,,,False,,61,Trompowsky Attack
XsGeYRnI,white,,,False,,55,Queen's Gambit
FAWG6V1I,white,,,False,,118,Queen's Gambit
013kbUkk,white,queenside,,False,,87,Queen's Pawn
bq0XIS5q,white,,,False,,158,Indian Defenses
lVRoYVgj,white,queenside,,False,,76,Slav Defense
yS7au8BD,white,,,False,,63,Queen's Gambit
765p5lk8,black,,queenside,False,,38,French Defense
eLh5C8nD,white,queenside,,False,,79,Queen's Pawn
fDXp2GJY,black,,,False,,52,Irregular Openings
kPwiygYg,black,,,False,,66,English Opening
6JmUKjnd,white,kingside,,False,,78,Queen's Pawn
Xiz4FTUo,white,,,False,,74,Queen's Pawn
EETnpsFY,white,,,False,,81,Queen's Pawn
4v6bF1I4,black,,queenside,False,,43,French Defense
IJ0wBp1E,black,,kingside,True,8,166,Uncommon King Pawn
zfxg2H2t,white,queenside,,False,,72,Queen's Pawn
Bdclsamp,white,,,False,,78,Queen's Pawn
mPlmOVEM,white,kingside,,False,,92,Queen's Pawn
qJWXjxCU,white,,,False,,124,Queen's Pawn
uge5y2Th,black,,kingside,False,,59,French Defense
S9V4BWcY,black,,kingside,False,,54,Irregular Openings
QjyQDePY,white,kingside,,False,,118,Queen's Gambit
UGm255NN,white,,,False,,106,Queen's Gambit
HbRCNmcb,white,,,False,,68,Queen's Pawn
74xpZ07N,white,kingside,,False,,123,Slav Defense
vVRhLhjp,black,,,False,,89,French Defense
p9piPjpn,white,,,False,,11,Queen's Pawn
LrE370Bg,black,,,False,,7,King's Indian Defense
gM8kw82k,black,,queenside,False,,44,French Defense
M6dOjtQl,white,,,False,,82,Queen's Pawn
B0G3lOID,white,,,False,,105,Queen's Gambit
iksDwFhr,white,kingside,kingside,True,11,211,Queen's Gambit
LvL4FyGy,black,,,False,,104,Queen's Pawn Game
2ERlXG5B,white,kingside,,False,,72,Queen's Gambit
AFdRVT0R,white,,,False,,11,Queen's Pawn
YT9Wx3lQ,black,,,False,,78,Queen's Pawn Game
2NZ0NBtw,white,,,False,,111,Queen's Pawn
gRa7lYsG,white,,,False,,45,Slav Defense
tNnMIR4f,white,,,False,,84,Queen's Pawn
GZZyhYHM,white,,,False,,142,Queen's Pawn
e9ZphVkL,black,,kingside,False,,64,Irregular Openings
HEN3ASiy,white,,,False,,51,Slav Defense
MAByRSPi,black,,kingside,False,,87,Queen's Pawn Game
j88FnlOa,black,,,False,,37,English Opening
BYXRRpst,white,,,False,,59,King's Indian Defense
Hrywwa9D,white,kingside,,False,,45,Grunfeld Defense
JkIyg2jx,black,,queenside,False,,48,French Defense
3JLbkBNn,black,,,False,,63,Irregular Openings
wvvCPKiK,black,,,False,,74,French Defense
1OO34vkB,black,,,False,,37,English Opening
Hzq47NRU,white,kingside,,False,,73,Queen's Pawn
vn5Gjqcn,white,kingside,queenside,False,,103,Queen's Gambit
N6m6lBFw,black,,,False,,108,Queen's Pawn Game
s17uWsUN,white,,,False,,139,Slav Defense
nEOZoTn0,white,queenside,,False,,106,Queen's Pawn
dcciHS22,black,,,False,,86,Queen's Pawn Game
Oixme4La,black,,kingside,False,,66,Queen's Gambit
16SBwL2V,white,,,False,,34,Queen's Gambit
PlH2owAm,white,,,False,,15,Queen's Pawn
7hTVsk4l,black,,,False,,140,French Defense
JvnhggQo,black,,kingside,False,,64,English Opening
lzrVvqax,black,,queenside,False,,49,King's Indian Defense
MTJ6jNCM,black,,queenside,False,,106,King's Indian Defense
A0G2K42s,white,,,False,,29,Queen's Gambit
QM1bbpw8,white,queenside,,False,,85,Queen's Pawn
bDY2Qrdi,white,queenside,,False,,79,Queen's Gambit
8mniMCVs,white,,,False,,97,Queen's Gambit
OtDHFf4t,black,,kingside,False,,101,Queen's Pawn Game
zdZOQHaw,white,,,False,,15,Queen's Pawn
mhNX9Sjq,white,,,False,,69,Slav Defense
Q2pQpN7g,white,,,False,,101,Queen's Pawn
WNzuNwzw,white,kingside,,True,25,103,Queen's Gambit
hqSvdIXe,white,,,False,,76,Queen's Gambit
OeP3yr2k,black,,queenside,False,,94,Trompowsky Attack
eatxJZu8,black,,kingside,False,,61,Queen's Pawn Game
shhhTeF8,white,queenside,kingside,False,,82,Queen's Pawn
tjZ6aK4F,black,,kingside,False,,40,Uncommon King Pawn
T70ghf6i,black,,kingside,False,,98,King's Indian Defense
KuMxxeKH,white,,,False,,45,Slav Defense
p04qH0vz,black,,kingside,False,,114,King's Indian Defense
cBOsQpIN,white,,,False,,121,Slav Defense
1PZyqK9j,white,,,False,,31,Slav Defense
Mrk5BhwV,white,kingside,,False,,54,Queen's Gambit
8hKoF0Mv,black,,queenside,False,,61,French Defense
BvecXg5P,white,,,False,,122,Queen's Pawn
jgXbNM7b,white,kingside,,True,22,262,Queen's Gambit
0HCyNOXK,white,kingside,,False,,87,Trompowsky Attack
hmwMsO2y,white,,,False,,26,Indian Defenses
WhR5Pr1k,white,,,False,,126,Slav Defense
XmSTY0Ob,white,,,False,,98,Queen's Gambit
wGb9ctzm,black,,kingside,False,,58,King's Indian Defense
Q6JOD9fl,black,,kingside,False,,48,French Defense
5VHlis9z,white,,,False,,48,Indian Defenses
ADp45SXq,black,queenside,kingside,True,20,250,Irregular Openings
hdgiDTm7,white,kingside,,False,,66,Slav Defense
zNnZcHJE,black,,queenside,False,,107,French Defense
QMtOyHyK,white,,,False,,82,Queen's Pawn
VF6pnIFN,white,queenside,,False,,75,Trompowsky Attack
6t2UZLji,black,,kingside,False,,85,King's Indian Defense
YEBk22x3,white,,,False,,26,Queen's Pawn
z8lm39Yr,white,,,False,,117,Trompowsky Attack
J3jFGBlP,black,,kingside,False,,83,Irregular Openings
sBXUf4FG,black,,,False,,64,Irregular Openings
OX8FbOhc,black,,queenside,False,,60,French Defense
O5pJLbiR,white,,,False,,66,Queen's Gambit
5cv3QA9f,black,,,False,,49,Irregular Openings
eDadC38Y,white,queenside,,False,,65,Queen's Pawn
qAoADsX1,white,kingside,,False,,75,Queen's Pawn
XddvFPQX,black,,kingside,False,,52,French Defense
eoVpMTYi,white,,,False,,105,Queen's Gambit
8X4fzHV1,white,kingside,,False,,66,Queen's Gambit
7TCzJ1IC,black,,,False,,98,Queen's Pawn Game
W6Wp7lzV,black,,kingside,False,,25,Irregular Openings
6kq88uhQ,white,,,False,,51,Queen's Pawn
AF02QQjg,black,,,False,,48,Queen's Pawn Game
gQs5wsNb,black,,,False,,47,Irregular Openings
tmo2AmcI,white,kingside,,False,,63,Dutch Defense
nDuIpdgS,black,,,False,,22,French Defense
kjZ1xPL1,white,kingside,,False,,71,Dutch Defense
P9PErPJ2,black,,,False,,68,Uncommon King Pawn
mU3TuneR,white,queenside,,False,,62,Queen's Pawn
G0Mr6foq,black,,kingside,False,,65,French Defense
PzYYhBgQ,black,,kingside,False,,92,Reti Opening
U0infqeK,black,,,False,,67,Queen's Pawn Game
aTuD1yXY,white,kingside,,False,,104,Trompowsky Attack
E0IcZfgt,black,,kingside,False,,199,Trompowsky Attack
MOCv2DsP,black,,kingside,False,,104,Irregular Openings
bH0egiy3,white,,,False,,89,Slav Defense
H7t8gWZL,white,kingside,,False,,135,Slav Defense
f71hu66u,white,kingside,,False,,62,Queen's Gambit
0vWTopWP,white,,,False,,88,Queen's Pawn
PHID6XDX,black,,kingside,False,,62,Queen's Pawn Game
uzJ3RGod,white,,,False,,146,Queen's Gambit
NcXPHEIy,white,,,False,,119,Slav Defense
ZyrDOUjQ,black,,,False,,81,French Defense
iDD8899P,white,,,False,,57,Slav Defense
IISqCNT6,black,,kingside,False,,92,Irregular Openings
eu59jhTF,white,kingside,,False,,82,Queen's Pawn
WZS7pgnj,white,,,False,,50,Queen's Pawn
ZE7HXWfW,white,queenside,kingside,True,10,259,Queen's Gambit
JzY7bH7K,black,,kingside,False,,49,French Defense
9npJWieW,white,,,False,,113,Queen's Pawn
fQl8LskR,white,,,False,,94,Queen's Pawn
jhtWwmax,white,queenside,,False,,96,Queen's Pawn
xKNgR85R,white,,,False,,75,Queen's Gambit
FLX4nQIg,black,,kingside,False,,64,English Opening
dyAIKghF,white,,,False,,70,Queen's Pawn
2K5H491h,white,,,False,,19,Queen's Gambit
HYTPdBQc,black,,,False,,157,Irregular Openings
jtMUJlz2,black,,kingside,False,,64,English Opening
777osYOa,black,,,False,,110,French Defense
txBXuv6M,white,,,False,,31,Queen's Pawn
y1ACmpXS,black,,kingside,False,,43,French Defense
0bzEglId,black,,,False,,24,French Defense
cuJcGkpa,white,kingside,,False,,56,Indian Defenses
tL0NVlVe,white,,,False,,31,Queen's Pawn
6xYDrlTl,white,,,False,,65,King's Indian Defense
lih7UsZN,black,,,False,,142,Queen's Gambit
LW0GQAiK,white,kingside,,False,,77,Trompowsky Attack
aZlGvhPX,black,,,False,,114,French Defense
m0EKuOTU,white,kingside,,True,6,118,Queen's Gambit
wv8PGw4S,white,,,False,,74,Dutch Defense
2hKukUPR,black,,kingside,False,,76,King's Indian Defense
Eu5Xpxtl,black,,kingside,False,,71,Irregular Openings
mWKMdbfB,black,,,False,,54,French Defense
Gq5D0Snk,white,,,False,,148,Queen's Pawn
V1cabfRD,black,,,False,,76,Irregular Openings
S7I30W0U,black,,kingside,False,,187,King's Indian Defense
IKtm746Z,black,,kingside,False,,154,King's Indian Defense
elgL9HnP,black,,kingside,False,,99,Irregular Openings
krc7eE3r,white,,,False,,19,Queen's Gambit
7GHcgLjR,black,,kingside,False,,120,French Defense
ACFMuKi3,black,,queenside,False,,88,French Defense
Tzb9lsLa,white,,,False,,57,Queen's Gambit
aNJhyF6c,black,,kingside,False,,29,French Defense
1BNqRePR,white,queenside,,False,,49,Nimzo-Indian Defense
Bw6yRRpa,black,,kingside,False,,49,French Defense
4aEr7vtg,white,,,False,,48,Queen's Pawn
TNxrEgYj,white,,,False,,31,Queen's Pawn
RMOdZgRF,black,,kingside,False,,136,French Defense
5DyRBIrJ,black,,,False,,114,French Defense
rpIAkG1s,black,,kingside,False,,103,Irregular Openings
BTjcsGLU,black,,,False,,8,English Opening
8wvBKcvg,black,,,False,,42,French Defense
RvcLikPs,black,kingside,kingside,False,,310,Reti Opening
HwFXAj4H,black,,kingside,False,,57,Queen's Pawn Game
Chbhdnpe,black,,queenside,False,,51,Queen's Gambit
ZEVSIYes,white,,,False,,14,Queen's Gambit
VJ4p2ZZZ,black,,,False,,112,Queen's Pawn Game
fqozO8vv,black,,,False,,122,Trompowsky Attack
Bn3nHZQq,white,kingside,,False,,69,King's Indian Defense
Axaoo7IZ,white,,,False,,59,Slav Defense
rrfY9GCI,white,kingside,,False,,148,Queen's Gambit
dlnVfsys,black,,kingside,False,,42,King's Indian Defense
jJVcphp4,black,,kingside,False,,90,King's Indian Defense
kr92SxnR,black,,,False,,21,Trompowsky Attack
UeqNHAVm,black,,kingside,False,,65,King's Indian Defense
k3U5VQcl,white,,,False,,105,Queen's Gambit
k6fslvRT,white,,,False,,46,Indian Defenses
ykptVaDe,black,,kingside,False,,62,King's Indian Defense
gFdf5FkI,black,,,False,,94,Irregular Openings
NaruuJd7,black,,,False,,53,English Opening
jIkPorQ4,black,,kingside,False,,23,French Defense
EPW432Cq,white,,,False,,63,Queen's Pawn
6YJXsTI7,black,,,False,,112,Queen's Pawn Game
OjJuuPqF,black,,kingside,False,,52,Uncommon King Pawn
cWfmGpRV,black,,,False,,33,Irregular Openings
tPCmk9cv,black,,,False,,65,French Defense
A0ECfKqD,white,,,False,,86,Queen's Pawn
kOgM6nz8,black,,kingside,False,,57,Queen's Pawn Game
eobVHdJ6,white,,,False,,72,Queen's Pawn
725FAiIc,white,kingside,,False,,73,Slav Defense
scFyamVj,white,kingside,,False,,74,Queen's Gambit
DpkOIksA,black,,,False,,62,Queen's Pawn Game
Ur5i21A8,white,kingside,,False,,58,King's Indian Defense
GSPhf6eu,white,,,False,,34,Slav Defense
ZrrxpxbQ,white,kingside,,False,,69,Nimzo-Indian Defense
4qooeJXS,white,,,False,,50,Queen's Gambit
pKDtMVgj,white,,,False,,102,Queen's Pawn
82gBTIfG,black,,kingside,False,,118,King's Indian Defense
LRdZEHnS,white,,,False,,105,Queen's Gambit
67ufPNH1,black,,,False,,133,Irregular Openings
8yUF0Oda,black,,,False,,84,Queen's Pawn Game
A20FOVXZ,white,kingside,,False,,88,Queen's Gambit
3aVkX7td,white,,,False,,91,Queen's Pawn
5TCTRAZn,black,,,False,,95,Trompowsky Attack
tN9WFU6C,black,,kingside,False,,69,Irregular Openings
nDevTIW0,white,,,False,,133,Queen's Gambit
h5F5boJ4,white,,,False,,89,Queen's Gambit
7yf5HedB,black,,queenside,False,,86,Trompowsky Attack
Mirru79J,black,,,False,,55,Irregular Openings
LdTpAvue,black,,kingside,False,,78,French Defense
O698VtSF,white,kingside,,False,,87,Queen's Gambit
1Wx2VhPQ,white,,,False,,55,Queen's Gambit
hLAgxg5k,black,queenside,kingside,True,9,172,Queen's Pawn Game
bYPWFJVd,black,,,False,,64,Uncommon King Pawn
zuR63S4B,black,,,False,,48,Irregular Openings
SwZn9tqI,white,,,False,,64,Slav Defense
3LS4JnWq,black,,,False,,88,Reti Opening
OWGm4eAT,white,kingside,,False,,72,Queen's Gambit
Mq6ao0lu,black,,,False,,74,Queen's Pawn Game
HAQoDN5N,black,,kingside,False,,95,French Defense
kMHqdYXv,white,,,False,,105,Queen's Gambit
wxUxSPuh,black,,,False,,105,Queen's Pawn Game
noPVjjuu,white,,,False,,105,Queen's Gambit
7drn0Giv,black,,,False,,84,Queen's Pawn Game
raRiQpXK,white,,,False,,64,Indian Defenses
PdbRASME,black,,,False,,78,French Defense
nh1cW0aH,white,,,False,,60,Queen's Gambit
kdDRAJ4Z,white,queenside,,False,,98,Slav Defense
0PvEm2wa,white,,,False,,99,Queen's Pawn
zPOvjxgg,black,,queenside,False,,109,King's Indian Defense
NSFepSAn,black,,kingside,False,,49,French Defense
tF1FSPXj,black,,queenside,False,,66,French Defense
O1Tc8su2,black,,kingside,False,,34,Irregular Openings
AYTSWJ2y,white,kingside,,False,,74,Slav Defense
Wyd33KfR,black,,kingside,False,,86,French Defense
8cWadnvg,white,,,False,,126,Queen's Gambit
E6XmvSKm,black,,kingside,False,,44,French Defense
Publ5A32,black,,,False,,104,Queen's Pawn Game
4VtT4O5i,black,,,False,,62,English Opening
vFMw1gxJ,white,,,False,,105,Queen's Gambit
QNPXjHlC,black,,,False,,104,Queen's Pawn Game
muK4JaOT,black,,kingside,False,,48,French Defense
9JfwirtE,white,,,False,,63,Queen's Pawn
bYMIqecL,black,,,False,,100,Uncommon King Pawn
1Gwg8pAM,white,,,False,,95,Queen's Pawn
ShDYnrPK,white,,,False,,78,Queen's Gambit
Iul5SE1q,white,,,False,,142,Queen's Gambit
BpM4PWZA,black,,kingside,False,,90,French Defense
vuF3UUzC,white,queenside,,False,,30,Queen's Pawn
Iv4AFMRi,black,,,False,,120,French Defense
54yV56gp,white,,,False,,101,Grunfeld Defense
waFXKPYU,white,kingside,,False,,120,Queen's Pawn
BKpswXLt,white,,,False,,18,Queen's Pawn
rnzFZdnI,white,kingside,,False,,51,Queen's Pawn
jDwpsos3,white,,,False,,45,Queen's Gambit
Y1Ey94LU,white,,,False,,51,Queen's Pawn
7EwNZ3zY,white,kingside,,False,,36,Slav Defense
AYjSPNj6,white,,,False,,43,Slav Defense
xVvlWpGP,black,,queenside,False,,83,English Opening
9PPeL7aE,white,,,False,,60,Queen's Gambit
zE5rj0ef,black,,kingside,False,,48,King's Indian Defense
A8vTRbv3,black,,,False,,84,Irregular Openings
A25Jn97i,white,,,False,,101,Slav Defense
Yi590ubq,white,queenside,,False,,114,Queen's Pawn
t4hYhaZN,black,,kingside,False,,68,French Defense
DdMDIqmK,white,kingside,,False,,121,Queen's Gambit
7FS1FNOa,white,queenside,,False,,63,Queen's Pawn
LD1U8cbd,black,,queenside,False,,91,French Defense
jkzYsGYt,black,,kingside,False,,61,Queen's Pawn Game
cKKjpNbw,black,,,False,,33,Queen's Gambit
nWyxkP4i,white,kingside,,False,,121,Dutch Defense
6NGIPN20,black,,kingside,False,,49,French Defense
pyB5UCDS,black,,,False,,34,French Defense
i6jSAE7f,white,,,False,,35,Queen's Pawn
QD1AOxXs,black,,kingside,False,,85,French Defense
zEDamBFY,black,,kingside,False,,64,English Opening
CQBVrRDh,black,,kingside,False,,35,English Opening
0h5o3ADK,black,,,False,,47,Queen's Gambit
0aCbufwB,black,,kingside,False,,59,French Defense
JhnWBIZK,white,,,False,,105,Queen's Gambit
8upcp3NZ,black,,kingside,False,,83,Trompowsky Attack
OEYh9Lxa,black,,,False,,9,English Opening
MuxZVaOg,white,,,False,,82,Queen's Pawn
l45ifHsI,white,kingside,,False,,72,Queen's Gambit
JrnwxKmE,black,,,False,,62,Queen's Pawn Game
ZpZeMyLn,white,queenside,,False,,79,Queen's Pawn
z9xzJ5gg,black,,kingside,False,,59,French Defense
8IihlYAK,black,,kingside,False,,59,French Defense
v3Hhy2iU,white,kingside,,False,,47,Queen's Pawn
UmvENODw,black,,kingside,False,,100,French Defense
zPSVDW4Y,black,,kingside,False,,34,French Defense
y8B9WFUA,black,,,False,,17,Reti Opening
T4Xa4JkE,black,,queenside,False,,33,Irregular Openings
34o6s8sF,black,,kingside,False,,84,English Opening
dEIqwOGe,white,queenside,,False,,38,Queen's Pawn
Egm5HDMg,black,,,False,,39,Irregular Openings
WAEMBuNN,white,kingside,,False,,80,Queen's Gambit
FDRa76FU,black,,,False,,59,French Defense
nS0eO8Pi,white,,,False,,81,Slav Defense
kc2Edes1,black,,kingside,False,,105,French Defense
NOM5tKYy,black,,,False,,38,Uncommon King Pawn
8TuxGs4n,white,queenside,,False,,50,Queen's Gambit
sTBAieTB,black,,kingside,False,,106,King's Pawn Game
H9stiPaX,black,,kingside,False,,94,Reti Opening
mfTUsnPR,black,,queenside,False,,47,Queen's Pawn Game
NBWwNr4k,black,,,False,,67,Irregular Openings
OHW3TMKp,white,,,False,,96,Queen's Pawn
GZkSYQxU,black,,queenside,False,,51,French Defense
PlN0bCxc,black,,kingside,False,,95,Uncommon King Pawn
GTElIV7q,black,,queenside,False,,114,King's Pawn Game
Ak8SlmKK,black,,kingside,False,,102,Irregular Openings
SGRLHI0Y,white,kingside,,False,,37,Queen's Pawn
Rn0r1t5N,black,,queenside,False,,47,Trompowsky Attack
2X9mv8lk,white,kingside,,False,,103,King's Indian Defense
8JJnJnIS,white,,,False,,100,Queen's Gambit
1VKbm4cV,white,,,False,,73,Queen's Pawn
uieg7pgs,black,,kingside,False,,48,King's Indian Defense
YFEei9Jb,white,,,False,,63,Queen's Gambit
GBeTWL4E,white,,,False,,67,Queen's Pawn
ouZNCdrT,white,,,False,,96,Slav Defense
Fk5tX9y1,black,,,False,,53,Irregular Openings
WPYSa348,white,,,False,,86,Queen's Pawn
kKvHIabB,white,kingside,,False,,69,King's Indian Defense
Gig7NB8N,white,queenside,,False,,55,Queen's Pawn
xBDDIhp5,white,kingside,,False,,128,Queen's Pawn
v84p8HG5,white,,,False,,83,King's Indian Defense
ai8M9DCR,black,,kingside,False,,120,King's Indian Defense
AacFUWWK,black,,kingside,False,,155,French Defense
I8wTrF3V,black,,kingside,False,,96,French Defense
LqojYiKC,black,,,False,,80,Irregular Openings
DD5DoAFD,black,,kingside,False,,63,French Defense
ECJHOMKV,white,queenside,,False,,66,Queen's Pawn
v9U2DY0V,white,kingside,,False,,58,Slav Defense
mAJeyCth,white,,,False,,18,Queen's Pawn
ohpteI7q,white,,,False,,91,Slav Defense
fzlD3NqP,black,,,False,,65,Reti Opening
dlkBY7dk,black,,kingside,False,,77,Irregular Openings
Bz27hUR5,black,,,False,,45,French Defense
upZFgXpM,black,,kingside,False,,149,Uncommon King Pawn
lIdL56iU,black,,kingside,False,,52,Irregular Openings
v1BhNnL9,black,,kingside,False,,95,French Defense
40nJDqj9,black,,,False,,112,Irregular Openings
CJQNAoH1,white,,,False,,57,Slav Defense
9wYRMTS6,black,,kingside,False,,90,French Defense
TPd0xq87,black,,kingside,False,,75,Uncommon King Pawn
mTvnHrW9,white,,,False,,74,Slav Defense
h1UsNB5N,black,,,False,,32,Trompowsky Attack
K1UvfkKZ,black,,kingside,False,,68,Irregular Openings
ktlf6xw3,white,,,False,,108,Queen's Pawn
cerCdrEu,white,queenside,,False,,116,Indian Defenses
LZiP6uaF,black,,,False,,65,Reti Opening
wxTUljZ0,white,kingside,,False,,64,Slav Defense
ONqZ5rpb,black,,queenside,False,,43,French Defense
zh0oJDsQ,white,kingside,,False,,87,Queen's Pawn
iMxyfhCK,black,,kingside,False,,65,English Opening
1mt2IC4C,white,,,False,,82,Queen's Gambit
eLc0FZge,black,,kingside,False,,116,French Defense
enCRGt8g,black,,kingside,False,,89,Trompowsky Attack
UFmoKKYz,white,,,False,,94,Queen's Pawn
RfYO69Tj,black,,kingside,False,,45,King's Indian Defense
gbcKn4iU,white,,,False,,98,Queen's Gambit
wgphlpKL,black,,,False,,84,French Defense
lQ5MwxQo,white,,,False,,157,Slav Defense
PMye2lIi,white,queenside,,False,,124,Queen's Pawn
9ai9RDV8,white,,,False,,184,Grunfeld Defense
3KN1b8ys,white,queenside,,False,,76,Queen's Pawn
tWvGQcnX,black,,kingside,False,,65,Uncommon King Pawn
AcdpKABp,black,,queenside,False,,89,Uncommon King Pawn
8JjswN7F,black,,kingside,False,,59,French Defense
GYQfuFNg,black,,,False,,91,Uncommon King Pawn
VJcOkyFH,black,,kingside,False,,105,Irregular Openings
PbOiZs3H,white,,,False,,65,Indian Defenses
tQeDXGZB,black,,,False,,26,French Defense
xnMtQu3q,white,queenside,,False,,38,Queen's Pawn
WdXMWR8m,black,,,False,,59,Irregular Openings
jkDRN3CP,black,,kingside,False,,65,Irregular Openings
jG2v8UGT,black,,queenside,False,,64,French Defense
qI08dKOj,white,,,False,,64,Slav Defense
znz6Eas9,white,,,False,,48,Indian Defenses
nP3oQ6N0,black,,,False,,25,Reti Opening
pLaRiX81,black,,kingside,False,,26,French Defense
RhycOb11,black,,kingside,False,,64,English Opening
m30QeMJM,black,,,False,,105,Irregular Openings
TgqxHDPi,white,,,False,,105,Queen's Gambit
ARBMyoFU,black,,,False,,58,Queen's Pawn Game
C43QBJXI,white,kingside,,False,,70,King's Indian Defense
xi3gFumD,white,,,False,,39,Slav Defense
WhL0BTXq,white,,,False,,51,Dutch Defense
YYyJmiMj,white,,,False,,47,Slav Defense
JU8fmFg2,black,,,False,,90,Queen's Gambit
jDlHO4Gj,black,,,False,,52,Reti Opening
veONQjPI,black,,,False,,113,Queen's Pawn Game
sMdbrZzE,white,,,False,,49,Dutch Defense
aJHqHhKJ,black,,,False,,38,King's Indian Defense
Fr52XAEW,black,,queenside,False,,63,French Defense
zZP8y2EZ,white,kingside,,False,,57,Trompowsky Attack
TVLiwTN8,black,,queenside,False,,31,King's Indian Defense
5OlWcFEx,black,,,False,,42,French Defense
qaIFGC4W,black,,queenside,False,,40,French Defense
MwZvp0bF,black,,,False,,100,Uncommon King Pawn
WCrnsXXT,black,,kingside,False,,55,Trompowsky Attack
GMBTYfzP,white,kingside,,False,,90,Queen's Pawn
KqqQy09r,white,,,False,,57,Queen's Pawn
kOZp7pQP,black,,,False,,55,Irregular Openings
SPBYRB04,white,,,False,,15,Slav Defense
GJB4Bc8y,black,,,False,,98,Trompowsky Attack
M2wVjm6b,white,kingside,,False,,51,Queen's Gambit
Xa7Q3F70,black,,,False,,129,French Defense
wUkuntiI,black,,kingside,False,,68,King's Indian Defense
BLXGroTK,white,,,False,,35,Queen's Gambit
ArKkxAlT,black,,kingside,False,,51,French Defense
UMimrB7E,white,,,False,,112,Queen's Pawn
Y5ELnubz,black,,,False,,56,French Defense
iD8IXEYR,black,,kingside,False,,58,French Defense
lO2v2baf,black,,,False,,39,English Opening
El6jxdWv,black,,queenside,False,,112,French Defense
KAfH2R9Q,black,,kingside,False,,98,King's Indian Defense
V3VxKNjA,white,kingside,,False,,78,Queen's Pawn
O1SoWB4k,white,,,False,,42,Queen's Pawn
AZuWyxIl,black,,queenside,False,,58,French Defense
u6s20QWS,black,,,False,,196,King's Indian Defense
RS1ru6dI,black,,kingside,False,,129,Uncommon King Pawn
5ctL1Zeo,white,kingside,,False,,51,Queen's Pawn
hY85251D,black,,queenside,False,,75,Reti Opening
tE7J7wWa,white,,,False,,57,Queen's Gambit
oPOVvWaP,black,,,False,,66,King's Indian Defense
FmJ4LLEq,white,,,False,,49,Queen's Pawn
dpqCFhoW,white,,,False,,120,Dutch Defense
jaunCj5G,black,,,False,,105,Grunfeld Defense
DoGbTbzr,black,,queenside,False,,51,French Defense
PoBQcav1,white,,,False,,57,Slav Defense
aOjHe5N2,black,,,False,,46,French Defense
luXtN1jv,white,,,False,,101,Slav Defense
xMCpNpEl,white,,,False,,21,Queen's Gambit
0e0QNotf,black,,kingside,False,,97,English Opening
5wHMUVVd,black,,,False,,64,Irregular Openings
gy5NX804,white,kingside,,False,,119,Queen's Gambit
QvR5XGrC,black,,,False,,91,Queen's Gambit
c6vD3ubT,black,,kingside,False,,96,French Defense
ZWbbRXlW,black,,kingside,False,,146,King's Indian Defense
ACkXxHdV,white,,,False,,59,Nimzo-Indian Defense
BoZB5NHs,black,,,False,,109,French Defense
yZpu6auj,black,,,False,,50,French Defense
pl49Ed5P,white,kingside,,False,,69,Queen's Pawn
oI7Xr9LO,black,,,False,,81,Irregular Openings
gMqF7tCf,white,queenside,,False,,55,Queen's Pawn
gyNvroLs,black,,kingside,False,,57,King's Indian Defense
zWpppqHd,black,,,False,,69,Irregular Openings
XhAJ8s8w,black,,kingside,False,,154,Trompowsky Attack
3GtaN336,black,,kingside,False,,126,King's Indian Defense
o0WuGOAQ,black,,,False,,91,Irregular Openings
uRMotSi6,black,,kingside,False,,51,Irregular Openings
2S2FBWWQ,white,,,False,,126,Queen's Pawn
ZLfCeTTu,black,,,False,,99,Grunfeld Defense
Kmzxlw8T,black,,kingside,False,,48,King's Indian Defense
wdHyMgDV,black,,,False,,48,French Defense
JMqCu9VW,black,,kingside,False,,110,King's Indian Defense
gDOXvArk,black,,kingside,False,,45,King's Indian Defense
uI0xl6B9,white,,,False,,105,Queen's Gambit
z3f9IbJy,black,,,False,,84,Queen's Pawn Game
nl2nxgUY,white,queenside,,False,,64,Queen's Pawn
Fju2d9eE,white,,,False,,47,Queen's Pawn
5292f0YG,black,,kingside,False,,54,King's Indian Defense
1BGoJWkT,white,kingside,,False,,59,Slav Defense
Y45EJX28,black,,kingside,False,,85,Queen's Pawn Game
wy1CsMDJ,black,,,False,,69,King's Indian Defense
kQFeY8TO,black,,,False,,44,French Defense
NXt8hWhM,black,,,False,,48,King's Indian Defense
gAQjbmtj,white,,,False,,76,Queen's Gambit
cMi5xoPn,black,,queenside,False,,86,French Defense
MfFoOLO0,white,kingside,,False,,71,Indian Defenses
N7PJuHFJ,white,,,False,,49,Slav Defense
g45YY8MN,black,,,False,,106,Irregular Openings
tbpcdtdj,white,,,False,,79,Queen's Gambit
QlZUV9gx,black,,queenside,False,,36,Queen's Gambit
CcYbCnA8,white,,,False,,67,Queen's Gambit
ELTbIOSF,white,kingside,,False,,70,Queen's Pawn
AmU8xILw,black,,queenside,False,,37,Uncommon King Pawn
8qNc8337,black,,,False,,51,Irregular Openings
aAkvUt4U,black,,,False,,71,Irregular Openings
LiNDZVmw,black,,,False,,59,Irregular Openings
Y2OJOS17,black,,,False,,65,Irregular Openings
sSvFQ5XR,black,,,False,,53,French Defense
b9IBRxyD,white,,,False,,52,Indian Defenses
L4aSddOZ,white,queenside,,False,,63,Queen's Pawn
xY8SiUF0,black,,,False,,35,Irregular Openings
QwAJXRFS,black,,,False,,47,Irregular Openings
60GlzYm7,black,,,False,,81,Irregular Openings
DPLpTUt7,white,kingside,,False,,148,Queen's Pawn
BGtico6G,white,queenside,,False,,104,Queen's Pawn
uBNJqEhj,white,kingside,,False,,64,Queen's Pawn
wGsWVGXn,black,,kingside,False,,64,English Opening
w0StMivI,white,,,False,,49,Queen's Pawn
i63mH7HT,white,,,False,,28,Queen's Pawn
fjkNK9Bq,white,,,False,,28,Queen's Pawn
NK14e8lU,black,,kingside,False,,64,English Opening
JfV9Iv8F,black,,kingside,False,,64,English Opening
06KX4i3M,white,queenside,,False,,104,Queen's Pawn
OWDekLde,white,,,False,,99,Queen's Pawn
Em6LygSG,white,,,False,,30,Grunfeld Defense
qLgOpvCy,black,,kingside,False,,64,English Opening
s3LXN2cj,white,,,False,,70,Queen's Pawn
nRrArWHQ,black,,kingside,False,,64,English Opening
K2lEEudv,black,,kingside,False,,64,English Opening
FZPqSfC5,white,,,False,,70,Queen's Pawn
EzZzyP9H,white,queenside,,False,,65,Queen's Pawn
6nd6dl4U,white,,,False,,28,Queen's Pawn
FxwPlR2A,black,,kingside,False,,64,English Opening
UEvfbDKi,black,,kingside,False,,65,English Opening
4pBkgErH,white,,,False,,98,Queen's Gambit
0V5oiFoa,black,,kingside,False,,47,English Opening
6bqIbXmV,white,,,False,,41,King's Indian Defense
4eFc0li3,black,,kingside,False,,64,English Opening
flYijKWy,white,queenside,,False,,79,Queen's Pawn
5HNLuVgs,black,,kingside,False,,64,English Opening
EXjWCYMj,white,,,False,,105,Queen's Pawn
Xue0V3lN,white,,,False,,28,Queen's Pawn
YRVtjITp,white,queenside,,False,,57,Queen's Pawn
Pl5wtuy4,black,,kingside,False,,59,English Opening
3N4jJtPi,black,,kingside,False,,64,English Opening
TtD6B1NN,white,kingside,,False,,101,Slav Defense
OxsfNJuy,white,,,False,,93,Queen's Pawn
QtJH4mki,black,kingside,kingside,False,,278,Queen's Pawn Game
BdRK8m9D,black,,queenside,False,,56,Trompowsky Attack
Nia1aeb6,black,,kingside,False,,88,Reti Opening
6iEUQMyP,black,,kingside,False,,89,King's Pawn Game
mcfRfJa3,white,,,False,,77,Queen's Pawn
VT0lfjUZ,black,kingside,kingside,False,,115,Irregular Openings
XyDiuZjM,black,,,False,,116,French Defense
C3uuRgIM,black,kingside,kingside,True,7,454,French Defense
7ijpa2oH,white,kingside,,False,,120,Queen's Pawn
UTBJ6ssN,white,queenside,,False,,65,Queen's Pawn
YraCerwu,black,,,False,,132,Irregular Openings
UvWk5AlL,white,,,False,,158,Queen's Gambit
rJ7dOi2k,white,,,False,,48,Indian Defenses
JFnoIasL,white,,,False,,123,Queen's Pawn
RDARYoAd,white,kingside,kingside,True,9,370,Indian Defenses
mXGagdVD,black,,queenside,False,,51,French Defense
zJNTlAzK,white,kingside,,False,,176,Indian Defenses
YoS0glMx,white,,,False,,34,Queen's Gambit
3mXeRegM,white,,,False,,66,Queen's Pawn
yLbnEPN8,white,queenside,,False,,72,Queen's Pawn
QcHjEdzi,white,,,False,,90,Queen's Gambit
f9yj9RbU,white,queenside,,False,,72,Queen's Pawn
IFS9oX4K,black,,queenside,False,,63,French Defense
MJBnOeCP,black,,,False,,56,Uncommon King Pawn
oau9gyBv,black,,kingside,False,,88,English Opening
tqYIMl2I,white,queenside,,False,,78,Queen's Pawn
7vCr3oid,white,queenside,,False,,79,Queen's Pawn
Sv1HURRN,black,,kingside,False,,108,French Defense
QNo90cnK,white,queenside,,False,,49,Slav Defense
cfBt6Qv5,black,,queenside,False,,100,French Defense
Bbz8mm9c,white,kingside,,False,,33,Queen's Pawn
uknw9N8O,white,,,False,,71,Queen's Gambit
DVL4Gi11,black,,queenside,False,,120,Irregular Openings
AcEq10Ff,white,queenside,,False,,59,Queen's Gambit
gxnc4Y7Y,white,,,False,,96,Queen's Pawn
L89nLH5B,black,,kingside,False,,59,French Defense
1QTbXieK,white,,,False,,102,Queen's Gambit
5t06SvUh,white,,,False,,135,Slav Defense
K7O3Avlq,black,,kingside,False,,49,Trompowsky Attack
gmsV47Sr,black,,,False,,40,French Defense
MYc0vy0o,white,kingside,,False,,38,Queen's Pawn
NOxbLcRp,black,,,False,,17,French Defense
FfVNTgyr,black,,,False,,67,English Opening
Kx0UokdD,black,,kingside,False,,37,Uncommon King Pawn
Ida7ho4p,black,,kingside,False,,122,French Defense
khKKiO93,black,,kingside,False,,163,King's Indian Defense
twlcinPy,white,,,False,,83,Slav Defense
0Pp3ZuT2,black,,kingside,False,,69,French Defense
4hOck4Uq,black,,kingside,False,,45,French Defense
rVzAoZVD,black,,kingside,False,,82,French Defense
Mg6s0PY1,black,,,False,,68,Trompowsky Attack
nr5PndJZ,white,,,False,,65,Queen's Gambit
80Hj3kBv,black,,,False,,45,French Defense
xK0UMgAb,black,,,False,,30,Trompowsky Attack
UTpR9rrB,black,,kingside,False,,98,King's Indian Defense
00DphLZJ,white,,,False,,84,Queen's Gambit
yF7bB69l,white,kingside,,False,,84,Queen's Gambit
ibolhilc,white,,,False,,65,Queen's Gambit
U84TVOB4,black,,kingside,False,,51,Trompowsky Attack
hdIcSxcT,black,,kingside,False,,39,Queen's Pawn Game
O7C5e0QQ,black,,queenside,False,,85,Queen's Pawn Game
EfVF7KfX,white,queenside,,False,,55,Queen's Pawn
5jBHZdMx,black,,queenside,True,15,207,Irregular Openings
XC3LfXlu,black,,,False,,54,Irregular Openings
JyqLkCV1,white,,,False,,146,Queen's Gambit
mhwPdE4j,black,,,False,,58,French Defense
PxhNyEYV,black,,queenside,False,,70,King's Indian Defense
yNK7OVxt,black,,kingside,False,,85,Trompowsky Attack
IbcvbQdT,white,,,False,,163,Queen's Gambit
lq1ibjlW,white,,,False,,50,Trompowsky Attack
MUNQ8ok9,white,,,False,,97,Slav Defense
FmVFDCfU,black,,kingside,False,,94,King's Indian Defense
GIuqrzpq,white,kingside,,False,,155,Queen's Gambit
pQdwBUTC,white,,,False,,63,Queen's Pawn
wnG1aXVV,white,,,False,,81,Queen's Pawn
XVnYP8GW,white,,,False,,92,Slav Defense
8QBFV7w2,black,,kingside,False,,57,Trompowsky Attack
HqhS48zP,white,,,False,,88,Slav Defense
LkRa9LSm,black,,kingside,False,,37,Uncommon King Pawn
D5ltIOew,black,,,False,,87,Irregular Openings
X5rJ9lTE,white,,,False,,64,Indian Defenses
dQErrHx6,black,,,False,,45,Irregular Openings
tnJhlyen,black,,kingside,False,,88,King's Indian Defense
G7vhcWfl,black,,,False,,55,Irregular Openings
kbEtaAGs,white,queenside,,False,,81,Queen's Pawn
b0T0qolm,white,,,False,,106,Slav Defense
iMNFT0cj,black,,kingside,False,,70,French Defense
aBPn1MDy,black,,,False,,67,Irregular Openings
rDU7w7Ni,black,,kingside,False,,127,King's Pawn Game
lgS6IQGw,black,,kingside,False,,129,Trompowsky Attack
7Eax0wcN,black,,,False,,97,Trompowsky Attack
QQkH6gNT,white,kingside,kingside,True,9,189,Indian Defenses
4RIKqYoi,white,,,False,,62,Dutch Defense
p1YNsaKV,black,,queenside,False,,73,Trompowsky Attack
cT94AKiq,white,,,False,,94,Slav Defense
lpVFr5eP,black,,kingside,False,,90,French Defense
lv7IxH4q,black,,kingside,False,,126,Trompowsky Attack
7yuuon1d,black,,queenside,False,,66,Trompowsky Attack
hGHinHaR,white,queenside,,False,,112,Queen's Pawn
8MXy0JSP,white,queenside,,False,,108,Queen's Pawn
WhJmXIiz,black,,,False,,37,Reti Opening
eKyvs4Tx,black,,queenside,False,,53,French Defense
zYNEv3Rl,black,,kingside,False,,101,King's Indian Defense
ub3QFjjS,white,,,False,,42,Queen's Gambit
bDeHldAv,white,kingside,,False,,85,Queen's Gambit
50U6vwmO,black,,kingside,False,,57,Trompowsky Attack
U0ShKkid,black,,kingside,False,,52,French Defense
AxCxgGId,black,,queenside,False,,50,French Defense
ansXFxIt,white,,,False,,107,Slav Defense
iiyCKuvp,white,kingside,,False,,67,King's Indian Defense
WCdnMgwZ,white,,,False,,103,Queen's Pawn
mqBYYXpd,black,,queenside,False,,105,King's Indian Defense
Ds5y11Sb,white,,,False,,124,Slav Defense
e5HKLKKf,white,,,False,,111,Slav Defense
VJSPeNdZ,black,,kingside,False,,55,French Defense
cKr9yxbO,black,,queenside,False,,48,French Defense
2lwGqlug,black,,queenside,False,,57,Uncommon King Pawn
9rgvWcUO,white,,,False,,42,Queen's Gambit
m8SqauPu,black,,kingside,False,,90,French Defense
LcYpAvsP,black,,kingside,False,,67,French Defense
mE21cm7M,black,,queenside,False,,71,Uncommon King Pawn
XtR6fU9u,white,,,False,,81,Queen's Gambit
UQ2OZIJl,white,kingside,,False,,75,Queen's Pawn
oUHnskNP,black,,kingside,False,,136,King's Indian Defense
TCsX7h0o,black,,,False,,132,French Defense
kygoaBkB,white,,,False,,65,Queen's Gambit
JuTI11rO,black,,,False,,30,French Defense
SlNDz8Dk,white,kingside,,False,,130,Queen's Pawn
6gckcTLr,black,,,False,,53,French Defense
LtUUU7og,white,,,False,,89,Queen's Gambit
RfktFZ5E,black,,kingside,False,,89,Trompowsky Attack
MAXB9kb3,black,,,False,,52,Queen's Pawn Game
05bBseQU,white,queenside,,False,,90,Queen's Pawn
bzJIKcmC,black,,,False,,97,Irregular Openings
JJtF0bmy,black,,kingside,False,,49,Trompowsky Attack
fhkUd65H,black,,kingside,False,,101,Trompowsky Attack
zi0Dipff,white,,,False,,50,Queen's Pawn
wVNLgPpE,white,,,False,,45,Queen's Pawn
1z9H2MC5,black,,kingside,False,,109,French Defense
xnZ7KeD8,white,,,False,,104,Queen's Gambit
C2QgT4OA,black,,kingside,False,,109,Trompowsky Attack
DLW2baif,black,,queenside,False,,92,King's Indian Defense
qCizkIta,white,,,False,,75,Indian Defenses
YhfyAIt1,black,,,False,,76,English Opening
EQQzLqGm,black,,queenside,False,,109,Queen's Gambit
WYlEfqYs,black,,kingside,False,,93,Irregular Openings
Fd1QnEUF,white,queenside,,False,,73,Queen's Gambit
5KT69Ml2,black,,,False,,52,French Defense
XPDrrtaH,white,kingside,,False,,83,Queen's Gambit
wysasMwY,white,,,False,,78,Queen's Pawn
tAPVihYx,white,,,False,,77,Slav Defense
cnuNDhX1,black,,kingside,False,,53,French Defense
lAv2PpIW,black,,,False,,91,Irregular Openings
Er5hD7vJ,black,,kingside,False,,66,French Defense
UpkQYWLZ,white,,,False,,64,Grunfeld Defense
uKLFFZTG,white,,,False,,183,Slav Defense
1qwH8CZW,black,,,False,,71,Trompowsky Attack
VN2bZZ9k,black,,kingside,False,,105,Queen's Pawn Game
62oKwBRs,black,,kingside,False,,73,Irregular Openings
Qhn5QPe2,black,,kingside,False,,125,French Defense
p3MIOA2c,black,,kingside,False,,96,Queen's Gambit
tf6qY9YE,black,,queenside,False,,30,King's Indian Defense
IHrt73Gm,black,,queenside,False,,45,French Defense
9SRnORDF,black,,kingside,False,,43,French Defense
Z4jdADXj,black,,kingside,False,,57,Queen's Pawn Game
qrwlWUOU,black,,queenside,False,,55,King's Indian Defense
AvjXHXHU,black,,kingside,False,,88,Trompowsky Attack
KUXJQN9W,white,,,False,,78,Queen's Pawn
cx2MRNQQ,black,,queenside,False,,40,French Defense
9X5SQxeU,black,,queenside,False,,111,King's Indian Defense
JMFrFBUW,white,,,False,,45,Queen's Pawn
I9rdgPd0,black,,kingside,False,,54,French Defense
VWHhh0ff,white,queenside,,False,,91,Queen's Gambit
1POsGWJC,black,,kingside,False,,55,Uncommon King Pawn
nEOjuDRm,black,,kingside,False,,79,Trompowsky Attack
DPoEER96,black,,,False,,57,Queen's Pawn Game
OEMBCjZ7,white,kingside,,False,,69,Queen's Gambit
2AKozuxv,white,,,False,,45,Queen's Pawn
0vxhzT7w,white,,,False,,45,Queen's Pawn
Ls6ONjpu,white,,,False,,122,Queen's Gambit
I1oTJVMn,white,kingside,,False,,82,Queen's Gambit
C8RuvVsc,white,,,False,,79,Queen's Pawn
Nrwqb2QL,white,,,False,,18,Queen's Pawn
4433H6an,black,,kingside,False,,112,King's Indian Defense
uTcv2WiY,black,,kingside,False,,49,French Defense
LTzWi0ez,black,,,False,,154,Irregular Openings
6GvUKjKk,white,,,False,,45,Queen's Pawn
uRldYBlB,black,,,False,,75,King's Indian Defense
GuGQDLKY,black,,queenside,False,,90,Grunfeld Defense
L2Edigj3,white,,,False,,93,Queen's Pawn
7KKVWztw,black,,kingside,False,,42,French Defense
dwo5ttMd,white,kingside,,False,,80,Queen's Gambit
pq5MPxXH,black,,kingside,False,,38,French Defense
QdNAXiig,white,,,False,,57,Slav Defense
p9PYxuvo,black,,kingside,False,,61,Reti Opening
naYD91OU,black,,kingside,False,,64,French Defense
4fKntj1q,white,kingside,kingside,True,8,206,Slav Defense
AZUeSP8e,black,,,False,,36,Queen's Gambit
7ag8pfyq,black,,kingside,False,,113,Queen's Pawn Game
go1tbLWU,black,,kingside,False,,103,French Defense
BvZgcfmb,black,,,False,,160,French Defense
UGYl8oA4,black,,kingside,False,,51,Trompowsky Attack
C3Oc37Cm,black,,queenside,False,,42,French Defense
Vqma3SOZ,white,,,False,,146,Queen's Gambit
OeZdokCt,black,,kingside,False,,44,Irregular Openings
tH1aqtqj,white,queenside,,False,,102,Queen's Pawn
G1jzBV2O,black,,,False,,126,Trompowsky Attack
4RX2Uzy3,white,,,False,,88,Queen's Gambit
pD3akoGt,black,,kingside,False,,51,King's Indian Defense
fvI45Ypj,black,,kingside,False,,51,Uncommon King Pawn
oNJFzk8J,black,,,False,,117,English Opening
iufoeHkJ,black,,kingside,False,,94,French Defense
Yj1S5n5l,white,,,False,,46,Queen's Gambit
4NymJUNM,white,queenside,queenside,True,11,169,Queen's Pawn
93YQwQpS,black,,kingside,False,,101,Irregular Openings
X56soBw0,black,,kingside,False,,38,French Defense
llu9ou1p,white,,,False,,65,Queen's Gambit
qZh78HNh,black,,queenside,False,,45,French Defense
oQ8vCowB,black,,kingside,False,,100,Trompowsky Attack
Gg6x9XR7,white,kingside,,False,,77,Queen's Pawn
hatEX2Id,white,,,False,,81,Queen's Gambit
2Ghy6UBG,white,,,False,,24,Slav Defense
aKkPgAzI,black,,kingside,False,,82,Trompowsky Attack
aoh7UcaC,white,queenside,,False,,56,Queen's Pawn
pgudlMSm,white,kingside,,False,,85,Queen's Gambit
uPmNGLsg,white,,,False,,100,Queen's Gambit
hzLjXceK,white,,,False,,55,Queen's Gambit
dcgcIdQf,white,,,False,,73,Queen's Pawn
Yenz02Ox,white,,,False,,87,Queen's Gambit
1BNXTH7a,black,,,False,,28,French Defense
jLMAQNp2,black,,kingside,False,,99,Trompowsky Attack
ObsnuzsD,white,,,False,,45,Queen's Gambit
L4evFexd,white,kingside,kingside,True,7,113,Queen's Pawn
rReUUAN1,black,,kingside,False,,100,Trompowsky Attack
1ScdZHOt,white,,,False,,90,Queen's Pawn
o2I6oOnk,white,,,False,,42,Queen's Pawn
wDIRoMBd,white,,,False,,65,Queen's Gambit
04pKHj8q,black,kingside,queenside,True,12,120,Uncommon King Pawn
B1uVL4Ss,white,queenside,,False,,41,Queen's Pawn
YIapkNS7,black,,kingside,False,,91,Trompowsky Attack
QV1mLxB9,black,,kingside,False,,73,Trompowsky Attack
fwmjMixc,black,,,False,,75,King's Indian Defense
oE50teVt,black,,,False,,27,Reti Opening
TaBw0mRe,black,,,False,,48,Queen's Pawn Game
PeOUNjyS,black,,,False,,60,Reti Opening
tfuKGtYD,white,,,False,,45,Slav Defense
GRrB2wnL,white,,,False,,67,Slav Defense
ACT59I88,black,,,False,,45,Irregular Openings
oSlNPz5v,white,kingside,,False,,51,Slav Defense
m9SA2jz4,black,,kingside,False,,63,Trompowsky Attack
MHT6QRWF,white,kingside,,False,,80,Queen's Pawn
eGcQMmDo,black,,kingside,False,,80,Trompowsky Attack
RKzMOCwE,black,,kingside,False,,182,Irregular Openings
bfwF00iQ,black,,,False,,116,French Defense
d6JpOwgz,white,,,False,,95,Slav Defense
2Mzw3pZF,black,,queenside,False,,58,French Defense
1KGA689F,black,,,False,,67,Irregular Openings
UE8xbJPr,white,,,False,,168,Queen's Gambit
9PIOQdhJ,white,kingside,,False,,42,Queen's Gambit
47XnBF9u,black,,kingside,False,,115,Uncommon King Pawn
9zSSwExv,white,kingside,,False,,70,Trompowsky Attack
p9zQo3Et,black,,,False,,20,Trompowsky Attack
zLTBHqdB,white,kingside,,False,,115,Queen's Pawn
TSftJxFj,white,,,False,,63,Slav Defense
gGklyNKU,white,,,False,,13,Queen's Pawn
OY6OXrpj,white,kingside,,False,,53,Queen's Pawn
5ENrRhi0,black,,kingside,False,,76,Grunfeld Defense
KspGat7T,white,,,False,,99,Queen's Pawn
lZxyepTQ,white,queenside,,False,,88,Queen's Gambit
3QeLsN6l,white,,,False,,63,Queen's Gambit
YhZF3GKs,white,,,False,,48,Queen's Gambit
xb1MuLdp,black,,queenside,False,,82,Queen's Pawn Game
vqL4ADNv,white,kingside,,False,,148,Queen's Gambit
eg7YEZIT,white,kingside,,False,,131,Queen's Gambit
HKL0qDbJ,white,kingside,,False,,56,Queen's Pawn
5CjQZEtp,white,,,False,,79,Queen's Pawn
TNLiHg7e,white,,,False,,87,Queen's Gambit
0jxZL0Zt,black,,kingside,False,,72,French Defense
dWH5oEiA,black,,kingside,False,,62,Reti Opening
6ZP7siIG,black,,kingside,False,,61,Trompowsky Attack
NTyjBHNd,black,,queenside,False,,108,Trompowsky Attack
a36puM1z,white,,,False,,91,Queen's Pawn
PdLflDCz,black,,kingside,False,,75,Grunfeld Defense
M2jlZ98b,black,,kingside,False,,72,French Defense
KEfxUD9l,black,,kingside,False,,77,Grunfeld Defense
RV5ORJQ6,white,,,False,,37,Queen's Pawn
9x4BOhAg,black,,,False,,73,Trompowsky Attack
9oU61Y1U,black,,kingside,False,,95,French Defense
ipat2Aws,white,queenside,,False,,118,Queen's Pawn
7mR2EVUm,white,,,False,,79,Queen's Gambit
nqJVQsR5,black,,kingside,False,,78,French Defense
7n6QZan1,white,queenside,,False,,64,Queen's Pawn
fn6VyVQh,white,queenside,,False,,49,Queen's Pawn
CHpCOoZY,black,,kingside,False,,75,French Defense
CRggGp2H,white,queenside,,False,,79,Queen's Pawn
bq4oCM7v,black,,,False,,101,Irregular Openings
UWiauG35,white,kingside,,False,,89,Queen's Gambit
LZChJXB0,black,,queenside,False,,66,French Defense
AQ2QpYCd,white,kingside,,False,,120,Queen's Gambit
3TnZV1Up,black,,kingside,False,,86,King's Indian Defense
lst2ppRR,black,,,False,,67,French Defense
6QXUq60w,white,,,False,,81,Queen's Gambit
6fqhLoZw,black,,,False,,67,Trompowsky Attack
6EpgE1QY,white,kingside,,False,,138,Slav Defense
b2hDxb9D,white,queenside,,False,,82,Queen's Pawn
36Yleipp,black,,,False,,74,French Defense
9c6FPz08,black,,,False,,64,Irregular Openings
Cy6cFX9h,white,,,False,,28,Slav Defense
AabtNkzD,white,,,False,,79,Queen's Pawn
Wey0B0zd,white,kingside,,False,,59,Queen's Pawn
yqiiSs0R,black,,kingside,False,,100,French Defense
n69tBWfd,white,,,False,,81,Queen's Pawn
ZfbrhzHx,black,,kingside,False,,117,Uncommon King Pawn
cuiTNEAE,white,kingside,,False,,48,Queen's Gambit
Jcpr2eoM,black,,kingside,False,,49,French Defense
T6rMbuuc,white,,,False,,76,Queen's Pawn
n0WR75G7,black,,,False,,45,Irregular Openings
eBupeWBD,white,kingside,,False,,109,Queen's Gambit
6moTLoeI,black,,kingside,False,,123,French Defense
oO7SH0fc,black,,kingside,False,,93,Uncommon King Pawn
80NGy9t1,white,kingside,,False,,36,Slav Defense
oT1XGMxX,white,,,False,,87,Queen's Pawn
28ZyVw8U,black,,,False,,85,Reti Opening
yTcw6Ffz,white,kingside,,False,,64,Queen's Pawn
se2SYEhs,white,,,False,,90,Queen's Pawn
HtLaOSUh,white,,,False,,124,Queen's Pawn
BpROuN0P,black,,,False,,81,French Defense
sYrl3Mhy,white,kingside,,False,,128,Trompowsky Attack
LGHIRcWa,white,kingside,,False,,42,Queen's Gambit
9iN7cpTn,black,,,False,,25,French Defense
mY5blq8i,white,kingside,,False,,83,Slav Defense
BhAKDNAK,white,queenside,,False,,51,Queen's Pawn
QxYl2JSu,white,kingside,,False,,99,King's Indian Defense
GMIZcxln,white,,,False,,80,Queen's Pawn
YrGP8j7P,black,,kingside,False,,87,French Defense
NWbabTg7,black,,kingside,False,,43,Trompowsky Attack
14bkltuo,white,kingside,,False,,110,Slav Defense
178zoK03,white,,,False,,91,Queen's Gambit
JBOOHrxM,black,,kingside,False,,80,Irregular Openings
4CvuHdyw,black,,queenside,False,,51,Uncommon King Pawn
ZgiU8VXa,black,,kingside,False,,57,French Defense
OZNNmwxB,white,queenside,,False,,60,Queen's Pawn
zVqtUg93,white,kingside,,False,,149,Dutch Defense
yvLPJNKx,white,,,False,,53,Queen's Pawn
qsUoRacw,black,,,False,,89,Trompowsky Attack
SpaR5Pzf,black,,,False,,54,Irregular Openings
qBIUVqAg,black,,,False,,80,Queen's Pawn Game
zYst4ONU,black,,kingside,False,,75,Irregular Openings
hQic4ZaZ,white,,,False,,50,Slav Defense
ZhvsVSOr,black,,kingside,False,,52,English Opening
QtAsaN1b,black,,kingside,False,,85,Grunfeld Defense
BsFRVkwX,black,,,False,,76,French Defense
gFt5hjC1,black,,kingside,False,,104,French Defense
b8K9A5QF,black,,queenside,False,,74,French Defense
7Hq606L0,black,,kingside,False,,76,French Defense
05uwcxcR,white,queenside,,False,,67,Queen's Pawn
IFA5YFSi,black,,,False,,117,Queen's Pawn Game
c9aUdwtX,white,,,False,,84,Queen's Pawn
1jsBjw9E,white,,,False,,36,Queen's Gambit
g68TeiBD,black,,,False,,51,French Defense
7OmaGZCz,white,kingside,,False,,83,Queen's Gambit
A1ThmY5K,white,,,False,,86,Queen's Pawn
X1fAxs1Z,white,,,False,,102,Queen's Pawn
SZNM5m7y,black,,,False,,113,Queen's Pawn Game
m88GCamK,black,,,False,,108,Queen's Gambit
puLBJCtO,white,kingside,,False,,116,Queen's Pawn
okrt3cxH,black,,,False,,95,Queen's Gambit
NeD1QQMK,black,,,False,,51,French Defense
L7gQT7xN,black,,kingside,False,,94,Irregular Openings
3vedK3lC,black,,,False,,71,Irregular Openings
c9Nxu088,white,,,False,,79,Queen's Pawn
EwkCn7at,black,,kingside,False,,75,French Defense
XLef085g,black,,kingside,False,,76,French Defense
s0hWbuO4,white,kingside,,False,,64,Queen's Pawn
ukTnmzgI,white,,,False,,108,Queen's Gambit
S1OrKyUM,white,,,False,,89,Queen's Pawn
P6oxF18b,black,,kingside,False,,107,English Opening
IfAZpPx8,white,kingside,,False,,104,Queen's Pawn
RBA6d8fq,white,kingside,,False,,128,Queen's Pawn
k5Zjx2yQ,black,,kingside,False,,79,Trompowsky Attack
yngZszzV,white,queenside,,False,,113,King's Indian Defense
zUXCVPND,white,kingside,,False,,65,Queen's Gambit
CmUODrsY,black,,queenside,False,,62,Trompowsky Attack
YgaOao7r,white,,,False,,96,Queen's Pawn
5iMnesPr,white,,,False,,99,Queen's Pawn
C4dnMkRK,white,,,False,,86,Queen's Pawn
tAL2aIUK,black,,kingside,False,,57,French Defense
8sK5VBGc,black,,kingside,False,,85,French Defense
k9eEaHt5,black,,,False,,46,Trompowsky Attack
vIVINCvC,white,,,False,,140,Grunfeld Defense
kWYrpar0,black,,kingside,False,,75,Queen's Pawn Game
bvE9EhmQ,white,queenside,,False,,110,Queen's Pawn
BFzU9OVe,black,,,False,,100,Reti Opening
vjhMmrRk,white,,,False,,83,Queen's Pawn
XSB2A7BC,white,kingside,,False,,99,Slav Defense
ezt33hDJ,black,,,False,,95,Reti Opening
BhVDgj3g,white,,,False,,111,Slav Defense
couwN1JD,black,,,False,,44,King's Indian Defense
GuB0PQHZ,white,,,False,,123,Slav Defense
Y7Gmh80H,white,,,False,,99,Queen's Pawn
Vw1oHguf,white,,,False,,94,Queen's Gambit
O8I3yICH,black,,queenside,False,,74,French Defense
Uzr1XpnE,white,kingside,,False,,160,Queen's Pawn
Kzy1N56Y,white,,,False,,63,English Opening
1zlB3387,black,,kingside,False,,54,Trompowsky Attack
TFJ1yLQw,white,queenside,,False,,106,Slav Defense
dCqZ80jg,black,,queenside,False,,77,Grunfeld Defense
Tn5SHZ1B,black,,,False,,68,Queen's Pawn Game
kzYmBE1V,black,,,False,,40,French Defense
lXrPR7yS,white,kingside,,False,,75,Queen's Pawn
Q7zLGGw9,black,,,False,,89,Queen's Pawn Game
ugLnE8sb,black,,kingside,False,,89,Queen's Pawn Game
LAaNM82j,black,,,False,,93,Queen's Gambit
mhnQXzw0,white,kingside,,False,,101,King's Indian Defense
fOuVw7KN,black,,kingside,False,,74,French Defense
6l9wOmfb,black,,kingside,False,,62,French Defense
mbzI6gBa,white,,,False,,33,Slav Defense
KYl7ITOB,white,queenside,,False,,140,Queen's Pawn
AZG0lDdh,white,,,False,,50,Queen's Pawn
c1ncXuRg,black,,,False,,30,Queen's Gambit
T4t2MQta,white,,,False,,101,Slav Defense
nPh7scY1,black,,queenside,False,,53,Grunfeld Defense
vAYvnkKD,black,,,False,,42,English Opening
M0AVQqJf,black,,kingside,False,,83,Irregular Openings
3QW6DvUo,white,queenside,,False,,82,Queen's Pawn
Gm9dhQNp,black,,,False,,50,French Defense
7elw3aQx,white,queenside,,False,,103,Slav Defense
78uUZxSr,white,kingside,,False,,92,Queen's Pawn
laJbQMjj,white,kingside,,False,,113,Queen's Gambit
Sw9S5RMt,white,,,False,,226,Queen's Gambit
47xAfBaJ,white,,,False,,103,English Opening
Q5ZnhQtB,white,kingside,,False,,48,Indian Defenses
FHdgLWWs,black,,kingside,False,,104,King's Indian Defense
tYnbLr6z,black,,kingside,False,,120,English Opening
QzqMlHrJ,white,kingside,,False,,71,Queen's Pawn
0AJiFbUY,white,,,False,,88,Queen's Pawn
1UbJverZ,black,,,False,,39,Irregular Openings
l9uVVwdt,black,,kingside,False,,82,Irregular Openings
sNBkVHOZ,black,,,False,,101,Queen's Gambit
k4spOQL5,black,,kingside,False,,55,Uncommon King Pawn
kWEYKjTN,white,,,False,,65,Slav Defense
xy7jupCn,white,kingside,,False,,105,Slav Defense
t0U8DVHc,black,,kingside,False,,46,Queen's Pawn Game
5INFhx9Y,black,,,False,,43,Irregular Openings
6R24vbEU,black,,,False,,89,French Defense
t3YQnyaz,black,,kingside,False,,53,Reti Opening
Tnu8peNC,white,,kingside,True,10,92,Indian Defenses
SQtAjtVZ,black,,kingside,False,,77,King's Indian Defense
uIyCT2Xj,black,,queenside,False,,69,Grunfeld Defense
F2OBbNSQ,white,,,False,,86,Queen's Pawn
gDwLrcje,black,,,False,,99,French Defense
pj9rELxq,black,,,False,,66,French Defense
GcgIMg3g,white,,,False,,78,Queen's Pawn
Gm29w3U4,white,kingside,,False,,44,Slav Defense
H7VZWSYq,black,,kingside,False,,73,French Defense
WoXANHy7,white,queenside,,False,,56,Queen's Pawn
5YxzMc3x,white,,,False,,104,Queen's Pawn
c7G9Fc02,black,,kingside,False,,50,Trompowsky Attack
KqAdbvCE,white,queenside,,False,,79,Slav Defense
RWWyEhyf,white,,,False,,64,Slav Defense
8XzGQk8O,white,,,False,,62,Queen's Pawn
XmRK1Ilk,black,,,False,,77,Irregular Openings
NFRSjQEd,white,kingside,,False,,76,Trompowsky Attack
kURvlJjp,white,,,False,,107,Slav Defense
Q1nI51iQ,black,,kingside,False,,37,Uncommon King Pawn
RDTLr2f9,black,,kingside,False,,50,Irregular Openings
ioJUAwaw,white,queenside,,False,,112,Queen's Gambit
99dbGepP,black,kingside,,True,35,201,Irregular Openings
UL9tXbgB,white,queenside,,False,,47,Queen's Pawn
06b00Yii,black,,,False,,91,Irregular Openings
uoOKqBWQ,black,,kingside,False,,81,Queen's Pawn Game
Q9Ey35S0,white,,,False,,111,Nimzo-Indian Defense
d6CtX8bG,white,kingside,,False,,111,Trompowsky Attack
Sn6UA3CG,white,kingside,,False,,51,Queen's Pawn
FQI44Frd,black,,kingside,False,,142,Irregular Openings
bU5b9ts0,black,,kingside,False,,118,Irregular Openings
MTMxnuKT,black,,kingside,False,,100,Queen's Pawn Game
nc1uhWFg,black,,,False,,40,French Defense
LpTvtuu1,black,,kingside,False,,114,King's Indian Defense
6fSm7xxp,black,,queenside,False,,128,French Defense
yGmSXOv0,black,,,False,,77,Irregular Openings
3TEi0Byx,black,,,False,,51,Queen's Gambit
c4VB7sxT,white,kingside,,False,,136,Queen's Gambit
kuFi00Tj,white,,,False,,55,Queen's Pawn
Bj2kllq2,black,,kingside,False,,72,King's Indian Defense
NqFBj1Vp,white,queenside,,False,,73,Trompowsky Attack
RC6hF41s,black,,,False,,72,Irregular Openings
PLSoPKiX,black,,kingside,False,,52,King's Indian Defense
Ur75S7zm,white,kingside,,False,,111,Queen's Gambit
1gXO2zoD,white,kingside,,False,,101,Queen's Pawn
oxVC0J22,white,,,False,,63,Grunfeld Defense
prhFtWHr,black,,queenside,False,,87,Reti Opening
5AGyjFrC,black,,,False,,80,Irregular Openings
9LvXYzWN,white,,,False,,86,Queen's Gambit
w0UEz8mA,white,,,False,,103,Indian Defenses
gX4DScZ7,black,,kingside,False,,64,French Defense
dBk8pubx,white,,,False,,6,Queen's Gambit
772Bkz07,white,kingside,,False,,93,Grunfeld Defense
b9bD9XHh,white,,,False,,35,Slav Defense
Yjy4e4bJ,black,,queenside,False,,74,French Defense
hZah1LU9,black,,kingside,False,,117,Grunfeld Defense
PAjEDAP8,white,kingside,kingside,True,14,237,Queen's Gambit
ftrN7yPh,black,,,False,,83,French Defense
p0Iim0ex,black,,queenside,False,,37,King's Indian Defense
s2nA2n7M,white,,,False,,95,Queen's Pawn
nY0wdnJ2,white,kingside,,False,,49,Queen's Pawn
sCnf8oom,white,,,False,,84,Queen's Pawn
a1smDnd3,black,,kingside,False,,67,Uncommon King Pawn
EkoIxTWI,white,,,False,,139,Nimzo-Indian Defense
MM944kEU,white,queenside,,False,,64,Reti Opening
SKsuU9GO,white,queenside,,False,,58,Queen's Pawn
qY2esMkV,white,kingside,,False,,121,Queen's Pawn
Nq6tfnoC,white,queenside,,False,,46,Queen's Pawn Game
jS9FAS9i,white,,,False,,58,Queen's Pawn
VpSVKflp,black,,kingside,False,,66,Uncommon King Pawn
rRtIQuBp,black,,kingside,False,,70,King's Pawn Game
R7C8sbbE,black,,kingside,False,,55,Trompowsky Attack
M2z0VIsc,white,,kingside,False,,99,Slav Defense
4nw70WHK,black,,,False,,140,French Defense
0sKKie1F,white,kingside,,False,,73,Queen's Gambit
xYgALTdW,black,,queenside,False,,51,Irregular Openings
FvhI9UqN,black,,kingside,False,,152,Trompowsky Attack
Pnj8HVss,white,,,False,,162,Trompowsky Attack
YoC39unw,black,,kingside,False,,45,Irregular Openings
FIo6SMEq,white,,,False,,86,Queen's Gambit
3KIRwpwt,black,,kingside,False,,43,King's Pawn Game
TbkCsv1x,white,,,False,,19,Indian Defenses
EGOGUalI,white,,,False,,113,Nimzo-Indian Defense
zIWYQXRc,black,,queenside,False,,200,French Defense
PtWCWW8D,black,,kingside,False,,47,Queen's Gambit
DJDodhEg,white,,,False,,78,Queen's Gambit
qWhyVeCC,black,,kingside,False,,64,King's Indian Defense
oB4p7CXl,black,,,False,,33,Queen's Gambit
DcvhPfAx,black,,,False,,88,Reti Opening
g4AMQ1kD,white,kingside,,False,,110,Queen's Pawn
6On90jVJ,black,,queenside,False,,57,French Defense
B7wFwHbU,white,queenside,,False,,143,Queen's Pawn
bNVvBseK,white,,,False,,41,Queen's Pawn
lA6MCHzc,black,,,False,,52,Queen's Pawn Game
FBQCr5Ir,black,,,False,,101,Uncommon King Pawn
Sr4y4kdE,black,,queenside,False,,123,Trompowsky Attack
gyBp2YuW,white,kingside,,False,,77,Queen's Pawn
L4NEJw7r,black,,,False,,58,Trompowsky Attack
ylwDm4RZ,black,,,False,,96,French Defense
hZ90GZs7,white,,,False,,172,Queen's Gambit
pHcmikOR,white,kingside,,False,,72,Trompowsky Attack
5PTNiX82,white,,,False,,69,Queen's Pawn
JNGv2xmG,black,,kingside,False,,90,Queen's Pawn Game
JPKJ62xZ,white,,,False,,63,Queen's Gambit
TXjhNHDS,white,kingside,,False,,163,Queen's Gambit
aooOBDcO,black,,kingside,False,,114,Irregular Openings
XfO5nvDn,white,,,False,,87,Queen's Pawn
kCkBbuWD,black,,queenside,False,,106,French Defense
60njhMYi,white,kingside,,False,,81,Queen's Gambit
vRPtRTXP,white,,,False,,65,Queen's Pawn
BvEeDiW5,black,,,False,,177,Queen's Gambit
khJ33Azu,white,kingside,,False,,44,Queen's Gambit
UoSX7HHW,white,,,False,,52,Queen's Gambit
WherW0XB,white,,,False,,76,Queen's Pawn
ef8u3DxC,black,,,False,,63,Uncommon King Pawn
CYpxrnXy,black,,,False,,179,French Defense
gaZIXjVg,black,,kingside,False,,97,Uncommon King Pawn
IKFnHUjM,white,kingside,,False,,118,Queen's Gambit
APcSAcTG,white,,,False,,34,Indian Defenses
5EYALRW1,black,,,False,,73,Irregular Openings
b6ln95Wv,black,,kingside,False,,143,Uncommon King Pawn
gIrYBXG5,white,kingside,,False,,64,Queen's Gambit
TzJd3u9v,black,,,False,,45,French Defense
tzI2cgMa,white,,,False,,75,Grunfeld Defense
p8ylzWyi,black,,kingside,False,,51,Queen's Gambit
rboWcpha,black,,,False,,54,Queen's Gambit
UcAERRt8,black,,kingside,False,,102,French Defense
OnFt1y4a,white,,,False,,33,Queen's Pawn
pY6rf0bm,white,,,False,,53,Slav Defense
kMSjtQ61,black,,kingside,False,,94,Reti Opening
44FzVR5M,white,,,False,,48,Grunfeld Defense
viL0o0lO,black,,kingside,False,,30,Irregular Openings
FdzUu3TP,black,,kingside,False,,61,French Defense
Nbewzj8B,white,queenside,,False,,39,Dutch Defense
VJL9w82Z,black,,,False,,121,Trompowsky Attack
BgNDaEYd,black,,kingside,False,,77,French Defense
nXLngCVM,white,kingside,,False,,37,Queen's Gambit
cZ3CqEYl,white,queenside,,False,,111,Slav Defense
ADXGzdjd,black,,,False,,114,Queen's Pawn Game
wvKrUAb5,white,,,False,,91,Queen's Gambit
PtaXuuUT,white,,,False,,81,Queen's Gambit
o43zK0k5,black,,,False,,55,Reti Opening
oPWRPpTd,black,,kingside,False,,37,Uncommon King Pawn
Cg2YwWoF,white,,,False,,95,Queen's Gambit
ZStNaGlv,white,,,False,,81,Queen's Gambit
v7cUD9Ym,black,,,False,,45,Queen's Gambit
PNcIlrox,white,,,False,,87,Reti Opening
tDetvgYs,black,,kingside,False,,142,Uncommon King Pawn
JqZzf3QM,white,,,False,,65,Queen's Gambit
YEvhkq3N,black,,,False,,60,French Defense
FTYBvF7n,black,,,False,,127,French Defense
rLTOwpWL,black,,,False,,59,King's Indian Defense
Myx0uC9u,white,,,False,,122,Grunfeld Defense
uWQrMovQ,white,queenside,,False,,147,Trompowsky Attack
S5w2m7C8,white,,,False,,81,Slav Defense
x9zRasyc,white,queenside,,False,,51,Queen's Gambit
pIzZKr07,black,,,False,,47,Irregular Openings
gzwcmWcS,white,,,False,,54,Queen's Gambit
5sEJbtUw,black,,kingside,False,,49,Irregular Openings
tfmfM7f4,black,,kingside,False,,57,Queen's Pawn Game
yvnXzctz,black,,kingside,False,,238,English Opening
x9ARecV5,black,,queenside,False,,87,French Defense
9s4rK7bE,black,,,False,,103,Reti Opening
NhIv6pYH,white,queenside,,False,,129,Slav Defense
Ct0Owa77,black,,kingside,False,,56,King's Indian Defense
LElazdXH,black,,kingside,False,,93,Uncommon King Pawn
1Y3l5uem,black,,,False,,105,Reti Opening
eGdu4E6Y,black,,,False,,90,Uncommon King Pawn
dcPMejIs,white,kingside,,False,,28,Queen's Gambit
hNadyYAk,white,,,False,,117,Slav Defense
pmk0YGx3,black,,kingside,False,,89,Reti Opening
84oLvlEo,white,queenside,,False,,122,Queen's Pawn
na9e7baa,white,kingside,,False,,63,Slav Defense
CxZ66Xev,white,,,False,,61,Slav Defense
yNRxozVU,black,,queenside,False,,61,French Defense
u1Hp7EX9,white,,,False,,132,Queen's Gambit
H60LFEvX,black,,kingside,False,,57,Queen's Pawn Game
tjP1jjFs,white,,,False,,77,Queen's Gambit
J5byJfSe,black,,queenside,False,,96,French Defense
89nOBAFB,white,queenside,,False,,83,Queen's Pawn
dX1fLtzy,white,kingside,,False,,69,Grunfeld Defense
rKDdq70c,white,,,False,,77,Slav Defense
taIeZ5Yg,black,,kingside,False,,33,Queen's Gambit
IIOYCiXh,black,,kingside,False,,81,Queen's Pawn Game
5lsKn5Vu,white,,,False,,21,Indian Defenses
90UdckEQ,black,,,False,,35,Queen's Gambit
nfiac6Sp,white,,,False,,40,Queen's Gambit
5cFCs8BF,white,,,False,,50,Queen's Gambit
I96Mpmly,white,kingside,,False,,57,Trompowsky Attack
jVUdyLQ7,black,,queenside,False,,55,Trompowsky Attack
fIYRehZ5,black,,queenside,False,,78,King's Indian Defense
DZ07U912,black,,queenside,False,,83,Trompowsky Attack
DFFaMo9R,black,,queenside,False,,99,French Defense
lDhGa6ia,black,,,False,,64,Irregular Openings
QleKaWap,white,,,False,,82,Queen's Gambit
MlfGyGUH,white,kingside,,False,,57,Trompowsky Attack
gA7s2pMw,white,,,False,,52,Queen's Gambit
qg4IeHxe,white,kingside,,False,,180,Queen's Gambit
lLtwZ6JH,black,,,False,,81,Queen's Pawn Game
f9bsfKfU,white,,,False,,88,Indian Defenses
tiPGCVKW,black,,kingside,False,,66,Queen's Pawn Game
Dg6XapNW,white,,,False,,34,Queen's Gambit
m1X9t836,black,,,False,,71,Trompowsky Attack
VV4tskhi,black,,,False,,109,Irregular Openings
ASqL3tUL,white,,,False,,66,Slav Defense
8NGPUTfu,white,kingside,,False,,27,Queen's Pawn
QZFT9X46,white,kingside,,False,,115,Queen's Pawn
9kJLPqTJ,black,,kingside,False,,82,Trompowsky Attack
VxId6R32,white,queenside,,False,,109,Dutch Defense
CqJiKDlY,black,,kingside,False,,83,Reti Opening
yik1t121,white,,,False,,98,Indian Defenses
IUUXTvTs,white,,,False,,46,Indian Defenses
S95QCjsT,white,,,False,,129,Indian Defenses
Jq7uiNEI,black,,queenside,False,,99,Queen's Pawn Game
sAzEkMm2,white,,,False,,140,Queen's Pawn
gh57SUgc,white,queenside,,False,,35,Slav Defense
kz6d7RJH,white,,,False,,84,Queen's Gambit
MJd6TMt7,white,kingside,,False,,110,Queen's Pawn
PmfIJTLL,black,,,False,,77,Irregular Openings
vSU7R5mU,white,kingside,,False,,113,Queen's Gambit
RsWph3mf,black,,,False,,73,French Defense
IrUR8cSi,white,kingside,,False,,83,Queen's Pawn
xz4FmbmV,white,kingside,,False,,68,Queen's Gambit
kG6HtZxi,black,,queenside,False,,49,Irregular Openings
FxE3AVLZ,black,,,False,,39,Irregular Openings
yKvlWIJj,white,,,False,,41,Queen's Pawn
2BnhyyUd,black,,,False,,38,French Defense
4U631atK,white,,,False,,66,Queen's Pawn
6aD4g9rE,white,queenside,,False,,69,Nimzo-Indian Defense
DYHbROpX,black,,,False,,58,Trompowsky Attack
VtS2FyJb,black,,kingside,False,,63,Reti Opening
onwAq8cs,white,kingside,,False,,93,Slav Defense
jpZ7iRZx,black,,,False,,41,French Defense
T1zbRPPK,white,queenside,,False,,118,Queen's Gambit
xoeHY8a8,black,,,False,,61,French Defense
aMvOqv9P,black,,kingside,False,,104,Uncommon King Pawn
jkzaJUSW,white,,,False,,63,Slav Defense
4bEJXVje,black,,,False,,79,Irregular Openings
z3mFwFKW,black,,kingside,False,,81,Trompowsky Attack
YT0iLJ4s,white,,,False,,78,Indian Defenses
I7WmlvTW,black,,,False,,65,Queen's Gambit
jwThiB8h,black,,,False,,137,Queen's Pawn Game
kb4aueTh,white,,,False,,99,Queen's Pawn
t3VI7NRw,white,kingside,,False,,43,Slav Defense
OPLVLXmh,black,,queenside,False,,106,French Defense
MLXD9KNr,black,,kingside,False,,51,French Defense
rdjY7Mqn,white,,,False,,95,Slav Defense
taNHez0d,white,queenside,,False,,92,Dutch Defense
ybJRkdA1,white,,,False,,55,Slav Defense
X3BxznRt,white,kingside,kingside,True,8,142,Queen's Gambit
5rSJVmSb,black,,kingside,False,,59,Queen's Pawn Game
24Smvg0I,black,,,False,,93,Irregular Openings
HanqxC7Y,black,,kingside,False,,83,Queen's Pawn Game
710lnf1r,black,,,False,,123,French Defense
z2uucrux,black,,,False,,88,Reti Opening
jPki2vHE,black,,kingside,False,,59,Uncommon King Pawn
Cl8uDkz6,black,,kingside,False,,98,King's Indian Defense
XmVcNqCZ,white,kingside,kingside,True,8,122,Queen's Gambit
G2IiHNi2,white,,,False,,54,Queen's Pawn
Qbor3rKc,white,,,False,,66,Indian Defenses
zTNmeuEU,black,,,False,,49,Queen's Gambit
1BC8Su3R,white,,,False,,99,Queen's Pawn
aHUcyjPT,white,,,False,,60,Queen's Pawn
2GIaBoXr,black,,kingside,False,,60,English Opening
o2aSKQVb,black,,queenside,False,,91,English Opening
ggfEbYBK,black,,,False,,67,French Defense
wX2pJEEs,white,,,False,,127,Queen's Gambit
PWeaYTmu,white,queenside,,False,,49,Queen's Pawn
zhSnJAEb,white,queenside,,False,,86,Queen's Pawn
XtguOKEU,black,,,False,,56,King's Pawn Game
eprAp2Ul,white,,,False,,92,Queen's Gambit
yp6VVNzI,black,,kingside,False,,81,King's Indian Defense
fgEgVF8D,white,,,False,,130,Queen's Gambit
qtt5EU7O,white,queenside,,False,,48,Queen's Gambit
lDXjGaiS,black,,kingside,False,,41,French Defense
ftRUpqRw,black,,kingside,False,,79,French Defense
Wgbu8dgN,black,,,False,,89,King's Indian Defense
WsLY5hV3,black,,kingside,False,,73,French Defense
yZVzzJVN,black,,kingside,False,,116,King's Indian Defense
eI7DUoDu,white,kingside,,False,,53,Trompowsky Attack
uQbVkWdd,black,,kingside,False,,85,French Defense
fCEuv53z,white,kingside,,False,,80,Queen's Pawn
dqoLTs1j,white,,,False,,75,Queen's Pawn
dEwMyrJS,black,,,False,,25,Reti Opening
gBvNBK3k,white,queenside,,False,,79,Queen's Pawn
dkBMwiNC,white,queenside,,False,,79,Queen's Pawn
6waRGqia,black,,,False,,38,French Defense
XTZD9Hbq,white,queenside,,False,,150,Queen's Pawn
pwY3vcns,white,,,False,,79,Queen's Gambit
gSrXR68Q,black,,kingside,False,,62,French Defense
D6DzK6oO,black,,,False,,103,Irregular Openings
gTGI41DB,white,,,False,,90,Queen's Pawn
62ObDmrz,black,,,False,,2,French Defense
LpUVNHdj,white,kingside,,False,,72,Queen's Pawn
8n0Ustxf,black,,,False,,79,French Defense
CS0GzjAj,black,,kingside,False,,55,Grunfeld Defense
lOE9Qcy2,white,kingside,,False,,57,Queen's Pawn
InnP05XW,white,,,False,,65,Queen's Pawn
MLpHvgTP,white,,,False,,58,Queen's Pawn
AfA8hfFL,black,,queenside,False,,48,Reti Opening
LsxyYDVd,black,,,False,,78,Queen's Gambit
qyViMIwm,black,,kingside,False,,147,Uncommon King Pawn
MDWLasMI,black,,kingside,False,,60,English Opening
3LqP4I2w,black,,kingside,False,,60,English Opening
xfQCsaE5,white,,,False,,80,Slav Defense
MSuVIdp0,white,,,False,,21,Queen's Gambit
GgAvWGln,white,queenside,,False,,78,Queen's Pawn
n5VcqrDc,white,queenside,,False,,78,Queen's Pawn
lgbvds8C,black,,queenside,False,,40,French Defense
NCF4h9oB,white,,,False,,81,Queen's Gambit
fis3wyUq,black,,,False,,52,French Defense
w2Y3hhLK,black,,kingside,False,,55,King's Indian Defense
VNeYR82y,white,,,False,,95,Trompowsky Attack
3vhLzXJt,black,,kingside,False,,47,Irregular Openings
anuDqPkE,white,kingside,,False,,100,King's Indian Defense
tEPqhjHu,white,queenside,,False,,78,Queen's Pawn
PeQsw1mn,white,,,False,,110,Indian Defenses
VEV41Zji,black,,,False,,96,King's Indian Defense
iZ8IROgw,black,,,False,,87,French Defense
SLOAXQrY,white,,,False,,84,Slav Defense
wYyFU7nG,black,,kingside,False,,98,Queen's Pawn Game
DsLIDggJ,white,,,False,,112,Indian Defenses
0rMIMxPJ,white,queenside,,False,,51,Nimzo-Indian Defense
o6i6j5HL,white,,,False,,53,Queen's Pawn
CqYbRXAP,white,,,False,,58,Indian Defenses
36je0GRE,black,,,False,,101,Trompowsky Attack
vR2cOXia,white,kingside,,False,,70,Queen's Gambit
oXVoYFK8,white,,,False,,116,Queen's Gambit
ij6PcO9V,white,kingside,,False,,117,Queen's Pawn
40oMo0Pe,black,,kingside,False,,80,Queen's Gambit
UR3480Fx,white,queenside,,False,,42,Dutch Defense
Ohd38622,black,,,False,,88,French Defense
5DBtj02W,black,,queenside,False,,72,Queen's Pawn Game
lO8HjTKE,black,,queenside,False,,48,English Opening
lX4i0hjF,black,,queenside,False,,87,Irregular Openings
muYvgM8G,white,,,False,,69,Reti Opening
aiBNxRwX,white,queenside,,False,,49,Queen's Pawn
k2nG8Zrc,white,kingside,,False,,85,Queen's Pawn
OVtLd99H,black,,kingside,False,,48,French Defense
quNCpU4z,black,,,False,,60,French Defense
tIiCwkKb,black,,,False,,86,King's Indian Defense
JfWB0UlY,black,,kingside,False,,57,Queen's Pawn Game
RgKhs4jH,black,,,False,,79,Uncommon King Pawn
xXKccdH7,black,,,False,,73,English Opening
6hbDToF9,white,queenside,,False,,48,Queen's Gambit
jR5fcZZR,white,kingside,,False,,89,Queen's Gambit
WL3FsYOx,white,,,False,,73,Slav Defense
DAUKSUeu,black,,,False,,55,French Defense
Siu9jBeb,black,,,False,,66,Queen's Gambit
aOQfbh8V,white,queenside,,False,,79,Reti Opening
u3n9t6D1,white,,,False,,51,Indian Defenses
CP31aJrw,white,queenside,,False,,77,Trompowsky Attack
Uv1A16uC,black,,,False,,104,Irregular Openings
GZNj3P1J,white,,,False,,40,Queen's Gambit
CGCVuK09,white,kingside,,False,,67,Queen's Pawn
ADNWe7Ua,black,,queenside,False,,98,Trompowsky Attack
XDrfLJJL,black,,kingside,False,,94,French Defense
6plVC0V2,white,,,False,,146,Indian Defenses
YKPA6ma3,white,kingside,,False,,101,King's Indian Defense
QhzpVu3t,white,,,False,,55,Queen's Pawn
MwT6Bv3V,white,queenside,,False,,89,Trompowsky Attack
HhDZlmbU,black,,,False,,4,French Defense
3oEWK9HP,black,,kingside,False,,58,French Defense
EJQA8TIY,black,,,False,,58,King's Indian Defense
5Bn41nug,white,,,False,,63,Slav Defense
2APVt6aT,black,,queenside,True,16,104,King's Indian Defense
UlKO1RAO,white,kingside,,False,,71,Trompowsky Attack
w3ImCIpi,black,,,False,,65,Trompowsky Attack
zt38qvo7,black,,kingside,False,,75,Irregular Openings
1wNzw7dn,black,,kingside,False,,118,French Defense
Yg1cTEah,black,,,False,,125,English Opening
HHCatQwF,white,,,False,,89,Queen's Pawn
OdfcuQ7q,white,kingside,,False,,125,Queen's Pawn
B3DTGWJG,white,,,False,,102,Queen's Pawn
iA9lcj7H,white,kingside,,False,,140,King's Indian Defense
UqirDtB9,white,,,False,,109,Queen's Pawn
ZxdCQyYn,black,,kingside,False,,60,English Opening
Gq29tLMy,black,,queenside,False,,117,Irregular Openings
gwQ86t0x,black,,,False,,69,Irregular Openings
ezjr1zNO,black,,,False,,93,Irregular Openings
HGX7OxBa,black,,,False,,113,Irregular Openings
fvugNEBY,white,,,False,,104,Queen's Pawn
SSVuJ3hg,black,,,False,,95,Irregular Openings
BzuWWK7R,black,,,False,,104,Irregular Openings
OCiiI5rl,white,queenside,,False,,146,Queen's Pawn
VKmes0V4,black,,,False,,75,Irregular Openings
bfO1Kcab,white,kingside,,False,,57,Slav Defense
Tl1K9YFt,black,kingside,kingside,False,,297,French Defense
5omXOYvy,black,,,False,,133,Irregular Openings
YV8LfVyR,white,kingside,kingside,True,10,366,Queen's Pawn
kINCEyMx,black,,kingside,False,,107,Trompowsky Attack
N3WZ9StB,white,queenside,,False,,73,Queen's Pawn
lR2DtoBH,white,,,False,,125,Queen's Pawn
qqnQi27I,black,,queenside,False,,95,Trompowsky Attack
xMwSj8Zf,black,,kingside,False,,36,French Defense
Tjz2dfwV,black,,,False,,80,Irregular Openings
tpLZPaiR,black,,,False,,75,Irregular Openings
4KiqR9tw,white,,,False,,85,Queen's Pawn
J5PYkvpK,black,,kingside,False,,122,Irregular Openings
e2qQdVBF,black,,,False,,77,Irregular Openings
qK40IYv8,black,,,False,,76,French Defense
MxWx8IaZ,black,,,False,,112,Irregular Openings
VjW2qoxH,white,kingside,,False,,28,Queen's Pawn
ePaZoOHH,black,,,False,,71,Irregular Openings
5xBqFeV4,white,,,False,,74,Queen's Pawn
sYknLa8a,white,queenside,,False,,44,Dutch Defense
rA9lr8kQ,black,,,False,,17,Irregular Openings
VlZkgdSv,white,kingside,,False,,62,Slav Defense
j1G6Dio8,white,queenside,,False,,66,Slav Defense
DApxuOus,white,,,False,,73,Queen's Pawn
bbkTCCiD,white,,,False,,40,Trompowsky Attack
IZFaxzBR,black,,kingside,True,7,76,Queen's Gambit
iE29TaA1,black,,,False,,68,French Defense
C9W8mu0U,white,,,False,,101,King's Indian Defense
enpeBg9Q,black,,kingside,False,,80,King's Indian Defense
LXkXgZQF,black,,,False,,88,French Defense
qBddBrmp,white,kingside,,False,,69,Slav Defense
jc5HZIyv,white,,,False,,54,Indian Defenses
wOdwccun,white,,,False,,13,Queen's Pawn
BaUkF4E1,white,,,False,,29,Queen's Gambit
emJSRl8E,black,,kingside,False,,132,Irregular Openings
yy71kKuR,white,queenside,,False,,139,Queen's Pawn
7JWzlMBZ,black,kingside,,True,16,96,French Defense
aXefkRdr,white,queenside,,False,,113,Queen's Pawn
lFpVEev9,black,,kingside,False,,63,French Defense
a9KyYqOG,black,,kingside,False,,49,French Defense
GFX9QMVx,black,,,False,,12,Uncommon King Pawn
gkkrgeQL,black,,kingside,False,,54,Uncommon King Pawn
yax9IjNs,black,,,False,,84,French Defense
pQJ9T4EP,black,,kingside,False,,79,Irregular Openings
moPpogvk,white,queenside,,False,,44,Trompowsky Attack
hkEYlvrF,black,,,False,,84,Queen's Pawn Game
YTVezq67,black,,queenside,False,,90,Irregular Openings
EKQVz3G5,white,queenside,,False,,43,Dutch Defense
ZpfFcXRH,white,kingside,,False,,105,Slav Defense
lR2AHf0t,white,kingside,,False,,115,Queen's Pawn
T0lNhQaU,black,,,False,,119,Irregular Openings
c61zeXG2,black,,kingside,False,,102,Irregular Openings
fOdaPwCw,white,queenside,,False,,129,Queen's Pawn
WMEq7co0,white,,,False,,121,Slav Defense
SeyrYn1t,white,,,False,,127,Queen's Gambit
zHY4xj3C,black,,kingside,False,,59,English Opening
hFRKPOY3,black,,kingside,False,,48,Queen's Pawn Game
eVZi19hZ,black,,kingside,False,,104,Queen's Pawn Game
YLEshH4k,black,,kingside,False,,113,Uncommon King Pawn
BxTNNrs7,black,,,False,,109,Trompowsky Attack
fhoeJ4of,black,,queenside,True,8,343,Queen's Pawn Game
S3omjgsa,black,,,False,,72,King's Indian Defense
FrvwEzhh,white,queenside,,False,,72,Nimzo-Indian Defense
bBWpw6Ur,white,,,False,,76,Queen's Gambit
a0Z0S61W,white,queenside,,False,,73,Queen's Pawn
gk8gOhvS,white,kingside,,False,,103,King's Indian Defense
blycPS1w,white,kingside,,False,,63,English Opening
B9vBQUQg,black,,kingside,False,,78,Irregular Openings
Y6uoJKw9,black,,,False,,107,Irregular Openings
dvQxxdPs,black,,kingside,False,,60,English Opening
XNOv91JB,white,,,False,,33,Queen's Pawn
4tmaMbfF,white,kingside,,False,,103,Queen's Pawn Game
auPwtnh8,white,,,False,,30,Queen's Gambit
1Nj58rnV,black,,queenside,False,,98,Trompowsky Attack
Rz9vCl0D,white,,,False,,118,English Opening
lObJEZGY,white,,,False,,77,English Opening
yUE12CRm,white,kingside,,False,,73,Queen's Pawn
NZdtNsn8,white,,,False,,109,Indian Defenses
JtjP0vbQ,white,,,False,,15,Queen's Gambit
vjBaZfGV,white,,,False,,22,Indian Defenses
uD2p5hU5,white,,,False,,73,Indian Defenses
WxBy6M25,white,,,False,,97,Queen's Pawn
ybsU6fVt,black,,,False,,102,Trompowsky Attack
urD3Etdc,white,,,False,,15,Queen's Pawn
qAksLpFy,black,,queenside,False,,58,French Defense
yjzZ8tfL,black,,,False,,64,French Defense
B69xDslz,black,,kingside,False,,46,Uncommon King Pawn
yMKP8Wp0,black,,,False,,52,Uncommon King Pawn
l3RYMKU6,black,,kingside,False,,100,French Defense
Zz0MyTsA,black,,,False,,40,Reti Opening
Apyr4WqZ,black,,queenside,False,,64,Irregular Openings
bTnCRTDa,black,,,False,,75,Trompowsky Attack
DK4Gm9SV,black,,kingside,False,,80,Irregular Openings
LctK5cH7,black,,kingside,False,,108,Queen's Pawn Game
4ZzIc3g6,black,,queenside,False,,96,French Defense
Dr8YNoQk,white,kingside,,False,,32,King's Indian Defense
p4NdyCU9,white,queenside,,False,,75,Queen's Pawn Game
ya0vwSVH,black,,kingside,False,,60,English Opening
YhUV93wD,white,queenside,,False,,78,Queen's Pawn
hMsmZf7C,black,,kingside,False,,101,Irregular Openings
KUpvJePR,white,,,False,,63,Indian Defenses
YWHqYWzX,black,,kingside,False,,148,King's Pawn Game
1zr2xhOQ,black,,queenside,False,,107,Uncommon King Pawn
cZgafKxF,black,,,False,,97,Irregular Openings
4vKExLOT,black,,,False,,51,Irregular Openings
XK31UhAX,black,,,False,,76,French Defense
BOyZtOoi,white,,,False,,18,Queen's Pawn
G94ifklJ,black,,,False,,77,French Defense
efKYyrXm,white,,,False,,28,Queen's Pawn
vHNus4hH,black,,kingside,False,,80,Irregular Openings
uPrzVy6Z,black,,,False,,89,Irregular Openings
os3wjhQa,black,,kingside,False,,72,Irregular Openings
fHF5OI6U,black,,,False,,41,Queen's Gambit
0Pb6YPfL,white,,,False,,43,King's Indian Defense
baAyIS6Y,white,queenside,,False,,41,Queen's Pawn
8yPCaHnj,black,,kingside,False,,42,King's Indian Defense
3ImELKd3,black,,,False,,59,King's Indian Defense
8nBKQr8q,white,,,False,,25,Queen's Pawn
MqLUGPZz,black,,,False,,54,French Defense
m8Cmkw8O,black,,kingside,False,,76,King's Indian Defense
dKj3O18R,white,,,False,,155,Trompowsky Attack
q6U1Adms,black,,queenside,False,,61,Queen's Pawn Game
A7P13veK,white,kingside,kingside,False,,80,Queen's Gambit
HmEIefP6,black,,,False,,112,English Opening
2Xo7vWey,black,,queenside,False,,87,English Opening
ccsohQWe,black,,,False,,80,French Defense
JLBzfCOt,white,,,False,,77,Indian Defenses
fEv61aoZ,black,,kingside,False,,74,English Opening
qAg5oeqP,white,,,False,,36,Queen's Pawn Game
AblTgyHm,black,,,False,,50,French Defense
ZlhqKhvF,black,,,False,,80,Queen's Pawn Game
LGxYeFQq,black,,queenside,False,,81,King's Indian Defense
16ha2Vaw,white,,,False,,34,Queen's Pawn
BTJosXlB,black,,queenside,False,,242,Irregular Openings
vQtBywLn,black,,queenside,False,,108,Trompowsky Attack
dvIfWOTU,white,,,False,,26,Indian Defenses
YrDgy067,black,,queenside,False,,101,French Defense
dzgQUtZT,black,,kingside,False,,106,French Defense
DIftKPPv,black,,kingside,False,,75,King's Pawn Game
fMjkJklL,black,,kingside,False,,39,French Defense
HaP07jS4,black,,,False,,81,Irregular Openings
5PdUm7s9,white,,,False,,84,Queen's Pawn Game
wdl6VAJE,black,,,False,,76,French Defense
2CRStGim,black,,kingside,False,,72,Irregular Openings
QJ9clHBa,white,kingside,,False,,105,Queen's Gambit
cMzk93JL,black,,kingside,False,,55,King's Indian Defense
eBjegm3j,black,,kingside,False,,61,Irregular Openings
6Xb06fba,black,,,False,,42,French Defense
f2RoxXxW,white,queenside,,False,,96,Indian Defenses
Ag3LqxB4,white,kingside,,False,,110,Queen's Pawn
YPzb1aGy,white,kingside,,False,,103,Queen's Pawn
LLdNv7I4,white,kingside,,False,,93,Queen's Pawn
L1F2uPAX,black,,,False,,93,Irregular Openings
X6bBdfrL,white,,,False,,53,Queen's Gambit
XN6kRwUr,black,,,False,,39,Reti Opening
tOz8LxDI,white,,,False,,81,Queen's Gambit
ySGmApwq,white,,,False,,67,Queen's Pawn
7pFKB0hV,black,,kingside,False,,107,French Defense
xhdwiEEc,white,,,False,,39,Queen's Pawn
0Y9wg9zD,white,,,False,,61,Queen's Gambit
b3F1AhT3,white,,,False,,46,Nimzo-Indian Defense
R0zDRa33,black,,kingside,False,,56,French Defense
ShIoa884,white,,,False,,74,Queen's Pawn Game
MxavAKDW,white,,,False,,63,Queen's Pawn
1oO8VJkA,black,,kingside,False,,55,French Defense
qtGWOlGg,white,,,False,,35,Slav Defense
jhzDKVvk,white,,,False,,15,Queen's Pawn
7Usf0YtI,black,,kingside,False,,100,Irregular Openings
RKZBTOAU,black,,,False,,35,Irregular Openings
M2xRGcyK,white,,,False,,46,Queen's Pawn
wiHp4S2k,black,,kingside,False,,123,Irregular Openings
UCRLHURT,white,,,False,,44,Queen's Gambit
GhK7XA8R,black,,queenside,False,,68,King's Indian Defense
E0Xn08Rx,black,,kingside,False,,46,Queen's Gambit
JS9DAP9X,black,,,False,,144,Trompowsky Attack
etV2yoPf,black,,queenside,False,,91,French Defense
jBmQ5t7U,black,,queenside,False,,34,Queen's Pawn Game
gqyMOSXU,white,,,False,,72,Queen's Gambit
NaFqZ8NR,white,queenside,,False,,77,Queen's Pawn
4Euxt1yK,black,,kingside,False,,47,Queen's Gambit
QjzAOGuw,black,,kingside,False,,57,Irregular Openings
YLaoqATs,white,kingside,kingside,False,,68,Queen's Gambit
Kvbiyu4U,black,,,False,,103,Irregular Openings
KagDyJTR,white,,kingside,False,,95,Queen's Gambit
Y6DqFee2,black,,,False,,85,Irregular Openings
M5gvp6uc,black,,kingside,False,,82,English Opening
TduIJ4AF,black,,,False,,49,Irregular Openings
CjP6XUzq,white,,,False,,128,Queen's Pawn
uC0jyZdD,white,,,False,,65,Slav Defense
7AD5MzvT,black,,,False,,88,Uncommon King Pawn
NZDojabm,white,,,False,,54,Indian Defenses
LPPwOWlG,white,,,False,,57,Queen's Pawn
YyKmvf5k,black,,,False,,80,French Defense
2f7sKDQh,white,queenside,,False,,61,Queen's Gambit
mEwpWqdQ,black,,,False,,56,Uncommon King Pawn
JnLtBPEI,black,,,False,,23,French Defense
vdxbWJdk,white,,,False,,28,Queen's Pawn
IbafROYD,white,,,False,,73,Queen's Gambit
F7PETRaL,black,,kingside,False,,140,Trompowsky Attack
wdcDk8DF,black,,,False,,42,Reti Opening
web2imzr,white,,,False,,29,Queen's Pawn
k8QNlq1k,white,,,False,,29,Queen's Pawn
eBJnBvJe,white,,,False,,62,Queen's Gambit
CsDUu7jr,white,,,False,,89,Queen's Gambit
imicYJ0C,white,,,False,,84,Queen's Gambit
pPUlcjru,white,kingside,,False,,61,Slav Defense
DO1D4DKi,white,kingside,,False,,29,Trompowsky Attack
vXBKz3rW,white,queenside,,False,,89,Queen's Pawn
TYcDEoXH,black,,,False,,43,Irregular Openings
iQ2ny6tZ,white,kingside,,False,,65,Queen's Pawn
WaQvBCMW,white,,,False,,28,Queen's Pawn
K29KUnqi,black,,queenside,False,,50,Uncommon King Pawn
IYC5HZa0,black,,queenside,False,,60,French Defense
BcAzG0Z0,white,kingside,,False,,60,Queen's Pawn
5pOphB5u,white,,,False,,35,Queen's Pawn
UWZ95rPE,black,,,False,,78,French Defense
Ra4Tgthg,black,,kingside,False,,73,King's Indian Defense
B6b3eOdo,black,,kingside,False,,36,French Defense
VMEaiCSx,white,,,False,,49,Queen's Gambit
0yWCzBJo,black,,kingside,False,,103,Uncommon King Pawn
bplkApaB,white,,,False,,31,Queen's Pawn
yGKiGpce,white,kingside,,False,,62,Queen's Pawn
oRR5aStA,black,,,False,,45,Irregular Openings
EqWpB58h,black,,kingside,False,,53,Irregular Openings
8Lxn8lkA,white,kingside,,False,,141,Indian Defenses
sgWvuBet,white,,,False,,217,Indian Defenses
JR5guI1k,white,,,False,,49,Queen's Pawn
5QX3INRw,white,,,False,,53,Queen's Pawn
GNiRPYmc,black,,,False,,86,Trompowsky Attack
7NYWgFwX,black,,,False,,21,Trompowsky Attack
v9hklr7f,black,kingside,kingside,True,7,172,Trompowsky Attack
oyLjBuZk,black,,kingside,False,,97,French Defense
BdRiyNja,white,,,True,7,128,Queen's Pawn
txeGbgvc,black,,,False,,29,French Defense
YAkC4FyN,white,,,False,,86,Queen's Pawn Game
qM9vPB7C,black,,kingside,False,,74,King's Indian Defense
5uU3yseC,white,,,False,,48,Queen's Gambit
DiidEape,black,,kingside,False,,51,Uncommon King Pawn
vQkcSKsf,black,,kingside,False,,97,Reti Opening
VHmoFRBE,black,,kingside,False,,48,French Defense
2IF6ITjI,black,,,False,,75,Irregular Openings
B8BgAuRd,black,,,False,,106,Irregular Openings
LFWMGgIN,black,,,False,,92,French Defense
63JNgp9S,black,,kingside,False,,64,Queen's Pawn Game
zXRAFu9Y,white,,,False,,82,Queen's Pawn
yfEwbtT0,white,kingside,,False,,44,Queen's Gambit
iNyGTLex,white,,,False,,86,Dutch Defense
4rcwtJxJ,white,,,False,,67,Queen's Gambit
CA4el4lB,white,kingside,,False,,77,Queen's Pawn
OJ53wFNo,white,kingside,,False,,77,Queen's Pawn
ifxd6EAL,white,kingside,,False,,72,Queen's Pawn
YPcaZnzD,white,kingside,,False,,77,Queen's Pawn
qt9PMc7F,black,,kingside,False,,40,English Opening
KrkPSCRQ,black,,kingside,False,,78,English Opening
PLX3hkMD,white,,,False,,90,Queen's Pawn
CvZsu8sk,white,kingside,,False,,77,Queen's Pawn
sOKDaiZt,white,kingside,,False,,77,Queen's Pawn
kdenA736,black,,kingside,False,,40,English Opening
z0OKb5xa,white,kingside,kingside,False,,332,Queen's Pawn
QXe11042,white,kingside,kingside,True,6,127,Queen's Gambit
Ng4YLLXG,black,,kingside,False,,40,English Opening
BPIGQWD7,white,queenside,kingside,True,9,334,Queen's Pawn
7IxTdRs7,white,kingside,kingside,True,12,156,Queen's Pawn
m4Q14A5f,black,,kingside,False,,40,English Opening
YaUZjMKX,white,,,False,,82,Queen's Pawn
GUGrcWJk,white,,,False,,79,Queen's Pawn
fXaJkrjS,black,queenside,kingside,False,,69,French Defense
KREa8GAA,white,,,False,,82,Queen's Pawn
d5QbXXzH,black,,kingside,False,,40,English Opening
Nzcx3Rzt,white,,,False,,90,Queen's Pawn
u68GujT2,black,,kingside,False,,40,English Opening
G8kArjVQ,black,,kingside,False,,40,English Opening
AwkrJMJm,white,kingside,,False,,77,Queen's Pawn
LjTSTDVg,black,,kingside,False,,62,Queen's Gambit
Ck8K1fUF,white,,,False,,53,Queen's Pawn
QGflMsmD,white,kingside,,False,,54,Queen's Pawn
iUhl0DXT,white,,,False,,79,Queen's Pawn
6MLzhkAL,white,kingside,,False,,77,Queen's Pawn
iMvAN80m,white,kingside,,False,,77,Queen's Pawn
VLUaqHiA,white,kingside,,False,,144,Trompowsky Attack
wvyDLTYE,black,,kingside,False,,40,English Opening
cW7WU9jl,black,,kingside,False,,40,English Opening
wrt2IRJI,black,,kingside,False,,40,English Opening
WAySxEb7,black,,kingside,False,,40,English Opening
SEnZ9nu0,black,,kingside,False,,40,English Opening
elowDzqy,black,,kingside,False,,40,English Opening
6PsjWKdg,white,,kingside,True,9,100,Nimzo-Indian Defense
JhU59eSM,white,,,False,,90,Queen's Pawn
FGYP9wMN,black,,kingside,False,,40,English Opening
nT6sXW9J,white,queenside,,False,,70,Queen's Pawn
3gRfCiBn,black,,kingside,False,,40,English Opening
DDcN16U6,white,,,False,,50,Queen's Pawn
zVPDG9g6,white,,,False,,89,Slav Defense
kH0MlVhI,black,,queenside,False,,85,Queen's Pawn Game
lNdHtAuj,white,,,False,,21,Indian Defenses
urtiF9f5,black,,kingside,False,,40,English Opening
2I0rwcYc,black,,,False,,33,Irregular Openings
U4KIjIgU,black,,,False,,100,Irregular Openings
7bzF6Rub,white,queenside,,False,,35,Slav Defense
Q9Hbgr3s,white,,,False,,104,Queen's Gambit
ogeipL0m,white,kingside,,True,16,133,Grunfeld Defense
adHARTu5,white,kingside,,True,17,90,Grunfeld Defense
hGqvOGhr,black,,queenside,False,,65,Trompowsky Attack
fqpwKx1X,white,queenside,,False,,58,Queen's Gambit
dI8uXFN0,black,,,False,,87,Irregular Openings
LKMsEAfK,white,kingside,,False,,80,Trompowsky Attack
XpDCnqM8,white,,,False,,86,Queen's Pawn
ak8g6yJD,white,queenside,,False,,39,Queen's Pawn
rvtaL3sh,white,,,False,,46,Queen's Gambit
ARCZ1DTk,black,,,False,,69,Trompowsky Attack
FAtV5Oau,white,,,False,,86,Queen's Gambit
2kFHDsoK,white,,,False,,86,Queen's Pawn Game
rrlxbPfM,black,,,False,,25,Irregular Openings
nYXhPTzE,black,,,False,,50,Trompowsky Attack
n8EOrXeO,white,queenside,,False,,59,Queen's Pawn
5oFKHiOZ,white,kingside,,False,,55,Queen's Pawn
WDJko4TU,black,,,False,,34,Reti Opening
b7V242qP,black,,queenside,True,18,225,Queen's Pawn Game
JK86rfLh,white,,,False,,101,Queen's Gambit
ct6ymmWE,white,,,False,,45,Queen's Pawn
88ItVSCF,black,kingside,queenside,False,,181,Trompowsky Attack
nh5iGzzp,white,,,False,,48,Queen's Gambit
b8vc13RF,black,,kingside,False,,27,Trompowsky Attack
Y7R5CfXs,black,,,False,,81,Trompowsky Attack
MTXMr5rL,black,,,False,,146,Irregular Openings
Qvgt3sgm,white,,,False,,54,Queen's Pawn
SbdVc0iP,black,,,False,,69,Trompowsky Attack
ZIYO32mt,white,,,False,,93,Queen's Pawn
NkLrRQUF,black,,,False,,62,Trompowsky Attack
toIjOY79,black,,kingside,False,,125,Queen's Pawn Game
rXeIuyQW,white,,,False,,71,Queen's Gambit
zS9ieJ4l,black,,kingside,False,,92,Trompowsky Attack
Wa7OnMoN,black,,kingside,False,,40,English Opening
PATJN2fC,black,,,False,,100,Uncommon King Pawn
UbwRCOJ5,white,,,False,,96,Queen's Gambit
S0EfwrIf,white,queenside,,False,,84,Slav Defense
cWuH02Tf,black,,kingside,False,,85,Irregular Openings
HHZSmsiu,black,,,False,,90,Trompowsky Attack
xXTvT446,black,,,False,,92,Reti Opening
y73wC87o,white,,,False,,112,Queen's Pawn
dGejsUqn,black,,queenside,False,,50,Queen's Pawn Game
7Hken5fQ,white,queenside,,False,,69,Queen's Pawn
BDNCxCcI,black,,kingside,False,,60,King's Indian Defense
80eCsAxc,black,,kingside,False,,91,Reti Opening
bGuMfnpu,black,,kingside,False,,92,King's Indian Defense
jwCZFBU4,white,kingside,,False,,61,Indian Defenses
y8lJd8Tf,black,,,False,,48,Trompowsky Attack
T1wKGvOD,white,queenside,,False,,82,Queen's Gambit
CHFhrvWB,white,,,False,,45,Nimzo-Indian Defense
wpnCnlKG,white,,,False,,72,Queen's Pawn
4Rk9MiAj,white,kingside,,False,,60,Slav Defense
GRIyIFet,black,,kingside,False,,40,English Opening
QnCfI8Nw,white,,,False,,83,Nimzo-Indian Defense
l5n5W0sU,black,,kingside,False,,40,English Opening
x9XuVyO1,white,,,False,,79,Grunfeld Defense
MxDwLZ5S,black,,queenside,False,,50,Queen's Pawn Game
LKIdKAze,black,,,False,,56,Queen's Pawn Game
2nxbtRh0,black,,queenside,False,,48,French Defense
y4M7tMYT,black,,,False,,69,King's Indian Defense
mMbYoNjQ,white,queenside,,False,,80,King's Indian Defense
XhbdyyEg,black,,,False,,98,Uncommon King Pawn
DpmrD2GF,black,,,False,,110,Uncommon King Pawn
wTaFrnt8,black,,,False,,69,King's Indian Defense
lu7E5soB,white,,,False,,67,Queen's Pawn Game
TlqyidH8,black,,,False,,80,Queen's Gambit
6jFaOtUY,white,,,False,,80,Queen's Gambit
CcW1uz7X,black,,,False,,70,Queen's Pawn Game
H5rbzuw4,white,,,False,,87,Queen's Pawn Game
KxypZOB7,black,,queenside,False,,58,Queen's Gambit
mWt8vxVP,white,,,False,,44,Queen's Gambit
GpcoHIpe,white,,,False,,50,Indian Defenses
Nu1Y9UDg,black,,,False,,83,French Defense
kWPpVa4h,white,,,False,,53,Queen's Pawn Game
qHrRtUuF,white,,,False,,69,Grunfeld Defense
vsm5sKv2,white,queenside,,False,,68,King's Indian Defense
jM3GclHv,black,,,False,,76,Queen's Pawn Game
PKanCqPT,white,queenside,,False,,59,Slav Defense
vfYpt1oW,black,,queenside,False,,66,French Defense
rEp1iHr2,black,,,False,,72,Queen's Gambit
mNuYj5Of,white,,,False,,18,Queen's Pawn
sWsFqp6A,black,,,False,,74,Queen's Pawn Game
tCoXRfPJ,white,kingside,kingside,False,,288,Queen's Pawn
Uyb2WvuC,black,,kingside,False,,89,Uncommon King Pawn
oF9c3Lm4,black,,kingside,False,,64,Irregular Openings
OroQAAFJ,white,kingside,,False,,81,Slav Defense
JWUbViu2,black,,kingside,False,,81,King's Indian Defense
NrumcB8b,black,,kingside,False,,122,King's Indian Defense
qoEuL8Tc,black,,,False,,71,Irregular Openings
XFo0Uawg,white,kingside,,False,,136,Queen's Gambit
OhcOUCos,black,,kingside,False,,57,Uncommon King Pawn
peISg7Wm,black,,queenside,False,,22,King's Indian Defense
1kmLdYde,white,,,False,,56,Queen's Gambit
aovf0Qwg,white,,,False,,29,Queen's Gambit
OzAc6LaB,black,,,False,,42,King's Indian Defense
B8Y6GTnz,white,,,False,,68,Queen's Gambit
WTrw9EiN,black,,,False,,69,Trompowsky Attack
LioEAX41,black,,,False,,41,English Opening
uMGawWGQ,black,,kingside,False,,76,French Defense
DCVnbcLB,black,,,False,,119,Queen's Pawn Game
1AbzyaL5,black,,,False,,114,French Defense
0x0sPs2Y,black,,,False,,59,King's Indian Defense
pv93HaMo,white,queenside,kingside,False,,124,Queen's Gambit
als4ad61,black,,kingside,True,27,119,King's Indian Defense
GLpJuDt7,black,kingside,kingside,True,7,363,Trompowsky Attack
YxljfC8L,black,,,False,,60,French Defense
uVFe1NDB,black,,,False,,103,Reti Opening
F4BD5E4X,black,,,False,,33,Irregular Openings
rg5wMYUx,black,,queenside,False,,51,Queen's Pawn Game
rGEFsVxN,white,,,False,,32,Queen's Pawn
e68K458O,white,,,False,,145,Queen's Gambit
QkcMwavq,white,kingside,,False,,57,Queen's Gambit
qESFme6B,white,queenside,,False,,64,Queen's Pawn
qoOLDhmI,black,,,False,,43,Irregular Openings
SFUYr35T,white,,,False,,50,Queen's Pawn
egXfStwD,black,,,False,,98,Irregular Openings
CmIBZHfM,black,,,False,,65,Irregular Openings
3nVgsBfA,black,kingside,kingside,False,,213,Grunfeld Defense
ylCS8oO0,white,queenside,,False,,43,Queen's Pawn
us8bydZC,black,,,False,,79,Uncommon King Pawn
KgCrVWjd,black,,queenside,False,,45,English Opening
3DAEBqWr,black,,,False,,69,Irregular Openings
ACyLG1aS,white,,,True,16,186,King's Indian Defense
pGkFAkJ2,white,queenside,,False,,37,Dutch Defense
Xj8VMAM3,black,,kingside,False,,112,Irregular Openings
6ogPDbTV,black,,,False,,119,Queen's Pawn Game
nquy1MFF,black,,,False,,89,Irregular Openings
mZyX48kU,white,kingside,kingside,True,3,251,Queen's Pawn
1ENKc94v,black,,,False,,129,Irregular Openings
PDk1RSJF,white,kingside,,False,,75,Nimzo-Indian Defense
N5vZBEhc,white,queenside,,False,,45,Queen's Pawn
2i67Rb3S,black,,,False,,109,Irregular Openings
090ZrkMb,black,,,False,,150,Irregular Openings
vQ5cQFcY,black,,kingside,False,,62,Queen's Gambit
TXtZSc3d,black,,,False,,91,French Defense
GufuA4c5,black,,,False,,77,Irregular Openings
zIbXvzPd,white,,,False,,103,Queen's Pawn
k4x62Bea,white,,,False,,73,Indian Defenses
VopvF2JE,white,,,False,,57,Queen's Pawn
DfvsC20E,white,queenside,,False,,67,Queen's Gambit
zKMpaPTF,black,,queenside,False,,89,Uncommon King Pawn
LxBS7oo6,white,kingside,,False,,38,Queen's Gambit
Wf3rYJJ6,white,,,False,,52,Slav Defense
1dGyipja,black,,,False,,85,Reti Opening
cQGB6IPf,black,,kingside,False,,74,French Defense
uuYwxNRC,white,,,False,,35,Queen's Pawn Game
fqKXDola,white,,,False,,47,King's Indian Defense
2iYUOJvo,white,,,False,,75,Queen's Pawn
RIY6G3i2,black,,kingside,False,,77,French Defense
DMnmoEGj,white,,,False,,56,Queen's Pawn
ROEEqrXX,black,,kingside,False,,91,French Defense
mg8urPOv,black,,,False,,60,French Defense
FhffzULF,white,,,False,,83,Nimzo-Indian Defense
ab9Icsfd,white,queenside,,False,,130,Dutch Defense
IAEMCvZ1,white,,,False,,95,Queen's Gambit
7vyetPdf,black,,,False,,75,Queen's Gambit
3zpAHpnF,white,,,False,,95,Queen's Gambit
jY8hLDcp,white,kingside,,False,,75,Queen's Gambit
23TLd8vw,black,,,False,,49,Queen's Pawn Game
qNWTWbIS,black,,,False,,20,French Defense
nu7vU3HT,white,,,False,,35,Indian Defenses
LamzLloZ,black,,,False,,93,Uncommon King Pawn
mfCKObIe,black,,,False,,88,Queen's Pawn Game
wrz3jni2,white,,,False,,75,Queen's Gambit
PB0Dlmwr,white,,,False,,35,Queen's Pawn Game
P09WfZFP,white,,,False,,42,Slav Defense
nFInrew4,white,,,False,,103,Queen's Gambit
bYHxBZwg,black,,,False,,86,Queen's Gambit
q9kWJcqg,white,,,False,,65,Queen's Gambit
MKCKp6Qd,black,,,False,,65,Trompowsky Attack
kPCSYka5,white,,,False,,57,Indian Defenses
Bm4sVPWE,black,,,False,,80,Queen's Gambit
CapPyyKM,white,,,False,,84,Grunfeld Defense
BFJqPfEg,black,,,False,,100,Queen's Pawn Game
kYqHFhdL,white,,,False,,107,Queen's Gambit
u6mpKgws,black,,,False,,70,Queen's Pawn Game
XZiuekAu,white,,,False,,49,Queen's Gambit
JMwoLqSY,white,,,False,,49,Queen's Gambit
URPhld9w,black,,queenside,False,,92,Queen's Gambit
i4zfQJPT,white,,,False,,49,Queen's Gambit
Dj2krXk5,black,,kingside,False,,34,French Defense
CtQn9WHZ,black,,,False,,74,Queen's Pawn Game
b2nDWYk8,black,,,False,,143,Uncommon King Pawn
XsvhMlHG,black,,,False,,27,Uncommon King Pawn
b0B4Hefw,white,,,False,,49,Queen's Gambit
qsvzuBQt,white,,,False,,75,Nimzo-Indian Defense
oyBvq4qn,white,,,False,,94,Queen's Pawn
rFOH2zjr,black,,queenside,False,,316,Irregular Openings
OPIkLb7U,white,,,False,,79,Queen's Pawn
sRxV2Bfc,white,,,False,,113,Queen's Gambit
1OhJsdCs,white,queenside,,False,,87,Queen's Pawn
Phwh4Z0r,white,,,False,,77,Queen's Pawn
7zOfnm6B,white,,,False,,56,Queen's Gambit
AD36BGqQ,white,,,False,,143,Queen's Pawn
dx6fh892,white,kingside,,False,,55,Slav Defense
wGUkCjsH,black,,queenside,False,,91,Uncommon King Pawn
UP0QGSwi,black,queenside,kingside,False,,50,Uncommon King Pawn
MobdGs1Y,white,,,False,,141,Trompowsky Attack
s5ujqRfs,black,,kingside,True,6,206,Uncommon King Pawn
r9m7WDUC,black,,kingside,False,,161,Irregular Openings
3PDDTvjf,white,,,False,,47,Queen's Pawn
BMfKvdk9,white,,,False,,72,Grunfeld Defense
GNC2vNnu,white,,,False,,95,Queen's Gambit
FnB9YLYr,white,,,False,,105,Queen's Pawn
9MnsWCPs,black,,kingside,False,,89,French Defense
G7soNJlH,white,,,False,,47,Slav Defense
kLWpgn7U,white,kingside,,False,,129,Trompowsky Attack
DHyYY9LA,black,,queenside,False,,94,Trompowsky Attack
gI28RrzZ,black,,kingside,False,,105,King's Pawn Game
5d7ADSU2,white,,,False,,42,Queen's Pawn
2Aoiy9Qh,white,,,False,,77,Queen's Gambit
629Br9mv,white,,,False,,103,Queen's Pawn
zDv6jO4q,white,,,False,,96,Queen's Pawn
XwJp07TV,white,,,False,,49,Queen's Pawn
f0tpqkDC,white,kingside,,False,,66,Queen's Pawn
mij91Cv9,black,,,False,,47,Irregular Openings
aQzcB6sJ,black,,kingside,False,,38,King's Indian Defense
4x3pDLx5,white,queenside,,False,,54,Queen's Gambit
rz6iyCwM,black,,kingside,False,,62,French Defense
dJmTnT8g,black,queenside,kingside,True,20,192,French Defense
vFlr8bm9,black,,kingside,False,,47,Grunfeld Defense
k6CPEGML,black,,kingside,False,,62,English Opening
awTGpJwc,white,queenside,,False,,72,Queen's Pawn
iHDOiHUK,white,kingside,,True,12,200,Queen's Gambit
5dTJaITh,black,,,False,,22,Uncommon King Pawn
N6iRBUuV,black,,,False,,45,French Defense
87BMEHKp,white,,,False,,10,King's Indian Defense
0TEmbZQC,black,,,False,,51,Irregular Openings
h6qvffCq,white,,,False,,132,Trompowsky Attack
K3KumNCj,white,queenside,,False,,62,Queen's Pawn
TngjvxeQ,white,,,False,,62,King's Indian Defense
MnM0jjjy,black,,,False,,93,Irregular Openings
b2dvVFgE,black,,kingside,False,,91,English Opening
kiSHda7E,black,,,False,,95,Reti Opening
IOerenJj,black,,,False,,58,King's Indian Defense
kUOCM1kQ,white,,,False,,79,Queen's Gambit
raYEFsdK,black,,kingside,False,,94,French Defense
QB7bkDhw,black,,kingside,False,,76,English Opening
BkVjtEFj,black,,,False,,51,French Defense
WuYTs62n,black,,kingside,False,,116,Uncommon King Pawn
XXCkOSNb,black,,kingside,False,,101,Uncommon King Pawn
5NXOT5sk,black,,,False,,4,Uncommon King Pawn
VGuwXF5l,white,,,False,,78,Indian Defenses
iHGOSYtN,white,kingside,,False,,35,Queen's Gambit
wlsyzysb,black,,kingside,False,,75,Uncommon King Pawn
9QmX76ar,white,,,False,,81,Queen's Pawn
Rtrha4Ye,white,kingside,,False,,81,Queen's Pawn Game
V59UInRa,white,,,False,,82,Queen's Gambit
TO8EeJtL,black,,kingside,False,,51,English Opening
bYbnqJCX,white,,,False,,148,Queen's Pawn Game
kUghmSvN,white,,,False,,49,Queen's Pawn
IYOmpnaB,white,,,False,,60,Queen's Gambit
SCgTj0ph,white,,,False,,62,Queen's Pawn
GaGb1kwe,black,,kingside,False,,71,French Defense
0BXPVmo3,black,,,False,,29,Trompowsky Attack
GTjDdlwd,black,,,False,,64,Queen's Pawn Game
0LbDguul,white,,,False,,102,Dutch Defense
oZRd0Z4P,black,,kingside,False,,190,Irregular Openings
1SEkmjUb,white,kingside,,False,,63,Queen's Pawn Game
843Y6XGb,white,,,False,,21,Queen's Gambit
KXL1xJw7,white,,,False,,71,Queen's Pawn
AwVRG5L7,black,,kingside,False,,63,Reti Opening
4diDaKvs,white,kingside,,False,,130,Dutch Defense
XskXTjZY,black,,,False,,21,Irregular Openings
4J3WS7UX,white,kingside,,False,,105,Grunfeld Defense
MkYc6ExB,white,,,False,,66,Queen's Pawn
TDimTsHl,black,,,False,,106,Irregular Openings
4aLpDhJv,black,,kingside,False,,76,French Defense
7BZt4kAK,white,,,False,,43,Queen's Gambit
HaXn1Es0,black,,,False,,66,French Defense
ULuy23bm,white,queenside,,False,,53,Queen's Gambit
GELCuG34,black,,,False,,95,Irregular Openings
2fLSVh76,black,,kingside,False,,26,Uncommon King Pawn
r3JgMuqN,black,,,False,,81,Irregular Openings
EOOcnZno,white,kingside,,False,,73,Queen's Pawn
Uccjct1L,black,,kingside,False,,99,Trompowsky Attack
3LDrtnHQ,black,,,False,,43,Irregular Openings
eTMQhkWK,black,,,False,,58,Irregular Openings
TmIRjbWL,black,,kingside,False,,117,Queen's Pawn Game
tdCirNHW,white,,,False,,23,Queen's Pawn
7TIfuzhY,black,,,False,,28,Uncommon King Pawn
TEJcXpfU,black,,queenside,False,,121,Queen's Pawn Game
QoDDhERf,black,,queenside,False,,58,French Defense
JwVjMnxg,white,kingside,,False,,30,Queen's Gambit
a1UJZO1r,black,,,False,,38,French Defense
urtGVt8D,black,,,False,,91,French Defense
byej4sfU,black,,kingside,False,,106,Trompowsky Attack
ezelZ29J,black,,,False,,86,Uncommon King Pawn
cA9yDQV2,white,,,False,,55,Queen's Pawn Game
5fW636Mr,white,,,False,,73,Queen's Pawn Game
sXvL1Yfz,white,,,False,,95,Queen's Pawn
EAc7vzYk,black,,,False,,42,Queen's Pawn Game
CnBRw9JG,black,,kingside,False,,57,French Defense
rGuZYuwn,black,,,False,,84,Queen's Pawn Game
9P1b1Xix,white,kingside,,False,,96,Dutch Defense
htzBVkXq,white,,,False,,93,Queen's Pawn Game
TJi6wQis,black,,kingside,False,,46,Uncommon King Pawn
gxyvuZr9,white,,,False,,67,Queen's Gambit
c90bfCG5,white,,,False,,76,Queen's Pawn
EVSJvpCC,white,kingside,,False,,47,Queen's Pawn
5VTULB02,white,kingside,,False,,84,Queen's Pawn
np7lM7AL,black,,,False,,85,Queen's Pawn Game
Abd4bkiC,white,kingside,,False,,99,Queen's Pawn
PDkPVHwQ,white,,,False,,35,Queen's Pawn Game
zFGmq3fS,black,,,False,,37,Trompowsky Attack
90BxEsHe,black,,,False,,52,Uncommon King Pawn
WlF7t8fC,black,,queenside,False,,73,French Defense
nRWH8MdF,black,,,False,,48,Queen's Pawn Game
DCl91tF4,black,,,False,,21,French Defense
FkkcwwEp,white,,,False,,86,Queen's Gambit
ZjipwcXV,black,,,False,,60,Uncommon King Pawn
Jndqm73T,black,,queenside,False,,73,French Defense
Dfg8Pz7r,black,,kingside,False,,120,Uncommon King Pawn
UiC5Z1QN,white,,,False,,36,Queen's Pawn
gl0PYBpE,black,,,False,,45,Irregular Openings
VJraJfli,white,,,False,,120,Indian Defenses
4j5BLQos,white,queenside,,False,,81,Queen's Pawn Game
j0cHPb3B,black,,,False,,98,Queen's Pawn Game
mLDA06zk,black,,,False,,80,Queen's Pawn Game
K21rfsEo,white,kingside,,False,,116,Queen's Pawn
L2B27Ku5,white,,,False,,91,Dutch Defense
hCg93iBk,white,,,False,,75,Queen's Gambit
vkXRBLgM,white,,,False,,28,Queen's Pawn
FlzU7DuK,black,,,False,,78,Queen's Pawn Game
ywgPW9cm,white,kingside,,False,,65,Queen's Pawn
dOrr3X7M,white,,,False,,65,Queen's Gambit
vt1dEBye,black,,,False,,44,French Defense
pyUrLsdF,white,,,False,,103,King's Indian Defense
LqzXrBjT,black,,,False,,82,French Defense
UO3yXZEa,black,,,False,,42,Trompowsky Attack
UXOW724h,white,,,False,,61,Queen's Pawn
E5L6QZ43,black,,,False,,93,King's Indian Defense
TdoNlcnI,white,queenside,,False,,99,Queen's Pawn
0YIzeI8c,white,,,False,,90,Queen's Gambit
xbF64MmA,black,,,False,,43,Irregular Openings
wWGMj4ui,black,,,False,,82,French Defense
UtqgMUd8,white,,,False,,35,Queen's Pawn Game
5ke1DKnc,white,,,False,,47,Queen's Pawn
cbsOduYk,black,,,False,,95,King's Indian Defense
c6NrK5M1,black,,,False,,42,Trompowsky Attack
JgI93Fkm,black,,,False,,37,Trompowsky Attack
wMI1PdZt,black,,,False,,50,Queen's Pawn Game
u9mQl8Zl,black,,queenside,False,,83,French Defense
YWol9EXJ,white,kingside,,False,,76,Queen's Gambit
lgfL2YlB,white,,,False,,35,Queen's Pawn Game
G3wm8AHA,black,,,False,,95,King's Indian Defense
fPKoH8sy,black,,,False,,78,Uncommon King Pawn
4u4f710F,white,,,False,,35,Queen's Pawn Game
odrW2HUD,black,,,False,,50,Queen's Pawn Game
7MOdj9bq,white,,,False,,59,Queen's Pawn Game
6RGG2V49,black,,,False,,60,Uncommon King Pawn
hHnq4wnI,white,,,False,,94,King's Indian Defense
lYZi6GvO,black,,,False,,54,French Defense
I8kxTX9l,black,,,False,,60,Queen's Pawn Game
mB1BLBvS,black,,kingside,False,,63,Trompowsky Attack
jqrIG7UW,white,,,False,,89,Queen's Gambit
vOAZ9GHv,white,,,False,,35,Queen's Pawn Game
veKvOQKd,black,,,False,,48,Queen's Pawn Game
Ei6EmFnk,white,,,False,,54,Queen's Gambit
CKDekBTt,white,,,False,,83,Queen's Gambit
c1KbfwWW,white,,,False,,71,Grunfeld Defense
KT2XvLGL,white,,,False,,79,Queen's Gambit
hvtoQwhT,black,,,False,,42,French Defense
SSYeiIzt,white,,,False,,61,Queen's Gambit
RsIpUq3b,black,,,False,,91,Queen's Pawn Game
Tp9RqikW,white,,,False,,105,Queen's Pawn
kxPaexmq,white,,,False,,43,Queen's Pawn
ULiA3a3f,white,,,False,,59,Queen's Pawn Game
I4dXYOJ9,black,,,False,,50,Queen's Pawn Game
8VKDxVdz,black,,,False,,49,Queen's Pawn Game
Dn6dRV4j,white,kingside,,False,,55,Queen's Gambit
sS8jJNsz,white,,,False,,59,Queen's Pawn Game
jdc7Zsfn,black,,,False,,98,Queen's Pawn Game
tFQLwnO5,black,,,False,,60,King's Indian Defense
BgIVL1LA,black,,,False,,50,Queen's Pawn Game
nsAvBmJW,black,,,False,,58,Queen's Pawn Game
mQsNxPpi,white,,,False,,42,Slav Defense
BuwhF46Q,white,,,False,,87,Queen's Pawn Game
UYf7jCLp,white,,,False,,59,Queen's Pawn Game
JlBXGyAS,white,,,False,,65,Grunfeld Defense
0qJi3TmL,white,kingside,,False,,49,Queen's Gambit
r9waHayX,white,,,False,,67,Queen's Pawn
wsJiINz1,white,,,False,,35,Queen's Pawn Game
r6zOjAB9,black,,,False,,53,French Defense
0FKF1vRA,white,,,False,,80,Queen's Gambit
C9M2FQSj,white,,,False,,55,Indian Defenses
eEnEeFEA,white,,,False,,108,Queen's Gambit
p9GaES8Y,black,,queenside,False,,54,King's Indian Defense
VpVHBbnZ,white,kingside,,False,,62,Queen's Gambit
9i883UOF,white,kingside,,True,5,84,Queen's Gambit
Iu380lNF,white,,,False,,92,Queen's Gambit
16OxzTKg,white,,,False,,47,Queen's Gambit
GXd7PJ8V,black,,,False,,41,Irregular Openings
Rky0KGYk,white,kingside,,False,,47,Queen's Pawn
u1Sx42hR,white,,,False,,36,Queen's Pawn
m0M46qx4,white,,,False,,81,Grunfeld Defense
uzJWzPOD,black,,kingside,False,,48,French Defense
8Rmshfd7,black,,kingside,False,,110,King's Indian Defense
wl48cyqr,white,,,False,,59,Queen's Pawn
3IFIXCEZ,white,kingside,,False,,98,Dutch Defense
Zvh64xbR,white,,,False,,47,Trompowsky Attack
Wlc62Obm,black,,kingside,False,,69,Trompowsky Attack
ftkP6eTv,black,,queenside,False,,67,Irregular Openings
KR4Do2Ue,white,kingside,,True,14,114,Nimzo-Indian Defense
tE9zuYYj,black,,queenside,False,,86,King's Indian Defense
agCtm9hf,black,,,False,,38,Queen's Pawn Game
9kBRcLCS,black,,kingside,False,,55,Uncommon King Pawn
vHqCDxX1,black,,,False,,8,French Defense
5hA9oWVd,white,,,False,,20,Queen's Gambit
xk0z3gkh,white,,,False,,22,Queen's Pawn
XE1SCqza,black,,kingside,False,,79,French Defense
QqoEKmHp,white,,,False,,78,Nimzo-Indian Defense
UNCZXRER,white,,,False,,71,Indian Defenses
LQbZ11ze,black,,,False,,51,King's Indian Defense
Fiu3ZyF7,black,,kingside,False,,63,English Opening
SvYOh2nn,black,,,False,,72,Trompowsky Attack
vfpPYqzK,black,,,False,,99,Irregular Openings
16xtZi5M,black,,,False,,101,Uncommon King Pawn
JKp6qqRG,white,kingside,,False,,106,Queen's Gambit
yntk7tMH,white,queenside,,False,,134,Queen's Pawn Game
lNr4fS6K,black,,,False,,88,Queen's Pawn Game
zHkoZtGa,black,,,False,,84,Queen's Pawn Game
6ZH8VyZ6,white,kingside,,False,,54,Queen's Pawn
VghfJhvh,black,,,False,,58,Queen's Pawn Game
RtkJbSbe,black,,,False,,74,Queen's Pawn Game
tSDmHEY2,black,,,False,,53,Trompowsky Attack
1eSbsjrx,black,,,False,,80,French Defense
3dGqNAOi,black,,kingside,False,,62,Queen's Pawn Game
kZiAOU17,white,,,False,,119,Nimzo-Indian Defense
U0QCPgTH,black,,,False,,33,King's Indian Defense
iIgFnHhp,black,,queenside,False,,38,King's Indian Defense
ohmurC7M,white,,,False,,42,Nimzo-Indian Defense
VkHtA6xt,white,,,False,,79,Queen's Gambit
UtzYudbq,black,,queenside,False,,38,Uncommon King Pawn
HKR824zA,black,,,False,,65,Irregular Openings
qpbruwDf,black,,queenside,False,,34,King's Indian Defense
GPX0ndCg,black,,,False,,11,Irregular Openings
JTRf4LAF,black,,kingside,False,,85,Irregular Openings
WYjcVqkI,white,,,False,,81,Queen's Gambit
tOiw7bX1,black,,queenside,False,,87,Queen's Pawn Game
vUP3lnDf,black,,kingside,False,,100,French Defense
e2vJuOrn,white,,,False,,148,Queen's Pawn
5FIXDq5e,white,kingside,,False,,208,Queen's Pawn Game
GsifsAvy,black,,,False,,69,Queen's Pawn Game
FEU5tpkY,white,,,False,,55,Indian Defenses
iOOOrGAJ,black,,kingside,False,,75,Irregular Openings
h9TmykCL,white,,,False,,94,King's Indian Defense
Lyrqfo5u,white,,,False,,31,Nimzo-Indian Defense
sfzjBjB6,white,kingside,,False,,117,Queen's Pawn
wZZUVwN9,black,,,False,,84,Queen's Pawn Game
3wMMaPcp,white,,,False,,71,Indian Defenses
keCWIFWZ,black,,,False,,31,French Defense
MlpJNmWS,black,,kingside,False,,91,Uncommon King Pawn
0gjge1Nz,black,,queenside,False,,36,King's Indian Defense
h5gBXe53,white,,,False,,105,King's Indian Defense
jjsVQKUj,black,,,False,,38,Grunfeld Defense
o8AVHVrS,white,queenside,,False,,132,Queen's Gambit
uHBY9faW,white,,,False,,53,Indian Defenses
5v2R9GqO,white,,,False,,65,Queen's Pawn
pukqDwPH,black,,kingside,False,,83,French Defense
rg2EQMag,white,,,False,,69,Nimzo-Indian Defense
GOgBn9aF,black,,kingside,False,,50,King's Pawn Game
drdqskWD,white,queenside,,False,,98,Queen's Gambit
b4ray5oU,white,,,False,,70,Queen's Gambit
aBoImX5P,black,,kingside,False,,40,French Defense
exSG47Z6,black,,,False,,140,Reti Opening
luE5UWn1,black,,,False,,77,Trompowsky Attack
VkdGLSXW,black,,kingside,False,,156,Trompowsky Attack
pR5PhWkS,black,,,False,,45,French Defense
owacjtPd,black,,,False,,99,Irregular Openings
OAKVaFX5,black,,,False,,73,French Defense
P2RIFptd,black,,queenside,False,,55,Irregular Openings
mMjTTySR,white,,,False,,188,Queen's Gambit
cbw7Qjoe,black,,,False,,188,English Opening
48o16G9z,black,,,False,,64,French Defense
Mf9wo4Ky,white,,,False,,176,Queen's Gambit
HysNW5K0,white,kingside,,False,,107,Reti Opening
528qL6wh,white,,,False,,13,Reti Opening
63gaydrh,black,,,False,,116,English Opening
Dfj4ioSz,black,,kingside,False,,86,Trompowsky Attack
8GBVjF93,white,queenside,,False,,150,Reti Opening
oXDyBxIa,white,kingside,,False,,76,Reti Opening
sfgZXAJM,white,,,False,,55,Reti Opening
XznUOvJ7,white,kingside,,False,,70,Reti Opening
D28UdrIg,black,,,False,,39,Reti Opening
dVWIpGfC,black,,kingside,False,,33,Reti Opening
sDfN9Tqe,white,kingside,,False,,125,Reti Opening
gtS2LSAX,black,,queenside,False,,67,Uncommon King Pawn
f4fISJmg,black,,,False,,53,Trompowsky Attack
kO6newB3,black,,,False,,146,Irregular Openings
rxdTxIeH,white,kingside,,False,,109,Reti Opening
rqvMLwoW,black,,,False,,118,Irregular Openings
JSLhmZ9D,white,kingside,,False,,100,Reti Opening
WVYwOr8U,black,,,False,,39,Irregular Openings
PJEzK8zM,black,,,False,,111,Reti Opening
bcqlUueI,white,kingside,,False,,80,Reti Opening
qXhDeTju,white,kingside,,False,,106,Irregular Openings
7YQcKuY5,white,,,False,,77,Reti Opening
0CUQB9gS,white,kingside,,False,,44,Reti Opening
DiQlQ1xU,black,,,False,,54,Uncommon King Pawn
9CaQeaZo,black,,queenside,False,,59,Trompowsky Attack
MlDfChAG,black,,kingside,False,,101,Uncommon King Pawn
FGlcP4i3,white,,,False,,34,Irregular Openings
m1TgcMwg,white,kingside,,False,,64,Irregular Openings
6HBzDghR,black,,,False,,53,Irregular Openings
r0V5ohdj,white,kingside,,False,,63,Irregular Openings
gHsDQmoa,white,kingside,,False,,53,Reti Opening
1sSEGiOM,white,kingside,,False,,131,Reti Opening
woQTidn0,white,queenside,,False,,96,Reti Opening
ClEaWMBU,black,,,False,,58,Trompowsky Attack
TQVgFzK2,white,kingside,,False,,90,Reti Opening
bElkGPDU,white,,,False,,69,Reti Opening
i7E6fFom,white,kingside,,False,,138,Irregular Openings
Vm2CSIcd,black,,,False,,81,Queen's Pawn Game
OE3yXybZ,black,,kingside,False,,118,Trompowsky Attack
RYLS2uu1,black,,kingside,False,,80,Reti Opening
jYAic5TM,black,,kingside,False,,52,Uncommon King Pawn
K6VmGSy6,black,,,False,,32,Irregular Openings
3uhCIGji,white,kingside,,False,,148,Reti Opening
2SP2kzWd,black,,queenside,False,,102,Reti Opening
rxB4onGR,white,kingside,,False,,86,Reti Opening
XytKVIwA,black,,,False,,109,Irregular Openings
chln8ZfE,white,kingside,,False,,64,Reti Opening
IG0rjCpa,black,,,False,,37,Reti Opening
xJXbI9Mt,black,,kingside,False,,59,Reti Opening
socwKbCf,white,kingside,,False,,44,Reti Opening
JlR5Qj5k,black,,,False,,92,Irregular Openings
KD2BnGMn,black,,,False,,71,Irregular Openings
favuWbKq,black,,,False,,39,Reti Opening
sfKFJ8na,white,kingside,,False,,44,Reti Opening
xYok8MIU,white,,,False,,57,Irregular Openings
nJyYVnbL,white,kingside,,False,,92,Reti Opening
PgQWLbok,black,,kingside,False,,97,Uncommon King Pawn
U66Bekah,white,,,False,,36,Reti Opening
dh0A5oJS,black,,,False,,149,Irregular Openings
vY5q0rc0,black,,,False,,186,Reti Opening
diEfKcGR,black,,,False,,108,Uncommon King Pawn
fmAOmMs0,white,kingside,,False,,101,Reti Opening
RgCyvuOT,white,kingside,,False,,57,Reti Opening
BjbFsFJZ,white,kingside,,False,,44,Reti Opening
gFA0Vjph,white,,,False,,113,Irregular Openings
YnB8OKGC,white,,,False,,136,Reti Opening
jg5qcUic,black,,,False,,85,Irregular Openings
fsM0ESfK,white,kingside,,False,,109,Reti Opening
3nhabLYY,black,,,False,,84,Irregular Openings
OzqpTVVT,white,queenside,,False,,131,Reti Opening
Bud6gCN6,white,kingside,,False,,125,Reti Opening
2eIDIK2B,black,,kingside,False,,306,Irregular Openings
M7zaeSYv,black,,,False,,66,Irregular Openings
1LaTJyb0,black,,kingside,False,,104,Slav Defense
6Y0ZyBLV,black,,,False,,60,Nimzo-Indian Defense
gewxfEWh,black,,queenside,False,,62,Trompowsky Attack
aXZPZsme,white,kingside,,False,,83,Reti Opening
jFi1xcMq,white,kingside,,False,,71,Reti Opening
glXE4kHV,black,,kingside,False,,95,Uncommon King Pawn
3937bk7M,white,kingside,,False,,36,Irregular Openings
Z4aqVJmb,black,,kingside,False,,89,Uncommon King Pawn
6roarqGa,white,kingside,,False,,48,Reti Opening
HBpGqMsq,black,,kingside,False,,102,Uncommon King Pawn
IAICvjXm,white,kingside,,False,,81,Irregular Openings
WaR0RaFj,white,,,False,,53,Irregular Openings
Ighn5Tha,white,queenside,,False,,110,Reti Opening
FAfnApQQ,white,kingside,,False,,115,Reti Opening
f57seOpw,white,,,False,,76,Reti Opening
k8kJONKc,black,,,False,,37,Irregular Openings
pXgUbdNg,white,,,False,,74,Indian Defenses
Zzhfzpq2,white,queenside,,False,,19,Queen's Pawn
9TRYRhwA,white,,,False,,60,Queen's Gambit
Bf3fz45I,black,,kingside,False,,89,King's Indian Defense
1zMoEeHy,white,queenside,,False,,110,Dutch Defense
9q9KswiN,black,,kingside,False,,99,French Defense
1N8T1nJg,white,,,False,,132,Queen's Gambit
LslUsqkA,white,,,False,,51,Indian Defenses
wOuGy6Gx,black,,kingside,False,,91,Queen's Pawn Game
r8zwOdUl,black,,,False,,69,Uncommon King Pawn
w7iOe1wZ,black,,kingside,False,,64,French Defense
Kt6s1YY7,black,,kingside,False,,111,French Defense
QddqsWZB,black,,kingside,False,,104,Irregular Openings
nOfDZQ8H,white,queenside,,False,,43,Queen's Pawn
1arLrrAu,white,,,False,,115,Queen's Pawn
Ea0Q3pnl,white,kingside,,False,,76,Indian Defenses
XEXM5r6P,white,kingside,,False,,52,Indian Defenses
iFsCTp3n,white,,,False,,160,Indian Defenses
gikANapW,white,,,False,,51,Queen's Gambit
o1ndqmOR,white,kingside,,False,,38,Queen's Gambit
0SrCozph,white,,,False,,124,Grunfeld Defense
1zoODIWK,black,,kingside,False,,156,French Defense
uFipRIYa,white,kingside,,False,,150,Grunfeld Defense
y2jejsls,white,kingside,,False,,76,Queen's Gambit
lNVjIae1,white,,,False,,135,Reti Opening
keDwKyxA,white,,,False,,103,Reti Opening
dYg8IJwK,black,,kingside,False,,102,English Opening
CnRVgGi0,white,queenside,,False,,68,Reti Opening
xJCDpQIa,white,kingside,,False,,148,Reti Opening
ww2lGhFk,white,kingside,,False,,104,Reti Opening
CTI6gVgS,white,queenside,,False,,59,Reti Opening
DnwbxlX5,white,kingside,,False,,50,Reti Opening
irTN9OOO,white,kingside,,False,,105,Reti Opening
FkazefKj,black,,,False,,96,Reti Opening
vuSWtn0g,black,,,False,,152,Irregular Openings
Ei9BRqnF,white,,,False,,10,Reti Opening
cc1vCkcq,white,kingside,,False,,74,Reti Opening
qIj2pVVC,white,,,False,,56,Reti Opening
fFoyrFxe,white,kingside,,False,,123,Reti Opening
YiYiVCys,white,kingside,,False,,129,Reti Opening
acaNfWnP,black,,kingside,False,,118,Uncommon King Pawn
v3QLwymJ,white,kingside,,False,,89,Reti Opening
CsQvzykD,white,kingside,,False,,77,Reti Opening
ekFIfDo9,white,kingside,,False,,133,Reti Opening
oPQrwwhd,black,,,False,,39,Trompowsky Attack
Zfst9EPK,black,,kingside,False,,57,Uncommon King Pawn
1QyXYvCt,black,,kingside,False,,149,English Opening
tHOU7p8G,white,kingside,,False,,122,Reti Opening
anCFynCe,white,queenside,,False,,112,Irregular Openings
mBC4We14,black,,,False,,99,Irregular Openings
B97msrhQ,black,,kingside,False,,120,Uncommon King Pawn
CVh3Eimk,white,kingside,,False,,96,Reti Opening
XZsI32d6,white,kingside,,False,,62,Reti Opening
uuPYhcnU,black,,,False,,109,Irregular Openings
UWZZYv61,black,,kingside,False,,121,Irregular Openings
Zrvbbolv,black,,kingside,False,,34,Slav Defense
Ds8qu0Id,white,,,False,,43,Reti Opening
HSeavYnB,white,kingside,,False,,52,Reti Opening
sAMKv91V,white,kingside,,False,,56,Reti Opening
uRVK6KLl,white,,,False,,68,Reti Opening
CrBHFeAv,black,,,False,,72,English Opening
fyGrZ8mt,white,kingside,,False,,56,Reti Opening
YPbVpv6E,white,kingside,,False,,157,Irregular Openings
iNqfaQ6C,white,kingside,,False,,40,Reti Opening
sQy6QikZ,black,,,False,,46,Uncommon King Pawn
L3Df2L68,white,queenside,,False,,56,Reti Opening
IGJrQtbs,black,,kingside,False,,55,Reti Opening
Uplvspbz,black,,,False,,39,Trompowsky Attack
WFYN3AkN,white,kingside,,False,,60,Reti Opening
ET6PmGW8,black,,kingside,False,,66,English Opening
GXXwZ0zE,black,,kingside,False,,96,Uncommon King Pawn
9op0SVLC,black,,,False,,45,Uncommon King Pawn
P1l969yS,white,,,False,,117,Reti Opening
5eQOW2ER,white,kingside,,False,,57,Reti Opening
cNjV6u6z,black,,kingside,False,,41,Uncommon King Pawn
yGtGJWTb,black,,queenside,False,,113,Irregular Openings
UHnuaiax,black,,kingside,False,,110,Uncommon King Pawn
OkYfmjmy,white,kingside,,False,,56,Reti Opening
anjKAPKb,white,kingside,,False,,38,Reti Opening
0SIJDI3A,black,,queenside,False,,133,Irregular Openings
r587y3I1,black,,kingside,False,,74,Uncommon King Pawn
7poBbUzo,white,kingside,,False,,115,Reti Opening
qltGi4Tm,white,kingside,,False,,169,Reti Opening
hme4cvvz,white,kingside,,False,,66,Reti Opening
s6UURvqL,black,,queenside,False,,285,Irregular Openings
G6mDQN1u,black,,kingside,False,,74,Uncommon King Pawn
uVwsqbeg,white,kingside,,False,,57,Reti Opening
Istr8LKS,white,kingside,,False,,99,Reti Opening
ZME7yeIJ,white,,,False,,129,Reti Opening
5ZeFJkZW,black,,kingside,False,,49,Trompowsky Attack
PxweJGxT,white,kingside,,False,,105,Reti Opening
wjM5tarp,white,,,False,,69,Queen's Gambit
HyjYNSkO,black,,,False,,64,King's Indian Defense
RHJLNIUM,white,kingside,,False,,60,Queen's Gambit
sQ3DLemh,white,,,False,,51,Queen's Gambit
PjXUiTuW,white,,,False,,88,Queen's Gambit
VPFc7p8C,white,,,False,,69,Queen's Gambit
CQ1E7EDm,black,,,False,,62,French Defense
ecUJPyOL,black,,,False,,33,Irregular Openings
QwKXxPES,white,kingside,,False,,31,Queen's Gambit
DXt2RuQb,white,,,False,,100,Dutch Defense
Yk8gcO6D,white,kingside,,False,,87,Queen's Gambit
m1HAz67h,white,kingside,,False,,54,Queen's Gambit
hkZr354p,black,,,False,,48,Irregular Openings
VQWMwiqB,white,queenside,,False,,66,Reti Opening
7HuPR3Sf,white,,,False,,49,Reti Opening
hc15mmZL,white,,,False,,104,Reti Opening
hzRX4gk6,black,,,False,,57,Indian Defenses
2DuLAt3r,white,,,False,,76,Reti Opening
dt04j4hn,black,,kingside,False,,29,Uncommon King Pawn
5moATJhB,white,queenside,,False,,139,Reti Opening
6HsZMTqS,black,,kingside,False,,69,Uncommon King Pawn
Z23umVll,black,,kingside,False,,38,Uncommon King Pawn
dd7Reukm,white,queenside,,False,,97,Reti Opening
itsSYh2p,black,,,False,,83,Irregular Openings
It1dCSpv,white,,,False,,96,Reti Opening
IkUeoEdk,white,queenside,,False,,50,Reti Opening
8glQAh2T,black,,,False,,111,Queen's Gambit
Ufs4ZHdW,white,queenside,,False,,102,Reti Opening
12xSKNYp,white,,,False,,75,King's Pawn Game
SJtS2d8h,black,,kingside,False,,58,Reti Opening
ZqBv03Mk,black,,queenside,False,,90,Irregular Openings
CXh2xJWx,black,,kingside,False,,48,Uncommon King Pawn
c6Oap8zu,black,,kingside,False,,91,King's Pawn Game
TIpiusla,white,,,False,,103,Reti Opening
Ts8SsQOB,black,,kingside,False,,93,King's Pawn Game
59sjCFBN,white,,,False,,29,Reti Opening
TwFeDpPM,black,,kingside,False,,61,King's Pawn Game
FH0pEK0x,black,,kingside,False,,37,Irregular Openings
zMdGyMQZ,black,,kingside,False,,88,King's Pawn Game
jdroYM0v,white,kingside,,False,,90,Reti Opening
RaiSE1Q7,black,,,False,,12,Irregular Openings
IsTFfQQc,white,kingside,,False,,75,Reti Opening
OBPkcaIR,black,,queenside,False,,107,Trompowsky Attack
IzfJjGek,black,,kingside,False,,76,King's Pawn Game
0U9veCM3,white,queenside,,False,,71,Reti Opening
LRumGekv,black,,kingside,False,,61,King's Pawn Game
uutsiXo9,white,kingside,,False,,72,King's Pawn Game
6gSk3Ijn,white,kingside,,False,,114,Irregular Openings
AEozX5lW,black,,kingside,False,,53,King's Pawn Game
GTUgVo5J,white,,,False,,16,Reti Opening
O58K4wsv,white,,,False,,36,Reti Opening
C87Dp0gR,white,kingside,,False,,85,Reti Opening
8uQWGrTS,black,,,False,,91,Trompowsky Attack
7EeyWHAO,white,queenside,,False,,36,Reti Opening
DCP9w1hR,white,,,False,,97,Reti Opening
fjw2YIfC,white,,,False,,100,Reti Opening
C8vkOBEm,black,,,False,,60,Queen's Pawn Game
Cso3c0Ji,black,,queenside,False,,73,Queen's Pawn Game
QPSZYYNG,black,,kingside,False,,54,Uncommon King Pawn
sXgILBdt,white,queenside,,False,,86,Reti Opening
sucq4MnE,black,,,False,,77,Uncommon King Pawn
BuvaW24w,white,,,False,,83,Queen's Pawn Game
coOc3YeR,white,kingside,,False,,96,Reti Opening
EiJhkopx,black,,,False,,40,Queen's Gambit
Q85zHmxZ,white,,,False,,104,Reti Opening
AaMAeU7G,black,,,False,,62,Queen's Pawn Game
YNCY1I3A,black,,,False,,99,Trompowsky Attack
T6naM4xx,white,,,False,,121,Irregular Openings
CRKaXoNe,black,,,False,,58,English Opening
8BCehjp6,white,,,False,,51,Irregular Openings
jExiq7U3,black,,,False,,107,Irregular Openings
jFVAbFp9,white,,,False,,54,Reti Opening
2YT4IOuP,black,,kingside,False,,48,Irregular Openings
FRVpcKM3,black,,,False,,65,Irregular Openings
YMqoCNwJ,white,kingside,,False,,49,Reti Opening
wy4a3J7W,white,kingside,,False,,92,Reti Opening
oz7XHHsE,white,kingside,,False,,52,Reti Opening
aWJiNaKP,white,kingside,,False,,44,Reti Opening
SjNOFETs,white,kingside,,False,,50,Reti Opening
6CRSfMwT,black,,kingside,False,,47,Uncommon King Pawn
EGsgbccg,black,,kingside,False,,37,Irregular Openings
n03xCyxl,white,queenside,kingside,True,9,92,Irregular Openings
w416A9RH,black,,,False,,130,Uncommon King Pawn
X02MjvSu,black,,kingside,False,,63,Trompowsky Attack
dpAeQATm,white,kingside,,False,,52,Reti Opening
VCtePczV,black,,kingside,False,,96,Trompowsky Attack
LKtnZyQj,white,,,False,,110,Reti Opening
j8Raf7t1,white,kingside,,False,,99,Reti Opening
vCOyd06V,black,,kingside,False,,41,Uncommon King Pawn
Xjp3Bk7r,black,,kingside,False,,47,Uncommon King Pawn
ANdEP8wk,black,,kingside,False,,136,Irregular Openings
pbO8ACZe,white,kingside,,False,,180,Reti Opening
AiuiMEP4,black,,queenside,False,,46,Trompowsky Attack
lKBL0Yj4,white,kingside,,False,,96,Reti Opening
zZT0DVqI,white,kingside,,False,,239,Reti Opening
t359aBvt,white,kingside,,False,,65,Reti Opening
Zvypkcgt,black,,kingside,False,,96,Uncommon King Pawn
n7iI0FuH,white,kingside,,False,,52,Reti Opening
lAs96Adm,white,kingside,,False,,100,Reti Opening
MLNyavI0,white,kingside,,False,,149,Reti Opening
9qPHg3N1,black,,kingside,False,,88,Uncommon King Pawn
MEicshn0,white,kingside,,False,,64,Reti Opening
ECe1AAyz,white,kingside,,False,,111,Reti Opening
RCtd3drk,black,,,False,,73,Trompowsky Attack
Y0U8MPoq,white,kingside,,False,,55,Reti Opening
1ojaQecz,white,kingside,kingside,True,19,335,Reti Opening
FRzVJhgj,white,kingside,,False,,121,Reti Opening
vTJBHA2u,black,,queenside,False,,69,Trompowsky Attack
FO7aSsX3,black,,,False,,77,Uncommon King Pawn
hovv41dM,black,,queenside,False,,127,Uncommon King Pawn
SJnrpCrr,white,kingside,,False,,54,Reti Opening
7YNp75Vq,black,,kingside,False,,81,Uncommon King Pawn
c2dJ0u1i,black,,kingside,False,,104,Trompowsky Attack
EzYXNE9G,white,kingside,,False,,45,Irregular Openings
n9WYS51d,black,,,False,,100,Uncommon King Pawn
A2tgyZbP,black,,kingside,False,,41,Uncommon King Pawn
V6Vbj8Va,black,,kingside,False,,25,Uncommon King Pawn
tTPnOTdA,black,,,False,,7,Irregular Openings
NvUCIq5g,black,,kingside,False,,88,Irregular Openings
GEvCpQoI,black,,queenside,False,,166,Trompowsky Attack
64VXn5Kd,black,,kingside,False,,45,English Opening
uncrfHuz,white,kingside,,False,,90,Reti Opening
s0dueSDF,black,,,False,,85,Irregular Openings
7JZbpFKB,black,,,False,,37,Trompowsky Attack
8FPjUkhr,white,kingside,,False,,111,Reti Opening
TmKAKyXh,black,,kingside,False,,53,Uncommon King Pawn
zEpDhgZl,white,,,False,,2,Reti Opening
RwRvUwAT,black,,kingside,False,,55,Uncommon King Pawn
85a8o1jG,black,,kingside,False,,39,Slav Defense
8erXB6wg,black,,queenside,False,,61,Trompowsky Attack
iCfnQSbR,white,queenside,,False,,81,Reti Opening
fXSBMK5I,white,kingside,,False,,75,Reti Opening
2gWfxH7z,white,kingside,,False,,68,Reti Opening
BGLR0JEZ,black,,kingside,False,,188,Trompowsky Attack
ZVS1IgME,white,kingside,,False,,58,Reti Opening
HS9CF6ha,white,kingside,,False,,42,Reti Opening
j5Aa47zc,black,,kingside,False,,113,Irregular Openings
M9mszpHe,black,,,False,,40,Irregular Openings
6OwxFlTX,white,kingside,,False,,48,Reti Opening
yNvxBSfa,white,kingside,,False,,158,Reti Opening
1FCWKId3,black,,kingside,False,,91,Uncommon King Pawn
kimUBTZo,black,,kingside,False,,76,Nimzo-Indian Defense
K0mg2HoT,black,,,False,,93,Uncommon King Pawn
AkjV5ucJ,black,,kingside,False,,113,Uncommon King Pawn
ROLNtpq1,white,kingside,,False,,42,Reti Opening
F3szvw5r,black,,kingside,False,,74,Uncommon King Pawn
KJIQOPLB,black,,,False,,91,Uncommon King Pawn
ymwdy4XL,white,kingside,,False,,73,Irregular Openings
JsrcYelQ,white,,,False,,56,Reti Opening
AyOS8rQK,black,,kingside,False,,103,Uncommon King Pawn
RjOEXe4j,white,kingside,,False,,56,Reti Opening
5tmxsILv,black,,,False,,104,Reti Opening
MyIsQWwV,black,,kingside,False,,79,Irregular Openings
Da3BCFNb,black,,kingside,False,,30,Irregular Openings
IJtYO35Q,white,kingside,,False,,52,Reti Opening
6nGYGfIs,black,,kingside,False,,76,Trompowsky Attack
8X4w4Oxy,white,kingside,,False,,90,Reti Opening
Myd4acPI,white,kingside,,False,,148,Reti Opening
2oaItTXf,white,kingside,,False,,37,Reti Opening
PBuwuXY9,black,,,False,,99,Uncommon King Pawn
BUN1U88M,black,,kingside,False,,59,Trompowsky Attack
uR8n5IQd,white,,,False,,58,Reti Opening
koT0wpjL,black,,kingside,False,,57,Uncommon King Pawn
MIMOKbnu,black,,kingside,False,,39,Uncommon King Pawn
CYslhJXZ,black,,kingside,False,,112,Uncommon King Pawn
aBUR8itv,black,,kingside,False,,114,Uncommon King Pawn
pOyebv3u,white,kingside,,False,,80,Reti Opening
8nPzbzAB,white,kingside,,False,,27,Reti Opening
V7eBxvP3,black,,,False,,71,Uncommon King Pawn
ZDOFWnl7,black,,kingside,False,,69,French Defense
Q6uP5Tgp,white,kingside,,False,,47,Irregular Openings
5AEExOjH,black,,kingside,False,,44,Irregular Openings
CYXqUU3F,black,,kingside,False,,42,Irregular Openings
puTC2yj8,black,,kingside,False,,35,Uncommon King Pawn
eBMhdiap,black,,,False,,25,Trompowsky Attack
lxDtEeg0,black,,,False,,98,Trompowsky Attack
Vm9DaAXm,black,,queenside,False,,108,Slav Defense
DYUVgqE8,white,kingside,,False,,66,Reti Opening
9Fflchxu,white,kingside,,False,,50,Reti Opening
6Ku61W0t,white,kingside,,False,,78,Reti Opening
EZZMZIHq,white,kingside,,False,,42,Reti Opening
aOlKeVIY,white,kingside,,False,,35,Reti Opening
6EEl3Rx2,black,,,False,,101,Uncommon King Pawn
ph1ry5qE,white,,,False,,51,Irregular Openings
wqyjo6zM,white,kingside,,False,,60,Irregular Openings
r3FYUCal,black,,kingside,False,,99,Uncommon King Pawn
WFzJgd5e,white,queenside,,False,,83,Irregular Openings
s1Jlq3MF,black,,kingside,False,,105,Uncommon King Pawn
mdk57XJS,white,kingside,,False,,43,Irregular Openings
EV5BuvId,black,,,False,,102,Uncommon King Pawn
wa3e83SZ,black,,,False,,163,Reti Opening
S9juyYbp,black,,,False,,42,Nimzo-Indian Defense
J7RkUMUP,black,,queenside,False,,77,Trompowsky Attack
sryVmCqU,white,kingside,,False,,55,Irregular Openings
f4KfkPwf,black,,,False,,31,Reti Opening
bFbPsC14,black,,,False,,67,Uncommon King Pawn
5855BKGV,black,,,False,,34,Irregular Openings
KOyVG3yb,white,kingside,,False,,78,Irregular Openings
SzpRPXiQ,black,,,False,,126,Uncommon King Pawn
pr7C5Gaf,black,,kingside,False,,47,Slav Defense
VOy14QVn,black,kingside,kingside,True,33,384,Reti Opening
iCZfeW80,white,kingside,,False,,40,Irregular Openings
0uNN1Z4q,white,kingside,,False,,54,Irregular Openings
F9GCGIkz,black,,kingside,False,,68,Catalan Opening
U8iZIKZU,white,kingside,,False,,89,Irregular Openings
XtTxMfKT,black,,,False,,84,Uncommon King Pawn
KnEf4EPM,black,,,False,,42,Irregular Openings
lASr7PGT,black,,,False,,81,Reti Opening
rGedR4Y5,white,,,False,,76,Irregular Openings
RP85cqdp,white,kingside,,False,,71,Irregular Openings
EDe1laYR,white,,,False,,8,Irregular Openings
Eru9AA2o,black,,queenside,False,,97,Trompowsky Attack
3cZUlyAW,black,,,False,,42,Trompowsky Attack
zKwilsKN,white,kingside,,False,,55,Irregular Openings
3edGrj5v,black,,,False,,62,Irregular Openings
ovVGzt6o,black,kingside,kingside,True,16,201,Reti Opening
Njvp3jee,white,kingside,,False,,82,Reti Opening
oXp05jgf,white,kingside,,False,,86,Irregular Openings
YPKh6W2u,black,,queenside,False,,110,Trompowsky Attack
B05wuhQX,white,kingside,,False,,37,Irregular Openings
rhsZ1Xci,black,,,False,,65,Irregular Openings
FwoJgbGT,white,kingside,,False,,104,Irregular Openings
kdBRbUtJ,black,,,False,,97,Uncommon King Pawn
sjYWM16d,black,,kingside,True,20,115,English Opening
lkKxm0hn,black,,,False,,42,Trompowsky Attack
jA9Clodw,black,,,False,,80,Trompowsky Attack
50A0ibuX,white,kingside,,False,,120,Irregular Openings
bYHdHZZd,black,,,False,,115,Irregular Openings
W6dusajE,black,,,False,,91,Irregular Openings
Es74ezFu,white,,,False,,67,Irregular Openings
maj1jRLa,white,kingside,,False,,62,Irregular Openings
RUxL2rsK,white,kingside,,False,,52,Irregular Openings
tiG3Eyqw,white,kingside,,False,,120,Irregular Openings
ZwSMrOyt,white,kingside,,False,,80,Irregular Openings
2HMzP8Ws,black,,,False,,107,Irregular Openings
0kU3D9xF,black,,,False,,44,English Opening
7FEoDH6K,white,kingside,,False,,128,Irregular Openings
nfQJu9F4,white,kingside,,False,,35,Irregular Openings
5PUe8qoy,black,,,False,,99,Uncommon King Pawn
EkmlyKHb,white,,,False,,105,Reti Opening
kBkiZow0,black,,queenside,False,,102,Reti Opening
Nkjsnq2x,white,queenside,,False,,29,Irregular Openings
jWuCotXj,black,,,False,,83,Slav Defense
nYL40frF,black,,kingside,False,,101,Uncommon King Pawn
ebgBqfEd,black,,,False,,30,Irregular Openings
Vy10VQWL,white,kingside,,False,,78,Irregular Openings
PQ4HI3dM,white,queenside,,False,,80,Irregular Openings
O87SM3zE,white,queenside,,False,,54,Irregular Openings
UqnBKjdB,black,,,False,,84,Uncommon King Pawn
78CfZKv8,white,kingside,,False,,111,Irregular Openings
rwBPC2IE,black,,kingside,False,,97,Irregular Openings
0yCfUC6A,black,,kingside,False,,114,Uncommon King Pawn
yMRg6fLM,black,,,False,,72,Uncommon King Pawn
b2d7uHM6,white,,,False,,54,Irregular Openings
hgzQtVRN,black,,kingside,False,,27,King's Pawn Game
rSeSGb3p,white,kingside,,False,,23,Irregular Openings
FOppKoOw,white,queenside,,False,,93,Irregular Openings
PBytsxiP,white,kingside,,False,,32,Irregular Openings
xZAKxruH,black,,,False,,82,Uncommon King Pawn
SNALW2bO,black,,,False,,35,Irregular Openings
wlZsYYOV,black,,,False,,35,Irregular Openings
Int9eZ3E,white,kingside,,False,,132,Irregular Openings
IZ4cp7Ks,white,,,False,,37,Irregular Openings
QjiIUUsf,white,kingside,,False,,48,Irregular Openings
64xGIkfJ,white,kingside,,False,,46,Irregular Openings
k9jt9FZS,black,,,False,,79,Trompowsky Attack
Etcss3YQ,black,,,False,,75,Uncommon King Pawn
4EdPqJWq,black,,,False,,72,Trompowsky Attack
CvHu9pbV,black,,queenside,False,,77,Irregular Openings
SmWb84AS,white,,,False,,56,Irregular Openings
8Dl94TcW,black,,,False,,5,Trompowsky Attack
ZL0umzvT,white,kingside,,False,,81,Irregular Openings
wsZYJNCE,white,queenside,,False,,40,Irregular Openings
ZvW6wcQN,black,,kingside,False,,186,Irregular Openings
4OGFlKqS,white,kingside,,False,,31,Irregular Openings
8BMJs9sC,white,,,False,,57,Irregular Openings
72yYGKGP,black,,kingside,False,,113,Slav Defense
eggpdzA4,black,,,False,,137,Indian Defenses
JwIOGntA,black,,,False,,76,English Opening
9aQXdOHS,white,kingside,,False,,117,Irregular Openings
A6uRMhVh,white,kingside,,False,,43,Irregular Openings
wvh3AIuS,black,,,False,,35,Uncommon King Pawn
Vs2Y7Fuw,black,,,False,,74,Uncommon King Pawn
zi0M19nh,white,kingside,,False,,25,Irregular Openings
Op7rEmOf,black,,,False,,72,Irregular Openings
FdnBG9HT,black,,queenside,False,,58,Slav Defense
KECo006J,white,,,False,,77,Irregular Openings
YDJwx8CZ,white,kingside,,False,,78,Irregular Openings
I0TXwynL,white,,,False,,27,Irregular Openings
ywZsXY9m,black,,kingside,False,,114,Trompowsky Attack
QEC72YpG,black,,kingside,False,,68,Trompowsky Attack
j5HCV4Pq,white,kingside,,False,,79,Irregular Openings
Ze18kP2K,white,kingside,,False,,59,Irregular Openings
QcHENHNF,white,kingside,,False,,75,Irregular Openings
6wsz82EW,black,,queenside,False,,60,Irregular Openings
UJl5kcVO,black,,queenside,False,,59,Irregular Openings
6Nl3isFh,white,kingside,,False,,141,Irregular Openings
4YwFcRJ3,white,queenside,,False,,74,Irregular Openings
yypCTiP9,black,,,False,,104,English Opening
PKJoDzFI,black,,,False,,68,Irregular Openings
E0ArNWrk,white,queenside,,False,,158,Irregular Openings
AOoW2B87,white,kingside,,False,,73,Irregular Openings
0fctu0ok,black,,,False,,69,Irregular Openings
nuOJmjn3,white,kingside,kingside,True,7,234,Irregular Openings
oa4TSXdn,black,,kingside,False,,89,Irregular Openings
sek3zFy3,black,,kingside,False,,106,Uncommon King Pawn
9OjCqHCk,black,,kingside,False,,57,English Opening
4jdUTdBe,black,,,False,,64,Trompowsky Attack
9f48NHYa,white,,,False,,81,Irregular Openings
DoZKti1U,white,kingside,,False,,55,Irregular Openings
yeyk1GhU,white,,,False,,59,Irregular Openings
e04B0lPJ,black,,,False,,80,Trompowsky Attack
p0kp3a4P,white,kingside,,False,,71,Irregular Openings
Uz8aeThB,black,,,False,,147,Irregular Openings
Fc9nLPIl,white,kingside,,False,,69,Irregular Openings
6I5ZP3LV,black,,kingside,False,,41,Uncommon King Pawn
AiAjsLrs,black,,kingside,False,,37,Irregular Openings
Z7al7da0,white,,,False,,62,Irregular Openings
4CZHhQI5,white,kingside,,False,,57,Irregular Openings
0cKO3QuY,black,,kingside,False,,83,Slav Defense
g5RCU7W7,white,queenside,,False,,82,Irregular Openings
svEdtG7z,white,kingside,,False,,57,Irregular Openings
4hXzbIlK,black,,,False,,63,Uncommon King Pawn
cUJZaZBk,black,,,False,,39,Irregular Openings
5NjqjoB4,white,queenside,,False,,67,Irregular Openings
MAwi6YSF,white,kingside,,False,,51,Irregular Openings
MsVm0EVC,black,,kingside,False,,41,Uncommon King Pawn
NNIl9DEr,black,,,False,,96,Irregular Openings
LlR9rQo4,white,,,False,,57,Irregular Openings
bn44RH2a,black,,kingside,False,,43,Uncommon King Pawn
Xx34wptL,white,kingside,,False,,79,Irregular Openings
3wBDOCWe,white,,,False,,49,Irregular Openings
L6zXJKNh,black,,kingside,False,,96,Irregular Openings
4gbsiusE,black,,,False,,73,Uncommon King Pawn
AaBCXK59,white,kingside,,False,,37,Irregular Openings
9Y6859MZ,white,kingside,,False,,43,Irregular Openings
iwksSvnG,black,,kingside,False,,44,Nimzo-Indian Defense
RQopOYDz,white,queenside,,False,,61,Irregular Openings
TAhCo6Tq,white,,,False,,140,Irregular Openings
R0pV8MQy,black,,kingside,False,,69,Reti Opening
0rmJQQPZ,white,kingside,,False,,135,Irregular Openings
mwtCcWCU,white,kingside,,False,,61,Irregular Openings
38bLRmLJ,black,,,False,,54,Uncommon King Pawn
9CulqErE,white,kingside,,False,,46,Irregular Openings
7USxy9Ye,white,kingside,,False,,48,Irregular Openings
Db6dUlnl,black,,kingside,False,,278,Irregular Openings
RG8Qr57i,black,,,False,,42,Reti Opening
vPqTdTbr,white,,,False,,61,Irregular Openings
KVmzZFI0,black,,,False,,38,Reti Opening
96aJjJha,black,,kingside,False,,66,Irregular Openings
0b8nVaxC,white,,,False,,33,Irregular Openings
9kXnyePZ,black,,kingside,False,,46,Irregular Openings
rSzyJJkF,white,,,False,,51,Irregular Openings
AmfjzN1P,white,kingside,,False,,146,Irregular Openings
essaKKc7,white,,,False,,91,Irregular Openings
6Q9DoXjx,black,,,False,,7,Reti Opening
m6MMIxhv,black,,,False,,20,Reti Opening
1X3erq2d,white,,,False,,35,Irregular Openings
VWu0iQO6,black,,kingside,False,,35,Slav Defense
DPAT5wsO,black,,,False,,45,Uncommon King Pawn
ARI91FPo,black,,,False,,31,Trompowsky Attack
jUsnJQuj,black,,queenside,False,,87,Uncommon King Pawn
Duiez8pZ,white,,,False,,83,Irregular Openings
DSTmZxnR,black,,kingside,False,,81,Trompowsky Attack
uK8KiAQt,white,,,False,,29,Irregular Openings
2Spyf2L2,black,,kingside,False,,53,Uncommon King Pawn
ATGsOU6t,black,,kingside,False,,82,Uncommon King Pawn
2hrRyGc1,black,,kingside,False,,41,Uncommon King Pawn
87YPm99Z,white,kingside,,False,,226,Irregular Openings
0McdubFG,white,queenside,,False,,152,Irregular Openings
x3yM6AEZ,black,,kingside,False,,43,Irregular Openings
wu9nuFHM,black,,,False,,55,Reti Opening
dkarIpIv,black,,kingside,False,,53,Uncommon King Pawn
8J6Sy7aI,white,kingside,,False,,39,Irregular Openings
Eyt9O9Hy,black,,kingside,False,,81,Uncommon King Pawn
ZLM4H2ib,white,kingside,,False,,65,Irregular Openings
nRQ27uCV,black,,kingside,False,,56,Irregular Openings
S25S52gd,white,kingside,,False,,69,Irregular Openings
ADyfjOxe,black,,kingside,False,,64,Irregular Openings
yqqf4MzO,black,,,False,,39,Irregular Openings
Y8Wk193g,black,,,False,,80,Trompowsky Attack
X5IZmJjJ,white,queenside,,False,,64,Irregular Openings
gcO4NwAh,black,,kingside,False,,160,English Opening
CTO72NRu,black,,,False,,57,Uncommon King Pawn
jAKMWKCr,white,,,False,,39,Irregular Openings
CV0bGE9S,white,,,False,,47,Irregular Openings
vYYTMSl3,white,kingside,,False,,46,Irregular Openings
3Q7x2UoO,black,,kingside,False,,84,Reti Opening
qM5nEv7H,black,,kingside,False,,41,Trompowsky Attack
lGI3kmaL,white,kingside,,False,,31,Irregular Openings
Qw3DzmOl,black,,kingside,False,,43,Uncommon King Pawn
mRYoXLOb,black,,,False,,31,Uncommon King Pawn
batjr4Hm,black,,kingside,False,,89,Irregular Openings
EmDX6oxa,white,,,False,,65,Irregular Openings
WREFaGAj,black,,,False,,61,English Opening
jA31qOUB,black,,,False,,159,Uncommon King Pawn
gygbmShc,white,queenside,,False,,74,Irregular Openings
wXCjISU2,white,kingside,,False,,59,Irregular Openings
Uve3Kvti,white,queenside,,False,,109,Irregular Openings
DkYnhKUG,white,queenside,,False,,71,Irregular Openings
2vilTsnz,white,,,False,,65,Irregular Openings
B31AaSlS,black,,kingside,False,,82,Uncommon King Pawn
e0LGb2lg,white,,,False,,91,Irregular Openings
XSnsIRMJ,white,kingside,,False,,55,Irregular Openings
rTD80KYx,black,,kingside,False,,115,Irregular Openings
JBTazWJS,white,kingside,kingside,True,9,100,Irregular Openings
wSNip4gw,black,,,False,,54,Irregular Openings
qea9nAzn,white,,,False,,129,Irregular Openings
fmQUNMo4,white,queenside,,False,,122,Irregular Openings
f4VRlWf9,black,,,False,,97,Uncommon King Pawn
keudErBW,black,,,False,,64,Irregular Openings
or9VD3Ta,white,kingside,,False,,58,Irregular Openings
WzMlqNhT,black,,kingside,False,,71,Irregular Openings
uqKStzYs,white,kingside,,False,,42,Irregular Openings
cZL6ZPVJ,white,,,False,,47,Irregular Openings
Gx0lb6B4,black,,,False,,142,Irregular Openings
aWEKZGIv,black,,kingside,False,,98,Uncommon King Pawn
dIm0Yaiw,white,queenside,,False,,126,Irregular Openings
1pvbbMPm,black,,,False,,87,Slav Defense
fZZbZS7i,white,,,False,,25,Irregular Openings
RJkPzcZv,white,kingside,,False,,39,Irregular Openings
nCVL2WDt,white,,,False,,37,Irregular Openings
kY2KyZI9,white,,,False,,66,Irregular Openings
Wv5f1sGI,black,,kingside,False,,102,Uncommon King Pawn
kvNC3dRp,black,,kingside,False,,89,English Opening
BRYnJMqI,black,,queenside,False,,52,Irregular Openings
30lLrF0E,black,,kingside,False,,139,Irregular Openings
pxcJ1oOz,white,kingside,,False,,93,Irregular Openings
oUWliPNW,white,,,False,,65,Irregular Openings
nwgzFJKW,black,,,False,,36,Nimzo-Indian Defense
cNXYAeFO,white,kingside,,False,,69,Irregular Openings
RAPTij0j,white,kingside,,False,,139,Irregular Openings
4SKeYp4L,white,,,False,,31,Irregular Openings
l78rgN1N,black,,,False,,130,Uncommon King Pawn
Rc7vrIAS,white,queenside,,False,,160,Irregular Openings
ugPo2In3,black,,kingside,False,,90,Uncommon King Pawn
V5eN0T2G,black,,kingside,False,,55,French Defense
C7kdgcjU,white,,,False,,71,Irregular Openings
PuI9pOPh,black,,kingside,False,,66,English Opening
yJDg76dW,black,,queenside,False,,46,Trompowsky Attack
GogXf1FP,white,kingside,,False,,47,Irregular Openings
3Wij0Jh9,white,kingside,,False,,49,Irregular Openings
sNeuBZWP,black,,,False,,131,Uncommon King Pawn
mRGvdwaj,white,kingside,,False,,84,Irregular Openings
OUCc3Dgc,black,,,False,,56,Reti Opening
1tliahbw,white,,,False,,101,Irregular Openings
M1FyQQWe,black,,kingside,False,,74,Uncommon King Pawn
MluNSN0I,black,,kingside,False,,47,Trompowsky Attack
RMUFvv2X,black,,,False,,94,Reti Opening
vnDRu4DC,black,,kingside,False,,53,Trompowsky Attack
Dz8koYqG,white,kingside,,False,,73,Irregular Openings
nHNQwTpQ,white,kingside,,False,,63,Irregular Openings
eyZmFREE,white,queenside,,False,,53,Irregular Openings
Mz9hdNTg,black,,kingside,False,,45,Uncommon King Pawn
4tBVwwLf,black,,kingside,False,,148,Uncommon King Pawn
LhW2nSzW,white,kingside,,False,,82,Irregular Openings
vEL0lg9C,white,,,False,,25,Irregular Openings
J3oAbgP5,black,,queenside,False,,34,Slav Defense
SLE3EOvL,black,,,False,,65,Irregular Openings
XsohTDF9,black,,,False,,79,English Opening
a3bsJ8BE,white,kingside,,False,,62,Irregular Openings
QxHH3KSq,black,,,False,,102,Uncommon King Pawn
FAgFYKoJ,black,,,False,,147,Uncommon King Pawn
wUHsLx7l,black,,kingside,False,,42,Uncommon King Pawn
IVIxJBzx,white,kingside,,False,,33,Irregular Openings
FDCgMBkL,white,,,False,,58,Irregular Openings
VCJPxm94,black,,,False,,53,Indian Defenses
odkdnww7,black,,,False,,116,Uncommon King Pawn
t6zp2sXx,black,,,False,,110,Uncommon King Pawn
FqbuwJTT,white,,,False,,115,Irregular Openings
Mqmg10zA,black,,kingside,False,,67,Nimzo-Indian Defense
YUZ0Yajf,black,,,False,,59,Reti Opening
PKKZw9VA,white,,,False,,45,Irregular Openings
i8sy1H5F,black,,kingside,False,,65,Uncommon King Pawn
A5rstMac,white,queenside,,False,,74,Irregular Openings
OyThGh6R,white,kingside,,False,,102,Irregular Openings
750NZJzr,black,,,False,,39,Uncommon King Pawn
iVI47ZZu,black,,kingside,False,,56,Indian Defenses
oetoQ6qO,white,,,False,,81,Irregular Openings
BpKfz8d1,white,kingside,,False,,110,Irregular Openings
mx5oSvEj,black,,kingside,False,,110,Reti Opening
STp6JVWh,white,,,False,,56,Irregular Openings
EQgGYbN5,white,kingside,,False,,82,Irregular Openings
pzjim4xP,black,,,False,,104,Uncommon King Pawn
gWekqtTn,white,kingside,,False,,61,Irregular Openings
6nWboHzW,black,,,False,,43,Uncommon King Pawn
rjh8CHQN,black,,queenside,False,,75,Uncommon King Pawn
Jtmx8rBN,black,,,False,,73,Irregular Openings
lGBbZjDv,black,,,False,,67,Irregular Openings
S6mg61RF,white,queenside,,False,,69,Irregular Openings
9BQxRNFH,white,,,False,,73,Irregular Openings
kv47w9ed,black,,,False,,80,Uncommon King Pawn
UHlRKUCu,black,,kingside,False,,61,Trompowsky Attack
PpdOGMlJ,black,,kingside,False,,44,French Defense
ixlaD3aS,black,,kingside,False,,59,English Opening
hfkgMO6p,white,,,False,,53,Irregular Openings
KF0PvmU5,black,,,False,,72,Trompowsky Attack
a4a89NFo,white,,,False,,75,Irregular Openings
gn86yaln,white,,,False,,105,Irregular Openings
EwkLlnOb,black,,kingside,False,,31,Uncommon King Pawn
ppvlYfRh,white,,,False,,53,Irregular Openings
VoTuuo13,black,,,False,,131,Irregular Openings
niyCeo01,white,queenside,,False,,70,Irregular Openings
DjhU563X,black,,kingside,False,,45,Reti Opening
M9SFKZ7D,white,queenside,,False,,92,Irregular Openings
BMAPGpWT,white,queenside,,False,,113,Reti Opening
daQBB5gI,white,kingside,,False,,134,Irregular Openings
NgiNFlGl,black,,,False,,87,Irregular Openings
5hZTDRNs,black,,,False,,100,Uncommon King Pawn
0OlHGbIg,black,,,False,,37,Reti Opening
qLXY6noA,white,queenside,,False,,86,Irregular Openings
8YRrnG2g,black,,,False,,21,Irregular Openings
DrO6U2wD,black,,,False,,87,Irregular Openings
naHCzUbK,black,,,False,,73,Irregular Openings
rp1iCPpZ,white,kingside,,False,,101,Irregular Openings
G3byI4po,black,,,False,,106,Reti Opening
ldOC5lr2,white,,,False,,59,Irregular Openings
Snaajj5x,black,,queenside,False,,61,Irregular Openings
TTuPDlW8,white,kingside,,False,,113,Irregular Openings
ZjjtNdIr,black,,,False,,146,Uncommon King Pawn
CJjFuquI,black,,,False,,36,Irregular Openings
gNrSqXjO,black,,,False,,113,Irregular Openings
0NsT8KvX,black,,kingside,False,,75,Irregular Openings
3h3bBSmj,black,,,False,,44,Irregular Openings
8kiRQJ2Z,white,queenside,,False,,61,Irregular Openings
SkXusK2m,black,,,False,,56,Trompowsky Attack
9NoWmewT,white,kingside,,False,,53,Irregular Openings
BagE14kT,black,,,False,,26,Irregular Openings
Cwsgx0SN,white,,,False,,104,Irregular Openings
R0hhMjoL,black,,queenside,False,,64,Irregular Openings
ZroUd436,white,,,False,,85,Irregular Openings
d5lM7iyy,white,queenside,,False,,78,Irregular Openings
IfqjiEXf,white,kingside,,False,,61,Irregular Openings
OR7vfzD8,black,,,False,,32,Uncommon King Pawn
zmJuDl4z,white,kingside,,False,,70,Irregular Openings
m7rx085h,black,,kingside,False,,38,Trompowsky Attack
lYaJ4sOP,black,,queenside,False,,130,Trompowsky Attack
RelIb0VS,black,,kingside,False,,63,Uncommon King Pawn
6UB7uLeK,black,,,False,,44,Trompowsky Attack
0BJzy4qN,black,,,False,,29,Uncommon King Pawn
wQHJg8D3,black,,,False,,70,Uncommon King Pawn
ihox6Jgt,white,kingside,,False,,33,Irregular Openings
GV1RxV19,black,,kingside,False,,31,English Opening
BUpJviL2,white,,,False,,21,Irregular Openings
oZrR52rV,white,kingside,,False,,63,Irregular Openings
P7hGbGFi,black,,,False,,32,Uncommon King Pawn
UxygXWyI,black,,kingside,False,,73,Irregular Openings
xLp61dow,black,,,False,,24,Uncommon King Pawn
4K1RJ2cW,white,kingside,,False,,116,Irregular Openings
3oM1Ygu6,white,kingside,,False,,96,Irregular Openings
bAgF7nCf,black,,,False,,179,Uncommon King Pawn
BBBaqpqC,black,,kingside,False,,37,Reti Opening
6crdJc8l,black,,kingside,False,,73,Reti Opening
hfCyIfJu,black,,kingside,False,,51,Uncommon King Pawn
Rjg0eyms,black,,kingside,False,,52,Irregular Openings
smAIszvU,black,,queenside,False,,103,Uncommon King Pawn
EFJnD8eM,white,kingside,,False,,115,Irregular Openings
Vx8HATt2,black,,,False,,86,English Opening
8HLx6IQd,white,queenside,,False,,83,Irregular Openings
l8JRJywF,white,queenside,,False,,65,Irregular Openings
y8zWpEA9,white,kingside,,False,,55,Irregular Openings
VP0Tus49,black,,,False,,96,Uncommon King Pawn
PfYjOCce,white,,,False,,35,Irregular Openings
QrNG3ehv,black,,kingside,False,,37,Uncommon King Pawn
shQDj6QM,black,,kingside,False,,130,English Opening
sOZZcfMP,black,,,False,,33,Uncommon King Pawn
eGyFmmmO,white,kingside,,False,,69,Irregular Openings
ki32GGvw,white,queenside,,False,,41,Irregular Openings
WBWNbedr,white,,,False,,46,Irregular Openings
3GAGeAZY,white,,,False,,10,Irregular Openings
g7J3dV1g,black,,kingside,False,,122,Trompowsky Attack
43In5i34,white,kingside,,False,,55,Irregular Openings
x65GxVDJ,black,,,False,,86,Trompowsky Attack
Pb6x72Bw,white,kingside,,False,,73,Irregular Openings
qqoGtMzd,black,,kingside,False,,30,Reti Opening
7bilvEdC,white,kingside,,False,,33,Irregular Openings
H4pvfcSt,white,kingside,,False,,57,Irregular Openings
DZFrmbCg,white,,,False,,39,Irregular Openings
t5JJ41Zy,black,,,False,,98,Reti Opening
UMU7DgEz,black,,,False,,68,Irregular Openings
h0zSj2i0,black,,queenside,False,,46,Irregular Openings
HlZhgY78,white,kingside,,False,,35,Irregular Openings
TVM6JTT1,white,kingside,,False,,53,Irregular Openings
VRXaG5oY,black,,,False,,71,Uncommon King Pawn
A1g4lQGT,white,kingside,,False,,74,Irregular Openings
3EnYIZWq,black,,,False,,77,Irregular Openings
NDoUxNmd,white,kingside,,False,,111,Irregular Openings
R3WxMQO3,white,kingside,,False,,49,Irregular Openings
CBtUV2Mw,white,kingside,,False,,39,Irregular Openings
RxEIccLs,black,,,False,,59,Irregular Openings
e0BF23JZ,black,,kingside,False,,57,Uncommon King Pawn
BLpOwlpb,white,queenside,,False,,67,Irregular Openings
VC8DLUxl,black,,kingside,False,,41,Trompowsky Attack
mjd6CVWW,white,,,False,,94,Irregular Openings
KVclLq42,white,kingside,,False,,75,Irregular Openings
trWvaQ3T,white,kingside,,False,,57,Irregular Openings
o9a2FtR5,black,,kingside,False,,50,Nimzo-Indian Defense
U0k4Es2M,black,,,False,,23,Reti Opening
Em9k8GnD,black,,queenside,False,,68,Trompowsky Attack
iDcLld0n,black,,kingside,False,,73,Uncommon King Pawn
omgKoHxV,black,,,False,,96,Trompowsky Attack
xtF3HNP2,white,kingside,,False,,63,Irregular Openings
9leubrug,black,,kingside,False,,37,Uncommon King Pawn
b1Sj8uHM,black,,kingside,False,,79,Uncommon King Pawn
ecfroTeH,black,,queenside,False,,68,Trompowsky Attack
GdkBVA8O,white,kingside,,False,,89,Irregular Openings
O47UoNbU,white,kingside,,False,,39,Irregular Openings
OPVtwwME,white,,,False,,115,Irregular Openings
PRAAR53j,white,,,False,,45,Irregular Openings
0ycq07j9,black,,queenside,False,,55,Uncommon King Pawn
mekYoefd,white,kingside,,False,,138,Irregular Openings
j15si5Tw,black,,,False,,59,Uncommon King Pawn
qIwigMRb,white,kingside,,False,,34,Irregular Openings
iNZCGbnX,white,queenside,,False,,102,Irregular Openings
36Y5RaiA,black,,kingside,False,,71,Irregular Openings
wVDqIP2D,black,,,False,,130,Uncommon King Pawn
QfpsJfUS,white,kingside,,False,,51,Irregular Openings
ARg4xfWN,white,,,False,,74,Irregular Openings
rKnjv7fo,white,kingside,,False,,107,Irregular Openings
K487fnK1,black,,kingside,False,,82,Nimzo-Indian Defense
qXACkdYM,black,,,False,,49,English Opening
pg4M39R5,white,kingside,,False,,45,Irregular Openings
TrfvOr7h,black,,,False,,55,Uncommon King Pawn
geX2iTxa,black,,kingside,False,,80,Nimzo-Indian Defense
0DdjHWdD,black,,,False,,127,Uncommon King Pawn
2yicryWo,white,queenside,,False,,60,Irregular Openings
r5WShiyu,black,,queenside,False,,56,Catalan Opening
IZ1a55Ir,white,queenside,,False,,75,Irregular Openings
sy3KtV4c,black,,queenside,False,,55,Reti Opening
8CU66FXh,black,,kingside,False,,46,Uncommon King Pawn
ZX2XuUho,white,kingside,,False,,140,Irregular Openings
6yA8ax8o,white,kingside,,False,,99,Irregular Openings
8clNL8RN,white,kingside,,False,,71,Irregular Openings
0KwqoKWL,white,queenside,,False,,64,Irregular Openings
oVg69ULO,black,,,False,,45,Trompowsky Attack
3Pjvfmvg,white,,,False,,135,Irregular Openings
BbipA3vQ,white,,,False,,55,Irregular Openings
D7SCItJs,black,,,False,,100,Trompowsky Attack
b41CUhn4,black,,queenside,False,,61,Trompowsky Attack
N8aLvYSw,black,,,False,,131,Trompowsky Attack
DVcDQxA8,black,,queenside,False,,69,Irregular Openings
XoXhGpTw,black,,kingside,False,,43,Uncommon King Pawn
6UuQLdDm,white,kingside,,False,,99,Reti Opening
47gONMNW,white,,,False,,47,Irregular Openings
ShSbpjHH,white,,queenside,False,,153,Irregular Openings
mkr5dWmQ,white,kingside,,False,,37,Irregular Openings
LExLLysi,white,queenside,,False,,55,Irregular Openings
iujieSOl,black,,,False,,204,Uncommon King Pawn
4YkerUfB,black,,,False,,100,Uncommon King Pawn
Ilx1SkHw,white,kingside,,False,,31,Irregular Openings
vdnYp141,white,kingside,,False,,51,Irregular Openings
ObEULLR0,black,,queenside,False,,87,Uncommon King Pawn
b4Ya65qA,black,,,False,,12,Reti Opening
RM6Vn2dE,black,,kingside,False,,127,Irregular Openings
Xv0EsWWh,black,,kingside,False,,49,Uncommon King Pawn
K5wQTxHA,white,,,False,,49,Irregular Openings
1Ng3Zw4t,white,queenside,,False,,66,Irregular Openings
qr4Ajbso,black,,,False,,62,Irregular Openings
4yGXRaIi,black,,queenside,False,,77,Trompowsky Attack
M2AbTpGw,white,kingside,,False,,108,Irregular Openings
IVVy8GcD,black,,queenside,False,,149,Trompowsky Attack
OC8LH9cN,white,kingside,,False,,89,Irregular Openings
JsgtUgcn,white,kingside,,False,,82,Irregular Openings
mOoU5plV,black,,kingside,False,,44,Uncommon King Pawn
W8sXqSzk,white,kingside,,False,,64,Irregular Openings
AAw9f8QT,white,kingside,,False,,54,Irregular Openings
Ks7iKISt,white,kingside,,False,,53,Irregular Openings
m0x5QgNe,white,kingside,,False,,70,Irregular Openings
Yb5cT7yI,white,kingside,,False,,91,Irregular Openings
jXgNiilz,black,,kingside,False,,102,English Opening
iNOOw3Ww,white,kingside,,False,,47,Irregular Openings
5dvRIKfo,white,kingside,,False,,89,Irregular Openings
sbhELxx7,black,,kingside,False,,47,English Opening
9gXB19gW,white,,,False,,41,Irregular Openings
P1RSIonr,black,,,False,,52,Irregular Openings
sLZIRqao,black,,kingside,False,,112,Irregular Openings
AWjMbGTd,white,kingside,,False,,88,Irregular Openings
8fKwlmPu,white,queenside,,False,,97,Irregular Openings
xO60N0V6,white,kingside,,False,,111,Irregular Openings
W4clSyhj,black,,,False,,46,Irregular Openings
DEVlIKHD,white,kingside,,False,,98,Irregular Openings
PUrrE92L,white,kingside,,False,,40,Irregular Openings
gvBBs6vp,black,,queenside,False,,44,English Opening
vkkD14UA,white,kingside,,False,,100,Irregular Openings
HgJpkpzU,white,queenside,,False,,28,Irregular Openings
EAz8sT9k,black,,queenside,False,,73,Irregular Openings
2seg3iDP,black,,queenside,False,,82,Uncommon King Pawn
EPjyUaKP,black,,,False,,64,Trompowsky Attack
ZkfiCo2N,black,,queenside,False,,74,Irregular Openings
Au4MQVHF,white,,,False,,34,Irregular Openings
1fjGwGFZ,black,,,False,,81,Irregular Openings
g40haawu,white,,,False,,106,Irregular Openings
dSf0Nyww,black,,kingside,False,,142,English Opening
GB8S5riZ,black,,,False,,163,Reti Opening
LfTCq4pc,white,queenside,,False,,114,Irregular Openings
Xk3F5u0q,white,,,False,,61,Irregular Openings
A0ZYp917,black,,,False,,72,Irregular Openings
KM0nENXl,white,kingside,,False,,63,Irregular Openings
MxraiqLd,black,,kingside,False,,27,Uncommon King Pawn
D4S4YhEG,white,queenside,,False,,70,Reti Opening
R5Tunke3,black,,kingside,False,,84,Uncommon King Pawn
I5LnPRxz,black,,,False,,98,Irregular Openings
TE3zAmrn,black,,,False,,105,Irregular Openings
WK10qITF,black,,queenside,False,,67,Trompowsky Attack
KBTOgjoE,black,,kingside,False,,60,Reti Opening
Aastkpiq,black,,,False,,75,Irregular Openings
rNpw1Dom,white,kingside,,False,,116,Irregular Openings
IpTCz5Yp,black,,kingside,False,,62,Irregular Openings
jKXAPjfg,black,,,False,,43,Reti Opening
Yst7Zujl,black,,,False,,68,Trompowsky Attack
gJqUJ4bv,white,kingside,,False,,88,Irregular Openings
Lrs1eCCI,white,kingside,,False,,108,Irregular Openings
S7fXY3Dq,black,,kingside,False,,42,Irregular Openings
F3sqntWb,black,,,False,,88,Irregular Openings
5eAjG50t,black,,,False,,107,Slav Defense
JTZCRdoR,black,,,False,,50,Irregular Openings
SWWG4COq,black,,queenside,False,,47,Irregular Openings
ZBjOnpAS,white,kingside,,False,,49,Irregular Openings
ZbIx9R9F,white,kingside,,False,,55,Irregular Openings
yF094Lxc,white,,,False,,91,Irregular Openings
dtEjymjZ,white,kingside,,False,,130,Irregular Openings
wn0J24Zm,black,,,False,,61,Uncommon King Pawn
VjSjdWnr,white,queenside,,False,,141,Irregular Openings
hoSPqNST,black,,,False,,129,Reti Opening
tUgXUmt5,white,queenside,,False,,98,Irregular Openings
DPJQGNcO,black,,,False,,172,Trompowsky Attack
TDYTQXza,black,,,False,,174,Irregular Openings
7bg2lhHH,black,,queenside,False,,115,Trompowsky Attack
6t2F6m4G,black,,kingside,False,,86,Uncommon King Pawn
LKrvrcTr,black,,kingside,False,,104,Trompowsky Attack
jFPQsGWL,black,,kingside,False,,32,Irregular Openings
jPM92r4X,black,,,False,,88,Uncommon King Pawn
uDHTxnxs,black,,,False,,140,Irregular Openings
Pq6lEATz,white,kingside,,False,,57,Irregular Openings
C5nDaxBY,black,,kingside,False,,237,Irregular Openings
H2n8Vmh3,black,,queenside,False,,88,Trompowsky Attack
ecqsPIjj,white,kingside,,False,,31,Irregular Openings
88H61DKo,black,,,False,,39,Uncommon King Pawn
KaWx6N4p,black,,,False,,63,Uncommon King Pawn
m2t24v43,black,,kingside,False,,78,Uncommon King Pawn
lz4yHZjo,white,kingside,,False,,39,Irregular Openings
fyd3636U,black,,,False,,37,Trompowsky Attack
NBGuDPDo,white,kingside,,False,,47,Irregular Openings
mcH1k43t,black,,kingside,False,,214,Irregular Openings
dzSjklxb,black,,,False,,123,Uncommon King Pawn
1GeevXSQ,black,,,False,,98,Irregular Openings
VlzBbMRH,white,kingside,,False,,117,Irregular Openings
pDMAF7Tf,white,kingside,,False,,65,Irregular Openings
JB2htGB5,white,kingside,,False,,107,Irregular Openings
FNU5ZdlX,white,kingside,,False,,96,Irregular Openings
0fazB8jK,black,,queenside,False,,67,Trompowsky Attack
lEf1TRto,white,kingside,,False,,76,Irregular Openings
w2f2ad5L,black,,kingside,False,,38,Reti Opening
UOOb2rW4,black,,kingside,False,,46,Slav Defense
gJaNeOSi,black,,,False,,87,Reti Opening
7ihITcze,white,,,False,,16,Reti Opening
bd92ZUFq,white,kingside,,False,,39,Irregular Openings
lsBftsdF,white,kingside,,False,,88,Irregular Openings
mTl8o0fX,white,kingside,,False,,141,Irregular Openings
PFVBCpoJ,black,,,False,,88,Uncommon King Pawn
AHpH4D9T,black,,kingside,False,,104,Uncommon King Pawn
DyaL2gEv,white,kingside,,False,,64,Irregular Openings
VHkIj7sm,black,,queenside,False,,217,Trompowsky Attack
0ACkACpd,black,,kingside,False,,160,Uncommon King Pawn
gOBREFGN,white,,,False,,116,Irregular Openings
tr2djT6h,black,,kingside,False,,91,English Opening
jOmFcqoJ,white,kingside,,False,,111,Irregular Openings
BvjzpZyu,white,kingside,,False,,84,Irregular Openings
fBO6F6Bt,white,kingside,,False,,81,Irregular Openings
ENo27K7Q,black,,,False,,44,Trompowsky Attack
5maxnyca,white,,,False,,51,Irregular Openings
Gfbn6zZn,black,,,False,,32,Irregular Openings
41tf6uyn,white,kingside,,False,,98,Irregular Openings
Sg7n9O3I,black,,,False,,67,Irregular Openings
PxqnQ1Ty,white,kingside,,False,,61,Irregular Openings
CaAJWJXv,white,,,False,,45,Irregular Openings
Ntx0VnpI,black,,kingside,False,,111,Irregular Openings
WtjfRq3J,black,,,False,,93,Irregular Openings
SBU8iy7e,black,,,False,,51,Irregular Openings
IG8yoAUc,white,kingside,,False,,153,Irregular Openings
r6TFRvTG,white,kingside,,False,,126,Irregular Openings
6fVMKWCs,white,kingside,,False,,52,Irregular Openings
oxSxxP38,white,kingside,,False,,124,Irregular Openings
pA8Is0qf,black,,queenside,False,,75,Uncommon King Pawn
OrR9zO1r,black,,kingside,False,,119,Uncommon King Pawn
okVaTjhU,white,kingside,,False,,33,Irregular Openings
SzV44O4x,white,kingside,,False,,45,Irregular Openings
MtOlYxSi,white,,,False,,41,Irregular Openings
XalLgw9e,black,,,False,,74,Irregular Openings
QgYZlYtD,black,,,False,,66,Irregular Openings
HoG7zjDA,white,kingside,,False,,49,Irregular Openings
dkmS1NjT,black,,,False,,83,Trompowsky Attack
KDJQFwhU,white,kingside,,False,,66,Irregular Openings
474cugeM,white,queenside,,False,,74,Irregular Openings
WW22jbbg,white,kingside,,False,,33,Irregular Openings
jqmq2YQI,black,,,False,,83,Uncommon King Pawn
97UbDooF,white,kingside,,False,,51,Irregular Openings
VX4gjugk,white,kingside,,False,,41,Irregular Openings
LdMPe0Me,black,,kingside,False,,49,Slav Defense
lZBpBq0P,white,,,False,,71,Irregular Openings
h95e5IpZ,black,,kingside,False,,40,Irregular Openings
MGVB8tX6,black,,,False,,94,Uncommon King Pawn
z7NMxffm,white,,,False,,37,Irregular Openings
EehXaEg4,black,,,False,,111,Irregular Openings
cskiqAVx,white,,,False,,138,Irregular Openings
sKIA9ab1,black,,,False,,10,Uncommon King Pawn
4JDqtoe7,white,kingside,,False,,82,Irregular Openings
wD3mGBZa,black,,kingside,False,,71,Uncommon King Pawn
wnlSfZgQ,white,kingside,,False,,113,Irregular Openings
qomf5LDl,white,kingside,,False,,94,Irregular Openings
E4DZ21eU,black,,kingside,False,,42,Irregular Openings
XKlXkxjZ,white,kingside,,False,,54,Irregular Openings
oaP6wzY9,black,,kingside,False,,37,Irregular Openings
dc7N7PZh,white,kingside,,False,,52,Irregular Openings
cJn2fhm1,black,,,False,,75,Slav Defense
nkUlFMFG,white,kingside,,False,,63,Irregular Openings
eBlfQtlN,white,kingside,,False,,98,Irregular Openings
PuMnVo36,black,,,False,,43,Reti Opening
ggGQCOhs,black,,,False,,151,Uncommon King Pawn
t2rhNPz5,white,queenside,,False,,66,Irregular Openings
vJQOftL0,white,kingside,,False,,90,Irregular Openings
sqsKjRds,black,,kingside,False,,61,English Opening
ttEU1Bb2,black,,,False,,6,Reti Opening
pgZesIBd,black,,kingside,False,,115,Uncommon King Pawn
pz4Mm7bQ,white,,,False,,45,Irregular Openings
5OPHM7rA,black,,,False,,37,Slav Defense
uMYKk3Tn,white,kingside,,False,,144,Irregular Openings
UCIGCPiL,black,,kingside,False,,88,Uncommon King Pawn
5uiONA3B,white,kingside,,False,,130,Irregular Openings
lKdAHKr7,black,,kingside,False,,151,Nimzo-Indian Defense
akrD3dzd,black,,queenside,False,,40,Nimzo-Indian Defense
2UoI4JpW,black,,,False,,84,Trompowsky Attack
DWypNNDz,white,kingside,,False,,76,Irregular Openings
evlzWqLr,black,,kingside,False,,39,Uncommon King Pawn
gT2OezPk,white,,,False,,57,Irregular Openings
OwMvX350,white,,,False,,49,Irregular Openings
XA5VEfrO,white,kingside,,False,,55,Irregular Openings
TID8gFJd,white,,,False,,77,Irregular Openings
XX8eVObD,black,,kingside,False,,76,Irregular Openings
W2v8AGr4,white,kingside,,False,,57,Irregular Openings
lCdd6SVf,black,,,False,,72,Trompowsky Attack
vJjdYMa0,white,,,False,,19,Irregular Openings
8bZtVmsD,black,,queenside,False,,37,Uncommon King Pawn
tx9vTNtk,white,kingside,queenside,True,6,239,Irregular Openings
g1UFs6MK,white,kingside,,False,,61,Irregular Openings
vd9vmqUo,black,,,False,,60,Trompowsky Attack
jitFb6oT,black,,kingside,False,,125,English Opening
EDkugZbU,black,,kingside,False,,34,Nimzo-Indian Defense
azwpVESV,white,,,False,,85,Irregular Openings
IoCNMDDg,black,,queenside,False,,68,Trompowsky Attack
FEBrG0kp,black,,,False,,53,Irregular Openings
UzMkyYrN,black,,,False,,131,Reti Opening
XY4wJNEf,black,,kingside,False,,58,Irregular Openings
jYZdvUfR,white,kingside,,False,,53,Irregular Openings
Z6t4y9TI,black,,,False,,72,Irregular Openings
Sz7RGjlI,black,,,False,,61,Irregular Openings
65yvURNr,black,,queenside,False,,67,Trompowsky Attack
E58IdtO4,white,kingside,,False,,91,Irregular Openings
Ps6mo9Of,white,,,False,,49,Irregular Openings
wBUdByER,black,,queenside,False,,46,Reti Opening
1WOrsH3P,white,kingside,,False,,218,Irregular Openings
jyalyJkG,white,,,False,,37,Irregular Openings
fLMughWL,white,queenside,,False,,37,Irregular Openings
ZS80mEmT,black,,kingside,False,,40,Irregular Openings
6Ua6kyuf,white,queenside,,False,,35,Irregular Openings
8U46lUW3,black,,,False,,48,Uncommon King Pawn
FHlT0om6,white,queenside,,False,,74,Irregular Openings
akgaoCaX,white,kingside,,False,,114,Irregular Openings
T6k0ZS7S,black,,kingside,False,,104,Reti Opening
IGCclU0T,white,kingside,,False,,45,Irregular Openings
w6MImkIC,white,kingside,,False,,91,Irregular Openings
MEzcGWjw,white,,,False,,47,Irregular Openings
tSQwy3IB,black,,kingside,False,,52,Catalan Opening
2YvbSBzR,white,kingside,,False,,83,Irregular Openings
kNwzkQdH,white,,,False,,49,Irregular Openings
8HXmdWzw,white,,,False,,16,Irregular Openings
eiXvCtXA,black,,kingside,False,,32,Irregular Openings
AeEGkWK8,black,,kingside,False,,106,Irregular Openings
rJMr26VA,black,,kingside,False,,80,Uncommon King Pawn
oWBabTni,white,kingside,,False,,147,Irregular Openings
e4uQe27D,white,kingside,,False,,84,Reti Opening
5ZjJUIkZ,white,queenside,,False,,53,Irregular Openings
6G4JJObu,black,,kingside,False,,70,Irregular Openings
7VXjbq1C,black,,,False,,39,Reti Opening
vN8CpNI0,black,,kingside,False,,106,Irregular Openings
maaDjkmi,white,kingside,,False,,60,Reti Opening
oAzg0AjG,white,kingside,,False,,49,Reti Opening
MTHDthpr,white,kingside,,False,,52,Reti Opening
vSnQGlon,white,kingside,,False,,48,Reti Opening
tOy3iR1D,black,,kingside,False,,35,Trompowsky Attack
XzM1IC6s,white,kingside,,False,,59,Reti Opening
79thysjk,white,,,False,,64,Reti Opening
xxweJzzM,white,kingside,,False,,52,Reti Opening
epuLkDw2,white,kingside,,False,,53,Reti Opening
W5fgA7IQ,white,kingside,,False,,75,Reti Opening
Gs4CseJe,black,,,False,,10,Irregular Openings
cGkzgZfy,white,kingside,,False,,80,Reti Opening
vLcyZex9,white,kingside,,False,,90,Reti Opening
6IxVSrHk,black,,kingside,False,,26,Irregular Openings
XbYHviCE,black,,queenside,False,,102,Irregular Openings
AVYvPTw8,white,kingside,,False,,71,Reti Opening
VnCGxoGS,black,,queenside,False,,76,Uncommon King Pawn
2eNbzTFm,black,,kingside,False,,37,Uncommon King Pawn
Y6wYVVdY,white,kingside,,False,,55,Reti Opening
jyE3ODnm,white,kingside,,False,,122,Reti Opening
2axmfeBc,black,,kingside,False,,77,Irregular Openings
NwZw3tx4,black,,queenside,False,,52,Nimzo-Indian Defense
wSIcyxYv,white,kingside,,False,,84,Irregular Openings
foW3OOdS,white,,,False,,26,Reti Opening
ObtcXgiS,white,queenside,,False,,40,Irregular Openings
9CM63III,white,kingside,,False,,68,Reti Opening
vZfVKeBL,black,,,False,,6,Slav Defense
Uu6Ymf7g,black,,,False,,39,Irregular Openings
abb8YNDa,white,,,False,,71,Reti Opening
Fbw8jyTM,white,,,False,,63,Irregular Openings
u24naghC,black,,,False,,93,Uncommon King Pawn
FlJ1ojAF,white,kingside,,False,,44,Reti Opening
LhjijR38,white,kingside,,False,,60,Reti Opening
pzKylbzH,black,,,False,,80,Uncommon King Pawn
8sNW5arB,black,,,False,,57,Uncommon King Pawn
hHs6LP0T,white,kingside,,False,,133,Reti Opening
YzG1YHLZ,white,,,False,,2,Reti Opening
hDDw3Rz3,white,kingside,,False,,54,Reti Opening
QtEUlhZP,black,,,False,,50,English Opening
Ui7XuzJz,black,,,False,,21,Reti Opening
vqnMIngw,black,,,False,,41,Irregular Openings
unzII744,black,,,False,,87,Irregular Openings
Sq5iRirq,white,kingside,,False,,69,Reti Opening
RcUvi5Ey,black,,kingside,False,,33,English Opening
OzrZ8evi,black,,,False,,161,Irregular Openings
7XyzBt1N,black,,,False,,54,Trompowsky Attack
eMMj6YnT,black,,queenside,False,,45,Trompowsky Attack
AufaDgh6,black,,queenside,False,,42,Irregular Openings
sqwLHBD7,black,,,False,,111,Uncommon King Pawn
iQEz9f96,white,kingside,,False,,64,Reti Opening
Hmuv9Miz,black,,,False,,27,Irregular Openings
WwEIrW8W,black,,,False,,38,Irregular Openings
QMKzMweI,black,,,False,,53,Irregular Openings
qBEGIBHV,black,,,False,,41,Uncommon King Pawn
M6EFSOVD,black,,,False,,90,Irregular Openings
c7qq3cfA,black,,,False,,17,Irregular Openings
QS91lnpa,white,kingside,,False,,39,Reti Opening
KrQJviSI,white,kingside,,False,,120,Reti Opening
15azTSnp,white,,,False,,33,Reti Opening
ZijenrLw,white,kingside,,False,,42,Reti Opening
9q6g9C80,white,,,False,,25,Reti Opening
gAOU6dzh,black,,kingside,False,,79,Uncommon King Pawn
Y4Kbzs8w,black,,,False,,35,Irregular Openings
0ffMgWEf,white,kingside,,False,,52,Reti Opening
O9aRg9FR,black,,,False,,77,Irregular Openings
5vR3s48v,white,kingside,,False,,41,Reti Opening
qKyhnUYJ,black,,,False,,55,Irregular Openings
sVLVx0pa,black,,,False,,43,Irregular Openings
VPsmUM29,black,,,False,,34,Uncommon King Pawn
sJll8ilC,black,,,False,,37,Uncommon King Pawn
gKa5ZOlZ,black,,kingside,False,,78,Trompowsky Attack
iymVCrWq,black,,,False,,58,Trompowsky Attack
Ot5rCQHs,black,,kingside,False,,98,Uncommon King Pawn
FDxRUpkn,white,kingside,,False,,121,Reti Opening
bqZpUDRq,white,kingside,,False,,42,Reti Opening
VWqMHHXz,black,,,False,,61,Uncommon King Pawn
xa7491uS,white,,,False,,69,Irregular Openings
sjO7Z2bJ,white,,,False,,43,Reti Opening
wWdhUl6E,white,,,False,,77,Reti Opening
kBtRrROj,black,,kingside,False,,54,Uncommon King Pawn
l7H4owse,black,,kingside,False,,78,Irregular Openings
q5GeAa6K,white,,,False,,85,Reti Opening
yetr1ktj,white,kingside,,False,,66,Reti Opening
CyaLU9BC,white,,,False,,29,Irregular Openings
JveYUAUK,white,kingside,,False,,83,Irregular Openings
CMfT09w1,white,,,False,,89,Irregular Openings
69cK59R6,black,,kingside,False,,66,Trompowsky Attack
aA0zMLoD,white,kingside,,False,,60,Reti Opening
leDR0vdc,white,queenside,,False,,67,Irregular Openings
2DsqTyTz,black,,,False,,109,Irregular Openings
E5hLd3I3,white,kingside,,False,,142,Reti Opening
754VsLP3,black,,kingside,False,,32,Irregular Openings
g5uNyrhk,black,,kingside,False,,79,French Defense
2SsJdVAr,white,kingside,,False,,95,Reti Opening
aAHuaM3e,black,,,False,,103,Uncommon King Pawn
GkhYbdde,black,,,False,,93,Uncommon King Pawn
4PCdiJIW,black,,,False,,64,Irregular Openings
NyiWYTES,white,kingside,,False,,124,Reti Opening
usSurTQZ,white,kingside,,False,,81,Reti Opening
Qy2boGwR,white,,,False,,94,Irregular Openings
GEpwJjJM,black,,,False,,21,Uncommon King Pawn
1yJrBczC,white,kingside,,False,,147,Reti Opening
DMy1q3nO,white,kingside,,False,,115,Reti Opening
JrifGCA4,black,,kingside,False,,142,Reti Opening
vDQ8z94q,white,kingside,,False,,43,Irregular Openings
TBF2TU3z,white,kingside,,False,,52,Reti Opening
47cA3gen,black,,kingside,False,,53,Uncommon King Pawn
VObFSYJq,white,kingside,,False,,28,Reti Opening
tGrlkHb1,white,kingside,,False,,196,Reti Opening
feTqat2a,black,,,False,,104,English Opening
ErGtiMxY,black,,kingside,False,,62,English Opening
en0yk6Jd,white,kingside,,False,,60,Reti Opening
jQ1Bbj9o,white,kingside,,False,,60,Reti Opening
nS3Jlk5b,white,kingside,,False,,49,Reti Opening
J2PiCEhQ,black,,kingside,False,,56,Irregular Openings
W5cgERM0,black,,kingside,False,,56,Irregular Openings
h2OT6u6Z,white,kingside,,False,,70,Reti Opening
RYqe5OV0,white,,,False,,50,Reti Opening
gGui6LC2,black,,,False,,119,French Defense
Ts9dWcPD,white,kingside,,False,,75,Reti Opening
R5E6t4g5,black,,kingside,False,,64,French Defense
XY3XliY2,white,kingside,,False,,35,Irregular Openings
Pu6HxFcZ,black,,,False,,97,Irregular Openings
SvTREtEZ,white,kingside,,False,,60,Reti Opening
5zv8iAKT,white,kingside,,False,,134,Reti Opening
IE0vBmvx,white,,,False,,99,Irregular Openings
MCPpMqX5,black,,kingside,False,,111,Uncommon King Pawn
UmymuXX6,white,,,False,,122,Irregular Openings
Xk1Eu9XN,black,,queenside,False,,65,Irregular Openings
hLk5swtU,black,,queenside,False,,91,Trompowsky Attack
Imf4Dfgb,white,kingside,,False,,111,Irregular Openings
mAzAAo5N,black,,,False,,91,Reti Opening
k9Vkyp4v,black,,kingside,False,,71,Uncommon King Pawn
8ANqwdb8,black,,,False,,92,French Defense
nsnqC4KT,white,kingside,,False,,45,Reti Opening
XzsQ76si,white,queenside,,False,,52,Irregular Openings
SF7H7R2x,black,,kingside,False,,44,Indian Defenses
9QeLF15P,black,,kingside,False,,31,Uncommon King Pawn
N5jVo3C3,white,kingside,,False,,65,Reti Opening
JLmwOEDO,white,kingside,,False,,50,Reti Opening
qKejF4SF,white,queenside,,False,,85,Reti Opening
M5Sg1WPa,black,,kingside,False,,50,French Defense
QsW31RtJ,black,,kingside,False,,41,Uncommon King Pawn
gJl2LJXn,white,kingside,,False,,79,Reti Opening
yX4JxIxJ,white,kingside,,False,,68,Reti Opening
U9yw3VDJ,black,,,False,,98,Irregular Openings
Rts5OoFI,black,,,False,,88,Trompowsky Attack
liwmVoXX,black,,kingside,False,,44,Irregular Openings
UxTL9TSB,white,kingside,,False,,72,Reti Opening
TlAVRskv,white,kingside,,False,,149,Reti Opening
8WqKJtH5,black,,queenside,False,,95,Slav Defense
P3ppH8fS,white,kingside,,False,,75,Reti Opening
1XfRnqLv,black,,,False,,39,Trompowsky Attack
JnJXH0EX,white,kingside,,False,,94,Reti Opening
drAkWwoa,white,kingside,,False,,52,Reti Opening
RhsDEuAP,black,,,False,,1,Uncommon King Pawn
FrtUJTSp,white,,,False,,37,Irregular Openings
vb3Xtsn0,black,,kingside,False,,45,Uncommon King Pawn
zGTtDrWz,white,,,False,,144,Reti Opening
l03YrHY6,white,kingside,,False,,47,Reti Opening
WuC8oVQD,black,,,False,,43,Uncommon King Pawn
PcQbzVke,black,,kingside,False,,113,Irregular Openings
FEbgpbiV,black,,kingside,False,,69,Uncommon King Pawn
Ylgsah5K,white,kingside,,False,,120,Reti Opening
eTmNhtiQ,white,,,False,,41,Reti Opening
NOFB3unh,black,,kingside,False,,142,Uncommon King Pawn
HcQJwqCd,black,,kingside,False,,45,English Opening
YswX1Ggz,black,,,False,,106,Uncommon King Pawn
w0jA1xcq,white,kingside,,False,,83,Reti Opening
eRcAyi8b,white,,,False,,43,Irregular Openings
sAHcsMnR,white,,,False,,42,Reti Opening
GVYiSqmM,white,kingside,,False,,52,Reti Opening
L5I8jFmw,black,,,False,,35,Trompowsky Attack
UyfcMF0s,black,,,False,,93,Irregular Openings
AQrqZM0Z,black,,queenside,False,,138,Trompowsky Attack
Jyy0bFx3,black,,,False,,64,Irregular Openings
qfZdMEX4,black,,queenside,False,,113,Trompowsky Attack
EBJfppgL,white,kingside,,False,,102,Reti Opening
h3UnrbQy,black,,,False,,164,Irregular Openings
etidVcJu,white,,,False,,31,Reti Opening
neVNmXBJ,black,,kingside,False,,31,Uncommon King Pawn
CMOhZ7Qz,black,,,False,,49,Irregular Openings
4Ih5ISq8,black,,,False,,66,Irregular Openings
t19mIQMi,black,,queenside,False,,40,Irregular Openings
SKbmTWL0,white,kingside,,False,,105,Reti Opening
G9NNBbhR,white,kingside,,False,,71,Reti Opening
ZMDOdPa2,white,kingside,,False,,73,Reti Opening
JKj2x9f0,black,,,False,,65,Irregular Openings
QKVXnL4A,white,kingside,,False,,66,Reti Opening
Er0NYV2S,white,kingside,,False,,24,Reti Opening
sckWMVcf,black,,,False,,101,Irregular Openings
e5YONhwA,black,,,False,,74,Slav Defense
w4h11i6M,white,,,False,,64,Irregular Openings
geTng2bz,black,,kingside,False,,65,Uncommon King Pawn
vOJr5Q6J,white,queenside,,False,,135,Reti Opening
KFhWFWes,black,,kingside,False,,82,Irregular Openings
cNbyAfcC,white,,,False,,26,Reti Opening
MDSvrxv2,black,,kingside,False,,59,Trompowsky Attack
m9asDDWE,white,,,False,,16,Reti Opening
USihUlnZ,black,,kingside,False,,120,Reti Opening
5s6BNaVr,white,kingside,,False,,47,Reti Opening
LXGXZsup,white,,,False,,58,Reti Opening
fuBvV5xz,white,kingside,,False,,72,Reti Opening
9b9AWJeu,white,kingside,,False,,36,Reti Opening
iV9o4bk2,white,,,False,,37,Irregular Openings
Pr7NAT2a,white,kingside,,False,,134,Reti Opening
znIDmjcx,black,,kingside,False,,32,Irregular Openings
xhbVmcPG,white,kingside,,False,,64,Reti Opening
p0iKyfEA,white,kingside,,False,,124,Reti Opening
AUrugvvq,black,,kingside,False,,35,French Defense
sAKXlOSW,white,kingside,,False,,77,Reti Opening
dN7kWOO9,white,,,False,,38,Reti Opening
xaCU4B9z,white,,,False,,32,Reti Opening
74zGEizK,white,kingside,,False,,94,Reti Opening
xofgyS5W,white,,,False,,55,Irregular Openings
w2bjaqhg,black,,,False,,33,Uncommon King Pawn
onp87OiV,white,kingside,,False,,55,Reti Opening
CQaR5i1m,white,,,False,,30,Reti Opening
aBPIjTBF,white,,,False,,49,Reti Opening
9AxVUgiY,black,,kingside,False,,81,Uncommon King Pawn
JdUjo4oS,white,kingside,,False,,40,Reti Opening
qSKXyCZh,black,,kingside,False,,43,Uncommon King Pawn
sz3pUxXM,white,kingside,,False,,72,Reti Opening
RBnhS6S7,white,kingside,,False,,100,Reti Opening
8FUE4SPI,black,,kingside,False,,70,Irregular Openings
8KkK6Hl7,black,,,False,,18,Queen's Pawn Game
PsGKrrD0,black,,kingside,False,,56,Irregular Openings
pMPImouJ,white,kingside,,False,,102,Reti Opening
xFhljLVv,black,,,False,,47,Uncommon King Pawn
G2m9STAl,black,,queenside,False,,63,Irregular Openings
yysuwnJl,white,,,False,,84,Irregular Openings
P6WHGGeH,white,,,False,,56,Reti Opening
AxKXLsAs,white,queenside,,False,,60,Reti Opening
x92zxyWb,white,kingside,,False,,20,Reti Opening
0Z6n9sMn,white,,,False,,75,Reti Opening
dKpzuf1f,black,,,False,,29,Irregular Openings
VGbo9dOs,white,,,False,,63,Irregular Openings
jYr0xXj0,black,,kingside,False,,49,Uncommon King Pawn
7XHEKFrY,white,kingside,,False,,81,Reti Opening
xkFZ9vbD,black,,,False,,89,Irregular Openings
NiGXajHi,white,,,False,,98,Irregular Openings
sTkAD6IW,black,,queenside,False,,68,Irregular Openings
Q1S8ZvGA,black,,queenside,False,,44,English Opening
xvldK6kI,black,,queenside,False,,114,Uncommon King Pawn
ccFXEMWU,white,kingside,,False,,104,Reti Opening
jtTM72qh,white,kingside,,False,,77,Irregular Openings
2YApBFcM,white,,,False,,33,Reti Opening
2nVrxBYV,white,,,False,,67,Irregular Openings
5J1eTxm2,black,,,False,,46,Irregular Openings
8kAThyLz,black,,queenside,False,,39,Irregular Openings
Lb1psaJj,black,,,False,,42,Irregular Openings
JseR0ibf,black,,,False,,141,Irregular Openings
94xXaBgv,black,,queenside,False,,73,Irregular Openings
5SYe0dab,black,,kingside,False,,19,Reti Opening
smmUZa7D,white,kingside,,False,,31,Reti Opening
syxmkbbO,white,kingside,,False,,38,Reti Opening
8jUVBXwe,white,kingside,,False,,70,Reti Opening
PfgauktY,white,kingside,,False,,75,Reti Opening
xnlcXJHV,white,kingside,,False,,104,Reti Opening
F8QshhSn,white,kingside,,False,,38,Reti Opening
S1Z4y9VU,white,,,False,,140,Irregular Openings
93cszeDS,black,,,False,,53,Uncommon King Pawn
H2sLdszt,black,,,False,,49,Uncommon King Pawn
259NqdrK,white,,,False,,49,Irregular Openings
ZpK4AiMv,black,,kingside,False,,72,Trompowsky Attack
pCvDc4qg,white,kingside,,False,,82,Reti Opening
Gq28O17y,white,queenside,,False,,99,Reti Opening
cIXUiVhr,black,,,False,,30,Irregular Openings
Pw1dTEZ7,black,,,False,,83,Uncommon King Pawn
bKPlrILE,black,,kingside,False,,19,Uncommon King Pawn
yLwSBVHu,white,kingside,,False,,60,Reti Opening
gXMRG9wq,white,queenside,,False,,109,Irregular Openings
QDsUhNLN,white,,,False,,105,Reti Opening
kab8pFbP,white,kingside,,False,,30,Reti Opening
jnqE6wub,black,,,False,,65,Reti Opening
Ghh1DBB4,black,,,False,,78,Irregular Openings
hvHQijHW,black,,kingside,False,,54,Irregular Openings
drLbyy36,black,,,False,,116,Irregular Openings
GJlsbiLb,white,,,False,,45,Reti Opening
qhsWGehC,black,,,False,,39,Reti Opening
YavB4S8k,black,,,False,,44,Irregular Openings
UzLMRBHe,white,kingside,,False,,52,Reti Opening
bgm2g9SM,white,kingside,,False,,91,Reti Opening
VWHjGskK,white,,,False,,81,Irregular Openings
TMs8DHMz,white,kingside,,False,,44,Reti Opening
yp0nFYMO,white,kingside,,False,,57,Irregular Openings
8uxb3zIv,white,,,False,,24,Reti Opening
BaWaQppH,white,,,False,,78,Reti Opening
ExyPYhgO,white,kingside,,False,,182,Reti Opening
7jxbHexK,white,kingside,,False,,41,Reti Opening
yAbA2wPJ,white,kingside,,False,,85,Reti Opening
dW5RYxvM,black,,kingside,False,,128,Uncommon King Pawn
OM0VR5SN,black,,kingside,False,,73,Uncommon King Pawn
qP9wKkUx,black,,,False,,83,Reti Opening
gRjwkLx5,white,kingside,,False,,53,Irregular Openings
9BMHuqjg,white,kingside,,False,,54,Reti Opening
Ma3EbLij,white,kingside,,False,,107,Reti Opening
84VkBoC0,white,kingside,,False,,77,Reti Opening
1HAGbY7A,black,,,False,,53,Uncommon King Pawn
Vn2uRdj0,white,kingside,,False,,98,Reti Opening
5sTXaURC,white,kingside,,False,,65,Irregular Openings
BHvmz35M,white,kingside,,False,,64,Reti Opening
a3vRAVIC,black,,,False,,87,Irregular Openings
pOPDo1Nn,black,,kingside,False,,61,Uncommon King Pawn
eNf8IRLC,black,,,False,,53,Irregular Openings
8M42bZOi,black,,,False,,117,Irregular Openings
CKOfFlTS,white,,,False,,96,Irregular Openings
PekaSv4U,black,,kingside,False,,89,Reti Opening
dBaQu0En,white,kingside,,False,,33,Irregular Openings
FY5t1KDz,white,,,False,,114,Reti Opening
da9MRqje,black,,,False,,60,Irregular Openings
KP22W07K,black,,,False,,91,Irregular Openings
1BeUgEqD,black,,,False,,40,Irregular Openings
Yg3ESmv5,black,,queenside,False,,35,Uncommon King Pawn
fmIJLRu3,white,,,False,,57,Irregular Openings
BLvMBNyk,black,,queenside,False,,105,Queen's Pawn Game
hPdMKDqz,black,,,False,,60,Irregular Openings
SexIRO4z,black,,,False,,92,English Opening
DGT8eT28,white,queenside,,False,,65,Reti Opening
IddahOLq,white,kingside,,False,,96,Reti Opening
UJAIHSwY,black,,,False,,39,English Opening
GeOKjTpE,white,kingside,,False,,124,Reti Opening
MyaNjSMs,black,,kingside,False,,28,Irregular Openings
JsWXujMm,white,kingside,,False,,60,Reti Opening
6j4pQBhq,white,kingside,,False,,46,Reti Opening
y4LFoByJ,white,kingside,,False,,38,Reti Opening
66FW1Jup,black,,kingside,False,,91,Uncommon King Pawn
eoiTTrhW,white,,,False,,15,Irregular Openings
HXb9Oo5H,white,,,False,,32,Reti Opening
T8PVpHpl,black,,,False,,51,Reti Opening
ub5vu47M,white,kingside,,False,,110,Reti Opening
UtNqR0EM,white,,,False,,31,Irregular Openings
vJWoKtPu,black,,queenside,False,,83,Uncommon King Pawn
VKKzDJ1y,black,,,False,,117,Irregular Openings
7J7FQElQ,black,,,False,,97,Irregular Openings
6ippzqLB,white,kingside,,False,,134,Reti Opening
FkWXYIBf,black,,,False,,154,Irregular Openings
SD5YRciP,black,,,False,,39,Reti Opening
Rl4QDyPn,white,kingside,,False,,82,Reti Opening
qyLw3f0m,black,,,False,,85,Uncommon King Pawn
oLb31OBX,white,,,False,,83,Irregular Openings
T7dslal9,white,kingside,,False,,261,Reti Opening
Cp5vyjVN,black,,kingside,False,,72,Uncommon King Pawn
vYfPcZwh,black,,,False,,81,Uncommon King Pawn
EkFiXB2q,black,,,False,,43,Reti Opening
zlmPTeGt,black,,,False,,119,Irregular Openings
BkWPGsBA,white,kingside,,False,,110,Reti Opening
4M2GmUrP,black,,,False,,107,Reti Opening
YQ6fNZ7P,black,,kingside,False,,43,Uncommon King Pawn
lrpvsKew,white,kingside,,False,,117,Reti Opening
avzKKlxk,white,kingside,,False,,37,Irregular Openings
QHtZIgp1,white,kingside,,False,,51,Irregular Openings
jXWiJLyk,black,,kingside,False,,193,Reti Opening
m5X7MnUR,black,,kingside,False,,40,Irregular Openings
sc6zqsY1,black,,kingside,False,,68,Reti Opening
f8Pr7Bxo,black,,,False,,19,Reti Opening
px4HBN9b,black,,,False,,18,Irregular Openings
HKt4yFPe,white,,,False,,38,Reti Opening
jDXsdLwd,black,,,False,,16,Trompowsky Attack
vFGb7J1p,white,kingside,,False,,144,Irregular Openings
jTauGTJ5,black,,,False,,54,Irregular Openings
s25Uvvtm,black,,,False,,60,Irregular Openings
miZzlr1D,black,,kingside,False,,45,English Opening
kJdwLBmd,white,kingside,,False,,105,Reti Opening
5iBOpHGa,black,,kingside,False,,142,Uncommon King Pawn
KK4KG5iW,white,kingside,,False,,68,Reti Opening
GJ378ebd,white,kingside,,False,,85,Reti Opening
nm1a5aKB,black,,kingside,False,,54,Indian Defenses
xBy2ofWp,black,,kingside,False,,32,Trompowsky Attack
3FJg3hJS,white,,,False,,34,Reti Opening
gcI9v86O,black,,,False,,26,Reti Opening
cCsWRG2C,black,,kingside,False,,167,Reti Opening
Wu6PF4MA,white,kingside,,False,,82,Reti Opening
VUD5M3Gl,white,queenside,,False,,43,Reti Opening
dTvXvtl6,black,,,False,,70,Trompowsky Attack
ax5KZm9I,white,kingside,,False,,84,Reti Opening
zvF1WHBq,white,kingside,,False,,70,Reti Opening
LEF8I5fc,white,kingside,,False,,103,Reti Opening
sMBpCtyq,black,,kingside,False,,112,English Opening
FxnNT8y2,white,kingside,,False,,66,Reti Opening
TXj8QTXu,black,,,False,,56,Irregular Openings
3XQCmMFP,black,,queenside,False,,118,Uncommon King Pawn
rG3Q0FPs,white,queenside,,False,,138,Reti Opening
1o4PMceJ,black,,,False,,24,Irregular Openings
ukx06g4Q,black,,kingside,False,,61,Uncommon King Pawn
pqr6Mcu9,black,,,False,,52,Irregular Openings
QJvwmdwH,black,,queenside,False,,117,Uncommon King Pawn
ucx95pia,black,,,False,,68,English Opening
opoKgnBl,black,,queenside,False,,110,Uncommon King Pawn
sTVBRo3n,black,,,False,,24,Irregular Openings
8w0kAWDU,black,,,False,,48,Irregular Openings
0ib4NGMb,black,,kingside,False,,85,Nimzo-Indian Defense
Nm5hS91k,white,kingside,,False,,158,Reti Opening
A2SSXuwR,black,,kingside,False,,44,Irregular Openings
tDqePGi1,black,,,False,,40,Irregular Openings
AXqEBq08,white,,,False,,36,Reti Opening
X8df3lBT,white,,,False,,4,Reti Opening
o4UoDZAP,black,,kingside,False,,71,Slav Defense
tVQR0WXO,black,,,False,,55,Irregular Openings
59ft3tcf,white,kingside,,False,,39,Irregular Openings
94RaLxBG,black,,,False,,90,French Defense
byIDjTY4,white,kingside,,False,,109,Irregular Openings
LKSB1ltS,white,,,False,,71,Irregular Openings
jJpYmEPp,white,kingside,,False,,47,Queen's Pawn
9jeiXrPC,white,kingside,,False,,69,Irregular Openings
3YlpLswE,white,kingside,,False,,161,Queen's Pawn
T1vvKk2B,white,,,False,,53,Irregular Openings
vFeVNdwv,white,,,False,,65,Irregular Openings
SdYCpZXv,black,,,False,,29,French Defense
gTmt9Ny2,black,,,False,,49,Reti Opening
Jh1WcJTp,black,,,False,,72,Irregular Openings
Gy7RkCRo,black,,,False,,104,Irregular Openings
pxH2fjI1,white,kingside,,False,,103,Irregular Openings
IHtBkM3p,white,,,False,,35,Irregular Openings
2nuJQ0w4,white,kingside,,False,,47,Irregular Openings
ehgArNY4,black,,,False,,53,Reti Opening
Z6NiqeXH,white,queenside,,False,,50,Irregular Openings
wmvujd7F,black,,kingside,False,,60,Irregular Openings
zaLqZKAd,white,kingside,,False,,51,Irregular Openings
6PiZhQ7s,white,,,False,,27,Queen's Pawn
oXy31uk3,white,kingside,,False,,101,Irregular Openings
k5YXXj7a,black,,kingside,False,,160,Irregular Openings
3lb02Mdb,black,,queenside,False,,35,Irregular Openings
echOngig,white,kingside,,False,,79,Irregular Openings
ZidUFqb1,white,kingside,,False,,62,Irregular Openings
Yb52zDwf,white,kingside,,False,,145,Irregular Openings
TZ07ofm6,black,,,False,,55,French Defense
kPUVvW9A,white,,,False,,57,Irregular Openings
gbYW6bo8,white,kingside,,False,,62,Irregular Openings
iBVZ7jwa,white,,,False,,31,Irregular Openings
epnKYnN2,black,,,False,,78,English Opening
l5l5cOsB,black,,queenside,False,,20,Irregular Openings
AgS6UuDt,white,kingside,,False,,111,Irregular Openings
WvqGhslE,white,,,False,,16,Irregular Openings
pQJldRZq,black,,,False,,83,Irregular Openings
1oARNhME,white,,,False,,27,Irregular Openings
V59ZwoK3,black,,,False,,59,Irregular Openings
zBIhiM3U,black,,kingside,False,,57,Uncommon King Pawn
QvQ2FjJ7,white,kingside,,False,,41,Irregular Openings
0hoiZV0C,white,kingside,,False,,27,Irregular Openings
cAbrlQ3P,black,,,False,,80,Queen's Pawn
BA7U8VqT,black,,kingside,False,,55,English Opening
SETVrrZH,white,kingside,,False,,43,Irregular Openings
W00WpTOT,white,kingside,,False,,82,Irregular Openings
XI7UNVpW,black,,kingside,False,,33,Reti Opening
UYAm73JD,white,kingside,,False,,47,Irregular Openings
5sEDvF7O,white,kingside,,False,,82,Irregular Openings
CVvIr9Ht,black,,kingside,False,,40,English Opening
pYhPN1Ga,black,,,False,,102,Irregular Openings
uEb5OTfR,black,,kingside,False,,55,English Opening
X1LDCokr,white,kingside,,False,,87,Irregular Openings
kF9vrNir,white,,,False,,72,Queen's Pawn Game
TcN22TZF,white,kingside,,False,,77,Irregular Openings
KnAsfU4H,white,kingside,,False,,65,Irregular Openings
Z6oOWuZY,white,kingside,,False,,86,Irregular Openings
YFpCl4nT,black,,kingside,False,,55,English Opening
drrmMVNz,white,kingside,,False,,65,Irregular Openings
QsHzhtz4,white,kingside,,False,,87,Irregular Openings
i0ubIUNy,black,,,False,,41,French Defense
5dbG6BXr,black,,kingside,False,,106,English Opening
s6nWl9MN,white,kingside,,False,,111,Irregular Openings
qvBVMYMe,black,,kingside,False,,55,English Opening
fcBiDdK6,white,kingside,,False,,82,Irregular Openings
vsb2eHpC,white,kingside,,False,,37,Irregular Openings
8BgN9hHW,black,,kingside,False,,55,English Opening
KHSFNUe0,black,,kingside,False,,55,English Opening
mURlwf9q,black,,kingside,False,,55,English Opening
R9uuI7ss,black,,kingside,False,,55,English Opening
x0qQI6ac,black,,kingside,False,,118,English Opening
nBrucJwi,black,,kingside,False,,40,English Opening
jX1nYVKd,black,,kingside,False,,55,English Opening
c7pfBJZa,white,kingside,,False,,87,Irregular Openings
7S7Qne9Q,white,kingside,,False,,78,Irregular Openings
abMzXTAI,black,,,False,,5,Irregular Openings
RkHQNIax,black,,kingside,False,,40,English Opening
QRXdWbuD,black,,kingside,False,,55,English Opening
bNEVlTkA,black,,kingside,False,,55,English Opening
4U6TikeZ,black,,kingside,False,,55,English Opening
NMa8IToj,black,,queenside,False,,134,Queen's Pawn
8jGBT8eX,black,,,False,,31,Irregular Openings
DTHtkoPr,black,,,False,,57,Queen's Pawn
r4Nad9SP,white,kingside,,False,,111,Irregular Openings
SdGZeMre,white,kingside,,False,,82,Irregular Openings
7B9x0hQA,white,kingside,,False,,82,Irregular Openings
eyPIrWbu,black,,kingside,False,,40,French Defense
yXaFHXmc,black,,kingside,False,,97,Irregular Openings
81hBOO8E,black,,,False,,26,Irregular Openings
TtuKJx97,black,,queenside,False,,117,Irregular Openings
z1eyBbrH,black,,kingside,False,,26,Irregular Openings
VCyDWlA2,black,,kingside,False,,50,French Defense
ZAxLVyio,white,,,False,,31,Irregular Openings
DroPzcU9,black,,,False,,37,Irregular Openings
VJsx9m4R,black,,kingside,False,,28,French Defense
YWfYvbH2,white,kingside,,False,,41,Irregular Openings
ESZ2AQVv,black,,,False,,53,Queen's Pawn
w4hoL0m1,black,,,False,,5,Uncommon King Pawn
WnFWIbaY,black,,kingside,False,,103,Queen's Pawn
ZGxks2We,white,,,False,,11,Irregular Openings
bKQWQ7wq,black,,,False,,21,Irregular Openings
YcZgziDX,black,,,False,,70,Reti Opening
ZD4OrY3X,black,,,False,,32,French Defense
ty2JZgBX,white,kingside,,False,,70,Irregular Openings
puEniW2I,white,kingside,,False,,112,Queen's Pawn
XVKv8B0W,black,,,False,,33,Reti Opening
OWMcolmf,black,,kingside,False,,76,French Defense
gAmLrJsw,black,,,False,,18,French Defense
16OoAldP,black,,,False,,75,Irregular Openings
OgyMmlhC,black,,kingside,False,,79,Queen's Pawn
ilzluCz8,black,,,False,,58,Irregular Openings
d1zUQnFc,white,queenside,,False,,59,Irregular Openings
E8uU9gnD,white,kingside,,False,,61,Irregular Openings
TNTMY4J8,black,,queenside,False,,38,Queen's Pawn
qT4W4Rqm,black,,kingside,False,,92,Queen's Pawn
K3zZN1d8,white,kingside,,False,,37,Irregular Openings
akrUONYm,black,,,False,,81,Irregular Openings
Wb8Icw0M,black,,,False,,33,Queen's Pawn
KXnG8Ny6,white,kingside,,False,,31,Irregular Openings
HOL9h1ys,white,kingside,,False,,60,Irregular Openings
GoWJkM71,black,,,False,,48,English Opening
DiPi6IPB,black,,kingside,False,,40,English Opening
xrKr5o8i,black,,,False,,103,Irregular Openings
ksmwTfWF,black,,,False,,79,Irregular Openings
B3mAjWNG,white,kingside,,False,,111,Irregular Openings
AK2lKntV,black,,,False,,62,Irregular Openings
d3A6H502,black,,queenside,False,,42,Irregular Openings
9fQLK1t1,black,,queenside,False,,44,Irregular Openings
hs8yvNNl,white,kingside,,False,,91,Irregular Openings
7tSSfa4z,black,,,False,,47,Queen's Pawn
qkhdPE9h,black,,queenside,False,,66,Irregular Openings
aISOW9cV,white,queenside,,False,,78,Irregular Openings
yZPHObzj,black,,kingside,False,,55,English Opening
3G45on9L,white,,,False,,102,Irregular Openings
iSgHXPXc,black,,kingside,False,,163,Irregular Openings
fM3MJldY,white,kingside,,False,,43,Irregular Openings
5Jtfs2pA,white,,,False,,39,Irregular Openings
6TgLqHU8,white,kingside,,False,,69,Irregular Openings
bu1n8yKr,black,,,False,,21,Irregular Openings
InvL3I55,white,kingside,,False,,88,Irregular Openings
Tgq6WmQS,black,,,False,,26,Irregular Openings
RlW0vJt9,black,,,False,,44,Irregular Openings
9NeETwUa,black,,,False,,54,Irregular Openings
yLAYQa0G,white,,,False,,23,Irregular Openings
Gl8QiLe9,black,,,False,,52,Irregular Openings
1ZciQvBH,white,queenside,,False,,110,Queen's Pawn
fNl6QnbW,white,queenside,,False,,45,Irregular Openings
Q0peKxBn,black,,kingside,False,,53,French Defense
nggA5uMB,white,queenside,,False,,81,Irregular Openings
qqhzjMpe,black,,,False,,22,Irregular Openings
40TvAkRV,black,,,False,,42,Reti Opening
SRG12jXg,black,,kingside,False,,67,French Defense
P02OFVLb,white,,,False,,79,Irregular Openings
NM3KIZ8y,black,,,False,,62,Queen's Pawn
7M5CHCiZ,black,,,False,,19,Irregular Openings
hxu1rcwA,black,,kingside,False,,136,French Defense
9NmhndLU,white,queenside,,False,,41,Irregular Openings
efCoqSwp,white,kingside,,False,,54,Irregular Openings
Mx4V8sow,white,kingside,,False,,58,Irregular Openings
tb3CykS8,white,,,False,,35,Irregular Openings
yklv0qP9,black,,,False,,41,Irregular Openings
d0OP9mHS,black,,,False,,1,Uncommon King Pawn
5KGPobiM,white,,,False,,37,Irregular Openings
9suZFiXR,white,kingside,,False,,83,Irregular Openings
fXlanB1A,black,,kingside,False,,20,Irregular Openings
u8c9bRTK,white,,,False,,13,Irregular Openings
LjD5QxIo,black,,queenside,False,,54,French Defense
TRA64RlO,white,queenside,,False,,96,Irregular Openings
4A6riEkR,black,,,False,,70,Queen's Pawn
i0SpZKQt,black,,,False,,24,French Defense
dwdDiZNH,black,,,False,,18,Irregular Openings
jGmZBplE,white,,,False,,29,Irregular Openings
bCTiqnxl,white,,,False,,125,Irregular Openings
qB6UaSgF,black,,kingside,False,,68,French Defense
JZPaG9Nk,black,,,False,,43,Irregular Openings
1ctUGQ53,black,,kingside,False,,80,French Defense
sqHBBuEr,white,,,False,,31,Irregular Openings
OIjdRrhB,white,kingside,,False,,83,Irregular Openings
xSeYZGk1,black,,,False,,14,French Defense
Pvg6DKZ4,black,,kingside,False,,18,French Defense
gHmFv0ND,white,,,False,,38,Queen's Pawn Game
lhKP1IHN,black,,kingside,False,,30,French Defense
3KnwVX4O,white,,,False,,18,Irregular Openings
iufUiA4L,black,,,False,,95,Irregular Openings
fmuPYOUi,white,kingside,,False,,47,Irregular Openings
Pr8U1JlP,black,,,False,,35,French Defense
L3iIfcxj,black,,,False,,62,French Defense
IIeXDeBc,black,,kingside,False,,117,Irregular Openings
nH7cbizV,black,,,False,,42,Irregular Openings
fuPbohHN,white,,,False,,18,Irregular Openings
rF5rT6qQ,black,,,False,,18,French Defense
R8Znj3Ad,white,kingside,,False,,122,Irregular Openings
p7QjoE5i,white,kingside,,False,,67,Irregular Openings
Zq18cu67,black,,,False,,64,Irregular Openings
AUpdZAPT,white,kingside,,False,,52,Irregular Openings
pExyIea3,white,kingside,,False,,115,Irregular Openings
3iXutkUL,white,kingside,,False,,49,Irregular Openings
xdYUW9QQ,white,,,False,,23,Irregular Openings
QsUc6POc,white,kingside,,False,,47,Irregular Openings
iktS8B40,white,kingside,,False,,94,Irregular Openings
BG26twC6,black,,kingside,False,,68,French Defense
Lm1IK9C6,black,,,False,,31,Irregular Openings
276dNXs8,white,kingside,,False,,111,Irregular Openings
rYj26ztT,black,,,False,,79,Irregular Openings
zvW1vCtz,black,,,False,,48,Irregular Openings
7ct3wNKC,white,kingside,,False,,51,Irregular Openings
O3W21uH1,black,,,False,,40,Irregular Openings
rF41IHY5,white,kingside,,False,,46,Irregular Openings
I9ISxGeC,white,kingside,,False,,52,Irregular Openings
htiCYesd,white,kingside,,False,,61,Irregular Openings
GesBseIF,black,,,False,,32,Irregular Openings
eqmgD9OC,white,kingside,,False,,35,Irregular Openings
aGFveksR,black,,,False,,55,Queen's Pawn
zIGFLNuR,black,,,False,,46,Irregular Openings
f08olJ5h,white,,,False,,10,Irregular Openings
F14oZI73,black,,,False,,41,Irregular Openings
UMbTtzbA,black,,,False,,41,Irregular Openings
nfoysuhk,white,,,False,,30,Irregular Openings
GxJMGDO9,white,kingside,,False,,118,Queen's Pawn
f0GebhhA,black,,,False,,35,French Defense
Ltgv49P8,black,,,False,,96,Queen's Pawn
eqGn4bpR,black,,kingside,False,,68,Irregular Openings
QAyaP3Zv,white,kingside,,False,,35,Irregular Openings
ePzFLzFw,black,,queenside,False,,56,Queen's Pawn
Mf3fKChc,white,kingside,,False,,64,Irregular Openings
LLQHMYJ4,black,,,False,,82,Queen's Pawn
4kJXNyJp,black,,,False,,35,French Defense
J1ljTgK7,black,,kingside,False,,70,French Defense
IZ1iCB1L,black,,,False,,62,Irregular Openings
EN7CfuaP,black,,kingside,False,,78,Uncommon King Pawn
J00iDQnh,white,queenside,,False,,71,Irregular Openings
QZkPsLB7,white,kingside,,False,,35,Reti Opening
gx4T76dP,white,kingside,,False,,133,Reti Opening
cQy8Ji2T,white,,,False,,5,Queen's Pawn Game
mopdhxQI,black,,queenside,False,,63,Queen's Pawn Game
21c8KVWk,black,,kingside,False,,84,Irregular Openings
cKR6XMHy,black,,queenside,False,,76,French Defense
t9stW2hY,white,kingside,,False,,37,Irregular Openings
KLfwBj3b,white,,,False,,45,Irregular Openings
UrbF9ZfW,black,,,False,,54,Reti Opening
qRhbDJde,black,,kingside,False,,48,French Defense
kfoHxSSt,white,kingside,,False,,116,Irregular Openings
ei8Vz9ui,white,,,False,,20,Irregular Openings
oV3SaVey,white,kingside,,False,,79,Irregular Openings
Fmkf4kSE,white,queenside,,False,,42,Irregular Openings
2bZYx8aG,white,kingside,,False,,27,Irregular Openings
OLYaCbRr,white,,,False,,35,Irregular Openings
JUhmWlyw,white,kingside,,False,,27,Irregular Openings
NGPWFbKE,white,kingside,,False,,63,Irregular Openings
cTxwJzRN,black,,,False,,52,Irregular Openings
nkHu72Rd,white,,,False,,45,Irregular Openings
yatrhXg4,black,,,False,,84,French Defense
QKBlZYDH,black,,,False,,30,Irregular Openings
YLxXnuOm,black,,,False,,54,French Defense
fLG4rA4H,black,,,False,,53,Irregular Openings
zkYl6SML,black,,,False,,30,Irregular Openings
vLD7nc54,black,,kingside,False,,60,French Defense
7uyXLRk1,white,kingside,,False,,110,Irregular Openings
OTCjLNYy,white,kingside,,False,,37,Irregular Openings
bweiI2SS,white,,,False,,11,Irregular Openings
RrVdLaD4,white,kingside,,False,,58,Irregular Openings
2V2DD4Ua,black,,kingside,False,,77,Reti Opening
G5jgfRl7,black,,,False,,73,Uncommon King Pawn
ORYWHfl8,black,,kingside,False,,49,Uncommon King Pawn
4G6LpiJc,white,,,False,,65,Irregular Openings
Hy3CurVf,black,,,False,,26,French Defense
kUe62OJo,white,kingside,,False,,146,Irregular Openings
nnCNNbM2,black,,,False,,12,French Defense
oGtfWLI7,white,queenside,,False,,41,Irregular Openings
YxnNE5Fw,white,,,False,,27,Irregular Openings
MzhFAByF,black,,,False,,3,French Defense
1x9eVYuh,black,,kingside,False,,58,Irregular Openings
gSBOWIGS,black,,kingside,False,,64,Irregular Openings
XwBt2k6s,black,,kingside,False,,92,Irregular Openings
vD3qoqMF,black,,,False,,18,French Defense
eTpgSpvr,black,,,False,,31,Irregular Openings
OeTDeADj,black,,,False,,37,Queen's Pawn
kTKwPdw0,black,,kingside,False,,26,French Defense
rNK2T8nh,white,kingside,,False,,123,Irregular Openings
bnLC6cJe,black,,,False,,18,French Defense
yMBK3vCL,black,kingside,kingside,True,11,135,French Defense
45E9Jenx,black,,kingside,False,,49,English Opening
L1GW1XKV,white,,,False,,8,Irregular Openings
i1fNlB6O,black,,kingside,False,,14,French Defense
1EZGMaZt,white,kingside,,False,,40,Queen's Pawn
GGmgKopt,white,kingside,,False,,167,Irregular Openings
KbTF0FTH,white,queenside,,False,,68,Irregular Openings
XjJKUkUl,white,kingside,,False,,109,Irregular Openings
Hl2ftFBl,white,,,False,,57,Irregular Openings
jzB5Fhb9,black,,,False,,46,Irregular Openings
WkBReZXM,black,,,False,,50,Irregular Openings
Krf4WcXG,white,,,False,,39,Irregular Openings
PLPeF6zC,black,,,False,,46,Irregular Openings
imJgynMz,black,,,False,,31,Reti Opening
ENin6Ocw,black,,,False,,37,Irregular Openings
VyuKpigJ,black,,,False,,48,French Defense
enpf7roS,black,,,False,,31,Queen's Pawn Game
zQLmnl9M,black,,,False,,62,French Defense
5fzF8vO0,white,kingside,,False,,45,Irregular Openings
kipp6Z55,white,kingside,,False,,90,Irregular Openings
hiIswcK6,white,kingside,,False,,46,Irregular Openings
RkkrEwJH,black,,,False,,106,Irregular Openings
B8T6ycIa,white,kingside,,False,,72,Irregular Openings
R3p31yEU,white,kingside,,False,,74,Irregular Openings
9ovEIU2z,black,,,False,,86,Queen's Pawn
z45LAHyG,white,queenside,,False,,74,Irregular Openings
x69OMCdu,white,,,False,,59,Irregular Openings
B8Dm6iWq,black,,kingside,False,,40,Queen's Pawn
kMxKpNBI,white,kingside,,False,,45,Irregular Openings
HtauZGAK,white,kingside,,False,,31,Irregular Openings
tlJneCr1,white,,,False,,6,Irregular Openings
941zUIzs,black,,kingside,False,,27,Reti Opening
zZvP35Pm,white,kingside,,False,,91,Irregular Openings
mR0DSRtn,black,,,False,,61,Queen's Pawn
4U55YWkC,white,kingside,,False,,53,Irregular Openings
MP3wDpCZ,white,kingside,,False,,59,Irregular Openings
TPZD054Q,black,,kingside,False,,30,Irregular Openings
4xL7qkBS,white,kingside,,False,,59,Irregular Openings
VxtfpjZF,black,,,False,,60,English Opening
yaDmLXSJ,white,kingside,,False,,21,Irregular Openings
P8Hazu0b,white,,,False,,45,Queen's Pawn
rIbZH2Mk,white,kingside,,False,,60,Irregular Openings
KdyMwaNJ,white,,,False,,29,Queen's Pawn
QilnF63b,black,,,False,,41,Irregular Openings
I8nojjVp,white,,,False,,50,Queen's Pawn Game
uDPXY534,white,,,False,,31,Queen's Pawn Game
bMApumxX,white,kingside,,False,,74,Irregular Openings
InfB9Ie3,white,,,False,,33,Irregular Openings
8RgmQV8I,black,,,False,,67,Irregular Openings
Ow4OCrA7,white,kingside,,False,,25,Irregular Openings
framUSQ6,black,,,False,,96,Irregular Openings
oRXB83QY,black,,,False,,27,Irregular Openings
1HW7ev0U,white,kingside,,False,,26,Irregular Openings
DvfoEMmU,black,,,False,,29,Irregular Openings
oIRbk956,white,kingside,,False,,50,Irregular Openings
IaV7PaXR,white,,,False,,43,Irregular Openings
x2UNaL6H,white,,,False,,41,Irregular Openings
pnksuqFa,black,,,False,,60,Irregular Openings
agTAySgg,white,kingside,,False,,45,Irregular Openings
4M35iwmy,white,kingside,,False,,118,Irregular Openings
26WocN4i,white,kingside,,False,,44,Irregular Openings
oeD7bSmS,white,,,False,,27,Irregular Openings
uG0YVfvw,white,kingside,,False,,33,Irregular Openings
jH2TLghN,black,,,False,,73,Irregular Openings
B82Irfyd,white,kingside,,False,,49,Irregular Openings
z2umAm6N,white,kingside,,False,,96,Irregular Openings
bPVuzHGE,white,kingside,,False,,42,Irregular Openings
h0Nkq3Gx,black,,,False,,34,Irregular Openings
C7l4FxcN,white,kingside,,False,,44,Irregular Openings
GI0cytrS,black,,,False,,106,French Defense
kPC2iml9,white,kingside,,False,,39,Queen's Pawn
RcLMABzk,black,,,False,,56,Irregular Openings
LAqCaZuF,black,,,False,,77,French Defense
GVCOrIQo,white,kingside,,True,7,229,Queen's Pawn
a9xUdHAk,black,,,False,,34,French Defense
ZLPM1Snd,black,,kingside,False,,64,Irregular Openings
633OQTMh,black,,kingside,False,,52,Irregular Openings
zJ66TqXh,white,queenside,,False,,61,Irregular Openings
nthj0Gc3,white,kingside,,False,,75,Irregular Openings
X0GsfKf6,white,kingside,,False,,45,Irregular Openings
B4Rz4IhQ,white,kingside,,False,,102,Irregular Openings
gGmoYiZh,white,kingside,,False,,81,Irregular Openings
3PoC4Ymn,white,,,False,,59,Irregular Openings
QLd7o7sv,black,,kingside,False,,136,Irregular Openings
Sn47u9Ev,black,,kingside,False,,40,Irregular Openings
LwYDVr1w,black,,kingside,False,,73,Irregular Openings
eQv8esdK,white,kingside,,False,,44,Irregular Openings
lDlbkOt4,white,,,False,,83,Irregular Openings
C76nMxn4,black,,,False,,43,French Defense
6TTLUrU0,black,,kingside,False,,99,Irregular Openings
yHmBVVHx,black,,kingside,False,,56,French Defense
61wbwTsM,white,queenside,,False,,43,Irregular Openings
XaeSdPXF,white,kingside,,False,,72,Irregular Openings
REiWEydb,white,kingside,,False,,41,Irregular Openings
M8oNezxe,white,,,False,,45,Irregular Openings
JUV7kFox,black,,kingside,False,,83,Reti Opening
ZDYSbUi9,black,,,False,,31,French Defense
U8koqVZo,black,,,False,,75,Irregular Openings
G3B4bxbZ,black,,,False,,45,Queen's Pawn
YMaCHMQk,black,,queenside,False,,42,Irregular Openings
foOk0zMS,black,,,False,,41,Queen's Pawn Game
lidmw3w5,black,,,False,,18,French Defense
HFpLFntD,white,kingside,,False,,59,Irregular Openings
sTwQ4ncM,white,,,False,,18,Irregular Openings
ftjgl6JS,black,,kingside,False,,38,Irregular Openings
9XIQjtco,white,,,False,,51,Irregular Openings
8KSMgylD,black,,kingside,False,,101,Irregular Openings
hXzwol1z,black,,,False,,54,Irregular Openings
LcStBXCg,white,kingside,,False,,27,Irregular Openings
Ua7f9utm,white,kingside,,False,,66,Irregular Openings
rfFY7Zgp,black,,,False,,1,Queen's Pawn
gkzAKhZu,white,,,False,,23,Irregular Openings
wZs9kCXe,black,,queenside,False,,62,French Defense
iEFxpYpv,black,,,False,,73,Irregular Openings
7SvUSFfz,black,,,False,,69,Irregular Openings
pGDmmGwU,black,,,False,,3,French Defense
Y0VTyvB0,white,,,False,,18,Irregular Openings
2sCjDgR9,white,kingside,,False,,75,Irregular Openings
0VH3Vvhv,white,kingside,,False,,57,Irregular Openings
BSYdfvXd,white,,,False,,45,Irregular Openings
YuUZDI4k,black,,,False,,88,Queen's Pawn
v8dwSXx0,black,,kingside,False,,82,French Defense
SSeaWjh5,black,,,False,,2,French Defense
ilZKvV57,black,,,False,,33,French Defense
VqNkCiTR,white,,,False,,23,Irregular Openings
fwZv16E3,white,kingside,,False,,33,Irregular Openings
VLuef3C2,black,,,False,,18,French Defense
RHuqRQ9V,black,,queenside,False,,56,Irregular Openings
zZPSYadU,black,,kingside,False,,72,French Defense
PlDUNZJH,black,,kingside,False,,51,Queen's Pawn
MCPEhq6x,black,,,False,,71,French Defense
MmiUA0Xc,black,,kingside,False,,28,French Defense
kbeulQNF,black,,,False,,98,Queen's Pawn
ftdtd1ir,black,,kingside,False,,46,French Defense
n2Nhsi4R,white,,,False,,15,Irregular Openings
hBTr73M1,black,,,False,,23,Irregular Openings
oDAvGGPu,black,,,False,,93,Irregular Openings
4DR5yNyT,white,,,False,,43,Irregular Openings
U291Y3XZ,white,,,False,,110,Irregular Openings
JCwd1uHk,black,,kingside,False,,120,Irregular Openings
Kj04iVGq,black,,,False,,51,French Defense
WRoABUum,black,,kingside,False,,63,French Defense
STCBnimt,black,,kingside,False,,125,Irregular Openings
dNEfdlGN,black,,kingside,False,,97,Irregular Openings
YqbyWPcW,white,kingside,,False,,38,Irregular Openings
RfXViCaP,white,,,False,,39,Irregular Openings
JXHJrxnV,black,,,False,,84,French Defense
u2Je7Sps,white,kingside,,False,,47,Irregular Openings
VuedtvSZ,black,,kingside,False,,115,Irregular Openings
BSrwGmWX,black,,kingside,False,,81,English Opening
UkR7XBud,black,,,False,,37,Irregular Openings
Kv7iqxkq,black,,kingside,False,,49,French Defense
BLiRboAI,black,,,False,,37,Irregular Openings
U9u6gCg4,white,,,False,,3,Irregular Openings
nzgCW32S,black,,kingside,False,,51,Queen's Pawn
t51AqkBy,white,,,False,,37,Irregular Openings
j1KchnCD,black,,,False,,35,Irregular Openings
rhsb2IkF,white,,,False,,41,Irregular Openings
JWGLhBNA,white,,,False,,89,Irregular Openings
b2cPhyC4,white,kingside,,False,,72,Irregular Openings
2nxtz0ez,black,,,False,,72,Queen's Pawn
vhh8LpCi,black,,,False,,3,French Defense
imTXgwy4,white,,,False,,48,Irregular Openings
CBTVuySt,black,,,False,,34,Irregular Openings
SRhAoUSK,black,,,False,,55,French Defense
AxMbrx6W,white,,,False,,44,Irregular Openings
cQrC1XIR,white,kingside,,False,,38,Irregular Openings
TmmUr3s2,white,kingside,,False,,45,Irregular Openings
K1RNXJpV,white,kingside,,False,,41,Irregular Openings
982ZsoB1,black,,,False,,58,Irregular Openings
KvagFPjM,white,kingside,,False,,22,Irregular Openings
eWRIU280,black,,,False,,52,Irregular Openings
kqrAJ734,black,,,False,,39,Queen's Pawn
ZLYfgZmw,black,,kingside,False,,133,Reti Opening
9lVyg968,black,,kingside,False,,48,Irregular Openings
mX3xv5Sm,white,,,False,,25,Irregular Openings
vqbmC4tI,black,,,False,,34,French Defense
i2C4U0Vc,black,,,False,,58,Irregular Openings
PdGgS9IA,white,,,False,,59,Irregular Openings
BGFXqdcA,black,,kingside,False,,56,French Defense
V9C1eMAp,white,,,False,,66,Irregular Openings
cIjPLW9h,black,,,False,,38,Irregular Openings
yhPFNqQy,black,,,False,,46,Irregular Openings
8s1f7mjL,white,,,False,,30,Irregular Openings
dxqeH3AA,black,,kingside,False,,28,French Defense
ySaxGgAK,white,,,False,,16,Irregular Openings
jkVdvj0V,white,,,False,,27,Irregular Openings
QQR23f0n,white,,,False,,2,Irregular Openings
xuESH4Wa,black,,kingside,False,,42,French Defense
CmnskIeA,white,queenside,,False,,47,Irregular Openings
hm6Pr8O8,black,,,False,,128,French Defense
xwVG1Yxs,black,,queenside,False,,99,French Defense
bDld6lFr,white,queenside,,False,,53,Irregular Openings
ZpQ1ZF0f,white,,,False,,67,Queen's Pawn
9ZQdp8K7,white,,,False,,49,Queen's Pawn
M1LmjKJ8,white,,,False,,11,Irregular Openings
O7KxLqBJ,black,,kingside,False,,97,Queen's Pawn
loCbPQoc,black,,,False,,54,French Defense
8V4cYgqm,black,,,False,,115,Irregular Openings
cfFCPCz4,white,,,False,,11,Irregular Openings
qDNMAarK,white,kingside,,False,,58,Irregular Openings
PKOn8jbK,black,,,False,,34,Irregular Openings
wL6tCkFF,black,,,False,,22,Queen's Pawn Game
eaqpjjtJ,black,,kingside,False,,49,Reti Opening
HOTjfUJO,black,,queenside,False,,28,French Defense
cOPjyQSB,white,kingside,kingside,True,9,167,Queen's Pawn Game
OdveWPPs,black,,,False,,42,Irregular Openings
LvPqWEOM,white,kingside,,False,,39,Irregular Openings
wc3nUAdp,black,,,False,,48,Irregular Openings
4pMVkJJm,white,,,False,,89,Irregular Openings
eKMC2Ar8,black,,kingside,False,,20,Irregular Openings
iH7PrkBD,black,,kingside,False,,74,Irregular Openings
BTGjsSBJ,white,kingside,,False,,58,Irregular Openings
DafakQjg,black,,,False,,46,Irregular Openings
ASekgctj,black,,,False,,57,Reti Opening
8GkAxb8M,black,,,False,,37,Irregular Openings
xJJ43XYD,black,,kingside,False,,50,English Opening
yDN5kc2d,black,,kingside,False,,42,French Defense
RS7yEOfJ,black,,,False,,15,French Defense
g4Qi74ER,black,,,False,,42,Irregular Openings
bqL7cfGv,black,,kingside,False,,102,Reti Opening
qym3u0HT,white,queenside,,False,,108,Irregular Openings
KjFEmZQI,white,kingside,,False,,116,Irregular Openings
dk4JSNgY,white,kingside,,False,,39,Irregular Openings
qrRb1gZl,black,,,False,,51,Reti Opening
7zrcPEO5,black,,kingside,False,,81,French Defense
NoSziqhM,white,kingside,,False,,73,Irregular Openings
tVnu7nCg,black,,,False,,16,Irregular Openings
ammOGPsR,black,,,False,,42,Irregular Openings
HVGz6mYP,black,,,False,,66,French Defense
bKekVKpg,white,kingside,,False,,35,Irregular Openings
PrOXfYE0,black,,kingside,False,,119,Irregular Openings
qlTZHbYy,white,,,False,,59,Irregular Openings
HwfHLFVG,black,,,False,,40,French Defense
fkG43nTV,white,queenside,,False,,33,Irregular Openings
8KVE78VF,black,,kingside,False,,47,Queen's Pawn
KCoMjIya,white,kingside,,False,,43,Irregular Openings
H7oLJrJJ,black,,queenside,False,,29,Irregular Openings
8xvmnvB7,white,,,False,,18,Irregular Openings
litwaAvp,white,,,False,,16,Irregular Openings
BBh0w0cb,black,kingside,kingside,False,,93,Queen's Pawn
MTsuRSjZ,black,,kingside,False,,80,French Defense
xLw6lXoe,black,,,False,,92,Reti Opening
mMqt33Er,black,,,False,,11,Queen's Pawn
NySmdQXq,white,kingside,kingside,True,3,132,Queen's Pawn
EoJ8I5OY,black,,,False,,32,French Defense
zNGXt1g0,black,,,False,,2,French Defense
zMjUWI69,black,,,False,,22,French Defense
cSsvdVKG,black,,kingside,False,,28,French Defense
7VOl1HGI,black,,,False,,72,Irregular Openings
9LkAO3cV,black,,queenside,False,,72,Irregular Openings
SxgOUtmM,white,,,False,,18,Irregular Openings
TzNsQkKE,white,,,False,,49,Irregular Openings
hRRlr0jE,white,,,False,,18,Irregular Openings
fUvbtDdw,white,,,False,,3,Queen's Pawn
r0XgtubX,black,,,False,,62,Irregular Openings
G2uORpxc,black,,,False,,31,French Defense
zRztFpAy,white,kingside,,False,,25,Irregular Openings
fFfGK3PE,black,,,False,,85,Reti Opening
JoPuhzHg,white,kingside,,False,,26,Irregular Openings
Ms83YSDd,white,kingside,,False,,119,Irregular Openings
D70W4NDh,black,,kingside,False,,51,Queen's Pawn
PIfA0kE6,black,,kingside,False,,30,Irregular Openings
d9rennZz,black,,,False,,18,French Defense
HJfmhOk1,black,,,False,,52,French Defense
aPuQr1gS,white,,,False,,18,Irregular Openings
00ABEoXV,white,,,False,,18,Irregular Openings
GNNES0Al,white,kingside,,False,,47,Irregular Openings
ukBsDmEt,black,,,False,,62,French Defense
rnKpjbEj,black,,,False,,2,French Defense
IGpqzLfs,white,queenside,,False,,34,Irregular Openings
MqXezQFU,black,,,False,,37,French Defense
Mu0w9M0B,black,,,False,,30,French Defense
u8qkHm9l,white,queenside,,False,,32,Irregular Openings
utl1coox,black,,kingside,False,,30,French Defense
itBC18bB,black,kingside,queenside,True,6,95,French Defense
EHatH5zJ,white,kingside,,False,,33,Irregular Openings
RmkIdasv,black,,kingside,False,,62,Queen's Pawn
jzcIgvlB,white,queenside,,False,,65,Queen's Pawn Game
h9jKg4sC,white,,,False,,57,Irregular Openings
cxBrokSA,white,,,False,,11,Irregular Openings
vmwlb4b8,white,kingside,,False,,77,Irregular Openings
SyxCKSgb,black,,kingside,False,,18,Irregular Openings
47dfFBQy,black,,,False,,38,Irregular Openings
Oj1r7fyg,black,,kingside,False,,71,Reti Opening
yW3W1Q3h,black,,,False,,66,Queen's Pawn
bwqh1ucy,black,,,False,,33,Irregular Openings
PD42N6r1,white,kingside,,False,,43,Irregular Openings
2FdljQIY,white,,,False,,30,Irregular Openings
hHcySE9r,black,,,False,,38,Irregular Openings
IxmVgBPZ,white,kingside,,False,,33,Irregular Openings
CXAHnBms,white,kingside,,False,,27,Irregular Openings
YhcHq1zS,black,,queenside,False,,38,French Defense
zy3HwqpN,black,,,False,,31,Irregular Openings
IdjInXWL,white,,,False,,30,Irregular Openings
r7nv6G3l,black,,,False,,51,French Defense
odg4gZdN,black,,kingside,False,,60,Irregular Openings
NkWkQnHx,white,kingside,,False,,46,Irregular Openings
RaoGr6xo,white,,,False,,18,Irregular Openings
Cn7UNGGI,white,kingside,,False,,45,Irregular Openings
tgeKR6z7,white,queenside,,False,,58,Irregular Openings
cVvoOK2r,black,,,False,,88,French Defense
WKAFfRBS,white,,,False,,31,Irregular Openings
fg1NVUM8,black,,kingside,False,,118,Reti Opening
SPVM7uJk,white,,,False,,16,Irregular Openings
Wr2StiWr,white,queenside,,False,,44,Irregular Openings
aWUhypS2,black,,,False,,24,Irregular Openings
DLMxwMJv,white,kingside,,False,,88,Irregular Openings
n70d56cX,white,,,False,,28,Irregular Openings
QffLpLQU,black,,kingside,False,,37,Queen's Pawn
3tXMzwlK,black,,,False,,21,Reti Opening
sIdq08nA,black,,,False,,63,Queen's Pawn
1TQZJcwD,white,,,False,,58,Irregular Openings
Cc9nOtzO,black,,kingside,False,,55,English Opening
Pj4kYeLK,black,,kingside,False,,94,Reti Opening
RVB7akzl,black,,,False,,21,French Defense
k9kbNnyo,white,kingside,,False,,83,Irregular Openings
hKHcEwMO,white,kingside,,False,,199,Irregular Openings
VOkhcv9W,black,,,False,,86,Irregular Openings
X6h8ii0z,black,,,False,,32,Irregular Openings
JxBuViG6,black,,,False,,42,Irregular Openings
k1yg9sub,white,kingside,,False,,39,Irregular Openings
mtQBVBNp,white,kingside,,False,,69,Irregular Openings
LL8rtXFM,black,,,False,,20,Irregular Openings
2hIJQT4L,black,,,False,,82,French Defense
YArhV4Mz,black,,,False,,26,Irregular Openings
xIT2x9CY,white,kingside,,False,,71,Irregular Openings
hpcJeFLp,white,kingside,,False,,71,Queen's Pawn Game
PZEJL76T,black,,,False,,66,French Defense
0a7Y0ykk,white,,,False,,10,Irregular Openings
YHuHEkBg,white,kingside,,False,,87,Queen's Pawn Game
91eVGMjI,white,,,False,,3,Irregular Openings
R2d2qaAQ,black,,,False,,1,Queen's Pawn
xLP0c5jY,white,kingside,,False,,52,Queen's Pawn Game
KPmsVi9I,black,,,False,,44,French Defense
ZbaiRoik,black,,queenside,False,,89,Irregular Openings
AQpShL6W,white,,,False,,25,Irregular Openings
rz12E4xV,white,kingside,,False,,118,Irregular Openings
AYkY7R1T,black,,,False,,31,Irregular Openings
yibOqBlD,black,,,False,,95,French Defense
690oL0kc,white,kingside,,False,,43,Irregular Openings
DMAjpPix,black,,,False,,37,Reti Opening
rmdQ8Crr,white,kingside,,False,,100,Irregular Openings
FDHMT2qG,white,,,False,,35,Irregular Openings
TIPbpVpJ,white,queenside,,False,,54,Irregular Openings
bXDYQ9i4,black,,kingside,False,,39,Uncommon King Pawn
BBsgSkcp,white,kingside,,False,,71,Irregular Openings
QLxdaHwT,white,kingside,,False,,83,Irregular Openings
QGRChz2y,white,kingside,,False,,37,Irregular Openings
ZYObKb1r,black,,queenside,False,,90,French Defense
3mGsKvrc,black,,queenside,False,,18,French Defense
WKK1qs1q,white,kingside,,False,,25,Irregular Openings
lff7Bg9r,black,,,False,,40,Irregular Openings
QnqAt4Cx,white,kingside,,False,,82,Irregular Openings
IjL58jqv,black,,kingside,False,,37,Queen's Pawn
N4gm3YqG,white,kingside,,False,,111,Irregular Openings
rMGFGkPU,black,,,False,,99,Irregular Openings
13Ff36yq,black,,,False,,16,Irregular Openings
z7GX6Mi1,black,,,False,,17,Irregular Openings
6FmsygkF,white,,,False,,55,Irregular Openings
G9WxoqcS,black,,kingside,False,,138,Irregular Openings
ro6igEjN,black,,,False,,88,French Defense
u5XWD3BM,white,kingside,,False,,98,Irregular Openings
nosWc3ub,white,kingside,,False,,35,Irregular Openings
1v2LVVmt,white,kingside,,False,,67,Irregular Openings
ol5b3YmH,white,kingside,,False,,123,Irregular Openings
Bv2MEWEx,white,,,False,,41,Irregular Openings
NnoVqAvg,black,,kingside,False,,156,Irregular Openings
UstEyqYm,black,,,False,,48,French Defense
DBpZug01,white,kingside,,False,,45,Irregular Openings
5m6g28Dl,black,,,False,,20,French Defense
x3nenF2q,black,,kingside,False,,40,English Opening
JoyvHife,white,kingside,,False,,99,Irregular Openings
FisHJOeS,white,kingside,,False,,96,Irregular Openings
mwljwGdc,black,,,False,,117,Irregular Openings
cpip3b4o,black,,,False,,49,Queen's Pawn
uvbr89lG,white,,,False,,77,Irregular Openings
ZeQhmwMw,black,,,False,,76,Irregular Openings
B3WLLTAs,white,kingside,,False,,37,Irregular Openings
elWoCizw,white,kingside,,False,,87,Irregular Openings
zAfZf2l4,black,,kingside,False,,42,Irregular Openings
njwS8hSL,black,,queenside,False,,67,Irregular Openings
sc0S4xia,white,,,False,,90,Irregular Openings
XtAeasoV,white,kingside,,False,,80,Irregular Openings
ijlq8UFb,black,,,False,,54,Irregular Openings
8dwZfam4,black,,,False,,42,Irregular Openings
ZE2zbGnM,white,,,False,,33,Irregular Openings
ZkmZRtdG,white,kingside,,False,,29,Irregular Openings
aJaJLwsT,white,,,False,,25,Irregular Openings
vAsG5S4R,white,,,False,,39,Irregular Openings
sYnCbSju,white,kingside,,False,,56,Irregular Openings
kLiJl9qx,white,kingside,,False,,138,Irregular Openings
yFFw2Zzo,black,,queenside,False,,65,Queen's Pawn
ZJaYWcQd,black,,kingside,False,,67,English Opening
Ww9k9fjJ,white,,,False,,56,Irregular Openings
SewPy4eI,white,kingside,,False,,51,Irregular Openings
ExCIsY0f,white,,,False,,31,Irregular Openings
l2cCTJhq,white,kingside,,False,,64,Irregular Openings
3Vufz1ey,white,kingside,,False,,73,Irregular Openings
g7Ke5uv6,white,,,False,,15,Irregular Openings
FcrDyCNd,white,kingside,,False,,33,Irregular Openings
WtZrBEhy,black,,,False,,31,Irregular Openings
CSunt2Hw,black,,,False,,18,French Defense
SxWtT9mv,white,kingside,,False,,59,Irregular Openings
d2hJdpeL,black,,queenside,False,,58,French Defense
EWkk41Dj,white,,,False,,61,Irregular Openings
MxtZDh1o,white,,,False,,67,Irregular Openings
cQDyWIwk,white,kingside,,False,,27,Irregular Openings
i707AUKG,black,,kingside,False,,55,English Opening
8aHnJqZL,black,,,False,,68,Queen's Pawn
iMPPgu9q,white,kingside,,False,,70,Irregular Openings
mV5H34hG,black,,kingside,False,,93,English Opening
CdijIusT,white,kingside,,False,,53,Irregular Openings
lYgS7qb5,white,queenside,,False,,41,Queen's Pawn
DAkSmEzo,black,,,False,,22,French Defense
OCacAUaz,white,,,False,,89,Irregular Openings
toFqEC3c,black,,kingside,False,,101,Queen's Pawn
FFVxwGiW,black,,,False,,37,Irregular Openings
oN6RYxaP,white,kingside,,False,,115,Irregular Openings
kHsyD3jS,white,kingside,,False,,37,Irregular Openings
6CAudYp5,black,,,False,,11,Irregular Openings
4hkpRo5x,white,kingside,,False,,103,Irregular Openings
FdMujaf3,white,kingside,,False,,44,Irregular Openings
mnId5i1a,white,kingside,,False,,117,Irregular Openings
SViR7G3k,white,,,False,,25,Irregular Openings
NHLARzvi,black,,,False,,42,French Defense
Zah3DLwc,white,,,False,,16,Irregular Openings
4vp6F5cn,white,,,False,,18,Irregular Openings
EzDL1J7g,black,,queenside,False,,70,French Defense
vgVftuLO,black,,,False,,50,Irregular Openings
kaxCd1Cp,black,,,False,,38,Irregular Openings
rU8BceSF,black,,,False,,35,Irregular Openings
YzxCj8i6,white,kingside,,False,,51,Irregular Openings
RHmV6xpN,black,,,False,,64,French Defense
HXOk0e6H,white,kingside,,False,,79,Irregular Openings
we5EG4OK,white,kingside,,False,,38,Irregular Openings
MhqGpwDL,black,,,False,,18,French Defense
5WX3V5zc,black,,kingside,False,,54,French Defense
yqlIAXy6,white,queenside,,False,,69,Irregular Openings
CS0z5NV7,black,,,False,,50,French Defense
JqaB8fpe,black,,,False,,54,Irregular Openings
scCVCOEk,white,kingside,,False,,73,Irregular Openings
pq4FYi1f,black,,,False,,69,Queen's Pawn
6PAs54EM,black,,kingside,False,,48,Reti Opening
1WeCrWSE,white,kingside,,False,,47,Irregular Openings
FUEFut1R,black,,kingside,False,,77,Irregular Openings
jTqWHQ6X,black,,,False,,26,Irregular Openings
NFy2lK2S,black,,kingside,False,,110,French Defense
GZLoVS1l,black,,queenside,False,,61,Queen's Pawn
0hSsBIQu,black,,,False,,91,Uncommon King Pawn
ahG2EgS5,white,,,False,,55,Irregular Openings
uNah4gVm,white,,,False,,45,Irregular Openings
AFq33m0G,black,,,False,,35,Reti Opening
dgmTzvOU,white,kingside,,False,,71,Irregular Openings
EgHddQJ4,black,,kingside,False,,44,French Defense
Pg5pUS1R,white,,,False,,45,Irregular Openings
RzYjuCpb,black,,,False,,46,Irregular Openings
sbrxZHNi,black,,,False,,62,Irregular Openings
7vkTm3Fl,white,,,True,17,135,Trompowsky Attack
vnXkx1TX,white,kingside,,False,,71,Queen's Pawn
Q2KAuBVi,white,,,False,,51,Irregular Openings
6NRgaVaO,black,,,False,,43,Irregular Openings
gW8eWkgN,black,,kingside,False,,42,French Defense
BxfUYOxW,white,kingside,,False,,106,Irregular Openings
VuWGF898,white,kingside,,False,,77,Irregular Openings
UNLgDeDX,black,,,False,,21,Irregular Openings
bEikqpHm,black,,,False,,54,French Defense
FTDWrCY1,black,,kingside,False,,28,French Defense
DxFG5ZiT,white,kingside,,False,,37,Irregular Openings
4652Htx0,black,,kingside,False,,30,Irregular Openings
sqNU7wC3,white,,,False,,41,Irregular Openings
Q9ZBEChN,white,kingside,,False,,31,Irregular Openings
xbz44l3C,white,kingside,,False,,61,Irregular Openings
erOOzgAj,black,,kingside,False,,37,English Opening
p5PNIjwp,white,kingside,,False,,50,Queen's Pawn Game
Nlgf3TTE,black,,queenside,False,,50,Irregular Openings
PFnWfvgB,black,,,False,,72,Irregular Openings
mLuUU2GV,white,kingside,,False,,69,Irregular Openings
s0dPL1s2,black,,queenside,False,,40,Irregular Openings
op14p0LN,black,,,False,,24,Irregular Openings
TA3sFmDA,white,kingside,,False,,69,Irregular Openings
f8r0iuJZ,white,kingside,,False,,102,Irregular Openings
bm8PdJcQ,black,,,False,,35,English Opening
aZt56R9P,white,queenside,,False,,47,Irregular Openings
HWQbshst,white,kingside,,False,,41,Irregular Openings
58FCR1mc,black,,queenside,False,,84,Irregular Openings
PQBzgWxF,white,,,False,,25,Irregular Openings
f68Cq53Z,black,,kingside,False,,42,French Defense
oI7XgtKC,white,kingside,,False,,55,Irregular Openings
5cELxThi,black,,,False,,136,Irregular Openings
mjUuygMl,black,,kingside,False,,78,French Defense
4sJIoPZg,white,kingside,,False,,53,Irregular Openings
PgtfwpSs,black,,,False,,54,Irregular Openings
WeNgbTaG,white,kingside,,False,,55,Irregular Openings
YpeLrsNS,white,kingside,,False,,57,Irregular Openings
vhpdi4uv,black,,kingside,False,,28,French Defense
7UwfYedr,white,,,False,,37,Irregular Openings
t9OpEOK2,white,kingside,,False,,78,Queen's Pawn Game
6PXNFeCZ,black,,kingside,False,,52,Irregular Openings
Q61iqy5P,black,,kingside,False,,68,Uncommon King Pawn
urri8Aal,black,,kingside,False,,40,Uncommon King Pawn
p2IrUd3y,black,,,False,,35,Uncommon King Pawn
qxKIXd4l,black,,kingside,False,,87,French Defense
e2ugAX5m,black,,kingside,False,,66,French Defense
JhrLqkpg,black,,kingside,False,,93,Reti Opening
XtK6qOHF,black,,kingside,False,,147,Queen's Pawn
0AeNdVJS,white,kingside,,False,,107,Irregular Openings
4EIvgxCA,white,kingside,,False,,47,Irregular Openings
7OvcpEUs,white,kingside,,False,,48,Irregular Openings
fKuQibru,white,queenside,,False,,95,Queen's Pawn Game
N7xfXGg2,black,,kingside,False,,78,Irregular Openings
ykiwg7xJ,black,,kingside,False,,42,Irregular Openings
KLNhx7Vf,white,kingside,,False,,57,Irregular Openings
gUxrVGZl,black,,kingside,False,,37,Queen's Pawn
ojfskOhy,black,,kingside,False,,59,Irregular Openings
pftMraUu,black,,kingside,False,,58,Irregular Openings
tA5TWpwt,white,kingside,,False,,80,Irregular Openings
5ZaTgo1K,white,kingside,,False,,114,Irregular Openings
hknbVzFi,white,kingside,,False,,94,Irregular Openings
el1wt9JP,black,,,False,,86,Irregular Openings
doQPLcCP,black,,,False,,75,French Defense
wrG8epGH,black,,,False,,107,English Opening
RN3O2cE1,black,,,False,,85,Irregular Openings
WLaVoWCL,black,,,False,,140,Irregular Openings
qAA5maGl,white,,,False,,51,Queen's Pawn Game
gMovmVK7,white,kingside,,False,,47,Queen's Pawn
BVby0J8H,black,,,False,,67,Irregular Openings
GwnD2ZXD,white,kingside,,False,,130,Queen's Pawn Game
vlHCb96Y,black,,kingside,False,,61,French Defense
4iUKEUDW,white,kingside,,False,,54,Queen's Pawn
ye1ugNGk,black,,kingside,False,,45,Reti Opening
IEo0HxUR,black,,kingside,False,,44,French Defense
8bW1QfVi,black,,kingside,False,,78,Irregular Openings
d6IUjOOJ,white,kingside,,False,,136,Irregular Openings
f6lDFEkx,white,,,False,,60,Queen's Pawn
xldeBbvs,white,,,False,,46,Queen's Pawn Game
bu4aEL1u,white,kingside,,False,,141,Irregular Openings
KF1m6uek,white,kingside,,False,,92,Queen's Pawn Game
cTjd4mU4,white,kingside,,False,,96,Irregular Openings
59EIqc2f,black,,,False,,210,Irregular Openings
IqCWkyiP,black,,,False,,94,Irregular Openings
rINliEY9,white,,,False,,80,Queen's Pawn
YUFRNFs1,black,,,False,,152,French Defense
KMNDJVY1,black,,,False,,96,Irregular Openings
vA7xnydR,white,kingside,,False,,169,Trompowsky Attack
IuyWTNA9,black,,kingside,False,,41,Reti Opening
zKNhJv9k,black,,kingside,False,,94,English Opening
ihRyJbZg,white,kingside,,False,,58,Queen's Pawn
OsYNhUaQ,white,kingside,,False,,113,Queen's Pawn
ObBKZ48V,white,kingside,,False,,127,Irregular Openings
1fhMZJDd,black,,kingside,False,,153,French Defense
tFU4n9hS,black,,,False,,94,French Defense
3N48EtKS,black,,kingside,False,,102,Irregular Openings
xi8qZpkd,black,,kingside,False,,70,Irregular Openings
eTCSizBr,white,kingside,,False,,114,Irregular Openings
HLkAoWbO,white,,,False,,21,Irregular Openings
AOUus6X5,black,,kingside,False,,91,French Defense
JSGM6lZL,white,kingside,,False,,64,Queen's Pawn
Jk0mxQc4,white,kingside,,False,,59,Trompowsky Attack
v4saQugJ,white,,,False,,69,Irregular Openings
kE4ZMKnq,white,,,False,,44,Queen's Pawn
zI0WowMW,black,,kingside,False,,44,French Defense
MhlZAocg,black,,kingside,False,,56,Uncommon King Pawn
klI65dUy,black,,kingside,False,,69,French Defense
UQgKwMvo,white,kingside,,False,,97,Queen's Pawn
DOCdW2tn,black,,kingside,False,,161,French Defense
zK1SLD5q,black,,kingside,False,,122,English Opening
qijO9hS2,black,,kingside,False,,142,Irregular Openings
T23qK6yl,white,kingside,,False,,98,Irregular Openings
S4TGMgR6,black,,kingside,False,,105,French Defense
7HXtxVdF,white,,,False,,53,Queen's Pawn
UJdBhanm,white,kingside,,False,,90,Irregular Openings
ipZvXkZj,black,,kingside,False,,143,Irregular Openings
Snn5Mo4P,white,kingside,,False,,319,Irregular Openings
58VoAm1R,black,,,False,,47,Queen's Pawn
imCSuIoG,white,kingside,,False,,67,Irregular Openings
xRqGYnXS,black,,,False,,36,French Defense
uX6K4ZLb,white,,,False,,25,Queen's Pawn
DppD4ZDT,white,,,False,,62,Queen's Pawn Game
0iODt1al,black,,,False,,126,Queen's Pawn
iZRuI20Z,white,kingside,,False,,62,Queen's Pawn Game
p1fM47KE,black,,kingside,False,,119,Irregular Openings
SWGLhx2O,white,kingside,,False,,51,Irregular Openings
CqIJIwQY,black,,,False,,43,Irregular Openings
elBwxdSi,black,,kingside,False,,60,Irregular Openings
GMNoSMfy,black,,,False,,60,French Defense
3kFVdaA2,black,,,False,,8,Irregular Openings
mCEWwRL6,white,kingside,,False,,75,Queen's Pawn
sbXhgbng,white,kingside,,False,,137,Irregular Openings
lDptI5RB,black,,,False,,34,French Defense
sr0NgHLW,black,,queenside,False,,115,French Defense
Jqa9t8t0,black,,,False,,36,French Defense
1K068sYA,white,kingside,,False,,107,Irregular Openings
xeXnezHi,white,queenside,,False,,58,Queen's Pawn
sr2EOPYW,white,kingside,,False,,144,Queen's Pawn Game
nHVGqWzR,black,,,False,,78,French Defense
geDTeEMq,black,,kingside,False,,28,French Defense
VL5zVy9z,black,,,False,,40,Reti Opening
qQI9ry1Q,white,kingside,,False,,45,Irregular Openings
RyonaIO1,white,,,False,,52,Irregular Openings
bI4WL2VB,black,,kingside,False,,35,English Opening
HSlGNbA3,white,kingside,,False,,103,Queen's Pawn Game
V3Dq6Df1,black,,kingside,False,,107,Queen's Pawn
BwYy4RuU,white,kingside,,False,,81,Irregular Openings
TRIQQwBd,black,,kingside,True,5,140,French Defense
wxjrL0d9,black,,,False,,156,French Defense
nQ3qUIE1,black,,kingside,False,,25,French Defense
10J9ey5m,black,,,False,,73,Irregular Openings
gVuV7cEj,white,queenside,,False,,50,Queen's Pawn Game
SMu1TceC,white,,,False,,43,Irregular Openings
A1EEfBiu,white,kingside,,False,,36,Queen's Pawn Game
Eb7aSQpp,black,,,False,,53,Irregular Openings
bVVsI6II,white,kingside,,False,,46,Irregular Openings
BUR6DRLq,white,,,False,,43,Queen's Pawn Game
mdbgEBQi,black,,,False,,78,French Defense
a0fi4mll,white,kingside,,False,,103,Irregular Openings
rvQIOmD9,white,,,False,,43,Irregular Openings
MhOr6ZN1,white,kingside,,False,,117,Irregular Openings
p8MVGEkP,black,,,False,,109,Irregular Openings
dnMbEVfT,black,,kingside,False,,80,Irregular Openings
WI9ftZ4v,black,,,False,,80,French Defense
mvhCAkiC,black,,,False,,36,French Defense
5csBRFHZ,black,,,False,,145,Irregular Openings
USyh78V8,white,kingside,,False,,66,Queen's Pawn Game
jUHuTPbY,black,,,False,,34,Irregular Openings
u6JzL4Hf,white,kingside,,False,,88,Irregular Openings
XFKHy7wZ,black,,,False,,34,French Defense
6hanOvq1,black,,,False,,80,French Defense
7eLtQm8G,black,,,False,,2,Queen's Pawn
H0wb6tQz,white,,,False,,52,Queen's Pawn
RQzcvdZs,white,kingside,,False,,55,Queen's Pawn Game
Q3P9dbYr,black,,,False,,53,Irregular Openings
3iKXV9mj,black,,kingside,False,,76,Queen's Pawn
GAL6s2Xo,black,,,False,,70,English Opening
3Unq5JgL,white,kingside,,False,,80,Queen's Pawn
uTaXwvMT,white,kingside,,False,,65,Irregular Openings
VjHZdxPC,black,,queenside,False,,37,Queen's Pawn
K9041ZJA,black,,,False,,77,Irregular Openings
5ixTZOjC,white,,,False,,20,Queen's Pawn Game
yrRA1psv,white,,,False,,48,Queen's Pawn
KQp71nQe,black,,kingside,True,6,55,French Defense
kErtPHIY,black,,,False,,11,French Defense
pzOOy8Qg,white,kingside,,False,,127,Irregular Openings
yGmoIuYP,black,,kingside,False,,55,Slav Defense
X9v5Igqz,black,,kingside,False,,67,Slav Defense
fl7Pjk7E,black,,kingside,False,,55,Slav Defense
2BOKUXD5,black,,kingside,False,,93,Slav Defense
seIRQXSy,white,kingside,,False,,137,Irregular Openings
1THI5A4v,white,kingside,,False,,63,Irregular Openings
ltuQZ231,black,,,False,,56,French Defense
K01ZFfiU,black,,kingside,False,,124,English Opening
trsuXut8,black,,kingside,False,,71,Slav Defense
azfLCNZg,white,kingside,,False,,143,Irregular Openings
IQwdV7HC,white,kingside,,False,,84,Queen's Pawn Game
FzsaEGvY,black,,kingside,False,,86,English Opening
hWNYb8ek,black,,kingside,False,,95,Slav Defense
q4AClc4D,black,,kingside,False,,118,Slav Defense
3gWqlLCo,white,kingside,,False,,137,Irregular Openings
k7qxpOq2,white,kingside,,False,,65,Irregular Openings
QXUuWTiE,black,,kingside,False,,65,Uncommon King Pawn
kUl7jDEE,black,,kingside,False,,67,Slav Defense
7zUGGdsz,black,,kingside,False,,67,Slav Defense
5pHfCw0C,white,kingside,,False,,131,Irregular Openings
4CSNyFlB,black,,kingside,False,,110,Irregular Openings
FGHTl3pv,white,kingside,,False,,131,Irregular Openings
uM128zsR,white,kingside,,False,,131,Irregular Openings
0OLlvTyt,white,kingside,,False,,143,Irregular Openings
xOTefV5I,black,,,False,,101,French Defense
GtB8zUnS,black,,kingside,False,,84,Slav Defense
NRySnG2u,black,,,False,,50,French Defense
9fuP3ZAn,white,,,False,,133,Queen's Pawn Game
z1gwachj,white,kingside,,False,,65,Irregular Openings
tNQaP894,white,kingside,,False,,156,Irregular Openings
SbpEOv3i,black,,,False,,139,Irregular Openings
yJwxG3UM,black,,kingside,False,,52,Irregular Openings
Cqi9DFW0,black,,kingside,False,,108,English Opening
LMGC57HV,white,,,False,,118,Irregular Openings
R6TZUr6D,white,kingside,,False,,87,Irregular Openings
92lKVmFr,white,queenside,,False,,66,Irregular Openings
XMziZu95,white,kingside,,False,,63,Irregular Openings
g91mIxcJ,white,queenside,,False,,86,Irregular Openings
1NN20sCz,black,,,False,,79,Irregular Openings
X6PsHHBD,white,kingside,,False,,63,Irregular Openings
yWsKs2Cp,white,kingside,,False,,75,Irregular Openings
xiBCZBan,white,kingside,,False,,53,Irregular Openings
oC3L3Y8e,black,,,False,,36,French Defense
uQBuMCjc,white,kingside,,False,,152,Irregular Openings
z2qnpMsy,white,kingside,,False,,132,Irregular Openings
bnN1osoF,white,kingside,,False,,137,Irregular Openings
2yrZaMFQ,black,,,False,,87,Irregular Openings
YGBmXl3A,black,,,False,,99,Irregular Openings
QzccU5xk,black,,,False,,41,Irregular Openings
8IX4CMqg,white,,,False,,31,Queen's Pawn
afWiugKr,black,,,False,,149,Irregular Openings
HTmYoqPa,white,kingside,,False,,131,Irregular Openings
cnDoMzmB,white,kingside,,False,,56,Irregular Openings
QA6WyaSO,black,,,False,,95,Irregular Openings
v1D1VMC4,black,,kingside,False,,59,Slav Defense
Kf1HkzDo,black,,,False,,40,Irregular Openings
g0dBl9C3,white,kingside,,False,,143,Irregular Openings
0iOORwMW,white,kingside,,False,,70,Irregular Openings
OBfANifu,white,kingside,,False,,98,Irregular Openings
ADXLjpha,white,kingside,,False,,137,Irregular Openings
JdufhfFJ,black,,,False,,103,Irregular Openings
sJUqfgJO,white,kingside,,False,,127,Irregular Openings
KzHjUjSW,black,,,False,,100,Irregular Openings
0M3LIDdQ,black,,kingside,False,,66,English Opening
Oe6D5x3a,white,kingside,,False,,146,Irregular Openings
wHKXKb06,white,,,False,,2,Irregular Openings
0lFdav9S,black,,,False,,9,French Defense
mXL65hkq,black,,,False,,42,Irregular Openings
3NEQYq3j,white,kingside,,False,,86,Irregular Openings
zoaGJMWi,black,,,False,,86,Irregular Openings
eConIEmR,white,queenside,,False,,108,Irregular Openings
v11yp2pn,black,,kingside,False,,63,English Opening
0pQ5fetd,black,,kingside,False,,90,English Opening
9Pd7WB9A,black,,,False,,157,Irregular Openings
7Sv0rs9p,white,kingside,,False,,136,Irregular Openings
VmS9mEvg,black,,kingside,False,,111,English Opening
pxLjcIeP,white,queenside,,False,,102,Irregular Openings
V8nXx2G7,black,,kingside,False,,90,English Opening
T2DMrHcn,white,kingside,,False,,53,Irregular Openings
0qba0e0F,black,,,False,,66,Irregular Openings
pXoaIh3f,black,,kingside,False,,48,Irregular Openings
Ck78eKZc,white,,,False,,35,Irregular Openings
Y0b6QUwi,white,kingside,,False,,69,Irregular Openings
c4bG8pbU,black,,kingside,False,,89,French Defense
tT2XAQPb,white,kingside,,False,,180,Irregular Openings
Ash47woU,black,,kingside,False,,82,Slav Defense
n6g0BdcR,black,,kingside,False,,76,Irregular Openings
aOto6FIf,white,kingside,,False,,63,Irregular Openings
c3eN668E,white,kingside,,False,,82,Irregular Openings
2Ku9AEVZ,white,kingside,,False,,142,Irregular Openings
xM9iMHFn,black,,kingside,False,,138,Irregular Openings
4zb0gzDu,white,kingside,,False,,104,Irregular Openings
Atp1Z32c,black,,kingside,False,,54,French Defense
13nMUFO2,white,kingside,,False,,63,Irregular Openings
a5HwJ9ds,white,,,False,,6,Queen's Pawn Game
VQYr8chE,black,,,False,,26,Reti Opening
np9fJpIN,black,,,False,,43,Irregular Openings
cnkrzdpx,white,kingside,,False,,48,Irregular Openings
aJ4ILEvW,black,,,False,,21,Irregular Openings
WJ8fPciw,white,kingside,,False,,66,Irregular Openings
7KLCgCSA,white,kingside,,False,,95,Irregular Openings
baByBPCo,white,kingside,,False,,89,Irregular Openings
bQdybgB6,black,,,False,,72,Irregular Openings
KAMirJhF,white,kingside,,False,,143,Irregular Openings
ZHjUjjyG,black,,queenside,False,,65,French Defense
leyt9AOb,black,,,False,,75,Irregular Openings
KfW8kdaB,black,,queenside,False,,92,French Defense
msokHRRz,black,,,False,,63,Irregular Openings
A7meUDWa,white,kingside,,False,,60,Irregular Openings
h7FeJHNm,black,,kingside,False,,82,French Defense
FR9MXHOd,black,,,False,,56,French Defense
TWTwXeG4,white,kingside,,False,,53,Irregular Openings
hfu0xadm,white,kingside,,False,,93,Queen's Pawn Game
Rqw1IbIf,black,,,False,,42,French Defense
zop43K0x,black,,queenside,False,,121,English Opening
hJJjlfIa,black,,,False,,77,Irregular Openings
rrsodFmF,black,,,False,,59,French Defense
SyfeXPFX,white,kingside,,False,,113,Irregular Openings
4tdst7im,white,kingside,,False,,61,Irregular Openings
ZLb7ac3N,white,kingside,,False,,107,Irregular Openings
PgmThBVl,white,kingside,,False,,54,Queen's Pawn Game
Rlmq7Fs8,white,kingside,,False,,67,Irregular Openings
g1Svv55O,white,kingside,,False,,95,Irregular Openings
gNOCLav1,white,,,False,,63,Queen's Pawn Game
F4nTT1iK,white,,,False,,37,Irregular Openings
d7JLWkuQ,white,kingside,,False,,114,Irregular Openings
WwxCF9zy,white,kingside,,False,,114,Queen's Pawn
tnPxJxe3,black,,kingside,False,,110,French Defense
ogEJEuW5,black,,,False,,60,Irregular Openings
MHfBiUQq,white,queenside,,False,,90,Irregular Openings
J1z85Vuj,white,kingside,,False,,127,Irregular Openings
8pucBAC2,white,queenside,,False,,99,Irregular Openings
rP1NxNWu,white,queenside,,False,,85,Queen's Pawn Game
1EcN4Nsf,black,,,False,,75,Irregular Openings
JAYj7ZAP,white,kingside,,False,,76,Irregular Openings
TynPzm2J,black,,,False,,183,Irregular Openings
dUrb0U8x,white,queenside,,False,,85,Irregular Openings
O2neS1Ct,white,,,False,,94,Irregular Openings
OyNwtS2A,black,,,False,,129,Irregular Openings
4icJYRlj,black,,,False,,204,Irregular Openings
FTQNtM91,black,,kingside,True,8,208,French Defense
YC2W9MBT,black,,,False,,86,Irregular Openings
uQj6g8oJ,black,,,False,,26,Irregular Openings
jEYR9TJD,white,queenside,,False,,121,Irregular Openings
Okk5o5v8,white,,,False,,49,Queen's Pawn Game
qQTW98yM,white,queenside,,False,,185,Irregular Openings
4uIMcuxS,black,,,False,,66,Irregular Openings
7p06fVT9,white,queenside,,False,,76,Irregular Openings
ci0MZABW,black,,kingside,False,,111,Irregular Openings
uCAHdRp5,black,,,False,,136,Irregular Openings
w4b5ca0t,white,kingside,,False,,69,French Defense
xNIRLMIV,white,queenside,,False,,79,Trompowsky Attack
HciYPcZl,black,,,False,,36,Irregular Openings
S5lHSUAK,white,kingside,,False,,131,Irregular Openings
UttqxbR1,black,,,False,,5,French Defense
tWxE1bVZ,black,,,False,,30,Irregular Openings
fSLnP1xb,black,,,False,,90,French Defense
MBeXEC9I,black,,,False,,145,Irregular Openings
Bfj1SjCa,black,,,False,,211,Irregular Openings
EJRGVfy6,black,,kingside,True,12,124,French Defense
WgHkFrz3,black,,,False,,19,French Defense
eVyQq5VN,white,queenside,,False,,89,Queen's Pawn Game
OynzpsXL,black,,,False,,159,Irregular Openings
mORLjBTr,black,,,False,,249,Irregular Openings
n9Kv68yX,black,,,False,,177,Irregular Openings
0UnOmPEL,black,,,False,,92,Irregular Openings
KbsfauK0,white,kingside,,False,,115,Irregular Openings
iZd44dzo,white,queenside,,False,,49,Queen's Pawn Game
3ug0oSKD,black,,,False,,152,Irregular Openings
9cdbzXKm,white,queenside,,False,,173,Irregular Openings
hQkq9tIE,black,,kingside,True,15,260,French Defense
oLkI48FQ,white,,,False,,39,Queen's Pawn Game
ZRMGM4nv,black,,,False,,28,Irregular Openings
j2QxeOZb,black,,kingside,False,,45,Ruy Lopez
DH7iQ6JG,black,,,False,,166,Irregular Openings
nhD9kyS7,black,,kingside,False,,60,Uncommon King Pawn
Nwhed8aT,black,,,False,,92,Irregular Openings
6La7hyK6,black,kingside,kingside,True,23,177,Uncommon King Pawn
zdWJ8w9I,black,,,False,,112,Irregular Openings
wvILrPWp,black,,kingside,False,,31,King's Pawn Game
nKfrjCbI,white,,,False,,155,Irregular Openings
MuXCCpV5,black,kingside,kingside,True,12,246,French Defense
aQZLjeNW,black,,queenside,False,,48,Uncommon King Pawn
1hl0Hqa5,black,,kingside,False,,49,Indian Defenses
oTSVEYJH,black,,,False,,131,Irregular Openings
hX3mVIRb,white,,,False,,117,Reti Opening
aFTNSRhB,white,,,False,,123,Reti Opening
QuNkp5Yu,black,,,False,,124,Irregular Openings
GOLGtaFo,white,,,False,,54,Reti Opening
RQfDPRkL,white,,,False,,149,Reti Opening
LJbfxc9X,black,,kingside,False,,202,Irregular Openings
dWZwAZmH,black,,,False,,114,Irregular Openings
3QUgK7Es,black,,,False,,171,Irregular Openings
FSjpTJIk,white,,,False,,79,Trompowsky Attack
nVswt2g2,white,kingside,kingside,True,12,156,Irregular Openings
txIyo9VO,black,,kingside,False,,221,Uncommon King Pawn
NhKzB5wT,black,,,False,,163,Irregular Openings
aFJukuWL,black,,,False,,87,Irregular Openings
i3HefGnF,black,,kingside,True,10,111,Uncommon King Pawn
4wCMPDc4,black,,kingside,False,,148,Irregular Openings
1LElZHa4,black,,kingside,False,,165,Uncommon King Pawn
eVyiOnyq,black,,,False,,133,Irregular Openings
cr9xMbzM,black,,,False,,132,Irregular Openings
VimqoLcK,black,,queenside,False,,50,Uncommon King Pawn
NDLXoV5D,white,,,False,,73,Uncommon King Pawn
7KEM1KaD,white,,,False,,71,Irregular Openings
HCta5p6L,black,,kingside,False,,53,Indian Defenses
aSHPTE9r,black,,,False,,15,Uncommon King Pawn
fqUWHZpr,white,,,False,,37,Reti Opening
8QQce0es,black,,kingside,False,,71,Italian Game
7OBux7pr,white,,,False,,72,Queen's Gambit
BfzHl1DN,black,,,False,,18,Irregular Openings
8LhK9WRf,black,,queenside,False,,61,Queen's Gambit
SupqfIPY,black,,kingside,False,,84,King's Indian Defense
gTBfvptC,black,,kingside,False,,198,French Defense
ZkeTVsDb,white,,,False,,80,Queen's Pawn
NsjRMgAY,white,,,False,,55,Indian Defenses
wtRpUJfR,white,kingside,,False,,42,Queen's Gambit
x792R3Ai,black,,kingside,False,,49,French Defense
nnmO6n0f,black,,,False,,60,French Defense
5GRZJMuc,white,,,False,,130,Grunfeld Defense
OC3qvFQS,black,,,False,,152,Trompowsky Attack
2JW9BsHc,white,,,False,,91,Queen's Pawn
pHQEFJbP,black,,queenside,False,,108,Uncommon King Pawn
U6LKdtYG,white,,,False,,133,Queen's Gambit
uHSc3r3g,black,,,False,,77,Queen's Pawn Game
dAZC23pw,black,,kingside,False,,42,Uncommon King Pawn
LD4LyjQS,white,kingside,,False,,63,Queen's Gambit
NHxmrFrF,white,,,False,,53,Slav Defense
RXXEtba7,black,,kingside,False,,43,Queen's Pawn Game
OfH5aRD3,white,queenside,,False,,66,Queen's Gambit
JWozSCok,white,,,False,,53,Slav Defense
riWtyWb6,white,,,False,,36,Queen's Pawn
dYMQmEiJ,white,,,False,,120,Queen's Gambit
s8iwbMNr,white,,,False,,130,Queen's Gambit
bAIHxcLG,black,,kingside,False,,118,French Defense
g1Yw9sH8,black,,queenside,True,8,55,French Defense
uFgfa6af,black,,,False,,154,Queen's Pawn Game
4nFiXe7e,white,,,False,,51,Slav Defense
lNRSYLYi,black,,,False,,70,Queen's Gambit
mB0DHRtl,black,,kingside,False,,38,Trompowsky Attack
ErRySnqU,white,,,False,,36,Indian Defenses
YNupMnSy,black,,,False,,55,French Defense
srlIi51a,black,,,False,,121,Trompowsky Attack
V7p8CxHq,white,queenside,,False,,75,Queen's Gambit
pTO7UxEp,black,,,False,,96,Irregular Openings
RcrFJJIn,white,,,False,,92,Queen's Pawn
9noYlhfl,black,,,False,,35,Trompowsky Attack
okkdNRMg,black,,kingside,False,,59,Uncommon King Pawn
RlhpcRjG,white,,,False,,102,Queen's Pawn
ZbzziFJl,white,,,False,,104,Slav Defense
XbK1oAFe,white,,,False,,23,Queen's Pawn
DIisRpqU,white,,,False,,100,Queen's Gambit
8rGitLfR,black,,,False,,49,Trompowsky Attack
e9viHyxf,white,,,False,,16,Slav Defense
qkBNgQ8q,black,,,False,,86,Queen's Pawn Game
3cK54of0,white,kingside,,False,,58,Slav Defense
61Z6JI0I,white,,,False,,80,Queen's Pawn
H7l5D8wI,white,,,False,,71,Queen's Pawn
dP0WyGRf,white,,,False,,110,Queen's Pawn
QUB90vgk,white,kingside,,False,,58,Queen's Gambit
PN5NCcmb,black,,,False,,62,Queen's Pawn Game
05OSeyBO,white,,,False,,103,Queen's Gambit
oP7ckGPZ,white,kingside,,False,,88,Queen's Gambit
28zFX9Hc,white,,,False,,113,Queen's Gambit
ZYqTa7jM,white,,,False,,77,Queen's Gambit
rY1i0EXe,black,,,False,,57,Trompowsky Attack
6VtDM1ma,white,,,False,,178,Queen's Pawn
GGicOhKC,white,,,False,,54,Queen's Pawn
GRN3ps9K,white,,,False,,53,Slav Defense
5hFm7bCl,white,,,False,,92,Queen's Pawn
2kyMOmn6,black,,kingside,False,,56,Uncommon King Pawn
Gq1UrSrG,black,,queenside,False,,158,King's Indian Defense
Dw8jXag0,white,,,False,,115,Queen's Pawn
oXrFsxrq,black,,kingside,False,,77,French Defense
Jmz4JCQx,white,kingside,,False,,36,Queen's Pawn
frwkRTVO,black,,,False,,62,Queen's Pawn Game
hZDLL5gb,white,,,False,,53,Slav Defense
yCoZpA6l,black,,kingside,False,,141,Queen's Pawn Game
8KZo5JC6,black,,kingside,False,,155,French Defense
tzpAeg0H,black,,,False,,35,Trompowsky Attack
noAj5UtF,black,,kingside,False,,123,French Defense
ymL24s1J,white,,,False,,102,Queen's Pawn
AkwGnWta,black,,kingside,False,,56,Uncommon King Pawn
GVXwPfPK,white,,,False,,121,Queen's Pawn
GKUHqG7C,black,,kingside,False,,59,Reti Opening
72l3Dim9,white,,,False,,22,Queen's Pawn
VUPMpb6o,black,,queenside,False,,74,French Defense
N4NdoBZg,white,kingside,,False,,101,Queen's Gambit
OoqkTLlE,black,,,False,,61,Trompowsky Attack
aK1ctpuJ,black,,,False,,26,Reti Opening
lI6Q9oJI,white,,,False,,48,Slav Defense
SKzgg7uC,black,,kingside,False,,112,Trompowsky Attack
e7pocvtb,black,,,False,,21,Trompowsky Attack
8aaUtmhi,black,,,False,,8,Queen's Pawn Game
IZk3m7xv,black,,,False,,35,Trompowsky Attack
J21ILZyK,white,kingside,,False,,80,Queen's Gambit
8F0m6Y7r,black,,,False,,62,Queen's Pawn Game
07bma77g,black,,kingside,False,,77,Queen's Pawn Game
nyH5T58B,black,,queenside,False,,59,Uncommon King Pawn
n6ysqIbM,white,,,False,,115,Queen's Gambit
1c6KL5dU,white,,,False,,90,King's Indian Defense
IVAGVkat,black,,,False,,93,Queen's Pawn Game
B9YlD2yt,black,,kingside,False,,32,French Defense
kdkcJQjw,black,,kingside,False,,67,Queen's Pawn Game
HSJhLcdJ,black,,kingside,False,,107,French Defense
FB9uq3zf,white,kingside,,False,,94,Queen's Gambit
D30MWvfU,white,,,False,,87,Queen's Gambit
2Lm6DcAk,white,,,False,,37,Queen's Pawn
weqGr2Wb,black,,kingside,False,,65,French Defense
bjfEbBRe,white,kingside,,False,,70,Slav Defense
b9GFyUD7,black,,kingside,False,,42,French Defense
KC2v5ncZ,white,kingside,,False,,45,Queen's Gambit
vThpgMF9,black,,,False,,140,Irregular Openings
Ce5Peeu5,black,,,False,,68,Reti Opening
SOeo8GhJ,white,,,False,,56,King's Indian Defense
wz3QQT1I,black,,kingside,False,,100,French Defense
lFjfIo5r,white,kingside,,False,,87,Queen's Gambit
wZxs9Kbd,white,,,False,,80,Slav Defense
dQ1KDDRm,black,,,False,,73,French Defense
pcTz1o9t,white,queenside,,False,,85,Queen's Gambit
qEurEHtZ,black,,kingside,False,,86,French Defense
dEpwHOSt,white,kingside,,False,,70,Queen's Pawn
XpfdbDYi,black,,kingside,False,,50,King's Indian Defense
0XAej9Ac,black,,kingside,False,,50,French Defense
KICTgT3B,black,,,False,,104,Queen's Pawn Game
kQaVN2PO,white,queenside,,False,,45,Slav Defense
lcrAcTfD,white,queenside,kingside,True,10,69,Slav Defense
izx39UqR,black,,,False,,56,French Defense
Mm3vUymp,white,kingside,,False,,101,Slav Defense
QwYbspw7,black,,queenside,False,,93,Trompowsky Attack
o6ue0ZIW,white,,,False,,130,Queen's Gambit
9SZHQPT1,white,,,False,,61,Trompowsky Attack
zZu28Vbc,white,queenside,,False,,102,Queen's Pawn
qVA3fIUE,white,,,False,,40,Queen's Gambit
5KeWt8j7,black,,,False,,73,French Defense
MbZOdx87,white,kingside,,False,,131,Queen's Gambit
dhcrFNZY,black,,,False,,73,King's Indian Defense
43OZORLh,white,queenside,,False,,64,Indian Defenses
WvNrME6m,white,kingside,,False,,45,Queen's Pawn
ytirZL1b,white,,,False,,93,Queen's Pawn
gEpX1yg7,black,,,False,,49,Irregular Openings
NWgbNzvy,white,queenside,,False,,80,Queen's Pawn
DJ4nKubJ,black,,,False,,68,King's Indian Defense
nmmmkQci,black,,kingside,False,,153,Uncommon King Pawn
bhG82Fzi,white,,,False,,92,Grunfeld Defense
DU1jkSok,white,,,False,,97,Slav Defense
a2sMTavr,black,,,False,,67,English Opening
d9QY7T8C,black,,,False,,37,Irregular Openings
G56ltyqI,black,,kingside,False,,101,King's Indian Defense
6wKqquKy,white,queenside,,False,,74,Queen's Pawn
oCdrQqkb,white,,,False,,95,Queen's Gambit
5YD0JqWZ,black,,,False,,74,Queen's Pawn Game
WgcCscNm,black,,,False,,43,Queen's Pawn Game
wD0MAeWn,black,,,False,,95,Irregular Openings
xqMwfmen,black,,kingside,False,,82,King's Indian Defense
nBzvfx0d,black,,kingside,False,,51,French Defense
RM77aKt3,white,,,False,,57,Queen's Gambit
GPiFXeVB,white,,,False,,107,Slav Defense
VqqB9NIG,black,,,False,,52,French Defense
AU67nwNW,white,,,False,,78,Queen's Gambit
iEdwYlRP,white,,,False,,75,Nimzo-Indian Defense
Tph80sjt,white,queenside,,False,,147,Slav Defense
hiIlb4NJ,black,,kingside,False,,49,French Defense
nyxPmyyd,black,,kingside,False,,65,French Defense
g9kPkNGi,white,,,False,,92,Queen's Gambit
fkB3uk0S,white,queenside,,False,,76,Queen's Pawn
op6Iyfl5,white,,,False,,86,Queen's Gambit
3k2jEl0h,black,,,False,,104,Queen's Pawn Game
ZVJoVmn0,black,,,False,,86,Queen's Pawn Game
YcWpb2ba,black,,,False,,32,Irregular Openings
Cn3hyiJb,black,,,False,,28,French Defense
YnA4BNDA,black,,kingside,False,,110,French Defense
hXK1rmNr,white,,,False,,43,Queen's Gambit
8j1W6xKo,white,,,False,,96,Queen's Gambit
u8rTa55G,black,,,False,,114,French Defense
uDD2Uqpv,white,queenside,,False,,66,Dutch Defense
zkkzgPIe,black,,,False,,68,Uncommon King Pawn
2280sOY6,white,,,False,,114,Queen's Pawn
lPOJIDqh,white,,,False,,71,Queen's Pawn
9yzAvHRC,black,,,False,,35,Trompowsky Attack
0toYedP0,black,,,False,,62,Queen's Pawn Game
x086Gk2h,black,,kingside,False,,62,Trompowsky Attack
i6SPysLh,white,,,False,,100,Queen's Gambit
kkXTvPmZ,black,,,False,,9,King's Indian Defense
Ir1WzJXt,black,,kingside,False,,61,Trompowsky Attack
7HS3KSeH,black,,,False,,95,French Defense
ChtmqHHt,white,,,False,,73,Queen's Gambit
PqYcb1at,white,,,False,,84,Queen's Gambit
80kNDsCa,black,,queenside,False,,61,Trompowsky Attack
VJTeIrbX,white,queenside,,False,,118,Indian Defenses
k5kwL2Pc,black,,kingside,False,,41,King's Indian Defense
KwbcCewM,black,,,False,,83,English Opening
kuFy0Ape,black,,,False,,87,Queen's Pawn Game
Ma4T515e,white,kingside,,False,,82,Queen's Gambit
TyxyM3ew,black,,,False,,81,Queen's Pawn Game
4zXOWRJd,black,,,False,,80,French Defense
D1NOUN7w,white,,,False,,56,Indian Defenses
4JBJaCr0,black,,kingside,False,,113,Irregular Openings
9rCRUh2Z,black,,,False,,70,Uncommon King Pawn
lKj5alCq,black,,queenside,False,,89,King's Indian Defense
OpEoaqZS,white,,,False,,93,Slav Defense
bYZ2cLgr,black,,kingside,False,,100,French Defense
Jer5Ovdw,black,,kingside,False,,39,French Defense
VQKWS0pk,black,,kingside,False,,46,Queen's Gambit
4TqCEDV2,white,queenside,,False,,58,Queen's Gambit
icYO2g0r,white,,,False,,101,Queen's Pawn
dbYIBC4H,black,,kingside,False,,93,Uncommon King Pawn
oMS6YAah,white,,,False,,28,Queen's Pawn
8ThcOGQV,black,,queenside,False,,72,King's Pawn Game
kBLkcXRe,black,,,False,,78,Uncommon King Pawn
usopaHL7,black,,kingside,False,,39,French Defense
QI4Mu10F,black,,,False,,61,French Defense
c6s9r3FZ,white,,,False,,123,Slav Defense
XAbqJMhq,black,,kingside,False,,23,English Opening
X0QGJdUG,white,,,False,,77,Grunfeld Defense
rhdzhFKu,black,,,False,,73,Uncommon King Pawn
wFxk7OnT,black,,,False,,35,French Defense
neFW5ym2,white,queenside,,False,,61,Queen's Pawn
c5KAcFDS,white,,,False,,64,Queen's Gambit
RcwVMj3Y,white,,,False,,108,Slav Defense
lfbwDNis,white,queenside,,False,,129,Slav Defense
5jJP0jcz,black,,,False,,24,King's Indian Defense
fARRqsFp,white,,,False,,105,Queen's Gambit
hx2Rg2SO,black,,,False,,48,Queen's Pawn Game
hIzbtk9z,black,,kingside,False,,112,King's Indian Defense
Jeswvjlu,black,,,False,,78,Trompowsky Attack
3JVAgRgk,black,,kingside,False,,61,Queen's Pawn Game
gAb3n1X2,white,,,False,,52,Queen's Pawn
akXXc0Ru,black,,kingside,False,,64,English Opening
6oa9Gl2L,black,,kingside,False,,74,French Defense
viJGpEeT,black,,,False,,56,Irregular Openings
MZTOTe3R,black,,,False,,46,Irregular Openings
QpJhaOkB,black,,,False,,63,Irregular Openings
g5Sse6HC,black,,kingside,False,,108,French Defense
E8dGVFpg,white,,,False,,161,Slav Defense
BNaZ1V6J,black,,,False,,73,Irregular Openings
oy8Empc4,black,,,False,,78,Queen's Pawn Game
SSLH52mA,white,,,False,,48,Indian Defenses
GPtd0rvH,white,,,False,,94,Queen's Gambit
K3059xZS,white,kingside,,False,,105,Trompowsky Attack
xVeLmNrW,black,,kingside,False,,66,French Defense
wFmvQlEx,white,queenside,,False,,50,Queen's Gambit
q96RMaNn,black,,,False,,64,King's Indian Defense
9JMmxg6L,black,,,False,,77,Uncommon King Pawn
Izp2SziK,black,,kingside,False,,50,French Defense
4JdO12sH,black,,kingside,False,,71,Irregular Openings
ps1nh81F,black,,,False,,34,French Defense
I0wourGU,white,,,False,,116,Queen's Gambit
HF1rNcvP,black,,queenside,False,,32,Trompowsky Attack
Cs7f8gaY,white,queenside,,False,,112,Queen's Pawn
n7cm6Gc4,black,,kingside,False,,64,English Opening
xHbmjs4Z,white,queenside,queenside,True,10,295,Queen's Gambit
eMcnKLc8,white,,,False,,35,Queen's Gambit
7BNIaiAF,black,,,False,,33,French Defense
oGRxDQev,black,,,False,,38,Queen's Gambit
9O4seEIi,white,,,False,,21,Queen's Gambit
qTZGNWkH,black,kingside,queenside,True,11,216,French Defense
cJ4r0Z1k,white,queenside,,False,,50,Trompowsky Attack
NLlAr6qD,black,,kingside,False,,95,King's Indian Defense
kmqg5vCb,white,,,False,,25,Queen's Pawn
qApFrFfS,white,kingside,,False,,97,Queen's Gambit
UyAcEouX,black,,kingside,False,,33,French Defense
DOVbdlg2,black,,,False,,84,Irregular Openings
dYW6o8OB,white,,,False,,125,Queen's Gambit
wpDT1LTj,black,,queenside,False,,53,Uncommon King Pawn
KGEAJMMN,black,,,False,,49,Irregular Openings
HrQ19I1z,black,,queenside,False,,46,French Defense
u7rNXmYl,white,,,False,,48,Indian Defenses
smFOt4O3,black,,kingside,False,,93,Irregular Openings
CPOzIhdA,white,,,False,,67,Indian Defenses
aW91xNz4,white,,,False,,39,Slav Defense
PeLpeu6y,black,,kingside,False,,57,Uncommon King Pawn
nwXEki2I,black,,,False,,119,English Opening
dnAgyAOT,black,,,False,,91,Trompowsky Attack
2ues392O,black,,kingside,False,,81,Uncommon King Pawn
UlG5vWkH,white,kingside,,False,,67,Queen's Gambit
qQSvM927,white,,,False,,102,Queen's Pawn
K6UkAEo4,black,,,False,,43,Queen's Pawn Game
2mfeeKrm,black,,kingside,False,,96,Trompowsky Attack
GK3jUGz0,white,kingside,,False,,135,Slav Defense
dJFdFP1t,black,,,False,,97,Queen's Pawn Game
mNCSf2Kc,white,kingside,,False,,86,Queen's Gambit
F5B1A8hK,black,,,False,,82,Queen's Pawn Game
6eqpqnae,black,,kingside,False,,79,Queen's Pawn Game
YRB8L9hG,black,,,False,,109,Queen's Gambit
ozXQsZHF,black,,kingside,False,,72,French Defense
9Yzy208b,black,,,False,,52,Uncommon King Pawn
LgATdAt2,white,kingside,,False,,54,Queen's Gambit
0KERMrb1,white,,,False,,114,Grunfeld Defense
bS5tm9qP,white,kingside,,False,,111,Queen's Gambit
EYR5ITRE,black,,kingside,False,,120,French Defense
nERj8YTR,white,kingside,,False,,59,Queen's Gambit
ZXZ1T78X,white,queenside,,False,,60,Dutch Defense
F2x0JPfF,white,,,False,,101,Slav Defense
9EdYKu2g,white,,,False,,54,Queen's Pawn
Cq0MmLYQ,white,,,False,,72,Queen's Gambit
s0jgMFiD,white,queenside,,False,,108,Queen's Pawn
T7jGyRdd,white,,,False,,53,Slav Defense
uiucCdJh,white,,,False,,73,Queen's Gambit
Wd4RVeo8,black,queenside,kingside,True,11,270,Uncommon King Pawn
sLwLNeoi,black,,kingside,False,,82,Irregular Openings
GPY0KzQB,black,,kingside,False,,100,Queen's Pawn Game
ZJ0lHAuP,black,,kingside,False,,122,Irregular Openings
2JGQbItM,black,,kingside,False,,90,King's Indian Defense
GIhOkr29,black,,kingside,True,21,126,French Defense
iqQouPLm,black,kingside,kingside,True,10,189,French Defense
82qLOCBL,black,,kingside,False,,57,Trompowsky Attack
HfZiNHyp,white,kingside,,False,,92,Queen's Gambit
3jptLyzL,white,,,False,,116,Slav Defense
9JGWt5qi,white,kingside,,False,,65,Queen's Pawn
uklzZDOq,white,,,False,,9,Slav Defense
RtqHMjiN,black,,,False,,8,French Defense
91SKss93,white,kingside,,False,,88,Queen's Gambit
P3JeEYZp,black,,,False,,29,English Opening
B22RP0XE,black,,queenside,False,,76,Queen's Gambit
CG8K0EFy,white,,,False,,67,Slav Defense
keEXLrtc,white,queenside,,False,,104,Queen's Pawn
LQCjdBDz,black,,kingside,False,,146,King's Indian Defense
4Opq3ExD,black,,,False,,99,French Defense
POsyRMsc,white,,,False,,64,Slav Defense
gKj4hhBW,white,,,False,,48,Queen's Pawn
FgUSbDdG,white,,,False,,57,Indian Defenses
cewMqCVV,white,kingside,,False,,66,Queen's Gambit
xXwWFDsD,white,kingside,,False,,67,King's Indian Defense
ek2QLnBb,white,,,False,,108,Queen's Gambit
XGYZidrC,white,,,False,,87,Queen's Gambit
53s3OIk4,black,,kingside,False,,93,Trompowsky Attack
N3CGcw6c,white,,,False,,108,Dutch Defense
f188y1Eg,black,,kingside,False,,103,Trompowsky Attack
NEmBO3VA,black,,,False,,38,French Defense
1cTJrAix,black,,kingside,False,,95,Queen's Pawn Game
xehbos8R,black,,,False,,61,Trompowsky Attack
XsGeYRnI,white,,,False,,55,Queen's Gambit
FAWG6V1I,white,,,False,,118,Queen's Gambit
013kbUkk,white,queenside,,False,,87,Queen's Pawn
bq0XIS5q,white,,,False,,158,Indian Defenses
lVRoYVgj,white,queenside,,False,,76,Slav Defense
yS7au8BD,white,,,False,,63,Queen's Gambit
765p5lk8,black,,queenside,False,,38,French Defense
eLh5C8nD,white,queenside,,False,,79,Queen's Pawn
fDXp2GJY,black,,,False,,52,Irregular Openings
kPwiygYg,black,,,False,,66,English Opening
6JmUKjnd,white,kingside,,False,,78,Queen's Pawn
Xiz4FTUo,white,,,False,,74,Queen's Pawn
EETnpsFY,white,,,False,,81,Queen's Pawn
4v6bF1I4,black,,queenside,False,,43,French Defense
IJ0wBp1E,black,,kingside,True,8,166,Uncommon King Pawn
zfxg2H2t,white,queenside,,False,,72,Queen's Pawn
Bdclsamp,white,,,False,,78,Queen's Pawn
mPlmOVEM,white,kingside,,False,,92,Queen's Pawn
qJWXjxCU,white,,,False,,124,Queen's Pawn
uge5y2Th,black,,kingside,False,,59,French Defense
S9V4BWcY,black,,kingside,False,,54,Irregular Openings
QjyQDePY,white,kingside,,False,,118,Queen's Gambit
UGm255NN,white,,,False,,106,Queen's Gambit
HbRCNmcb,white,,,False,,68,Queen's Pawn
74xpZ07N,white,kingside,,False,,123,Slav Defense
vVRhLhjp,black,,,False,,89,French Defense
p9piPjpn,white,,,False,,11,Queen's Pawn
LrE370Bg,black,,,False,,7,King's Indian Defense
gM8kw82k,black,,queenside,False,,44,French Defense
M6dOjtQl,white,,,False,,82,Queen's Pawn
B0G3lOID,white,,,False,,105,Queen's Gambit
iksDwFhr,white,kingside,kingside,True,11,211,Queen's Gambit
LvL4FyGy,black,,,False,,104,Queen's Pawn Game
2ERlXG5B,white,kingside,,False,,72,Queen's Gambit
AFdRVT0R,white,,,False,,11,Queen's Pawn
YT9Wx3lQ,black,,,False,,78,Queen's Pawn Game
2NZ0NBtw,white,,,False,,111,Queen's Pawn
gRa7lYsG,white,,,False,,45,Slav Defense
tNnMIR4f,white,,,False,,84,Queen's Pawn
GZZyhYHM,white,,,False,,142,Queen's Pawn
e9ZphVkL,black,,kingside,False,,64,Irregular Openings
HEN3ASiy,white,,,False,,51,Slav Defense
MAByRSPi,black,,kingside,False,,87,Queen's Pawn Game
j88FnlOa,black,,,False,,37,English Opening
BYXRRpst,white,,,False,,59,King's Indian Defense
Hrywwa9D,white,kingside,,False,,45,Grunfeld Defense
JkIyg2jx,black,,queenside,False,,48,French Defense
3JLbkBNn,black,,,False,,63,Irregular Openings
wvvCPKiK,black,,,False,,74,French Defense
1OO34vkB,black,,,False,,37,English Opening
Hzq47NRU,white,kingside,,False,,73,Queen's Pawn
vn5Gjqcn,white,kingside,queenside,False,,103,Queen's Gambit
N6m6lBFw,black,,,False,,108,Queen's Pawn Game
s17uWsUN,white,,,False,,139,Slav Defense
nEOZoTn0,white,queenside,,False,,106,Queen's Pawn
dcciHS22,black,,,False,,86,Queen's Pawn Game
Oixme4La,black,,kingside,False,,66,Queen's Gambit
16SBwL2V,white,,,False,,34,Queen's Gambit
PlH2owAm,white,,,False,,15,Queen's Pawn
7hTVsk4l,black,,,False,,140,French Defense
JvnhggQo,black,,kingside,False,,64,English Opening
lzrVvqax,black,,queenside,False,,49,King's Indian Defense
MTJ6jNCM,black,,queenside,False,,106,King's Indian Defense
A0G2K42s,white,,,False,,29,Queen's Gambit
QM1bbpw8,white,queenside,,False,,85,Queen's Pawn
bDY2Qrdi,white,queenside,,False,,79,Queen's Gambit
8mniMCVs,white,,,False,,97,Queen's Gambit
OtDHFf4t,black,,kingside,False,,101,Queen's Pawn Game
zdZOQHaw,white,,,False,,15,Queen's Pawn
mhNX9Sjq,white,,,False,,69,Slav Defense
Q2pQpN7g,white,,,False,,101,Queen's Pawn
WNzuNwzw,white,kingside,,True,25,103,Queen's Gambit
hqSvdIXe,white,,,False,,76,Queen's Gambit
OeP3yr2k,black,,queenside,False,,94,Trompowsky Attack
eatxJZu8,black,,kingside,False,,61,Queen's Pawn Game
shhhTeF8,white,queenside,kingside,False,,82,Queen's Pawn
tjZ6aK4F,black,,kingside,False,,40,Uncommon King Pawn
T70ghf6i,black,,kingside,False,,98,King's Indian Defense
KuMxxeKH,white,,,False,,45,Slav Defense
p04qH0vz,black,,kingside,False,,114,King's Indian Defense
cBOsQpIN,white,,,False,,121,Slav Defense
1PZyqK9j,white,,,False,,31,Slav Defense
Mrk5BhwV,white,kingside,,False,,54,Queen's Gambit
8hKoF0Mv,black,,queenside,False,,61,French Defense
BvecXg5P,white,,,False,,122,Queen's Pawn
jgXbNM7b,white,kingside,,True,22,262,Queen's Gambit
0HCyNOXK,white,kingside,,False,,87,Trompowsky Attack
hmwMsO2y,white,,,False,,26,Indian Defenses
WhR5Pr1k,white,,,False,,126,Slav Defense
XmSTY0Ob,white,,,False,,98,Queen's Gambit
wGb9ctzm,black,,kingside,False,,58,King's Indian Defense
Q6JOD9fl,black,,kingside,False,,48,French Defense
5VHlis9z,white,,,False,,48,Indian Defenses
ADp45SXq,black,queenside,kingside,True,20,250,Irregular Openings
hdgiDTm7,white,kingside,,False,,66,Slav Defense
zNnZcHJE,black,,queenside,False,,107,French Defense
QMtOyHyK,white,,,False,,82,Queen's Pawn
VF6pnIFN,white,queenside,,False,,75,Trompowsky Attack
6t2UZLji,black,,kingside,False,,85,King's Indian Defense
YEBk22x3,white,,,False,,26,Queen's Pawn
z8lm39Yr,white,,,False,,117,Trompowsky Attack
J3jFGBlP,black,,kingside,False,,83,Irregular Openings
sBXUf4FG,black,,,False,,64,Irregular Openings
OX8FbOhc,black,,queenside,False,,60,French Defense
O5pJLbiR,white,,,False,,66,Queen's Gambit
5cv3QA9f,black,,,False,,49,Irregular Openings
eDadC38Y,white,queenside,,False,,65,Queen's Pawn
qAoADsX1,white,kingside,,False,,75,Queen's Pawn
XddvFPQX,black,,kingside,False,,52,French Defense
eoVpMTYi,white,,,False,,105,Queen's Gambit
8X4fzHV1,white,kingside,,False,,66,Queen's Gambit
7TCzJ1IC,black,,,False,,98,Queen's Pawn Game
W6Wp7lzV,black,,kingside,False,,25,Irregular Openings
6kq88uhQ,white,,,False,,51,Queen's Pawn
AF02QQjg,black,,,False,,48,Queen's Pawn Game
gQs5wsNb,black,,,False,,47,Irregular Openings
tmo2AmcI,white,kingside,,False,,63,Dutch Defense
nDuIpdgS,black,,,False,,22,French Defense
kjZ1xPL1,white,kingside,,False,,71,Dutch Defense
P9PErPJ2,black,,,False,,68,Uncommon King Pawn
mU3TuneR,white,queenside,,False,,62,Queen's Pawn
G0Mr6foq,black,,kingside,False,,65,French Defense
PzYYhBgQ,black,,kingside,False,,92,Reti Opening
U0infqeK,black,,,False,,67,Queen's Pawn Game
aTuD1yXY,white,kingside,,False,,104,Trompowsky Attack
E0IcZfgt,black,,kingside,False,,199,Trompowsky Attack
MOCv2DsP,black,,kingside,False,,104,Irregular Openings
bH0egiy3,white,,,False,,89,Slav Defense
H7t8gWZL,white,kingside,,False,,135,Slav Defense
f71hu66u,white,kingside,,False,,62,Queen's Gambit
0vWTopWP,white,,,False,,88,Queen's Pawn
PHID6XDX,black,,kingside,False,,62,Queen's Pawn Game
uzJ3RGod,white,,,False,,146,Queen's Gambit
NcXPHEIy,white,,,False,,119,Slav Defense
ZyrDOUjQ,black,,,False,,81,French Defense
iDD8899P,white,,,False,,57,Slav Defense
IISqCNT6,black,,kingside,False,,92,Irregular Openings
eu59jhTF,white,kingside,,False,,82,Queen's Pawn
WZS7pgnj,white,,,False,,50,Queen's Pawn
ZE7HXWfW,white,queenside,kingside,True,10,259,Queen's Gambit
JzY7bH7K,black,,kingside,False,,49,French Defense
9npJWieW,white,,,False,,113,Queen's Pawn
fQl8LskR,white,,,False,,94,Queen's Pawn
jhtWwmax,white,queenside,,False,,96,Queen's Pawn
xKNgR85R,white,,,False,,75,Queen's Gambit
FLX4nQIg,black,,kingside,False,,64,English Opening
dyAIKghF,white,,,False,,70,Queen's Pawn
2K5H491h,white,,,False,,19,Queen's Gambit
HYTPdBQc,black,,,False,,157,Irregular Openings
jtMUJlz2,black,,kingside,False,,64,English Opening
777osYOa,black,,,False,,110,French Defense
txBXuv6M,white,,,False,,31,Queen's Pawn
y1ACmpXS,black,,kingside,False,,43,French Defense
0bzEglId,black,,,False,,24,French Defense
cuJcGkpa,white,kingside,,False,,56,Indian Defenses
tL0NVlVe,white,,,False,,31,Queen's Pawn
6xYDrlTl,white,,,False,,65,King's Indian Defense
lih7UsZN,black,,,False,,142,Queen's Gambit
LW0GQAiK,white,kingside,,False,,77,Trompowsky Attack
aZlGvhPX,black,,,False,,114,French Defense
m0EKuOTU,white,kingside,,True,6,118,Queen's Gambit
wv8PGw4S,white,,,False,,74,Dutch Defense
2hKukUPR,black,,kingside,False,,76,King's Indian Defense
Eu5Xpxtl,black,,kingside,False,,71,Irregular Openings
mWKMdbfB,black,,,False,,54,French Defense
Gq5D0Snk,white,,,False,,148,Queen's Pawn
V1cabfRD,black,,,False,,76,Irregular Openings
S7I30W0U,black,,kingside,False,,187,King's Indian Defense
IKtm746Z,black,,kingside,False,,154,King's Indian Defense
elgL9HnP,black,,kingside,False,,99,Irregular Openings
krc7eE3r,white,,,False,,19,Queen's Gambit
7GHcgLjR,black,,kingside,False,,120,French Defense
ACFMuKi3,black,,queenside,False,,88,French Defense
Tzb9lsLa,white,,,False,,57,Queen's Gambit
aNJhyF6c,black,,kingside,False,,29,French Defense
1BNqRePR,white,queenside,,False,,49,Nimzo-Indian Defense
Bw6yRRpa,black,,kingside,False,,49,French Defense
4aEr7vtg,white,,,False,,48,Queen's Pawn
TNxrEgYj,white,,,False,,31,Queen's Pawn
RMOdZgRF,black,,kingside,False,,136,French Defense
5DyRBIrJ,black,,,False,,114,French Defense
rpIAkG1s,black,,kingside,False,,103,Irregular Openings
BTjcsGLU,black,,,False,,8,English Opening
8wvBKcvg,black,,,False,,42,French Defense
RvcLikPs,black,kingside,kingside,False,,310,Reti Opening
HwFXAj4H,black,,kingside,False,,57,Queen's Pawn Game
Chbhdnpe,black,,queenside,False,,51,Queen's Gambit
ZEVSIYes,white,,,False,,14,Queen's Gambit
VJ4p2ZZZ,black,,,False,,112,Queen's Pawn Game
fqozO8vv,black,,,False,,122,Trompowsky Attack
Bn3nHZQq,white,kingside,,False,,69,King's Indian Defense
Axaoo7IZ,white,,,False,,59,Slav Defense
rrfY9GCI,white,kingside,,False,,148,Queen's Gambit
dlnVfsys,black,,kingside,False,,42,King's Indian Defense
jJVcphp4,black,,kingside,False,,90,King's Indian Defense
kr92SxnR,black,,,False,,21,Trompowsky Attack
UeqNHAVm,black,,kingside,False,,65,King's Indian Defense
k3U5VQcl,white,,,False,,105,Queen's Gambit
k6fslvRT,white,,,False,,46,Indian Defenses
ykptVaDe,black,,kingside,False,,62,King's Indian Defense
gFdf5FkI,black,,,False,,94,Irregular Openings
NaruuJd7,black,,,False,,53,English Opening
jIkPorQ4,black,,kingside,False,,23,French Defense
EPW432Cq,white,,,False,,63,Queen's Pawn
6YJXsTI7,black,,,False,,112,Queen's Pawn Game
OjJuuPqF,black,,kingside,False,,52,Uncommon King Pawn
cWfmGpRV,black,,,False,,33,Irregular Openings
tPCmk9cv,black,,,False,,65,French Defense
A0ECfKqD,white,,,False,,86,Queen's Pawn
kOgM6nz8,black,,kingside,False,,57,Queen's Pawn Game
eobVHdJ6,white,,,False,,72,Queen's Pawn
725FAiIc,white,kingside,,False,,73,Slav Defense
scFyamVj,white,kingside,,False,,74,Queen's Gambit
DpkOIksA,black,,,False,,62,Queen's Pawn Game
Ur5i21A8,white,kingside,,False,,58,King's Indian Defense
GSPhf6eu,white,,,False,,34,Slav Defense
ZrrxpxbQ,white,kingside,,False,,69,Nimzo-Indian Defense
4qooeJXS,white,,,False,,50,Queen's Gambit
pKDtMVgj,white,,,False,,102,Queen's Pawn
82gBTIfG,black,,kingside,False,,118,King's Indian Defense
LRdZEHnS,white,,,False,,105,Queen's Gambit
67ufPNH1,black,,,False,,133,Irregular Openings
8yUF0Oda,black,,,False,,84,Queen's Pawn Game
A20FOVXZ,white,kingside,,False,,88,Queen's Gambit
3aVkX7td,white,,,False,,91,Queen's Pawn
5TCTRAZn,black,,,False,,95,Trompowsky Attack
tN9WFU6C,black,,kingside,False,,69,Irregular Openings
nDevTIW0,white,,,False,,133,Queen's Gambit
h5F5boJ4,white,,,False,,89,Queen's Gambit
7yf5HedB,black,,queenside,False,,86,Trompowsky Attack
Mirru79J,black,,,False,,55,Irregular Openings
LdTpAvue,black,,kingside,False,,78,French Defense
O698VtSF,white,kingside,,False,,87,Queen's Gambit
1Wx2VhPQ,white,,,False,,55,Queen's Gambit
hLAgxg5k,black,queenside,kingside,True,9,172,Queen's Pawn Game
bYPWFJVd,black,,,False,,64,Uncommon King Pawn
zuR63S4B,black,,,False,,48,Irregular Openings
SwZn9tqI,white,,,False,,64,Slav Defense
3LS4JnWq,black,,,False,,88,Reti Opening
OWGm4eAT,white,kingside,,False,,72,Queen's Gambit
Mq6ao0lu,black,,,False,,74,Queen's Pawn Game
HAQoDN5N,black,,kingside,False,,95,French Defense
kMHqdYXv,white,,,False,,105,Queen's Gambit
wxUxSPuh,black,,,False,,105,Queen's Pawn Game
noPVjjuu,white,,,False,,105,Queen's Gambit
7drn0Giv,black,,,False,,84,Queen's Pawn Game
raRiQpXK,white,,,False,,64,Indian Defenses
PdbRASME,black,,,False,,78,French Defense
nh1cW0aH,white,,,False,,60,Queen's Gambit
kdDRAJ4Z,white,queenside,,False,,98,Slav Defense
0PvEm2wa,white,,,False,,99,Queen's Pawn
zPOvjxgg,black,,queenside,False,,109,King's Indian Defense
NSFepSAn,black,,kingside,False,,49,French Defense
tF1FSPXj,black,,queenside,False,,66,French Defense
O1Tc8su2,black,,kingside,False,,34,Irregular Openings
AYTSWJ2y,white,kingside,,False,,74,Slav Defense
Wyd33KfR,black,,kingside,False,,86,French Defense
8cWadnvg,white,,,False,,126,Queen's Gambit
E6XmvSKm,black,,kingside,False,,44,French Defense
Publ5A32,black,,,False,,104,Queen's Pawn Game
4VtT4O5i,black,,,False,,62,English Opening
vFMw1gxJ,white,,,False,,105,Queen's Gambit
QNPXjHlC,black,,,False,,104,Queen's Pawn Game
muK4JaOT,black,,kingside,False,,48,French Defense
9JfwirtE,white,,,False,,63,Queen's Pawn
bYMIqecL,black,,,False,,100,Uncommon King Pawn
1Gwg8pAM,white,,,False,,95,Queen's Pawn
ShDYnrPK,white,,,False,,78,Queen's Gambit
Iul5SE1q,white,,,False,,142,Queen's Gambit
BpM4PWZA,black,,kingside,False,,90,French Defense
vuF3UUzC,white,queenside,,False,,30,Queen's Pawn
Iv4AFMRi,black,,,False,,120,French Defense
54yV56gp,white,,,False,,101,Grunfeld Defense
waFXKPYU,white,kingside,,False,,120,Queen's Pawn
BKpswXLt,white,,,False,,18,Queen's Pawn
rnzFZdnI,white,kingside,,False,,51,Queen's Pawn
jDwpsos3,white,,,False,,45,Queen's Gambit
Y1Ey94LU,white,,,False,,51,Queen's Pawn
7EwNZ3zY,white,kingside,,False,,36,Slav Defense
AYjSPNj6,white,,,False,,43,Slav Defense
xVvlWpGP,black,,queenside,False,,83,English Opening
9PPeL7aE,white,,,False,,60,Queen's Gambit
zE5rj0ef,black,,kingside,False,,48,King's Indian Defense
A8vTRbv3,black,,,False,,84,Irregular Openings
A25Jn97i,white,,,False,,101,Slav Defense
Yi590ubq,white,queenside,,False,,114,Queen's Pawn
t4hYhaZN,black,,kingside,False,,68,French Defense
DdMDIqmK,white,kingside,,False,,121,Queen's Gambit
7FS1FNOa,white,queenside,,False,,63,Queen's Pawn
LD1U8cbd,black,,queenside,False,,91,French Defense
jkzYsGYt,black,,kingside,False,,61,Queen's Pawn Game
cKKjpNbw,black,,,False,,33,Queen's Gambit
nWyxkP4i,white,kingside,,False,,121,Dutch Defense
6NGIPN20,black,,kingside,False,,49,French Defense
pyB5UCDS,black,,,False,,34,French Defense
i6jSAE7f,white,,,False,,35,Queen's Pawn
QD1AOxXs,black,,kingside,False,,85,French Defense
zEDamBFY,black,,kingside,False,,64,English Opening
CQBVrRDh,black,,kingside,False,,35,English Opening
0h5o3ADK,black,,,False,,47,Queen's Gambit
0aCbufwB,black,,kingside,False,,59,French Defense
JhnWBIZK,white,,,False,,105,Queen's Gambit
8upcp3NZ,black,,kingside,False,,83,Trompowsky Attack
OEYh9Lxa,black,,,False,,9,English Opening
MuxZVaOg,white,,,False,,82,Queen's Pawn
l45ifHsI,white,kingside,,False,,72,Queen's Gambit
JrnwxKmE,black,,,False,,62,Queen's Pawn Game
ZpZeMyLn,white,queenside,,False,,79,Queen's Pawn
z9xzJ5gg,black,,kingside,False,,59,French Defense
8IihlYAK,black,,kingside,False,,59,French Defense
v3Hhy2iU,white,kingside,,False,,47,Queen's Pawn
UmvENODw,black,,kingside,False,,100,French Defense
zPSVDW4Y,black,,kingside,False,,34,French Defense
y8B9WFUA,black,,,False,,17,Reti Opening
T4Xa4JkE,black,,queenside,False,,33,Irregular Openings
34o6s8sF,black,,kingside,False,,84,English Opening
dEIqwOGe,white,queenside,,False,,38,Queen's Pawn
Egm5HDMg,black,,,False,,39,Irregular Openings
WAEMBuNN,white,kingside,,False,,80,Queen's Gambit
FDRa76FU,black,,,False,,59,French Defense
nS0eO8Pi,white,,,False,,81,Slav Defense
kc2Edes1,black,,kingside,False,,105,French Defense
NOM5tKYy,black,,,False,,38,Uncommon King Pawn
8TuxGs4n,white,queenside,,False,,50,Queen's Gambit
sTBAieTB,black,,kingside,False,,106,King's Pawn Game
H9stiPaX,black,,kingside,False,,94,Reti Opening
mfTUsnPR,black,,queenside,False,,47,Queen's Pawn Game
NBWwNr4k,black,,,False,,67,Irregular Openings
OHW3TMKp,white,,,False,,96,Queen's Pawn
GZkSYQxU,black,,queenside,False,,51,French Defense
PlN0bCxc,black,,kingside,False,,95,Uncommon King Pawn
GTElIV7q,black,,queenside,False,,114,King's Pawn Game
Ak8SlmKK,black,,kingside,False,,102,Irregular Openings
SGRLHI0Y,white,kingside,,False,,37,Queen's Pawn
Rn0r1t5N,black,,queenside,False,,47,Trompowsky Attack
2X9mv8lk,white,kingside,,False,,103,King's Indian Defense
8JJnJnIS,white,,,False,,100,Queen's Gambit
1VKbm4cV,white,,,False,,73,Queen's Pawn
uieg7pgs,black,,kingside,False,,48,King's Indian Defense
YFEei9Jb,white,,,False,,63,Queen's Gambit
GBeTWL4E,white,,,False,,67,Queen's Pawn
ouZNCdrT,white,,,False,,96,Slav Defense
Fk5tX9y1,black,,,False,,53,Irregular Openings
WPYSa348,white,,,False,,86,Queen's Pawn
kKvHIabB,white,kingside,,False,,69,King's Indian Defense
Gig7NB8N,white,queenside,,False,,55,Queen's Pawn
xBDDIhp5,white,kingside,,False,,128,Queen's Pawn
v84p8HG5,white,,,False,,83,King's Indian Defense
ai8M9DCR,black,,kingside,False,,120,King's Indian Defense
AacFUWWK,black,,kingside,False,,155,French Defense
I8wTrF3V,black,,kingside,False,,96,French Defense
LqojYiKC,black,,,False,,80,Irregular Openings
DD5DoAFD,black,,kingside,False,,63,French Defense
ECJHOMKV,white,queenside,,False,,66,Queen's Pawn
v9U2DY0V,white,kingside,,False,,58,Slav Defense
mAJeyCth,white,,,False,,18,Queen's Pawn
ohpteI7q,white,,,False,,91,Slav Defense
fzlD3NqP,black,,,False,,65,Reti Opening
dlkBY7dk,black,,kingside,False,,77,Irregular Openings
Bz27hUR5,black,,,False,,45,French Defense
upZFgXpM,black,,kingside,False,,149,Uncommon King Pawn
lIdL56iU,black,,kingside,False,,52,Irregular Openings
v1BhNnL9,black,,kingside,False,,95,French Defense
40nJDqj9,black,,,False,,112,Irregular Openings
CJQNAoH1,white,,,False,,57,Slav Defense
9wYRMTS6,black,,kingside,False,,90,French Defense
TPd0xq87,black,,kingside,False,,75,Uncommon King Pawn
mTvnHrW9,white,,,False,,74,Slav Defense
h1UsNB5N,black,,,False,,32,Trompowsky Attack
K1UvfkKZ,black,,kingside,False,,68,Irregular Openings
ktlf6xw3,white,,,False,,108,Queen's Pawn
cerCdrEu,white,queenside,,False,,116,Indian Defenses
LZiP6uaF,black,,,False,,65,Reti Opening
wxTUljZ0,white,kingside,,False,,64,Slav Defense
ONqZ5rpb,black,,queenside,False,,43,French Defense
zh0oJDsQ,white,kingside,,False,,87,Queen's Pawn
iMxyfhCK,black,,kingside,False,,65,English Opening
1mt2IC4C,white,,,False,,82,Queen's Gambit
eLc0FZge,black,,kingside,False,,116,French Defense
enCRGt8g,black,,kingside,False,,89,Trompowsky Attack
UFmoKKYz,white,,,False,,94,Queen's Pawn
RfYO69Tj,black,,kingside,False,,45,King's Indian Defense
gbcKn4iU,white,,,False,,98,Queen's Gambit
wgphlpKL,black,,,False,,84,French Defense
lQ5MwxQo,white,,,False,,157,Slav Defense
PMye2lIi,white,queenside,,False,,124,Queen's Pawn
9ai9RDV8,white,,,False,,184,Grunfeld Defense
3KN1b8ys,white,queenside,,False,,76,Queen's Pawn
tWvGQcnX,black,,kingside,False,,65,Uncommon King Pawn
AcdpKABp,black,,queenside,False,,89,Uncommon King Pawn
8JjswN7F,black,,kingside,False,,59,French Defense
GYQfuFNg,black,,,False,,91,Uncommon King Pawn
VJcOkyFH,black,,kingside,False,,105,Irregular Openings
PbOiZs3H,white,,,False,,65,Indian Defenses
tQeDXGZB,black,,,False,,26,French Defense
xnMtQu3q,white,queenside,,False,,38,Queen's Pawn
WdXMWR8m,black,,,False,,59,Irregular Openings
jkDRN3CP,black,,kingside,False,,65,Irregular Openings
jG2v8UGT,black,,queenside,False,,64,French Defense
qI08dKOj,white,,,False,,64,Slav Defense
znz6Eas9,white,,,False,,48,Indian Defenses
nP3oQ6N0,black,,,False,,25,Reti Opening
pLaRiX81,black,,kingside,False,,26,French Defense
RhycOb11,black,,kingside,False,,64,English Opening
m30QeMJM,black,,,False,,105,Irregular Openings
TgqxHDPi,white,,,False,,105,Queen's Gambit
ARBMyoFU,black,,,False,,58,Queen's Pawn Game
C43QBJXI,white,kingside,,False,,70,King's Indian Defense
xi3gFumD,white,,,False,,39,Slav Defense
WhL0BTXq,white,,,False,,51,Dutch Defense
YYyJmiMj,white,,,False,,47,Slav Defense
JU8fmFg2,black,,,False,,90,Queen's Gambit
jDlHO4Gj,black,,,False,,52,Reti Opening
veONQjPI,black,,,False,,113,Queen's Pawn Game
sMdbrZzE,white,,,False,,49,Dutch Defense
aJHqHhKJ,black,,,False,,38,King's Indian Defense
Fr52XAEW,black,,queenside,False,,63,French Defense
zZP8y2EZ,white,kingside,,False,,57,Trompowsky Attack
TVLiwTN8,black,,queenside,False,,31,King's Indian Defense
5OlWcFEx,black,,,False,,42,French Defense
qaIFGC4W,black,,queenside,False,,40,French Defense
MwZvp0bF,black,,,False,,100,Uncommon King Pawn
WCrnsXXT,black,,kingside,False,,55,Trompowsky Attack
GMBTYfzP,white,kingside,,False,,90,Queen's Pawn
KqqQy09r,white,,,False,,57,Queen's Pawn
kOZp7pQP,black,,,False,,55,Irregular Openings
SPBYRB04,white,,,False,,15,Slav Defense
GJB4Bc8y,black,,,False,,98,Trompowsky Attack
M2wVjm6b,white,kingside,,False,,51,Queen's Gambit
Xa7Q3F70,black,,,False,,129,French Defense
wUkuntiI,black,,kingside,False,,68,King's Indian Defense
BLXGroTK,white,,,False,,35,Queen's Gambit
ArKkxAlT,black,,kingside,False,,51,French Defense
UMimrB7E,white,,,False,,112,Queen's Pawn
Y5ELnubz,black,,,False,,56,French Defense
iD8IXEYR,black,,kingside,False,,58,French Defense
lO2v2baf,black,,,False,,39,English Opening
El6jxdWv,black,,queenside,False,,112,French Defense
KAfH2R9Q,black,,kingside,False,,98,King's Indian Defense
V3VxKNjA,white,kingside,,False,,78,Queen's Pawn
O1SoWB4k,white,,,False,,42,Queen's Pawn
AZuWyxIl,black,,queenside,False,,58,French Defense
u6s20QWS,black,,,False,,196,King's Indian Defense
RS1ru6dI,black,,kingside,False,,129,Uncommon King Pawn
5ctL1Zeo,white,kingside,,False,,51,Queen's Pawn
hY85251D,black,,queenside,False,,75,Reti Opening
tE7J7wWa,white,,,False,,57,Queen's Gambit
oPOVvWaP,black,,,False,,66,King's Indian Defense
FmJ4LLEq,white,,,False,,49,Queen's Pawn
dpqCFhoW,white,,,False,,120,Dutch Defense
jaunCj5G,black,,,False,,105,Grunfeld Defense
DoGbTbzr,black,,queenside,False,,51,French Defense
PoBQcav1,white,,,False,,57,Slav Defense
aOjHe5N2,black,,,False,,46,French Defense
luXtN1jv,white,,,False,,101,Slav Defense
xMCpNpEl,white,,,False,,21,Queen's Gambit
0e0QNotf,black,,kingside,False,,97,English Opening
5wHMUVVd,black,,,False,,64,Irregular Openings
gy5NX804,white,kingside,,False,,119,Queen's Gambit
QvR5XGrC,black,,,False,,91,Queen's Gambit
c6vD3ubT,black,,kingside,False,,96,French Defense
ZWbbRXlW,black,,kingside,False,,146,King's Indian Defense
ACkXxHdV,white,,,False,,59,Nimzo-Indian Defense
BoZB5NHs,black,,,False,,109,French Defense
yZpu6auj,black,,,False,,50,French Defense
pl49Ed5P,white,kingside,,False,,69,Queen's Pawn
oI7Xr9LO,black,,,False,,81,Irregular Openings
gMqF7tCf,white,queenside,,False,,55,Queen's Pawn
gyNvroLs,black,,kingside,False,,57,King's Indian Defense
zWpppqHd,black,,,False,,69,Irregular Openings
XhAJ8s8w,black,,kingside,False,,154,Trompowsky Attack
3GtaN336,black,,kingside,False,,126,King's Indian Defense
o0WuGOAQ,black,,,False,,91,Irregular Openings
uRMotSi6,black,,kingside,False,,51,Irregular Openings
2S2FBWWQ,white,,,False,,126,Queen's Pawn
ZLfCeTTu,black,,,False,,99,Grunfeld Defense
Kmzxlw8T,black,,kingside,False,,48,King's Indian Defense
wdHyMgDV,black,,,False,,48,French Defense
JMqCu9VW,black,,kingside,False,,110,King's Indian Defense
gDOXvArk,black,,kingside,False,,45,King's Indian Defense
uI0xl6B9,white,,,False,,105,Queen's Gambit
z3f9IbJy,black,,,False,,84,Queen's Pawn Game
nl2nxgUY,white,queenside,,False,,64,Queen's Pawn
Fju2d9eE,white,,,False,,47,Queen's Pawn
5292f0YG,black,,kingside,False,,54,King's Indian Defense
1BGoJWkT,white,kingside,,False,,59,Slav Defense
Y45EJX28,black,,kingside,False,,85,Queen's Pawn Game
wy1CsMDJ,black,,,False,,69,King's Indian Defense
kQFeY8TO,black,,,False,,44,French Defense
NXt8hWhM,black,,,False,,48,King's Indian Defense
gAQjbmtj,white,,,False,,76,Queen's Gambit
cMi5xoPn,black,,queenside,False,,86,French Defense
MfFoOLO0,white,kingside,,False,,71,Indian Defenses
N7PJuHFJ,white,,,False,,49,Slav Defense
g45YY8MN,black,,,False,,106,Irregular Openings
tbpcdtdj,white,,,False,,79,Queen's Gambit
QlZUV9gx,black,,queenside,False,,36,Queen's Gambit
CcYbCnA8,white,,,False,,67,Queen's Gambit
ELTbIOSF,white,kingside,,False,,70,Queen's Pawn
AmU8xILw,black,,queenside,False,,37,Uncommon King Pawn
8qNc8337,black,,,False,,51,Irregular Openings
aAkvUt4U,black,,,False,,71,Irregular Openings
LiNDZVmw,black,,,False,,59,Irregular Openings
Y2OJOS17,black,,,False,,65,Irregular Openings
sSvFQ5XR,black,,,False,,53,French Defense
b9IBRxyD,white,,,False,,52,Indian Defenses
L4aSddOZ,white,queenside,,False,,63,Queen's Pawn
xY8SiUF0,black,,,False,,35,Irregular Openings
QwAJXRFS,black,,,False,,47,Irregular Openings
60GlzYm7,black,,,False,,81,Irregular Openings
DPLpTUt7,white,kingside,,False,,148,Queen's Pawn
BGtico6G,white,queenside,,False,,104,Queen's Pawn
uBNJqEhj,white,kingside,,False,,64,Queen's Pawn
wGsWVGXn,black,,kingside,False,,64,English Opening
w0StMivI,white,,,False,,49,Queen's Pawn
i63mH7HT,white,,,False,,28,Queen's Pawn
fjkNK9Bq,white,,,False,,28,Queen's Pawn
NK14e8lU,black,,kingside,False,,64,English Opening
JfV9Iv8F,black,,kingside,False,,64,English Opening
06KX4i3M,white,queenside,,False,,104,Queen's Pawn
OWDekLde,white,,,False,,99,Queen's Pawn
Em6LygSG,white,,,False,,30,Grunfeld Defense
qLgOpvCy,black,,kingside,False,,64,English Opening
s3LXN2cj,white,,,False,,70,Queen's Pawn
nRrArWHQ,black,,kingside,False,,64,English Opening
K2lEEudv,black,,kingside,False,,64,English Opening
FZPqSfC5,white,,,False,,70,Queen's Pawn
EzZzyP9H,white,queenside,,False,,65,Queen's Pawn
6nd6dl4U,white,,,False,,28,Queen's Pawn
FxwPlR2A,black,,kingside,False,,64,English Opening
UEvfbDKi,black,,kingside,False,,65,English Opening
4pBkgErH,white,,,False,,98,Queen's Gambit
0V5oiFoa,black,,kingside,False,,47,English Opening
6bqIbXmV,white,,,False,,41,King's Indian Defense
4eFc0li3,black,,kingside,False,,64,English Opening
flYijKWy,white,queenside,,False,,79,Queen's Pawn
5HNLuVgs,black,,kingside,False,,64,English Opening
EXjWCYMj,white,,,False,,105,Queen's Pawn
Xue0V3lN,white,,,False,,28,Queen's Pawn
YRVtjITp,white,queenside,,False,,57,Queen's Pawn
Pl5wtuy4,black,,kingside,False,,59,English Opening
3N4jJtPi,black,,kingside,False,,64,English Opening
TtD6B1NN,white,kingside,,False,,101,Slav Defense
OxsfNJuy,white,,,False,,93,Queen's Pawn
QtJH4mki,black,kingside,kingside,False,,278,Queen's Pawn Game
BdRK8m9D,black,,queenside,False,,56,Trompowsky Attack
Nia1aeb6,black,,kingside,False,,88,Reti Opening
6iEUQMyP,black,,kingside,False,,89,King's Pawn Game
mcfRfJa3,white,,,False,,77,Queen's Pawn
VT0lfjUZ,black,kingside,kingside,False,,115,Irregular Openings
XyDiuZjM,black,,,False,,116,French Defense
C3uuRgIM,black,kingside,kingside,True,7,454,French Defense
7ijpa2oH,white,kingside,,False,,120,Queen's Pawn
UTBJ6ssN,white,queenside,,False,,65,Queen's Pawn
YraCerwu,black,,,False,,132,Irregular Openings
UvWk5AlL,white,,,False,,158,Queen's Gambit
rJ7dOi2k,white,,,False,,48,Indian Defenses
JFnoIasL,white,,,False,,123,Queen's Pawn
RDARYoAd,white,kingside,kingside,True,9,370,Indian Defenses
mXGagdVD,black,,queenside,False,,51,French Defense
zJNTlAzK,white,kingside,,False,,176,Indian Defenses
YoS0glMx,white,,,False,,34,Queen's Gambit
3mXeRegM,white,,,False,,66,Queen's Pawn
yLbnEPN8,white,queenside,,False,,72,Queen's Pawn
QcHjEdzi,white,,,False,,90,Queen's Gambit
f9yj9RbU,white,queenside,,False,,72,Queen's Pawn
IFS9oX4K,black,,queenside,False,,63,French Defense
MJBnOeCP,black,,,False,,56,Uncommon King Pawn
oau9gyBv,black,,kingside,False,,88,English Opening
tqYIMl2I,white,queenside,,False,,78,Queen's Pawn
7vCr3oid,white,queenside,,False,,79,Queen's Pawn
Sv1HURRN,black,,kingside,False,,108,French Defense
QNo90cnK,white,queenside,,False,,49,Slav Defense
cfBt6Qv5,black,,queenside,False,,100,French Defense
Bbz8mm9c,white,kingside,,False,,33,Queen's Pawn
uknw9N8O,white,,,False,,71,Queen's Gambit
DVL4Gi11,black,,queenside,False,,120,Irregular Openings
AcEq10Ff,white,queenside,,False,,59,Queen's Gambit
gxnc4Y7Y,white,,,False,,96,Queen's Pawn
L89nLH5B,black,,kingside,False,,59,French Defense
1QTbXieK,white,,,False,,102,Queen's Gambit
5t06SvUh,white,,,False,,135,Slav Defense
K7O3Avlq,black,,kingside,False,,49,Trompowsky Attack
gmsV47Sr,black,,,False,,40,French Defense
MYc0vy0o,white,kingside,,False,,38,Queen's Pawn
NOxbLcRp,black,,,False,,17,French Defense
FfVNTgyr,black,,,False,,67,English Opening
Kx0UokdD,black,,kingside,False,,37,Uncommon King Pawn
Ida7ho4p,black,,kingside,False,,122,French Defense
khKKiO93,black,,kingside,False,,163,King's Indian Defense
twlcinPy,white,,,False,,83,Slav Defense
0Pp3ZuT2,black,,kingside,False,,69,French Defense
4hOck4Uq,black,,kingside,False,,45,French Defense
rVzAoZVD,black,,kingside,False,,82,French Defense
Mg6s0PY1,black,,,False,,68,Trompowsky Attack
nr5PndJZ,white,,,False,,65,Queen's Gambit
80Hj3kBv,black,,,False,,45,French Defense
xK0UMgAb,black,,,False,,30,Trompowsky Attack
UTpR9rrB,black,,kingside,False,,98,King's Indian Defense
00DphLZJ,white,,,False,,84,Queen's Gambit
yF7bB69l,white,kingside,,False,,84,Queen's Gambit
ibolhilc,white,,,False,,65,Queen's Gambit
U84TVOB4,black,,kingside,False,,51,Trompowsky Attack
hdIcSxcT,black,,kingside,False,,39,Queen's Pawn Game
O7C5e0QQ,black,,queenside,False,,85,Queen's Pawn Game
EfVF7KfX,white,queenside,,False,,55,Queen's Pawn
5jBHZdMx,black,,queenside,True,15,207,Irregular Openings
XC3LfXlu,black,,,False,,54,Irregular Openings
JyqLkCV1,white,,,False,,146,Queen's Gambit
mhwPdE4j,black,,,False,,58,French Defense
PxhNyEYV,black,,queenside,False,,70,King's Indian Defense
yNK7OVxt,black,,kingside,False,,85,Trompowsky Attack
IbcvbQdT,white,,,False,,163,Queen's Gambit
lq1ibjlW,white,,,False,,50,Trompowsky Attack
MUNQ8ok9,white,,,False,,97,Slav Defense
FmVFDCfU,black,,kingside,False,,94,King's Indian Defense
GIuqrzpq,white,kingside,,False,,155,Queen's Gambit
pQdwBUTC,white,,,False,,63,Queen's Pawn
wnG1aXVV,white,,,False,,81,Queen's Pawn
XVnYP8GW,white,,,False,,92,Slav Defense
8QBFV7w2,black,,kingside,False,,57,Trompowsky Attack
HqhS48zP,white,,,False,,88,Slav Defense
LkRa9LSm,black,,kingside,False,,37,Uncommon King Pawn
D5ltIOew,black,,,False,,87,Irregular Openings
X5rJ9lTE,white,,,False,,64,Indian Defenses
dQErrHx6,black,,,False,,45,Irregular Openings
tnJhlyen,black,,kingside,False,,88,King's Indian Defense
G7vhcWfl,black,,,False,,55,Irregular Openings
kbEtaAGs,white,queenside,,False,,81,Queen's Pawn
b0T0qolm,white,,,False,,106,Slav Defense
iMNFT0cj,black,,kingside,False,,70,French Defense
aBPn1MDy,black,,,False,,67,Irregular Openings
rDU7w7Ni,black,,kingside,False,,127,King's Pawn Game
lgS6IQGw,black,,kingside,False,,129,Trompowsky Attack
7Eax0wcN,black,,,False,,97,Trompowsky Attack
QQkH6gNT,white,kingside,kingside,True,9,189,Indian Defenses
4RIKqYoi,white,,,False,,62,Dutch Defense
p1YNsaKV,black,,queenside,False,,73,Trompowsky Attack
cT94AKiq,white,,,False,,94,Slav Defense
lpVFr5eP,black,,kingside,False,,90,French Defense
lv7IxH4q,black,,kingside,False,,126,Trompowsky Attack
7yuuon1d,black,,queenside,False,,66,Trompowsky Attack
hGHinHaR,white,queenside,,False,,112,Queen's Pawn
8MXy0JSP,white,queenside,,False,,108,Queen's Pawn
WhJmXIiz,black,,,False,,37,Reti Opening
eKyvs4Tx,black,,queenside,False,,53,French Defense
zYNEv3Rl,black,,kingside,False,,101,King's Indian Defense
ub3QFjjS,white,,,False,,42,Queen's Gambit
bDeHldAv,white,kingside,,False,,85,Queen's Gambit
50U6vwmO,black,,kingside,False,,57,Trompowsky Attack
U0ShKkid,black,,kingside,False,,52,French Defense
AxCxgGId,black,,queenside,False,,50,French Defense
ansXFxIt,white,,,False,,107,Slav Defense
iiyCKuvp,white,kingside,,False,,67,King's Indian Defense
WCdnMgwZ,white,,,False,,103,Queen's Pawn
mqBYYXpd,black,,queenside,False,,105,King's Indian Defense
Ds5y11Sb,white,,,False,,124,Slav Defense
e5HKLKKf,white,,,False,,111,Slav Defense
VJSPeNdZ,black,,kingside,False,,55,French Defense
cKr9yxbO,black,,queenside,False,,48,French Defense
2lwGqlug,black,,queenside,False,,57,Uncommon King Pawn
9rgvWcUO,white,,,False,,42,Queen's Gambit
m8SqauPu,black,,kingside,False,,90,French Defense
LcYpAvsP,black,,kingside,False,,67,French Defense
mE21cm7M,black,,queenside,False,,71,Uncommon King Pawn
XtR6fU9u,white,,,False,,81,Queen's Gambit
UQ2OZIJl,white,kingside,,False,,75,Queen's Pawn
oUHnskNP,black,,kingside,False,,136,King's Indian Defense
TCsX7h0o,black,,,False,,132,French Defense
kygoaBkB,white,,,False,,65,Queen's Gambit
JuTI11rO,black,,,False,,30,French Defense
SlNDz8Dk,white,kingside,,False,,130,Queen's Pawn
6gckcTLr,black,,,False,,53,French Defense
LtUUU7og,white,,,False,,89,Queen's Gambit
RfktFZ5E,black,,kingside,False,,89,Trompowsky Attack
MAXB9kb3,black,,,False,,52,Queen's Pawn Game
05bBseQU,white,queenside,,False,,90,Queen's Pawn
bzJIKcmC,black,,,False,,97,Irregular Openings
JJtF0bmy,black,,kingside,False,,49,Trompowsky Attack
fhkUd65H,black,,kingside,False,,101,Trompowsky Attack
zi0Dipff,white,,,False,,50,Queen's Pawn
wVNLgPpE,white,,,False,,45,Queen's Pawn
1z9H2MC5,black,,kingside,False,,109,French Defense
xnZ7KeD8,white,,,False,,104,Queen's Gambit
C2QgT4OA,black,,kingside,False,,109,Trompowsky Attack
DLW2baif,black,,queenside,False,,92,King's Indian Defense
qCizkIta,white,,,False,,75,Indian Defenses
YhfyAIt1,black,,,False,,76,English Opening
EQQzLqGm,black,,queenside,False,,109,Queen's Gambit
WYlEfqYs,black,,kingside,False,,93,Irregular Openings
Fd1QnEUF,white,queenside,,False,,73,Queen's Gambit
5KT69Ml2,black,,,False,,52,French Defense
XPDrrtaH,white,kingside,,False,,83,Queen's Gambit
wysasMwY,white,,,False,,78,Queen's Pawn
tAPVihYx,white,,,False,,77,Slav Defense
cnuNDhX1,black,,kingside,False,,53,French Defense
lAv2PpIW,black,,,False,,91,Irregular Openings
Er5hD7vJ,black,,kingside,False,,66,French Defense
UpkQYWLZ,white,,,False,,64,Grunfeld Defense
uKLFFZTG,white,,,False,,183,Slav Defense
1qwH8CZW,black,,,False,,71,Trompowsky Attack
VN2bZZ9k,black,,kingside,False,,105,Queen's Pawn Game
62oKwBRs,black,,kingside,False,,73,Irregular Openings
Qhn5QPe2,black,,kingside,False,,125,French Defense
p3MIOA2c,black,,kingside,False,,96,Queen's Gambit
tf6qY9YE,black,,queenside,False,,30,King's Indian Defense
IHrt73Gm,black,,queenside,False,,45,French Defense
9SRnORDF,black,,kingside,False,,43,French Defense
Z4jdADXj,black,,kingside,False,,57,Queen's Pawn Game
qrwlWUOU,black,,queenside,False,,55,King's Indian Defense
AvjXHXHU,black,,kingside,False,,88,Trompowsky Attack
KUXJQN9W,white,,,False,,78,Queen's Pawn
cx2MRNQQ,black,,queenside,False,,40,French Defense
9X5SQxeU,black,,queenside,False,,111,King's Indian Defense
JMFrFBUW,white,,,False,,45,Queen's Pawn
I9rdgPd0,black,,kingside,False,,54,French Defense
VWHhh0ff,white,queenside,,False,,91,Queen's Gambit
1POsGWJC,black,,kingside,False,,55,Uncommon King Pawn
nEOjuDRm,black,,kingside,False,,79,Trompowsky Attack
DPoEER96,black,,,False,,57,Queen's Pawn Game
OEMBCjZ7,white,kingside,,False,,69,Queen's Gambit
2AKozuxv,white,,,False,,45,Queen's Pawn
0vxhzT7w,white,,,False,,45,Queen's Pawn
Ls6ONjpu,white,,,False,,122,Queen's Gambit
I1oTJVMn,white,kingside,,False,,82,Queen's Gambit
C8RuvVsc,white,,,False,,79,Queen's Pawn
Nrwqb2QL,white,,,False,,18,Queen's Pawn
4433H6an,black,,kingside,False,,112,King's Indian Defense
uTcv2WiY,black,,kingside,False,,49,French Defense
LTzWi0ez,black,,,False,,154,Irregular Openings
6GvUKjKk,white,,,False,,45,Queen's Pawn
uRldYBlB,black,,,False,,75,King's Indian Defense
GuGQDLKY,black,,queenside,False,,90,Grunfeld Defense
L2Edigj3,white,,,False,,93,Queen's Pawn
7KKVWztw,black,,kingside,False,,42,French Defense
dwo5ttMd,white,kingside,,False,,80,Queen's Gambit
pq5MPxXH,black,,kingside,False,,38,French Defense
QdNAXiig,white,,,False,,57,Slav Defense
p9PYxuvo,black,,kingside,False,,61,Reti Opening
naYD91OU,black,,kingside,False,,64,French Defense
4fKntj1q,white,kingside,kingside,True,8,206,Slav Defense
AZUeSP8e,black,,,False,,36,Queen's Gambit
7ag8pfyq,black,,kingside,False,,113,Queen's Pawn Game
go1tbLWU,black,,kingside,False,,103,French Defense
BvZgcfmb,black,,,False,,160,French Defense
UGYl8oA4,black,,kingside,False,,51,Trompowsky Attack
C3Oc37Cm,black,,queenside,False,,42,French Defense
Vqma3SOZ,white,,,False,,146,Queen's Gambit
OeZdokCt,black,,kingside,False,,44,Irregular Openings
tH1aqtqj,white,queenside,,False,,102,Queen's Pawn
G1jzBV2O,black,,,False,,126,Trompowsky Attack
4RX2Uzy3,white,,,False,,88,Queen's Gambit
pD3akoGt,black,,kingside,False,,51,King's Indian Defense
fvI45Ypj,black,,kingside,False,,51,Uncommon King Pawn
oNJFzk8J,black,,,False,,117,English Opening
iufoeHkJ,black,,kingside,False,,94,French Defense
Yj1S5n5l,white,,,False,,46,Queen's Gambit
4NymJUNM,white,queenside,queenside,True,11,169,Queen's Pawn
93YQwQpS,black,,kingside,False,,101,Irregular Openings
X56soBw0,black,,kingside,False,,38,French Defense
llu9ou1p,white,,,False,,65,Queen's Gambit
qZh78HNh,black,,queenside,False,,45,French Defense
oQ8vCowB,black,,kingside,False,,100,Trompowsky Attack
Gg6x9XR7,white,kingside,,False,,77,Queen's Pawn
hatEX2Id,white,,,False,,81,Queen's Gambit
2Ghy6UBG,white,,,False,,24,Slav Defense
aKkPgAzI,black,,kingside,False,,82,Trompowsky Attack
aoh7UcaC,white,queenside,,False,,56,Queen's Pawn
pgudlMSm,white,kingside,,False,,85,Queen's Gambit
uPmNGLsg,white,,,False,,100,Queen's Gambit
hzLjXceK,white,,,False,,55,Queen's Gambit
dcgcIdQf,white,,,False,,73,Queen's Pawn
Yenz02Ox,white,,,False,,87,Queen's Gambit
1BNXTH7a,black,,,False,,28,French Defense
jLMAQNp2,black,,kingside,False,,99,Trompowsky Attack
ObsnuzsD,white,,,False,,45,Queen's Gambit
L4evFexd,white,kingside,kingside,True,7,113,Queen's Pawn
rReUUAN1,black,,kingside,False,,100,Trompowsky Attack
1ScdZHOt,white,,,False,,90,Queen's Pawn
o2I6oOnk,white,,,False,,42,Queen's Pawn
wDIRoMBd,white,,,False,,65,Queen's Gambit
04pKHj8q,black,kingside,queenside,True,12,120,Uncommon King Pawn
B1uVL4Ss,white,queenside,,False,,41,Queen's Pawn
YIapkNS7,black,,kingside,False,,91,Trompowsky Attack
QV1mLxB9,black,,kingside,False,,73,Trompowsky Attack
fwmjMixc,black,,,False,,75,King's Indian Defense
oE50teVt,black,,,False,,27,Reti Opening
TaBw0mRe,black,,,False,,48,Queen's Pawn Game
PeOUNjyS,black,,,False,,60,Reti Opening
tfuKGtYD,white,,,False,,45,Slav Defense
GRrB2wnL,white,,,False,,67,Slav Defense
ACT59I88,black,,,False,,45,Irregular Openings
oSlNPz5v,white,kingside,,False,,51,Slav Defense
m9SA2jz4,black,,kingside,False,,63,Trompowsky Attack
MHT6QRWF,white,kingside,,False,,80,Queen's Pawn
eGcQMmDo,black,,kingside,False,,80,Trompowsky Attack
RKzMOCwE,black,,kingside,False,,182,Irregular Openings
bfwF00iQ,black,,,False,,116,French Defense
d6JpOwgz,white,,,False,,95,Slav Defense
2Mzw3pZF,black,,queenside,False,,58,French Defense
1KGA689F,black,,,False,,67,Irregular Openings
UE8xbJPr,white,,,False,,168,Queen's Gambit
9PIOQdhJ,white,kingside,,False,,42,Queen's Gambit
47XnBF9u,black,,kingside,False,,115,Uncommon King Pawn
9zSSwExv,white,kingside,,False,,70,Trompowsky Attack
p9zQo3Et,black,,,False,,20,Trompowsky Attack
zLTBHqdB,white,kingside,,False,,115,Queen's Pawn
TSftJxFj,white,,,False,,63,Slav Defense
gGklyNKU,white,,,False,,13,Queen's Pawn
OY6OXrpj,white,kingside,,False,,53,Queen's Pawn
5ENrRhi0,black,,kingside,False,,76,Grunfeld Defense
KspGat7T,white,,,False,,99,Queen's Pawn
lZxyepTQ,white,queenside,,False,,88,Queen's Gambit
3QeLsN6l,white,,,False,,63,Queen's Gambit
YhZF3GKs,white,,,False,,48,Queen's Gambit
xb1MuLdp,black,,queenside,False,,82,Queen's Pawn Game
vqL4ADNv,white,kingside,,False,,148,Queen's Gambit
eg7YEZIT,white,kingside,,False,,131,Queen's Gambit
HKL0qDbJ,white,kingside,,False,,56,Queen's Pawn
5CjQZEtp,white,,,False,,79,Queen's Pawn
TNLiHg7e,white,,,False,,87,Queen's Gambit
0jxZL0Zt,black,,kingside,False,,72,French Defense
dWH5oEiA,black,,kingside,False,,62,Reti Opening
6ZP7siIG,black,,kingside,False,,61,Trompowsky Attack
NTyjBHNd,black,,queenside,False,,108,Trompowsky Attack
a36puM1z,white,,,False,,91,Queen's Pawn
PdLflDCz,black,,kingside,False,,75,Grunfeld Defense
M2jlZ98b,black,,kingside,False,,72,French Defense
KEfxUD9l,black,,kingside,False,,77,Grunfeld Defense
RV5ORJQ6,white,,,False,,37,Queen's Pawn
9x4BOhAg,black,,,False,,73,Trompowsky Attack
9oU61Y1U,black,,kingside,False,,95,French Defense
ipat2Aws,white,queenside,,False,,118,Queen's Pawn
7mR2EVUm,white,,,False,,79,Queen's Gambit
nqJVQsR5,black,,kingside,False,,78,French Defense
7n6QZan1,white,queenside,,False,,64,Queen's Pawn
fn6VyVQh,white,queenside,,False,,49,Queen's Pawn
CHpCOoZY,black,,kingside,False,,75,French Defense
CRggGp2H,white,queenside,,False,,79,Queen's Pawn
bq4oCM7v,black,,,False,,101,Irregular Openings
UWiauG35,white,kingside,,False,,89,Queen's Gambit
LZChJXB0,black,,queenside,False,,66,French Defense
AQ2QpYCd,white,kingside,,False,,120,Queen's Gambit
3TnZV1Up,black,,kingside,False,,86,King's Indian Defense
lst2ppRR,black,,,False,,67,French Defense
6QXUq60w,white,,,False,,81,Queen's Gambit
6fqhLoZw,black,,,False,,67,Trompowsky Attack
6EpgE1QY,white,kingside,,False,,138,Slav Defense
b2hDxb9D,white,queenside,,False,,82,Queen's Pawn
36Yleipp,black,,,False,,74,French Defense
9c6FPz08,black,,,False,,64,Irregular Openings
Cy6cFX9h,white,,,False,,28,Slav Defense
AabtNkzD,white,,,False,,79,Queen's Pawn
Wey0B0zd,white,kingside,,False,,59,Queen's Pawn
yqiiSs0R,black,,kingside,False,,100,French Defense
n69tBWfd,white,,,False,,81,Queen's Pawn
ZfbrhzHx,black,,kingside,False,,117,Uncommon King Pawn
cuiTNEAE,white,kingside,,False,,48,Queen's Gambit
Jcpr2eoM,black,,kingside,False,,49,French Defense
T6rMbuuc,white,,,False,,76,Queen's Pawn
n0WR75G7,black,,,False,,45,Irregular Openings
eBupeWBD,white,kingside,,False,,109,Queen's Gambit
6moTLoeI,black,,kingside,False,,123,French Defense
oO7SH0fc,black,,kingside,False,,93,Uncommon King Pawn
80NGy9t1,white,kingside,,False,,36,Slav Defense
oT1XGMxX,white,,,False,,87,Queen's Pawn
28ZyVw8U,black,,,False,,85,Reti Opening
yTcw6Ffz,white,kingside,,False,,64,Queen's Pawn
se2SYEhs,white,,,False,,90,Queen's Pawn
HtLaOSUh,white,,,False,,124,Queen's Pawn
BpROuN0P,black,,,False,,81,French Defense
sYrl3Mhy,white,kingside,,False,,128,Trompowsky Attack
LGHIRcWa,white,kingside,,False,,42,Queen's Gambit
9iN7cpTn,black,,,False,,25,French Defense
mY5blq8i,white,kingside,,False,,83,Slav Defense
BhAKDNAK,white,queenside,,False,,51,Queen's Pawn
QxYl2JSu,white,kingside,,False,,99,King's Indian Defense
GMIZcxln,white,,,False,,80,Queen's Pawn
YrGP8j7P,black,,kingside,False,,87,French Defense
NWbabTg7,black,,kingside,False,,43,Trompowsky Attack
14bkltuo,white,kingside,,False,,110,Slav Defense
178zoK03,white,,,False,,91,Queen's Gambit
JBOOHrxM,black,,kingside,False,,80,Irregular Openings
4CvuHdyw,black,,queenside,False,,51,Uncommon King Pawn
ZgiU8VXa,black,,kingside,False,,57,French Defense
OZNNmwxB,white,queenside,,False,,60,Queen's Pawn
zVqtUg93,white,kingside,,False,,149,Dutch Defense
yvLPJNKx,white,,,False,,53,Queen's Pawn
qsUoRacw,black,,,False,,89,Trompowsky Attack
SpaR5Pzf,black,,,False,,54,Irregular Openings
qBIUVqAg,black,,,False,,80,Queen's Pawn Game
zYst4ONU,black,,kingside,False,,75,Irregular Openings
hQic4ZaZ,white,,,False,,50,Slav Defense
ZhvsVSOr,black,,kingside,False,,52,English Opening
QtAsaN1b,black,,kingside,False,,85,Grunfeld Defense
BsFRVkwX,black,,,False,,76,French Defense
gFt5hjC1,black,,kingside,False,,104,French Defense
b8K9A5QF,black,,queenside,False,,74,French Defense
7Hq606L0,black,,kingside,False,,76,French Defense
05uwcxcR,white,queenside,,False,,67,Queen's Pawn
IFA5YFSi,black,,,False,,117,Queen's Pawn Game
c9aUdwtX,white,,,False,,84,Queen's Pawn
1jsBjw9E,white,,,False,,36,Queen's Gambit
g68TeiBD,black,,,False,,51,French Defense
7OmaGZCz,white,kingside,,False,,83,Queen's Gambit
A1ThmY5K,white,,,False,,86,Queen's Pawn
X1fAxs1Z,white,,,False,,102,Queen's Pawn
SZNM5m7y,black,,,False,,113,Queen's Pawn Game
m88GCamK,black,,,False,,108,Queen's Gambit
puLBJCtO,white,kingside,,False,,116,Queen's Pawn
okrt3cxH,black,,,False,,95,Queen's Gambit
NeD1QQMK,black,,,False,,51,French Defense
L7gQT7xN,black,,kingside,False,,94,Irregular Openings
3vedK3lC,black,,,False,,71,Irregular Openings
c9Nxu088,white,,,False,,79,Queen's Pawn
EwkCn7at,black,,kingside,False,,75,French Defense
XLef085g,black,,kingside,False,,76,French Defense
s0hWbuO4,white,kingside,,False,,64,Queen's Pawn
ukTnmzgI,white,,,False,,108,Queen's Gambit
S1OrKyUM,white,,,False,,89,Queen's Pawn
P6oxF18b,black,,kingside,False,,107,English Opening
IfAZpPx8,white,kingside,,False,,104,Queen's Pawn
RBA6d8fq,white,kingside,,False,,128,Queen's Pawn
k5Zjx2yQ,black,,kingside,False,,79,Trompowsky Attack
yngZszzV,white,queenside,,False,,113,King's Indian Defense
zUXCVPND,white,kingside,,False,,65,Queen's Gambit
CmUODrsY,black,,queenside,False,,62,Trompowsky Attack
YgaOao7r,white,,,False,,96,Queen's Pawn
5iMnesPr,white,,,False,,99,Queen's Pawn
C4dnMkRK,white,,,False,,86,Queen's Pawn
tAL2aIUK,black,,kingside,False,,57,French Defense
8sK5VBGc,black,,kingside,False,,85,French Defense
k9eEaHt5,black,,,False,,46,Trompowsky Attack
vIVINCvC,white,,,False,,140,Grunfeld Defense
kWYrpar0,black,,kingside,False,,75,Queen's Pawn Game
bvE9EhmQ,white,queenside,,False,,110,Queen's Pawn
BFzU9OVe,black,,,False,,100,Reti Opening
vjhMmrRk,white,,,False,,83,Queen's Pawn
XSB2A7BC,white,kingside,,False,,99,Slav Defense
ezt33hDJ,black,,,False,,95,Reti Opening
BhVDgj3g,white,,,False,,111,Slav Defense
couwN1JD,black,,,False,,44,King's Indian Defense
GuB0PQHZ,white,,,False,,123,Slav Defense
Y7Gmh80H,white,,,False,,99,Queen's Pawn
Vw1oHguf,white,,,False,,94,Queen's Gambit
O8I3yICH,black,,queenside,False,,74,French Defense
Uzr1XpnE,white,kingside,,False,,160,Queen's Pawn
Kzy1N56Y,white,,,False,,63,English Opening
1zlB3387,black,,kingside,False,,54,Trompowsky Attack
TFJ1yLQw,white,queenside,,False,,106,Slav Defense
dCqZ80jg,black,,queenside,False,,77,Grunfeld Defense
Tn5SHZ1B,black,,,False,,68,Queen's Pawn Game
kzYmBE1V,black,,,False,,40,French Defense
lXrPR7yS,white,kingside,,False,,75,Queen's Pawn
Q7zLGGw9,black,,,False,,89,Queen's Pawn Game
ugLnE8sb,black,,kingside,False,,89,Queen's Pawn Game
LAaNM82j,black,,,False,,93,Queen's Gambit
mhnQXzw0,white,kingside,,False,,101,King's Indian Defense
fOuVw7KN,black,,kingside,False,,74,French Defense
6l9wOmfb,black,,kingside,False,,62,French Defense
mbzI6gBa,white,,,False,,33,Slav Defense
KYl7ITOB,white,queenside,,False,,140,Queen's Pawn
AZG0lDdh,white,,,False,,50,Queen's Pawn
c1ncXuRg,black,,,False,,30,Queen's Gambit
T4t2MQta,white,,,False,,101,Slav Defense
nPh7scY1,black,,queenside,False,,53,Grunfeld Defense
vAYvnkKD,black,,,False,,42,English Opening
M0AVQqJf,black,,kingside,False,,83,Irregular Openings
3QW6DvUo,white,queenside,,False,,82,Queen's Pawn
Gm9dhQNp,black,,,False,,50,French Defense
7elw3aQx,white,queenside,,False,,103,Slav Defense
78uUZxSr,white,kingside,,False,,92,Queen's Pawn
laJbQMjj,white,kingside,,False,,113,Queen's Gambit
Sw9S5RMt,white,,,False,,226,Queen's Gambit
47xAfBaJ,white,,,False,,103,English Opening
Q5ZnhQtB,white,kingside,,False,,48,Indian Defenses
FHdgLWWs,black,,kingside,False,,104,King's Indian Defense
tYnbLr6z,black,,kingside,False,,120,English Opening
QzqMlHrJ,white,kingside,,False,,71,Queen's Pawn
0AJiFbUY,white,,,False,,88,Queen's Pawn
1UbJverZ,black,,,False,,39,Irregular Openings
l9uVVwdt,black,,kingside,False,,82,Irregular Openings
sNBkVHOZ,black,,,False,,101,Queen's Gambit
k4spOQL5,black,,kingside,False,,55,Uncommon King Pawn
kWEYKjTN,white,,,False,,65,Slav Defense
xy7jupCn,white,kingside,,False,,105,Slav Defense
t0U8DVHc,black,,kingside,False,,46,Queen's Pawn Game
5INFhx9Y,black,,,False,,43,Irregular Openings
6R24vbEU,black,,,False,,89,French Defense
t3YQnyaz,black,,kingside,False,,53,Reti Opening
Tnu8peNC,white,,kingside,True,10,92,Indian Defenses
SQtAjtVZ,black,,kingside,False,,77,King's Indian Defense
uIyCT2Xj,black,,queenside,False,,69,Grunfeld Defense
F2OBbNSQ,white,,,False,,86,Queen's Pawn
gDwLrcje,black,,,False,,99,French Defense
pj9rELxq,black,,,False,,66,French Defense
GcgIMg3g,white,,,False,,78,Queen's Pawn
Gm29w3U4,white,kingside,,False,,44,Slav Defense
H7VZWSYq,black,,kingside,False,,73,French Defense
WoXANHy7,white,queenside,,False,,56,Queen's Pawn
5YxzMc3x,white,,,False,,104,Queen's Pawn
c7G9Fc02,black,,kingside,False,,50,Trompowsky Attack
KqAdbvCE,white,queenside,,False,,79,Slav Defense
RWWyEhyf,white,,,False,,64,Slav Defense
8XzGQk8O,white,,,False,,62,Queen's Pawn
XmRK1Ilk,black,,,False,,77,Irregular Openings
NFRSjQEd,white,kingside,,False,,76,Trompowsky Attack
kURvlJjp,white,,,False,,107,Slav Defense
Q1nI51iQ,black,,kingside,False,,37,Uncommon King Pawn
RDTLr2f9,black,,kingside,False,,50,Irregular Openings
ioJUAwaw,white,queenside,,False,,112,Queen's Gambit
99dbGepP,black,kingside,,True,35,201,Irregular Openings
UL9tXbgB,white,queenside,,False,,47,Queen's Pawn
06b00Yii,black,,,False,,91,Irregular Openings
uoOKqBWQ,black,,kingside,False,,81,Queen's Pawn Game
Q9Ey35S0,white,,,False,,111,Nimzo-Indian Defense
d6CtX8bG,white,kingside,,False,,111,Trompowsky Attack
Sn6UA3CG,white,kingside,,False,,51,Queen's Pawn
FQI44Frd,black,,kingside,False,,142,Irregular Openings
bU5b9ts0,black,,kingside,False,,118,Irregular Openings
MTMxnuKT,black,,kingside,False,,100,Queen's Pawn Game
nc1uhWFg,black,,,False,,40,French Defense
LpTvtuu1,black,,kingside,False,,114,King's Indian Defense
6fSm7xxp,black,,queenside,False,,128,French Defense
yGmSXOv0,black,,,False,,77,Irregular Openings
3TEi0Byx,black,,,False,,51,Queen's Gambit
c4VB7sxT,white,kingside,,False,,136,Queen's Gambit
kuFi00Tj,white,,,False,,55,Queen's Pawn
Bj2kllq2,black,,kingside,False,,72,King's Indian Defense
NqFBj1Vp,white,queenside,,False,,73,Trompowsky Attack
RC6hF41s,black,,,False,,72,Irregular Openings
PLSoPKiX,black,,kingside,False,,52,King's Indian Defense
Ur75S7zm,white,kingside,,False,,111,Queen's Gambit
1gXO2zoD,white,kingside,,False,,101,Queen's Pawn
oxVC0J22,white,,,False,,63,Grunfeld Defense
prhFtWHr,black,,queenside,False,,87,Reti Opening
5AGyjFrC,black,,,False,,80,Irregular Openings
9LvXYzWN,white,,,False,,86,Queen's Gambit
w0UEz8mA,white,,,False,,103,Indian Defenses
gX4DScZ7,black,,kingside,False,,64,French Defense
dBk8pubx,white,,,False,,6,Queen's Gambit
772Bkz07,white,kingside,,False,,93,Grunfeld Defense
b9bD9XHh,white,,,False,,35,Slav Defense
Yjy4e4bJ,black,,queenside,False,,74,French Defense
hZah1LU9,black,,kingside,False,,117,Grunfeld Defense
PAjEDAP8,white,kingside,kingside,True,14,237,Queen's Gambit
ftrN7yPh,black,,,False,,83,French Defense
p0Iim0ex,black,,queenside,False,,37,King's Indian Defense
s2nA2n7M,white,,,False,,95,Queen's Pawn
nY0wdnJ2,white,kingside,,False,,49,Queen's Pawn
sCnf8oom,white,,,False,,84,Queen's Pawn
a1smDnd3,black,,kingside,False,,67,Uncommon King Pawn
EkoIxTWI,white,,,False,,139,Nimzo-Indian Defense
MM944kEU,white,queenside,,False,,64,Reti Opening
SKsuU9GO,white,queenside,,False,,58,Queen's Pawn
qY2esMkV,white,kingside,,False,,121,Queen's Pawn
Nq6tfnoC,white,queenside,,False,,46,Queen's Pawn Game
jS9FAS9i,white,,,False,,58,Queen's Pawn
VpSVKflp,black,,kingside,False,,66,Uncommon King Pawn
rRtIQuBp,black,,kingside,False,,70,King's Pawn Game
R7C8sbbE,black,,kingside,False,,55,Trompowsky Attack
M2z0VIsc,white,,kingside,False,,99,Slav Defense
4nw70WHK,black,,,False,,140,French Defense
0sKKie1F,white,kingside,,False,,73,Queen's Gambit
xYgALTdW,black,,queenside,False,,51,Irregular Openings
FvhI9UqN,black,,kingside,False,,152,Trompowsky Attack
Pnj8HVss,white,,,False,,162,Trompowsky Attack
YoC39unw,black,,kingside,False,,45,Irregular Openings
FIo6SMEq,white,,,False,,86,Queen's Gambit
3KIRwpwt,black,,kingside,False,,43,King's Pawn Game
TbkCsv1x,white,,,False,,19,Indian Defenses
EGOGUalI,white,,,False,,113,Nimzo-Indian Defense
zIWYQXRc,black,,queenside,False,,200,French Defense
PtWCWW8D,black,,kingside,False,,47,Queen's Gambit
DJDodhEg,white,,,False,,78,Queen's Gambit
qWhyVeCC,black,,kingside,False,,64,King's Indian Defense
oB4p7CXl,black,,,False,,33,Queen's Gambit
DcvhPfAx,black,,,False,,88,Reti Opening
g4AMQ1kD,white,kingside,,False,,110,Queen's Pawn
6On90jVJ,black,,queenside,False,,57,French Defense
B7wFwHbU,white,queenside,,False,,143,Queen's Pawn
bNVvBseK,white,,,False,,41,Queen's Pawn
lA6MCHzc,black,,,False,,52,Queen's Pawn Game
FBQCr5Ir,black,,,False,,101,Uncommon King Pawn
Sr4y4kdE,black,,queenside,False,,123,Trompowsky Attack
gyBp2YuW,white,kingside,,False,,77,Queen's Pawn
L4NEJw7r,black,,,False,,58,Trompowsky Attack
ylwDm4RZ,black,,,False,,96,French Defense
hZ90GZs7,white,,,False,,172,Queen's Gambit
pHcmikOR,white,kingside,,False,,72,Trompowsky Attack
5PTNiX82,white,,,False,,69,Queen's Pawn
JNGv2xmG,black,,kingside,False,,90,Queen's Pawn Game
JPKJ62xZ,white,,,False,,63,Queen's Gambit
TXjhNHDS,white,kingside,,False,,163,Queen's Gambit
aooOBDcO,black,,kingside,False,,114,Irregular Openings
XfO5nvDn,white,,,False,,87,Queen's Pawn
kCkBbuWD,black,,queenside,False,,106,French Defense
60njhMYi,white,kingside,,False,,81,Queen's Gambit
vRPtRTXP,white,,,False,,65,Queen's Pawn
BvEeDiW5,black,,,False,,177,Queen's Gambit
khJ33Azu,white,kingside,,False,,44,Queen's Gambit
UoSX7HHW,white,,,False,,52,Queen's Gambit
WherW0XB,white,,,False,,76,Queen's Pawn
ef8u3DxC,black,,,False,,63,Uncommon King Pawn
CYpxrnXy,black,,,False,,179,French Defense
gaZIXjVg,black,,kingside,False,,97,Uncommon King Pawn
IKFnHUjM,white,kingside,,False,,118,Queen's Gambit
APcSAcTG,white,,,False,,34,Indian Defenses
5EYALRW1,black,,,False,,73,Irregular Openings
b6ln95Wv,black,,kingside,False,,143,Uncommon King Pawn
gIrYBXG5,white,kingside,,False,,64,Queen's Gambit
TzJd3u9v,black,,,False,,45,French Defense
tzI2cgMa,white,,,False,,75,Grunfeld Defense
p8ylzWyi,black,,kingside,False,,51,Queen's Gambit
rboWcpha,black,,,False,,54,Queen's Gambit
UcAERRt8,black,,kingside,False,,102,French Defense
OnFt1y4a,white,,,False,,33,Queen's Pawn
pY6rf0bm,white,,,False,,53,Slav Defense
kMSjtQ61,black,,kingside,False,,94,Reti Opening
44FzVR5M,white,,kingside,True,13,148,Grunfeld Defense
viL0o0lO,black,,kingside,False,,30,Irregular Openings
FdzUu3TP,black,,kingside,False,,61,French Defense
Nbewzj8B,white,queenside,,False,,39,Dutch Defense
VJL9w82Z,black,,,False,,121,Trompowsky Attack
BgNDaEYd,black,,kingside,False,,77,French Defense
nXLngCVM,white,kingside,,False,,37,Queen's Gambit
cZ3CqEYl,white,queenside,,False,,111,Slav Defense
ADXGzdjd,black,,,False,,114,Queen's Pawn Game
wvKrUAb5,white,,,False,,91,Queen's Gambit
PtaXuuUT,white,,,False,,81,Queen's Gambit
o43zK0k5,black,,,False,,55,Reti Opening
oPWRPpTd,black,,kingside,False,,37,Uncommon King Pawn
Cg2YwWoF,white,,,False,,95,Queen's Gambit
ZStNaGlv,white,,,False,,81,Queen's Gambit
v7cUD9Ym,black,,,False,,45,Queen's Gambit
PNcIlrox,white,,,False,,87,Reti Opening
tDetvgYs,black,,kingside,False,,142,Uncommon King Pawn
JqZzf3QM,white,,,False,,65,Queen's Gambit
YEvhkq3N,black,,,False,,60,French Defense
FTYBvF7n,black,,,False,,127,French Defense
rLTOwpWL,black,,,False,,59,King's Indian Defense
Myx0uC9u,white,,,False,,122,Grunfeld Defense
uWQrMovQ,white,queenside,,False,,147,Trompowsky Attack
S5w2m7C8,white,,,False,,81,Slav Defense
x9zRasyc,white,queenside,,False,,51,Queen's Gambit
pIzZKr07,black,,,False,,47,Irregular Openings
gzwcmWcS,white,,,False,,54,Queen's Gambit
5sEJbtUw,black,,kingside,False,,49,Irregular Openings
tfmfM7f4,black,,kingside,False,,57,Queen's Pawn Game
yvnXzctz,black,,kingside,False,,238,English Opening
x9ARecV5,black,,queenside,False,,87,French Defense
9s4rK7bE,black,,,False,,103,Reti Opening
NhIv6pYH,white,queenside,,False,,129,Slav Defense
Ct0Owa77,black,,kingside,False,,56,King's Indian Defense
LElazdXH,black,,kingside,False,,93,Uncommon King Pawn
1Y3l5uem,black,,,False,,105,Reti Opening
eGdu4E6Y,black,,,False,,90,Uncommon King Pawn
dcPMejIs,white,kingside,,False,,28,Queen's Gambit
hNadyYAk,white,,,False,,117,Slav Defense
pmk0YGx3,black,,kingside,False,,89,Reti Opening
84oLvlEo,white,queenside,,False,,122,Queen's Pawn
na9e7baa,white,kingside,,False,,63,Slav Defense
CxZ66Xev,white,,,False,,61,Slav Defense
yNRxozVU,black,,queenside,False,,61,French Defense
u1Hp7EX9,white,,,False,,132,Queen's Gambit
H60LFEvX,black,,kingside,False,,57,Queen's Pawn Game
tjP1jjFs,white,,,False,,77,Queen's Gambit
J5byJfSe,black,,queenside,False,,96,French Defense
89nOBAFB,white,queenside,,False,,83,Queen's Pawn
dX1fLtzy,white,kingside,,False,,69,Grunfeld Defense
rKDdq70c,white,,,False,,77,Slav Defense
taIeZ5Yg,black,,kingside,False,,33,Queen's Gambit
IIOYCiXh,black,,kingside,False,,81,Queen's Pawn Game
5lsKn5Vu,white,,,False,,21,Indian Defenses
90UdckEQ,black,,,False,,35,Queen's Gambit
nfiac6Sp,white,,,False,,40,Queen's Gambit
5cFCs8BF,white,,,False,,50,Queen's Gambit
I96Mpmly,white,kingside,,False,,57,Trompowsky Attack
jVUdyLQ7,black,,queenside,False,,55,Trompowsky Attack
fIYRehZ5,black,,queenside,False,,78,King's Indian Defense
DZ07U912,black,,queenside,False,,83,Trompowsky Attack
DFFaMo9R,black,,queenside,False,,99,French Defense
lDhGa6ia,black,,,False,,64,Irregular Openings
QleKaWap,white,,,False,,82,Queen's Gambit
MlfGyGUH,white,kingside,,False,,57,Trompowsky Attack
gA7s2pMw,white,,,False,,52,Queen's Gambit
qg4IeHxe,white,kingside,,False,,180,Queen's Gambit
lLtwZ6JH,black,,,False,,81,Queen's Pawn Game
f9bsfKfU,white,,,False,,88,Indian Defenses
tiPGCVKW,black,,kingside,False,,66,Queen's Pawn Game
Dg6XapNW,white,,,False,,34,Queen's Gambit
m1X9t836,black,,,False,,71,Trompowsky Attack
VV4tskhi,black,,,False,,109,Irregular Openings
ASqL3tUL,white,,,False,,66,Slav Defense
8NGPUTfu,white,kingside,,False,,27,Queen's Pawn
QZFT9X46,white,kingside,,False,,115,Queen's Pawn
9kJLPqTJ,black,,kingside,False,,82,Trompowsky Attack
VxId6R32,white,queenside,,False,,109,Dutch Defense
CqJiKDlY,black,,kingside,False,,83,Reti Opening
yik1t121,white,,,False,,98,Indian Defenses
IUUXTvTs,white,,,False,,46,Indian Defenses
S95QCjsT,white,,,False,,129,Indian Defenses
Jq7uiNEI,black,,queenside,False,,99,Queen's Pawn Game
sAzEkMm2,white,,,False,,140,Queen's Pawn
gh57SUgc,white,queenside,,False,,35,Slav Defense
kz6d7RJH,white,,,False,,84,Queen's Gambit
MJd6TMt7,white,kingside,,False,,110,Queen's Pawn
PmfIJTLL,black,,,False,,77,Irregular Openings
vSU7R5mU,white,kingside,,False,,113,Queen's Gambit
RsWph3mf,black,,,False,,73,French Defense
IrUR8cSi,white,kingside,,False,,83,Queen's Pawn
xz4FmbmV,white,kingside,,False,,68,Queen's Gambit
kG6HtZxi,black,,queenside,False,,49,Irregular Openings
FxE3AVLZ,black,,,False,,39,Irregular Openings
yKvlWIJj,white,,,False,,41,Queen's Pawn
2BnhyyUd,black,,,False,,38,French Defense
4U631atK,white,,,False,,66,Queen's Pawn
6aD4g9rE,white,queenside,,False,,69,Nimzo-Indian Defense
DYHbROpX,black,,,False,,58,Trompowsky Attack
VtS2FyJb,black,,kingside,False,,63,Reti Opening
onwAq8cs,white,kingside,,False,,93,Slav Defense
jpZ7iRZx,black,,,False,,41,French Defense
T1zbRPPK,white,queenside,,False,,118,Queen's Gambit
xoeHY8a8,black,,,False,,61,French Defense
aMvOqv9P,black,,kingside,False,,104,Uncommon King Pawn
jkzaJUSW,white,,,False,,63,Slav Defense
4bEJXVje,black,,,False,,79,Irregular Openings
z3mFwFKW,black,,kingside,False,,81,Trompowsky Attack
YT0iLJ4s,white,,,False,,78,Indian Defenses
I7WmlvTW,black,,,False,,65,Queen's Gambit
jwThiB8h,black,,,False,,137,Queen's Pawn Game
kb4aueTh,white,,,False,,99,Queen's Pawn
t3VI7NRw,white,kingside,,False,,43,Slav Defense
OPLVLXmh,black,,queenside,False,,106,French Defense
MLXD9KNr,black,,kingside,False,,51,French Defense
rdjY7Mqn,white,,,False,,95,Slav Defense
taNHez0d,white,queenside,,False,,92,Dutch Defense
ybJRkdA1,white,,,False,,55,Slav Defense
X3BxznRt,white,kingside,kingside,True,8,142,Queen's Gambit
5rSJVmSb,black,,kingside,False,,59,Queen's Pawn Game
24Smvg0I,black,,,False,,93,Irregular Openings
HanqxC7Y,black,,kingside,False,,83,Queen's Pawn Game
710lnf1r,black,,,False,,123,French Defense
z2uucrux,black,,,False,,88,Reti Opening
jPki2vHE,black,,kingside,False,,59,Uncommon King Pawn
Cl8uDkz6,black,,kingside,False,,98,King's Indian Defense
XmVcNqCZ,white,kingside,kingside,True,8,122,Queen's Gambit
G2IiHNi2,white,,,False,,54,Queen's Pawn
Qbor3rKc,white,,,False,,66,Indian Defenses
zTNmeuEU,black,,,False,,49,Queen's Gambit
1BC8Su3R,white,,,False,,99,Queen's Pawn
aHUcyjPT,white,,,False,,60,Queen's Pawn
2GIaBoXr,black,,kingside,False,,60,English Opening
o2aSKQVb,black,,queenside,False,,91,English Opening
ggfEbYBK,black,,,False,,67,French Defense
wX2pJEEs,white,,,False,,127,Queen's Gambit
PWeaYTmu,white,queenside,,False,,49,Queen's Pawn
zhSnJAEb,white,queenside,,False,,86,Queen's Pawn
XtguOKEU,black,,,False,,56,King's Pawn Game
eprAp2Ul,white,,,False,,92,Queen's Gambit
yp6VVNzI,black,,kingside,False,,81,King's Indian Defense
fgEgVF8D,white,,,False,,130,Queen's Gambit
qtt5EU7O,white,queenside,,False,,48,Queen's Gambit
lDXjGaiS,black,,kingside,False,,41,French Defense
ftRUpqRw,black,,kingside,False,,79,French Defense
Wgbu8dgN,black,,,False,,89,King's Indian Defense
WsLY5hV3,black,,kingside,False,,73,French Defense
yZVzzJVN,black,,kingside,False,,116,King's Indian Defense
eI7DUoDu,white,kingside,,False,,53,Trompowsky Attack
uQbVkWdd,black,,kingside,False,,85,French Defense
fCEuv53z,white,kingside,,False,,80,Queen's Pawn
dqoLTs1j,white,,,False,,75,Queen's Pawn
dEwMyrJS,black,,,False,,25,Reti Opening
gBvNBK3k,white,queenside,,False,,79,Queen's Pawn
dkBMwiNC,white,queenside,,False,,79,Queen's Pawn
6waRGqia,black,,,False,,38,French Defense
XTZD9Hbq,white,queenside,,False,,150,Queen's Pawn
pwY3vcns,white,,,False,,79,Queen's Gambit
gSrXR68Q,black,,kingside,False,,62,French Defense
D6DzK6oO,black,,,False,,103,Irregular Openings
gTGI41DB,white,,,False,,90,Queen's Pawn
62ObDmrz,black,,,False,,2,French Defense
LpUVNHdj,white,kingside,,False,,72,Queen's Pawn
8n0Ustxf,black,,,False,,79,French Defense
CS0GzjAj,black,,kingside,False,,55,Grunfeld Defense
lOE9Qcy2,white,kingside,,False,,57,Queen's Pawn
InnP05XW,white,,,False,,65,Queen's Pawn
MLpHvgTP,white,,,False,,58,Queen's Pawn
AfA8hfFL,black,,queenside,False,,48,Reti Opening
LsxyYDVd,black,,,False,,78,Queen's Gambit
qyViMIwm,black,,kingside,False,,147,Uncommon King Pawn
MDWLasMI,black,,kingside,False,,60,English Opening
3LqP4I2w,black,,kingside,False,,60,English Opening
xfQCsaE5,white,,,False,,80,Slav Defense
MSuVIdp0,white,,,False,,21,Queen's Gambit
GgAvWGln,white,queenside,,False,,78,Queen's Pawn
n5VcqrDc,white,queenside,,False,,78,Queen's Pawn
lgbvds8C,black,,queenside,False,,40,French Defense
NCF4h9oB,white,,,False,,81,Queen's Gambit
fis3wyUq,black,,,False,,52,French Defense
w2Y3hhLK,black,,kingside,False,,55,King's Indian Defense
VNeYR82y,white,,,False,,95,Trompowsky Attack
3vhLzXJt,black,,kingside,False,,47,Irregular Openings
anuDqPkE,white,kingside,,False,,100,King's Indian Defense
tEPqhjHu,white,queenside,,False,,78,Queen's Pawn
PeQsw1mn,white,,,False,,110,Indian Defenses
VEV41Zji,black,,,False,,96,King's Indian Defense
iZ8IROgw,black,,,False,,87,French Defense
SLOAXQrY,white,,,False,,84,Slav Defense
wYyFU7nG,black,,kingside,False,,98,Queen's Pawn Game
DsLIDggJ,white,,,False,,112,Indian Defenses
0rMIMxPJ,white,queenside,,False,,51,Nimzo-Indian Defense
o6i6j5HL,white,,,False,,53,Queen's Pawn
CqYbRXAP,white,,,False,,58,Indian Defenses
36je0GRE,black,,,False,,101,Trompowsky Attack
vR2cOXia,white,kingside,,False,,70,Queen's Gambit
oXVoYFK8,white,,,False,,116,Queen's Gambit
ij6PcO9V,white,kingside,,False,,117,Queen's Pawn
40oMo0Pe,black,,kingside,False,,80,Queen's Gambit
UR3480Fx,white,queenside,,False,,42,Dutch Defense
Ohd38622,black,,,False,,88,French Defense
5DBtj02W,black,,queenside,False,,72,Queen's Pawn Game
lO8HjTKE,black,,queenside,False,,48,English Opening
lX4i0hjF,black,,queenside,False,,87,Irregular Openings
muYvgM8G,white,,,False,,69,Reti Opening
aiBNxRwX,white,queenside,,False,,49,Queen's Pawn
k2nG8Zrc,white,kingside,,False,,85,Queen's Pawn
OVtLd99H,black,,kingside,False,,48,French Defense
quNCpU4z,black,,,False,,60,French Defense
tIiCwkKb,black,,,False,,86,King's Indian Defense
JfWB0UlY,black,,kingside,False,,57,Queen's Pawn Game
RgKhs4jH,black,,,False,,79,Uncommon King Pawn
xXKccdH7,black,,,False,,73,English Opening
6hbDToF9,white,queenside,,False,,48,Queen's Gambit
jR5fcZZR,white,kingside,,False,,89,Queen's Gambit
WL3FsYOx,white,,,False,,73,Slav Defense
DAUKSUeu,black,,,False,,55,French Defense
Siu9jBeb,black,,,False,,66,Queen's Gambit
aOQfbh8V,white,queenside,,False,,79,Reti Opening
u3n9t6D1,white,,,False,,51,Indian Defenses
CP31aJrw,white,queenside,,False,,77,Trompowsky Attack
Uv1A16uC,black,,,False,,104,Irregular Openings
GZNj3P1J,white,,,False,,40,Queen's Gambit
CGCVuK09,white,kingside,,False,,67,Queen's Pawn
ADNWe7Ua,black,,queenside,False,,98,Trompowsky Attack
XDrfLJJL,black,,kingside,False,,94,French Defense
6plVC0V2,white,,,False,,146,Indian Defenses
YKPA6ma3,white,kingside,,False,,101,King's Indian Defense
QhzpVu3t,white,,,False,,55,Queen's Pawn
MwT6Bv3V,white,queenside,,False,,89,Trompowsky Attack
HhDZlmbU,black,,,False,,4,French Defense
3oEWK9HP,black,,kingside,False,,58,French Defense
EJQA8TIY,black,,,False,,58,King's Indian Defense
5Bn41nug,white,,,False,,63,Slav Defense
2APVt6aT,black,,queenside,True,16,104,King's Indian Defense
UlKO1RAO,white,kingside,,False,,71,Trompowsky Attack
w3ImCIpi,black,,,False,,65,Trompowsky Attack
zt38qvo7,black,,kingside,False,,75,Irregular Openings
1wNzw7dn,black,,kingside,False,,118,French Defense
Yg1cTEah,black,,,False,,125,English Opening
HHCatQwF,white,,,False,,89,Queen's Pawn
OdfcuQ7q,white,kingside,,False,,125,Queen's Pawn
B3DTGWJG,white,,,False,,102,Queen's Pawn
iA9lcj7H,white,kingside,,False,,140,King's Indian Defense
UqirDtB9,white,,,False,,109,Queen's Pawn
ZxdCQyYn,black,,kingside,False,,60,English Opening
Gq29tLMy,black,,queenside,False,,117,Irregular Openings
gwQ86t0x,black,,,False,,69,Irregular Openings
ezjr1zNO,black,,,False,,93,Irregular Openings
HGX7OxBa,black,,,False,,113,Irregular Openings
fvugNEBY,white,,,False,,104,Queen's Pawn
SSVuJ3hg,black,,,False,,95,Irregular Openings
BzuWWK7R,black,,,False,,104,Irregular Openings
OCiiI5rl,white,queenside,,False,,146,Queen's Pawn
VKmes0V4,black,,,False,,75,Irregular Openings
bfO1Kcab,white,kingside,,False,,57,Slav Defense
Tl1K9YFt,black,kingside,kingside,False,,297,French Defense
5omXOYvy,black,,,False,,133,Irregular Openings
YV8LfVyR,white,kingside,kingside,True,10,366,Queen's Pawn
kINCEyMx,black,,kingside,False,,107,Trompowsky Attack
N3WZ9StB,white,queenside,,False,,73,Queen's Pawn
lR2DtoBH,white,,,False,,125,Queen's Pawn
qqnQi27I,black,,queenside,False,,95,Trompowsky Attack
xMwSj8Zf,black,,kingside,False,,36,French Defense
Tjz2dfwV,black,,,False,,80,Irregular Openings
tpLZPaiR,black,,,False,,75,Irregular Openings
4KiqR9tw,white,,,False,,85,Queen's Pawn
J5PYkvpK,black,,kingside,False,,122,Irregular Openings
e2qQdVBF,black,,,False,,77,Irregular Openings
qK40IYv8,black,,,False,,76,French Defense
MxWx8IaZ,black,,,False,,112,Irregular Openings
VjW2qoxH,white,kingside,,False,,28,Queen's Pawn
ePaZoOHH,black,,,False,,71,Irregular Openings
5xBqFeV4,white,,,False,,74,Queen's Pawn
sYknLa8a,white,queenside,,False,,44,Dutch Defense
rA9lr8kQ,black,,,False,,17,Irregular Openings
VlZkgdSv,white,kingside,,False,,62,Slav Defense
j1G6Dio8,white,queenside,,False,,66,Slav Defense
DApxuOus,white,,,False,,73,Queen's Pawn
bbkTCCiD,white,,,False,,40,Trompowsky Attack
IZFaxzBR,black,,kingside,True,7,76,Queen's Gambit
iE29TaA1,black,,,False,,68,French Defense
C9W8mu0U,white,,,False,,101,King's Indian Defense
enpeBg9Q,black,,kingside,False,,80,King's Indian Defense
LXkXgZQF,black,,,False,,88,French Defense
qBddBrmp,white,kingside,,False,,69,Slav Defense
jc5HZIyv,white,,,False,,54,Indian Defenses
wOdwccun,white,,,False,,13,Queen's Pawn
BaUkF4E1,white,,,False,,29,Queen's Gambit
emJSRl8E,black,,kingside,False,,132,Irregular Openings
yy71kKuR,white,queenside,,False,,139,Queen's Pawn
7JWzlMBZ,black,kingside,,True,16,96,French Defense
aXefkRdr,white,queenside,,False,,113,Queen's Pawn
lFpVEev9,black,,kingside,False,,63,French Defense
a9KyYqOG,black,,kingside,False,,49,French Defense
GFX9QMVx,black,,,False,,12,Uncommon King Pawn
gkkrgeQL,black,,kingside,False,,54,Uncommon King Pawn
yax9IjNs,black,,,False,,84,French Defense
pQJ9T4EP,black,,kingside,False,,79,Irregular Openings
moPpogvk,white,queenside,,False,,44,Trompowsky Attack
hkEYlvrF,black,,,False,,84,Queen's Pawn Game
YTVezq67,black,,queenside,False,,90,Irregular Openings
EKQVz3G5,white,queenside,,False,,43,Dutch Defense
ZpfFcXRH,white,kingside,,False,,105,Slav Defense
lR2AHf0t,white,kingside,,False,,115,Queen's Pawn
T0lNhQaU,black,,,False,,119,Irregular Openings
c61zeXG2,black,,kingside,False,,102,Irregular Openings
fOdaPwCw,white,queenside,,False,,129,Queen's Pawn
WMEq7co0,white,,,False,,121,Slav Defense
SeyrYn1t,white,,,False,,127,Queen's Gambit
zHY4xj3C,black,,kingside,False,,59,English Opening
hFRKPOY3,black,,kingside,False,,48,Queen's Pawn Game
eVZi19hZ,black,,kingside,False,,104,Queen's Pawn Game
YLEshH4k,black,,kingside,False,,113,Uncommon King Pawn
BxTNNrs7,black,,,False,,109,Trompowsky Attack
fhoeJ4of,black,,queenside,True,8,343,Queen's Pawn Game
S3omjgsa,black,,,False,,72,King's Indian Defense
FrvwEzhh,white,queenside,,False,,72,Nimzo-Indian Defense
bBWpw6Ur,white,,,False,,76,Queen's Gambit
a0Z0S61W,white,queenside,,False,,73,Queen's Pawn
gk8gOhvS,white,kingside,,False,,103,King's Indian Defense
blycPS1w,white,kingside,,False,,63,English Opening
B9vBQUQg,black,,kingside,False,,78,Irregular Openings
Y6uoJKw9,black,,,False,,107,Irregular Openings
dvQxxdPs,black,,kingside,False,,60,English Opening
XNOv91JB,white,,,False,,33,Queen's Pawn
4tmaMbfF,white,kingside,,False,,103,Queen's Pawn Game
auPwtnh8,white,,,False,,30,Queen's Gambit
1Nj58rnV,black,,queenside,False,,98,Trompowsky Attack
Rz9vCl0D,white,,,False,,118,English Opening
lObJEZGY,white,,,False,,77,English Opening
yUE12CRm,white,kingside,,False,,73,Queen's Pawn
NZdtNsn8,white,,,False,,109,Indian Defenses
JtjP0vbQ,white,,,False,,15,Queen's Gambit
vjBaZfGV,white,,,False,,22,Indian Defenses
uD2p5hU5,white,,,False,,73,Indian Defenses
WxBy6M25,white,,,False,,97,Queen's Pawn
ybsU6fVt,black,,,False,,102,Trompowsky Attack
urD3Etdc,white,,,False,,15,Queen's Pawn
qAksLpFy,black,,queenside,False,,58,French Defense
yjzZ8tfL,black,,,False,,64,French Defense
B69xDslz,black,,kingside,False,,46,Uncommon King Pawn
yMKP8Wp0,black,,,False,,52,Uncommon King Pawn
l3RYMKU6,black,,kingside,False,,100,French Defense
Zz0MyTsA,black,,,False,,40,Reti Opening
Apyr4WqZ,black,,queenside,False,,64,Irregular Openings
bTnCRTDa,black,,,False,,75,Trompowsky Attack
DK4Gm9SV,black,,kingside,False,,80,Irregular Openings
LctK5cH7,black,,kingside,False,,108,Queen's Pawn Game
4ZzIc3g6,black,,queenside,False,,96,French Defense
Dr8YNoQk,white,kingside,,False,,32,King's Indian Defense
p4NdyCU9,white,queenside,,False,,75,Queen's Pawn Game
ya0vwSVH,black,,kingside,False,,60,English Opening
YhUV93wD,white,queenside,,False,,78,Queen's Pawn
hMsmZf7C,black,,kingside,False,,101,Irregular Openings
KUpvJePR,white,,,False,,63,Indian Defenses
YWHqYWzX,black,,kingside,False,,148,King's Pawn Game
1zr2xhOQ,black,,queenside,False,,107,Uncommon King Pawn
cZgafKxF,black,,,False,,97,Irregular Openings
4vKExLOT,black,,,False,,51,Irregular Openings
XK31UhAX,black,,,False,,76,French Defense
BOyZtOoi,white,,,False,,18,Queen's Pawn
G94ifklJ,black,,,False,,77,French Defense
efKYyrXm,white,,,False,,28,Queen's Pawn
vHNus4hH,black,,kingside,False,,80,Irregular Openings
uPrzVy6Z,black,,,False,,89,Irregular Openings
os3wjhQa,black,,kingside,False,,72,Irregular Openings
fHF5OI6U,black,,,False,,41,Queen's Gambit
0Pb6YPfL,white,,,False,,43,King's Indian Defense
baAyIS6Y,white,queenside,,False,,41,Queen's Pawn
8yPCaHnj,black,,kingside,False,,42,King's Indian Defense
3ImELKd3,black,,,False,,59,King's Indian Defense
8nBKQr8q,white,,,False,,25,Queen's Pawn
MqLUGPZz,black,,,False,,54,French Defense
m8Cmkw8O,black,,kingside,False,,76,King's Indian Defense
dKj3O18R,white,,,False,,155,Trompowsky Attack
q6U1Adms,black,,queenside,False,,61,Queen's Pawn Game
A7P13veK,white,kingside,kingside,False,,80,Queen's Gambit
HmEIefP6,black,,,False,,112,English Opening
2Xo7vWey,black,,queenside,False,,87,English Opening
ccsohQWe,black,,,False,,80,French Defense
JLBzfCOt,white,,,False,,77,Indian Defenses
fEv61aoZ,black,,kingside,False,,74,English Opening
qAg5oeqP,white,,,False,,36,Queen's Pawn Game
AblTgyHm,black,,,False,,50,French Defense
ZlhqKhvF,black,,,False,,80,Queen's Pawn Game
LGxYeFQq,black,,queenside,False,,81,King's Indian Defense
16ha2Vaw,white,,,False,,34,Queen's Pawn
BTJosXlB,black,,queenside,False,,242,Irregular Openings
vQtBywLn,black,,queenside,False,,108,Trompowsky Attack
dvIfWOTU,white,,,False,,26,Indian Defenses
YrDgy067,black,,queenside,False,,101,French Defense
dzgQUtZT,black,,kingside,False,,106,French Defense
DIftKPPv,black,,kingside,False,,75,King's Pawn Game
fMjkJklL,black,,kingside,False,,39,French Defense
HaP07jS4,black,,,False,,81,Irregular Openings
5PdUm7s9,white,,,False,,84,Queen's Pawn Game
wdl6VAJE,black,,,False,,76,French Defense
2CRStGim,black,,kingside,False,,72,Irregular Openings
QJ9clHBa,white,kingside,,False,,105,Queen's Gambit
cMzk93JL,black,,kingside,False,,55,King's Indian Defense
eBjegm3j,black,,kingside,False,,61,Irregular Openings
6Xb06fba,black,,,False,,42,French Defense
f2RoxXxW,white,queenside,,False,,96,Indian Defenses
Ag3LqxB4,white,kingside,,False,,110,Queen's Pawn
YPzb1aGy,white,kingside,,False,,103,Queen's Pawn
LLdNv7I4,white,kingside,,False,,93,Queen's Pawn
L1F2uPAX,black,,,False,,93,Irregular Openings
X6bBdfrL,white,,,False,,53,Queen's Gambit
XN6kRwUr,black,,,False,,39,Reti Opening
tOz8LxDI,white,,,False,,81,Queen's Gambit
ySGmApwq,white,,,False,,67,Queen's Pawn
7pFKB0hV,black,,kingside,False,,107,French Defense
xhdwiEEc,white,,,False,,39,Queen's Pawn
0Y9wg9zD,white,,,False,,61,Queen's Gambit
b3F1AhT3,white,,,False,,46,Nimzo-Indian Defense
R0zDRa33,black,,kingside,False,,56,French Defense
ShIoa884,white,,,False,,74,Queen's Pawn Game
MxavAKDW,white,,,False,,63,Queen's Pawn
1oO8VJkA,black,,kingside,False,,55,French Defense
qtGWOlGg,white,,,False,,35,Slav Defense
jhzDKVvk,white,,,False,,15,Queen's Pawn
7Usf0YtI,black,,kingside,False,,100,Irregular Openings
RKZBTOAU,black,,,False,,35,Irregular Openings
M2xRGcyK,white,,,False,,46,Queen's Pawn
wiHp4S2k,black,,kingside,False,,123,Irregular Openings
UCRLHURT,white,,,False,,44,Queen's Gambit
GhK7XA8R,black,,queenside,False,,68,King's Indian Defense
E0Xn08Rx,black,,kingside,False,,46,Queen's Gambit
JS9DAP9X,black,,,False,,144,Trompowsky Attack
etV2yoPf,black,,queenside,False,,91,French Defense
jBmQ5t7U,black,,queenside,False,,34,Queen's Pawn Game
gqyMOSXU,white,,,False,,72,Queen's Gambit
NaFqZ8NR,white,queenside,,False,,77,Queen's Pawn
4Euxt1yK,black,,kingside,False,,47,Queen's Gambit
QjzAOGuw,black,,kingside,False,,57,Irregular Openings
YLaoqATs,white,kingside,kingside,False,,68,Queen's Gambit
Kvbiyu4U,black,,,False,,103,Irregular Openings
KagDyJTR,white,,kingside,False,,95,Queen's Gambit
Y6DqFee2,black,,,False,,85,Irregular Openings
M5gvp6uc,black,,kingside,False,,82,English Opening
TduIJ4AF,black,,,False,,49,Irregular Openings
CjP6XUzq,white,,,False,,128,Queen's Pawn
uC0jyZdD,white,,,False,,65,Slav Defense
7AD5MzvT,black,,,False,,88,Uncommon King Pawn
NZDojabm,white,,,False,,54,Indian Defenses
LPPwOWlG,white,,,False,,57,Queen's Pawn
YyKmvf5k,black,,,False,,80,French Defense
2f7sKDQh,white,queenside,,False,,61,Queen's Gambit
mEwpWqdQ,black,,,False,,56,Uncommon King Pawn
JnLtBPEI,black,,,False,,23,French Defense
vdxbWJdk,white,,,False,,28,Queen's Pawn
IbafROYD,white,,,False,,73,Queen's Gambit
F7PETRaL,black,,kingside,False,,140,Trompowsky Attack
wdcDk8DF,black,,,False,,42,Reti Opening
web2imzr,white,,,False,,29,Queen's Pawn
k8QNlq1k,white,,,False,,29,Queen's Pawn
eBJnBvJe,white,,,False,,62,Queen's Gambit
CsDUu7jr,white,,,False,,89,Queen's Gambit
imicYJ0C,white,,,False,,84,Queen's Gambit
pPUlcjru,white,kingside,,False,,61,Slav Defense
DO1D4DKi,white,kingside,,False,,29,Trompowsky Attack
vXBKz3rW,white,queenside,,False,,89,Queen's Pawn
TYcDEoXH,black,,,False,,43,Irregular Openings
iQ2ny6tZ,white,kingside,,False,,65,Queen's Pawn
WaQvBCMW,white,,,False,,28,Queen's Pawn
K29KUnqi,black,,queenside,False,,50,Uncommon King Pawn
IYC5HZa0,black,,queenside,False,,60,French Defense
BcAzG0Z0,white,kingside,,False,,60,Queen's Pawn
5pOphB5u,white,,,False,,35,Queen's Pawn
UWZ95rPE,black,,,False,,78,French Defense
Ra4Tgthg,black,,kingside,False,,73,King's Indian Defense
B6b3eOdo,black,,kingside,False,,36,French Defense
VMEaiCSx,white,,,False,,49,Queen's Gambit
0yWCzBJo,black,,kingside,False,,103,Uncommon King Pawn
bplkApaB,white,,,False,,31,Queen's Pawn
yGKiGpce,white,kingside,,False,,62,Queen's Pawn
oRR5aStA,black,,,False,,45,Irregular Openings
EqWpB58h,black,,kingside,False,,53,Irregular Openings
8Lxn8lkA,white,kingside,,False,,141,Indian Defenses
sgWvuBet,white,,,False,,217,Indian Defenses
JR5guI1k,white,,,False,,49,Queen's Pawn
5QX3INRw,white,,,False,,53,Queen's Pawn
GNiRPYmc,black,,,False,,86,Trompowsky Attack
7NYWgFwX,black,,,False,,21,Trompowsky Attack
v9hklr7f,black,kingside,kingside,True,7,172,Trompowsky Attack
oyLjBuZk,black,,kingside,False,,97,French Defense
BdRiyNja,white,,,True,7,128,Queen's Pawn
txeGbgvc,black,,,False,,29,French Defense
YAkC4FyN,white,,,False,,86,Queen's Pawn Game
qM9vPB7C,black,,kingside,False,,74,King's Indian Defense
5uU3yseC,white,,,False,,48,Queen's Gambit
DiidEape,black,,kingside,False,,51,Uncommon King Pawn
vQkcSKsf,black,,kingside,False,,97,Reti Opening
VHmoFRBE,black,,kingside,False,,48,French Defense
2IF6ITjI,black,,,False,,75,Irregular Openings
B8BgAuRd,black,,,False,,106,Irregular Openings
LFWMGgIN,black,,,False,,92,French Defense
63JNgp9S,black,,kingside,False,,64,Queen's Pawn Game
zXRAFu9Y,white,,,False,,82,Queen's Pawn
yfEwbtT0,white,kingside,,False,,44,Queen's Gambit
iNyGTLex,white,,,False,,86,Dutch Defense
4rcwtJxJ,white,,,False,,67,Queen's Gambit
CA4el4lB,white,kingside,,False,,77,Queen's Pawn
OJ53wFNo,white,kingside,,False,,77,Queen's Pawn
ifxd6EAL,white,kingside,,False,,72,Queen's Pawn
YPcaZnzD,white,kingside,,False,,77,Queen's Pawn
qt9PMc7F,black,,kingside,False,,40,English Opening
KrkPSCRQ,black,,kingside,False,,78,English Opening
PLX3hkMD,white,,,False,,90,Queen's Pawn
CvZsu8sk,white,kingside,,False,,77,Queen's Pawn
sOKDaiZt,white,kingside,,False,,77,Queen's Pawn
kdenA736,black,,kingside,False,,40,English Opening
z0OKb5xa,white,kingside,kingside,False,,332,Queen's Pawn
QXe11042,white,kingside,kingside,True,6,127,Queen's Gambit
Ng4YLLXG,black,,kingside,False,,40,English Opening
BPIGQWD7,white,queenside,kingside,True,9,334,Queen's Pawn
7IxTdRs7,white,kingside,kingside,True,12,156,Queen's Pawn
m4Q14A5f,black,,kingside,False,,40,English Opening
YaUZjMKX,white,,,False,,82,Queen's Pawn
GUGrcWJk,white,,,False,,79,Queen's Pawn
fXaJkrjS,black,queenside,kingside,False,,69,French Defense
KREa8GAA,white,,,False,,82,Queen's Pawn
d5QbXXzH,black,,kingside,False,,40,English Opening
Nzcx3Rzt,white,,,False,,90,Queen's Pawn
u68GujT2,black,,kingside,False,,40,English Opening
G8kArjVQ,black,,kingside,False,,40,English Opening
AwkrJMJm,white,kingside,,False,,77,Queen's Pawn
LjTSTDVg,black,,kingside,False,,62,Queen's Gambit
Ck8K1fUF,white,,,False,,53,Queen's Pawn
QGflMsmD,white,kingside,,False,,54,Queen's Pawn
iUhl0DXT,white,,,False,,79,Queen's Pawn
6MLzhkAL,white,kingside,,False,,77,Queen's Pawn
iMvAN80m,white,kingside,,False,,77,Queen's Pawn
VLUaqHiA,white,kingside,,False,,144,Trompowsky Attack
wvyDLTYE,black,,kingside,False,,40,English Opening
cW7WU9jl,black,,kingside,False,,40,English Opening
wrt2IRJI,black,,kingside,False,,40,English Opening
WAySxEb7,black,,kingside,False,,40,English Opening
SEnZ9nu0,black,,kingside,False,,40,English Opening
elowDzqy,black,,kingside,False,,40,English Opening
6PsjWKdg,white,,kingside,True,9,100,Nimzo-Indian Defense
JhU59eSM,white,,,False,,90,Queen's Pawn
FGYP9wMN,black,,kingside,False,,40,English Opening
nT6sXW9J,white,queenside,,False,,70,Queen's Pawn
3gRfCiBn,black,,kingside,False,,40,English Opening
DDcN16U6,white,,,False,,50,Queen's Pawn
zVPDG9g6,white,,,False,,89,Slav Defense
kH0MlVhI,black,,queenside,False,,85,Queen's Pawn Game
lNdHtAuj,white,,,False,,21,Indian Defenses
urtiF9f5,black,,kingside,False,,40,English Opening
2I0rwcYc,black,,,False,,33,Irregular Openings
U4KIjIgU,black,,,False,,100,Irregular Openings
7bzF6Rub,white,queenside,,False,,35,Slav Defense
Q9Hbgr3s,white,,,False,,104,Queen's Gambit
ogeipL0m,white,kingside,,True,16,133,Grunfeld Defense
adHARTu5,white,kingside,,True,17,90,Grunfeld Defense
hGqvOGhr,black,,queenside,False,,65,Trompowsky Attack
fqpwKx1X,white,queenside,,False,,58,Queen's Gambit
dI8uXFN0,black,,,False,,87,Irregular Openings
LKMsEAfK,white,kingside,,False,,80,Trompowsky Attack
XpDCnqM8,white,,,False,,86,Queen's Pawn
ak8g6yJD,white,queenside,,False,,39,Queen's Pawn
rvtaL3sh,white,,,False,,46,Queen's Gambit
ARCZ1DTk,black,,,False,,69,Trompowsky Attack
FAtV5Oau,white,,,False,,86,Queen's Gambit
2kFHDsoK,white,,,False,,86,Queen's Pawn Game
rrlxbPfM,black,,,False,,25,Irregular Openings
nYXhPTzE,black,,,False,,50,Trompowsky Attack
n8EOrXeO,white,queenside,,False,,59,Queen's Pawn
5oFKHiOZ,white,kingside,,False,,55,Queen's Pawn
WDJko4TU,black,,,False,,34,Reti Opening
b7V242qP,black,,queenside,True,18,225,Queen's Pawn Game
JK86rfLh,white,,,False,,101,Queen's Gambit
ct6ymmWE,white,,,False,,45,Queen's Pawn
88ItVSCF,black,kingside,queenside,False,,181,Trompowsky Attack
nh5iGzzp,white,,,False,,48,Queen's Gambit
b8vc13RF,black,,kingside,False,,27,Trompowsky Attack
Y7R5CfXs,black,,,False,,81,Trompowsky Attack
MTXMr5rL,black,,,False,,146,Irregular Openings
Qvgt3sgm,white,,,False,,54,Queen's Pawn
SbdVc0iP,black,,,False,,69,Trompowsky Attack
ZIYO32mt,white,,,False,,93,Queen's Pawn
NkLrRQUF,black,,,False,,62,Trompowsky Attack
toIjOY79,black,,kingside,False,,125,Queen's Pawn Game
rXeIuyQW,white,,,False,,71,Queen's Gambit
zS9ieJ4l,black,,kingside,False,,92,Trompowsky Attack
Wa7OnMoN,black,,kingside,False,,40,English Opening
PATJN2fC,black,,,False,,100,Uncommon King Pawn
UbwRCOJ5,white,,,False,,96,Queen's Gambit
S0EfwrIf,white,queenside,,False,,84,Slav Defense
cWuH02Tf,black,,kingside,False,,85,Irregular Openings
HHZSmsiu,black,,,False,,90,Trompowsky Attack
xXTvT446,black,,,False,,92,Reti Opening
y73wC87o,white,,,False,,112,Queen's Pawn
dGejsUqn,black,,queenside,False,,50,Queen's Pawn Game
7Hken5fQ,white,queenside,,False,,69,Queen's Pawn
BDNCxCcI,black,,kingside,False,,60,King's Indian Defense
80eCsAxc,black,,kingside,False,,91,Reti Opening
bGuMfnpu,black,,kingside,False,,92,King's Indian Defense
jwCZFBU4,white,kingside,,False,,61,Indian Defenses
y8lJd8Tf,black,,,False,,48,Trompowsky Attack
T1wKGvOD,white,queenside,,False,,82,Queen's Gambit
CHFhrvWB,white,,,False,,45,Nimzo-Indian Defense
wpnCnlKG,white,,,False,,72,Queen's Pawn
4Rk9MiAj,white,kingside,,False,,60,Slav Defense
GRIyIFet,black,,kingside,False,,40,English Opening
QnCfI8Nw,white,,,False,,83,Nimzo-Indian Defense
l5n5W0sU,black,,kingside,False,,40,English Opening
x9XuVyO1,white,,,False,,79,Grunfeld Defense
MxDwLZ5S,black,,queenside,False,,50,Queen's Pawn Game
LKIdKAze,black,,,False,,56,Queen's Pawn Game
2nxbtRh0,black,,queenside,False,,48,French Defense
y4M7tMYT,black,,,False,,69,King's Indian Defense
mMbYoNjQ,white,queenside,,False,,80,King's Indian Defense
XhbdyyEg,black,,,False,,98,Uncommon King Pawn
DpmrD2GF,black,,,False,,110,Uncommon King Pawn
wTaFrnt8,black,,,False,,69,King's Indian Defense
lu7E5soB,white,,,False,,67,Queen's Pawn Game
TlqyidH8,black,,,False,,80,Queen's Gambit
6jFaOtUY,white,,,False,,80,Queen's Gambit
CcW1uz7X,black,,,False,,70,Queen's Pawn Game
H5rbzuw4,white,,,False,,87,Queen's Pawn Game
KxypZOB7,black,,queenside,False,,58,Queen's Gambit
mWt8vxVP,white,,,False,,44,Queen's Gambit
GpcoHIpe,white,,,False,,50,Indian Defenses
Nu1Y9UDg,black,,,False,,83,French Defense
kWPpVa4h,white,,,False,,53,Queen's Pawn Game
qHrRtUuF,white,,,False,,69,Grunfeld Defense
vsm5sKv2,white,queenside,,False,,68,King's Indian Defense
jM3GclHv,black,,,False,,76,Queen's Pawn Game
PKanCqPT,white,queenside,,False,,59,Slav Defense
vfYpt1oW,black,,queenside,False,,66,French Defense
rEp1iHr2,black,,,False,,72,Queen's Gambit
mNuYj5Of,white,,,False,,18,Queen's Pawn
sWsFqp6A,black,,,False,,74,Queen's Pawn Game
tCoXRfPJ,white,kingside,kingside,False,,288,Queen's Pawn
Uyb2WvuC,black,,kingside,False,,89,Uncommon King Pawn
oF9c3Lm4,black,,kingside,False,,64,Irregular Openings
OroQAAFJ,white,kingside,,False,,81,Slav Defense
JWUbViu2,black,,kingside,False,,81,King's Indian Defense
NrumcB8b,black,,kingside,False,,122,King's Indian Defense
qoEuL8Tc,black,,,False,,71,Irregular Openings
XFo0Uawg,white,kingside,,False,,136,Queen's Gambit
OhcOUCos,black,,kingside,False,,57,Uncommon King Pawn
peISg7Wm,black,,queenside,False,,22,King's Indian Defense
1kmLdYde,white,,,False,,56,Queen's Gambit
aovf0Qwg,white,,,False,,29,Queen's Gambit
OzAc6LaB,black,,,False,,42,King's Indian Defense
B8Y6GTnz,white,,,False,,68,Queen's Gambit
WTrw9EiN,black,,,False,,69,Trompowsky Attack
LioEAX41,black,,,False,,41,English Opening
uMGawWGQ,black,,kingside,False,,76,French Defense
DCVnbcLB,black,,,False,,119,Queen's Pawn Game
1AbzyaL5,black,,,False,,114,French Defense
0x0sPs2Y,black,,,False,,59,King's Indian Defense
pv93HaMo,white,queenside,kingside,False,,124,Queen's Gambit
als4ad61,black,,kingside,True,27,119,King's Indian Defense
GLpJuDt7,black,kingside,kingside,True,7,363,Trompowsky Attack
YxljfC8L,black,,,False,,60,French Defense
uVFe1NDB,black,,,False,,103,Reti Opening
F4BD5E4X,black,,,False,,33,Irregular Openings
rg5wMYUx,black,,queenside,False,,51,Queen's Pawn Game
rGEFsVxN,white,,,False,,32,Queen's Pawn
e68K458O,white,,,False,,145,Queen's Gambit
QkcMwavq,white,kingside,,False,,57,Queen's Gambit
qESFme6B,white,queenside,,False,,64,Queen's Pawn
qoOLDhmI,black,,,False,,43,Irregular Openings
SFUYr35T,white,,,False,,50,Queen's Pawn
egXfStwD,black,,,False,,98,Irregular Openings
CmIBZHfM,black,,,False,,65,Irregular Openings
3nVgsBfA,black,kingside,kingside,False,,213,Grunfeld Defense
ylCS8oO0,white,queenside,,False,,43,Queen's Pawn
us8bydZC,black,,,False,,79,Uncommon King Pawn
KgCrVWjd,black,,queenside,False,,45,English Opening
3DAEBqWr,black,,,False,,69,Irregular Openings
ACyLG1aS,white,,,True,16,186,King's Indian Defense
pGkFAkJ2,white,queenside,,False,,37,Dutch Defense
Xj8VMAM3,black,,kingside,False,,112,Irregular Openings
6ogPDbTV,black,,,False,,119,Queen's Pawn Game
nquy1MFF,black,,,False,,89,Irregular Openings
mZyX48kU,white,kingside,kingside,True,3,251,Queen's Pawn
1ENKc94v,black,,,False,,129,Irregular Openings
PDk1RSJF,white,kingside,,False,,75,Nimzo-Indian Defense
N5vZBEhc,white,queenside,,False,,45,Queen's Pawn
2i67Rb3S,black,,,False,,109,Irregular Openings
090ZrkMb,black,,,False,,150,Irregular Openings
vQ5cQFcY,black,,kingside,False,,62,Queen's Gambit
TXtZSc3d,black,,,False,,91,French Defense
GufuA4c5,black,,,False,,77,Irregular Openings
zIbXvzPd,white,,,False,,103,Queen's Pawn
k4x62Bea,white,,,False,,73,Indian Defenses
VopvF2JE,white,,,False,,57,Queen's Pawn
DfvsC20E,white,queenside,,False,,67,Queen's Gambit
zKMpaPTF,black,,queenside,False,,89,Uncommon King Pawn
LxBS7oo6,white,kingside,,False,,38,Queen's Gambit
Wf3rYJJ6,white,,,False,,52,Slav Defense
1dGyipja,black,,,False,,85,Reti Opening
cQGB6IPf,black,,kingside,False,,74,French Defense
uuYwxNRC,white,,,False,,35,Queen's Pawn Game
fqKXDola,white,,,False,,47,King's Indian Defense
2iYUOJvo,white,,,False,,75,Queen's Pawn
RIY6G3i2,black,,kingside,False,,77,French Defense
DMnmoEGj,white,,,False,,56,Queen's Pawn
ROEEqrXX,black,,kingside,False,,91,French Defense
mg8urPOv,black,,,False,,60,French Defense
FhffzULF,white,,,False,,83,Nimzo-Indian Defense
ab9Icsfd,white,queenside,,False,,130,Dutch Defense
IAEMCvZ1,white,,,False,,95,Queen's Gambit
7vyetPdf,black,,,False,,75,Queen's Gambit
3zpAHpnF,white,,,False,,95,Queen's Gambit
jY8hLDcp,white,kingside,,False,,75,Queen's Gambit
23TLd8vw,black,,,False,,49,Queen's Pawn Game
qNWTWbIS,black,,,False,,20,French Defense
nu7vU3HT,white,,,False,,35,Indian Defenses
LamzLloZ,black,,,False,,93,Uncommon King Pawn
mfCKObIe,black,,,False,,88,Queen's Pawn Game
wrz3jni2,white,,,False,,75,Queen's Gambit
PB0Dlmwr,white,,,False,,35,Queen's Pawn Game
P09WfZFP,white,,,False,,42,Slav Defense
nFInrew4,white,,,False,,103,Queen's Gambit
bYHxBZwg,black,,,False,,86,Queen's Gambit
q9kWJcqg,white,,,False,,65,Queen's Gambit
MKCKp6Qd,black,,,False,,65,Trompowsky Attack
kPCSYka5,white,,,False,,57,Indian Defenses
Bm4sVPWE,black,,,False,,80,Queen's Gambit
CapPyyKM,white,,,False,,84,Grunfeld Defense
BFJqPfEg,black,,,False,,100,Queen's Pawn Game
kYqHFhdL,white,,,False,,107,Queen's Gambit
u6mpKgws,black,,,False,,70,Queen's Pawn Game
XZiuekAu,white,,,False,,49,Queen's Gambit
JMwoLqSY,white,,,False,,49,Queen's Gambit
URPhld9w,black,,queenside,False,,92,Queen's Gambit
i4zfQJPT,white,,,False,,49,Queen's Gambit
Dj2krXk5,black,,kingside,False,,34,French Defense
CtQn9WHZ,black,,,False,,74,Queen's Pawn Game
b2nDWYk8,black,,,False,,143,Uncommon King Pawn
XsvhMlHG,black,,,False,,27,Uncommon King Pawn
b0B4Hefw,white,,,False,,49,Queen's Gambit
qsvzuBQt,white,,,False,,75,Nimzo-Indian Defense
oyBvq4qn,white,,,False,,94,Queen's Pawn
rFOH2zjr,black,,queenside,False,,316,Irregular Openings
OPIkLb7U,white,,,False,,79,Queen's Pawn
sRxV2Bfc,white,,,False,,113,Queen's Gambit
1OhJsdCs,white,queenside,,False,,87,Queen's Pawn
Phwh4Z0r,white,,,False,,77,Queen's Pawn
7zOfnm6B,white,,,False,,56,Queen's Gambit
AD36BGqQ,white,,,False,,143,Queen's Pawn
dx6fh892,white,kingside,,False,,55,Slav Defense
wGUkCjsH,black,,queenside,False,,91,Uncommon King Pawn
UP0QGSwi,black,queenside,kingside,False,,50,Uncommon King Pawn
MobdGs1Y,white,,,False,,141,Trompowsky Attack
s5ujqRfs,black,,kingside,True,6,206,Uncommon King Pawn
r9m7WDUC,black,,kingside,False,,161,Irregular Openings
3PDDTvjf,white,,,False,,47,Queen's Pawn
BMfKvdk9,white,,,False,,72,Grunfeld Defense
GNC2vNnu,white,,,False,,95,Queen's Gambit
FnB9YLYr,white,,,False,,105,Queen's Pawn
9MnsWCPs,black,,kingside,False,,89,French Defense
G7soNJlH,white,,,False,,47,Slav Defense
kLWpgn7U,white,kingside,,False,,129,Trompowsky Attack
DHyYY9LA,black,,queenside,False,,94,Trompowsky Attack
gI28RrzZ,black,,kingside,False,,105,King's Pawn Game
5d7ADSU2,white,,,False,,42,Queen's Pawn
2Aoiy9Qh,white,,,False,,77,Queen's Gambit
629Br9mv,white,,,False,,103,Queen's Pawn
zDv6jO4q,white,,,False,,96,Queen's Pawn
XwJp07TV,white,,,False,,49,Queen's Pawn
f0tpqkDC,white,kingside,,False,,66,Queen's Pawn
mij91Cv9,black,,,False,,47,Irregular Openings
aQzcB6sJ,black,,kingside,False,,38,King's Indian Defense
4x3pDLx5,white,queenside,,False,,54,Queen's Gambit
rz6iyCwM,black,,kingside,False,,62,French Defense
dJmTnT8g,black,queenside,kingside,True,20,192,French Defense
vFlr8bm9,black,,kingside,False,,47,Grunfeld Defense
k6CPEGML,black,,kingside,False,,62,English Opening
awTGpJwc,white,queenside,,False,,72,Queen's Pawn
iHDOiHUK,white,kingside,,True,12,200,Queen's Gambit
5dTJaITh,black,,,False,,22,Uncommon King Pawn
N6iRBUuV,black,,,False,,45,French Defense
87BMEHKp,white,,,False,,10,King's Indian Defense
0TEmbZQC,black,,,False,,51,Irregular Openings
h6qvffCq,white,,,False,,132,Trompowsky Attack
K3KumNCj,white,queenside,,False,,62,Queen's Pawn
TngjvxeQ,white,,,False,,62,King's Indian Defense
MnM0jjjy,black,,,False,,93,Irregular Openings
b2dvVFgE,black,,kingside,False,,91,English Opening
kiSHda7E,black,,,False,,95,Reti Opening
IOerenJj,black,,,False,,58,King's Indian Defense
kUOCM1kQ,white,,,False,,79,Queen's Gambit
raYEFsdK,black,,kingside,False,,94,French Defense
QB7bkDhw,black,,kingside,False,,76,English Opening
BkVjtEFj,black,,,False,,51,French Defense
WuYTs62n,black,,kingside,False,,116,Uncommon King Pawn
XXCkOSNb,black,,kingside,False,,101,Uncommon King Pawn
5NXOT5sk,black,,,False,,4,Uncommon King Pawn
VGuwXF5l,white,,,False,,78,Indian Defenses
iHGOSYtN,white,kingside,,False,,35,Queen's Gambit
wlsyzysb,black,,kingside,False,,75,Uncommon King Pawn
9QmX76ar,white,,,False,,81,Queen's Pawn
Rtrha4Ye,white,kingside,,False,,81,Queen's Pawn Game
V59UInRa,white,,,False,,82,Queen's Gambit
TO8EeJtL,black,,kingside,False,,51,English Opening
bYbnqJCX,white,,,False,,148,Queen's Pawn Game
kUghmSvN,white,,,False,,49,Queen's Pawn
IYOmpnaB,white,,,False,,60,Queen's Gambit
SCgTj0ph,white,,,False,,62,Queen's Pawn
GaGb1kwe,black,,kingside,False,,71,French Defense
0BXPVmo3,black,,,False,,29,Trompowsky Attack
GTjDdlwd,black,,,False,,64,Queen's Pawn Game
0LbDguul,white,,,False,,102,Dutch Defense
oZRd0Z4P,black,,kingside,False,,190,Irregular Openings
1SEkmjUb,white,kingside,,False,,63,Queen's Pawn Game
843Y6XGb,white,,,False,,21,Queen's Gambit
KXL1xJw7,white,,,False,,71,Queen's Pawn
AwVRG5L7,black,,kingside,False,,63,Reti Opening
4diDaKvs,white,kingside,,False,,130,Dutch Defense
XskXTjZY,black,,,False,,21,Irregular Openings
4J3WS7UX,white,kingside,,False,,105,Grunfeld Defense
MkYc6ExB,white,,,False,,66,Queen's Pawn
TDimTsHl,black,,,False,,106,Irregular Openings
4aLpDhJv,black,,kingside,False,,76,French Defense
7BZt4kAK,white,,,False,,43,Queen's Gambit
HaXn1Es0,black,,,False,,66,French Defense
ULuy23bm,white,queenside,,False,,53,Queen's Gambit
GELCuG34,black,,,False,,95,Irregular Openings
2fLSVh76,black,,kingside,False,,26,Uncommon King Pawn
r3JgMuqN,black,,,False,,81,Irregular Openings
EOOcnZno,white,kingside,,False,,73,Queen's Pawn
Uccjct1L,black,,kingside,False,,99,Trompowsky Attack
3LDrtnHQ,black,,,False,,43,Irregular Openings
eTMQhkWK,black,,,False,,58,Irregular Openings
TmIRjbWL,black,,kingside,False,,117,Queen's Pawn Game
tdCirNHW,white,,,False,,23,Queen's Pawn
7TIfuzhY,black,,,False,,28,Uncommon King Pawn
TEJcXpfU,black,,queenside,False,,121,Queen's Pawn Game
QoDDhERf,black,,queenside,False,,58,French Defense
JwVjMnxg,white,kingside,,False,,30,Queen's Gambit
a1UJZO1r,black,,,False,,38,French Defense
urtGVt8D,black,,,False,,91,French Defense
byej4sfU,black,,kingside,False,,106,Trompowsky Attack
ezelZ29J,black,,,False,,86,Uncommon King Pawn
cA9yDQV2,white,,,False,,55,Queen's Pawn Game
5fW636Mr,white,,,False,,73,Queen's Pawn Game
sXvL1Yfz,white,,,False,,95,Queen's Pawn
EAc7vzYk,black,,,False,,42,Queen's Pawn Game
CnBRw9JG,black,,kingside,False,,57,French Defense
rGuZYuwn,black,,,False,,84,Queen's Pawn Game
9P1b1Xix,white,kingside,,False,,96,Dutch Defense
htzBVkXq,white,,,False,,93,Queen's Pawn Game
TJi6wQis,black,,kingside,False,,46,Uncommon King Pawn
gxyvuZr9,white,,,False,,67,Queen's Gambit
c90bfCG5,white,,,False,,76,Queen's Pawn
EVSJvpCC,white,kingside,,False,,47,Queen's Pawn
5VTULB02,white,kingside,,False,,84,Queen's Pawn
np7lM7AL,black,,,False,,85,Queen's Pawn Game
Abd4bkiC,white,kingside,,False,,99,Queen's Pawn
PDkPVHwQ,white,,,False,,35,Queen's Pawn Game
zFGmq3fS,black,,,False,,37,Trompowsky Attack
90BxEsHe,black,,,False,,52,Uncommon King Pawn
WlF7t8fC,black,,queenside,False,,73,French Defense
nRWH8MdF,black,,,False,,48,Queen's Pawn Game
DCl91tF4,black,,,False,,21,French Defense
FkkcwwEp,white,,,False,,86,Queen's Gambit
ZjipwcXV,black,,,False,,60,Uncommon King Pawn
Jndqm73T,black,,queenside,False,,73,French Defense
Dfg8Pz7r,black,,kingside,False,,120,Uncommon King Pawn
UiC5Z1QN,white,,,False,,36,Queen's Pawn
gl0PYBpE,black,,,False,,45,Irregular Openings
VJraJfli,white,,,False,,120,Indian Defenses
4j5BLQos,white,queenside,,False,,81,Queen's Pawn Game
j0cHPb3B,black,,,False,,98,Queen's Pawn Game
mLDA06zk,black,,,False,,80,Queen's Pawn Game
K21rfsEo,white,kingside,,False,,116,Queen's Pawn
L2B27Ku5,white,,,False,,91,Dutch Defense
hCg93iBk,white,,,False,,75,Queen's Gambit
vkXRBLgM,white,,,False,,28,Queen's Pawn
FlzU7DuK,black,,,False,,78,Queen's Pawn Game
ywgPW9cm,white,kingside,,False,,65,Queen's Pawn
dOrr3X7M,white,,,False,,65,Queen's Gambit
vt1dEBye,black,,,False,,44,French Defense
pyUrLsdF,white,,,False,,103,King's Indian Defense
LqzXrBjT,black,,,False,,82,French Defense
UO3yXZEa,black,,,False,,42,Trompowsky Attack
UXOW724h,white,,,False,,61,Queen's Pawn
E5L6QZ43,black,,,False,,93,King's Indian Defense
TdoNlcnI,white,queenside,,False,,99,Queen's Pawn
0YIzeI8c,white,,,False,,90,Queen's Gambit
xbF64MmA,black,,,False,,43,Irregular Openings
wWGMj4ui,black,,,False,,82,French Defense
UtqgMUd8,white,,,False,,35,Queen's Pawn Game
5ke1DKnc,white,,,False,,47,Queen's Pawn
cbsOduYk,black,,,False,,95,King's Indian Defense
c6NrK5M1,black,,,False,,42,Trompowsky Attack
JgI93Fkm,black,,,False,,37,Trompowsky Attack
wMI1PdZt,black,,,False,,50,Queen's Pawn Game
u9mQl8Zl,black,,queenside,False,,83,French Defense
YWol9EXJ,white,kingside,,False,,76,Queen's Gambit
lgfL2YlB,white,,,False,,35,Queen's Pawn Game
G3wm8AHA,black,,,False,,95,King's Indian Defense
fPKoH8sy,black,,,False,,78,Uncommon King Pawn
4u4f710F,white,,,False,,35,Queen's Pawn Game
odrW2HUD,black,,,False,,50,Queen's Pawn Game
7MOdj9bq,white,,,False,,59,Queen's Pawn Game
6RGG2V49,black,,,False,,60,Uncommon King Pawn
hHnq4wnI,white,,,False,,94,King's Indian Defense
lYZi6GvO,black,,,False,,54,French Defense
I8kxTX9l,black,,,False,,60,Queen's Pawn Game
mB1BLBvS,black,,kingside,False,,63,Trompowsky Attack
jqrIG7UW,white,,,False,,89,Queen's Gambit
vOAZ9GHv,white,,,False,,35,Queen's Pawn Game
veKvOQKd,black,,,False,,48,Queen's Pawn Game
Ei6EmFnk,white,,,False,,54,Queen's Gambit
CKDekBTt,white,,,False,,83,Queen's Gambit
c1KbfwWW,white,,,False,,71,Grunfeld Defense
KT2XvLGL,white,,,False,,79,Queen's Gambit
hvtoQwhT,black,,,False,,42,French Defense
SSYeiIzt,white,,,False,,61,Queen's Gambit
RsIpUq3b,black,,,False,,91,Queen's Pawn Game
Tp9RqikW,white,,,False,,105,Queen's Pawn
kxPaexmq,white,,,False,,43,Queen's Pawn
ULiA3a3f,white,,,False,,59,Queen's Pawn Game
I4dXYOJ9,black,,,False,,50,Queen's Pawn Game
8VKDxVdz,black,,,False,,49,Queen's Pawn Game
Dn6dRV4j,white,kingside,,False,,55,Queen's Gambit
sS8jJNsz,white,,,False,,59,Queen's Pawn Game
jdc7Zsfn,black,,,False,,98,Queen's Pawn Game
tFQLwnO5,black,,,False,,60,King's Indian Defense
BgIVL1LA,black,,,False,,50,Queen's Pawn Game
nsAvBmJW,black,,,False,,58,Queen's Pawn Game
mQsNxPpi,white,,,False,,42,Slav Defense
BuwhF46Q,white,,,False,,87,Queen's Pawn Game
UYf7jCLp,white,,,False,,59,Queen's Pawn Game
JlBXGyAS,white,,,False,,65,Grunfeld Defense
0qJi3TmL,white,kingside,,False,,49,Queen's Gambit
r9waHayX,white,,,False,,67,Queen's Pawn
wsJiINz1,white,,,False,,35,Queen's Pawn Game
r6zOjAB9,black,,,False,,53,French Defense
0FKF1vRA,white,,,False,,80,Queen's Gambit
C9M2FQSj,white,,,False,,55,Indian Defenses
eEnEeFEA,white,,,False,,108,Queen's Gambit
p9GaES8Y,black,,queenside,False,,54,King's Indian Defense
VpVHBbnZ,white,kingside,,False,,62,Queen's Gambit
9i883UOF,white,kingside,,True,5,84,Queen's Gambit
Iu380lNF,white,,,False,,92,Queen's Gambit
16OxzTKg,white,,,False,,47,Queen's Gambit
GXd7PJ8V,black,,,False,,41,Irregular Openings
Rky0KGYk,white,kingside,,False,,47,Queen's Pawn
u1Sx42hR,white,,,False,,36,Queen's Pawn
m0M46qx4,white,,,False,,81,Grunfeld Defense
uzJWzPOD,black,,kingside,False,,48,French Defense
8Rmshfd7,black,,kingside,False,,110,King's Indian Defense
wl48cyqr,white,,,False,,59,Queen's Pawn
3IFIXCEZ,white,kingside,,False,,98,Dutch Defense
Zvh64xbR,white,,,False,,47,Trompowsky Attack
Wlc62Obm,black,,kingside,False,,69,Trompowsky Attack
ftkP6eTv,black,,queenside,False,,67,Irregular Openings
KR4Do2Ue,white,kingside,,True,14,114,Nimzo-Indian Defense
tE9zuYYj,black,,queenside,False,,86,King's Indian Defense
agCtm9hf,black,,,False,,38,Queen's Pawn Game
9kBRcLCS,black,,kingside,False,,55,Uncommon King Pawn
vHqCDxX1,black,,,False,,8,French Defense
5hA9oWVd,white,,,False,,20,Queen's Gambit
xk0z3gkh,white,,,False,,22,Queen's Pawn
XE1SCqza,black,,kingside,False,,79,French Defense
QqoEKmHp,white,,,False,,78,Nimzo-Indian Defense
UNCZXRER,white,,,False,,71,Indian Defenses
LQbZ11ze,black,,,False,,51,King's Indian Defense
Fiu3ZyF7,black,,kingside,False,,63,English Opening
SvYOh2nn,black,,,False,,72,Trompowsky Attack
vfpPYqzK,black,,,False,,99,Irregular Openings
16xtZi5M,black,,,False,,101,Uncommon King Pawn
JKp6qqRG,white,kingside,,False,,106,Queen's Gambit
yntk7tMH,white,queenside,,False,,134,Queen's Pawn Game
lNr4fS6K,black,,,False,,88,Queen's Pawn Game
zHkoZtGa,black,,,False,,84,Queen's Pawn Game
6ZH8VyZ6,white,kingside,,False,,54,Queen's Pawn
VghfJhvh,black,,,False,,58,Queen's Pawn Game
RtkJbSbe,black,,,False,,74,Queen's Pawn Game
tSDmHEY2,black,,,False,,53,Trompowsky Attack
1eSbsjrx,black,,,False,,80,French Defense
3dGqNAOi,black,,kingside,False,,62,Queen's Pawn Game
kZiAOU17,white,,,False,,119,Nimzo-Indian Defense
U0QCPgTH,black,,,False,,33,King's Indian Defense
iIgFnHhp,black,,queenside,False,,38,King's Indian Defense
ohmurC7M,white,,,False,,42,Nimzo-Indian Defense
VkHtA6xt,white,,,False,,79,Queen's Gambit
UtzYudbq,black,,queenside,False,,38,Uncommon King Pawn
HKR824zA,black,,,False,,65,Irregular Openings
qpbruwDf,black,,queenside,False,,34,King's Indian Defense
GPX0ndCg,black,,,False,,11,Irregular Openings
JTRf4LAF,black,,kingside,False,,85,Irregular Openings
WYjcVqkI,white,,,False,,81,Queen's Gambit
tOiw7bX1,black,,queenside,False,,87,Queen's Pawn Game
vUP3lnDf,black,,kingside,False,,100,French Defense
e2vJuOrn,white,,,False,,148,Queen's Pawn
5FIXDq5e,white,kingside,,False,,208,Queen's Pawn Game
GsifsAvy,black,,,False,,69,Queen's Pawn Game
FEU5tpkY,white,,,False,,55,Indian Defenses
iOOOrGAJ,black,,kingside,False,,75,Irregular Openings
h9TmykCL,white,,,False,,94,King's Indian Defense
Lyrqfo5u,white,,,False,,31,Nimzo-Indian Defense
sfzjBjB6,white,kingside,,False,,117,Queen's Pawn
wZZUVwN9,black,,,False,,84,Queen's Pawn Game
3wMMaPcp,white,,,False,,71,Indian Defenses
keCWIFWZ,black,,,False,,31,French Defense
MlpJNmWS,black,,kingside,False,,91,Uncommon King Pawn
0gjge1Nz,black,,queenside,False,,36,King's Indian Defense
h5gBXe53,white,,,False,,105,King's Indian Defense
jjsVQKUj,black,,,False,,38,Grunfeld Defense
o8AVHVrS,white,queenside,,False,,132,Queen's Gambit
uHBY9faW,white,,,False,,53,Indian Defenses
5v2R9GqO,white,,,False,,65,Queen's Pawn
pukqDwPH,black,,kingside,False,,83,French Defense
rg2EQMag,white,,,False,,69,Nimzo-Indian Defense
GOgBn9aF,black,,kingside,False,,50,King's Pawn Game
drdqskWD,white,queenside,,False,,98,Queen's Gambit
b4ray5oU,white,,,False,,70,Queen's Gambit
aBoImX5P,black,,kingside,False,,40,French Defense
exSG47Z6,black,,,False,,140,Reti Opening
luE5UWn1,black,,,False,,77,Trompowsky Attack
VkdGLSXW,black,,kingside,False,,156,Trompowsky Attack
pR5PhWkS,black,,,False,,45,French Defense
owacjtPd,black,,,False,,99,Irregular Openings
OAKVaFX5,black,,,False,,73,French Defense
P2RIFptd,black,,queenside,False,,55,Irregular Openings
mMjTTySR,white,,,False,,188,Queen's Gambit
cbw7Qjoe,black,,,False,,188,English Opening
48o16G9z,black,,,False,,64,French Defense
Mf9wo4Ky,white,,,False,,176,Queen's Gambit
HysNW5K0,white,kingside,,False,,107,Reti Opening
528qL6wh,white,,,False,,13,Reti Opening
63gaydrh,black,,,False,,116,English Opening
Dfj4ioSz,black,,kingside,False,,86,Trompowsky Attack
8GBVjF93,white,queenside,,False,,150,Reti Opening
oXDyBxIa,white,kingside,,False,,76,Reti Opening
sfgZXAJM,white,,,False,,55,Reti Opening
XznUOvJ7,white,kingside,,False,,70,Reti Opening
D28UdrIg,black,,,False,,39,Reti Opening
dVWIpGfC,black,,kingside,False,,33,Reti Opening
sDfN9Tqe,white,kingside,,False,,125,Reti Opening
gtS2LSAX,black,,queenside,False,,67,Uncommon King Pawn
f4fISJmg,black,,,False,,53,Trompowsky Attack
kO6newB3,black,,,False,,146,Irregular Openings
rxdTxIeH,white,kingside,,False,,109,Reti Opening
rqvMLwoW,black,,,False,,118,Irregular Openings
JSLhmZ9D,white,kingside,,False,,100,Reti Opening
WVYwOr8U,black,,,False,,39,Irregular Openings
PJEzK8zM,black,,,False,,111,Reti Opening
bcqlUueI,white,kingside,,False,,80,Reti Opening
qXhDeTju,white,kingside,,False,,106,Irregular Openings
7YQcKuY5,white,,,False,,77,Reti Opening
0CUQB9gS,white,kingside,,False,,44,Reti Opening
DiQlQ1xU,black,,,False,,54,Uncommon King Pawn
9CaQeaZo,black,,queenside,False,,59,Trompowsky Attack
MlDfChAG,black,,kingside,False,,101,Uncommon King Pawn
FGlcP4i3,white,,,False,,34,Irregular Openings
m1TgcMwg,white,kingside,,False,,64,Irregular Openings
6HBzDghR,black,,,False,,53,Irregular Openings
r0V5ohdj,white,kingside,,False,,63,Irregular Openings
gHsDQmoa,white,kingside,,False,,53,Reti Opening
1sSEGiOM,white,kingside,,False,,131,Reti Opening
woQTidn0,white,queenside,,False,,96,Reti Opening
ClEaWMBU,black,,,False,,58,Trompowsky Attack
TQVgFzK2,white,kingside,,False,,90,Reti Opening
bElkGPDU,white,,,False,,69,Reti Opening
i7E6fFom,white,kingside,,False,,138,Irregular Openings
Vm2CSIcd,black,,,False,,81,Queen's Pawn Game
OE3yXybZ,black,,kingside,False,,118,Trompowsky Attack
RYLS2uu1,black,,kingside,False,,80,Reti Opening
jYAic5TM,black,,kingside,False,,52,Uncommon King Pawn
K6VmGSy6,black,,,False,,32,Irregular Openings
3uhCIGji,white,kingside,,False,,148,Reti Opening
2SP2kzWd,black,,queenside,False,,102,Reti Opening
rxB4onGR,white,kingside,,False,,86,Reti Opening
XytKVIwA,black,,,False,,109,Irregular Openings
chln8ZfE,white,kingside,,False,,64,Reti Opening
IG0rjCpa,black,,,False,,37,Reti Opening
xJXbI9Mt,black,,kingside,False,,59,Reti Opening
socwKbCf,white,kingside,,False,,44,Reti Opening
JlR5Qj5k,black,,,False,,92,Irregular Openings
KD2BnGMn,black,,,False,,71,Irregular Openings
favuWbKq,black,,,False,,39,Reti Opening
sfKFJ8na,white,kingside,,False,,44,Reti Opening
xYok8MIU,white,,,False,,57,Irregular Openings
nJyYVnbL,white,kingside,,False,,92,Reti Opening
PgQWLbok,black,,kingside,False,,97,Uncommon King Pawn
U66Bekah,white,,,False,,36,Reti Opening
dh0A5oJS,black,,,False,,149,Irregular Openings
vY5q0rc0,black,,,False,,186,Reti Opening
diEfKcGR,black,,,False,,108,Uncommon King Pawn
fmAOmMs0,white,kingside,,False,,101,Reti Opening
RgCyvuOT,white,kingside,,False,,57,Reti Opening
BjbFsFJZ,white,kingside,,False,,44,Reti Opening
gFA0Vjph,white,,,False,,113,Irregular Openings
YnB8OKGC,white,,,False,,136,Reti Opening
jg5qcUic,black,,,False,,85,Irregular Openings
fsM0ESfK,white,kingside,,False,,109,Reti Opening
3nhabLYY,black,,,False,,84,Irregular Openings
OzqpTVVT,white,queenside,,False,,131,Reti Opening
Bud6gCN6,white,kingside,,False,,125,Reti Opening
2eIDIK2B,black,,kingside,False,,306,Irregular Openings
M7zaeSYv,black,,,False,,66,Irregular Openings
1LaTJyb0,black,,kingside,False,,104,Slav Defense
6Y0ZyBLV,black,,,False,,60,Nimzo-Indian Defense
gewxfEWh,black,,queenside,False,,62,Trompowsky Attack
aXZPZsme,white,kingside,,False,,83,Reti Opening
jFi1xcMq,white,kingside,,False,,71,Reti Opening
glXE4kHV,black,,kingside,False,,95,Uncommon King Pawn
3937bk7M,white,kingside,,False,,36,Irregular Openings
Z4aqVJmb,black,,kingside,False,,89,Uncommon King Pawn
6roarqGa,white,kingside,,False,,48,Reti Opening
HBpGqMsq,black,,kingside,False,,102,Uncommon King Pawn
IAICvjXm,white,kingside,,False,,81,Irregular Openings
WaR0RaFj,white,,,False,,53,Irregular Openings
Ighn5Tha,white,queenside,,False,,110,Reti Opening
FAfnApQQ,white,kingside,,False,,115,Reti Opening
f57seOpw,white,,,False,,76,Reti Opening
k8kJONKc,black,,,False,,37,Irregular Openings
pXgUbdNg,white,,,False,,74,Indian Defenses
Zzhfzpq2,white,queenside,,False,,19,Queen's Pawn
9TRYRhwA,white,,,False,,60,Queen's Gambit
Bf3fz45I,black,,kingside,False,,89,King's Indian Defense
1zMoEeHy,white,queenside,,False,,110,Dutch Defense
9q9KswiN,black,,kingside,False,,99,French Defense
1N8T1nJg,white,,,False,,132,Queen's Gambit
LslUsqkA,white,,,False,,51,Indian Defenses
wOuGy6Gx,black,,kingside,False,,91,Queen's Pawn Game
r8zwOdUl,black,,,False,,69,Uncommon King Pawn
w7iOe1wZ,black,,kingside,False,,64,French Defense
Kt6s1YY7,black,,kingside,False,,111,French Defense
QddqsWZB,black,,kingside,False,,104,Irregular Openings
nOfDZQ8H,white,queenside,,False,,43,Queen's Pawn
1arLrrAu,white,,,False,,115,Queen's Pawn
Ea0Q3pnl,white,kingside,,False,,76,Indian Defenses
XEXM5r6P,white,kingside,,False,,52,Indian Defenses
iFsCTp3n,white,,,False,,160,Indian Defenses
gikANapW,white,,,False,,51,Queen's Gambit
o1ndqmOR,white,kingside,,False,,38,Queen's Gambit
0SrCozph,white,,,False,,124,Grunfeld Defense
1zoODIWK,black,,kingside,False,,156,French Defense
uFipRIYa,white,kingside,,False,,150,Grunfeld Defense
y2jejsls,white,kingside,,False,,76,Queen's Gambit
lNVjIae1,white,,,False,,135,Reti Opening
keDwKyxA,white,,,False,,103,Reti Opening
dYg8IJwK,black,,kingside,False,,102,English Opening
CnRVgGi0,white,queenside,,False,,68,Reti Opening
xJCDpQIa,white,kingside,,False,,148,Reti Opening
ww2lGhFk,white,kingside,,False,,104,Reti Opening
CTI6gVgS,white,queenside,,False,,59,Reti Opening
DnwbxlX5,white,kingside,,False,,50,Reti Opening
irTN9OOO,white,kingside,,False,,105,Reti Opening
FkazefKj,black,,,False,,96,Reti Opening
vuSWtn0g,black,,,False,,152,Irregular Openings
Ei9BRqnF,white,,,False,,10,Reti Opening
cc1vCkcq,white,kingside,,False,,74,Reti Opening
qIj2pVVC,white,,,False,,56,Reti Opening
fFoyrFxe,white,kingside,,False,,123,Reti Opening
YiYiVCys,white,kingside,,False,,129,Reti Opening
acaNfWnP,black,,kingside,False,,118,Uncommon King Pawn
v3QLwymJ,white,kingside,,False,,89,Reti Opening
CsQvzykD,white,kingside,,False,,77,Reti Opening
ekFIfDo9,white,kingside,,False,,133,Reti Opening
oPQrwwhd,black,,,False,,39,Trompowsky Attack
Zfst9EPK,black,,kingside,False,,57,Uncommon King Pawn
1QyXYvCt,black,,kingside,False,,149,English Opening
tHOU7p8G,white,kingside,,False,,122,Reti Opening
anCFynCe,white,queenside,,False,,112,Irregular Openings
mBC4We14,black,,,False,,99,Irregular Openings
B97msrhQ,black,,kingside,False,,120,Uncommon King Pawn
CVh3Eimk,white,kingside,,False,,96,Reti Opening
XZsI32d6,white,kingside,,False,,62,Reti Opening
uuPYhcnU,black,,,False,,109,Irregular Openings
UWZZYv61,black,,kingside,False,,121,Irregular Openings
Zrvbbolv,black,,kingside,False,,34,Slav Defense
Ds8qu0Id,white,,,False,,43,Reti Opening
HSeavYnB,white,kingside,,False,,52,Reti Opening
sAMKv91V,white,kingside,,False,,56,Reti Opening
uRVK6KLl,white,,,False,,68,Reti Opening
CrBHFeAv,black,,,False,,72,English Opening
fyGrZ8mt,white,kingside,,False,,56,Reti Opening
YPbVpv6E,white,kingside,,False,,157,Irregular Openings
iNqfaQ6C,white,kingside,,False,,40,Reti Opening
sQy6QikZ,black,,,False,,46,Uncommon King Pawn
L3Df2L68,white,queenside,,False,,56,Reti Opening
IGJrQtbs,black,,kingside,False,,55,Reti Opening
Uplvspbz,black,,,False,,39,Trompowsky Attack
WFYN3AkN,white,kingside,,False,,60,Reti Opening
ET6PmGW8,black,,kingside,False,,66,English Opening
GXXwZ0zE,black,,kingside,False,,96,Uncommon King Pawn
9op0SVLC,black,,,False,,45,Uncommon King Pawn
P1l969yS,white,,,False,,117,Reti Opening
5eQOW2ER,white,kingside,,False,,57,Reti Opening
cNjV6u6z,black,,kingside,False,,41,Uncommon King Pawn
yGtGJWTb,black,,queenside,False,,113,Irregular Openings
UHnuaiax,black,,kingside,False,,110,Uncommon King Pawn
OkYfmjmy,white,kingside,,False,,56,Reti Opening
anjKAPKb,white,kingside,,False,,38,Reti Opening
0SIJDI3A,black,,queenside,False,,133,Irregular Openings
r587y3I1,black,,kingside,False,,74,Uncommon King Pawn
7poBbUzo,white,kingside,,False,,115,Reti Opening
qltGi4Tm,white,kingside,,False,,169,Reti Opening
hme4cvvz,white,kingside,,False,,66,Reti Opening
s6UURvqL,black,,queenside,False,,285,Irregular Openings
G6mDQN1u,black,,kingside,False,,74,Uncommon King Pawn
uVwsqbeg,white,kingside,,False,,57,Reti Opening
Istr8LKS,white,kingside,,False,,99,Reti Opening
ZME7yeIJ,white,,,False,,129,Reti Opening
5ZeFJkZW,black,,kingside,False,,49,Trompowsky Attack
PxweJGxT,white,kingside,,False,,105,Reti Opening
wjM5tarp,white,,,False,,69,Queen's Gambit
HyjYNSkO,black,,,False,,64,King's Indian Defense
RHJLNIUM,white,kingside,,False,,60,Queen's Gambit
sQ3DLemh,white,,,False,,51,Queen's Gambit
PjXUiTuW,white,,,False,,88,Queen's Gambit
VPFc7p8C,white,,,False,,69,Queen's Gambit
CQ1E7EDm,black,,,False,,62,French Defense
ecUJPyOL,black,,,False,,33,Irregular Openings
QwKXxPES,white,kingside,,False,,31,Queen's Gambit
DXt2RuQb,white,,,False,,100,Dutch Defense
Yk8gcO6D,white,kingside,,False,,87,Queen's Gambit
m1HAz67h,white,kingside,,False,,54,Queen's Gambit
hkZr354p,black,,,False,,48,Irregular Openings
VQWMwiqB,white,queenside,,False,,66,Reti Opening
7HuPR3Sf,white,,,False,,49,Reti Opening
hc15mmZL,white,,,False,,104,Reti Opening
hzRX4gk6,black,,,False,,57,Indian Defenses
2DuLAt3r,white,,,False,,76,Reti Opening
dt04j4hn,black,,kingside,False,,29,Uncommon King Pawn
5moATJhB,white,queenside,,False,,139,Reti Opening
6HsZMTqS,black,,kingside,False,,69,Uncommon King Pawn
Z23umVll,black,,kingside,False,,38,Uncommon King Pawn
dd7Reukm,white,queenside,,False,,97,Reti Opening
itsSYh2p,black,,,False,,83,Irregular Openings
It1dCSpv,white,,,False,,96,Reti Opening
IkUeoEdk,white,queenside,,False,,50,Reti Opening
8glQAh2T,black,,,False,,111,Queen's Gambit
Ufs4ZHdW,white,queenside,,False,,102,Reti Opening
12xSKNYp,white,,,False,,75,King's Pawn Game
SJtS2d8h,black,,kingside,False,,58,Reti Opening
ZqBv03Mk,black,,queenside,False,,90,Irregular Openings
CXh2xJWx,black,,kingside,False,,48,Uncommon King Pawn
c6Oap8zu,black,,kingside,False,,91,King's Pawn Game
TIpiusla,white,,,False,,103,Reti Opening
Ts8SsQOB,black,,kingside,False,,93,King's Pawn Game
59sjCFBN,white,,,False,,29,Reti Opening
TwFeDpPM,black,,kingside,False,,61,King's Pawn Game
FH0pEK0x,black,,kingside,False,,37,Irregular Openings
zMdGyMQZ,black,,kingside,False,,88,King's Pawn Game
jdroYM0v,white,kingside,,False,,90,Reti Opening
RaiSE1Q7,black,,,False,,12,Irregular Openings
IsTFfQQc,white,kingside,,False,,75,Reti Opening
OBPkcaIR,black,,queenside,False,,107,Trompowsky Attack
IzfJjGek,black,,kingside,False,,76,King's Pawn Game
0U9veCM3,white,queenside,,False,,71,Reti Opening
LRumGekv,black,,kingside,False,,61,King's Pawn Game
uutsiXo9,white,kingside,,False,,72,King's Pawn Game
6gSk3Ijn,white,kingside,,False,,114,Irregular Openings
AEozX5lW,black,,kingside,False,,53,King's Pawn Game
GTUgVo5J,white,,,False,,16,Reti Opening
O58K4wsv,white,,,False,,36,Reti Opening
C87Dp0gR,white,kingside,,False,,85,Reti Opening
8uQWGrTS,black,,,False,,91,Trompowsky Attack
7EeyWHAO,white,queenside,,False,,36,Reti Opening
DCP9w1hR,white,,,False,,97,Reti Opening
fjw2YIfC,white,,,False,,100,Reti Opening
C8vkOBEm,black,,,False,,60,Queen's Pawn Game
Cso3c0Ji,black,,queenside,False,,73,Queen's Pawn Game
QPSZYYNG,black,,kingside,False,,54,Uncommon King Pawn
sXgILBdt,white,queenside,,False,,86,Reti Opening
sucq4MnE,black,,,False,,77,Uncommon King Pawn
BuvaW24w,white,,,False,,83,Queen's Pawn Game
coOc3YeR,white,kingside,,False,,96,Reti Opening
EiJhkopx,black,,,False,,40,Queen's Gambit
Q85zHmxZ,white,,,False,,104,Reti Opening
AaMAeU7G,black,,,False,,62,Queen's Pawn Game
YNCY1I3A,black,,,False,,99,Trompowsky Attack
T6naM4xx,white,,,False,,121,Irregular Openings
CRKaXoNe,black,,,False,,58,English Opening
8BCehjp6,white,,,False,,51,Irregular Openings
jExiq7U3,black,,,False,,107,Irregular Openings
jFVAbFp9,white,,,False,,54,Reti Opening
2YT4IOuP,black,,kingside,False,,48,Irregular Openings
FRVpcKM3,black,,,False,,65,Irregular Openings
YMqoCNwJ,white,kingside,,False,,49,Reti Opening
wy4a3J7W,white,kingside,,False,,92,Reti Opening
oz7XHHsE,white,kingside,,False,,52,Reti Opening
aWJiNaKP,white,kingside,,False,,44,Reti Opening
SjNOFETs,white,kingside,,False,,50,Reti Opening
6CRSfMwT,black,,kingside,False,,47,Uncommon King Pawn
EGsgbccg,black,,kingside,False,,37,Irregular Openings
n03xCyxl,white,queenside,kingside,True,9,92,Irregular Openings
w416A9RH,black,,,False,,130,Uncommon King Pawn
X02MjvSu,black,,kingside,False,,63,Trompowsky Attack
dpAeQATm,white,kingside,,False,,52,Reti Opening
VCtePczV,black,,kingside,False,,96,Trompowsky Attack
LKtnZyQj,white,,,False,,110,Reti Opening
j8Raf7t1,white,kingside,,False,,99,Reti Opening
vCOyd06V,black,,kingside,False,,41,Uncommon King Pawn
Xjp3Bk7r,black,,kingside,False,,47,Uncommon King Pawn
ANdEP8wk,black,,kingside,False,,136,Irregular Openings
pbO8ACZe,white,kingside,,False,,180,Reti Opening
AiuiMEP4,black,,queenside,False,,46,Trompowsky Attack
lKBL0Yj4,white,kingside,,False,,96,Reti Opening
zZT0DVqI,white,kingside,,False,,239,Reti Opening
t359aBvt,white,kingside,,False,,65,Reti Opening
Zvypkcgt,black,,kingside,False,,96,Uncommon King Pawn
n7iI0FuH,white,kingside,,False,,52,Reti Opening
lAs96Adm,white,kingside,,False,,100,Reti Opening
MLNyavI0,white,kingside,,False,,149,Reti Opening
9qPHg3N1,black,,kingside,False,,88,Uncommon King Pawn
MEicshn0,white,kingside,,False,,64,Reti Opening
ECe1AAyz,white,kingside,,False,,111,Reti Opening
RCtd3drk,black,,,False,,73,Trompowsky Attack
Y0U8MPoq,white,kingside,,False,,55,Reti Opening
1ojaQecz,white,kingside,kingside,True,19,335,Reti Opening
FRzVJhgj,white,kingside,,False,,121,Reti Opening
vTJBHA2u,black,,queenside,False,,69,Trompowsky Attack
FO7aSsX3,black,,,False,,77,Uncommon King Pawn
hovv41dM,black,,queenside,False,,127,Uncommon King Pawn
SJnrpCrr,white,kingside,,False,,54,Reti Opening
7YNp75Vq,black,,kingside,False,,81,Uncommon King Pawn
c2dJ0u1i,black,,kingside,False,,104,Trompowsky Attack
EzYXNE9G,white,kingside,,False,,45,Irregular Openings
n9WYS51d,black,,,False,,100,Uncommon King Pawn
A2tgyZbP,black,,kingside,False,,41,Uncommon King Pawn
V6Vbj8Va,black,,kingside,False,,25,Uncommon King Pawn
tTPnOTdA,black,,,False,,7,Irregular Openings
NvUCIq5g,black,,kingside,False,,88,Irregular Openings
GEvCpQoI,black,,queenside,False,,166,Trompowsky Attack
64VXn5Kd,black,,kingside,False,,45,English Opening
uncrfHuz,white,kingside,,False,,90,Reti Opening
s0dueSDF,black,,,False,,85,Irregular Openings
7JZbpFKB,black,,,False,,37,Trompowsky Attack
8FPjUkhr,white,kingside,,False,,111,Reti Opening
TmKAKyXh,black,,kingside,False,,53,Uncommon King Pawn
zEpDhgZl,white,,,False,,2,Reti Opening
RwRvUwAT,black,,kingside,False,,55,Uncommon King Pawn
85a8o1jG,black,,kingside,False,,39,Slav Defense
8erXB6wg,black,,queenside,False,,61,Trompowsky Attack
iCfnQSbR,white,queenside,,False,,81,Reti Opening
fXSBMK5I,white,kingside,,False,,75,Reti Opening
2gWfxH7z,white,kingside,,False,,68,Reti Opening
BGLR0JEZ,black,,kingside,False,,188,Trompowsky Attack
ZVS1IgME,white,kingside,,False,,58,Reti Opening
HS9CF6ha,white,kingside,,False,,42,Reti Opening
j5Aa47zc,black,,kingside,False,,113,Irregular Openings
M9mszpHe,black,,,False,,40,Irregular Openings
6OwxFlTX,white,kingside,,False,,48,Reti Opening
yNvxBSfa,white,kingside,,False,,158,Reti Opening
1FCWKId3,black,,kingside,False,,91,Uncommon King Pawn
kimUBTZo,black,,kingside,False,,76,Nimzo-Indian Defense
K0mg2HoT,black,,,False,,93,Uncommon King Pawn
AkjV5ucJ,black,,kingside,False,,113,Uncommon King Pawn
ROLNtpq1,white,kingside,,False,,42,Reti Opening
F3szvw5r,black,,kingside,False,,74,Uncommon King Pawn
KJIQOPLB,black,,,False,,91,Uncommon King Pawn
ymwdy4XL,white,kingside,,False,,73,Irregular Openings
JsrcYelQ,white,,,False,,56,Reti Opening
AyOS8rQK,black,,kingside,False,,103,Uncommon King Pawn
RjOEXe4j,white,kingside,,False,,56,Reti Opening
5tmxsILv,black,,,False,,104,Reti Opening
MyIsQWwV,black,,kingside,False,,79,Irregular Openings
Da3BCFNb,black,,kingside,False,,30,Irregular Openings
IJtYO35Q,white,kingside,,False,,52,Reti Opening
6nGYGfIs,black,,kingside,False,,76,Trompowsky Attack
8X4w4Oxy,white,kingside,,False,,90,Reti Opening
Myd4acPI,white,kingside,,False,,148,Reti Opening
2oaItTXf,white,kingside,,False,,37,Reti Opening
PBuwuXY9,black,,,False,,99,Uncommon King Pawn
BUN1U88M,black,,kingside,False,,59,Trompowsky Attack
uR8n5IQd,white,,,False,,58,Reti Opening
koT0wpjL,black,,kingside,False,,57,Uncommon King Pawn
MIMOKbnu,black,,kingside,False,,39,Uncommon King Pawn
CYslhJXZ,black,,kingside,False,,112,Uncommon King Pawn
aBUR8itv,black,,kingside,False,,114,Uncommon King Pawn
pOyebv3u,white,kingside,,False,,80,Reti Opening
8nPzbzAB,white,kingside,,False,,27,Reti Opening
V7eBxvP3,black,,,False,,71,Uncommon King Pawn
ZDOFWnl7,black,,kingside,False,,69,French Defense
Q6uP5Tgp,white,kingside,,False,,47,Irregular Openings
5AEExOjH,black,,kingside,False,,44,Irregular Openings
CYXqUU3F,black,,kingside,False,,42,Irregular Openings
puTC2yj8,black,,kingside,False,,35,Uncommon King Pawn
eBMhdiap,black,,,False,,25,Trompowsky Attack
lxDtEeg0,black,,,False,,98,Trompowsky Attack
Vm9DaAXm,black,,queenside,False,,108,Slav Defense
DYUVgqE8,white,kingside,,False,,66,Reti Opening
9Fflchxu,white,kingside,,False,,50,Reti Opening
6Ku61W0t,white,kingside,,False,,78,Reti Opening
EZZMZIHq,white,kingside,,False,,42,Reti Opening
aOlKeVIY,white,kingside,,False,,35,Reti Opening
6EEl3Rx2,black,,,False,,101,Uncommon King Pawn
ph1ry5qE,white,,,False,,51,Irregular Openings
wqyjo6zM,white,kingside,,False,,60,Irregular Openings
r3FYUCal,black,,kingside,False,,99,Uncommon King Pawn
WFzJgd5e,white,queenside,,False,,83,Irregular Openings
s1Jlq3MF,black,,kingside,False,,105,Uncommon King Pawn
mdk57XJS,white,kingside,,False,,43,Irregular Openings
EV5BuvId,black,,,False,,102,Uncommon King Pawn
wa3e83SZ,black,,,False,,163,Reti Opening
S9juyYbp,black,,,False,,42,Nimzo-Indian Defense
J7RkUMUP,black,,queenside,False,,77,Trompowsky Attack
sryVmCqU,white,kingside,,False,,55,Irregular Openings
f4KfkPwf,black,,,False,,31,Reti Opening
bFbPsC14,black,,,False,,67,Uncommon King Pawn
5855BKGV,black,,,False,,34,Irregular Openings
KOyVG3yb,white,kingside,,False,,78,Irregular Openings
SzpRPXiQ,black,,,False,,126,Uncommon King Pawn
pr7C5Gaf,black,,kingside,False,,47,Slav Defense
VOy14QVn,black,kingside,kingside,True,33,384,Reti Opening
iCZfeW80,white,kingside,,False,,40,Irregular Openings
0uNN1Z4q,white,kingside,,False,,54,Irregular Openings
F9GCGIkz,black,,kingside,False,,68,Catalan Opening
U8iZIKZU,white,kingside,,False,,89,Irregular Openings
XtTxMfKT,black,,,False,,84,Uncommon King Pawn
KnEf4EPM,black,,,False,,42,Irregular Openings
lASr7PGT,black,,,False,,81,Reti Opening
rGedR4Y5,white,,,False,,76,Irregular Openings
RP85cqdp,white,kingside,,False,,71,Irregular Openings
EDe1laYR,white,,,False,,8,Irregular Openings
Eru9AA2o,black,,queenside,False,,97,Trompowsky Attack
3cZUlyAW,black,,,False,,42,Trompowsky Attack
zKwilsKN,white,kingside,,False,,55,Irregular Openings
3edGrj5v,black,,,False,,62,Irregular Openings
ovVGzt6o,black,kingside,kingside,True,16,201,Reti Opening
Njvp3jee,white,kingside,,False,,82,Reti Opening
oXp05jgf,white,kingside,,False,,86,Irregular Openings
YPKh6W2u,black,,queenside,False,,110,Trompowsky Attack
B05wuhQX,white,kingside,,False,,37,Irregular Openings
rhsZ1Xci,black,,,False,,65,Irregular Openings
FwoJgbGT,white,kingside,,False,,104,Irregular Openings
kdBRbUtJ,black,,,False,,97,Uncommon King Pawn
sjYWM16d,black,,kingside,True,20,115,English Opening
lkKxm0hn,black,,,False,,42,Trompowsky Attack
jA9Clodw,black,,,False,,80,Trompowsky Attack
50A0ibuX,white,kingside,,False,,120,Irregular Openings
bYHdHZZd,black,,,False,,115,Irregular Openings
W6dusajE,black,,,False,,91,Irregular Openings
Es74ezFu,white,,,False,,67,Irregular Openings
maj1jRLa,white,kingside,,False,,62,Irregular Openings
RUxL2rsK,white,kingside,,False,,52,Irregular Openings
tiG3Eyqw,white,kingside,,False,,120,Irregular Openings
ZwSMrOyt,white,kingside,,False,,80,Irregular Openings
2HMzP8Ws,black,,,False,,107,Irregular Openings
0kU3D9xF,black,,,False,,44,English Opening
7FEoDH6K,white,kingside,,False,,128,Irregular Openings
nfQJu9F4,white,kingside,,False,,35,Irregular Openings
5PUe8qoy,black,,,False,,99,Uncommon King Pawn
EkmlyKHb,white,,,False,,105,Reti Opening
kBkiZow0,black,,queenside,False,,102,Reti Opening
Nkjsnq2x,white,queenside,,False,,29,Irregular Openings
jWuCotXj,black,,,False,,83,Slav Defense
nYL40frF,black,,kingside,False,,101,Uncommon King Pawn
ebgBqfEd,black,,,False,,30,Irregular Openings
Vy10VQWL,white,kingside,,False,,78,Irregular Openings
PQ4HI3dM,white,queenside,,False,,80,Irregular Openings
O87SM3zE,white,queenside,,False,,54,Irregular Openings
UqnBKjdB,black,,,False,,84,Uncommon King Pawn
78CfZKv8,white,kingside,,False,,111,Irregular Openings
rwBPC2IE,black,,kingside,False,,97,Irregular Openings
0yCfUC6A,black,,kingside,False,,114,Uncommon King Pawn
yMRg6fLM,black,,,False,,72,Uncommon King Pawn
b2d7uHM6,white,,,False,,54,Irregular Openings
hgzQtVRN,black,,kingside,False,,27,King's Pawn Game
rSeSGb3p,white,kingside,,False,,23,Irregular Openings
FOppKoOw,white,queenside,,False,,93,Irregular Openings
PBytsxiP,white,kingside,,False,,32,Irregular Openings
xZAKxruH,black,,,False,,82,Uncommon King Pawn
SNALW2bO,black,,,False,,35,Irregular Openings
wlZsYYOV,black,,,False,,35,Irregular Openings
Int9eZ3E,white,kingside,,False,,132,Irregular Openings
IZ4cp7Ks,white,,,False,,37,Irregular Openings
QjiIUUsf,white,kingside,,False,,48,Irregular Openings
64xGIkfJ,white,kingside,,False,,46,Irregular Openings
k9jt9FZS,black,,,False,,79,Trompowsky Attack
Etcss3YQ,black,,,False,,75,Uncommon King Pawn
4EdPqJWq,black,,,False,,72,Trompowsky Attack
CvHu9pbV,black,,queenside,False,,77,Irregular Openings
SmWb84AS,white,,,False,,56,Irregular Openings
8Dl94TcW,black,,,False,,5,Trompowsky Attack
ZL0umzvT,white,kingside,,False,,81,Irregular Openings
wsZYJNCE,white,queenside,,False,,40,Irregular Openings
ZvW6wcQN,black,,kingside,False,,186,Irregular Openings
4OGFlKqS,white,kingside,,False,,31,Irregular Openings
8BMJs9sC,white,,,False,,57,Irregular Openings
72yYGKGP,black,,kingside,False,,113,Slav Defense
eggpdzA4,black,,,False,,137,Indian Defenses
JwIOGntA,black,,,False,,76,English Opening
9aQXdOHS,white,kingside,,False,,117,Irregular Openings
A6uRMhVh,white,kingside,,False,,43,Irregular Openings
wvh3AIuS,black,,,False,,35,Uncommon King Pawn
Vs2Y7Fuw,black,,,False,,74,Uncommon King Pawn
zi0M19nh,white,kingside,,False,,25,Irregular Openings
Op7rEmOf,black,,,False,,72,Irregular Openings
FdnBG9HT,black,,queenside,False,,58,Slav Defense
KECo006J,white,,,False,,77,Irregular Openings
YDJwx8CZ,white,kingside,,False,,78,Irregular Openings
I0TXwynL,white,,,False,,27,Irregular Openings
ywZsXY9m,black,,kingside,False,,114,Trompowsky Attack
QEC72YpG,black,,kingside,False,,68,Trompowsky Attack
j5HCV4Pq,white,kingside,,False,,79,Irregular Openings
Ze18kP2K,white,kingside,,False,,59,Irregular Openings
QcHENHNF,white,kingside,,False,,75,Irregular Openings
6wsz82EW,black,,queenside,False,,60,Irregular Openings
UJl5kcVO,black,,queenside,False,,59,Irregular Openings
6Nl3isFh,white,kingside,,False,,141,Irregular Openings
4YwFcRJ3,white,queenside,,False,,74,Irregular Openings
yypCTiP9,black,,,False,,104,English Opening
PKJoDzFI,black,,,False,,68,Irregular Openings
E0ArNWrk,white,queenside,,False,,158,Irregular Openings
AOoW2B87,white,kingside,,False,,73,Irregular Openings
0fctu0ok,black,,,False,,69,Irregular Openings
nuOJmjn3,white,kingside,kingside,True,7,234,Irregular Openings
oa4TSXdn,black,,kingside,False,,89,Irregular Openings
sek3zFy3,black,,kingside,False,,106,Uncommon King Pawn
9OjCqHCk,black,,kingside,False,,57,English Opening
4jdUTdBe,black,,,False,,64,Trompowsky Attack
9f48NHYa,white,,,False,,81,Irregular Openings
DoZKti1U,white,kingside,,False,,55,Irregular Openings
yeyk1GhU,white,,,False,,59,Irregular Openings
e04B0lPJ,black,,,False,,80,Trompowsky Attack
p0kp3a4P,white,kingside,,False,,71,Irregular Openings
Uz8aeThB,black,,,False,,147,Irregular Openings
Fc9nLPIl,white,kingside,,False,,69,Irregular Openings
6I5ZP3LV,black,,kingside,False,,41,Uncommon King Pawn
AiAjsLrs,black,,kingside,False,,37,Irregular Openings
Z7al7da0,white,,,False,,62,Irregular Openings
4CZHhQI5,white,kingside,,False,,57,Irregular Openings
0cKO3QuY,black,,kingside,False,,83,Slav Defense
g5RCU7W7,white,queenside,,False,,82,Irregular Openings
svEdtG7z,white,kingside,,False,,57,Irregular Openings
4hXzbIlK,black,,,False,,63,Uncommon King Pawn
cUJZaZBk,black,,,False,,39,Irregular Openings
5NjqjoB4,white,queenside,,False,,67,Irregular Openings
MAwi6YSF,white,kingside,,False,,51,Irregular Openings
MsVm0EVC,black,,kingside,False,,41,Uncommon King Pawn
NNIl9DEr,black,,,False,,96,Irregular Openings
LlR9rQo4,white,,,False,,57,Irregular Openings
bn44RH2a,black,,kingside,False,,43,Uncommon King Pawn
Xx34wptL,white,kingside,,False,,79,Irregular Openings
3wBDOCWe,white,,,False,,49,Irregular Openings
L6zXJKNh,black,,kingside,False,,96,Irregular Openings
4gbsiusE,black,,,False,,73,Uncommon King Pawn
AaBCXK59,white,kingside,,False,,37,Irregular Openings
9Y6859MZ,white,kingside,,False,,43,Irregular Openings
iwksSvnG,black,,kingside,False,,44,Nimzo-Indian Defense
RQopOYDz,white,queenside,,False,,61,Irregular Openings
TAhCo6Tq,white,,,False,,140,Irregular Openings
R0pV8MQy,black,,kingside,False,,69,Reti Opening
0rmJQQPZ,white,kingside,,False,,135,Irregular Openings
mwtCcWCU,white,kingside,,False,,61,Irregular Openings
38bLRmLJ,black,,,False,,54,Uncommon King Pawn
9CulqErE,white,kingside,,False,,46,Irregular Openings
7USxy9Ye,white,kingside,,False,,48,Irregular Openings
Db6dUlnl,black,,kingside,False,,278,Irregular Openings
RG8Qr57i,black,,,False,,42,Reti Opening
vPqTdTbr,white,,,False,,61,Irregular Openings
KVmzZFI0,black,,,False,,38,Reti Opening
96aJjJha,black,,kingside,False,,66,Irregular Openings
0b8nVaxC,white,,,False,,33,Irregular Openings
9kXnyePZ,black,,kingside,False,,46,Irregular Openings
rSzyJJkF,white,,,False,,51,Irregular Openings
AmfjzN1P,white,kingside,,False,,146,Irregular Openings
essaKKc7,white,,,False,,91,Irregular Openings
6Q9DoXjx,black,,,False,,7,Reti Opening
m6MMIxhv,black,,,False,,20,Reti Opening
1X3erq2d,white,,,False,,35,Irregular Openings
VWu0iQO6,black,,kingside,False,,35,Slav Defense
DPAT5wsO,black,,,False,,45,Uncommon King Pawn
ARI91FPo,black,,,False,,31,Trompowsky Attack
jUsnJQuj,black,,queenside,False,,87,Uncommon King Pawn
Duiez8pZ,white,,,False,,83,Irregular Openings
DSTmZxnR,black,,kingside,False,,81,Trompowsky Attack
uK8KiAQt,white,,,False,,29,Irregular Openings
2Spyf2L2,black,,kingside,False,,53,Uncommon King Pawn
ATGsOU6t,black,,kingside,False,,82,Uncommon King Pawn
2hrRyGc1,black,,kingside,False,,41,Uncommon King Pawn
87YPm99Z,white,kingside,,False,,226,Irregular Openings
0McdubFG,white,queenside,,False,,152,Irregular Openings
x3yM6AEZ,black,,kingside,False,,43,Irregular Openings
wu9nuFHM,black,,,False,,55,Reti Opening
dkarIpIv,black,,kingside,False,,53,Uncommon King Pawn
8J6Sy7aI,white,kingside,,False,,39,Irregular Openings
Eyt9O9Hy,black,,kingside,False,,81,Uncommon King Pawn
ZLM4H2ib,white,kingside,,False,,65,Irregular Openings
nRQ27uCV,black,,kingside,False,,56,Irregular Openings
S25S52gd,white,kingside,,False,,69,Irregular Openings
ADyfjOxe,black,,kingside,False,,64,Irregular Openings
yqqf4MzO,black,,,False,,39,Irregular Openings
Y8Wk193g,black,,,False,,80,Trompowsky Attack
X5IZmJjJ,white,queenside,,False,,64,Irregular Openings
gcO4NwAh,black,,kingside,False,,160,English Opening
CTO72NRu,black,,,False,,57,Uncommon King Pawn
jAKMWKCr,white,,,False,,39,Irregular Openings
CV0bGE9S,white,,,False,,47,Irregular Openings
vYYTMSl3,white,kingside,,False,,46,Irregular Openings
3Q7x2UoO,black,,kingside,False,,84,Reti Opening
qM5nEv7H,black,,kingside,False,,41,Trompowsky Attack
lGI3kmaL,white,kingside,,False,,31,Irregular Openings
Qw3DzmOl,black,,kingside,False,,43,Uncommon King Pawn
mRYoXLOb,black,,,False,,31,Uncommon King Pawn
batjr4Hm,black,,kingside,False,,89,Irregular Openings
EmDX6oxa,white,,,False,,65,Irregular Openings
WREFaGAj,black,,,False,,61,English Opening
jA31qOUB,black,,,False,,159,Uncommon King Pawn
gygbmShc,white,queenside,,False,,74,Irregular Openings
wXCjISU2,white,kingside,,False,,59,Irregular Openings
Uve3Kvti,white,queenside,,False,,109,Irregular Openings
DkYnhKUG,white,queenside,,False,,71,Irregular Openings
2vilTsnz,white,,,False,,65,Irregular Openings
B31AaSlS,black,,kingside,False,,82,Uncommon King Pawn
e0LGb2lg,white,,,False,,91,Irregular Openings
XSnsIRMJ,white,kingside,,False,,55,Irregular Openings
rTD80KYx,black,,kingside,False,,115,Irregular Openings
JBTazWJS,white,kingside,kingside,True,9,100,Irregular Openings
wSNip4gw,black,,,False,,54,Irregular Openings
qea9nAzn,white,,,False,,129,Irregular Openings
fmQUNMo4,white,queenside,,False,,122,Irregular Openings
f4VRlWf9,black,,,False,,97,Uncommon King Pawn
keudErBW,black,,,False,,64,Irregular Openings
or9VD3Ta,white,kingside,,False,,58,Irregular Openings
WzMlqNhT,black,,kingside,False,,71,Irregular Openings
uqKStzYs,white,kingside,,False,,42,Irregular Openings
cZL6ZPVJ,white,,,False,,47,Irregular Openings
Gx0lb6B4,black,,,False,,142,Irregular Openings
aWEKZGIv,black,,kingside,False,,98,Uncommon King Pawn
dIm0Yaiw,white,queenside,,False,,126,Irregular Openings
1pvbbMPm,black,,,False,,87,Slav Defense
fZZbZS7i,white,,,False,,25,Irregular Openings
RJkPzcZv,white,kingside,,False,,39,Irregular Openings
nCVL2WDt,white,,,False,,37,Irregular Openings
kY2KyZI9,white,,,False,,66,Irregular Openings
Wv5f1sGI,black,,kingside,False,,102,Uncommon King Pawn
kvNC3dRp,black,,kingside,False,,89,English Opening
BRYnJMqI,black,,queenside,False,,52,Irregular Openings
30lLrF0E,black,,kingside,False,,139,Irregular Openings
pxcJ1oOz,white,kingside,,False,,93,Irregular Openings
oUWliPNW,white,,,False,,65,Irregular Openings
nwgzFJKW,black,,,False,,36,Nimzo-Indian Defense
cNXYAeFO,white,kingside,,False,,69,Irregular Openings
RAPTij0j,white,kingside,,False,,139,Irregular Openings
4SKeYp4L,white,,,False,,31,Irregular Openings
l78rgN1N,black,,,False,,130,Uncommon King Pawn
Rc7vrIAS,white,queenside,,False,,160,Irregular Openings
ugPo2In3,black,,kingside,False,,90,Uncommon King Pawn
V5eN0T2G,black,,kingside,False,,55,French Defense
C7kdgcjU,white,,,False,,71,Irregular Openings
PuI9pOPh,black,,kingside,False,,66,English Opening
yJDg76dW,black,,queenside,False,,46,Trompowsky Attack
GogXf1FP,white,kingside,,False,,47,Irregular Openings
3Wij0Jh9,white,kingside,,False,,49,Irregular Openings
sNeuBZWP,black,,,False,,131,Uncommon King Pawn
mRGvdwaj,white,kingside,,False,,84,Irregular Openings
OUCc3Dgc,black,,,False,,56,Reti Opening
1tliahbw,white,,,False,,101,Irregular Openings
M1FyQQWe,black,,kingside,False,,74,Uncommon King Pawn
MluNSN0I,black,,kingside,False,,47,Trompowsky Attack
RMUFvv2X,black,,,False,,94,Reti Opening
vnDRu4DC,black,,kingside,False,,53,Trompowsky Attack
Dz8koYqG,white,kingside,,False,,73,Irregular Openings
nHNQwTpQ,white,kingside,,False,,63,Irregular Openings
eyZmFREE,white,queenside,,False,,53,Irregular Openings
Mz9hdNTg,black,,kingside,False,,45,Uncommon King Pawn
4tBVwwLf,black,,kingside,False,,148,Uncommon King Pawn
LhW2nSzW,white,kingside,,False,,82,Irregular Openings
vEL0lg9C,white,,,False,,25,Irregular Openings
J3oAbgP5,black,,queenside,False,,34,Slav Defense
SLE3EOvL,black,,,False,,65,Irregular Openings
XsohTDF9,black,,,False,,79,English Opening
a3bsJ8BE,white,kingside,,False,,62,Irregular Openings
QxHH3KSq,black,,,False,,102,Uncommon King Pawn
FAgFYKoJ,black,,,False,,147,Uncommon King Pawn
wUHsLx7l,black,,kingside,False,,42,Uncommon King Pawn
IVIxJBzx,white,kingside,,False,,33,Irregular Openings
FDCgMBkL,white,,,False,,58,Irregular Openings
VCJPxm94,black,,,False,,53,Indian Defenses
odkdnww7,black,,,False,,116,Uncommon King Pawn
t6zp2sXx,black,,,False,,110,Uncommon King Pawn
FqbuwJTT,white,,,False,,115,Irregular Openings
Mqmg10zA,black,,kingside,False,,67,Nimzo-Indian Defense
YUZ0Yajf,black,,,False,,59,Reti Opening
PKKZw9VA,white,,,False,,45,Irregular Openings
i8sy1H5F,black,,kingside,False,,65,Uncommon King Pawn
A5rstMac,white,queenside,,False,,74,Irregular Openings
OyThGh6R,white,kingside,,False,,102,Irregular Openings
750NZJzr,black,,,False,,39,Uncommon King Pawn
iVI47ZZu,black,,kingside,False,,56,Indian Defenses
oetoQ6qO,white,,,False,,81,Irregular Openings
BpKfz8d1,white,kingside,,False,,110,Irregular Openings
mx5oSvEj,black,,kingside,False,,110,Reti Opening
STp6JVWh,white,,,False,,56,Irregular Openings
EQgGYbN5,white,kingside,,False,,82,Irregular Openings
pzjim4xP,black,,,False,,104,Uncommon King Pawn
gWekqtTn,white,kingside,,False,,61,Irregular Openings
6nWboHzW,black,,,False,,43,Uncommon King Pawn
rjh8CHQN,black,,queenside,False,,75,Uncommon King Pawn
Jtmx8rBN,black,,,False,,73,Irregular Openings
lGBbZjDv,black,,,False,,67,Irregular Openings
S6mg61RF,white,queenside,,False,,69,Irregular Openings
9BQxRNFH,white,,,False,,73,Irregular Openings
kv47w9ed,black,,,False,,80,Uncommon King Pawn
UHlRKUCu,black,,kingside,False,,61,Trompowsky Attack
PpdOGMlJ,black,,kingside,False,,44,French Defense
ixlaD3aS,black,,kingside,False,,59,English Opening
hfkgMO6p,white,,,False,,53,Irregular Openings
KF0PvmU5,black,,,False,,72,Trompowsky Attack
a4a89NFo,white,,,False,,75,Irregular Openings
gn86yaln,white,,,False,,105,Irregular Openings
EwkLlnOb,black,,kingside,False,,31,Uncommon King Pawn
ppvlYfRh,white,,,False,,53,Irregular Openings
VoTuuo13,black,,,False,,131,Irregular Openings
niyCeo01,white,queenside,,False,,70,Irregular Openings
DjhU563X,black,,kingside,False,,45,Reti Opening
M9SFKZ7D,white,queenside,,False,,92,Irregular Openings
BMAPGpWT,white,queenside,,False,,113,Reti Opening
daQBB5gI,white,kingside,,False,,134,Irregular Openings
NgiNFlGl,black,,,False,,87,Irregular Openings
5hZTDRNs,black,,,False,,100,Uncommon King Pawn
0OlHGbIg,black,,,False,,37,Reti Opening
qLXY6noA,white,queenside,,False,,86,Irregular Openings
8YRrnG2g,black,,,False,,21,Irregular Openings
DrO6U2wD,black,,,False,,87,Irregular Openings
naHCzUbK,black,,,False,,73,Irregular Openings
rp1iCPpZ,white,kingside,,False,,101,Irregular Openings
G3byI4po,black,,,False,,106,Reti Opening
ldOC5lr2,white,,,False,,59,Irregular Openings
Snaajj5x,black,,queenside,False,,61,Irregular Openings
TTuPDlW8,white,kingside,,False,,113,Irregular Openings
ZjjtNdIr,black,,,False,,146,Uncommon King Pawn
CJjFuquI,black,,,False,,36,Irregular Openings
gNrSqXjO,black,,,False,,113,Irregular Openings
0NsT8KvX,black,,kingside,False,,75,Irregular Openings
3h3bBSmj,black,,,False,,44,Irregular Openings
8kiRQJ2Z,white,queenside,,False,,61,Irregular Openings
SkXusK2m,black,,,False,,56,Trompowsky Attack
9NoWmewT,white,kingside,,False,,53,Irregular Openings
BagE14kT,black,,,False,,26,Irregular Openings
Cwsgx0SN,white,,,False,,104,Irregular Openings
R0hhMjoL,black,,queenside,False,,64,Irregular Openings
ZroUd436,white,,,False,,85,Irregular Openings
d5lM7iyy,white,queenside,,False,,78,Irregular Openings
IfqjiEXf,white,kingside,,False,,61,Irregular Openings
OR7vfzD8,black,,,False,,32,Uncommon King Pawn
zmJuDl4z,white,kingside,,False,,70,Irregular Openings
m7rx085h,black,,kingside,False,,38,Trompowsky Attack
lYaJ4sOP,black,,queenside,False,,130,Trompowsky Attack
RelIb0VS,black,,kingside,False,,63,Uncommon King Pawn
6UB7uLeK,black,,,False,,44,Trompowsky Attack
0BJzy4qN,black,,,False,,29,Uncommon King Pawn
wQHJg8D3,black,,,False,,70,Uncommon King Pawn
ihox6Jgt,white,kingside,,False,,33,Irregular Openings
GV1RxV19,black,,kingside,False,,31,English Opening
BUpJviL2,white,,,False,,21,Irregular Openings
oZrR52rV,white,kingside,,False,,63,Irregular Openings
P7hGbGFi,black,,,False,,32,Uncommon King Pawn
UxygXWyI,black,,kingside,False,,73,Irregular Openings
xLp61dow,black,,,False,,24,Uncommon King Pawn
4K1RJ2cW,white,kingside,,False,,116,Irregular Openings
3oM1Ygu6,white,kingside,,False,,96,Irregular Openings
bAgF7nCf,black,,,False,,179,Uncommon King Pawn
BBBaqpqC,black,,kingside,False,,37,Reti Opening
6crdJc8l,black,,kingside,False,,73,Reti Opening
hfCyIfJu,black,,kingside,False,,51,Uncommon King Pawn
Rjg0eyms,black,,kingside,False,,52,Irregular Openings
smAIszvU,black,,queenside,False,,103,Uncommon King Pawn
EFJnD8eM,white,kingside,,False,,115,Irregular Openings
Vx8HATt2,black,,,False,,86,English Opening
8HLx6IQd,white,queenside,,False,,83,Irregular Openings
l8JRJywF,white,queenside,,False,,65,Irregular Openings
y8zWpEA9,white,kingside,,False,,55,Irregular Openings
VP0Tus49,black,,,False,,96,Uncommon King Pawn
PfYjOCce,white,,,False,,35,Irregular Openings
QrNG3ehv,black,,kingside,False,,37,Uncommon King Pawn
shQDj6QM,black,,kingside,False,,130,English Opening
sOZZcfMP,black,,,False,,33,Uncommon King Pawn
eGyFmmmO,white,kingside,,False,,69,Irregular Openings
ki32GGvw,white,queenside,,False,,41,Irregular Openings
WBWNbedr,white,,,False,,46,Irregular Openings
3GAGeAZY,white,,,False,,10,Irregular Openings
g7J3dV1g,black,,kingside,False,,122,Trompowsky Attack
43In5i34,white,kingside,,False,,55,Irregular Openings
x65GxVDJ,black,,,False,,86,Trompowsky Attack
Pb6x72Bw,white,kingside,,False,,73,Irregular Openings
qqoGtMzd,black,,kingside,False,,30,Reti Opening
7bilvEdC,white,kingside,,False,,33,Irregular Openings
H4pvfcSt,white,kingside,,False,,57,Irregular Openings
DZFrmbCg,white,,,False,,39,Irregular Openings
t5JJ41Zy,black,,,False,,98,Reti Opening
UMU7DgEz,black,,,False,,68,Irregular Openings
h0zSj2i0,black,,queenside,False,,46,Irregular Openings
HlZhgY78,white,kingside,,False,,35,Irregular Openings
TVM6JTT1,white,kingside,,False,,53,Irregular Openings
VRXaG5oY,black,,,False,,71,Uncommon King Pawn
A1g4lQGT,white,kingside,,False,,74,Irregular Openings
3EnYIZWq,black,,,False,,77,Irregular Openings
NDoUxNmd,white,kingside,,False,,111,Irregular Openings
R3WxMQO3,white,kingside,,False,,49,Irregular Openings
CBtUV2Mw,white,kingside,,False,,39,Irregular Openings
RxEIccLs,black,,,False,,59,Irregular Openings
e0BF23JZ,black,,kingside,False,,57,Uncommon King Pawn
BLpOwlpb,white,queenside,,False,,67,Irregular Openings
VC8DLUxl,black,,kingside,False,,41,Trompowsky Attack
mjd6CVWW,white,,,False,,94,Irregular Openings
KVclLq42,white,kingside,,False,,75,Irregular Openings
trWvaQ3T,white,kingside,,False,,57,Irregular Openings
o9a2FtR5,black,,kingside,False,,50,Nimzo-Indian Defense
U0k4Es2M,black,,,False,,23,Reti Opening
Em9k8GnD,black,,queenside,False,,68,Trompowsky Attack
iDcLld0n,black,,kingside,False,,73,Uncommon King Pawn
omgKoHxV,black,,,False,,96,Trompowsky Attack
xtF3HNP2,white,kingside,,False,,63,Irregular Openings
9leubrug,black,,kingside,False,,37,Uncommon King Pawn
b1Sj8uHM,black,,kingside,False,,79,Uncommon King Pawn
ecfroTeH,black,,queenside,False,,68,Trompowsky Attack
GdkBVA8O,white,kingside,,False,,89,Irregular Openings
O47UoNbU,white,kingside,,False,,39,Irregular Openings
OPVtwwME,white,,,False,,115,Irregular Openings
PRAAR53j,white,,,False,,45,Irregular Openings
0ycq07j9,black,,queenside,False,,55,Uncommon King Pawn
mekYoefd,white,kingside,,False,,138,Irregular Openings
j15si5Tw,black,,,False,,59,Uncommon King Pawn
qIwigMRb,white,kingside,,False,,34,Irregular Openings
iNZCGbnX,white,queenside,,False,,102,Irregular Openings
36Y5RaiA,black,,kingside,False,,71,Irregular Openings
wVDqIP2D,black,,,False,,130,Uncommon King Pawn
QfpsJfUS,white,kingside,,False,,51,Irregular Openings
ARg4xfWN,white,,,False,,74,Irregular Openings
rKnjv7fo,white,kingside,,False,,107,Irregular Openings
K487fnK1,black,,kingside,False,,82,Nimzo-Indian Defense
qXACkdYM,black,,,False,,49,English Opening
pg4M39R5,white,kingside,,False,,45,Irregular Openings
TrfvOr7h,black,,,False,,55,Uncommon King Pawn
geX2iTxa,black,,kingside,False,,80,Nimzo-Indian Defense
0DdjHWdD,black,,,False,,127,Uncommon King Pawn
2yicryWo,white,queenside,,False,,60,Irregular Openings
r5WShiyu,black,,queenside,False,,56,Catalan Opening
IZ1a55Ir,white,queenside,,False,,75,Irregular Openings
sy3KtV4c,black,,queenside,False,,55,Reti Opening
8CU66FXh,black,,kingside,False,,46,Uncommon King Pawn
ZX2XuUho,white,kingside,,False,,140,Irregular Openings
6yA8ax8o,white,kingside,,False,,99,Irregular Openings
8clNL8RN,white,kingside,,False,,71,Irregular Openings
0KwqoKWL,white,queenside,,False,,64,Irregular Openings
oVg69ULO,black,,,False,,45,Trompowsky Attack
3Pjvfmvg,white,,,False,,135,Irregular Openings
BbipA3vQ,white,,,False,,55,Irregular Openings
D7SCItJs,black,,,False,,100,Trompowsky Attack
b41CUhn4,black,,queenside,False,,61,Trompowsky Attack
N8aLvYSw,black,,,False,,131,Trompowsky Attack
DVcDQxA8,black,,queenside,False,,69,Irregular Openings
XoXhGpTw,black,,kingside,False,,43,Uncommon King Pawn
6UuQLdDm,white,kingside,,False,,99,Reti Opening
47gONMNW,white,,,False,,47,Irregular Openings
ShSbpjHH,white,,queenside,False,,153,Irregular Openings
mkr5dWmQ,white,kingside,,False,,37,Irregular Openings
LExLLysi,white,queenside,,False,,55,Irregular Openings
iujieSOl,black,,,False,,204,Uncommon King Pawn
4YkerUfB,black,,,False,,100,Uncommon King Pawn
Ilx1SkHw,white,kingside,,False,,31,Irregular Openings
vdnYp141,white,kingside,,False,,51,Irregular Openings
ObEULLR0,black,,queenside,False,,87,Uncommon King Pawn
b4Ya65qA,black,,,False,,12,Reti Opening
RM6Vn2dE,black,,kingside,False,,127,Irregular Openings
Xv0EsWWh,black,,kingside,False,,49,Uncommon King Pawn
K5wQTxHA,white,,,False,,49,Irregular Openings
1Ng3Zw4t,white,queenside,,False,,66,Irregular Openings
qr4Ajbso,black,,,False,,62,Irregular Openings
4yGXRaIi,black,,queenside,False,,77,Trompowsky Attack
M2AbTpGw,white,kingside,,False,,108,Irregular Openings
IVVy8GcD,black,,queenside,False,,149,Trompowsky Attack
OC8LH9cN,white,kingside,,False,,89,Irregular Openings
JsgtUgcn,white,kingside,,False,,82,Irregular Openings
mOoU5plV,black,,kingside,False,,44,Uncommon King Pawn
W8sXqSzk,white,kingside,,False,,64,Irregular Openings
AAw9f8QT,white,kingside,,False,,54,Irregular Openings
Ks7iKISt,white,kingside,,False,,53,Irregular Openings
m0x5QgNe,white,kingside,,False,,70,Irregular Openings
Yb5cT7yI,white,kingside,,False,,91,Irregular Openings
jXgNiilz,black,,kingside,False,,102,English Opening
iNOOw3Ww,white,kingside,,False,,47,Irregular Openings
5dvRIKfo,white,kingside,,False,,89,Irregular Openings
sbhELxx7,black,,kingside,False,,47,English Opening
9gXB19gW,white,,,False,,41,Irregular Openings
P1RSIonr,black,,,False,,52,Irregular Openings
sLZIRqao,black,,kingside,False,,112,Irregular Openings
AWjMbGTd,white,kingside,,False,,88,Irregular Openings
8fKwlmPu,white,queenside,,False,,97,Irregular Openings
xO60N0V6,white,kingside,,False,,111,Irregular Openings
W4clSyhj,black,,,False,,46,Irregular Openings
DEVlIKHD,white,kingside,,False,,98,Irregular Openings
PUrrE92L,white,kingside,,False,,40,Irregular Openings
gvBBs6vp,black,,queenside,False,,44,English Opening
vkkD14UA,white,kingside,,False,,100,Irregular Openings
HgJpkpzU,white,queenside,,False,,28,Irregular Openings
EAz8sT9k,black,,queenside,False,,73,Irregular Openings
2seg3iDP,black,,queenside,False,,82,Uncommon King Pawn
EPjyUaKP,black,,,False,,64,Trompowsky Attack
ZkfiCo2N,black,,queenside,False,,74,Irregular Openings
Au4MQVHF,white,,,False,,34,Irregular Openings
1fjGwGFZ,black,,,False,,81,Irregular Openings
g40haawu,white,,,False,,106,Irregular Openings
dSf0Nyww,black,,kingside,False,,142,English Opening
GB8S5riZ,black,,,False,,163,Reti Opening
LfTCq4pc,white,queenside,,False,,114,Irregular Openings
Xk3F5u0q,white,,,False,,61,Irregular Openings
A0ZYp917,black,,,False,,72,Irregular Openings
KM0nENXl,white,kingside,,False,,63,Irregular Openings
MxraiqLd,black,,kingside,False,,27,Uncommon King Pawn
D4S4YhEG,white,queenside,,False,,70,Reti Opening
R5Tunke3,black,,kingside,False,,84,Uncommon King Pawn
I5LnPRxz,black,,,False,,98,Irregular Openings
TE3zAmrn,black,,,False,,105,Irregular Openings
WK10qITF,black,,queenside,False,,67,Trompowsky Attack
KBTOgjoE,black,,kingside,False,,60,Reti Opening
Aastkpiq,black,,,False,,75,Irregular Openings
rNpw1Dom,white,kingside,,False,,116,Irregular Openings
IpTCz5Yp,black,,kingside,False,,62,Irregular Openings
jKXAPjfg,black,,,False,,43,Reti Opening
Yst7Zujl,black,,,False,,68,Trompowsky Attack
gJqUJ4bv,white,kingside,,False,,88,Irregular Openings
Lrs1eCCI,white,kingside,,False,,108,Irregular Openings
S7fXY3Dq,black,,kingside,False,,42,Irregular Openings
F3sqntWb,black,,,False,,88,Irregular Openings
5eAjG50t,black,,,False,,107,Slav Defense
JTZCRdoR,black,,,False,,50,Irregular Openings
SWWG4COq,black,,queenside,False,,47,Irregular Openings
ZBjOnpAS,white,kingside,,False,,49,Irregular Openings
ZbIx9R9F,white,kingside,,False,,55,Irregular Openings
yF094Lxc,white,,,False,,91,Irregular Openings
dtEjymjZ,white,kingside,,False,,130,Irregular Openings
wn0J24Zm,black,,,False,,61,Uncommon King Pawn
VjSjdWnr,white,queenside,,False,,141,Irregular Openings
hoSPqNST,black,,,False,,129,Reti Opening
tUgXUmt5,white,queenside,,False,,98,Irregular Openings
DPJQGNcO,black,,,False,,172,Trompowsky Attack
TDYTQXza,black,,,False,,174,Irregular Openings
7bg2lhHH,black,,queenside,False,,115,Trompowsky Attack
6t2F6m4G,black,,kingside,False,,86,Uncommon King Pawn
LKrvrcTr,black,,kingside,False,,104,Trompowsky Attack
jFPQsGWL,black,,kingside,False,,32,Irregular Openings
jPM92r4X,black,,,False,,88,Uncommon King Pawn
uDHTxnxs,black,,,False,,140,Irregular Openings
Pq6lEATz,white,kingside,,False,,57,Irregular Openings
C5nDaxBY,black,,kingside,False,,237,Irregular Openings
H2n8Vmh3,black,,queenside,False,,88,Trompowsky Attack
ecqsPIjj,white,kingside,,False,,31,Irregular Openings
88H61DKo,black,,,False,,39,Uncommon King Pawn
KaWx6N4p,black,,,False,,63,Uncommon King Pawn
m2t24v43,black,,kingside,False,,78,Uncommon King Pawn
lz4yHZjo,white,kingside,,False,,39,Irregular Openings
fyd3636U,black,,,False,,37,Trompowsky Attack
NBGuDPDo,white,kingside,,False,,47,Irregular Openings
mcH1k43t,black,,kingside,False,,214,Irregular Openings
dzSjklxb,black,,,False,,123,Uncommon King Pawn
1GeevXSQ,black,,,False,,98,Irregular Openings
VlzBbMRH,white,kingside,,False,,117,Irregular Openings
pDMAF7Tf,white,kingside,,False,,65,Irregular Openings
JB2htGB5,white,kingside,,False,,107,Irregular Openings
FNU5ZdlX,white,kingside,,False,,96,Irregular Openings
0fazB8jK,black,,queenside,False,,67,Trompowsky Attack
lEf1TRto,white,kingside,,False,,76,Irregular Openings
w2f2ad5L,black,,kingside,False,,38,Reti Opening
UOOb2rW4,black,,kingside,False,,46,Slav Defense
gJaNeOSi,black,,,False,,87,Reti Opening
7ihITcze,white,,,False,,16,Reti Opening
bd92ZUFq,white,kingside,,False,,39,Irregular Openings
lsBftsdF,white,kingside,,False,,88,Irregular Openings
mTl8o0fX,white,kingside,,False,,141,Irregular Openings
PFVBCpoJ,black,,,False,,88,Uncommon King Pawn
AHpH4D9T,black,,kingside,False,,104,Uncommon King Pawn
DyaL2gEv,white,kingside,,False,,64,Irregular Openings
VHkIj7sm,black,,queenside,False,,217,Trompowsky Attack
0ACkACpd,black,,kingside,False,,160,Uncommon King Pawn
gOBREFGN,white,,,False,,116,Irregular Openings
tr2djT6h,black,,kingside,False,,91,English Opening
jOmFcqoJ,white,kingside,,False,,111,Irregular Openings
BvjzpZyu,white,kingside,,False,,84,Irregular Openings
fBO6F6Bt,white,kingside,,False,,81,Irregular Openings
ENo27K7Q,black,,,False,,44,Trompowsky Attack
5maxnyca,white,,,False,,51,Irregular Openings
Gfbn6zZn,black,,,False,,32,Irregular Openings
41tf6uyn,white,kingside,,False,,98,Irregular Openings
Sg7n9O3I,black,,,False,,67,Irregular Openings
PxqnQ1Ty,white,kingside,,False,,61,Irregular Openings
CaAJWJXv,white,,,False,,45,Irregular Openings
Ntx0VnpI,black,,kingside,False,,111,Irregular Openings
WtjfRq3J,black,,,False,,93,Irregular Openings
SBU8iy7e,black,,,False,,51,Irregular Openings
IG8yoAUc,white,kingside,,False,,153,Irregular Openings
r6TFRvTG,white,kingside,,False,,126,Irregular Openings
6fVMKWCs,white,kingside,,False,,52,Irregular Openings
oxSxxP38,white,kingside,,False,,124,Irregular Openings
pA8Is0qf,black,,queenside,False,,75,Uncommon King Pawn
OrR9zO1r,black,,kingside,False,,119,Uncommon King Pawn
okVaTjhU,white,kingside,,False,,33,Irregular Openings
SzV44O4x,white,kingside,,False,,45,Irregular Openings
MtOlYxSi,white,,,False,,41,Irregular Openings
XalLgw9e,black,,,False,,74,Irregular Openings
QgYZlYtD,black,,,False,,66,Irregular Openings
HoG7zjDA,white,kingside,,False,,49,Irregular Openings
dkmS1NjT,black,,,False,,83,Trompowsky Attack
KDJQFwhU,white,kingside,,False,,66,Irregular Openings
474cugeM,white,queenside,,False,,74,Irregular Openings
WW22jbbg,white,kingside,,False,,33,Irregular Openings
jqmq2YQI,black,,,False,,83,Uncommon King Pawn
97UbDooF,white,kingside,,False,,51,Irregular Openings
VX4gjugk,white,kingside,,False,,41,Irregular Openings
LdMPe0Me,black,,kingside,False,,49,Slav Defense
lZBpBq0P,white,,,False,,71,Irregular Openings
h95e5IpZ,black,,kingside,False,,40,Irregular Openings
MGVB8tX6,black,,,False,,94,Uncommon King Pawn
z7NMxffm,white,,,False,,37,Irregular Openings
EehXaEg4,black,,,False,,111,Irregular Openings
cskiqAVx,white,,,False,,138,Irregular Openings
sKIA9ab1,black,,,False,,10,Uncommon King Pawn
4JDqtoe7,white,kingside,,False,,82,Irregular Openings
wD3mGBZa,black,,kingside,False,,71,Uncommon King Pawn
wnlSfZgQ,white,kingside,,False,,113,Irregular Openings
qomf5LDl,white,kingside,,False,,94,Irregular Openings
E4DZ21eU,black,,kingside,False,,42,Irregular Openings
XKlXkxjZ,white,kingside,,False,,54,Irregular Openings
oaP6wzY9,black,,kingside,False,,37,Irregular Openings
dc7N7PZh,white,kingside,,False,,52,Irregular Openings
cJn2fhm1,black,,,False,,75,Slav Defense
nkUlFMFG,white,kingside,,False,,63,Irregular Openings
eBlfQtlN,white,kingside,,False,,98,Irregular Openings
PuMnVo36,black,,,False,,43,Reti Opening
ggGQCOhs,black,,,False,,151,Uncommon King Pawn
t2rhNPz5,white,queenside,,False,,66,Irregular Openings
vJQOftL0,white,kingside,,False,,90,Irregular Openings
sqsKjRds,black,,kingside,False,,61,English Opening
ttEU1Bb2,black,,,False,,6,Reti Opening
pgZesIBd,black,,kingside,False,,115,Uncommon King Pawn
pz4Mm7bQ,white,,,False,,45,Irregular Openings
5OPHM7rA,black,,,False,,37,Slav Defense
uMYKk3Tn,white,kingside,,False,,144,Irregular Openings
UCIGCPiL,black,,kingside,False,,88,Uncommon King Pawn
5uiONA3B,white,kingside,,False,,130,Irregular Openings
lKdAHKr7,black,,kingside,False,,151,Nimzo-Indian Defense
akrD3dzd,black,,queenside,False,,40,Nimzo-Indian Defense
2UoI4JpW,black,,,False,,84,Trompowsky Attack
DWypNNDz,white,kingside,,False,,76,Irregular Openings
evlzWqLr,black,,kingside,False,,39,Uncommon King Pawn
gT2OezPk,white,,,False,,57,Irregular Openings
OwMvX350,white,,,False,,49,Irregular Openings
XA5VEfrO,white,kingside,,False,,55,Irregular Openings
TID8gFJd,white,,,False,,77,Irregular Openings
XX8eVObD,black,,kingside,False,,76,Irregular Openings
W2v8AGr4,white,kingside,,False,,57,Irregular Openings
lCdd6SVf,black,,,False,,72,Trompowsky Attack
vJjdYMa0,white,,,False,,19,Irregular Openings
8bZtVmsD,black,,queenside,False,,37,Uncommon King Pawn
tx9vTNtk,white,kingside,queenside,True,6,239,Irregular Openings
g1UFs6MK,white,kingside,,False,,61,Irregular Openings
vd9vmqUo,black,,,False,,60,Trompowsky Attack
jitFb6oT,black,,kingside,False,,125,English Opening
EDkugZbU,black,,kingside,False,,34,Nimzo-Indian Defense
azwpVESV,white,,,False,,85,Irregular Openings
IoCNMDDg,black,,queenside,False,,68,Trompowsky Attack
FEBrG0kp,black,,,False,,53,Irregular Openings
UzMkyYrN,black,,,False,,131,Reti Opening
XY4wJNEf,black,,kingside,False,,58,Irregular Openings
jYZdvUfR,white,kingside,,False,,53,Irregular Openings
Z6t4y9TI,black,,,False,,72,Irregular Openings
Sz7RGjlI,black,,,False,,61,Irregular Openings
65yvURNr,black,,queenside,False,,67,Trompowsky Attack
E58IdtO4,white,kingside,,False,,91,Irregular Openings
Ps6mo9Of,white,,,False,,49,Irregular Openings
wBUdByER,black,,queenside,False,,46,Reti Opening
1WOrsH3P,white,kingside,,False,,218,Irregular Openings
jyalyJkG,white,,,False,,37,Irregular Openings
fLMughWL,white,queenside,,False,,37,Irregular Openings
ZS80mEmT,black,,kingside,False,,40,Irregular Openings
6Ua6kyuf,white,queenside,,False,,35,Irregular Openings
8U46lUW3,black,,,False,,48,Uncommon King Pawn
FHlT0om6,white,queenside,,False,,74,Irregular Openings
akgaoCaX,white,kingside,,False,,114,Irregular Openings
T6k0ZS7S,black,,kingside,False,,104,Reti Opening
IGCclU0T,white,kingside,,False,,45,Irregular Openings
w6MImkIC,white,kingside,,False,,91,Irregular Openings
MEzcGWjw,white,,,False,,47,Irregular Openings
tSQwy3IB,black,,kingside,False,,52,Catalan Opening
2YvbSBzR,white,kingside,,False,,83,Irregular Openings
kNwzkQdH,white,,,False,,49,Irregular Openings
8HXmdWzw,white,,,False,,16,Irregular Openings
eiXvCtXA,black,,kingside,False,,32,Irregular Openings
AeEGkWK8,black,,kingside,False,,106,Irregular Openings
rJMr26VA,black,,kingside,False,,80,Uncommon King Pawn
oWBabTni,white,kingside,,False,,147,Irregular Openings
e4uQe27D,white,kingside,,False,,84,Reti Opening
5ZjJUIkZ,white,queenside,,False,,53,Irregular Openings
6G4JJObu,black,,kingside,False,,70,Irregular Openings
7VXjbq1C,black,,,False,,39,Reti Opening
vN8CpNI0,black,,kingside,False,,106,Irregular Openings
maaDjkmi,white,kingside,,False,,60,Reti Opening
oAzg0AjG,white,kingside,,False,,49,Reti Opening
MTHDthpr,white,kingside,,False,,52,Reti Opening
vSnQGlon,white,kingside,,False,,48,Reti Opening
tOy3iR1D,black,,kingside,False,,35,Trompowsky Attack
XzM1IC6s,white,kingside,,False,,59,Reti Opening
79thysjk,white,,,False,,64,Reti Opening
xxweJzzM,white,kingside,,False,,52,Reti Opening
epuLkDw2,white,kingside,,False,,53,Reti Opening
W5fgA7IQ,white,kingside,,False,,75,Reti Opening
Gs4CseJe,black,,,False,,10,Irregular Openings
cGkzgZfy,white,kingside,,False,,80,Reti Opening
vLcyZex9,white,kingside,,False,,90,Reti Opening
6IxVSrHk,black,,kingside,False,,26,Irregular Openings
XbYHviCE,black,,queenside,False,,102,Irregular Openings
AVYvPTw8,white,kingside,,False,,71,Reti Opening
VnCGxoGS,black,,queenside,False,,76,Uncommon King Pawn
2eNbzTFm,black,,kingside,False,,37,Uncommon King Pawn
Y6wYVVdY,white,kingside,,False,,55,Reti Opening
jyE3ODnm,white,kingside,,False,,122,Reti Opening
2axmfeBc,black,,kingside,False,,77,Irregular Openings
NwZw3tx4,black,,queenside,False,,52,Nimzo-Indian Defense
wSIcyxYv,white,kingside,,False,,84,Irregular Openings
foW3OOdS,white,,,False,,26,Reti Opening
ObtcXgiS,white,queenside,,False,,40,Irregular Openings
9CM63III,white,kingside,,False,,68,Reti Opening
vZfVKeBL,black,,,False,,6,Slav Defense
Uu6Ymf7g,black,,,False,,39,Irregular Openings
abb8YNDa,white,,,False,,71,Reti Opening
Fbw8jyTM,white,,,False,,63,Irregular Openings
u24naghC,black,,,False,,93,Uncommon King Pawn
FlJ1ojAF,white,kingside,,False,,44,Reti Opening
LhjijR38,white,kingside,,False,,60,Reti Opening
pzKylbzH,black,,,False,,80,Uncommon King Pawn
8sNW5arB,black,,,False,,57,Uncommon King Pawn
hHs6LP0T,white,kingside,,False,,133,Reti Opening
YzG1YHLZ,white,,,False,,2,Reti Opening
hDDw3Rz3,white,kingside,,False,,54,Reti Opening
QtEUlhZP,black,,,False,,50,English Opening
Ui7XuzJz,black,,,False,,21,Reti Opening
vqnMIngw,black,,,False,,41,Irregular Openings
unzII744,black,,,False,,87,Irregular Openings
Sq5iRirq,white,kingside,,False,,69,Reti Opening
RcUvi5Ey,black,,kingside,False,,33,English Opening
OzrZ8evi,black,,,False,,161,Irregular Openings
7XyzBt1N,black,,,False,,54,Trompowsky Attack
eMMj6YnT,black,,queenside,False,,45,Trompowsky Attack
AufaDgh6,black,,queenside,False,,42,Irregular Openings
sqwLHBD7,black,,,False,,111,Uncommon King Pawn
iQEz9f96,white,kingside,,False,,64,Reti Opening
Hmuv9Miz,black,,,False,,27,Irregular Openings
WwEIrW8W,black,,,False,,38,Irregular Openings
QMKzMweI,black,,,False,,53,Irregular Openings
qBEGIBHV,black,,,False,,41,Uncommon King Pawn
M6EFSOVD,black,,,False,,90,Irregular Openings
c7qq3cfA,black,,,False,,17,Irregular Openings
QS91lnpa,white,kingside,,False,,39,Reti Opening
KrQJviSI,white,kingside,,False,,120,Reti Opening
15azTSnp,white,,,False,,33,Reti Opening
ZijenrLw,white,kingside,,False,,42,Reti Opening
9q6g9C80,white,,,False,,25,Reti Opening
gAOU6dzh,black,,kingside,False,,79,Uncommon King Pawn
Y4Kbzs8w,black,,,False,,35,Irregular Openings
0ffMgWEf,white,kingside,,False,,52,Reti Opening
O9aRg9FR,black,,,False,,77,Irregular Openings
5vR3s48v,white,kingside,,False,,41,Reti Opening
qKyhnUYJ,black,,,False,,55,Irregular Openings
sVLVx0pa,black,,,False,,43,Irregular Openings
VPsmUM29,black,,,False,,34,Uncommon King Pawn
sJll8ilC,black,,,False,,37,Uncommon King Pawn
gKa5ZOlZ,black,,kingside,False,,78,Trompowsky Attack
iymVCrWq,black,,,False,,58,Trompowsky Attack
Ot5rCQHs,black,,kingside,False,,98,Uncommon King Pawn
FDxRUpkn,white,kingside,,False,,121,Reti Opening
bqZpUDRq,white,kingside,,False,,42,Reti Opening
VWqMHHXz,black,,,False,,61,Uncommon King Pawn
xa7491uS,white,,,False,,69,Irregular Openings
sjO7Z2bJ,white,,,False,,43,Reti Opening
wWdhUl6E,white,,,False,,77,Reti Opening
kBtRrROj,black,,kingside,False,,54,Uncommon King Pawn
l7H4owse,black,,kingside,False,,78,Irregular Openings
q5GeAa6K,white,,,False,,85,Reti Opening
yetr1ktj,white,kingside,,False,,66,Reti Opening
CyaLU9BC,white,,,False,,29,Irregular Openings
JveYUAUK,white,kingside,,False,,83,Irregular Openings
CMfT09w1,white,,,False,,89,Irregular Openings
69cK59R6,black,,kingside,False,,66,Trompowsky Attack
aA0zMLoD,white,kingside,,False,,60,Reti Opening
leDR0vdc,white,queenside,,False,,67,Irregular Openings
2DsqTyTz,black,,,False,,109,Irregular Openings
E5hLd3I3,white,kingside,,False,,142,Reti Opening
754VsLP3,black,,kingside,False,,32,Irregular Openings
g5uNyrhk,black,,kingside,False,,79,French Defense
2SsJdVAr,white,kingside,,False,,95,Reti Opening
aAHuaM3e,black,,,False,,103,Uncommon King Pawn
GkhYbdde,black,,,False,,93,Uncommon King Pawn
4PCdiJIW,black,,,False,,64,Irregular Openings
NyiWYTES,white,kingside,,False,,124,Reti Opening
usSurTQZ,white,kingside,,False,,81,Reti Opening
Qy2boGwR,white,,,False,,94,Irregular Openings
GEpwJjJM,black,,,False,,21,Uncommon King Pawn
1yJrBczC,white,kingside,,False,,147,Reti Opening
DMy1q3nO,white,kingside,,False,,115,Reti Opening
JrifGCA4,black,,kingside,False,,142,Reti Opening
vDQ8z94q,white,kingside,,False,,43,Irregular Openings
TBF2TU3z,white,kingside,,False,,52,Reti Opening
47cA3gen,black,,kingside,False,,53,Uncommon King Pawn
VObFSYJq,white,kingside,,False,,28,Reti Opening
tGrlkHb1,white,kingside,,False,,196,Reti Opening
feTqat2a,black,,,False,,104,English Opening
ErGtiMxY,black,,kingside,False,,62,English Opening
en0yk6Jd,white,kingside,,False,,60,Reti Opening
jQ1Bbj9o,white,kingside,,False,,60,Reti Opening
nS3Jlk5b,white,kingside,,False,,49,Reti Opening
J2PiCEhQ,black,,kingside,False,,56,Irregular Openings
W5cgERM0,black,,kingside,False,,56,Irregular Openings
h2OT6u6Z,white,kingside,,False,,70,Reti Opening
RYqe5OV0,white,,,False,,50,Reti Opening
gGui6LC2,black,,,False,,119,French Defense
Ts9dWcPD,white,kingside,,False,,75,Reti Opening
R5E6t4g5,black,,kingside,False,,64,French Defense
XY3XliY2,white,kingside,,False,,35,Irregular Openings
Pu6HxFcZ,black,,,False,,97,Irregular Openings
SvTREtEZ,white,kingside,,False,,60,Reti Opening
5zv8iAKT,white,kingside,,False,,134,Reti Opening
IE0vBmvx,white,,,False,,99,Irregular Openings
MCPpMqX5,black,,kingside,False,,111,Uncommon King Pawn
UmymuXX6,white,,,False,,122,Irregular Openings
Xk1Eu9XN,black,,queenside,False,,65,Irregular Openings
hLk5swtU,black,,queenside,False,,91,Trompowsky Attack
Imf4Dfgb,white,kingside,,False,,111,Irregular Openings
mAzAAo5N,black,,,False,,91,Reti Opening
k9Vkyp4v,black,,kingside,False,,71,Uncommon King Pawn
8ANqwdb8,black,,,False,,92,French Defense
nsnqC4KT,white,kingside,,False,,45,Reti Opening
XzsQ76si,white,queenside,,False,,52,Irregular Openings
SF7H7R2x,black,,kingside,False,,44,Indian Defenses
9QeLF15P,black,,kingside,False,,31,Uncommon King Pawn
N5jVo3C3,white,kingside,,False,,65,Reti Opening
JLmwOEDO,white,kingside,,False,,50,Reti Opening
qKejF4SF,white,queenside,,False,,85,Reti Opening
M5Sg1WPa,black,,kingside,False,,50,French Defense
QsW31RtJ,black,,kingside,False,,41,Uncommon King Pawn
gJl2LJXn,white,kingside,,False,,79,Reti Opening
yX4JxIxJ,white,kingside,,False,,68,Reti Opening
U9yw3VDJ,black,,,False,,98,Irregular Openings
Rts5OoFI,black,,,False,,88,Trompowsky Attack
liwmVoXX,black,,kingside,False,,44,Irregular Openings
UxTL9TSB,white,kingside,,False,,72,Reti Opening
TlAVRskv,white,kingside,,False,,149,Reti Opening
8WqKJtH5,black,,queenside,False,,95,Slav Defense
P3ppH8fS,white,kingside,,False,,75,Reti Opening
1XfRnqLv,black,,,False,,39,Trompowsky Attack
JnJXH0EX,white,kingside,,False,,94,Reti Opening
drAkWwoa,white,kingside,,False,,52,Reti Opening
RhsDEuAP,black,,,False,,1,Uncommon King Pawn
FrtUJTSp,white,,,False,,37,Irregular Openings
vb3Xtsn0,black,,kingside,False,,45,Uncommon King Pawn
zGTtDrWz,white,,,False,,144,Reti Opening
l03YrHY6,white,kingside,,False,,47,Reti Opening
WuC8oVQD,black,,,False,,43,Uncommon King Pawn
PcQbzVke,black,,kingside,False,,113,Irregular Openings
FEbgpbiV,black,,kingside,False,,69,Uncommon King Pawn
Ylgsah5K,white,kingside,,False,,120,Reti Opening
eTmNhtiQ,white,,,False,,41,Reti Opening
NOFB3unh,black,,kingside,False,,142,Uncommon King Pawn
HcQJwqCd,black,,kingside,False,,45,English Opening
YswX1Ggz,black,,,False,,106,Uncommon King Pawn
w0jA1xcq,white,kingside,,False,,83,Reti Opening
eRcAyi8b,white,,,False,,43,Irregular Openings
sAHcsMnR,white,,,False,,42,Reti Opening
GVYiSqmM,white,kingside,,False,,52,Reti Opening
L5I8jFmw,black,,,False,,35,Trompowsky Attack
UyfcMF0s,black,,,False,,93,Irregular Openings
AQrqZM0Z,black,,queenside,False,,138,Trompowsky Attack
Jyy0bFx3,black,,,False,,64,Irregular Openings
qfZdMEX4,black,,queenside,False,,113,Trompowsky Attack
EBJfppgL,white,kingside,,False,,102,Reti Opening
h3UnrbQy,black,,,False,,164,Irregular Openings
etidVcJu,white,,,False,,31,Reti Opening
neVNmXBJ,black,,kingside,False,,31,Uncommon King Pawn
CMOhZ7Qz,black,,,False,,49,Irregular Openings
4Ih5ISq8,black,,,False,,66,Irregular Openings
t19mIQMi,black,,queenside,False,,40,Irregular Openings
SKbmTWL0,white,kingside,,False,,105,Reti Opening
G9NNBbhR,white,kingside,,False,,71,Reti Opening
ZMDOdPa2,white,kingside,,False,,73,Reti Opening
JKj2x9f0,black,,,False,,65,Irregular Openings
QKVXnL4A,white,kingside,,False,,66,Reti Opening
Er0NYV2S,white,kingside,,False,,24,Reti Opening
sckWMVcf,black,,,False,,101,Irregular Openings
e5YONhwA,black,,,False,,74,Slav Defense
w4h11i6M,white,,,False,,64,Irregular Openings
geTng2bz,black,,kingside,False,,65,Uncommon King Pawn
vOJr5Q6J,white,queenside,,False,,135,Reti Opening
KFhWFWes,black,,kingside,False,,82,Irregular Openings
cNbyAfcC,white,,,False,,26,Reti Opening
MDSvrxv2,black,,kingside,False,,59,Trompowsky Attack
m9asDDWE,white,,,False,,16,Reti Opening
USihUlnZ,black,,kingside,False,,120,Reti Opening
5s6BNaVr,white,kingside,,False,,47,Reti Opening
LXGXZsup,white,,,False,,58,Reti Opening
fuBvV5xz,white,kingside,,False,,72,Reti Opening
9b9AWJeu,white,kingside,,False,,36,Reti Opening
iV9o4bk2,white,,,False,,37,Irregular Openings
Pr7NAT2a,white,kingside,,False,,134,Reti Opening
znIDmjcx,black,,kingside,False,,32,Irregular Openings
xhbVmcPG,white,kingside,,False,,64,Reti Opening
p0iKyfEA,white,kingside,,False,,124,Reti Opening
AUrugvvq,black,,kingside,False,,35,French Defense
sAKXlOSW,white,kingside,,False,,77,Reti Opening
dN7kWOO9,white,,,False,,38,Reti Opening
xaCU4B9z,white,,,False,,32,Reti Opening
74zGEizK,white,kingside,,False,,94,Reti Opening
xofgyS5W,white,,,False,,55,Irregular Openings
w2bjaqhg,black,,,False,,33,Uncommon King Pawn
onp87OiV,white,kingside,,False,,55,Reti Opening
CQaR5i1m,white,,,False,,30,Reti Opening
aBPIjTBF,white,,,False,,49,Reti Opening
9AxVUgiY,black,,kingside,False,,81,Uncommon King Pawn
JdUjo4oS,white,kingside,,False,,40,Reti Opening
qSKXyCZh,black,,kingside,False,,43,Uncommon King Pawn
sz3pUxXM,white,kingside,,False,,72,Reti Opening
RBnhS6S7,white,kingside,,False,,100,Reti Opening
8FUE4SPI,black,,kingside,False,,70,Irregular Openings
8KkK6Hl7,black,,,False,,18,Queen's Pawn Game
PsGKrrD0,black,,kingside,False,,56,Irregular Openings
pMPImouJ,white,kingside,,False,,102,Reti Opening
xFhljLVv,black,,,False,,47,Uncommon King Pawn
G2m9STAl,black,,queenside,False,,63,Irregular Openings
yysuwnJl,white,,,False,,84,Irregular Openings
P6WHGGeH,white,,,False,,56,Reti Opening
AxKXLsAs,white,queenside,,False,,60,Reti Opening
x92zxyWb,white,kingside,,False,,20,Reti Opening
0Z6n9sMn,white,,,False,,75,Reti Opening
dKpzuf1f,black,,,False,,29,Irregular Openings
VGbo9dOs,white,,,False,,63,Irregular Openings
jYr0xXj0,black,,kingside,False,,49,Uncommon King Pawn
7XHEKFrY,white,kingside,,False,,81,Reti Opening
xkFZ9vbD,black,,,False,,89,Irregular Openings
NiGXajHi,white,,,False,,98,Irregular Openings
sTkAD6IW,black,,queenside,False,,68,Irregular Openings
Q1S8ZvGA,black,,queenside,False,,44,English Opening
xvldK6kI,black,,queenside,False,,114,Uncommon King Pawn
ccFXEMWU,white,kingside,,False,,104,Reti Opening
jtTM72qh,white,kingside,,False,,77,Irregular Openings
2YApBFcM,white,,,False,,33,Reti Opening
2nVrxBYV,white,,,False,,67,Irregular Openings
5J1eTxm2,black,,,False,,46,Irregular Openings
8kAThyLz,black,,queenside,False,,39,Irregular Openings
Lb1psaJj,black,,,False,,42,Irregular Openings
JseR0ibf,black,,,False,,141,Irregular Openings
94xXaBgv,black,,queenside,False,,73,Irregular Openings
5SYe0dab,black,,kingside,False,,19,Reti Opening
smmUZa7D,white,kingside,,False,,31,Reti Opening
syxmkbbO,white,kingside,,False,,38,Reti Opening
8jUVBXwe,white,kingside,,False,,70,Reti Opening
PfgauktY,white,kingside,,False,,75,Reti Opening
xnlcXJHV,white,kingside,,False,,104,Reti Opening
F8QshhSn,white,kingside,,False,,38,Reti Opening
S1Z4y9VU,white,,,False,,140,Irregular Openings
93cszeDS,black,,,False,,53,Uncommon King Pawn
H2sLdszt,black,,,False,,49,Uncommon King Pawn
259NqdrK,white,,,False,,49,Irregular Openings
ZpK4AiMv,black,,kingside,False,,72,Trompowsky Attack
pCvDc4qg,white,kingside,,False,,82,Reti Opening
Gq28O17y,white,queenside,,False,,99,Reti Opening
cIXUiVhr,black,,,False,,30,Irregular Openings
Pw1dTEZ7,black,,,False,,83,Uncommon King Pawn
bKPlrILE,black,,kingside,False,,19,Uncommon King Pawn
yLwSBVHu,white,kingside,,False,,60,Reti Opening
gXMRG9wq,white,queenside,,False,,109,Irregular Openings
QDsUhNLN,white,,,False,,105,Reti Opening
kab8pFbP,white,kingside,,False,,30,Reti Opening
jnqE6wub,black,,,False,,65,Reti Opening
Ghh1DBB4,black,,,False,,78,Irregular Openings
hvHQijHW,black,,kingside,False,,54,Irregular Openings
drLbyy36,black,,,False,,116,Irregular Openings
GJlsbiLb,white,,,False,,45,Reti Opening
qhsWGehC,black,,,False,,39,Reti Opening
YavB4S8k,black,,,False,,44,Irregular Openings
UzLMRBHe,white,kingside,,False,,52,Reti Opening
bgm2g9SM,white,kingside,,False,,91,Reti Opening
VWHjGskK,white,,,False,,81,Irregular Openings
TMs8DHMz,white,kingside,,False,,44,Reti Opening
yp0nFYMO,white,kingside,,False,,57,Irregular Openings
8uxb3zIv,white,,,False,,24,Reti Opening
BaWaQppH,white,,,False,,78,Reti Opening
ExyPYhgO,white,kingside,,False,,182,Reti Opening
7jxbHexK,white,kingside,,False,,41,Reti Opening
yAbA2wPJ,white,kingside,,False,,85,Reti Opening
dW5RYxvM,black,,kingside,False,,128,Uncommon King Pawn
OM0VR5SN,black,,kingside,False,,73,Uncommon King Pawn
qP9wKkUx,black,,,False,,83,Reti Opening
gRjwkLx5,white,kingside,,False,,53,Irregular Openings
9BMHuqjg,white,kingside,,False,,54,Reti Opening
Ma3EbLij,white,kingside,,False,,107,Reti Opening
84VkBoC0,white,kingside,,False,,77,Reti Opening
1HAGbY7A,black,,,False,,53,Uncommon King Pawn
Vn2uRdj0,white,kingside,,False,,98,Reti Opening
5sTXaURC,white,kingside,,False,,65,Irregular Openings
BHvmz35M,white,kingside,,False,,64,Reti Opening
a3vRAVIC,black,,,False,,87,Irregular Openings
pOPDo1Nn,black,,kingside,False,,61,Uncommon King Pawn
eNf8IRLC,black,,,False,,53,Irregular Openings
8M42bZOi,black,,,False,,117,Irregular Openings
CKOfFlTS,white,,,False,,96,Irregular Openings
PekaSv4U,black,,kingside,False,,89,Reti Opening
dBaQu0En,white,kingside,,False,,33,Irregular Openings
FY5t1KDz,white,,,False,,114,Reti Opening
da9MRqje,black,,,False,,60,Irregular Openings
KP22W07K,black,,,False,,91,Irregular Openings
1BeUgEqD,black,,,False,,40,Irregular Openings
Yg3ESmv5,black,,queenside,False,,35,Uncommon King Pawn
fmIJLRu3,white,,,False,,57,Irregular Openings
BLvMBNyk,black,,queenside,False,,105,Queen's Pawn Game
hPdMKDqz,black,,,False,,60,Irregular Openings
SexIRO4z,black,,,False,,92,English Opening
DGT8eT28,white,queenside,,False,,65,Reti Opening
IddahOLq,white,kingside,,False,,96,Reti Opening
UJAIHSwY,black,,,False,,39,English Opening
GeOKjTpE,white,kingside,,False,,124,Reti Opening
MyaNjSMs,black,,kingside,False,,28,Irregular Openings
JsWXujMm,white,kingside,,False,,60,Reti Opening
6j4pQBhq,white,kingside,,False,,46,Reti Opening
y4LFoByJ,white,kingside,,False,,38,Reti Opening
66FW1Jup,black,,kingside,False,,91,Uncommon King Pawn
eoiTTrhW,white,,,False,,15,Irregular Openings
HXb9Oo5H,white,,,False,,32,Reti Opening
T8PVpHpl,black,,,False,,51,Reti Opening
ub5vu47M,white,kingside,,False,,110,Reti Opening
UtNqR0EM,white,,,False,,31,Irregular Openings
vJWoKtPu,black,,queenside,False,,83,Uncommon King Pawn
VKKzDJ1y,black,,,False,,117,Irregular Openings
7J7FQElQ,black,,,False,,97,Irregular Openings
6ippzqLB,white,kingside,,False,,134,Reti Opening
FkWXYIBf,black,,,False,,154,Irregular Openings
SD5YRciP,black,,,False,,39,Reti Opening
Rl4QDyPn,white,kingside,,False,,82,Reti Opening
qyLw3f0m,black,,,False,,85,Uncommon King Pawn
oLb31OBX,white,,,False,,83,Irregular Openings
T7dslal9,white,kingside,,False,,261,Reti Opening
Cp5vyjVN,black,,kingside,False,,72,Uncommon King Pawn
vYfPcZwh,black,,,False,,81,Uncommon King Pawn
EkFiXB2q,black,,,False,,43,Reti Opening
zlmPTeGt,black,,,False,,119,Irregular Openings
BkWPGsBA,white,kingside,,False,,110,Reti Opening
4M2GmUrP,black,,,False,,107,Reti Opening
YQ6fNZ7P,black,,kingside,False,,43,Uncommon King Pawn
lrpvsKew,white,kingside,,False,,117,Reti Opening
avzKKlxk,white,kingside,,False,,37,Irregular Openings
QHtZIgp1,white,kingside,,False,,51,Irregular Openings
jXWiJLyk,black,,kingside,False,,193,Reti Opening
m5X7MnUR,black,,kingside,False,,40,Irregular Openings
sc6zqsY1,black,,kingside,False,,68,Reti Opening
f8Pr7Bxo,black,,,False,,19,Reti Opening
px4HBN9b,black,,,False,,18,Irregular Openings
HKt4yFPe,white,,,False,,38,Reti Opening
jDXsdLwd,black,,,False,,16,Trompowsky Attack
vFGb7J1p,white,kingside,,False,,144,Irregular Openings
jTauGTJ5,black,,,False,,54,Irregular Openings
s25Uvvtm,black,,,False,,60,Irregular Openings
miZzlr1D,black,,kingside,False,,45,English Opening
kJdwLBmd,white,kingside,,False,,105,Reti Opening
5iBOpHGa,black,,kingside,False,,142,Uncommon King Pawn
KK4KG5iW,white,kingside,,False,,68,Reti Opening
GJ378ebd,white,kingside,,False,,85,Reti Opening
nm1a5aKB,black,,kingside,False,,54,Indian Defenses
xBy2ofWp,black,,kingside,False,,32,Trompowsky Attack
3FJg3hJS,white,,,False,,34,Reti Opening
gcI9v86O,black,,,False,,26,Reti Opening
cCsWRG2C,black,,kingside,False,,167,Reti Opening
Wu6PF4MA,white,kingside,,False,,82,Reti Opening
VUD5M3Gl,white,queenside,,False,,43,Reti Opening
dTvXvtl6,black,,,False,,70,Trompowsky Attack
ax5KZm9I,white,kingside,,False,,84,Reti Opening
zvF1WHBq,white,kingside,,False,,70,Reti Opening
LEF8I5fc,white,kingside,,False,,103,Reti Opening
sMBpCtyq,black,,kingside,False,,112,English Opening
FxnNT8y2,white,kingside,,False,,66,Reti Opening
TXj8QTXu,black,,,False,,56,Irregular Openings
3XQCmMFP,black,,queenside,False,,118,Uncommon King Pawn
rG3Q0FPs,white,queenside,,False,,138,Reti Opening
1o4PMceJ,black,,,False,,24,Irregular Openings
ukx06g4Q,black,,kingside,False,,61,Uncommon King Pawn
pqr6Mcu9,black,,,False,,52,Irregular Openings
QJvwmdwH,black,,queenside,False,,117,Uncommon King Pawn
ucx95pia,black,,,False,,68,English Opening
opoKgnBl,black,,queenside,False,,110,Uncommon King Pawn
sTVBRo3n,black,,,False,,24,Irregular Openings
8w0kAWDU,black,,,False,,48,Irregular Openings
0ib4NGMb,black,,kingside,False,,85,Nimzo-Indian Defense
Nm5hS91k,white,kingside,,False,,158,Reti Opening
A2SSXuwR,black,,kingside,False,,44,Irregular Openings
tDqePGi1,black,,,False,,40,Irregular Openings
AXqEBq08,white,,,False,,36,Reti Opening
X8df3lBT,white,,,False,,4,Reti Opening
o4UoDZAP,black,,kingside,False,,71,Slav Defense
tVQR0WXO,black,,,False,,55,Irregular Openings
59ft3tcf,white,kingside,,False,,39,Irregular Openings
94RaLxBG,black,,,False,,90,French Defense
byIDjTY4,white,kingside,,False,,109,Irregular Openings
LKSB1ltS,white,,,False,,71,Irregular Openings
jJpYmEPp,white,kingside,,False,,47,Queen's Pawn
9jeiXrPC,white,kingside,,False,,69,Irregular Openings
3YlpLswE,white,kingside,,False,,161,Queen's Pawn
T1vvKk2B,white,,,False,,53,Irregular Openings
vFeVNdwv,white,,,False,,65,Irregular Openings
SdYCpZXv,black,,,False,,29,French Defense
gTmt9Ny2,black,,,False,,49,Reti Opening
Jh1WcJTp,black,,,False,,72,Irregular Openings
Gy7RkCRo,black,,,False,,104,Irregular Openings
pxH2fjI1,white,kingside,,False,,103,Irregular Openings
IHtBkM3p,white,,,False,,35,Irregular Openings
2nuJQ0w4,white,kingside,,False,,47,Irregular Openings
ehgArNY4,black,,,False,,53,Reti Opening
Z6NiqeXH,white,queenside,,False,,50,Irregular Openings
wmvujd7F,black,,kingside,False,,60,Irregular Openings
zaLqZKAd,white,kingside,,False,,51,Irregular Openings
6PiZhQ7s,white,,,False,,27,Queen's Pawn
oXy31uk3,white,kingside,,False,,101,Irregular Openings
k5YXXj7a,black,,kingside,False,,160,Irregular Openings
3lb02Mdb,black,,queenside,False,,35,Irregular Openings
echOngig,white,kingside,,False,,79,Irregular Openings
ZidUFqb1,white,kingside,,False,,62,Irregular Openings
Yb52zDwf,white,kingside,,False,,145,Irregular Openings
TZ07ofm6,black,,,False,,55,French Defense
kPUVvW9A,white,,,False,,57,Irregular Openings
gbYW6bo8,white,kingside,,False,,62,Irregular Openings
iBVZ7jwa,white,,,False,,31,Irregular Openings
epnKYnN2,black,,,False,,78,English Opening
l5l5cOsB,black,,queenside,False,,20,Irregular Openings
AgS6UuDt,white,kingside,,False,,111,Irregular Openings
WvqGhslE,white,,,False,,16,Irregular Openings
pQJldRZq,black,,,False,,83,Irregular Openings
1oARNhME,white,,,False,,27,Irregular Openings
V59ZwoK3,black,,,False,,59,Irregular Openings
zBIhiM3U,black,,kingside,False,,57,Uncommon King Pawn
QvQ2FjJ7,white,kingside,,False,,41,Irregular Openings
0hoiZV0C,white,kingside,,False,,27,Irregular Openings
cAbrlQ3P,black,,,False,,80,Queen's Pawn
BA7U8VqT,black,,kingside,False,,55,English Opening
SETVrrZH,white,kingside,,False,,43,Irregular Openings
W00WpTOT,white,kingside,,False,,82,Irregular Openings
XI7UNVpW,black,,kingside,False,,33,Reti Opening
UYAm73JD,white,kingside,,False,,47,Irregular Openings
5sEDvF7O,white,kingside,,False,,82,Irregular Openings
CVvIr9Ht,black,,kingside,False,,40,English Opening
pYhPN1Ga,black,,,False,,102,Irregular Openings
uEb5OTfR,black,,kingside,False,,55,English Opening
X1LDCokr,white,kingside,,False,,87,Irregular Openings
kF9vrNir,white,,,False,,72,Queen's Pawn Game
TcN22TZF,white,kingside,,False,,77,Irregular Openings
KnAsfU4H,white,kingside,,False,,65,Irregular Openings
Z6oOWuZY,white,kingside,,False,,86,Irregular Openings
YFpCl4nT,black,,kingside,False,,55,English Opening
drrmMVNz,white,kingside,,False,,65,Irregular Openings
QsHzhtz4,white,kingside,,False,,87,Irregular Openings
i0ubIUNy,black,,,False,,41,French Defense
5dbG6BXr,black,,kingside,False,,106,English Opening
s6nWl9MN,white,kingside,,False,,111,Irregular Openings
qvBVMYMe,black,,kingside,False,,55,English Opening
fcBiDdK6,white,kingside,,False,,82,Irregular Openings
vsb2eHpC,white,kingside,,False,,37,Irregular Openings
8BgN9hHW,black,,kingside,False,,55,English Opening
KHSFNUe0,black,,kingside,False,,55,English Opening
mURlwf9q,black,,kingside,False,,55,English Opening
R9uuI7ss,black,,kingside,False,,55,English Opening
x0qQI6ac,black,,kingside,False,,118,English Opening
nBrucJwi,black,,kingside,False,,40,English Opening
jX1nYVKd,black,,kingside,False,,55,English Opening
c7pfBJZa,white,kingside,,False,,87,Irregular Openings
7S7Qne9Q,white,kingside,,False,,78,Irregular Openings
abMzXTAI,black,,,False,,5,Irregular Openings
RkHQNIax,black,,kingside,False,,40,English Opening
QRXdWbuD,black,,kingside,False,,55,English Opening
bNEVlTkA,black,,kingside,False,,55,English Opening
4U6TikeZ,black,,kingside,False,,55,English Opening
NMa8IToj,black,,queenside,False,,134,Queen's Pawn
8jGBT8eX,black,,,False,,31,Irregular Openings
DTHtkoPr,black,,,False,,57,Queen's Pawn
r4Nad9SP,white,kingside,,False,,111,Irregular Openings
SdGZeMre,white,kingside,,False,,82,Irregular Openings
7B9x0hQA,white,kingside,,False,,82,Irregular Openings
eyPIrWbu,black,,kingside,False,,40,French Defense
yXaFHXmc,black,,kingside,False,,97,Irregular Openings
81hBOO8E,black,,,False,,26,Irregular Openings
TtuKJx97,black,,queenside,False,,117,Irregular Openings
z1eyBbrH,black,,kingside,False,,26,Irregular Openings
VCyDWlA2,black,,kingside,False,,50,French Defense
ZAxLVyio,white,,,False,,31,Irregular Openings
DroPzcU9,black,,,False,,37,Irregular Openings
VJsx9m4R,black,,kingside,False,,28,French Defense
YWfYvbH2,white,kingside,,False,,41,Irregular Openings
ESZ2AQVv,black,,,False,,53,Queen's Pawn
w4hoL0m1,black,,,False,,5,Uncommon King Pawn
WnFWIbaY,black,,kingside,False,,103,Queen's Pawn
ZGxks2We,white,,,False,,11,Irregular Openings
bKQWQ7wq,black,,,False,,21,Irregular Openings
YcZgziDX,black,,,False,,70,Reti Opening
ZD4OrY3X,black,,,False,,32,French Defense
ty2JZgBX,white,kingside,,False,,70,Irregular Openings
puEniW2I,white,kingside,,False,,112,Queen's Pawn
XVKv8B0W,black,,,False,,33,Reti Opening
OWMcolmf,black,,kingside,False,,76,French Defense
gAmLrJsw,black,,,False,,18,French Defense
16OoAldP,black,,,False,,75,Irregular Openings
OgyMmlhC,black,,kingside,False,,79,Queen's Pawn
ilzluCz8,black,,,False,,58,Irregular Openings
d1zUQnFc,white,queenside,,False,,59,Irregular Openings
E8uU9gnD,white,kingside,,False,,61,Irregular Openings
TNTMY4J8,black,,queenside,False,,38,Queen's Pawn
qT4W4Rqm,black,,kingside,False,,92,Queen's Pawn
K3zZN1d8,white,kingside,,False,,37,Irregular Openings
akrUONYm,black,,,False,,81,Irregular Openings
Wb8Icw0M,black,,,False,,33,Queen's Pawn
KXnG8Ny6,white,kingside,,False,,31,Irregular Openings
HOL9h1ys,white,kingside,,False,,60,Irregular Openings
GoWJkM71,black,,,False,,48,English Opening
DiPi6IPB,black,,kingside,False,,40,English Opening
xrKr5o8i,black,,,False,,103,Irregular Openings
ksmwTfWF,black,,,False,,79,Irregular Openings
B3mAjWNG,white,kingside,,False,,111,Irregular Openings
AK2lKntV,black,,,False,,62,Irregular Openings
d3A6H502,black,,queenside,False,,42,Irregular Openings
9fQLK1t1,black,,queenside,False,,44,Irregular Openings
hs8yvNNl,white,kingside,,False,,91,Irregular Openings
7tSSfa4z,black,,,False,,47,Queen's Pawn
qkhdPE9h,black,,queenside,False,,66,Irregular Openings
aISOW9cV,white,queenside,,False,,78,Irregular Openings
yZPHObzj,black,,kingside,False,,55,English Opening
3G45on9L,white,,,False,,102,Irregular Openings
iSgHXPXc,black,,kingside,False,,163,Irregular Openings
fM3MJldY,white,kingside,,False,,43,Irregular Openings
5Jtfs2pA,white,,,False,,39,Irregular Openings
6TgLqHU8,white,kingside,,False,,69,Irregular Openings
bu1n8yKr,black,,,False,,21,Irregular Openings
InvL3I55,white,kingside,,False,,88,Irregular Openings
Tgq6WmQS,black,,,False,,26,Irregular Openings
RlW0vJt9,black,,,False,,44,Irregular Openings
9NeETwUa,black,,,False,,54,Irregular Openings
yLAYQa0G,white,,,False,,23,Irregular Openings
Gl8QiLe9,black,,,False,,52,Irregular Openings
1ZciQvBH,white,queenside,,False,,110,Queen's Pawn
fNl6QnbW,white,queenside,,False,,45,Irregular Openings
Q0peKxBn,black,,kingside,False,,53,French Defense
nggA5uMB,white,queenside,,False,,81,Irregular Openings
qqhzjMpe,black,,,False,,22,Irregular Openings
40TvAkRV,black,,,False,,42,Reti Opening
SRG12jXg,black,,kingside,False,,67,French Defense
P02OFVLb,white,,,False,,79,Irregular Openings
NM3KIZ8y,black,,,False,,62,Queen's Pawn
7M5CHCiZ,black,,,False,,19,Irregular Openings
hxu1rcwA,black,,kingside,False,,136,French Defense
9NmhndLU,white,queenside,,False,,41,Irregular Openings
efCoqSwp,white,kingside,,False,,54,Irregular Openings
Mx4V8sow,white,kingside,,False,,58,Irregular Openings
tb3CykS8,white,,,False,,35,Irregular Openings
yklv0qP9,black,,,False,,41,Irregular Openings
d0OP9mHS,black,,,False,,1,Uncommon King Pawn
5KGPobiM,white,,,False,,37,Irregular Openings
9suZFiXR,white,kingside,,False,,83,Irregular Openings
fXlanB1A,black,,kingside,False,,20,Irregular Openings
u8c9bRTK,white,,,False,,13,Irregular Openings
LjD5QxIo,black,,queenside,False,,54,French Defense
TRA64RlO,white,queenside,,False,,96,Irregular Openings
4A6riEkR,black,,,False,,70,Queen's Pawn
i0SpZKQt,black,,,False,,24,French Defense
dwdDiZNH,black,,,False,,18,Irregular Openings
jGmZBplE,white,,,False,,29,Irregular Openings
bCTiqnxl,white,,,False,,125,Irregular Openings
qB6UaSgF,black,,kingside,False,,68,French Defense
JZPaG9Nk,black,,,False,,43,Irregular Openings
1ctUGQ53,black,,kingside,False,,80,French Defense
sqHBBuEr,white,,,False,,31,Irregular Openings
OIjdRrhB,white,kingside,,False,,83,Irregular Openings
xSeYZGk1,black,,,False,,14,French Defense
Pvg6DKZ4,black,,kingside,False,,18,French Defense
gHmFv0ND,white,,,False,,38,Queen's Pawn Game
lhKP1IHN,black,,kingside,False,,30,French Defense
3KnwVX4O,white,,,False,,18,Irregular Openings
iufUiA4L,black,,,False,,95,Irregular Openings
fmuPYOUi,white,kingside,,False,,47,Irregular Openings
Pr8U1JlP,black,,,False,,35,French Defense
L3iIfcxj,black,,,False,,62,French Defense
IIeXDeBc,black,,kingside,False,,117,Irregular Openings
nH7cbizV,black,,,False,,42,Irregular Openings
fuPbohHN,white,,,False,,18,Irregular Openings
rF5rT6qQ,black,,,False,,18,French Defense
R8Znj3Ad,white,kingside,,False,,122,Irregular Openings
p7QjoE5i,white,kingside,,False,,67,Irregular Openings
Zq18cu67,black,,,False,,64,Irregular Openings
AUpdZAPT,white,kingside,,False,,52,Irregular Openings
pExyIea3,white,kingside,,False,,115,Irregular Openings
3iXutkUL,white,kingside,,False,,49,Irregular Openings
xdYUW9QQ,white,,,False,,23,Irregular Openings
QsUc6POc,white,kingside,,False,,47,Irregular Openings
iktS8B40,white,kingside,,False,,94,Irregular Openings
BG26twC6,black,,kingside,False,,68,French Defense
Lm1IK9C6,black,,,False,,31,Irregular Openings
276dNXs8,white,kingside,,False,,111,Irregular Openings
rYj26ztT,black,,,False,,79,Irregular Openings
zvW1vCtz,black,,,False,,48,Irregular Openings
7ct3wNKC,white,kingside,,False,,51,Irregular Openings
O3W21uH1,black,,,False,,40,Irregular Openings
rF41IHY5,white,kingside,,False,,46,Irregular Openings
I9ISxGeC,white,kingside,,False,,52,Irregular Openings
htiCYesd,white,kingside,,False,,61,Irregular Openings
GesBseIF,black,,,False,,32,Irregular Openings
eqmgD9OC,white,kingside,,False,,35,Irregular Openings
aGFveksR,black,,,False,,55,Queen's Pawn
zIGFLNuR,black,,,False,,46,Irregular Openings
f08olJ5h,white,,,False,,10,Irregular Openings
F14oZI73,black,,,False,,41,Irregular Openings
UMbTtzbA,black,,,False,,41,Irregular Openings
nfoysuhk,white,,,False,,30,Irregular Openings
GxJMGDO9,white,kingside,,False,,118,Queen's Pawn
f0GebhhA,black,,,False,,35,French Defense
Ltgv49P8,black,,,False,,96,Queen's Pawn
eqGn4bpR,black,,kingside,False,,68,Irregular Openings
QAyaP3Zv,white,kingside,,False,,35,Irregular Openings
ePzFLzFw,black,,queenside,False,,56,Queen's Pawn
Mf3fKChc,white,kingside,,False,,64,Irregular Openings
LLQHMYJ4,black,,,False,,82,Queen's Pawn
4kJXNyJp,black,,,False,,35,French Defense
J1ljTgK7,black,,kingside,False,,70,French Defense
IZ1iCB1L,black,,,False,,62,Irregular Openings
EN7CfuaP,black,,kingside,False,,78,Uncommon King Pawn
J00iDQnh,white,queenside,,False,,71,Irregular Openings
QZkPsLB7,white,kingside,,False,,35,Reti Opening
gx4T76dP,white,kingside,,False,,133,Reti Opening
cQy8Ji2T,white,,,False,,5,Queen's Pawn Game
mopdhxQI,black,,queenside,False,,63,Queen's Pawn Game
21c8KVWk,black,,kingside,False,,84,Irregular Openings
cKR6XMHy,black,,queenside,False,,76,French Defense
t9stW2hY,white,kingside,,False,,37,Irregular Openings
KLfwBj3b,white,,,False,,45,Irregular Openings
UrbF9ZfW,black,,,False,,54,Reti Opening
qRhbDJde,black,,kingside,False,,48,French Defense
kfoHxSSt,white,kingside,,False,,116,Irregular Openings
ei8Vz9ui,white,,,False,,20,Irregular Openings
oV3SaVey,white,kingside,,False,,79,Irregular Openings
Fmkf4kSE,white,queenside,,False,,42,Irregular Openings
2bZYx8aG,white,kingside,,False,,27,Irregular Openings
OLYaCbRr,white,,,False,,35,Irregular Openings
JUhmWlyw,white,kingside,,False,,27,Irregular Openings
NGPWFbKE,white,kingside,,False,,63,Irregular Openings
cTxwJzRN,black,,,False,,52,Irregular Openings
nkHu72Rd,white,,,False,,45,Irregular Openings
yatrhXg4,black,,,False,,84,French Defense
QKBlZYDH,black,,,False,,30,Irregular Openings
YLxXnuOm,black,,,False,,54,French Defense
fLG4rA4H,black,,,False,,53,Irregular Openings
zkYl6SML,black,,,False,,30,Irregular Openings
vLD7nc54,black,,kingside,False,,60,French Defense
7uyXLRk1,white,kingside,,False,,110,Irregular Openings
OTCjLNYy,white,kingside,,False,,37,Irregular Openings
bweiI2SS,white,,,False,,11,Irregular Openings
RrVdLaD4,white,kingside,,False,,58,Irregular Openings
2V2DD4Ua,black,,kingside,False,,77,Reti Opening
G5jgfRl7,black,,,False,,73,Uncommon King Pawn
ORYWHfl8,black,,kingside,False,,49,Uncommon King Pawn
4G6LpiJc,white,,,False,,65,Irregular Openings
Hy3CurVf,black,,,False,,26,French Defense
kUe62OJo,white,kingside,,False,,146,Irregular Openings
nnCNNbM2,black,,,False,,12,French Defense
oGtfWLI7,white,queenside,,False,,41,Irregular Openings
YxnNE5Fw,white,,,False,,27,Irregular Openings
MzhFAByF,black,,,False,,3,French Defense
1x9eVYuh,black,,kingside,False,,58,Irregular Openings
gSBOWIGS,black,,kingside,False,,64,Irregular Openings
XwBt2k6s,black,,kingside,False,,92,Irregular Openings
vD3qoqMF,black,,,False,,18,French Defense
eTpgSpvr,black,,,False,,31,Irregular Openings
OeTDeADj,black,,,False,,37,Queen's Pawn
kTKwPdw0,black,,kingside,False,,26,French Defense
rNK2T8nh,white,kingside,,False,,123,Irregular Openings
bnLC6cJe,black,,,False,,18,French Defense
yMBK3vCL,black,kingside,kingside,True,11,135,French Defense
45E9Jenx,black,,kingside,False,,49,English Opening
L1GW1XKV,white,,,False,,8,Irregular Openings
i1fNlB6O,black,,kingside,False,,14,French Defense
1EZGMaZt,white,kingside,,False,,40,Queen's Pawn
GGmgKopt,white,kingside,,False,,167,Irregular Openings
KbTF0FTH,white,queenside,,False,,68,Irregular Openings
XjJKUkUl,white,kingside,,False,,109,Irregular Openings
Hl2ftFBl,white,,,False,,57,Irregular Openings
jzB5Fhb9,black,,,False,,46,Irregular Openings
WkBReZXM,black,,,False,,50,Irregular Openings
Krf4WcXG,white,,,False,,39,Irregular Openings
PLPeF6zC,black,,,False,,46,Irregular Openings
imJgynMz,black,,,False,,31,Reti Opening
ENin6Ocw,black,,,False,,37,Irregular Openings
VyuKpigJ,black,,,False,,48,French Defense
enpf7roS,black,,,False,,31,Queen's Pawn Game
zQLmnl9M,black,,,False,,62,French Defense
5fzF8vO0,white,kingside,,False,,45,Irregular Openings
kipp6Z55,white,kingside,,False,,90,Irregular Openings
hiIswcK6,white,kingside,,False,,46,Irregular Openings
RkkrEwJH,black,,,False,,106,Irregular Openings
B8T6ycIa,white,kingside,,False,,72,Irregular Openings
R3p31yEU,white,kingside,,False,,74,Irregular Openings
9ovEIU2z,black,,,False,,86,Queen's Pawn
z45LAHyG,white,queenside,,False,,74,Irregular Openings
x69OMCdu,white,,,False,,59,Irregular Openings
B8Dm6iWq,black,,kingside,False,,40,Queen's Pawn
kMxKpNBI,white,kingside,,False,,45,Irregular Openings
HtauZGAK,white,kingside,,False,,31,Irregular Openings
tlJneCr1,white,,,False,,6,Irregular Openings
941zUIzs,black,,kingside,False,,27,Reti Opening
zZvP35Pm,white,kingside,,False,,91,Irregular Openings
mR0DSRtn,black,,,False,,61,Queen's Pawn
4U55YWkC,white,kingside,,False,,53,Irregular Openings
MP3wDpCZ,white,kingside,,False,,59,Irregular Openings
TPZD054Q,black,,kingside,False,,30,Irregular Openings
4xL7qkBS,white,kingside,,False,,59,Irregular Openings
VxtfpjZF,black,,,False,,60,English Opening
yaDmLXSJ,white,kingside,,False,,21,Irregular Openings
P8Hazu0b,white,,,False,,45,Queen's Pawn
rIbZH2Mk,white,kingside,,False,,60,Irregular Openings
KdyMwaNJ,white,,,False,,29,Queen's Pawn
QilnF63b,black,,,False,,41,Irregular Openings
I8nojjVp,white,,,False,,50,Queen's Pawn Game
uDPXY534,white,,,False,,31,Queen's Pawn Game
bMApumxX,white,kingside,,False,,74,Irregular Openings
InfB9Ie3,white,,,False,,33,Irregular Openings
8RgmQV8I,black,,,False,,67,Irregular Openings
Ow4OCrA7,white,kingside,,False,,25,Irregular Openings
framUSQ6,black,,,False,,96,Irregular Openings
oRXB83QY,black,,,False,,27,Irregular Openings
1HW7ev0U,white,kingside,,False,,26,Irregular Openings
DvfoEMmU,black,,,False,,29,Irregular Openings
oIRbk956,white,kingside,,False,,50,Irregular Openings
IaV7PaXR,white,,,False,,43,Irregular Openings
x2UNaL6H,white,,,False,,41,Irregular Openings
pnksuqFa,black,,,False,,60,Irregular Openings
agTAySgg,white,kingside,,False,,45,Irregular Openings
4M35iwmy,white,kingside,,False,,118,Irregular Openings
26WocN4i,white,kingside,,False,,44,Irregular Openings
oeD7bSmS,white,,,False,,27,Irregular Openings
uG0YVfvw,white,kingside,,False,,33,Irregular Openings
jH2TLghN,black,,,False,,73,Irregular Openings
B82Irfyd,white,kingside,,False,,49,Irregular Openings
z2umAm6N,white,kingside,,False,,96,Irregular Openings
bPVuzHGE,white,kingside,,False,,42,Irregular Openings
h0Nkq3Gx,black,,,False,,34,Irregular Openings
C7l4FxcN,white,kingside,,False,,44,Irregular Openings
GI0cytrS,black,,,False,,106,French Defense
kPC2iml9,white,kingside,,False,,39,Queen's Pawn
RcLMABzk,black,,,False,,56,Irregular Openings
LAqCaZuF,black,,,False,,77,French Defense
GVCOrIQo,white,kingside,,True,7,229,Queen's Pawn
a9xUdHAk,black,,,False,,34,French Defense
ZLPM1Snd,black,,kingside,False,,64,Irregular Openings
633OQTMh,black,,kingside,False,,52,Irregular Openings
zJ66TqXh,white,queenside,,False,,61,Irregular Openings
nthj0Gc3,white,kingside,,False,,75,Irregular Openings
X0GsfKf6,white,kingside,,False,,45,Irregular Openings
B4Rz4IhQ,white,kingside,,False,,102,Irregular Openings
gGmoYiZh,white,kingside,,False,,81,Irregular Openings
3PoC4Ymn,white,,,False,,59,Irregular Openings
QLd7o7sv,black,,kingside,False,,136,Irregular Openings
Sn47u9Ev,black,,kingside,False,,40,Irregular Openings
LwYDVr1w,black,,kingside,False,,73,Irregular Openings
eQv8esdK,white,kingside,,False,,44,Irregular Openings
lDlbkOt4,white,,,False,,83,Irregular Openings
C76nMxn4,black,,,False,,43,French Defense
6TTLUrU0,black,,kingside,False,,99,Irregular Openings
yHmBVVHx,black,,kingside,False,,56,French Defense
61wbwTsM,white,queenside,,False,,43,Irregular Openings
XaeSdPXF,white,kingside,,False,,72,Irregular Openings
REiWEydb,white,kingside,,False,,41,Irregular Openings
M8oNezxe,white,,,False,,45,Irregular Openings
JUV7kFox,black,,kingside,False,,83,Reti Opening
ZDYSbUi9,black,,,False,,31,French Defense
U8koqVZo,black,,,False,,75,Irregular Openings
G3B4bxbZ,black,,,False,,45,Queen's Pawn
YMaCHMQk,black,,queenside,False,,42,Irregular Openings
foOk0zMS,black,,,False,,41,Queen's Pawn Game
lidmw3w5,black,,,False,,18,French Defense
HFpLFntD,white,kingside,,False,,59,Irregular Openings
sTwQ4ncM,white,,,False,,18,Irregular Openings
ftjgl6JS,black,,kingside,False,,38,Irregular Openings
9XIQjtco,white,,,False,,51,Irregular Openings
8KSMgylD,black,,kingside,False,,101,Irregular Openings
hXzwol1z,black,,,False,,54,Irregular Openings
LcStBXCg,white,kingside,,False,,27,Irregular Openings
Ua7f9utm,white,kingside,,False,,66,Irregular Openings
rfFY7Zgp,black,,,False,,1,Queen's Pawn
gkzAKhZu,white,,,False,,23,Irregular Openings
wZs9kCXe,black,,queenside,False,,62,French Defense
iEFxpYpv,black,,,False,,73,Irregular Openings
7SvUSFfz,black,,,False,,69,Irregular Openings
pGDmmGwU,black,,,False,,3,French Defense
Y0VTyvB0,white,,,False,,18,Irregular Openings
2sCjDgR9,white,kingside,,False,,75,Irregular Openings
0VH3Vvhv,white,kingside,,False,,57,Irregular Openings
BSYdfvXd,white,,,False,,45,Irregular Openings
YuUZDI4k,black,,,False,,88,Queen's Pawn
v8dwSXx0,black,,kingside,False,,82,French Defense
SSeaWjh5,black,,,False,,2,French Defense
ilZKvV57,black,,,False,,33,French Defense
VqNkCiTR,white,,,False,,23,Irregular Openings
fwZv16E3,white,kingside,,False,,33,Irregular Openings
VLuef3C2,black,,,False,,18,French Defense
RHuqRQ9V,black,,queenside,False,,56,Irregular Openings
zZPSYadU,black,,kingside,False,,72,French Defense
PlDUNZJH,black,,kingside,False,,51,Queen's Pawn
MCPEhq6x,black,,,False,,71,French Defense
MmiUA0Xc,black,,kingside,False,,28,French Defense
kbeulQNF,black,,,False,,98,Queen's Pawn
ftdtd1ir,black,,kingside,False,,46,French Defense
n2Nhsi4R,white,,,False,,15,Irregular Openings
hBTr73M1,black,,,False,,23,Irregular Openings
oDAvGGPu,black,,,False,,93,Irregular Openings
4DR5yNyT,white,,,False,,43,Irregular Openings
U291Y3XZ,white,,,False,,110,Irregular Openings
JCwd1uHk,black,,kingside,False,,120,Irregular Openings
Kj04iVGq,black,,,False,,51,French Defense
WRoABUum,black,,kingside,False,,63,French Defense
STCBnimt,black,,kingside,False,,125,Irregular Openings
dNEfdlGN,black,,kingside,False,,97,Irregular Openings
YqbyWPcW,white,kingside,,False,,38,Irregular Openings
RfXViCaP,white,,,False,,39,Irregular Openings
JXHJrxnV,black,,,False,,84,French Defense
u2Je7Sps,white,kingside,,False,,47,Irregular Openings
VuedtvSZ,black,,kingside,False,,115,Irregular Openings
BSrwGmWX,black,,kingside,False,,81,English Opening
UkR7XBud,black,,,False,,37,Irregular Openings
Kv7iqxkq,black,,kingside,False,,49,French Defense
BLiRboAI,black,,,False,,37,Irregular Openings
U9u6gCg4,white,,,False,,3,Irregular Openings
nzgCW32S,black,,kingside,False,,51,Queen's Pawn
t51AqkBy,white,,,False,,37,Irregular Openings
j1KchnCD,black,,,False,,35,Irregular Openings
rhsb2IkF,white,,,False,,41,Irregular Openings
JWGLhBNA,white,,,False,,89,Irregular Openings
b2cPhyC4,white,kingside,,False,,72,Irregular Openings
2nxtz0ez,black,,,False,,72,Queen's Pawn
vhh8LpCi,black,,,False,,3,French Defense
imTXgwy4,white,,,False,,48,Irregular Openings
CBTVuySt,black,,,False,,34,Irregular Openings
SRhAoUSK,black,,,False,,55,French Defense
AxMbrx6W,white,,,False,,44,Irregular Openings
cQrC1XIR,white,kingside,,False,,38,Irregular Openings
TmmUr3s2,white,kingside,,False,,45,Irregular Openings
K1RNXJpV,white,kingside,,False,,41,Irregular Openings
982ZsoB1,black,,,False,,58,Irregular Openings
KvagFPjM,white,kingside,,False,,22,Irregular Openings
eWRIU280,black,,,False,,52,Irregular Openings
kqrAJ734,black,,,False,,39,Queen's Pawn
ZLYfgZmw,black,,kingside,False,,133,Reti Opening
9lVyg968,black,,kingside,False,,48,Irregular Openings
mX3xv5Sm,white,,,False,,25,Irregular Openings
vqbmC4tI,black,,,False,,34,French Defense
i2C4U0Vc,black,,,False,,58,Irregular Openings
PdGgS9IA,white,,,False,,59,Irregular Openings
BGFXqdcA,black,,kingside,False,,56,French Defense
V9C1eMAp,white,,,False,,66,Irregular Openings
cIjPLW9h,black,,,False,,38,Irregular Openings
yhPFNqQy,black,,,False,,46,Irregular Openings
8s1f7mjL,white,,,False,,30,Irregular Openings
dxqeH3AA,black,,kingside,False,,28,French Defense
ySaxGgAK,white,,,False,,16,Irregular Openings
jkVdvj0V,white,,,False,,27,Irregular Openings
QQR23f0n,white,,,False,,2,Irregular Openings
xuESH4Wa,black,,kingside,False,,42,French Defense
CmnskIeA,white,queenside,,False,,47,Irregular Openings
hm6Pr8O8,black,,,False,,128,French Defense
xwVG1Yxs,black,,queenside,False,,99,French Defense
bDld6lFr,white,queenside,,False,,53,Irregular Openings
ZpQ1ZF0f,white,,,False,,67,Queen's Pawn
9ZQdp8K7,white,,,False,,49,Queen's Pawn
M1LmjKJ8,white,,,False,,11,Irregular Openings
O7KxLqBJ,black,,kingside,False,,97,Queen's Pawn
loCbPQoc,black,,,False,,54,French Defense
8V4cYgqm,black,,,False,,115,Irregular Openings
cfFCPCz4,white,,,False,,11,Irregular Openings
qDNMAarK,white,kingside,,False,,58,Irregular Openings
PKOn8jbK,black,,,False,,34,Irregular Openings
wL6tCkFF,black,,,False,,22,Queen's Pawn Game
eaqpjjtJ,black,,kingside,False,,49,Reti Opening
HOTjfUJO,black,,queenside,False,,28,French Defense
cOPjyQSB,white,kingside,kingside,True,9,167,Queen's Pawn Game
OdveWPPs,black,,,False,,42,Irregular Openings
LvPqWEOM,white,kingside,,False,,39,Irregular Openings
wc3nUAdp,black,,,False,,48,Irregular Openings
4pMVkJJm,white,,,False,,89,Irregular Openings
eKMC2Ar8,black,,kingside,False,,20,Irregular Openings
iH7PrkBD,black,,kingside,False,,74,Irregular Openings
BTGjsSBJ,white,kingside,,False,,58,Irregular Openings
DafakQjg,black,,,False,,46,Irregular Openings
ASekgctj,black,,,False,,57,Reti Opening
8GkAxb8M,black,,,False,,37,Irregular Openings
xJJ43XYD,black,,kingside,False,,50,English Opening
yDN5kc2d,black,,kingside,False,,42,French Defense
RS7yEOfJ,black,,,False,,15,French Defense
g4Qi74ER,black,,,False,,42,Irregular Openings
bqL7cfGv,black,,kingside,False,,102,Reti Opening
qym3u0HT,white,queenside,,False,,108,Irregular Openings
KjFEmZQI,white,kingside,,False,,116,Irregular Openings
dk4JSNgY,white,kingside,,False,,39,Irregular Openings
qrRb1gZl,black,,,False,,51,Reti Opening
7zrcPEO5,black,,kingside,False,,81,French Defense
NoSziqhM,white,kingside,,False,,73,Irregular Openings
tVnu7nCg,black,,,False,,16,Irregular Openings
ammOGPsR,black,,,False,,42,Irregular Openings
HVGz6mYP,black,,,False,,66,French Defense
bKekVKpg,white,kingside,,False,,35,Irregular Openings
PrOXfYE0,black,,kingside,False,,119,Irregular Openings
qlTZHbYy,white,,,False,,59,Irregular Openings
HwfHLFVG,black,,,False,,40,French Defense
fkG43nTV,white,queenside,,False,,33,Irregular Openings
8KVE78VF,black,,kingside,False,,47,Queen's Pawn
KCoMjIya,white,kingside,,False,,43,Irregular Openings
H7oLJrJJ,black,,queenside,False,,29,Irregular Openings
8xvmnvB7,white,,,False,,18,Irregular Openings
litwaAvp,white,,,False,,16,Irregular Openings
BBh0w0cb,black,kingside,kingside,False,,93,Queen's Pawn
MTsuRSjZ,black,,kingside,False,,80,French Defense
xLw6lXoe,black,,,False,,92,Reti Opening
mMqt33Er,black,,,False,,11,Queen's Pawn
NySmdQXq,white,kingside,kingside,True,3,132,Queen's Pawn
EoJ8I5OY,black,,,False,,32,French Defense
zNGXt1g0,black,,,False,,2,French Defense
zMjUWI69,black,,,False,,22,French Defense
cSsvdVKG,black,,kingside,False,,28,French Defense
7VOl1HGI,black,,,False,,72,Irregular Openings
9LkAO3cV,black,,queenside,False,,72,Irregular Openings
SxgOUtmM,white,,,False,,18,Irregular Openings
TzNsQkKE,white,,,False,,49,Irregular Openings
hRRlr0jE,white,,,False,,18,Irregular Openings
fUvbtDdw,white,,,False,,3,Queen's Pawn
r0XgtubX,black,,,False,,62,Irregular Openings
G2uORpxc,black,,,False,,31,French Defense
zRztFpAy,white,kingside,,False,,25,Irregular Openings
fFfGK3PE,black,,,False,,85,Reti Opening
JoPuhzHg,white,kingside,,False,,26,Irregular Openings
Ms83YSDd,white,kingside,,False,,119,Irregular Openings
D70W4NDh,black,,kingside,False,,51,Queen's Pawn
PIfA0kE6,black,,kingside,False,,30,Irregular Openings
d9rennZz,black,,,False,,18,French Defense
HJfmhOk1,black,,,False,,52,French Defense
aPuQr1gS,white,,,False,,18,Irregular Openings
00ABEoXV,white,,,False,,18,Irregular Openings
GNNES0Al,white,kingside,,False,,47,Irregular Openings
ukBsDmEt,black,,,False,,62,French Defense
rnKpjbEj,black,,,False,,2,French Defense
IGpqzLfs,white,queenside,,False,,34,Irregular Openings
MqXezQFU,black,,,False,,37,French Defense
Mu0w9M0B,black,,,False,,30,French Defense
u8qkHm9l,white,queenside,,False,,32,Irregular Openings
utl1coox,black,,kingside,False,,30,French Defense
itBC18bB,black,kingside,queenside,True,6,95,French Defense
EHatH5zJ,white,kingside,,False,,33,Irregular Openings
RmkIdasv,black,,kingside,False,,62,Queen's Pawn
jzcIgvlB,white,queenside,,False,,65,Queen's Pawn Game
h9jKg4sC,white,,,False,,57,Irregular Openings
cxBrokSA,white,,,False,,11,Irregular Openings
vmwlb4b8,white,kingside,,False,,77,Irregular Openings
SyxCKSgb,black,,kingside,False,,18,Irregular Openings
47dfFBQy,black,,,False,,38,Irregular Openings
Oj1r7fyg,black,,kingside,False,,71,Reti Opening
yW3W1Q3h,black,,,False,,66,Queen's Pawn
bwqh1ucy,black,,,False,,33,Irregular Openings
PD42N6r1,white,kingside,,False,,43,Irregular Openings
2FdljQIY,white,,,False,,30,Irregular Openings
hHcySE9r,black,,,False,,38,Irregular Openings
IxmVgBPZ,white,kingside,,False,,33,Irregular Openings
CXAHnBms,white,kingside,,False,,27,Irregular Openings
YhcHq1zS,black,,queenside,False,,38,French Defense
zy3HwqpN,black,,,False,,31,Irregular Openings
IdjInXWL,white,,,False,,30,Irregular Openings
r7nv6G3l,black,,,False,,51,French Defense
odg4gZdN,black,,kingside,False,,60,Irregular Openings
NkWkQnHx,white,kingside,,False,,46,Irregular Openings
RaoGr6xo,white,,,False,,18,Irregular Openings
Cn7UNGGI,white,kingside,,False,,45,Irregular Openings
tgeKR6z7,white,queenside,,False,,58,Irregular Openings
cVvoOK2r,black,,,False,,88,French Defense
WKAFfRBS,white,,,False,,31,Irregular Openings
fg1NVUM8,black,,kingside,False,,118,Reti Opening
SPVM7uJk,white,,,False,,16,Irregular Openings
Wr2StiWr,white,queenside,,False,,44,Irregular Openings
aWUhypS2,black,,,False,,24,Irregular Openings
DLMxwMJv,white,kingside,,False,,88,Irregular Openings
n70d56cX,white,,,False,,28,Irregular Openings
QffLpLQU,black,,kingside,False,,37,Queen's Pawn
3tXMzwlK,black,,,False,,21,Reti Opening
sIdq08nA,black,,,False,,63,Queen's Pawn
1TQZJcwD,white,,,False,,58,Irregular Openings
Cc9nOtzO,black,,kingside,False,,55,English Opening
Pj4kYeLK,black,,kingside,False,,94,Reti Opening
RVB7akzl,black,,,False,,21,French Defense
k9kbNnyo,white,kingside,,False,,83,Irregular Openings
hKHcEwMO,white,kingside,,False,,199,Irregular Openings
VOkhcv9W,black,,,False,,86,Irregular Openings
X6h8ii0z,black,,,False,,32,Irregular Openings
JxBuViG6,black,,,False,,42,Irregular Openings
k1yg9sub,white,kingside,,False,,39,Irregular Openings
mtQBVBNp,white,kingside,,False,,69,Irregular Openings
LL8rtXFM,black,,,False,,20,Irregular Openings
2hIJQT4L,black,,,False,,82,French Defense
YArhV4Mz,black,,,False,,26,Irregular Openings
xIT2x9CY,white,kingside,,False,,71,Irregular Openings
hpcJeFLp,white,kingside,,False,,71,Queen's Pawn Game
PZEJL76T,black,,,False,,66,French Defense
0a7Y0ykk,white,,,False,,10,Irregular Openings
YHuHEkBg,white,kingside,,False,,87,Queen's Pawn Game
91eVGMjI,white,,,False,,3,Irregular Openings
R2d2qaAQ,black,,,False,,1,Queen's Pawn
xLP0c5jY,white,kingside,,False,,52,Queen's Pawn Game
KPmsVi9I,black,,,False,,44,French Defense
ZbaiRoik,black,,queenside,False,,89,Irregular Openings
AQpShL6W,white,,,False,,25,Irregular Openings
rz12E4xV,white,kingside,,False,,118,Irregular Openings
AYkY7R1T,black,,,False,,31,Irregular Openings
yibOqBlD,black,,,False,,95,French Defense
690oL0kc,white,kingside,,False,,43,Irregular Openings
DMAjpPix,black,,,False,,37,Reti Opening
rmdQ8Crr,white,kingside,,False,,100,Irregular Openings
FDHMT2qG,white,,,False,,35,Irregular Openings
TIPbpVpJ,white,queenside,,False,,54,Irregular Openings
bXDYQ9i4,black,,kingside,False,,39,Uncommon King Pawn
BBsgSkcp,white,kingside,,False,,71,Irregular Openings
QLxdaHwT,white,kingside,,False,,83,Irregular Openings
QGRChz2y,white,kingside,,False,,37,Irregular Openings
ZYObKb1r,black,,queenside,False,,90,French Defense
3mGsKvrc,black,,queenside,False,,18,French Defense
WKK1qs1q,white,kingside,,False,,25,Irregular Openings
lff7Bg9r,black,,,False,,40,Irregular Openings
QnqAt4Cx,white,kingside,,False,,82,Irregular Openings
IjL58jqv,black,,kingside,False,,37,Queen's Pawn
N4gm3YqG,white,kingside,,False,,111,Irregular Openings
rMGFGkPU,black,,,False,,99,Irregular Openings
13Ff36yq,black,,,False,,16,Irregular Openings
z7GX6Mi1,black,,,False,,17,Irregular Openings
6FmsygkF,white,,,False,,55,Irregular Openings
G9WxoqcS,black,,kingside,False,,138,Irregular Openings
ro6igEjN,black,,,False,,88,French Defense
u5XWD3BM,white,kingside,,False,,98,Irregular Openings
nosWc3ub,white,kingside,,False,,35,Irregular Openings
1v2LVVmt,white,kingside,,False,,67,Irregular Openings
ol5b3YmH,white,kingside,,False,,123,Irregular Openings
Bv2MEWEx,white,,,False,,41,Irregular Openings
NnoVqAvg,black,,kingside,False,,156,Irregular Openings
UstEyqYm,black,,,False,,48,French Defense
DBpZug01,white,kingside,,False,,45,Irregular Openings
5m6g28Dl,black,,,False,,20,French Defense
x3nenF2q,black,,kingside,False,,40,English Opening
JoyvHife,white,kingside,,False,,99,Irregular Openings
FisHJOeS,white,kingside,,False,,96,Irregular Openings
mwljwGdc,black,,,False,,117,Irregular Openings
cpip3b4o,black,,,False,,49,Queen's Pawn
uvbr89lG,white,,,False,,77,Irregular Openings
ZeQhmwMw,black,,,False,,76,Irregular Openings
B3WLLTAs,white,kingside,,False,,37,Irregular Openings
elWoCizw,white,kingside,,False,,87,Irregular Openings
zAfZf2l4,black,,kingside,False,,42,Irregular Openings
njwS8hSL,black,,queenside,False,,67,Irregular Openings
sc0S4xia,white,,,False,,90,Irregular Openings
XtAeasoV,white,kingside,,False,,80,Irregular Openings
ijlq8UFb,black,,,False,,54,Irregular Openings
8dwZfam4,black,,,False,,42,Irregular Openings
ZE2zbGnM,white,,,False,,33,Irregular Openings
ZkmZRtdG,white,kingside,,False,,29,Irregular Openings
aJaJLwsT,white,,,False,,25,Irregular Openings
vAsG5S4R,white,,,False,,39,Irregular Openings
sYnCbSju,white,kingside,,False,,56,Irregular Openings
kLiJl9qx,white,kingside,,False,,138,Irregular Openings
yFFw2Zzo,black,,queenside,False,,65,Queen's Pawn
ZJaYWcQd,black,,kingside,False,,67,English Opening
Ww9k9fjJ,white,,,False,,56,Irregular Openings
SewPy4eI,white,kingside,,False,,51,Irregular Openings
ExCIsY0f,white,,,False,,31,Irregular Openings
l2cCTJhq,white,kingside,,False,,64,Irregular Openings
3Vufz1ey,white,kingside,,False,,73,Irregular Openings
g7Ke5uv6,white,,,False,,15,Irregular Openings
FcrDyCNd,white,kingside,,False,,33,Irregular Openings
WtZrBEhy,black,,,False,,31,Irregular Openings
CSunt2Hw,black,,,False,,18,French Defense
SxWtT9mv,white,kingside,,False,,59,Irregular Openings
d2hJdpeL,black,,queenside,False,,58,French Defense
EWkk41Dj,white,,,False,,61,Irregular Openings
MxtZDh1o,white,,,False,,67,Irregular Openings
cQDyWIwk,white,kingside,,False,,27,Irregular Openings
i707AUKG,black,,kingside,False,,55,English Opening
8aHnJqZL,black,,,False,,68,Queen's Pawn
iMPPgu9q,white,kingside,,False,,70,Irregular Openings
mV5H34hG,black,,kingside,False,,93,English Opening
CdijIusT,white,kingside,,False,,53,Irregular Openings
lYgS7qb5,white,queenside,,False,,41,Queen's Pawn
DAkSmEzo,black,,,False,,22,French Defense
OCacAUaz,white,,,False,,89,Irregular Openings
toFqEC3c,black,,kingside,False,,101,Queen's Pawn
FFVxwGiW,black,,,False,,37,Irregular Openings
oN6RYxaP,white,kingside,,False,,115,Irregular Openings
kHsyD3jS,white,kingside,,False,,37,Irregular Openings
6CAudYp5,black,,,False,,11,Irregular Openings
4hkpRo5x,white,kingside,,False,,103,Irregular Openings
FdMujaf3,white,kingside,,False,,44,Irregular Openings
mnId5i1a,white,kingside,,False,,117,Irregular Openings
SViR7G3k,white,,,False,,25,Irregular Openings
NHLARzvi,black,,,False,,42,French Defense
Zah3DLwc,white,,,False,,16,Irregular Openings
4vp6F5cn,white,,,False,,18,Irregular Openings
EzDL1J7g,black,,queenside,False,,70,French Defense
vgVftuLO,black,,,False,,50,Irregular Openings
kaxCd1Cp,black,,,False,,38,Irregular Openings
rU8BceSF,black,,,False,,35,Irregular Openings
YzxCj8i6,white,kingside,,False,,51,Irregular Openings
RHmV6xpN,black,,,False,,64,French Defense
HXOk0e6H,white,kingside,,False,,79,Irregular Openings
we5EG4OK,white,kingside,,False,,38,Irregular Openings
MhqGpwDL,black,,,False,,18,French Defense
5WX3V5zc,black,,kingside,False,,54,French Defense
yqlIAXy6,white,queenside,,False,,69,Irregular Openings
CS0z5NV7,black,,,False,,50,French Defense
JqaB8fpe,black,,,False,,54,Irregular Openings
scCVCOEk,white,kingside,,False,,73,Irregular Openings
pq4FYi1f,black,,,False,,69,Queen's Pawn
6PAs54EM,black,,kingside,False,,48,Reti Opening
1WeCrWSE,white,kingside,,False,,47,Irregular Openings
FUEFut1R,black,,kingside,False,,77,Irregular Openings
jTqWHQ6X,black,,,False,,26,Irregular Openings
NFy2lK2S,black,,kingside,False,,110,French Defense
GZLoVS1l,black,,queenside,False,,61,Queen's Pawn
0hSsBIQu,black,,,False,,91,Uncommon King Pawn
ahG2EgS5,white,,,False,,55,Irregular Openings
uNah4gVm,white,,,False,,45,Irregular Openings
AFq33m0G,black,,,False,,35,Reti Opening
dgmTzvOU,white,kingside,,False,,71,Irregular Openings
EgHddQJ4,black,,kingside,False,,44,French Defense
Pg5pUS1R,white,,,False,,45,Irregular Openings
RzYjuCpb,black,,,False,,46,Irregular Openings
sbrxZHNi,black,,,False,,62,Irregular Openings
7vkTm3Fl,white,,,True,17,135,Trompowsky Attack
vnXkx1TX,white,kingside,,False,,71,Queen's Pawn
Q2KAuBVi,white,,,False,,51,Irregular Openings
6NRgaVaO,black,,,False,,43,Irregular Openings
gW8eWkgN,black,,kingside,False,,42,French Defense
BxfUYOxW,white,kingside,,False,,106,Irregular Openings
VuWGF898,white,kingside,,False,,77,Irregular Openings
UNLgDeDX,black,,,False,,21,Irregular Openings
bEikqpHm,black,,,False,,54,French Defense
FTDWrCY1,black,,kingside,False,,28,French Defense
DxFG5ZiT,white,kingside,,False,,37,Irregular Openings
4652Htx0,black,,kingside,False,,30,Irregular Openings
sqNU7wC3,white,,,False,,41,Irregular Openings
Q9ZBEChN,white,kingside,,False,,31,Irregular Openings
xbz44l3C,white,kingside,,False,,61,Irregular Openings
erOOzgAj,black,,kingside,False,,37,English Opening
p5PNIjwp,white,kingside,,False,,50,Queen's Pawn Game
Nlgf3TTE,black,,queenside,False,,50,Irregular Openings
PFnWfvgB,black,,,False,,72,Irregular Openings
mLuUU2GV,white,kingside,,False,,69,Irregular Openings
s0dPL1s2,black,,queenside,False,,40,Irregular Openings
op14p0LN,black,,,False,,24,Irregular Openings
TA3sFmDA,white,kingside,,False,,69,Irregular Openings
f8r0iuJZ,white,kingside,,False,,102,Irregular Openings
bm8PdJcQ,black,,,False,,35,English Opening
aZt56R9P,white,queenside,,False,,47,Irregular Openings
HWQbshst,white,kingside,,False,,41,Irregular Openings
58FCR1mc,black,,queenside,False,,84,Irregular Openings
PQBzgWxF,white,,,False,,25,Irregular Openings
f68Cq53Z,black,,kingside,False,,42,French Defense
oI7XgtKC,white,kingside,,False,,55,Irregular Openings
5cELxThi,black,,,False,,136,Irregular Openings
mjUuygMl,black,,kingside,False,,78,French Defense
4sJIoPZg,white,kingside,,False,,53,Irregular Openings
PgtfwpSs,black,,,False,,54,Irregular Openings
WeNgbTaG,white,kingside,,False,,55,Irregular Openings
YpeLrsNS,white,kingside,,False,,57,Irregular Openings
vhpdi4uv,black,,kingside,False,,28,French Defense
7UwfYedr,white,,,False,,37,Irregular Openings
t9OpEOK2,white,kingside,,False,,78,Queen's Pawn Game
6PXNFeCZ,black,,kingside,False,,52,Irregular Openings
Q61iqy5P,black,,kingside,False,,68,Uncommon King Pawn
urri8Aal,black,,kingside,False,,40,Uncommon King Pawn
p2IrUd3y,black,,,False,,35,Uncommon King Pawn
qxKIXd4l,black,,kingside,False,,87,French Defense
e2ugAX5m,black,,kingside,False,,66,French Defense
JhrLqkpg,black,,kingside,False,,93,Reti Opening
XtK6qOHF,black,,kingside,False,,147,Queen's Pawn
0AeNdVJS,white,kingside,,False,,107,Irregular Openings
4EIvgxCA,white,kingside,,False,,47,Irregular Openings
7OvcpEUs,white,kingside,,False,,48,Irregular Openings
fKuQibru,white,queenside,,False,,95,Queen's Pawn Game
N7xfXGg2,black,,kingside,False,,78,Irregular Openings
ykiwg7xJ,black,,kingside,False,,42,Irregular Openings
KLNhx7Vf,white,kingside,,False,,57,Irregular Openings
gUxrVGZl,black,,kingside,False,,37,Queen's Pawn
ojfskOhy,black,,kingside,False,,59,Irregular Openings
pftMraUu,black,,kingside,False,,58,Irregular Openings
tA5TWpwt,white,kingside,,False,,80,Irregular Openings
5ZaTgo1K,white,kingside,,False,,114,Irregular Openings
hknbVzFi,white,kingside,,False,,94,Irregular Openings
el1wt9JP,black,,,False,,86,Irregular Openings
doQPLcCP,black,,,False,,75,French Defense
wrG8epGH,black,,,False,,107,English Opening
RN3O2cE1,black,,,False,,85,Irregular Openings
WLaVoWCL,black,,,False,,140,Irregular Openings
qAA5maGl,white,,,False,,51,Queen's Pawn Game
gMovmVK7,white,kingside,,False,,47,Queen's Pawn
BVby0J8H,black,,,False,,67,Irregular Openings
GwnD2ZXD,white,kingside,,False,,130,Queen's Pawn Game
vlHCb96Y,black,,kingside,False,,61,French Defense
4iUKEUDW,white,kingside,,False,,54,Queen's Pawn
ye1ugNGk,black,,kingside,False,,45,Reti Opening
IEo0HxUR,black,,kingside,False,,44,French Defense
8bW1QfVi,black,,kingside,False,,78,Irregular Openings
d6IUjOOJ,white,kingside,,False,,136,Irregular Openings
f6lDFEkx,white,,,False,,60,Queen's Pawn
xldeBbvs,white,,,False,,46,Queen's Pawn Game
bu4aEL1u,white,kingside,,False,,141,Irregular Openings
KF1m6uek,white,kingside,,False,,92,Queen's Pawn Game
cTjd4mU4,white,kingside,,False,,96,Irregular Openings
59EIqc2f,black,,,False,,210,Irregular Openings
IqCWkyiP,black,,,False,,94,Irregular Openings
rINliEY9,white,,,False,,80,Queen's Pawn
YUFRNFs1,black,,,False,,152,French Defense
KMNDJVY1,black,,,False,,96,Irregular Openings
vA7xnydR,white,kingside,,False,,169,Trompowsky Attack
IuyWTNA9,black,,kingside,False,,41,Reti Opening
zKNhJv9k,black,,kingside,False,,94,English Opening
ihRyJbZg,white,kingside,,False,,58,Queen's Pawn
OsYNhUaQ,white,kingside,,False,,113,Queen's Pawn
ObBKZ48V,white,kingside,,False,,127,Irregular Openings
1fhMZJDd,black,,kingside,False,,153,French Defense
tFU4n9hS,black,,,False,,94,French Defense
3N48EtKS,black,,kingside,False,,102,Irregular Openings
xi8qZpkd,black,,kingside,False,,70,Irregular Openings
eTCSizBr,white,kingside,,False,,114,Irregular Openings
HLkAoWbO,white,,,False,,21,Irregular Openings
AOUus6X5,black,,kingside,False,,91,French Defense
JSGM6lZL,white,kingside,,False,,64,Queen's Pawn
Jk0mxQc4,white,kingside,,False,,59,Trompowsky Attack
v4saQugJ,white,,,False,,69,Irregular Openings
kE4ZMKnq,white,,,False,,44,Queen's Pawn
zI0WowMW,black,,kingside,False,,44,French Defense
MhlZAocg,black,,kingside,False,,56,Uncommon King Pawn
klI65dUy,black,,kingside,False,,69,French Defense
UQgKwMvo,white,kingside,,False,,97,Queen's Pawn
DOCdW2tn,black,,kingside,False,,161,French Defense
zK1SLD5q,black,,kingside,False,,122,English Opening
qijO9hS2,black,,kingside,False,,142,Irregular Openings
T23qK6yl,white,kingside,,False,,98,Irregular Openings
S4TGMgR6,black,,kingside,False,,105,French Defense
7HXtxVdF,white,,,False,,53,Queen's Pawn
UJdBhanm,white,kingside,,False,,90,Irregular Openings
ipZvXkZj,black,,kingside,False,,143,Irregular Openings
Snn5Mo4P,white,kingside,,False,,319,Irregular Openings
58VoAm1R,black,,,False,,47,Queen's Pawn
imCSuIoG,white,kingside,,False,,67,Irregular Openings
xRqGYnXS,black,,,False,,36,French Defense
uX6K4ZLb,white,,,False,,25,Queen's Pawn
DppD4ZDT,white,,,False,,62,Queen's Pawn Game
0iODt1al,black,,,False,,126,Queen's Pawn
iZRuI20Z,white,kingside,,False,,62,Queen's Pawn Game
p1fM47KE,black,,kingside,False,,119,Irregular Openings
SWGLhx2O,white,kingside,,False,,51,Irregular Openings
CqIJIwQY,black,,,False,,43,Irregular Openings
elBwxdSi,black,,kingside,False,,60,Irregular Openings
GMNoSMfy,black,,,False,,60,French Defense
3kFVdaA2,black,,,False,,8,Irregular Openings
mCEWwRL6,white,kingside,,False,,75,Queen's Pawn
sbXhgbng,white,kingside,,False,,137,Irregular Openings
lDptI5RB,black,,,False,,34,French Defense
sr0NgHLW,black,,queenside,False,,115,French Defense
Jqa9t8t0,black,,,False,,36,French Defense
1K068sYA,white,kingside,,False,,107,Irregular Openings
xeXnezHi,white,queenside,,False,,58,Queen's Pawn
sr2EOPYW,white,kingside,,False,,144,Queen's Pawn Game
nHVGqWzR,black,,,False,,78,French Defense
geDTeEMq,black,,kingside,False,,28,French Defense
VL5zVy9z,black,,,False,,40,Reti Opening
qQI9ry1Q,white,kingside,,False,,45,Irregular Openings
RyonaIO1,white,,,False,,52,Irregular Openings
bI4WL2VB,black,,kingside,False,,35,English Opening
HSlGNbA3,white,kingside,,False,,103,Queen's Pawn Game
V3Dq6Df1,black,,kingside,False,,107,Queen's Pawn
BwYy4RuU,white,kingside,,False,,81,Irregular Openings
TRIQQwBd,black,,kingside,True,5,140,French Defense
wxjrL0d9,black,,,False,,156,French Defense
nQ3qUIE1,black,,kingside,False,,25,French Defense
10J9ey5m,black,,,False,,73,Irregular Openings
gVuV7cEj,white,queenside,,False,,50,Queen's Pawn Game
SMu1TceC,white,,,False,,43,Irregular Openings
A1EEfBiu,white,kingside,,False,,36,Queen's Pawn Game
Eb7aSQpp,black,,,False,,53,Irregular Openings
bVVsI6II,white,kingside,,False,,46,Irregular Openings
BUR6DRLq,white,,,False,,43,Queen's Pawn Game
mdbgEBQi,black,,,False,,78,French Defense
a0fi4mll,white,kingside,,False,,103,Irregular Openings
rvQIOmD9,white,,,False,,43,Irregular Openings
MhOr6ZN1,white,kingside,,False,,117,Irregular Openings
p8MVGEkP,black,,,False,,109,Irregular Openings
dnMbEVfT,black,,kingside,False,,80,Irregular Openings
WI9ftZ4v,black,,,False,,80,French Defense
mvhCAkiC,black,,,False,,36,French Defense
5csBRFHZ,black,,,False,,145,Irregular Openings
USyh78V8,white,kingside,,False,,66,Queen's Pawn Game
jUHuTPbY,black,,,False,,34,Irregular Openings
u6JzL4Hf,white,kingside,,False,,88,Irregular Openings
XFKHy7wZ,black,,,False,,34,French Defense
6hanOvq1,black,,,False,,80,French Defense
7eLtQm8G,black,,,False,,2,Queen's Pawn
H0wb6tQz,white,,,False,,52,Queen's Pawn
RQzcvdZs,white,kingside,,False,,55,Queen's Pawn Game
Q3P9dbYr,black,,,False,,53,Irregular Openings
3iKXV9mj,black,,kingside,False,,76,Queen's Pawn
GAL6s2Xo,black,,,False,,70,English Opening
3Unq5JgL,white,kingside,,False,,80,Queen's Pawn
uTaXwvMT,white,kingside,,False,,65,Irregular Openings
VjHZdxPC,black,,queenside,False,,37,Queen's Pawn
K9041ZJA,black,,,False,,77,Irregular Openings
5ixTZOjC,white,,,False,,20,Queen's Pawn Game
yrRA1psv,white,,,False,,48,Queen's Pawn
KQp71nQe,black,,kingside,True,6,55,French Defense
kErtPHIY,black,,,False,,11,French Defense
pzOOy8Qg,white,kingside,,False,,127,Irregular Openings
yGmoIuYP,black,,kingside,False,,55,Slav Defense
X9v5Igqz,black,,kingside,False,,67,Slav Defense
fl7Pjk7E,black,,kingside,False,,55,Slav Defense
2BOKUXD5,black,,kingside,False,,93,Slav Defense
seIRQXSy,white,kingside,,False,,137,Irregular Openings
1THI5A4v,white,kingside,,False,,63,Irregular Openings
ltuQZ231,black,,,False,,56,French Defense
K01ZFfiU,black,,kingside,False,,124,English Opening
trsuXut8,black,,kingside,False,,71,Slav Defense
azfLCNZg,white,kingside,,False,,143,Irregular Openings
IQwdV7HC,white,kingside,,False,,84,Queen's Pawn Game
FzsaEGvY,black,,kingside,False,,86,English Opening
hWNYb8ek,black,,kingside,False,,95,Slav Defense
q4AClc4D,black,,kingside,False,,118,Slav Defense
3gWqlLCo,white,kingside,,False,,137,Irregular Openings
k7qxpOq2,white,kingside,,False,,65,Irregular Openings
QXUuWTiE,black,,kingside,False,,65,Uncommon King Pawn
kUl7jDEE,black,,kingside,False,,67,Slav Defense
7zUGGdsz,black,,kingside,False,,67,Slav Defense
5pHfCw0C,white,kingside,,False,,131,Irregular Openings
4CSNyFlB,black,,kingside,False,,110,Irregular Openings
FGHTl3pv,white,kingside,,False,,131,Irregular Openings
uM128zsR,white,kingside,,False,,131,Irregular Openings
0OLlvTyt,white,kingside,,False,,143,Irregular Openings
xOTefV5I,black,,,False,,101,French Defense
GtB8zUnS,black,,kingside,False,,84,Slav Defense
NRySnG2u,black,,,False,,50,French Defense
9fuP3ZAn,white,,,False,,133,Queen's Pawn Game
z1gwachj,white,kingside,,False,,65,Irregular Openings
tNQaP894,white,kingside,,False,,156,Irregular Openings
SbpEOv3i,black,,,False,,139,Irregular Openings
yJwxG3UM,black,,kingside,False,,52,Irregular Openings
Cqi9DFW0,black,,kingside,False,,108,English Opening
LMGC57HV,white,,,False,,118,Irregular Openings
R6TZUr6D,white,kingside,,False,,87,Irregular Openings
92lKVmFr,white,queenside,,False,,66,Irregular Openings
XMziZu95,white,kingside,,False,,63,Irregular Openings
g91mIxcJ,white,queenside,,False,,86,Irregular Openings
1NN20sCz,black,,,False,,79,Irregular Openings
X6PsHHBD,white,kingside,,False,,63,Irregular Openings
yWsKs2Cp,white,kingside,,False,,75,Irregular Openings
xiBCZBan,white,kingside,,False,,53,Irregular Openings
oC3L3Y8e,black,,,False,,36,French Defense
uQBuMCjc,white,kingside,,False,,152,Irregular Openings
z2qnpMsy,white,kingside,,False,,132,Irregular Openings
bnN1osoF,white,kingside,,False,,137,Irregular Openings
2yrZaMFQ,black,,,False,,87,Irregular Openings
YGBmXl3A,black,,,False,,99,Irregular Openings
QzccU5xk,black,,,False,,41,Irregular Openings
8IX4CMqg,white,,,False,,31,Queen's Pawn
afWiugKr,black,,,False,,149,Irregular Openings
HTmYoqPa,white,kingside,,False,,131,Irregular Openings
cnDoMzmB,white,kingside,,False,,56,Irregular Openings
QA6WyaSO,black,,,False,,95,Irregular Openings
v1D1VMC4,black,,kingside,False,,59,Slav Defense
Kf1HkzDo,black,,,False,,40,Irregular Openings
g0dBl9C3,white,kingside,,False,,143,Irregular Openings
0iOORwMW,white,kingside,,False,,70,Irregular Openings
OBfANifu,white,kingside,,False,,98,Irregular Openings
ADXLjpha,white,kingside,,False,,137,Irregular Openings
JdufhfFJ,black,,,False,,103,Irregular Openings
sJUqfgJO,white,kingside,,False,,127,Irregular Openings
KzHjUjSW,black,,,False,,100,Irregular Openings
0M3LIDdQ,black,,kingside,False,,66,English Opening
Oe6D5x3a,white,kingside,,False,,146,Irregular Openings
wHKXKb06,white,,,False,,2,Irregular Openings
0lFdav9S,black,,,False,,9,French Defense
mXL65hkq,black,,,False,,42,Irregular Openings
3NEQYq3j,white,kingside,,False,,86,Irregular Openings
zoaGJMWi,black,,,False,,86,Irregular Openings
eConIEmR,white,queenside,,False,,108,Irregular Openings
v11yp2pn,black,,kingside,False,,63,English Opening
0pQ5fetd,black,,kingside,False,,90,English Opening
9Pd7WB9A,black,,,False,,157,Irregular Openings
7Sv0rs9p,white,kingside,,False,,136,Irregular Openings
VmS9mEvg,black,,kingside,False,,111,English Opening
pxLjcIeP,white,queenside,,False,,102,Irregular Openings
V8nXx2G7,black,,kingside,False,,90,English Opening
T2DMrHcn,white,kingside,,False,,53,Irregular Openings
0qba0e0F,black,,,False,,66,Irregular Openings
pXoaIh3f,black,,kingside,False,,48,Irregular Openings
Ck78eKZc,white,,,False,,35,Irregular Openings
Y0b6QUwi,white,kingside,,False,,69,Irregular Openings
c4bG8pbU,black,,kingside,False,,89,French Defense
tT2XAQPb,white,kingside,,False,,180,Irregular Openings
Ash47woU,black,,kingside,False,,82,Slav Defense
n6g0BdcR,black,,kingside,False,,76,Irregular Openings
aOto6FIf,white,kingside,,False,,63,Irregular Openings
c3eN668E,white,kingside,,False,,82,Irregular Openings
2Ku9AEVZ,white,kingside,,False,,142,Irregular Openings
xM9iMHFn,black,,kingside,False,,138,Irregular Openings
4zb0gzDu,white,kingside,,False,,104,Irregular Openings
Atp1Z32c,black,,kingside,False,,54,French Defense
13nMUFO2,white,kingside,,False,,63,Irregular Openings
a5HwJ9ds,white,,,False,,6,Queen's Pawn Game
VQYr8chE,black,,,False,,26,Reti Opening
np9fJpIN,black,,,False,,43,Irregular Openings
cnkrzdpx,white,kingside,,False,,48,Irregular Openings
aJ4ILEvW,black,,,False,,21,Irregular Openings
WJ8fPciw,white,kingside,,False,,66,Irregular Openings
7KLCgCSA,white,kingside,,False,,95,Irregular Openings
baByBPCo,white,kingside,,False,,89,Irregular Openings
bQdybgB6,black,,,False,,72,Irregular Openings
KAMirJhF,white,kingside,,False,,143,Irregular Openings
ZHjUjjyG,black,,queenside,False,,65,French Defense
leyt9AOb,black,,,False,,75,Irregular Openings
KfW8kdaB,black,,queenside,False,,92,French Defense
msokHRRz,black,,,False,,63,Irregular Openings
A7meUDWa,white,kingside,,False,,60,Irregular Openings
h7FeJHNm,black,,kingside,False,,82,French Defense
FR9MXHOd,black,,,False,,56,French Defense
TWTwXeG4,white,kingside,,False,,53,Irregular Openings
hfu0xadm,white,kingside,,False,,93,Queen's Pawn Game
Rqw1IbIf,black,,,False,,42,French Defense
zop43K0x,black,,queenside,False,,121,English Opening
hJJjlfIa,black,,,False,,77,Irregular Openings
rrsodFmF,black,,,False,,59,French Defense
SyfeXPFX,white,kingside,,False,,113,Irregular Openings
4tdst7im,white,kingside,,False,,61,Irregular Openings
ZLb7ac3N,white,kingside,,False,,107,Irregular Openings
PgmThBVl,white,kingside,,False,,54,Queen's Pawn Game
Rlmq7Fs8,white,kingside,,False,,67,Irregular Openings
g1Svv55O,white,kingside,,False,,95,Irregular Openings
gNOCLav1,white,,,False,,63,Queen's Pawn Game
F4nTT1iK,white,,,False,,37,Irregular Openings
d7JLWkuQ,white,kingside,,False,,114,Irregular Openings
WwxCF9zy,white,kingside,,False,,114,Queen's Pawn
tnPxJxe3,black,,kingside,False,,110,French Defense
ogEJEuW5,black,,,False,,60,Irregular Openings
MHfBiUQq,white,queenside,,False,,90,Irregular Openings
J1z85Vuj,white,kingside,,False,,127,Irregular Openings
8pucBAC2,white,queenside,,False,,99,Irregular Openings
rP1NxNWu,white,queenside,,False,,85,Queen's Pawn Game
1EcN4Nsf,black,,,False,,75,Irregular Openings
JAYj7ZAP,white,kingside,,False,,76,Irregular Openings
TynPzm2J,black,,,False,,183,Irregular Openings
dUrb0U8x,white,queenside,,False,,85,Irregular Openings
O2neS1Ct,white,,,False,,94,Irregular Openings
OyNwtS2A,black,,,False,,129,Irregular Openings
4icJYRlj,black,,,False,,204,Irregular Openings
FTQNtM91,black,,kingside,True,8,208,French Defense
YC2W9MBT,black,,,False,,86,Irregular Openings
uQj6g8oJ,black,,,False,,26,Irregular Openings
jEYR9TJD,white,queenside,,False,,121,Irregular Openings
Okk5o5v8,white,,,False,,49,Queen's Pawn Game
qQTW98yM,white,queenside,,False,,185,Irregular Openings
4uIMcuxS,black,,,False,,66,Irregular Openings
7p06fVT9,white,queenside,,False,,76,Irregular Openings
ci0MZABW,black,,kingside,False,,111,Irregular Openings
uCAHdRp5,black,,,False,,136,Irregular Openings
w4b5ca0t,white,kingside,,False,,69,French Defense
xNIRLMIV,white,queenside,,False,,79,Trompowsky Attack
HciYPcZl,black,,,False,,36,Irregular Openings
S5lHSUAK,white,kingside,,False,,131,Irregular Openings
UttqxbR1,black,,,False,,5,French Defense
tWxE1bVZ,black,,,False,,30,Irregular Openings
fSLnP1xb,black,,,False,,90,French Defense
MBeXEC9I,black,,,False,,145,Irregular Openings
Bfj1SjCa,black,,,False,,211,Irregular Openings
EJRGVfy6,black,,kingside,True,12,124,French Defense
WgHkFrz3,black,,,False,,19,French Defense
eVyQq5VN,white,queenside,,False,,89,Queen's Pawn Game
OynzpsXL,black,,,False,,159,Irregular Openings
mORLjBTr,black,,,False,,249,Irregular Openings
n9Kv68yX,black,,,False,,177,Irregular Openings
0UnOmPEL,black,,,False,,92,Irregular Openings
KbsfauK0,white,kingside,,False,,115,Irregular Openings
iZd44dzo,white,queenside,,False,,49,Queen's Pawn Game
3ug0oSKD,black,,,False,,152,Irregular Openings
9cdbzXKm,white,queenside,,False,,173,Irregular Openings
hQkq9tIE,black,,kingside,True,15,260,French Defense
oLkI48FQ,white,,,False,,39,Queen's Pawn Game
ZRMGM4nv,black,,,False,,28,Irregular Openings
j2QxeOZb,black,,kingside,False,,45,Ruy Lopez
DH7iQ6JG,black,,,False,,166,Irregular Openings
nhD9kyS7,black,,kingside,False,,60,Uncommon King Pawn
Nwhed8aT,black,,,False,,92,Irregular Openings
6La7hyK6,black,kingside,kingside,True,23,177,Uncommon King Pawn
zdWJ8w9I,black,,,False,,112,Irregular Openings
wvILrPWp,black,,kingside,False,,31,King's Pawn Game
nKfrjCbI,white,,,False,,155,Irregular Openings
MuXCCpV5,black,kingside,kingside,True,12,246,French Defense
aQZLjeNW,black,,queenside,False,,48,Uncommon King Pawn
1hl0Hqa5,black,,kingside,False,,49,Indian Defenses
oTSVEYJH,black,,,False,,131,Irregular Openings
hX3mVIRb,white,,,False,,117,Reti Opening
aFTNSRhB,white,,,False,,123,Reti Opening
QuNkp5Yu,black,,,False,,124,Irregular Openings
GOLGtaFo,white,,,False,,54,Reti Opening
RQfDPRkL,white,,,False,,149,Reti Opening
LJbfxc9X,black,,kingside,False,,202,Irregular Openings
dWZwAZmH,black,,,False,,114,Irregular Openings
3QUgK7Es,black,,,False,,171,Irregular Openings
FSjpTJIk,white,,,False,,79,Trompowsky Attack
nVswt2g2,white,kingside,kingside,True,12,156,Irregular Openings
txIyo9VO,black,,kingside,False,,221,Uncommon King Pawn
NhKzB5wT,black,,,False,,163,Irregular Openings
aFJukuWL,black,,,False,,87,Irregular Openings
i3HefGnF,black,,kingside,True,10,111,Uncommon King Pawn
4wCMPDc4,black,,kingside,False,,148,Irregular Openings
1LElZHa4,black,,kingside,False,,165,Uncommon King Pawn
eVyiOnyq,black,,,False,,133,Irregular Openings
cr9xMbzM,black,,,False,,132,Irregular Openings
VimqoLcK,black,,queenside,False,,50,Uncommon King Pawn
NDLXoV5D,white,,,False,,73,Uncommon King Pawn
7KEM1KaD,white,,,False,,71,Irregular Openings
HCta5p6L,black,,kingside,False,,53,Indian Defenses
aSHPTE9r,black,,,False,,15,Uncommon King Pawn
fqUWHZpr,white,,,False,,37,Reti Opening
8QQce0es,black,,kingside,False,,71,Italian Game
LctK5cH7,black,,kingside,False,,108,Queen's Pawn Game
4ZzIc3g6,black,,queenside,False,,96,French Defense
Dr8YNoQk,white,kingside,,False,,32,King's Indian Defense
DK4Gm9SV,black,,kingside,False,,81,Irregular Openings
