Engine-Match Friday, September 5, 2025 12:37:17 AM
 Blitz 2/1 

Pairing 1/3 :    C0BR4_v2.9  -  SlowMate_v3.1

PGN-File: C:\Program Files (x86)\Arena\Tournaments\Engine Battle 20250905.pgn

No:  B/W 1/2     W:B       1:2           Time        Value Moves Dep 1:2       1-2-Draws
   1 W 1    1.0:0.0        1.0:0.0       12:40:27 AM  +181.14    55 4.000 :3.026  1-0-0

--------------------------------------------------------------

Engine-Match Friday, September 5, 2025 12:40:29 AM
 Blitz 2/1 

Pairing 2/3 :    V7P3R_v10.2  -  C0BR4_v2.9

PGN-File: C:\Program Files (x86)\Arena\Tournaments\Engine Battle 20250905.pgn

No:  B/W 1/2     W:B       1:2           Time        Value Moves Dep 1:2       1-2-Draws
   1 = =    0.5:0.5        0.5:0.5       12:42:55 AM    +0.10    53 4.417 :4.000  0-0-1

--------------------------------------------------------------

Engine-Match Friday, September 5, 2025 12:42:59 AM
 Blitz 2/1 

Pairing 3/3 :    SlowMate_v3.1  -  V7P3R_v10.2

PGN-File: C:\Program Files (x86)\Arena\Tournaments\Engine Battle 20250905.pgn

No:  B/W 1/2     W:B       1:2           Time        Value Moves Dep 1:2       1-2-Draws
   1 = =    0.5:0.5        0.5:0.5       12:47:06 AM    -3.76    48 3.138 :4.409  0-0-1

--------------------------------------------------------------

Engine-Match Friday, September 5, 2025 12:47:07 AM
 Blitz 2/1 

Pairing 1/3 :    C0BR4_v2.9  -  SlowMate_v3.1

PGN-File: C:\Program Files (x86)\Arena\Tournaments\Engine Battle 20250905.pgn

No:  B/W 1/2     W:B       1:2           Time        Value Moves Dep 1:2       1-2-Draws
   2 B 1    1.0:0.0        2.0:0.0       12:49:38 AM  -299.97    43 4.000 :3.256  2-0-0

--------------------------------------------------------------

Engine-Match Friday, September 5, 2025 12:49:39 AM
 Blitz 2/1 

Pairing 2/3 :    V7P3R_v10.2  -  C0BR4_v2.9

PGN-File: C:\Program Files (x86)\Arena\Tournaments\Engine Battle 20250905.pgn

No:  B/W 1/2     W:B       1:2           Time        Value Moves Dep 1:2       1-2-Draws
   2 = =    1.0:1.0        1.0:1.0       12:51:59 AM    +3.19    43 4.409 :4.000  0-0-2

--------------------------------------------------------------

Engine-Match Friday, September 5, 2025 12:52:01 AM
 Blitz 2/1 

Pairing 3/3 :    SlowMate_v3.1  -  V7P3R_v10.2

PGN-File: C:\Program Files (x86)\Arena\Tournaments\Engine Battle 20250905.pgn

No:  B/W 1/2     W:B       1:2           Time        Value Moves Dep 1:2       1-2-Draws
   2 = =    1.0:1.0        1.0:1.0       12:57:04 AM    -5.94    63 3.028 :4.148  0-0-2

--------------------------------------------------------------

Engine-Match Friday, September 5, 2025 12:57:05 AM
 Blitz 2/1 

Pairing 1/3 :    C0BR4_v2.9  -  SlowMate_v3.1

PGN-File: C:\Program Files (x86)\Arena\Tournaments\Engine Battle 20250905.pgn

No:  B/W 1/2     W:B       1:2           Time        Value Moves Dep 1:2       1-2-Draws
   3 = =    0.5:0.5        2.5:0.5       1:00:10 AM    +1.84    54 4.000 :2.878  2-0-1

--------------------------------------------------------------

Engine-Match Friday, September 5, 2025 1:00:12 AM
 Blitz 2/1 

Pairing 2/3 :    V7P3R_v10.2  -  C0BR4_v2.9

PGN-File: C:\Program Files (x86)\Arena\Tournaments\Engine Battle 20250905.pgn

No:  B/W 1/2     W:B       1:2           Time        Value Moves Dep 1:2       1-2-Draws
   3 W 1    2.0:1.0        2.0:1.0       1:01:33 AM  +289.98    23 4.500 :4.000  1-0-2

--------------------------------------------------------------

Engine-Match Friday, September 5, 2025 1:01:34 AM
 Blitz 2/1 

Pairing 3/3 :    SlowMate_v3.1  -  V7P3R_v10.2

PGN-File: C:\Program Files (x86)\Arena\Tournaments\Engine Battle 20250905.pgn

No:  B/W 1/2     W:B       1:2           Time        Value Moves Dep 1:2       1-2-Draws
   3 = =    1.5:1.5        1.5:1.5       1:05:27 AM     0.00    45 3.267 :4.400  0-0-3

--------------------------------------------------------------

Engine-Match Friday, September 5, 2025 1:05:28 AM
 Blitz 2/1 

Pairing 1/3 :    C0BR4_v2.9  -  SlowMate_v3.1

PGN-File: C:\Program Files (x86)\Arena\Tournaments\Engine Battle 20250905.pgn

No:  B/W 1/2     W:B       1:2           Time        Value Moves Dep 1:2       1-2-Draws
   4 B 1    1.5:0.5        3.5:0.5       1:07:18 AM   -15.53    29 4.000 :2.931  3-0-1

--------------------------------------------------------------

Engine-Match Friday, September 5, 2025 1:07:19 AM
 Blitz 2/1 

Pairing 2/3 :    V7P3R_v10.2  -  C0BR4_v2.9

PGN-File: C:\Program Files (x86)\Arena\Tournaments\Engine Battle 20250905.pgn

No:  B/W 1/2     W:B       1:2           Time        Value Moves Dep 1:2       1-2-Draws
   4 B 1    2.0:1.0        3.0:1.0       1:09:23 AM    -9.83    49 4.438 :4.000  2-0-2

--------------------------------------------------------------

Engine-Match Friday, September 5, 2025 1:09:24 AM
 Blitz 2/1 

Pairing 3/3 :    SlowMate_v3.1  -  V7P3R_v10.2

PGN-File: C:\Program Files (x86)\Arena\Tournaments\Engine Battle 20250905.pgn

No:  B/W 1/2     W:B       1:2           Time        Value Moves Dep 1:2       1-2-Draws
   4 = =    2.0:2.0        2.0:2.0       1:13:22 AM    +9.02    44 3.133 :4.227  0-0-4

--------------------------------------------------------------

Engine-Match Friday, September 5, 2025 1:13:23 AM
 Blitz 2/1 

Pairing 1/3 :    C0BR4_v2.9  -  SlowMate_v3.1

PGN-File: C:\Program Files (x86)\Arena\Tournaments\Engine Battle 20250905.pgn

No:  B/W 1/2     W:B       1:2           Time        Value Moves Dep 1:2       1-2-Draws
   5 = =    1.0:1.0        4.0:1.0       1:15:13 AM    -1.14    30 4.000 :3.172  3-0-2

--------------------------------------------------------------

Engine-Match Friday, September 5, 2025 1:15:15 AM
 Blitz 2/1 

Pairing 2/3 :    V7P3R_v10.2  -  C0BR4_v2.9

PGN-File: C:\Program Files (x86)\Arena\Tournaments\Engine Battle 20250905.pgn

No:  B/W 1/2     W:B       1:2           Time        Value Moves Dep 1:2       1-2-Draws
   5 = =    1.5:1.5        3.5:1.5       1:16:51 AM    -1.00    26 4.353 :4.000  2-0-3

--------------------------------------------------------------

Engine-Match Friday, September 5, 2025 1:16:53 AM
 Blitz 2/1 

Pairing 3/3 :    SlowMate_v3.1  -  V7P3R_v10.2

PGN-File: C:\Program Files (x86)\Arena\Tournaments\Engine Battle 20250905.pgn

No:  B/W 1/2     W:B       1:2           Time        Value Moves Dep 1:2       1-2-Draws
   5 = =    2.5:2.5        2.5:2.5       1:21:41 AM     0.00    61 3.267 :4.300  0-0-5

--------------------------------------------------------------

Engine-Match Friday, September 5, 2025 1:21:42 AM
 Blitz 2/1 

Pairing 1/3 :    C0BR4_v2.9  -  SlowMate_v3.1

PGN-File: C:\Program Files (x86)\Arena\Tournaments\Engine Battle 20250905.pgn

No:  B/W 1/2     W:B       1:2           Time        Value Moves Dep 1:2       1-2-Draws
   6 B 1    2.0:1.0        5.0:1.0       1:24:13 AM  -299.97    43 4.000 :3.209  4-0-2

--------------------------------------------------------------

Engine-Match Friday, September 5, 2025 1:24:14 AM
 Blitz 2/1 

Pairing 2/3 :    V7P3R_v10.2  -  C0BR4_v2.9

PGN-File: C:\Program Files (x86)\Arena\Tournaments\Engine Battle 20250905.pgn

No:  B/W 1/2     W:B       1:2           Time        Value Moves Dep 1:2       1-2-Draws
   6 = =    2.0:2.0        4.0:2.0       1:26:01 AM    +1.28    52 4.429 :4.000  2-0-4

--------------------------------------------------------------

Engine-Match Friday, September 5, 2025 1:26:02 AM
 Blitz 2/1 

Pairing 3/3 :    SlowMate_v3.1  -  V7P3R_v10.2

PGN-File: C:\Program Files (x86)\Arena\Tournaments\Engine Battle 20250905.pgn

No:  B/W 1/2     W:B       1:2           Time        Value Moves Dep 1:2       1-2-Draws
   6 W 2    3.5:2.5        2.5:3.5       1:28:48 AM     0.00    26 3.120 :4.222  0-1-5

--------------------------------------------------------------

Engine-Match Friday, September 5, 2025 1:28:49 AM
 Blitz 2/1 

Pairing 1/3 :    C0BR4_v2.9  -  SlowMate_v3.1

PGN-File: C:\Program Files (x86)\Arena\Tournaments\Engine Battle 20250905.pgn

No:  B/W 1/2     W:B       1:2           Time        Value Moves Dep 1:2       1-2-Draws
   7 = =    1.5:1.5        5.5:1.5       1:29:35 AM   +11.31    12 4.000 :3.545  4-0-3

--------------------------------------------------------------

Engine-Match Friday, September 5, 2025 1:29:36 AM
 Blitz 2/1 

Pairing 2/3 :    V7P3R_v10.2  -  C0BR4_v2.9

PGN-File: C:\Program Files (x86)\Arena\Tournaments\Engine Battle 20250905.pgn

No:  B/W 1/2     W:B       1:2           Time        Value Moves Dep 1:2       1-2-Draws
   7 W 1    3.0:2.0        5.0:2.0       1:31:28 AM   +11.88    39 4.813 :4.000  3-0-4

--------------------------------------------------------------

Engine-Match Friday, September 5, 2025 1:31:34 AM
 Blitz 2/1 

Pairing 3/3 :    SlowMate_v3.1  -  V7P3R_v10.2

PGN-File: C:\Program Files (x86)\Arena\Tournaments\Engine Battle 20250905.pgn

No:  B/W 1/2     W:B       1:2           Time        Value Moves Dep 1:2       1-2-Draws
   7 = =    3.0:3.0        3.0:4.0       1:35:03 AM    +5.20    39 3.321 :4.400  0-1-6

--------------------------------------------------------------

Engine-Match Friday, September 5, 2025 1:35:04 AM
 Blitz 2/1 

Pairing 1/3 :    C0BR4_v2.9  -  SlowMate_v3.1

PGN-File: C:\Program Files (x86)\Arena\Tournaments\Engine Battle 20250905.pgn

No:  B/W 1/2     W:B       1:2           Time        Value Moves Dep 1:2       1-2-Draws
   8 B 1    2.5:1.5        6.5:1.5       1:37:40 AM   -14.82    46 4.000 :3.321  5-0-3

--------------------------------------------------------------

Engine-Match Friday, September 5, 2025 1:37:41 AM
 Blitz 2/1 

Pairing 2/3 :    V7P3R_v10.2  -  C0BR4_v2.9

PGN-File: C:\Program Files (x86)\Arena\Tournaments\Engine Battle 20250905.pgn

No:  B/W 1/2     W:B       1:2           Time        Value Moves Dep 1:2       1-2-Draws
   8 W 2    3.0:2.0        5.0:3.0       1:39:45 AM   +17.40    40 4.346 :4.000  3-1-4

--------------------------------------------------------------

Engine-Match Friday, September 5, 2025 1:39:46 AM
 Blitz 2/1 

Pairing 3/3 :    SlowMate_v3.1  -  V7P3R_v10.2

PGN-File: C:\Program Files (x86)\Arena\Tournaments\Engine Battle 20250905.pgn

No:  B/W 1/2     W:B       1:2           Time        Value Moves Dep 1:2       1-2-Draws
   8 W 2    4.0:3.0        3.0:5.0       1:43:52 AM    +9.87    47 3.167 :4.227  0-2-6

--------------------------------------------------------------

Engine-Match Friday, September 5, 2025 1:43:53 AM
 Blitz 2/1 

Pairing 1/3 :    C0BR4_v2.9  -  SlowMate_v3.1

PGN-File: C:\Program Files (x86)\Arena\Tournaments\Engine Battle 20250905.pgn

No:  B/W 1/2     W:B       1:2           Time        Value Moves Dep 1:2       1-2-Draws
   9 W 1    2.5:1.5        7.5:1.5       1:45:07 AM   +36.06    18 4.000 :3.444  6-0-3

--------------------------------------------------------------

Engine-Match Friday, September 5, 2025 1:45:08 AM
 Blitz 2/1 

Pairing 2/3 :    V7P3R_v10.2  -  C0BR4_v2.9

PGN-File: C:\Program Files (x86)\Arena\Tournaments\Engine Battle 20250905.pgn

No:  B/W 1/2     W:B       1:2           Time        Value Moves Dep 1:2       1-2-Draws
   9 = =    2.5:2.5        5.5:3.5       1:47:53 AM    +5.14    66 4.185 :4.000  3-1-5

--------------------------------------------------------------

Engine-Match Friday, September 5, 2025 1:47:54 AM
 Blitz 2/1 

Pairing 3/3 :    SlowMate_v3.1  -  V7P3R_v10.2

PGN-File: C:\Program Files (x86)\Arena\Tournaments\Engine Battle 20250905.pgn

No:  B/W 1/2     W:B       1:2           Time        Value Moves Dep 1:2       1-2-Draws
   9 B 2    4.0:3.0        3.0:6.0       1:51:45 AM  -289.99    43 3.323 :4.522  0-3-6

--------------------------------------------------------------

Engine-Match Friday, September 5, 2025 1:51:47 AM
 Blitz 2/1 

Pairing 1/3 :    C0BR4_v2.9  -  SlowMate_v3.1

PGN-File: C:\Program Files (x86)\Arena\Tournaments\Engine Battle 20250905.pgn

No:  B/W 1/2     W:B       1:2           Time        Value Moves Dep 1:2       1-2-Draws
  10 B 1    2.5:1.5        8.5:1.5       1:54:18 AM  -299.97    43 4.000 :3.233  7-0-3

--------------------------------------------------------------

Engine-Match Friday, September 5, 2025 1:54:19 AM
 Blitz 2/1 

Pairing 2/3 :    V7P3R_v10.2  -  C0BR4_v2.9

PGN-File: C:\Program Files (x86)\Arena\Tournaments\Engine Battle 20250905.pgn

No:  B/W 1/2     W:B       1:2           Time        Value Moves Dep 1:2       1-2-Draws
  10 = =    3.0:3.0        6.0:4.0       1:56:08 AM    +1.28    52 4.429 :4.000  3-1-6

--------------------------------------------------------------

Engine-Match Friday, September 5, 2025 1:56:09 AM
 Blitz 2/1 

Pairing 3/3 :    SlowMate_v3.1  -  V7P3R_v10.2

PGN-File: C:\Program Files (x86)\Arena\Tournaments\Engine Battle 20250905.pgn

No:  B/W 1/2     W:B       1:2           Time        Value Moves Dep 1:2       1-2-Draws
  10 B 1    4.0:3.0        4.0:6.0       2:00:36 AM  -144.92    51 2.974 :4.133  1-3-6

--------------------------------------------------------------

Engine-Match Friday, September 5, 2025 2:00:37 AM
 Blitz 2/1 

Pairing 1/3 :    C0BR4_v2.9  -  SlowMate_v3.1

PGN-File: C:\Program Files (x86)\Arena\Tournaments\Engine Battle 20250905.pgn

No:  B/W 1/2     W:B       1:2           Time        Value Moves Dep 1:2       1-2-Draws
  11 = =    2.0:2.0        9.0:2.0       2:02:27 AM    -1.14    30 4.000 :3.207  7-0-4

--------------------------------------------------------------

Engine-Match Friday, September 5, 2025 2:02:28 AM
 Blitz 2/1 

Pairing 2/3 :    V7P3R_v10.2  -  C0BR4_v2.9

PGN-File: C:\Program Files (x86)\Arena\Tournaments\Engine Battle 20250905.pgn

No:  B/W 1/2     W:B       1:2           Time        Value Moves Dep 1:2       1-2-Draws
  11 B 2    4.0:3.0        6.0:5.0       2:04:39 AM  -299.97    42 4.148 :4.000  3-2-6

--------------------------------------------------------------

Engine-Match Friday, September 5, 2025 2:04:40 AM
 Blitz 2/1 

Pairing 3/3 :    SlowMate_v3.1  -  V7P3R_v10.2

PGN-File: C:\Program Files (x86)\Arena\Tournaments\Engine Battle 20250905.pgn

No:  B/W 1/2     W:B       1:2           Time        Value Moves Dep 1:2       1-2-Draws
  11 B 2    4.0:3.0        4.0:7.0       2:10:21 AM   -12.19    74 3.267 :4.400  1-4-6

--------------------------------------------------------------

Engine-Match Friday, September 5, 2025 2:10:23 AM
 Blitz 2/1 

Pairing 1/3 :    C0BR4_v2.9  -  SlowMate_v3.1

PGN-File: C:\Program Files (x86)\Arena\Tournaments\Engine Battle 20250905.pgn

No:  B/W 1/2     W:B       1:2           Time        Value Moves Dep 1:2       1-2-Draws
  12 B 1    3.0:2.0        10.0:2.0      2:12:53 AM  -299.97    43 4.000 :3.256  8-0-4

--------------------------------------------------------------

Engine-Match Friday, September 5, 2025 2:12:55 AM
 Blitz 2/1 

Pairing 2/3 :    V7P3R_v10.2  -  C0BR4_v2.9

PGN-File: C:\Program Files (x86)\Arena\Tournaments\Engine Battle 20250905.pgn

No:  B/W 1/2     W:B       1:2           Time        Value Moves Dep 1:2       1-2-Draws
  12 W 2    4.0:3.0        6.0:6.0       2:15:45 AM  +299.97    57 4.571 :4.000  3-3-6

--------------------------------------------------------------

Engine-Match Friday, September 5, 2025 2:15:46 AM
 Blitz 2/1 

Pairing 3/3 :    SlowMate_v3.1  -  V7P3R_v10.2

PGN-File: C:\Program Files (x86)\Arena\Tournaments\Engine Battle 20250905.pgn

No:  B/W 1/2     W:B       1:2           Time        Value Moves Dep 1:2       1-2-Draws
  12 = =    3.5:3.5        4.5:7.5       2:19:40 AM    +9.02    44 3.200 :4.227  1-4-7

--------------------------------------------------------------

Engine-Match Friday, September 5, 2025 2:19:41 AM
 Blitz 2/1 

Pairing 1/3 :    C0BR4_v2.9  -  SlowMate_v3.1

PGN-File: C:\Program Files (x86)\Arena\Tournaments\Engine Battle 20250905.pgn

No:  B/W 1/2     W:B       1:2           Time        Value Moves Dep 1:2       1-2-Draws
  13 W 1    3.0:2.0        11.0:2.0      2:20:54 AM   +36.06    18 4.000 :3.444  9-0-4

--------------------------------------------------------------

Engine-Match Friday, September 5, 2025 2:20:56 AM
 Blitz 2/1 

Pairing 2/3 :    V7P3R_v10.2  -  C0BR4_v2.9

PGN-File: C:\Program Files (x86)\Arena\Tournaments\Engine Battle 20250905.pgn

No:  B/W 1/2     W:B       1:2           Time        Value Moves Dep 1:2       1-2-Draws
  13 = =    3.5:3.5        6.5:6.5       2:23:31 AM    +3.15    63 4.900 :4.000  3-3-7

--------------------------------------------------------------

Engine-Match Friday, September 5, 2025 2:23:32 AM
 Blitz 2/1 

Pairing 3/3 :    SlowMate_v3.1  -  V7P3R_v10.2

PGN-File: C:\Program Files (x86)\Arena\Tournaments\Engine Battle 20250905.pgn

No:  B/W 1/2     W:B       1:2           Time        Value Moves Dep 1:2       1-2-Draws
  13 = =    4.0:4.0        5.0:8.0       2:26:57 AM    +1.50    37 3.267 :4.400  1-4-8

--------------------------------------------------------------

Engine-Match Friday, September 5, 2025 2:26:58 AM
 Blitz 2/1 

Pairing 1/3 :    C0BR4_v2.9  -  SlowMate_v3.1

PGN-File: C:\Program Files (x86)\Arena\Tournaments\Engine Battle 20250905.pgn

No:  B/W 1/2     W:B       1:2           Time        Value Moves Dep 1:2       1-2-Draws
  14 = =    2.5:2.5        11.5:2.5      2:29:38 AM    -3.88    50 4.000 :3.227  9-0-5

--------------------------------------------------------------

Engine-Match Friday, September 5, 2025 2:29:44 AM
 Blitz 2/1 

Pairing 2/3 :    V7P3R_v10.2  -  C0BR4_v2.9

PGN-File: C:\Program Files (x86)\Arena\Tournaments\Engine Battle 20250905.pgn

No:  B/W 1/2     W:B       1:2           Time        Value Moves Dep 1:2       1-2-Draws
  14 = =    4.0:4.0        7.0:7.0       2:31:11 AM    -0.20    24 4.667 :4.000  3-3-8

--------------------------------------------------------------

Engine-Match Friday, September 5, 2025 2:31:12 AM
 Blitz 2/1 

Pairing 3/3 :    SlowMate_v3.1  -  V7P3R_v10.2

PGN-File: C:\Program Files (x86)\Arena\Tournaments\Engine Battle 20250905.pgn

No:  B/W 1/2     W:B       1:2           Time        Value Moves Dep 1:2       1-2-Draws
  14 = =    4.5:4.5        5.5:8.5       2:36:17 AM    -5.94    63 3.028 :4.111  1-4-9

--------------------------------------------------------------

Engine-Match Friday, September 5, 2025 2:36:18 AM
 Blitz 2/1 

Pairing 1/3 :    C0BR4_v2.9  -  SlowMate_v3.1

PGN-File: C:\Program Files (x86)\Arena\Tournaments\Engine Battle 20250905.pgn

No:  B/W 1/2     W:B       1:2           Time        Value Moves Dep 1:2       1-2-Draws
  15 B 2    3.5:2.5        11.5:3.5      2:37:18 AM  -180.51    15 3.923 :3.333  9-1-5

--------------------------------------------------------------

Engine-Match Friday, September 5, 2025 2:37:19 AM
 Blitz 2/1 

Pairing 2/3 :    V7P3R_v10.2  -  C0BR4_v2.9

PGN-File: C:\Program Files (x86)\Arena\Tournaments\Engine Battle 20250905.pgn

No:  B/W 1/2     W:B       1:2           Time        Value Moves Dep 1:2       1-2-Draws
  15 B 2    5.0:4.0        7.0:8.0       2:39:16 AM   -35.10    45 4.538 :4.000  3-4-8

--------------------------------------------------------------

Engine-Match Friday, September 5, 2025 2:39:18 AM
 Blitz 2/1 

Pairing 3/3 :    SlowMate_v3.1  -  V7P3R_v10.2

PGN-File: C:\Program Files (x86)\Arena\Tournaments\Engine Battle 20250905.pgn

No:  B/W 1/2     W:B       1:2           Time        Value Moves Dep 1:2       1-2-Draws
  15 = =    5.0:5.0        6.0:9.0       2:44:23 AM    -0.70    62 3.267 :4.400  1-4-10

--------------------------------------------------------------

Engine-Match Friday, September 5, 2025 2:44:24 AM
 Blitz 2/1 

Pairing 1/3 :    C0BR4_v2.9  -  SlowMate_v3.1

PGN-File: C:\Program Files (x86)\Arena\Tournaments\Engine Battle 20250905.pgn

No:  B/W 1/2     W:B       1:2           Time        Value Moves Dep 1:2       1-2-Draws
  16 B 1    3.5:2.5        12.5:3.5      2:46:54 AM  -299.97    43 4.000 :3.256  10-1-5

--------------------------------------------------------------

Engine-Match Friday, September 5, 2025 2:46:55 AM
 Blitz 2/1 

Pairing 2/3 :    V7P3R_v10.2  -  C0BR4_v2.9

PGN-File: C:\Program Files (x86)\Arena\Tournaments\Engine Battle 20250905.pgn

No:  B/W 1/2     W:B       1:2           Time        Value Moves Dep 1:2       1-2-Draws
  16 = =    4.5:4.5        7.5:8.5       2:48:24 AM    -0.20    24 4.667 :4.000  3-4-9

--------------------------------------------------------------

Engine-Match Friday, September 5, 2025 2:48:26 AM
 Blitz 2/1 

Pairing 3/3 :    SlowMate_v3.1  -  V7P3R_v10.2

PGN-File: C:\Program Files (x86)\Arena\Tournaments\Engine Battle 20250905.pgn

No:  B/W 1/2     W:B       1:2           Time        Value Moves Dep 1:2       1-2-Draws
  16 B 1    6.0:5.0        7.0:9.0       2:52:22 AM   -20.80    43 2.738 :4.226  2-4-10

--------------------------------------------------------------

Engine-Match Friday, September 5, 2025 2:52:24 AM
 Blitz 2/1 

Pairing 1/3 :    C0BR4_v2.9  -  SlowMate_v3.1

PGN-File: C:\Program Files (x86)\Arena\Tournaments\Engine Battle 20250905.pgn

No:  B/W 1/2     W:B       1:2           Time        Value Moves Dep 1:2       1-2-Draws
  17 W 1    3.5:2.5        13.5:3.5      2:53:37 AM   +36.06    18 4.000 :3.444  11-1-5

--------------------------------------------------------------

Engine-Match Friday, September 5, 2025 2:53:38 AM
 Blitz 2/1 

Pairing 2/3 :    V7P3R_v10.2  -  C0BR4_v2.9

PGN-File: C:\Program Files (x86)\Arena\Tournaments\Engine Battle 20250905.pgn

No:  B/W 1/2     W:B       1:2           Time        Value Moves Dep 1:2       1-2-Draws
  17 W 1    5.5:4.5        8.5:8.5       2:55:27 AM   +11.82    36 4.933 :4.000  4-4-9

--------------------------------------------------------------

Engine-Match Friday, September 5, 2025 2:55:28 AM
 Blitz 2/1 

Pairing 3/3 :    SlowMate_v3.1  -  V7P3R_v10.2

PGN-File: C:\Program Files (x86)\Arena\Tournaments\Engine Battle 20250905.pgn

No:  B/W 1/2     W:B       1:2           Time        Value Moves Dep 1:2       1-2-Draws
  17 = =    5.5:5.5        7.5:9.5       2:59:19 AM     0.00    45 3.267 :4.400  2-4-11

--------------------------------------------------------------

Engine-Match Friday, September 5, 2025 2:59:20 AM
 Blitz 2/1 

Pairing 1/3 :    C0BR4_v2.9  -  SlowMate_v3.1

PGN-File: C:\Program Files (x86)\Arena\Tournaments\Engine Battle 20250905.pgn

No:  B/W 1/2     W:B       1:2           Time        Value Moves Dep 1:2       1-2-Draws
  18 B 1    3.5:2.5        14.5:3.5      3:01:50 AM  -299.97    43 4.000 :3.279  12-1-5

--------------------------------------------------------------

Engine-Match Friday, September 5, 2025 3:01:51 AM
 Blitz 2/1 

Pairing 2/3 :    V7P3R_v10.2  -  C0BR4_v2.9

PGN-File: C:\Program Files (x86)\Arena\Tournaments\Engine Battle 20250905.pgn

No:  B/W 1/2     W:B       1:2           Time        Value Moves Dep 1:2       1-2-Draws
  18 W 2    5.5:4.5        8.5:9.5       3:03:00 AM   +11.60    20 4.400 :4.000  4-5-9

--------------------------------------------------------------

Engine-Match Friday, September 5, 2025 3:03:01 AM
 Blitz 2/1 

Pairing 3/3 :    SlowMate_v3.1  -  V7P3R_v10.2

PGN-File: C:\Program Files (x86)\Arena\Tournaments\Engine Battle 20250905.pgn

No:  B/W 1/2     W:B       1:2           Time        Value Moves Dep 1:2       1-2-Draws
  18 B 1    6.5:5.5        8.5:9.5       3:09:29 AM   -11.10    95 3.028 :4.148  3-4-11

--------------------------------------------------------------

Engine-Match Friday, September 5, 2025 3:09:30 AM
 Blitz 2/1 

Pairing 1/3 :    C0BR4_v2.9  -  SlowMate_v3.1

PGN-File: C:\Program Files (x86)\Arena\Tournaments\Engine Battle 20250905.pgn

No:  B/W 1/2     W:B       1:2           Time        Value Moves Dep 1:2       1-2-Draws
  19 B 2    3.5:2.5        14.5:4.5      3:12:40 AM   -10.35    59 4.000 :3.147  12-2-5

--------------------------------------------------------------

Engine-Match Friday, September 5, 2025 3:12:42 AM
 Blitz 2/1 

Pairing 2/3 :    V7P3R_v10.2  -  C0BR4_v2.9

PGN-File: C:\Program Files (x86)\Arena\Tournaments\Engine Battle 20250905.pgn

No:  B/W 1/2     W:B       1:2           Time        Value Moves Dep 1:2       1-2-Draws
  19 B 2    5.5:4.5        8.5:10.5      3:15:26 AM  -299.97    79 4.500 :4.000  4-6-9

--------------------------------------------------------------

Engine-Match Friday, September 5, 2025 3:15:27 AM
 Blitz 2/1 

Pairing 3/3 :    SlowMate_v3.1  -  V7P3R_v10.2

PGN-File: C:\Program Files (x86)\Arena\Tournaments\Engine Battle 20250905.pgn

No:  B/W 1/2     W:B       1:2           Time        Value Moves Dep 1:2       1-2-Draws
  19 = =    6.0:6.0        9.0:10.0      3:19:23 AM     0.00    45 3.267 :4.400  3-4-12

--------------------------------------------------------------

Engine-Match Friday, September 5, 2025 3:19:24 AM
 Blitz 2/1 

Pairing 1/3 :    C0BR4_v2.9  -  SlowMate_v3.1

PGN-File: C:\Program Files (x86)\Arena\Tournaments\Engine Battle 20250905.pgn

No:  B/W 1/2     W:B       1:2           Time        Value Moves Dep 1:2       1-2-Draws
  20 B 1    3.5:2.5        15.5:4.5      3:21:03 AM  -299.97    28 4.000 :3.679  13-2-5

--------------------------------------------------------------

Engine-Match Friday, September 5, 2025 3:21:04 AM
 Blitz 2/1 

Pairing 2/3 :    V7P3R_v10.2  -  C0BR4_v2.9

PGN-File: C:\Program Files (x86)\Arena\Tournaments\Engine Battle 20250905.pgn

No:  B/W 1/2     W:B       1:2           Time        Value Moves Dep 1:2       1-2-Draws
  20 W 2    5.5:4.5        8.5:11.5      3:22:54 AM  +299.97    41 4.455 :4.000  4-7-9

--------------------------------------------------------------

Engine-Match Friday, September 5, 2025 3:22:55 AM
 Blitz 2/1 

Pairing 3/3 :    SlowMate_v3.1  -  V7P3R_v10.2

PGN-File: C:\Program Files (x86)\Arena\Tournaments\Engine Battle 20250905.pgn

No:  B/W 1/2     W:B       1:2           Time        Value Moves Dep 1:2       1-2-Draws
  20 = =    6.5:6.5        9.5:10.5      3:28:01 AM    -1.57    63 3.182 :4.286  3-4-13

--------------------------------------------------------------

Engine-Match Friday, September 5, 2025 3:28:08 AM
 Blitz 2/1 

Pairing 1/3 :    C0BR4_v2.9  -  SlowMate_v3.1

PGN-File: C:\Program Files (x86)\Arena\Tournaments\Engine Battle 20250905.pgn

No:  B/W 1/2     W:B       1:2           Time        Value Moves Dep 1:2       1-2-Draws
  21 W 1    3.5:2.5        16.5:4.5      3:29:20 AM   +36.06    18 4.000 :3.444  14-2-5

--------------------------------------------------------------

Engine-Match Friday, September 5, 2025 3:29:21 AM
 Blitz 2/1 

Pairing 2/3 :    V7P3R_v10.2  -  C0BR4_v2.9

PGN-File: C:\Program Files (x86)\Arena\Tournaments\Engine Battle 20250905.pgn

No:  B/W 1/2     W:B       1:2           Time        Value Moves Dep 1:2       1-2-Draws
  21 W 1    5.5:4.5        9.5:11.5      3:31:29 AM    +9.69    45 4.273 :4.000  5-7-9

--------------------------------------------------------------

Engine-Match Friday, September 5, 2025 3:31:30 AM
 Blitz 2/1 

Pairing 3/3 :    SlowMate_v3.1  -  V7P3R_v10.2

PGN-File: C:\Program Files (x86)\Arena\Tournaments\Engine Battle 20250905.pgn

No:  B/W 1/2     W:B       1:2           Time        Value Moves Dep 1:2       1-2-Draws
  21 = =    7.0:7.0        10.0:11.0     3:35:26 AM     0.00    46 3.267 :4.400  3-4-14

--------------------------------------------------------------

Engine-Match Friday, September 5, 2025 3:35:28 AM
 Blitz 2/1 

Pairing 1/3 :    C0BR4_v2.9  -  SlowMate_v3.1

PGN-File: C:\Program Files (x86)\Arena\Tournaments\Engine Battle 20250905.pgn

No:  B/W 1/2     W:B       1:2           Time        Value Moves Dep 1:2       1-2-Draws
  22 W 2    3.5:2.5        16.5:5.5      3:38:12 AM    +9.18    51 4.000 :3.238  14-3-5

--------------------------------------------------------------

Engine-Match Friday, September 5, 2025 3:38:13 AM
 Blitz 2/1 

Pairing 2/3 :    V7P3R_v10.2  -  C0BR4_v2.9

PGN-File: C:\Program Files (x86)\Arena\Tournaments\Engine Battle 20250905.pgn

No:  B/W 1/2     W:B       1:2           Time        Value Moves Dep 1:2       1-2-Draws
  22 = =    5.0:5.0        10.0:12.0     3:40:34 AM    +3.19    43 4.409 :4.000  5-7-10

--------------------------------------------------------------

Engine-Match Friday, September 5, 2025 3:40:36 AM
 Blitz 2/1 

Pairing 3/3 :    SlowMate_v3.1  -  V7P3R_v10.2

PGN-File: C:\Program Files (x86)\Arena\Tournaments\Engine Battle 20250905.pgn

No:  B/W 1/2     W:B       1:2           Time        Value Moves Dep 1:2       1-2-Draws
  22 B 1    8.0:7.0        11.0:11.0     3:44:12 AM   -33.70    37 3.194 :4.407  4-4-14

--------------------------------------------------------------

Engine-Match Friday, September 5, 2025 3:44:13 AM
 Blitz 2/1 

Pairing 1/3 :    C0BR4_v2.9  -  SlowMate_v3.1

PGN-File: C:\Program Files (x86)\Arena\Tournaments\Engine Battle 20250905.pgn

No:  B/W 1/2     W:B       1:2           Time        Value Moves Dep 1:2       1-2-Draws
  23 W 1    3.5:2.5        17.5:5.5      3:45:26 AM   +36.06    18 4.000 :3.444  15-3-5

--------------------------------------------------------------

Engine-Match Friday, September 5, 2025 3:45:27 AM
 Blitz 2/1 

Pairing 2/3 :    V7P3R_v10.2  -  C0BR4_v2.9

PGN-File: C:\Program Files (x86)\Arena\Tournaments\Engine Battle 20250905.pgn

No:  B/W 1/2     W:B       1:2           Time        Value Moves Dep 1:2       1-2-Draws
  23 W 1    6.0:5.0        11.0:12.0     3:48:33 AM   +15.85    70 4.189 :4.000  6-7-10

--------------------------------------------------------------

Engine-Match Friday, September 5, 2025 3:48:34 AM
 Blitz 2/1 

Pairing 3/3 :    SlowMate_v3.1  -  V7P3R_v10.2

PGN-File: C:\Program Files (x86)\Arena\Tournaments\Engine Battle 20250905.pgn

No:  B/W 1/2     W:B       1:2           Time        Value Moves Dep 1:2       1-2-Draws
  23 = =    7.5:7.5        11.5:11.5     3:51:55 AM    +1.50    37 3.267 :4.400  4-4-15

--------------------------------------------------------------

Engine-Match Friday, September 5, 2025 3:51:56 AM
 Blitz 2/1 

Pairing 1/3 :    C0BR4_v2.9  -  SlowMate_v3.1

PGN-File: C:\Program Files (x86)\Arena\Tournaments\Engine Battle 20250905.pgn

No:  B/W 1/2     W:B       1:2           Time        Value Moves Dep 1:2       1-2-Draws
  24 B 1    3.5:2.5        18.5:5.5      3:54:25 AM  -299.97    43 4.000 :3.279  16-3-5

--------------------------------------------------------------

Engine-Match Friday, September 5, 2025 3:54:27 AM
 Blitz 2/1 

Pairing 2/3 :    V7P3R_v10.2  -  C0BR4_v2.9

PGN-File: C:\Program Files (x86)\Arena\Tournaments\Engine Battle 20250905.pgn

No:  B/W 1/2     W:B       1:2           Time        Value Moves Dep 1:2       1-2-Draws
  24 = =    5.5:5.5        11.5:12.5     3:56:08 AM    +0.41    40 4.500 :4.000  6-7-11

--------------------------------------------------------------

Engine-Match Friday, September 5, 2025 3:56:09 AM
 Blitz 2/1 

Pairing 3/3 :    SlowMate_v3.1  -  V7P3R_v10.2

PGN-File: C:\Program Files (x86)\Arena\Tournaments\Engine Battle 20250905.pgn

No:  B/W 1/2     W:B       1:2           Time        Value Moves Dep 1:2       1-2-Draws
  24 W 2    8.5:7.5        11.5:12.5     4:00:49 AM   +15.52    57 3.059 :4.120  4-5-15

--------------------------------------------------------------

Engine-Match Friday, September 5, 2025 4:00:50 AM
 Blitz 2/1 

Pairing 1/3 :    C0BR4_v2.9  -  SlowMate_v3.1

PGN-File: C:\Program Files (x86)\Arena\Tournaments\Engine Battle 20250905.pgn

No:  B/W 1/2     W:B       1:2           Time        Value Moves Dep 1:2       1-2-Draws
  25 = =    3.0:3.0        19.0:6.0      4:02:51 AM    -2.95    35 4.000 :3.200  16-3-6

--------------------------------------------------------------

Engine-Match Friday, September 5, 2025 4:02:52 AM
 Blitz 2/1 

Pairing 2/3 :    V7P3R_v10.2  -  C0BR4_v2.9

PGN-File: C:\Program Files (x86)\Arena\Tournaments\Engine Battle 20250905.pgn

No:  B/W 1/2     W:B       1:2           Time        Value Moves Dep 1:2       1-2-Draws
  25 B 2    6.5:5.5        11.5:13.5     4:04:44 AM  -299.97    31 4.619 :3.931  6-8-11

--------------------------------------------------------------

Engine-Match Friday, September 5, 2025 4:04:45 AM
 Blitz 2/1 

Pairing 3/3 :    SlowMate_v3.1  -  V7P3R_v10.2

PGN-File: C:\Program Files (x86)\Arena\Tournaments\Engine Battle 20250905.pgn

No:  B/W 1/2     W:B       1:2           Time        Value Moves Dep 1:2       1-2-Draws
  25 = =    8.0:8.0        12.0:13.0     4:08:36 AM     0.00    45 3.267 :4.400  4-5-16

--------------------------------------------------------------

Engine-Match Friday, September 5, 2025 4:08:37 AM
 Blitz 2/1 

Pairing 1/3 :    C0BR4_v2.9  -  SlowMate_v3.1

PGN-File: C:\Program Files (x86)\Arena\Tournaments\Engine Battle 20250905.pgn

No:  B/W 1/2     W:B       1:2           Time        Value Moves Dep 1:2       1-2-Draws
  26 = =    3.5:3.5        19.5:6.5      4:10:30 AM    +9.43    33 4.000 :3.739  16-3-7

--------------------------------------------------------------

Engine-Match Friday, September 5, 2025 4:10:31 AM
 Blitz 2/1 

Pairing 2/3 :    V7P3R_v10.2  -  C0BR4_v2.9

PGN-File: C:\Program Files (x86)\Arena\Tournaments\Engine Battle 20250905.pgn

No:  B/W 1/2     W:B       1:2           Time        Value Moves Dep 1:2       1-2-Draws
  26 W 2    6.5:5.5        11.5:14.5     4:13:19 AM    +9.40    59 4.571 :4.000  6-9-11

--------------------------------------------------------------

Engine-Match Friday, September 5, 2025 4:13:21 AM
 Blitz 2/1 

Pairing 3/3 :    SlowMate_v3.1  -  V7P3R_v10.2

PGN-File: C:\Program Files (x86)\Arena\Tournaments\Engine Battle 20250905.pgn

No:  B/W 1/2     W:B       1:2           Time        Value Moves Dep 1:2       1-2-Draws
  26 W 2    9.0:8.0        12.0:14.0     4:17:07 AM   +11.63    42 3.103 :4.091  4-6-16

--------------------------------------------------------------

Engine-Match Friday, September 5, 2025 4:17:08 AM
 Blitz 2/1 

Pairing 1/3 :    C0BR4_v2.9  -  SlowMate_v3.1

PGN-File: C:\Program Files (x86)\Arena\Tournaments\Engine Battle 20250905.pgn

No:  B/W 1/2     W:B       1:2           Time        Value Moves Dep 1:2       1-2-Draws
  27 W 1    4.5:3.5        20.5:6.5      4:20:02 AM  +299.97    40 3.947 :2.897  17-3-7

--------------------------------------------------------------

Engine-Match Friday, September 5, 2025 4:20:03 AM
 Blitz 2/1 

Pairing 2/3 :    V7P3R_v10.2  -  C0BR4_v2.9

PGN-File: C:\Program Files (x86)\Arena\Tournaments\Engine Battle 20250905.pgn

No:  B/W 1/2     W:B       1:2           Time        Value Moves Dep 1:2       1-2-Draws
  27 B 2    6.5:5.5        11.5:15.5     4:21:55 AM  -299.97    31 4.619 :3.931  6-10-11

--------------------------------------------------------------

Engine-Match Friday, September 5, 2025 4:22:01 AM
 Blitz 2/1 

Pairing 3/3 :    SlowMate_v3.1  -  V7P3R_v10.2

PGN-File: C:\Program Files (x86)\Arena\Tournaments\Engine Battle 20250905.pgn

No:  B/W 1/2     W:B       1:2           Time        Value Moves Dep 1:2       1-2-Draws
  27 = =    8.5:8.5        12.5:14.5     4:25:21 AM    +1.50    37 3.267 :4.400  4-6-17

--------------------------------------------------------------

Engine-Match Friday, September 5, 2025 4:25:22 AM
 Blitz 2/1 

Pairing 1/3 :    C0BR4_v2.9  -  SlowMate_v3.1

PGN-File: C:\Program Files (x86)\Arena\Tournaments\Engine Battle 20250905.pgn

No:  B/W 1/2     W:B       1:2           Time        Value Moves Dep 1:2       1-2-Draws
  28 B 1    4.5:3.5        21.5:6.5      4:28:44 AM   -12.00    69 4.000 :3.273  18-3-7

--------------------------------------------------------------

Engine-Match Friday, September 5, 2025 4:28:45 AM
 Blitz 2/1 

Pairing 2/3 :    V7P3R_v10.2  -  C0BR4_v2.9

PGN-File: C:\Program Files (x86)\Arena\Tournaments\Engine Battle 20250905.pgn

No:  B/W 1/2     W:B       1:2           Time        Value Moves Dep 1:2       1-2-Draws
  28 W 2    6.5:5.5        11.5:16.5     4:30:16 AM  +299.97    27 4.471 :4.000  6-11-11

--------------------------------------------------------------

Engine-Match Friday, September 5, 2025 4:30:17 AM
 Blitz 2/1 

Pairing 3/3 :    SlowMate_v3.1  -  V7P3R_v10.2

PGN-File: C:\Program Files (x86)\Arena\Tournaments\Engine Battle 20250905.pgn

No:  B/W 1/2     W:B       1:2           Time        Value Moves Dep 1:2       1-2-Draws
  28 = =    9.0:9.0        13.0:15.0     4:35:18 AM    -5.94    63 3.056 :4.148  4-6-18

--------------------------------------------------------------

Engine-Match Friday, September 5, 2025 4:35:19 AM
 Blitz 2/1 

Pairing 1/3 :    C0BR4_v2.9  -  SlowMate_v3.1

PGN-File: C:\Program Files (x86)\Arena\Tournaments\Engine Battle 20250905.pgn

No:  B/W 1/2     W:B       1:2           Time        Value Moves Dep 1:2       1-2-Draws
  29 W 1    4.5:3.5        22.5:6.5      4:36:32 AM   +36.06    18 4.000 :3.444  19-3-7

--------------------------------------------------------------

Engine-Match Friday, September 5, 2025 4:36:34 AM
 Blitz 2/1 

Pairing 2/3 :    V7P3R_v10.2  -  C0BR4_v2.9

PGN-File: C:\Program Files (x86)\Arena\Tournaments\Engine Battle 20250905.pgn

No:  B/W 1/2     W:B       1:2           Time        Value Moves Dep 1:2       1-2-Draws
  29 = =    6.0:6.0        12.0:17.0     4:38:42 AM    -1.23    29 4.261 :4.000  6-11-12

--------------------------------------------------------------

Engine-Match Friday, September 5, 2025 4:38:43 AM
 Blitz 2/1 

Pairing 3/3 :    SlowMate_v3.1  -  V7P3R_v10.2

PGN-File: C:\Program Files (x86)\Arena\Tournaments\Engine Battle 20250905.pgn

No:  B/W 1/2     W:B       1:2           Time        Value Moves Dep 1:2       1-2-Draws
  29 = =    9.5:9.5        13.5:15.5     4:42:03 AM    +1.50    37 3.267 :4.400  4-6-19

--------------------------------------------------------------

Engine-Match Friday, September 5, 2025 4:42:04 AM
 Blitz 2/1 

Pairing 1/3 :    C0BR4_v2.9  -  SlowMate_v3.1

PGN-File: C:\Program Files (x86)\Arena\Tournaments\Engine Battle 20250905.pgn

No:  B/W 1/2     W:B       1:2           Time        Value Moves Dep 1:2       1-2-Draws
  30 B 1    4.5:3.5        23.5:6.5      4:43:54 AM   -15.53    29 4.000 :2.966  20-3-7

--------------------------------------------------------------

Engine-Match Friday, September 5, 2025 4:43:55 AM
 Blitz 2/1 

Pairing 2/3 :    V7P3R_v10.2  -  C0BR4_v2.9

PGN-File: C:\Program Files (x86)\Arena\Tournaments\Engine Battle 20250905.pgn

No:  B/W 1/2     W:B       1:2           Time        Value Moves Dep 1:2       1-2-Draws
  30 W 2    7.0:6.0        12.0:18.0     4:45:03 AM   +11.60    20 4.400 :4.000  6-12-12

--------------------------------------------------------------

Engine-Match Friday, September 5, 2025 4:45:05 AM
 Blitz 2/1 

Pairing 3/3 :    SlowMate_v3.1  -  V7P3R_v10.2

PGN-File: C:\Program Files (x86)\Arena\Tournaments\Engine Battle 20250905.pgn

No:  B/W 1/2     W:B       1:2           Time        Value Moves Dep 1:2       1-2-Draws
  30 B 1    10.5:9.5       14.5:15.5     4:48:39 AM   -33.70    37 3.194 :4.407  5-6-19

--------------------------------------------------------------

Engine-Match Friday, September 5, 2025 4:48:40 AM
 Blitz 2/1 

Pairing 1/3 :    C0BR4_v2.9  -  SlowMate_v3.1

PGN-File: C:\Program Files (x86)\Arena\Tournaments\Engine Battle 20250905.pgn

No:  B/W 1/2     W:B       1:2           Time        Value Moves Dep 1:2       1-2-Draws
  31 B 2    4.5:3.5        23.5:7.5      4:49:41 AM  -180.51    15 3.923 :3.333  20-4-7

--------------------------------------------------------------

Engine-Match Friday, September 5, 2025 4:49:42 AM
 Blitz 2/1 

Pairing 2/3 :    V7P3R_v10.2  -  C0BR4_v2.9

PGN-File: C:\Program Files (x86)\Arena\Tournaments\Engine Battle 20250905.pgn

No:  B/W 1/2     W:B       1:2           Time        Value Moves Dep 1:2       1-2-Draws
  31 B 2    7.0:6.0        12.0:19.0     4:51:35 AM   -35.10    45 4.538 :4.000  6-13-12

--------------------------------------------------------------

Engine-Match Friday, September 5, 2025 4:51:36 AM
 Blitz 2/1 

Pairing 3/3 :    SlowMate_v3.1  -  V7P3R_v10.2

PGN-File: C:\Program Files (x86)\Arena\Tournaments\Engine Battle 20250905.pgn

No:  B/W 1/2     W:B       1:2           Time        Value Moves Dep 1:2       1-2-Draws
  31 = =    10.0:10.0      15.0:16.0     4:54:57 AM    +1.50    37 3.267 :4.400  5-6-20

--------------------------------------------------------------

Engine-Match Friday, September 5, 2025 4:54:58 AM
 Blitz 2/1 

Pairing 1/3 :    C0BR4_v2.9  -  SlowMate_v3.1

PGN-File: C:\Program Files (x86)\Arena\Tournaments\Engine Battle 20250905.pgn

No:  B/W 1/2     W:B       1:2           Time        Value Moves Dep 1:2       1-2-Draws
  32 B 1    4.5:3.5        24.5:7.5      4:57:47 AM    -9.75    51 4.000 :3.286  21-4-7

--------------------------------------------------------------

Engine-Match Friday, September 5, 2025 4:57:48 AM
 Blitz 2/1 

Pairing 2/3 :    V7P3R_v10.2  -  C0BR4_v2.9

PGN-File: C:\Program Files (x86)\Arena\Tournaments\Engine Battle 20250905.pgn

No:  B/W 1/2     W:B       1:2           Time        Value Moves Dep 1:2       1-2-Draws
  32 = =    6.5:6.5        12.5:19.5     5:00:15 AM    +5.33    51 4.571 :4.000  6-13-13

--------------------------------------------------------------

Engine-Match Friday, September 5, 2025 5:00:16 AM
 Blitz 2/1 

Pairing 3/3 :    SlowMate_v3.1  -  V7P3R_v10.2

PGN-File: C:\Program Files (x86)\Arena\Tournaments\Engine Battle 20250905.pgn

No:  B/W 1/2     W:B       1:2           Time        Value Moves Dep 1:2       1-2-Draws
  32 = =    10.5:10.5      15.5:16.5     5:05:52 AM    +8.68    75 3.056 :4.148  5-6-21

--------------------------------------------------------------

Engine-Match Friday, September 5, 2025 5:05:53 AM
 Blitz 2/1 

Pairing 1/3 :    C0BR4_v2.9  -  SlowMate_v3.1

PGN-File: C:\Program Files (x86)\Arena\Tournaments\Engine Battle 20250905.pgn

No:  B/W 1/2     W:B       1:2           Time        Value Moves Dep 1:2       1-2-Draws
  33 B 2    4.5:3.5        24.5:8.5      5:09:05 AM   -10.22    59 4.000 :3.147  21-5-7

--------------------------------------------------------------

Engine-Match Friday, September 5, 2025 5:09:06 AM
 Blitz 2/1 

Pairing 2/3 :    V7P3R_v10.2  -  C0BR4_v2.9

PGN-File: C:\Program Files (x86)\Arena\Tournaments\Engine Battle 20250905.pgn

No:  B/W 1/2     W:B       1:2           Time        Value Moves Dep 1:2       1-2-Draws
  33 W 1    7.5:6.5        13.5:19.5     5:10:28 AM  +289.98    23 4.500 :4.000  7-13-13

--------------------------------------------------------------

Engine-Match Friday, September 5, 2025 5:10:29 AM
 Blitz 2/1 

Pairing 3/3 :    SlowMate_v3.1  -  V7P3R_v10.2

PGN-File: C:\Program Files (x86)\Arena\Tournaments\Engine Battle 20250905.pgn

No:  B/W 1/2     W:B       1:2           Time        Value Moves Dep 1:2       1-2-Draws
  33 = =    11.0:11.0      16.0:17.0     5:16:32 AM   -14.80    93 3.267 :4.400  5-6-22

--------------------------------------------------------------

Engine-Match Friday, September 5, 2025 5:16:34 AM
 Blitz 2/1 

Pairing 1/3 :    C0BR4_v2.9  -  SlowMate_v3.1

PGN-File: C:\Program Files (x86)\Arena\Tournaments\Engine Battle 20250905.pgn

No:  B/W 1/2     W:B       1:2           Time        Value Moves Dep 1:2       1-2-Draws
  34 B 1    4.5:3.5        25.5:8.5      5:18:22 AM   -15.53    29 4.000 :3.000  22-5-7

--------------------------------------------------------------

Engine-Match Friday, September 5, 2025 5:18:29 AM
 Blitz 2/1 

Pairing 2/3 :    V7P3R_v10.2  -  C0BR4_v2.9

PGN-File: C:\Program Files (x86)\Arena\Tournaments\Engine Battle 20250905.pgn

No:  B/W 1/2     W:B       1:2           Time        Value Moves Dep 1:2       1-2-Draws
  34 W 2    7.5:6.5        13.5:20.5     5:19:47 AM    +9.90    21 4.600 :4.000  7-14-13

--------------------------------------------------------------

Engine-Match Friday, September 5, 2025 5:19:48 AM
 Blitz 2/1 

Pairing 3/3 :    SlowMate_v3.1  -  V7P3R_v10.2

PGN-File: C:\Program Files (x86)\Arena\Tournaments\Engine Battle 20250905.pgn

No:  B/W 1/2     W:B       1:2           Time        Value Moves Dep 1:2       1-2-Draws
  34 W 2    12.0:11.0      16.0:18.0     5:23:50 AM   +17.18    45 3.094 :4.174  5-7-22

--------------------------------------------------------------

Engine-Match Friday, September 5, 2025 5:23:51 AM
 Blitz 2/1 

Pairing 1/3 :    C0BR4_v2.9  -  SlowMate_v3.1

PGN-File: C:\Program Files (x86)\Arena\Tournaments\Engine Battle 20250905.pgn

No:  B/W 1/2     W:B       1:2           Time        Value Moves Dep 1:2       1-2-Draws
  35 W 1    4.5:3.5        26.5:8.5      5:25:05 AM   +36.06    18 4.000 :3.444  23-5-7

--------------------------------------------------------------

Engine-Match Friday, September 5, 2025 5:25:06 AM
 Blitz 2/1 

Pairing 2/3 :    V7P3R_v10.2  -  C0BR4_v2.9

PGN-File: C:\Program Files (x86)\Arena\Tournaments\Engine Battle 20250905.pgn

No:  B/W 1/2     W:B       1:2           Time        Value Moves Dep 1:2       1-2-Draws
  35 = =    7.0:7.0        14.0:21.0     5:27:33 AM    -6.40    40 4.333 :4.000  7-14-14

--------------------------------------------------------------

Engine-Match Friday, September 5, 2025 5:27:35 AM
 Blitz 2/1 

Pairing 3/3 :    SlowMate_v3.1  -  V7P3R_v10.2

PGN-File: C:\Program Files (x86)\Arena\Tournaments\Engine Battle 20250905.pgn

No:  B/W 1/2     W:B       1:2           Time        Value Moves Dep 1:2       1-2-Draws
  35 = =    11.5:11.5      16.5:18.5     5:32:29 AM    +4.33    59 3.267 :4.400  5-7-23

--------------------------------------------------------------

Engine-Match Friday, September 5, 2025 5:32:30 AM
 Blitz 2/1 

Pairing 1/3 :    C0BR4_v2.9  -  SlowMate_v3.1

PGN-File: C:\Program Files (x86)\Arena\Tournaments\Engine Battle 20250905.pgn

No:  B/W 1/2     W:B       1:2           Time        Value Moves Dep 1:2       1-2-Draws
  36 = =    4.0:4.0        27.0:9.0      5:35:49 AM    -3.90    59 4.000 :2.938  23-5-8

--------------------------------------------------------------

Engine-Match Friday, September 5, 2025 5:35:50 AM
 Blitz 2/1 

Pairing 2/3 :    V7P3R_v10.2  -  C0BR4_v2.9

PGN-File: C:\Program Files (x86)\Arena\Tournaments\Engine Battle 20250905.pgn

No:  B/W 1/2     W:B       1:2           Time        Value Moves Dep 1:2       1-2-Draws
  36 W 2    8.0:7.0        14.0:22.0     5:37:10 AM   +10.60    21 4.733 :4.000  7-15-14

--------------------------------------------------------------

Engine-Match Friday, September 5, 2025 5:37:11 AM
 Blitz 2/1 

Pairing 3/3 :    SlowMate_v3.1  -  V7P3R_v10.2

PGN-File: C:\Program Files (x86)\Arena\Tournaments\Engine Battle 20250905.pgn

No:  B/W 1/2     W:B       1:2           Time        Value Moves Dep 1:2       1-2-Draws
  36 W 2    12.5:11.5      16.5:19.5     5:42:16 AM   +12.05    63 3.132 :4.250  5-8-23

--------------------------------------------------------------

Engine-Match Friday, September 5, 2025 5:42:17 AM
 Blitz 2/1 

Pairing 1/3 :    C0BR4_v2.9  -  SlowMate_v3.1

PGN-File: C:\Program Files (x86)\Arena\Tournaments\Engine Battle 20250905.pgn

No:  B/W 1/2     W:B       1:2           Time        Value Moves Dep 1:2       1-2-Draws
  37 = =    4.5:4.5        27.5:9.5      5:44:18 AM    -2.95    35 4.000 :3.171  23-5-9

--------------------------------------------------------------

Engine-Match Friday, September 5, 2025 5:44:20 AM
 Blitz 2/1 

Pairing 2/3 :    V7P3R_v10.2  -  C0BR4_v2.9

PGN-File: C:\Program Files (x86)\Arena\Tournaments\Engine Battle 20250905.pgn

No:  B/W 1/2     W:B       1:2           Time        Value Moves Dep 1:2       1-2-Draws
  37 W 1    8.0:7.0        15.0:22.0     5:46:07 AM   +11.82    36 4.933 :4.000  8-15-14

--------------------------------------------------------------

Engine-Match Friday, September 5, 2025 5:46:09 AM
 Blitz 2/1 

Pairing 3/3 :    SlowMate_v3.1  -  V7P3R_v10.2

PGN-File: C:\Program Files (x86)\Arena\Tournaments\Engine Battle 20250905.pgn

No:  B/W 1/2     W:B       1:2           Time        Value Moves Dep 1:2       1-2-Draws
  37 = =    12.0:12.0      17.0:20.0     5:49:28 AM    +1.50    37 3.267 :4.400  5-8-24

--------------------------------------------------------------

Engine-Match Friday, September 5, 2025 5:49:30 AM
 Blitz 2/1 

Pairing 1/3 :    C0BR4_v2.9  -  SlowMate_v3.1

PGN-File: C:\Program Files (x86)\Arena\Tournaments\Engine Battle 20250905.pgn

No:  B/W 1/2     W:B       1:2           Time        Value Moves Dep 1:2       1-2-Draws
  38 B 1    5.5:4.5        28.5:9.5      5:52:51 AM   -12.00    69 4.000 :3.227  24-5-9

--------------------------------------------------------------

Engine-Match Friday, September 5, 2025 5:52:53 AM
 Blitz 2/1 

Pairing 2/3 :    V7P3R_v10.2  -  C0BR4_v2.9

PGN-File: C:\Program Files (x86)\Arena\Tournaments\Engine Battle 20250905.pgn

No:  B/W 1/2     W:B       1:2           Time        Value Moves Dep 1:2       1-2-Draws
  38 = =    7.5:7.5        15.5:22.5     5:54:32 AM    +0.41    40 4.500 :4.000  8-15-15

--------------------------------------------------------------

Engine-Match Friday, September 5, 2025 5:54:33 AM
 Blitz 2/1 

Pairing 3/3 :    SlowMate_v3.1  -  V7P3R_v10.2

PGN-File: C:\Program Files (x86)\Arena\Tournaments\Engine Battle 20250905.pgn

No:  B/W 1/2     W:B       1:2           Time        Value Moves Dep 1:2       1-2-Draws
  38 = =    12.5:12.5      17.5:20.5     6:00:23 AM    -3.76    83 3.056 :4.185  5-8-25

--------------------------------------------------------------

Engine-Match Friday, September 5, 2025 6:00:25 AM
 Blitz 2/1 

Pairing 1/3 :    C0BR4_v2.9  -  SlowMate_v3.1

PGN-File: C:\Program Files (x86)\Arena\Tournaments\Engine Battle 20250905.pgn

No:  B/W 1/2     W:B       1:2           Time        Value Moves Dep 1:2       1-2-Draws
  39 B 2    5.5:4.5        28.5:10.5     6:03:35 AM   -10.35    59 4.000 :3.147  24-6-9

--------------------------------------------------------------

Engine-Match Friday, September 5, 2025 6:03:36 AM
 Blitz 2/1 

Pairing 2/3 :    V7P3R_v10.2  -  C0BR4_v2.9

PGN-File: C:\Program Files (x86)\Arena\Tournaments\Engine Battle 20250905.pgn

No:  B/W 1/2     W:B       1:2           Time        Value Moves Dep 1:2       1-2-Draws
  39 B 2    8.5:7.5        15.5:23.5     6:05:54 AM    -9.80    42 4.267 :4.000  8-16-15

--------------------------------------------------------------

Engine-Match Friday, September 5, 2025 6:05:55 AM
 Blitz 2/1 

Pairing 3/3 :    SlowMate_v3.1  -  V7P3R_v10.2

PGN-File: C:\Program Files (x86)\Arena\Tournaments\Engine Battle 20250905.pgn

No:  B/W 1/2     W:B       1:2           Time        Value Moves Dep 1:2       1-2-Draws
  39 = =    13.0:13.0      18.0:21.0     6:09:47 AM     0.00    45 3.267 :4.400  5-8-26

--------------------------------------------------------------

Engine-Match Friday, September 5, 2025 6:09:48 AM
 Blitz 2/1 

Pairing 1/3 :    C0BR4_v2.9  -  SlowMate_v3.1

PGN-File: C:\Program Files (x86)\Arena\Tournaments\Engine Battle 20250905.pgn

No:  B/W 1/2     W:B       1:2           Time        Value Moves Dep 1:2       1-2-Draws
  40 B 1    5.5:4.5        29.5:10.5     6:12:18 AM  -299.97    43 4.000 :3.279  25-6-9

--------------------------------------------------------------

Engine-Match Friday, September 5, 2025 6:12:19 AM
 Blitz 2/1 

Pairing 2/3 :    V7P3R_v10.2  -  C0BR4_v2.9

PGN-File: C:\Program Files (x86)\Arena\Tournaments\Engine Battle 20250905.pgn

No:  B/W 1/2     W:B       1:2           Time        Value Moves Dep 1:2       1-2-Draws
  40 = =    8.0:8.0        16.0:24.0     6:15:23 AM    +9.00    72 4.571 :4.000  8-16-16

--------------------------------------------------------------

Engine-Match Friday, September 5, 2025 6:15:24 AM
 Blitz 2/1 

Pairing 3/3 :    SlowMate_v3.1  -  V7P3R_v10.2

PGN-File: C:\Program Files (x86)\Arena\Tournaments\Engine Battle 20250905.pgn

No:  B/W 1/2     W:B       1:2           Time        Value Moves Dep 1:2       1-2-Draws
  40 = =    13.5:13.5      18.5:21.5     6:20:42 AM    -1.32    68 3.182 :4.286  5-8-27

--------------------------------------------------------------

Engine-Match Friday, September 5, 2025 6:20:48 AM
 Blitz 2/1 

Pairing 1/3 :    C0BR4_v2.9  -  SlowMate_v3.1

PGN-File: C:\Program Files (x86)\Arena\Tournaments\Engine Battle 20250905.pgn

No:  B/W 1/2     W:B       1:2           Time        Value Moves Dep 1:2       1-2-Draws
  41 B 2    5.5:4.5        29.5:11.5     6:23:58 AM   -10.35    59 4.000 :3.118  25-7-9

--------------------------------------------------------------

Engine-Match Friday, September 5, 2025 6:23:59 AM
 Blitz 2/1 

Pairing 2/3 :    V7P3R_v10.2  -  C0BR4_v2.9

PGN-File: C:\Program Files (x86)\Arena\Tournaments\Engine Battle 20250905.pgn

No:  B/W 1/2     W:B       1:2           Time        Value Moves Dep 1:2       1-2-Draws
  41 W 1    9.0:8.0        17.0:24.0     6:27:03 AM   +15.85    70 4.189 :4.000  9-16-16

--------------------------------------------------------------

Engine-Match Friday, September 5, 2025 6:27:04 AM
 Blitz 2/1 

Pairing 3/3 :    SlowMate_v3.1  -  V7P3R_v10.2

PGN-File: C:\Program Files (x86)\Arena\Tournaments\Engine Battle 20250905.pgn

No:  B/W 1/2     W:B       1:2           Time        Value Moves Dep 1:2       1-2-Draws
  41 = =    14.0:14.0      19.0:22.0     6:30:56 AM     0.00    45 3.267 :4.400  5-8-28

--------------------------------------------------------------

Engine-Match Friday, September 5, 2025 6:30:57 AM
 Blitz 2/1 

Pairing 1/3 :    C0BR4_v2.9  -  SlowMate_v3.1

PGN-File: C:\Program Files (x86)\Arena\Tournaments\Engine Battle 20250905.pgn

No:  B/W 1/2     W:B       1:2           Time        Value Moves Dep 1:2       1-2-Draws
  42 B 1    5.5:4.5        30.5:11.5     6:33:27 AM  -299.97    43 4.000 :3.279  26-7-9

--------------------------------------------------------------

Engine-Match Friday, September 5, 2025 6:33:28 AM
 Blitz 2/1 

Pairing 2/3 :    V7P3R_v10.2  -  C0BR4_v2.9

PGN-File: C:\Program Files (x86)\Arena\Tournaments\Engine Battle 20250905.pgn

No:  B/W 1/2     W:B       1:2           Time        Value Moves Dep 1:2       1-2-Draws
  42 = =    8.5:8.5        17.5:24.5     6:35:49 AM    +3.19    43 4.409 :4.000  9-16-17

--------------------------------------------------------------

Engine-Match Friday, September 5, 2025 6:35:50 AM
 Blitz 2/1 

Pairing 3/3 :    SlowMate_v3.1  -  V7P3R_v10.2

PGN-File: C:\Program Files (x86)\Arena\Tournaments\Engine Battle 20250905.pgn

No:  B/W 1/2     W:B       1:2           Time        Value Moves Dep 1:2       1-2-Draws
  42 B 1    15.0:14.0      20.0:22.0     6:39:24 AM   -33.70    37 3.194 :4.407  6-8-28

--------------------------------------------------------------

Engine-Match Friday, September 5, 2025 6:39:26 AM
 Blitz 2/1 

Pairing 1/3 :    C0BR4_v2.9  -  SlowMate_v3.1

PGN-File: C:\Program Files (x86)\Arena\Tournaments\Engine Battle 20250905.pgn

No:  B/W 1/2     W:B       1:2           Time        Value Moves Dep 1:2       1-2-Draws
  43 W 1    5.5:4.5        31.5:11.5     6:40:39 AM   +36.06    18 4.000 :3.444  27-7-9

--------------------------------------------------------------

Engine-Match Friday, September 5, 2025 6:40:41 AM
 Blitz 2/1 

Pairing 2/3 :    V7P3R_v10.2  -  C0BR4_v2.9

PGN-File: C:\Program Files (x86)\Arena\Tournaments\Engine Battle 20250905.pgn

No:  B/W 1/2     W:B       1:2           Time        Value Moves Dep 1:2       1-2-Draws
  43 = =    9.0:9.0        18.0:25.0     6:42:52 AM    +4.80    32 4.609 :4.000  9-16-18

--------------------------------------------------------------

Engine-Match Friday, September 5, 2025 6:42:54 AM
 Blitz 2/1 

Pairing 3/3 :    SlowMate_v3.1  -  V7P3R_v10.2

PGN-File: C:\Program Files (x86)\Arena\Tournaments\Engine Battle 20250905.pgn

No:  B/W 1/2     W:B       1:2           Time        Value Moves Dep 1:2       1-2-Draws
  43 B 2    15.0:14.0      20.0:23.0     6:44:54 AM   -24.09    18 3.333 :4.583  6-9-28

--------------------------------------------------------------

Engine-Match Friday, September 5, 2025 6:44:55 AM
 Blitz 2/1 

Pairing 1/3 :    C0BR4_v2.9  -  SlowMate_v3.1

PGN-File: C:\Program Files (x86)\Arena\Tournaments\Engine Battle 20250905.pgn

No:  B/W 1/2     W:B       1:2           Time        Value Moves Dep 1:2       1-2-Draws
  44 B 1    5.5:4.5        32.5:11.5     6:46:44 AM   -15.53    29 4.000 :3.034  28-7-9

--------------------------------------------------------------

Engine-Match Friday, September 5, 2025 6:46:46 AM
 Blitz 2/1 

Pairing 2/3 :    V7P3R_v10.2  -  C0BR4_v2.9

PGN-File: C:\Program Files (x86)\Arena\Tournaments\Engine Battle 20250905.pgn

No:  B/W 1/2     W:B       1:2           Time        Value Moves Dep 1:2       1-2-Draws
  44 W 2    10.0:9.0       18.0:26.0     6:49:02 AM  +299.97    41 4.409 :4.000  9-17-18

--------------------------------------------------------------

Engine-Match Friday, September 5, 2025 6:49:03 AM
 Blitz 2/1 

Pairing 3/3 :    SlowMate_v3.1  -  V7P3R_v10.2

PGN-File: C:\Program Files (x86)\Arena\Tournaments\Engine Battle 20250905.pgn

No:  B/W 1/2     W:B       1:2           Time        Value Moves Dep 1:2       1-2-Draws
  44 = =    14.5:14.5      20.5:23.5     6:53:37 AM    -8.73    58 3.278 :4.615  6-9-29

--------------------------------------------------------------

Engine-Match Friday, September 5, 2025 6:53:38 AM
 Blitz 2/1 

Pairing 1/3 :    C0BR4_v2.9  -  SlowMate_v3.1

PGN-File: C:\Program Files (x86)\Arena\Tournaments\Engine Battle 20250905.pgn

No:  B/W 1/2     W:B       1:2           Time        Value Moves Dep 1:2       1-2-Draws
  45 B 2    5.5:4.5        32.5:12.5     6:56:49 AM   -10.22    59 4.000 :3.147  28-8-9

--------------------------------------------------------------

Engine-Match Friday, September 5, 2025 6:56:50 AM
 Blitz 2/1 

Pairing 2/3 :    V7P3R_v10.2  -  C0BR4_v2.9

PGN-File: C:\Program Files (x86)\Arena\Tournaments\Engine Battle 20250905.pgn

No:  B/W 1/2     W:B       1:2           Time        Value Moves Dep 1:2       1-2-Draws
  45 = =    9.5:9.5        18.5:26.5     6:58:49 AM    +3.19    33 4.867 :4.000  9-17-19

--------------------------------------------------------------

Engine-Match Friday, September 5, 2025 6:58:51 AM
 Blitz 2/1 

Pairing 3/3 :    SlowMate_v3.1  -  V7P3R_v10.2

PGN-File: C:\Program Files (x86)\Arena\Tournaments\Engine Battle 20250905.pgn

No:  B/W 1/2     W:B       1:2           Time        Value Moves Dep 1:2       1-2-Draws
  45 = =    15.0:15.0      21.0:24.0     7:02:44 AM     0.00    45 3.267 :4.400  6-9-30

--------------------------------------------------------------

Engine-Match Friday, September 5, 2025 7:02:45 AM
 Blitz 2/1 

Pairing 1/3 :    C0BR4_v2.9  -  SlowMate_v3.1

PGN-File: C:\Program Files (x86)\Arena\Tournaments\Engine Battle 20250905.pgn

No:  B/W 1/2     W:B       1:2           Time        Value Moves Dep 1:2       1-2-Draws
  46 B 1    5.5:4.5        33.5:12.5     7:05:34 AM    -9.75    51 4.000 :3.238  29-8-9

--------------------------------------------------------------

Engine-Match Friday, September 5, 2025 7:05:36 AM
 Blitz 2/1 

Pairing 2/3 :    V7P3R_v10.2  -  C0BR4_v2.9

PGN-File: C:\Program Files (x86)\Arena\Tournaments\Engine Battle 20250905.pgn

No:  B/W 1/2     W:B       1:2           Time        Value Moves Dep 1:2       1-2-Draws
  46 W 2    10.5:9.5       18.5:27.5     7:06:59 AM   +10.40    21 4.533 :4.000  9-18-19

--------------------------------------------------------------

Engine-Match Friday, September 5, 2025 7:07:00 AM
 Blitz 2/1 

Pairing 3/3 :    SlowMate_v3.1  -  V7P3R_v10.2

PGN-File: C:\Program Files (x86)\Arena\Tournaments\Engine Battle 20250905.pgn

No:  B/W 1/2     W:B       1:2           Time        Value Moves Dep 1:2       1-2-Draws
  46 B 1    16.0:15.0      22.0:24.0     7:10:58 AM   -16.80    42 2.829 :4.063  7-9-30

--------------------------------------------------------------

Engine-Match Friday, September 5, 2025 7:10:59 AM
 Blitz 2/1 

Pairing 1/3 :    C0BR4_v2.9  -  SlowMate_v3.1

PGN-File: C:\Program Files (x86)\Arena\Tournaments\Engine Battle 20250905.pgn

No:  B/W 1/2     W:B       1:2           Time        Value Moves Dep 1:2       1-2-Draws
  47 W 1    5.5:4.5        34.5:12.5     7:12:12 AM   +36.06    18 4.000 :3.444  30-8-9

--------------------------------------------------------------

Engine-Match Friday, September 5, 2025 7:12:14 AM
 Blitz 2/1 

Pairing 2/3 :    V7P3R_v10.2  -  C0BR4_v2.9

PGN-File: C:\Program Files (x86)\Arena\Tournaments\Engine Battle 20250905.pgn

No:  B/W 1/2     W:B       1:2           Time        Value Moves Dep 1:2       1-2-Draws
  47 W 1    10.5:9.5       19.5:27.5     7:13:37 AM  +289.98    23 4.500 :4.000  10-18-19

--------------------------------------------------------------

Engine-Match Friday, September 5, 2025 7:13:43 AM
 Blitz 2/1 

Pairing 3/3 :    SlowMate_v3.1  -  V7P3R_v10.2

PGN-File: C:\Program Files (x86)\Arena\Tournaments\Engine Battle 20250905.pgn

No:  B/W 1/2     W:B       1:2           Time        Value Moves Dep 1:2       1-2-Draws
  47 = =    15.5:15.5      22.5:24.5     7:17:54 AM    -1.73    53 3.267 :4.400  7-9-31

--------------------------------------------------------------

Engine-Match Friday, September 5, 2025 7:17:55 AM
 Blitz 2/1 

Pairing 1/3 :    C0BR4_v2.9  -  SlowMate_v3.1

PGN-File: C:\Program Files (x86)\Arena\Tournaments\Engine Battle 20250905.pgn

No:  B/W 1/2     W:B       1:2           Time        Value Moves Dep 1:2       1-2-Draws
  48 = =    5.0:5.0        35.0:13.0     7:19:52 AM    +3.44    35 4.000 :3.345  30-8-10

--------------------------------------------------------------

Engine-Match Friday, September 5, 2025 7:19:54 AM
 Blitz 2/1 

Pairing 2/3 :    V7P3R_v10.2  -  C0BR4_v2.9

PGN-File: C:\Program Files (x86)\Arena\Tournaments\Engine Battle 20250905.pgn

No:  B/W 1/2     W:B       1:2           Time        Value Moves Dep 1:2       1-2-Draws
  48 W 2    10.5:9.5       19.5:28.5     7:21:19 AM  +299.97    27 4.412 :4.000  10-19-19

--------------------------------------------------------------

Engine-Match Friday, September 5, 2025 7:21:20 AM
 Blitz 2/1 

Pairing 3/3 :    SlowMate_v3.1  -  V7P3R_v10.2

PGN-File: C:\Program Files (x86)\Arena\Tournaments\Engine Battle 20250905.pgn

No:  B/W 1/2     W:B       1:2           Time        Value Moves Dep 1:2       1-2-Draws
  48 = =    16.0:16.0      23.0:25.0     7:25:25 AM    -3.29    44 2.842 :3.906  7-9-32

--------------------------------------------------------------

Engine-Match Friday, September 5, 2025 7:25:26 AM
 Blitz 2/1 

Pairing 1/3 :    C0BR4_v2.9  -  SlowMate_v3.1

PGN-File: C:\Program Files (x86)\Arena\Tournaments\Engine Battle 20250905.pgn

No:  B/W 1/2     W:B       1:2           Time        Value Moves Dep 1:2       1-2-Draws
  49 = =    5.5:5.5        35.5:13.5     7:26:12 AM   +11.31    12 4.000 :3.545  30-8-11

--------------------------------------------------------------

Engine-Match Friday, September 5, 2025 7:26:14 AM
 Blitz 2/1 

Pairing 2/3 :    V7P3R_v10.2  -  C0BR4_v2.9

PGN-File: C:\Program Files (x86)\Arena\Tournaments\Engine Battle 20250905.pgn

No:  B/W 1/2     W:B       1:2           Time        Value Moves Dep 1:2       1-2-Draws
  49 W 1    10.5:9.5       20.5:28.5     7:27:57 AM     0.00    47 4.875 :4.000  11-19-19

--------------------------------------------------------------

Engine-Match Friday, September 5, 2025 7:27:58 AM
 Blitz 2/1 

Pairing 3/3 :    SlowMate_v3.1  -  V7P3R_v10.2

PGN-File: C:\Program Files (x86)\Arena\Tournaments\Engine Battle 20250905.pgn

No:  B/W 1/2     W:B       1:2           Time        Value Moves Dep 1:2       1-2-Draws
  49 = =    16.5:16.5      23.5:25.5     7:31:19 AM    +1.50    37 3.267 :4.400  7-9-33

--------------------------------------------------------------

Engine-Match Friday, September 5, 2025 7:31:20 AM
 Blitz 2/1 

Pairing 1/3 :    C0BR4_v2.9  -  SlowMate_v3.1

PGN-File: C:\Program Files (x86)\Arena\Tournaments\Engine Battle 20250905.pgn

No:  B/W 1/2     W:B       1:2           Time        Value Moves Dep 1:2       1-2-Draws
  50 B 1    6.5:5.5        36.5:13.5     7:34:09 AM    -9.75    51 4.000 :3.286  31-8-11

--------------------------------------------------------------

Engine-Match Friday, September 5, 2025 7:34:10 AM
 Blitz 2/1 

Pairing 2/3 :    V7P3R_v10.2  -  C0BR4_v2.9

PGN-File: C:\Program Files (x86)\Arena\Tournaments\Engine Battle 20250905.pgn

No:  B/W 1/2     W:B       1:2           Time        Value Moves Dep 1:2       1-2-Draws
  50 W 2    10.5:9.5       20.5:29.5     7:36:10 AM  +299.97    42 4.429 :4.000  11-20-19

--------------------------------------------------------------

Engine-Match Friday, September 5, 2025 7:36:12 AM
 Blitz 2/1 

Pairing 3/3 :    SlowMate_v3.1  -  V7P3R_v10.2

PGN-File: C:\Program Files (x86)\Arena\Tournaments\Engine Battle 20250905.pgn

No:  B/W 1/2     W:B       1:2           Time        Value Moves Dep 1:2       1-2-Draws
  50 = =    17.0:17.0      24.0:26.0     7:40:00 AM    +0.84    40 3.074 :4.158  7-9-34

--------------------------------------------------------------

Engine-Match Friday, September 5, 2025 7:40:01 AM
 Blitz 2/1 

Pairing 1/3 :    C0BR4_v2.9  -  SlowMate_v3.1

PGN-File: C:\Program Files (x86)\Arena\Tournaments\Engine Battle 20250905.pgn

No:  B/W 1/2     W:B       1:2           Time        Value Moves Dep 1:2       1-2-Draws
  51 = =    6.0:6.0        37.0:14.0     7:40:47 AM   +11.31    12 4.000 :3.545  31-8-12

--------------------------------------------------------------

Engine-Match Friday, September 5, 2025 7:40:48 AM
 Blitz 2/1 

Pairing 2/3 :    V7P3R_v10.2  -  C0BR4_v2.9

PGN-File: C:\Program Files (x86)\Arena\Tournaments\Engine Battle 20250905.pgn

No:  B/W 1/2     W:B       1:2           Time        Value Moves Dep 1:2       1-2-Draws
  51 = =    10.0:10.0      21.0:30.0     7:43:16 AM    -6.40    40 4.333 :4.000  11-20-20

--------------------------------------------------------------

Engine-Match Friday, September 5, 2025 7:43:17 AM
 Blitz 2/1 

Pairing 3/3 :    SlowMate_v3.1  -  V7P3R_v10.2

PGN-File: C:\Program Files (x86)\Arena\Tournaments\Engine Battle 20250905.pgn

No:  B/W 1/2     W:B       1:2           Time        Value Moves Dep 1:2       1-2-Draws
  51 B 2    18.0:17.0      24.0:27.0     7:47:13 AM  -289.99    46 3.267 :4.400  7-10-34

--------------------------------------------------------------

Engine-Match Friday, September 5, 2025 7:47:15 AM
 Blitz 2/1 

Pairing 1/3 :    C0BR4_v2.9  -  SlowMate_v3.1

PGN-File: C:\Program Files (x86)\Arena\Tournaments\Engine Battle 20250905.pgn

No:  B/W 1/2     W:B       1:2           Time        Value Moves Dep 1:2       1-2-Draws
  52 B 1    7.0:6.0        38.0:14.0     7:50:37 AM   -12.00    69 4.000 :3.273  32-8-12

--------------------------------------------------------------

Engine-Match Friday, September 5, 2025 7:50:38 AM
 Blitz 2/1 

Pairing 2/3 :    V7P3R_v10.2  -  C0BR4_v2.9

PGN-File: C:\Program Files (x86)\Arena\Tournaments\Engine Battle 20250905.pgn

No:  B/W 1/2     W:B       1:2           Time        Value Moves Dep 1:2       1-2-Draws
  52 = =    10.5:10.5      21.5:30.5     7:52:24 AM    +1.28    52 4.500 :4.000  11-20-21

--------------------------------------------------------------

Engine-Match Friday, September 5, 2025 7:52:25 AM
 Blitz 2/1 

Pairing 3/3 :    SlowMate_v3.1  -  V7P3R_v10.2

PGN-File: C:\Program Files (x86)\Arena\Tournaments\Engine Battle 20250905.pgn

No:  B/W 1/2     W:B       1:2           Time        Value Moves Dep 1:2       1-2-Draws
  52 = =    17.5:17.5      24.5:27.5     7:56:51 AM    -3.34    50 3.028 :4.185  7-10-35

--------------------------------------------------------------

Engine-Match Friday, September 5, 2025 7:56:53 AM
 Blitz 2/1 

Pairing 1/3 :    C0BR4_v2.9  -  SlowMate_v3.1

PGN-File: C:\Program Files (x86)\Arena\Tournaments\Engine Battle 20250905.pgn

No:  B/W 1/2     W:B       1:2           Time        Value Moves Dep 1:2       1-2-Draws
  53 B 2    7.0:6.0        38.0:15.0     8:00:04 AM   -10.22    59 4.000 :3.118  32-9-12

--------------------------------------------------------------

Engine-Match Friday, September 5, 2025 8:00:05 AM
 Blitz 2/1 

Pairing 2/3 :    V7P3R_v10.2  -  C0BR4_v2.9

PGN-File: C:\Program Files (x86)\Arena\Tournaments\Engine Battle 20250905.pgn

No:  B/W 1/2     W:B       1:2           Time        Value Moves Dep 1:2       1-2-Draws
  53 B 2    11.5:10.5      21.5:31.5     8:02:10 AM  -299.97    42 4.458 :4.000  11-21-21

--------------------------------------------------------------

Engine-Match Friday, September 5, 2025 8:02:11 AM
 Blitz 2/1 

Pairing 3/3 :    SlowMate_v3.1  -  V7P3R_v10.2

PGN-File: C:\Program Files (x86)\Arena\Tournaments\Engine Battle 20250905.pgn

No:  B/W 1/2     W:B       1:2           Time        Value Moves Dep 1:2       1-2-Draws
  53 = =    18.0:18.0      25.0:28.0     8:06:05 AM     0.00    45 3.267 :4.400  7-10-36

--------------------------------------------------------------

Engine-Match Friday, September 5, 2025 8:06:06 AM
 Blitz 2/1 

Pairing 1/3 :    C0BR4_v2.9  -  SlowMate_v3.1

PGN-File: C:\Program Files (x86)\Arena\Tournaments\Engine Battle 20250905.pgn

No:  B/W 1/2     W:B       1:2           Time        Value Moves Dep 1:2       1-2-Draws
  54 = =    6.5:6.5        38.5:15.5     8:09:02 AM    -3.02    57 4.000 :3.273  32-9-13

--------------------------------------------------------------

Engine-Match Friday, September 5, 2025 8:09:08 AM
 Blitz 2/1 

Pairing 2/3 :    V7P3R_v10.2  -  C0BR4_v2.9

PGN-File: C:\Program Files (x86)\Arena\Tournaments\Engine Battle 20250905.pgn

No:  B/W 1/2     W:B       1:2           Time        Value Moves Dep 1:2       1-2-Draws
  54 W 2    11.5:10.5      21.5:32.5     8:10:36 AM  +299.97    27 4.471 :4.000  11-22-21

--------------------------------------------------------------

Engine-Match Friday, September 5, 2025 8:10:37 AM
 Blitz 2/1 

Pairing 3/3 :    SlowMate_v3.1  -  V7P3R_v10.2

PGN-File: C:\Program Files (x86)\Arena\Tournaments\Engine Battle 20250905.pgn

No:  B/W 1/2     W:B       1:2           Time        Value Moves Dep 1:2       1-2-Draws
  54 W 2    19.0:18.0      25.0:29.0     8:15:33 AM   +26.72    62 3.139 :4.250  7-11-36

--------------------------------------------------------------

Engine-Match Friday, September 5, 2025 8:15:34 AM
 Blitz 2/1 

Pairing 1/3 :    C0BR4_v2.9  -  SlowMate_v3.1

PGN-File: C:\Program Files (x86)\Arena\Tournaments\Engine Battle 20250905.pgn

No:  B/W 1/2     W:B       1:2           Time        Value Moves Dep 1:2       1-2-Draws
  55 = =    7.0:7.0        39.0:16.0     8:17:23 AM    -1.14    30 4.000 :3.276  32-9-14

--------------------------------------------------------------

Engine-Match Friday, September 5, 2025 8:17:24 AM
 Blitz 2/1 

Pairing 2/3 :    V7P3R_v10.2  -  C0BR4_v2.9

PGN-File: C:\Program Files (x86)\Arena\Tournaments\Engine Battle 20250905.pgn

No:  B/W 1/2     W:B       1:2           Time        Value Moves Dep 1:2       1-2-Draws
  55 = =    11.0:11.0      22.0:33.0     8:19:22 AM    -7.54    34 4.269 :4.000  11-22-22

--------------------------------------------------------------

Engine-Match Friday, September 5, 2025 8:19:23 AM
 Blitz 2/1 

Pairing 3/3 :    SlowMate_v3.1  -  V7P3R_v10.2

PGN-File: C:\Program Files (x86)\Arena\Tournaments\Engine Battle 20250905.pgn

No:  B/W 1/2     W:B       1:2           Time        Value Moves Dep 1:2       1-2-Draws
  55 = =    18.5:18.5      25.5:29.5     8:22:41 AM    +1.50    37 3.267 :4.400  7-11-37

--------------------------------------------------------------

Engine-Match Friday, September 5, 2025 8:22:42 AM
 Blitz 2/1 

Pairing 1/3 :    C0BR4_v2.9  -  SlowMate_v3.1

PGN-File: C:\Program Files (x86)\Arena\Tournaments\Engine Battle 20250905.pgn

No:  B/W 1/2     W:B       1:2           Time        Value Moves Dep 1:2       1-2-Draws
  56 = =    7.5:7.5        39.5:16.5     8:24:42 AM    -4.35    30 4.000 :3.167  32-9-15

--------------------------------------------------------------

Engine-Match Friday, September 5, 2025 8:24:44 AM
 Blitz 2/1 

Pairing 2/3 :    V7P3R_v10.2  -  C0BR4_v2.9

PGN-File: C:\Program Files (x86)\Arena\Tournaments\Engine Battle 20250905.pgn

No:  B/W 1/2     W:B       1:2           Time        Value Moves Dep 1:2       1-2-Draws
  56 W 2    12.0:11.0      22.0:34.0     8:25:50 AM   +11.60    20 4.400 :4.000  11-23-22

--------------------------------------------------------------

Engine-Match Friday, September 5, 2025 8:25:52 AM
 Blitz 2/1 

Pairing 3/3 :    SlowMate_v3.1  -  V7P3R_v10.2

PGN-File: C:\Program Files (x86)\Arena\Tournaments\Engine Battle 20250905.pgn

No:  B/W 1/2     W:B       1:2           Time        Value Moves Dep 1:2       1-2-Draws
  56 = =    19.0:19.0      26.0:30.0     8:30:20 AM    +6.55    56 3.143 :4.115  7-11-38

--------------------------------------------------------------

Engine-Match Friday, September 5, 2025 8:30:21 AM
 Blitz 2/1 

Pairing 1/3 :    C0BR4_v2.9  -  SlowMate_v3.1

PGN-File: C:\Program Files (x86)\Arena\Tournaments\Engine Battle 20250905.pgn

No:  B/W 1/2     W:B       1:2           Time        Value Moves Dep 1:2       1-2-Draws
  57 = =    8.0:8.0        40.0:17.0     8:32:10 AM    -1.14    30 4.000 :3.276  32-9-16

--------------------------------------------------------------

Engine-Match Friday, September 5, 2025 8:32:12 AM
 Blitz 2/1 

Pairing 2/3 :    V7P3R_v10.2  -  C0BR4_v2.9

PGN-File: C:\Program Files (x86)\Arena\Tournaments\Engine Battle 20250905.pgn

No:  B/W 1/2     W:B       1:2           Time        Value Moves Dep 1:2       1-2-Draws
  57 B 2    12.0:11.0      22.0:35.0     8:34:01 AM  -299.97    31 4.619 :3.931  11-24-22

--------------------------------------------------------------

Engine-Match Friday, September 5, 2025 8:34:02 AM
 Blitz 2/1 

Pairing 3/3 :    SlowMate_v3.1  -  V7P3R_v10.2

PGN-File: C:\Program Files (x86)\Arena\Tournaments\Engine Battle 20250905.pgn

No:  B/W 1/2     W:B       1:2           Time        Value Moves Dep 1:2       1-2-Draws
  57 = =    19.5:19.5      26.5:30.5     8:37:19 AM    +1.50    37 3.267 :4.400  7-11-39

--------------------------------------------------------------

Engine-Match Friday, September 5, 2025 8:37:21 AM
 Blitz 2/1 

Pairing 1/3 :    C0BR4_v2.9  -  SlowMate_v3.1

PGN-File: C:\Program Files (x86)\Arena\Tournaments\Engine Battle 20250905.pgn

No:  B/W 1/2     W:B       1:2           Time        Value Moves Dep 1:2       1-2-Draws
  58 = =    8.5:8.5        40.5:17.5     8:39:29 AM    -9.38    38 4.000 :3.421  32-9-17

--------------------------------------------------------------

Engine-Match Friday, September 5, 2025 8:39:31 AM
 Blitz 2/1 

Pairing 2/3 :    V7P3R_v10.2  -  C0BR4_v2.9

PGN-File: C:\Program Files (x86)\Arena\Tournaments\Engine Battle 20250905.pgn

No:  B/W 1/2     W:B       1:2           Time        Value Moves Dep 1:2       1-2-Draws
  58 W 2    12.0:11.0      22.0:36.0     8:40:37 AM   +11.60    20 4.400 :4.000  11-25-22

--------------------------------------------------------------

Engine-Match Friday, September 5, 2025 8:40:38 AM
 Blitz 2/1 

Pairing 3/3 :    SlowMate_v3.1  -  V7P3R_v10.2

PGN-File: C:\Program Files (x86)\Arena\Tournaments\Engine Battle 20250905.pgn

No:  B/W 1/2     W:B       1:2           Time        Value Moves Dep 1:2       1-2-Draws
  58 = =    20.0:20.0      27.0:31.0     8:45:36 AM    +1.75    63 3.361 :4.280  7-11-40

--------------------------------------------------------------

Engine-Match Friday, September 5, 2025 8:45:37 AM
 Blitz 2/1 

Pairing 1/3 :    C0BR4_v2.9  -  SlowMate_v3.1

PGN-File: C:\Program Files (x86)\Arena\Tournaments\Engine Battle 20250905.pgn

No:  B/W 1/2     W:B       1:2           Time        Value Moves Dep 1:2       1-2-Draws
  59 W 1    9.5:8.5        41.5:17.5     8:46:50 AM   +36.06    18 4.000 :3.444  33-9-17

--------------------------------------------------------------

Engine-Match Friday, September 5, 2025 8:46:51 AM
 Blitz 2/1 

Pairing 2/3 :    V7P3R_v10.2  -  C0BR4_v2.9

PGN-File: C:\Program Files (x86)\Arena\Tournaments\Engine Battle 20250905.pgn

No:  B/W 1/2     W:B       1:2           Time        Value Moves Dep 1:2       1-2-Draws
  59 = =    11.5:11.5      22.5:36.5     8:48:49 AM    -7.54    34 4.269 :4.000  11-25-23

--------------------------------------------------------------

Engine-Match Friday, September 5, 2025 8:48:50 AM
 Blitz 2/1 

Pairing 3/3 :    SlowMate_v3.1  -  V7P3R_v10.2

PGN-File: C:\Program Files (x86)\Arena\Tournaments\Engine Battle 20250905.pgn

No:  B/W 1/2     W:B       1:2           Time        Value Moves Dep 1:2       1-2-Draws
  59 = =    20.5:20.5      27.5:31.5     8:52:08 AM    +1.50    37 3.267 :4.400  7-11-41

--------------------------------------------------------------

Engine-Match Friday, September 5, 2025 8:52:09 AM
 Blitz 2/1 

Pairing 1/3 :    C0BR4_v2.9  -  SlowMate_v3.1

PGN-File: C:\Program Files (x86)\Arena\Tournaments\Engine Battle 20250905.pgn

No:  B/W 1/2     W:B       1:2           Time        Value Moves Dep 1:2       1-2-Draws
  60 W 2    9.5:8.5        41.5:18.5     8:54:25 AM   +10.98    40 4.000 :3.241  33-10-17

--------------------------------------------------------------

Engine-Match Friday, September 5, 2025 8:54:26 AM
 Blitz 2/1 

Pairing 2/3 :    V7P3R_v10.2  -  C0BR4_v2.9

PGN-File: C:\Program Files (x86)\Arena\Tournaments\Engine Battle 20250905.pgn

No:  B/W 1/2     W:B       1:2           Time        Value Moves Dep 1:2       1-2-Draws
  60 W 2    12.5:11.5      22.5:37.5     8:55:33 AM   +11.60    20 4.400 :4.000  11-26-23

--------------------------------------------------------------

Engine-Match Friday, September 5, 2025 8:55:34 AM
 Blitz 2/1 

Pairing 3/3 :    SlowMate_v3.1  -  V7P3R_v10.2

PGN-File: C:\Program Files (x86)\Arena\Tournaments\Engine Battle 20250905.pgn

No:  B/W 1/2     W:B       1:2           Time        Value Moves Dep 1:2       1-2-Draws
  60 = =    21.0:21.0      28.0:32.0     9:00:30 AM    +1.75    63 3.333 :4.280  7-11-42

--------------------------------------------------------------

Engine-Match Friday, September 5, 2025 9:00:37 AM
 Blitz 2/1 

Pairing 1/3 :    C0BR4_v2.9  -  SlowMate_v3.1

PGN-File: C:\Program Files (x86)\Arena\Tournaments\Engine Battle 20250905.pgn

No:  B/W 1/2     W:B       1:2           Time        Value Moves Dep 1:2       1-2-Draws
  61 B 2    9.5:8.5        41.5:19.5     9:03:45 AM   -10.35    59 4.000 :3.147  33-11-17

--------------------------------------------------------------

Engine-Match Friday, September 5, 2025 9:03:46 AM
 Blitz 2/1 

Pairing 2/3 :    V7P3R_v10.2  -  C0BR4_v2.9

PGN-File: C:\Program Files (x86)\Arena\Tournaments\Engine Battle 20250905.pgn

No:  B/W 1/2     W:B       1:2           Time        Value Moves Dep 1:2       1-2-Draws
  61 W 1    12.5:11.5      23.5:37.5     9:05:31 AM   +12.18    32 5.000 :4.000  12-26-23

--------------------------------------------------------------

Engine-Match Friday, September 5, 2025 9:05:32 AM
 Blitz 2/1 

Pairing 3/3 :    SlowMate_v3.1  -  V7P3R_v10.2

PGN-File: C:\Program Files (x86)\Arena\Tournaments\Engine Battle 20250905.pgn

No:  B/W 1/2     W:B       1:2           Time        Value Moves Dep 1:2       1-2-Draws
  61 = =    21.5:21.5      28.5:32.5     9:08:51 AM    +1.50    37 3.267 :4.400  7-11-43

--------------------------------------------------------------

Engine-Match Friday, September 5, 2025 9:08:53 AM
 Blitz 2/1 

Pairing 1/3 :    C0BR4_v2.9  -  SlowMate_v3.1

PGN-File: C:\Program Files (x86)\Arena\Tournaments\Engine Battle 20250905.pgn

No:  B/W 1/2     W:B       1:2           Time        Value Moves Dep 1:2       1-2-Draws
  62 = =    9.0:9.0        42.0:20.0     9:10:53 AM    -4.35    30 4.000 :3.167  33-11-18

--------------------------------------------------------------

Engine-Match Friday, September 5, 2025 9:10:54 AM
 Blitz 2/1 

Pairing 2/3 :    V7P3R_v10.2  -  C0BR4_v2.9

PGN-File: C:\Program Files (x86)\Arena\Tournaments\Engine Battle 20250905.pgn

No:  B/W 1/2     W:B       1:2           Time        Value Moves Dep 1:2       1-2-Draws
  62 = =    12.0:12.0      24.0:38.0     9:12:28 AM     0.00    36 5.000 :4.000  12-26-24

--------------------------------------------------------------

Engine-Match Friday, September 5, 2025 9:12:29 AM
 Blitz 2/1 

Pairing 3/3 :    SlowMate_v3.1  -  V7P3R_v10.2

PGN-File: C:\Program Files (x86)\Arena\Tournaments\Engine Battle 20250905.pgn

No:  B/W 1/2     W:B       1:2           Time        Value Moves Dep 1:2       1-2-Draws
  62 W 2    22.5:21.5      28.5:33.5     9:17:18 AM   +20.46    59 3.158 :4.250  7-12-43

--------------------------------------------------------------

Engine-Match Friday, September 5, 2025 9:17:19 AM
 Blitz 2/1 

Pairing 1/3 :    C0BR4_v2.9  -  SlowMate_v3.1

PGN-File: C:\Program Files (x86)\Arena\Tournaments\Engine Battle 20250905.pgn

No:  B/W 1/2     W:B       1:2           Time        Value Moves Dep 1:2       1-2-Draws
  63 = =    9.5:9.5        42.5:20.5     9:18:05 AM   +11.31    12 4.000 :3.545  33-11-19

--------------------------------------------------------------

Engine-Match Friday, September 5, 2025 9:18:06 AM
 Blitz 2/1 

Pairing 2/3 :    V7P3R_v10.2  -  C0BR4_v2.9

PGN-File: C:\Program Files (x86)\Arena\Tournaments\Engine Battle 20250905.pgn

No:  B/W 1/2     W:B       1:2           Time        Value Moves Dep 1:2       1-2-Draws
  63 = =    12.5:12.5      24.5:38.5     9:21:11 AM    +0.20    51 4.259 :4.000  12-26-25

--------------------------------------------------------------

Engine-Match Friday, September 5, 2025 9:21:13 AM
 Blitz 2/1 

Pairing 3/3 :    SlowMate_v3.1  -  V7P3R_v10.2

PGN-File: C:\Program Files (x86)\Arena\Tournaments\Engine Battle 20250905.pgn

No:  B/W 1/2     W:B       1:2           Time        Value Moves Dep 1:2       1-2-Draws
  63 = =    22.0:22.0      29.0:34.0     9:24:30 AM    +1.50    37 3.267 :4.400  7-12-44

--------------------------------------------------------------

Engine-Match Friday, September 5, 2025 9:24:31 AM
 Blitz 2/1 

Pairing 1/3 :    C0BR4_v2.9  -  SlowMate_v3.1

PGN-File: C:\Program Files (x86)\Arena\Tournaments\Engine Battle 20250905.pgn

No:  B/W 1/2     W:B       1:2           Time        Value Moves Dep 1:2       1-2-Draws
  64 = =    10.0:10.0      43.0:21.0     9:26:31 AM    -4.35    30 4.000 :3.167  33-11-20

--------------------------------------------------------------

Engine-Match Friday, September 5, 2025 9:26:33 AM
 Blitz 2/1 

Pairing 2/3 :    V7P3R_v10.2  -  C0BR4_v2.9

PGN-File: C:\Program Files (x86)\Arena\Tournaments\Engine Battle 20250905.pgn

No:  B/W 1/2     W:B       1:2           Time        Value Moves Dep 1:2       1-2-Draws
  64 = =    13.0:13.0      25.0:39.0     9:28:03 AM    +2.60    20 4.800 :4.000  12-26-26

--------------------------------------------------------------

Engine-Match Friday, September 5, 2025 9:28:04 AM
 Blitz 2/1 

Pairing 3/3 :    SlowMate_v3.1  -  V7P3R_v10.2

PGN-File: C:\Program Files (x86)\Arena\Tournaments\Engine Battle 20250905.pgn

No:  B/W 1/2     W:B       1:2           Time        Value Moves Dep 1:2       1-2-Draws
  64 = =    22.5:22.5      29.5:34.5     9:33:01 AM    +1.75    63 3.333 :4.280  7-12-45

--------------------------------------------------------------

Engine-Match Friday, September 5, 2025 9:33:02 AM
 Blitz 2/1 

Pairing 1/3 :    C0BR4_v2.9  -  SlowMate_v3.1

PGN-File: C:\Program Files (x86)\Arena\Tournaments\Engine Battle 20250905.pgn

No:  B/W 1/2     W:B       1:2           Time        Value Moves Dep 1:2       1-2-Draws
  65 = =    10.5:10.5      43.5:21.5     9:34:52 AM    -1.14    30 4.000 :3.276  33-11-21

--------------------------------------------------------------

Engine-Match Friday, September 5, 2025 9:34:53 AM
 Blitz 2/1 

Pairing 2/3 :    V7P3R_v10.2  -  C0BR4_v2.9

PGN-File: C:\Program Files (x86)\Arena\Tournaments\Engine Battle 20250905.pgn

No:  B/W 1/2     W:B       1:2           Time        Value Moves Dep 1:2       1-2-Draws
  65 = =    13.5:13.5      25.5:39.5     9:36:43 AM    +0.72    40 4.900 :4.000  12-26-27

--------------------------------------------------------------

Engine-Match Friday, September 5, 2025 9:36:44 AM
 Blitz 2/1 

Pairing 3/3 :    SlowMate_v3.1  -  V7P3R_v10.2

PGN-File: C:\Program Files (x86)\Arena\Tournaments\Engine Battle 20250905.pgn

No:  B/W 1/2     W:B       1:2           Time        Value Moves Dep 1:2       1-2-Draws
  65 = =    23.0:23.0      30.0:35.0     9:40:02 AM    +1.50    37 3.267 :4.400  7-12-46

--------------------------------------------------------------

Engine-Match Friday, September 5, 2025 9:40:03 AM
 Blitz 2/1 

Pairing 1/3 :    C0BR4_v2.9  -  SlowMate_v3.1

PGN-File: C:\Program Files (x86)\Arena\Tournaments\Engine Battle 20250905.pgn

No:  B/W 1/2     W:B       1:2           Time        Value Moves Dep 1:2       1-2-Draws
  66 B 1    11.5:10.5      44.5:21.5     9:42:31 AM  -299.97    43 4.000 :3.279  34-11-21

--------------------------------------------------------------

Engine-Match Friday, September 5, 2025 9:42:33 AM
 Blitz 2/1 

Pairing 2/3 :    V7P3R_v10.2  -  C0BR4_v2.9

PGN-File: C:\Program Files (x86)\Arena\Tournaments\Engine Battle 20250905.pgn

No:  B/W 1/2     W:B       1:2           Time        Value Moves Dep 1:2       1-2-Draws
  66 W 2    14.5:13.5      25.5:40.5     9:44:02 AM  +299.97    27 4.471 :4.000  12-27-27

--------------------------------------------------------------

Engine-Match Friday, September 5, 2025 9:44:03 AM
 Blitz 2/1 

Pairing 3/3 :    SlowMate_v3.1  -  V7P3R_v10.2

PGN-File: C:\Program Files (x86)\Arena\Tournaments\Engine Battle 20250905.pgn

No:  B/W 1/2     W:B       1:2           Time        Value Moves Dep 1:2       1-2-Draws
  66 W 2    24.0:23.0      30.0:36.0     9:48:59 AM   +26.72    62 3.139 :4.250  7-13-46

--------------------------------------------------------------

Engine-Match Friday, September 5, 2025 9:49:00 AM
 Blitz 2/1 

Pairing 1/3 :    C0BR4_v2.9  -  SlowMate_v3.1

PGN-File: C:\Program Files (x86)\Arena\Tournaments\Engine Battle 20250905.pgn

No:  B/W 1/2     W:B       1:2           Time        Value Moves Dep 1:2       1-2-Draws
  67 W 1    11.5:10.5      45.5:21.5     9:50:13 AM   +36.06    18 4.000 :3.444  35-11-21

--------------------------------------------------------------

Engine-Match Friday, September 5, 2025 9:50:14 AM
 Blitz 2/1 

Pairing 2/3 :    V7P3R_v10.2  -  C0BR4_v2.9

PGN-File: C:\Program Files (x86)\Arena\Tournaments\Engine Battle 20250905.pgn

No:  B/W 1/2     W:B       1:2           Time        Value Moves Dep 1:2       1-2-Draws
  67 = =    14.0:14.0      26.0:41.0     9:53:28 AM    +3.42    89 4.533 :4.000  12-27-28

--------------------------------------------------------------

Engine-Match Friday, September 5, 2025 9:53:34 AM
 Blitz 2/1 

Pairing 3/3 :    SlowMate_v3.1  -  V7P3R_v10.2

PGN-File: C:\Program Files (x86)\Arena\Tournaments\Engine Battle 20250905.pgn

No:  B/W 1/2     W:B       1:2           Time        Value Moves Dep 1:2       1-2-Draws
  67 = =    23.5:23.5      30.5:36.5     9:56:51 AM    +1.50    37 3.267 :4.400  7-13-47

--------------------------------------------------------------

Engine-Match Friday, September 5, 2025 9:56:53 AM
 Blitz 2/1 

Pairing 1/3 :    C0BR4_v2.9  -  SlowMate_v3.1

PGN-File: C:\Program Files (x86)\Arena\Tournaments\Engine Battle 20250905.pgn

No:  B/W 1/2     W:B       1:2           Time        Value Moves Dep 1:2       1-2-Draws
  68 B 1    11.5:10.5      46.5:21.5     9:58:41 AM   -15.53    29 4.000 :3.034  36-11-21

--------------------------------------------------------------

Engine-Match Friday, September 5, 2025 9:58:42 AM
 Blitz 2/1 

Pairing 2/3 :    V7P3R_v10.2  -  C0BR4_v2.9

PGN-File: C:\Program Files (x86)\Arena\Tournaments\Engine Battle 20250905.pgn

No:  B/W 1/2     W:B       1:2           Time        Value Moves Dep 1:2       1-2-Draws
  68 W 2    15.0:14.0      26.0:42.0     9:59:48 AM   +11.90    18 4.429 :4.000  12-28-28

--------------------------------------------------------------

Engine-Match Friday, September 5, 2025 9:59:49 AM
 Blitz 2/1 

Pairing 3/3 :    SlowMate_v3.1  -  V7P3R_v10.2

PGN-File: C:\Program Files (x86)\Arena\Tournaments\Engine Battle 20250905.pgn

No:  B/W 1/2     W:B       1:2           Time        Value Moves Dep 1:2       1-2-Draws
  68 = =    24.0:24.0      31.0:37.0     10:04:45 AM    +1.75    63 3.333 :4.280  7-13-48

--------------------------------------------------------------

Engine-Match Friday, September 5, 2025 10:04:47 AM
 Blitz 2/1 

Pairing 1/3 :    C0BR4_v2.9  -  SlowMate_v3.1

PGN-File: C:\Program Files (x86)\Arena\Tournaments\Engine Battle 20250905.pgn

No:  B/W 1/2     W:B       1:2           Time        Value Moves Dep 1:2       1-2-Draws
  69 = =    11.0:11.0      47.0:22.0     10:06:47 AM    -2.95    35 4.000 :3.200  36-11-22

--------------------------------------------------------------

Engine-Match Friday, September 5, 2025 10:06:48 AM
 Blitz 2/1 

Pairing 2/3 :    V7P3R_v10.2  -  C0BR4_v2.9

PGN-File: C:\Program Files (x86)\Arena\Tournaments\Engine Battle 20250905.pgn

No:  B/W 1/2     W:B       1:2           Time        Value Moves Dep 1:2       1-2-Draws
  69 = =    14.5:14.5      26.5:42.5     10:08:38 AM    +0.72    40 4.900 :4.000  12-28-29

--------------------------------------------------------------

Engine-Match Friday, September 5, 2025 10:08:39 AM
 Blitz 2/1 

Pairing 3/3 :    SlowMate_v3.1  -  V7P3R_v10.2

PGN-File: C:\Program Files (x86)\Arena\Tournaments\Engine Battle 20250905.pgn

No:  B/W 1/2     W:B       1:2           Time        Value Moves Dep 1:2       1-2-Draws
  69 = =    24.5:24.5      31.5:37.5     10:11:57 AM    +1.50    37 3.267 :4.400  7-13-49

--------------------------------------------------------------

Engine-Match Friday, September 5, 2025 10:11:58 AM
 Blitz 2/1 

Pairing 1/3 :    C0BR4_v2.9  -  SlowMate_v3.1

PGN-File: C:\Program Files (x86)\Arena\Tournaments\Engine Battle 20250905.pgn

No:  B/W 1/2     W:B       1:2           Time        Value Moves Dep 1:2       1-2-Draws
  70 B 1    12.0:11.0      48.0:22.0     10:14:26 AM  -299.97    43 4.000 :3.279  37-11-22

--------------------------------------------------------------

Engine-Match Friday, September 5, 2025 10:14:28 AM
 Blitz 2/1 

Pairing 2/3 :    V7P3R_v10.2  -  C0BR4_v2.9

PGN-File: C:\Program Files (x86)\Arena\Tournaments\Engine Battle 20250905.pgn

No:  B/W 1/2     W:B       1:2           Time        Value Moves Dep 1:2       1-2-Draws
  70 = =    15.0:15.0      27.0:43.0     10:17:13 AM    +1.40    80 4.438 :4.000  12-28-30

--------------------------------------------------------------

Engine-Match Friday, September 5, 2025 10:17:14 AM
 Blitz 2/1 

Pairing 3/3 :    SlowMate_v3.1  -  V7P3R_v10.2

PGN-File: C:\Program Files (x86)\Arena\Tournaments\Engine Battle 20250905.pgn

No:  B/W 1/2     W:B       1:2           Time        Value Moves Dep 1:2       1-2-Draws
  70 W 2    25.5:24.5      31.5:38.5     10:22:04 AM   +20.46    59 3.158 :4.250  7-14-49

--------------------------------------------------------------

Engine-Match Friday, September 5, 2025 10:22:05 AM
 Blitz 2/1 

Pairing 1/3 :    C0BR4_v2.9  -  SlowMate_v3.1

PGN-File: C:\Program Files (x86)\Arena\Tournaments\Engine Battle 20250905.pgn

No:  B/W 1/2     W:B       1:2           Time        Value Moves Dep 1:2       1-2-Draws
  71 B 2    12.0:11.0      48.0:23.0     10:25:14 AM   -10.35    59 4.000 :3.147  37-12-22

--------------------------------------------------------------

Engine-Match Friday, September 5, 2025 10:25:15 AM
 Blitz 2/1 

Pairing 2/3 :    V7P3R_v10.2  -  C0BR4_v2.9

PGN-File: C:\Program Files (x86)\Arena\Tournaments\Engine Battle 20250905.pgn

No:  B/W 1/2     W:B       1:2           Time        Value Moves Dep 1:2       1-2-Draws
  71 = =    15.5:15.5      27.5:43.5     10:27:36 AM    -6.40    40 4.333 :4.000  12-28-31

--------------------------------------------------------------

Engine-Match Friday, September 5, 2025 10:27:37 AM
 Blitz 2/1 

Pairing 3/3 :    SlowMate_v3.1  -  V7P3R_v10.2

PGN-File: C:\Program Files (x86)\Arena\Tournaments\Engine Battle 20250905.pgn

No:  B/W 1/2     W:B       1:2           Time        Value Moves Dep 1:2       1-2-Draws
  71 = =    25.0:25.0      32.0:39.0     10:30:54 AM    +1.50    37 3.267 :4.400  7-14-50

--------------------------------------------------------------

Engine-Match Friday, September 5, 2025 10:30:55 AM
 Blitz 2/1 

Pairing 1/3 :    C0BR4_v2.9  -  SlowMate_v3.1

PGN-File: C:\Program Files (x86)\Arena\Tournaments\Engine Battle 20250905.pgn

No:  B/W 1/2     W:B       1:2           Time        Value Moves Dep 1:2       1-2-Draws
  72 B 1    12.0:11.0      49.0:23.0     10:32:44 AM   -15.53    29 4.000 :3.034  38-12-22

--------------------------------------------------------------

Engine-Match Friday, September 5, 2025 10:32:45 AM
 Blitz 2/1 

Pairing 2/3 :    V7P3R_v10.2  -  C0BR4_v2.9

PGN-File: C:\Program Files (x86)\Arena\Tournaments\Engine Battle 20250905.pgn

No:  B/W 1/2     W:B       1:2           Time        Value Moves Dep 1:2       1-2-Draws
  72 = =    16.0:16.0      28.0:44.0     10:34:19 AM     0.00    36 5.000 :4.000  12-28-32

--------------------------------------------------------------

Engine-Match Friday, September 5, 2025 10:34:20 AM
 Blitz 2/1 

Pairing 3/3 :    SlowMate_v3.1  -  V7P3R_v10.2

PGN-File: C:\Program Files (x86)\Arena\Tournaments\Engine Battle 20250905.pgn

No:  B/W 1/2     W:B       1:2           Time        Value Moves Dep 1:2       1-2-Draws
  72 B 1    26.0:25.0      33.0:39.0     10:37:06 AM   -17.80    24 3.043 :4.158  8-14-50

--------------------------------------------------------------

Engine-Match Friday, September 5, 2025 10:37:08 AM
 Blitz 2/1 

Pairing 1/3 :    C0BR4_v2.9  -  SlowMate_v3.1

PGN-File: C:\Program Files (x86)\Arena\Tournaments\Engine Battle 20250905.pgn

No:  B/W 1/2     W:B       1:2           Time        Value Moves Dep 1:2       1-2-Draws
  73 W 1    12.0:11.0      50.0:23.0     10:40:11 AM  +299.97    40 3.947 :2.872  39-12-22

--------------------------------------------------------------

Engine-Match Friday, September 5, 2025 10:40:13 AM
 Blitz 2/1 

Pairing 2/3 :    V7P3R_v10.2  -  C0BR4_v2.9

PGN-File: C:\Program Files (x86)\Arena\Tournaments\Engine Battle 20250905.pgn

No:  B/W 1/2     W:B       1:2           Time        Value Moves Dep 1:2       1-2-Draws
  73 = =    16.5:16.5      28.5:44.5     10:41:49 AM    -1.00    26 4.353 :4.000  12-28-33

--------------------------------------------------------------

Engine-Match Friday, September 5, 2025 10:41:50 AM
 Blitz 2/1 

Pairing 3/3 :    SlowMate_v3.1  -  V7P3R_v10.2

PGN-File: C:\Program Files (x86)\Arena\Tournaments\Engine Battle 20250905.pgn

No:  B/W 1/2     W:B       1:2           Time        Value Moves Dep 1:2       1-2-Draws
  73 = =    25.5:25.5      33.5:39.5     10:45:12 AM    +1.50    37 3.267 :4.400  8-14-51

--------------------------------------------------------------

Engine-Match Friday, September 5, 2025 10:45:13 AM
 Blitz 2/1 

Pairing 1/3 :    C0BR4_v2.9  -  SlowMate_v3.1

PGN-File: C:\Program Files (x86)\Arena\Tournaments\Engine Battle 20250905.pgn

No:  B/W 1/2     W:B       1:2           Time        Value Moves Dep 1:2       1-2-Draws
  74 = =    11.5:11.5      50.5:23.5     10:48:50 AM    -3.90    59 4.000 :2.875  39-12-23

--------------------------------------------------------------

Engine-Match Friday, September 5, 2025 10:48:56 AM
 Blitz 2/1 

Pairing 2/3 :    V7P3R_v10.2  -  C0BR4_v2.9

PGN-File: C:\Program Files (x86)\Arena\Tournaments\Engine Battle 20250905.pgn

No:  B/W 1/2     W:B       1:2           Time        Value Moves Dep 1:2       1-2-Draws
  74 W 2    17.5:16.5      28.5:45.5     10:50:04 AM   +11.60    20 4.400 :4.000  12-29-33

--------------------------------------------------------------

Engine-Match Friday, September 5, 2025 10:50:05 AM
 Blitz 2/1 

Pairing 3/3 :    SlowMate_v3.1  -  V7P3R_v10.2

PGN-File: C:\Program Files (x86)\Arena\Tournaments\Engine Battle 20250905.pgn

No:  B/W 1/2     W:B       1:2           Time        Value Moves Dep 1:2       1-2-Draws
  74 = =    26.0:26.0      34.0:40.0     10:55:06 AM    -5.94    63 3.028 :4.111  8-14-52

--------------------------------------------------------------

Engine-Match Friday, September 5, 2025 10:55:08 AM
 Blitz 2/1 

Pairing 1/3 :    C0BR4_v2.9  -  SlowMate_v3.1

PGN-File: C:\Program Files (x86)\Arena\Tournaments\Engine Battle 20250905.pgn

No:  B/W 1/2     W:B       1:2           Time        Value Moves Dep 1:2       1-2-Draws
  75 W 1    12.5:11.5      51.5:23.5     10:56:20 AM   +36.06    18 4.000 :3.444  40-12-23

--------------------------------------------------------------

Engine-Match Friday, September 5, 2025 10:56:21 AM
 Blitz 2/1 

Pairing 2/3 :    V7P3R_v10.2  -  C0BR4_v2.9

PGN-File: C:\Program Files (x86)\Arena\Tournaments\Engine Battle 20250905.pgn

No:  B/W 1/2     W:B       1:2           Time        Value Moves Dep 1:2       1-2-Draws
  75 W 1    17.5:16.5      29.5:45.5     10:59:26 AM   +10.57    70 4.189 :4.000  13-29-33

--------------------------------------------------------------

Engine-Match Friday, September 5, 2025 10:59:27 AM
 Blitz 2/1 

Pairing 3/3 :    SlowMate_v3.1  -  V7P3R_v10.2

PGN-File: C:\Program Files (x86)\Arena\Tournaments\Engine Battle 20250905.pgn

No:  B/W 1/2     W:B       1:2           Time        Value Moves Dep 1:2       1-2-Draws
  75 = =    26.5:26.5      34.5:40.5     11:02:49 AM    +1.50    37 3.267 :4.400  8-14-53

--------------------------------------------------------------

Engine-Match Friday, September 5, 2025 11:02:51 AM
 Blitz 2/1 

Pairing 1/3 :    C0BR4_v2.9  -  SlowMate_v3.1

PGN-File: C:\Program Files (x86)\Arena\Tournaments\Engine Battle 20250905.pgn

No:  B/W 1/2     W:B       1:2           Time        Value Moves Dep 1:2       1-2-Draws
  76 B 1    12.5:11.5      52.5:23.5     11:04:39 AM   -15.53    29 4.000 :3.034  41-12-23

--------------------------------------------------------------

Engine-Match Friday, September 5, 2025 11:04:40 AM
 Blitz 2/1 

Pairing 2/3 :    V7P3R_v10.2  -  C0BR4_v2.9

PGN-File: C:\Program Files (x86)\Arena\Tournaments\Engine Battle 20250905.pgn

No:  B/W 1/2     W:B       1:2           Time        Value Moves Dep 1:2       1-2-Draws
  76 = =    17.0:17.0      30.0:46.0     11:07:03 AM    +3.19    43 4.409 :4.000  13-29-34

--------------------------------------------------------------

Engine-Match Friday, September 5, 2025 11:07:04 AM
 Blitz 2/1 

Pairing 3/3 :    SlowMate_v3.1  -  V7P3R_v10.2

PGN-File: C:\Program Files (x86)\Arena\Tournaments\Engine Battle 20250905.pgn

No:  B/W 1/2     W:B       1:2           Time        Value Moves Dep 1:2       1-2-Draws
  76 = =    27.0:27.0      35.0:41.0     11:12:02 AM     0.00    64 3.028 :4.111  8-14-54

--------------------------------------------------------------

Engine-Match Friday, September 5, 2025 11:12:03 AM
 Blitz 2/1 

Pairing 1/3 :    C0BR4_v2.9  -  SlowMate_v3.1

PGN-File: C:\Program Files (x86)\Arena\Tournaments\Engine Battle 20250905.pgn

No:  B/W 1/2     W:B       1:2           Time        Value Moves Dep 1:2       1-2-Draws
  77 W 1    12.5:11.5      53.5:23.5     11:15:10 AM   +10.59    55 4.000 :2.972  42-12-23

--------------------------------------------------------------

Engine-Match Friday, September 5, 2025 11:15:11 AM
 Blitz 2/1 

Pairing 2/3 :    V7P3R_v10.2  -  C0BR4_v2.9

PGN-File: C:\Program Files (x86)\Arena\Tournaments\Engine Battle 20250905.pgn

No:  B/W 1/2     W:B       1:2           Time        Value Moves Dep 1:2       1-2-Draws
  77 W 1    18.0:17.0      31.0:46.0     11:16:32 AM  +289.98    23 4.500 :4.000  14-29-34

--------------------------------------------------------------

Engine-Match Friday, September 5, 2025 11:16:33 AM
 Blitz 2/1 

Pairing 3/3 :    SlowMate_v3.1  -  V7P3R_v10.2

PGN-File: C:\Program Files (x86)\Arena\Tournaments\Engine Battle 20250905.pgn

No:  B/W 1/2     W:B       1:2           Time        Value Moves Dep 1:2       1-2-Draws
  77 = =    27.5:27.5      35.5:41.5     11:20:23 AM     0.00    45 3.267 :4.400  8-14-55

--------------------------------------------------------------

Engine-Match Friday, September 5, 2025 11:20:24 AM
 Blitz 2/1 

Pairing 1/3 :    C0BR4_v2.9  -  SlowMate_v3.1

PGN-File: C:\Program Files (x86)\Arena\Tournaments\Engine Battle 20250905.pgn

No:  B/W 1/2     W:B       1:2           Time        Value Moves Dep 1:2       1-2-Draws
  78 = =    12.0:12.0      54.0:24.0     11:23:42 AM    -3.90    59 4.000 :2.938  42-12-24

--------------------------------------------------------------

Engine-Match Friday, September 5, 2025 11:23:43 AM
 Blitz 2/1 

Pairing 2/3 :    V7P3R_v10.2  -  C0BR4_v2.9

PGN-File: C:\Program Files (x86)\Arena\Tournaments\Engine Battle 20250905.pgn

No:  B/W 1/2     W:B       1:2           Time        Value Moves Dep 1:2       1-2-Draws
  78 = =    17.5:17.5      31.5:46.5     11:25:23 AM    +0.41    40 4.500 :4.000  14-29-35

--------------------------------------------------------------

Engine-Match Friday, September 5, 2025 11:25:24 AM
 Blitz 2/1 

Pairing 3/3 :    SlowMate_v3.1  -  V7P3R_v10.2

PGN-File: C:\Program Files (x86)\Arena\Tournaments\Engine Battle 20250905.pgn

No:  B/W 1/2     W:B       1:2           Time        Value Moves Dep 1:2       1-2-Draws
  78 = =    28.0:28.0      36.0:42.0     11:30:27 AM    -5.94    63 3.028 :4.185  8-14-56

--------------------------------------------------------------

Engine-Match Friday, September 5, 2025 11:30:28 AM
 Blitz 2/1 

Pairing 1/3 :    C0BR4_v2.9  -  SlowMate_v3.1

PGN-File: C:\Program Files (x86)\Arena\Tournaments\Engine Battle 20250905.pgn

No:  B/W 1/2     W:B       1:2           Time        Value Moves Dep 1:2       1-2-Draws
  79 = =    12.5:12.5      54.5:24.5     11:32:29 AM    -2.95    35 4.000 :3.200  42-12-25

--------------------------------------------------------------

Engine-Match Friday, September 5, 2025 11:32:30 AM
 Blitz 2/1 

Pairing 2/3 :    V7P3R_v10.2  -  C0BR4_v2.9

PGN-File: C:\Program Files (x86)\Arena\Tournaments\Engine Battle 20250905.pgn

No:  B/W 1/2     W:B       1:2           Time        Value Moves Dep 1:2       1-2-Draws
  79 W 1    18.5:17.5      32.5:46.5     11:33:51 AM  +289.98    23 4.500 :4.000  15-29-35

--------------------------------------------------------------

Engine-Match Friday, September 5, 2025 11:33:52 AM
 Blitz 2/1 

Pairing 3/3 :    SlowMate_v3.1  -  V7P3R_v10.2

PGN-File: C:\Program Files (x86)\Arena\Tournaments\Engine Battle 20250905.pgn

No:  B/W 1/2     W:B       1:2           Time        Value Moves Dep 1:2       1-2-Draws
  79 = =    28.5:28.5      36.5:42.5     11:37:41 AM     0.00    45 3.267 :4.400  8-14-57

--------------------------------------------------------------

Engine-Match Friday, September 5, 2025 11:37:43 AM
 Blitz 2/1 

Pairing 1/3 :    C0BR4_v2.9  -  SlowMate_v3.1

PGN-File: C:\Program Files (x86)\Arena\Tournaments\Engine Battle 20250905.pgn

No:  B/W 1/2     W:B       1:2           Time        Value Moves Dep 1:2       1-2-Draws
  80 B 1    13.5:12.5      55.5:24.5     11:39:20 AM  -299.97    28 4.000 :3.679  43-12-25

--------------------------------------------------------------

Engine-Match Friday, September 5, 2025 11:39:21 AM
 Blitz 2/1 

Pairing 2/3 :    V7P3R_v10.2  -  C0BR4_v2.9

PGN-File: C:\Program Files (x86)\Arena\Tournaments\Engine Battle 20250905.pgn

No:  B/W 1/2     W:B       1:2           Time        Value Moves Dep 1:2       1-2-Draws
  80 W 2    18.5:17.5      32.5:47.5     11:42:07 AM    +9.40    59 4.571 :4.000  15-30-35

--------------------------------------------------------------

Engine-Match Friday, September 5, 2025 11:42:09 AM
 Blitz 2/1 

Pairing 3/3 :    SlowMate_v3.1  -  V7P3R_v10.2

PGN-File: C:\Program Files (x86)\Arena\Tournaments\Engine Battle 20250905.pgn

No:  B/W 1/2     W:B       1:2           Time        Value Moves Dep 1:2       1-2-Draws
  80 B 1    29.5:28.5      37.5:42.5     11:45:43 AM   -33.70    37 3.194 :4.407  9-14-57

--------------------------------------------------------------

Engine-Match Friday, September 5, 2025 11:45:49 AM
 Blitz 2/1 

Pairing 1/3 :    C0BR4_v2.9  -  SlowMate_v3.1

PGN-File: C:\Program Files (x86)\Arena\Tournaments\Engine Battle 20250905.pgn

No:  B/W 1/2     W:B       1:2           Time        Value Moves Dep 1:2       1-2-Draws
  81 W 1    13.5:12.5      56.5:24.5     11:48:25 AM  +299.97    35 3.939 :2.853  44-12-25

--------------------------------------------------------------

Engine-Match Friday, September 5, 2025 11:48:26 AM
 Blitz 2/1 

Pairing 2/3 :    V7P3R_v10.2  -  C0BR4_v2.9

PGN-File: C:\Program Files (x86)\Arena\Tournaments\Engine Battle 20250905.pgn

No:  B/W 1/2     W:B       1:2           Time        Value Moves Dep 1:2       1-2-Draws
  81 B 2    18.5:17.5      32.5:48.5     11:50:15 AM  -299.97    31 4.619 :3.931  15-31-35

--------------------------------------------------------------

Engine-Match Friday, September 5, 2025 11:50:17 AM
 Blitz 2/1 

Pairing 3/3 :    SlowMate_v3.1  -  V7P3R_v10.2

PGN-File: C:\Program Files (x86)\Arena\Tournaments\Engine Battle 20250905.pgn

No:  B/W 1/2     W:B       1:2           Time        Value Moves Dep 1:2       1-2-Draws
  81 = =    29.0:29.0      38.0:43.0     11:53:34 AM    +1.50    37 3.267 :4.400  9-14-58

--------------------------------------------------------------

Engine-Match Friday, September 5, 2025 11:53:36 AM
 Blitz 2/1 

Pairing 1/3 :    C0BR4_v2.9  -  SlowMate_v3.1

PGN-File: C:\Program Files (x86)\Arena\Tournaments\Engine Battle 20250905.pgn

No:  B/W 1/2     W:B       1:2           Time        Value Moves Dep 1:2       1-2-Draws
  82 B 1    13.5:12.5      57.5:24.5     11:55:17 AM  -299.97    29 4.000 :3.517  45-12-25

--------------------------------------------------------------

Engine-Match Friday, September 5, 2025 11:55:18 AM
 Blitz 2/1 

Pairing 2/3 :    V7P3R_v10.2  -  C0BR4_v2.9

PGN-File: C:\Program Files (x86)\Arena\Tournaments\Engine Battle 20250905.pgn

No:  B/W 1/2     W:B       1:2           Time        Value Moves Dep 1:2       1-2-Draws
  82 W 2    18.5:17.5      32.5:49.5     11:56:47 AM  +299.97    27 4.471 :4.000  15-32-35

--------------------------------------------------------------

Engine-Match Friday, September 5, 2025 11:56:48 AM
 Blitz 2/1 

Pairing 3/3 :    SlowMate_v3.1  -  V7P3R_v10.2

PGN-File: C:\Program Files (x86)\Arena\Tournaments\Engine Battle 20250905.pgn

No:  B/W 1/2     W:B       1:2           Time        Value Moves Dep 1:2       1-2-Draws
  82 W 2    30.0:29.0      38.0:44.0     12:00:34 PM   +11.03    40 3.211 :4.148  9-15-58

--------------------------------------------------------------

Engine-Match Friday, September 5, 2025 12:00:35 PM
 Blitz 2/1 

Pairing 1/3 :    C0BR4_v2.9  -  SlowMate_v3.1

PGN-File: C:\Program Files (x86)\Arena\Tournaments\Engine Battle 20250905.pgn

No:  B/W 1/2     W:B       1:2           Time        Value Moves Dep 1:2       1-2-Draws
  83 W 1    13.5:12.5      58.5:24.5     12:03:27 PM  +299.97    40 3.947 :2.897  46-12-25

--------------------------------------------------------------

Engine-Match Friday, September 5, 2025 12:03:28 PM
 Blitz 2/1 

Pairing 2/3 :    V7P3R_v10.2  -  C0BR4_v2.9

PGN-File: C:\Program Files (x86)\Arena\Tournaments\Engine Battle 20250905.pgn

No:  B/W 1/2     W:B       1:2           Time        Value Moves Dep 1:2       1-2-Draws
  83 W 1    18.5:17.5      33.5:49.5     12:05:14 PM   +11.82    39 4.750 :4.000  16-32-35

--------------------------------------------------------------

Engine-Match Friday, September 5, 2025 12:05:16 PM
 Blitz 2/1 

Pairing 3/3 :    SlowMate_v3.1  -  V7P3R_v10.2

PGN-File: C:\Program Files (x86)\Arena\Tournaments\Engine Battle 20250905.pgn

No:  B/W 1/2     W:B       1:2           Time        Value Moves Dep 1:2       1-2-Draws
  83 = =    29.5:29.5      38.5:44.5     12:08:53 PM    +1.50    37 3.267 :4.400  9-15-59

--------------------------------------------------------------

Engine-Match Friday, September 5, 2025 12:08:54 PM
 Blitz 2/1 

Pairing 1/3 :    C0BR4_v2.9  -  SlowMate_v3.1

PGN-File: C:\Program Files (x86)\Arena\Tournaments\Engine Battle 20250905.pgn

No:  B/W 1/2     W:B       1:2           Time        Value Moves Dep 1:2       1-2-Draws
  84 B 1    13.5:12.5      59.5:24.5     12:11:25 PM  -299.97    44 4.000 :3.286  47-12-25

--------------------------------------------------------------

Engine-Match Friday, September 5, 2025 12:11:26 PM
 Blitz 2/1 

Pairing 2/3 :    V7P3R_v10.2  -  C0BR4_v2.9

PGN-File: C:\Program Files (x86)\Arena\Tournaments\Engine Battle 20250905.pgn

No:  B/W 1/2     W:B       1:2           Time        Value Moves Dep 1:2       1-2-Draws
  84 W 2    18.5:17.5      33.5:50.5     12:12:36 PM   +11.60    20 4.400 :4.000  16-33-35

--------------------------------------------------------------

Engine-Match Friday, September 5, 2025 12:12:37 PM
 Blitz 2/1 

Pairing 3/3 :    SlowMate_v3.1  -  V7P3R_v10.2

PGN-File: C:\Program Files (x86)\Arena\Tournaments\Engine Battle 20250905.pgn

No:  B/W 1/2     W:B       1:2           Time        Value Moves Dep 1:2       1-2-Draws
  84 = =    30.0:30.0      39.0:45.0     12:18:12 PM   +10.90    74 3.214 :4.250  9-15-60

--------------------------------------------------------------

Engine-Match Friday, September 5, 2025 12:18:13 PM
 Blitz 2/1 

Pairing 1/3 :    C0BR4_v2.9  -  SlowMate_v3.1

PGN-File: C:\Program Files (x86)\Arena\Tournaments\Engine Battle 20250905.pgn

No:  B/W 1/2     W:B       1:2           Time        Value Moves Dep 1:2       1-2-Draws
  85 B 2    13.5:12.5      59.5:25.5     12:21:10 PM    -9.65    49 4.000 :2.860  47-13-25

--------------------------------------------------------------

Engine-Match Friday, September 5, 2025 12:21:12 PM
 Blitz 2/1 

Pairing 2/3 :    V7P3R_v10.2  -  C0BR4_v2.9

PGN-File: C:\Program Files (x86)\Arena\Tournaments\Engine Battle 20250905.pgn

No:  B/W 1/2     W:B       1:2           Time        Value Moves Dep 1:2       1-2-Draws
  85 = =    18.0:18.0      34.0:51.0     12:23:02 PM    -0.68    41 4.417 :4.000  16-33-36

--------------------------------------------------------------

Engine-Match Friday, September 5, 2025 12:23:04 PM
 Blitz 2/1 

Pairing 3/3 :    SlowMate_v3.1  -  V7P3R_v10.2

PGN-File: C:\Program Files (x86)\Arena\Tournaments\Engine Battle 20250905.pgn

No:  B/W 1/2     W:B       1:2           Time        Value Moves Dep 1:2       1-2-Draws
  85 = =    30.5:30.5      39.5:45.5     12:26:27 PM    +1.50    37 3.267 :4.400  9-15-61

--------------------------------------------------------------

Engine-Match Friday, September 5, 2025 12:26:28 PM
 Blitz 2/1 

Pairing 1/3 :    C0BR4_v2.9  -  SlowMate_v3.1

PGN-File: C:\Program Files (x86)\Arena\Tournaments\Engine Battle 20250905.pgn

No:  B/W 1/2     W:B       1:2           Time        Value Moves Dep 1:2       1-2-Draws
  86 B 1    13.5:12.5      60.5:25.5     12:28:17 PM   -15.53    29 4.000 :2.966  48-13-25

--------------------------------------------------------------

Engine-Match Friday, September 5, 2025 12:28:18 PM
 Blitz 2/1 

Pairing 2/3 :    V7P3R_v10.2  -  C0BR4_v2.9

PGN-File: C:\Program Files (x86)\Arena\Tournaments\Engine Battle 20250905.pgn

No:  B/W 1/2     W:B       1:2           Time        Value Moves Dep 1:2       1-2-Draws
  86 = =    18.5:18.5      34.5:51.5     12:30:10 PM    +2.00    26 4.409 :4.000  16-33-37

--------------------------------------------------------------

Engine-Match Friday, September 5, 2025 12:30:12 PM
 Blitz 2/1 

Pairing 3/3 :    SlowMate_v3.1  -  V7P3R_v10.2

PGN-File: C:\Program Files (x86)\Arena\Tournaments\Engine Battle 20250905.pgn

No:  B/W 1/2     W:B       1:2           Time        Value Moves Dep 1:2       1-2-Draws
  86 = =    31.0:31.0      40.0:46.0     12:34:02 PM    +9.02    44 3.167 :4.227  9-15-62

--------------------------------------------------------------

Engine-Match Friday, September 5, 2025 12:34:03 PM
 Blitz 2/1 

Pairing 1/3 :    C0BR4_v2.9  -  SlowMate_v3.1

PGN-File: C:\Program Files (x86)\Arena\Tournaments\Engine Battle 20250905.pgn

No:  B/W 1/2     W:B       1:2           Time        Value Moves Dep 1:2       1-2-Draws
  87 W 1    13.5:12.5      61.5:25.5     12:35:16 PM   +36.06    18 4.000 :3.444  49-13-25

--------------------------------------------------------------

Engine-Match Friday, September 5, 2025 12:35:17 PM
 Blitz 2/1 

Pairing 2/3 :    V7P3R_v10.2  -  C0BR4_v2.9

PGN-File: C:\Program Files (x86)\Arena\Tournaments\Engine Battle 20250905.pgn

No:  B/W 1/2     W:B       1:2           Time        Value Moves Dep 1:2       1-2-Draws
  87 W 1    19.5:18.5      35.5:51.5     12:36:39 PM  +289.98    23 4.500 :4.000  17-33-37

--------------------------------------------------------------

Engine-Match Friday, September 5, 2025 12:36:45 PM
 Blitz 2/1 

Pairing 3/3 :    SlowMate_v3.1  -  V7P3R_v10.2

PGN-File: C:\Program Files (x86)\Arena\Tournaments\Engine Battle 20250905.pgn

No:  B/W 1/2     W:B       1:2           Time        Value Moves Dep 1:2       1-2-Draws
  87 = =    31.5:31.5      40.5:46.5     12:40:36 PM     0.00    45 3.267 :4.400  9-15-63

--------------------------------------------------------------

Engine-Match Friday, September 5, 2025 12:40:38 PM
 Blitz 2/1 

Pairing 1/3 :    C0BR4_v2.9  -  SlowMate_v3.1

PGN-File: C:\Program Files (x86)\Arena\Tournaments\Engine Battle 20250905.pgn

No:  B/W 1/2     W:B       1:2           Time        Value Moves Dep 1:2       1-2-Draws
  88 B 1    13.5:12.5      62.5:25.5     12:42:26 PM   -15.53    29 4.000 :2.966  50-13-25

--------------------------------------------------------------

Engine-Match Friday, September 5, 2025 12:42:27 PM
 Blitz 2/1 

Pairing 2/3 :    V7P3R_v10.2  -  C0BR4_v2.9

PGN-File: C:\Program Files (x86)\Arena\Tournaments\Engine Battle 20250905.pgn

No:  B/W 1/2     W:B       1:2           Time        Value Moves Dep 1:2       1-2-Draws
  88 W 2    19.5:18.5      35.5:52.5     12:44:22 PM  +299.97    42 4.545 :4.000  17-34-37

--------------------------------------------------------------

Engine-Match Friday, September 5, 2025 12:44:24 PM
 Blitz 2/1 

Pairing 3/3 :    SlowMate_v3.1  -  V7P3R_v10.2

PGN-File: C:\Program Files (x86)\Arena\Tournaments\Engine Battle 20250905.pgn

No:  B/W 1/2     W:B       1:2           Time        Value Moves Dep 1:2       1-2-Draws
  88 B 1    32.5:31.5      41.5:46.5     12:48:05 PM   -33.20    39 3.132 :4.393  10-15-63

--------------------------------------------------------------

Engine-Match Friday, September 5, 2025 12:48:06 PM
 Blitz 2/1 

Pairing 1/3 :    C0BR4_v2.9  -  SlowMate_v3.1

PGN-File: C:\Program Files (x86)\Arena\Tournaments\Engine Battle 20250905.pgn

No:  B/W 1/2     W:B       1:2           Time        Value Moves Dep 1:2       1-2-Draws
  89 W 1    13.5:12.5      63.5:25.5     12:51:00 PM  +299.97    40 3.947 :2.897  51-13-25

--------------------------------------------------------------

Engine-Match Friday, September 5, 2025 12:51:01 PM
 Blitz 2/1 

Pairing 2/3 :    V7P3R_v10.2  -  C0BR4_v2.9

PGN-File: C:\Program Files (x86)\Arena\Tournaments\Engine Battle 20250905.pgn

No:  B/W 1/2     W:B       1:2           Time        Value Moves Dep 1:2       1-2-Draws
  89 B 2    19.5:18.5      35.5:53.5     12:53:45 PM  -299.97    79 4.500 :4.000  17-35-37

--------------------------------------------------------------

Engine-Match Friday, September 5, 2025 12:53:46 PM
 Blitz 2/1 

Pairing 3/3 :    SlowMate_v3.1  -  V7P3R_v10.2

PGN-File: C:\Program Files (x86)\Arena\Tournaments\Engine Battle 20250905.pgn

No:  B/W 1/2     W:B       1:2           Time        Value Moves Dep 1:2       1-2-Draws
  89 = =    32.0:32.0      42.0:47.0     12:57:07 PM    +1.50    37 3.267 :4.400  10-15-64

--------------------------------------------------------------

Engine-Match Friday, September 5, 2025 12:57:09 PM
 Blitz 2/1 

Pairing 1/3 :    C0BR4_v2.9  -  SlowMate_v3.1

PGN-File: C:\Program Files (x86)\Arena\Tournaments\Engine Battle 20250905.pgn

No:  B/W 1/2     W:B       1:2           Time        Value Moves Dep 1:2       1-2-Draws
  90 W 2    13.5:12.5      63.5:26.5     12:59:24 PM   +10.98    40 4.000 :3.241  51-14-25

--------------------------------------------------------------

Engine-Match Friday, September 5, 2025 12:59:25 PM
 Blitz 2/1 

Pairing 2/3 :    V7P3R_v10.2  -  C0BR4_v2.9

PGN-File: C:\Program Files (x86)\Arena\Tournaments\Engine Battle 20250905.pgn

No:  B/W 1/2     W:B       1:2           Time        Value Moves Dep 1:2       1-2-Draws
  90 W 2    19.5:18.5      35.5:54.5     1:01:41 PM  +299.97    41 4.409 :4.000  17-36-37

--------------------------------------------------------------

Engine-Match Friday, September 5, 2025 1:01:42 PM
 Blitz 2/1 

Pairing 3/3 :    SlowMate_v3.1  -  V7P3R_v10.2

PGN-File: C:\Program Files (x86)\Arena\Tournaments\Engine Battle 20250905.pgn

No:  B/W 1/2     W:B       1:2           Time        Value Moves Dep 1:2       1-2-Draws
  90 = =    32.5:32.5      42.5:47.5     1:06:58 PM    -6.00    70 3.028 :4.148  10-15-65

--------------------------------------------------------------

Engine-Match Friday, September 5, 2025 1:07:00 PM
 Blitz 2/1 

Pairing 1/3 :    C0BR4_v2.9  -  SlowMate_v3.1

PGN-File: C:\Program Files (x86)\Arena\Tournaments\Engine Battle 20250905.pgn

No:  B/W 1/2     W:B       1:2           Time        Value Moves Dep 1:2       1-2-Draws
  91 B 2    13.5:12.5      63.5:27.5     1:10:10 PM   -10.22    59 4.000 :3.147  51-15-25

--------------------------------------------------------------

Engine-Match Friday, September 5, 2025 1:10:11 PM
 Blitz 2/1 

Pairing 2/3 :    V7P3R_v10.2  -  C0BR4_v2.9

PGN-File: C:\Program Files (x86)\Arena\Tournaments\Engine Battle 20250905.pgn

No:  B/W 1/2     W:B       1:2           Time        Value Moves Dep 1:2       1-2-Draws
  91 = =    19.0:19.0      36.0:55.0     1:12:35 PM    -6.40    40 4.333 :4.000  17-36-38

--------------------------------------------------------------

Engine-Match Friday, September 5, 2025 1:12:36 PM
 Blitz 2/1 

Pairing 3/3 :    SlowMate_v3.1  -  V7P3R_v10.2

PGN-File: C:\Program Files (x86)\Arena\Tournaments\Engine Battle 20250905.pgn

No:  B/W 1/2     W:B       1:2           Time        Value Moves Dep 1:2       1-2-Draws
  91 = =    33.0:33.0      43.0:48.0     1:16:26 PM     0.00    45 3.267 :4.400  10-15-66

--------------------------------------------------------------

Engine-Match Friday, September 5, 2025 1:16:27 PM
 Blitz 2/1 

Pairing 1/3 :    C0BR4_v2.9  -  SlowMate_v3.1

PGN-File: C:\Program Files (x86)\Arena\Tournaments\Engine Battle 20250905.pgn

No:  B/W 1/2     W:B       1:2           Time        Value Moves Dep 1:2       1-2-Draws
  92 B 1    13.5:12.5      64.5:27.5     1:18:56 PM  -299.97    43 4.000 :3.279  52-15-25

--------------------------------------------------------------

Engine-Match Friday, September 5, 2025 1:18:57 PM
 Blitz 2/1 

Pairing 2/3 :    V7P3R_v10.2  -  C0BR4_v2.9

PGN-File: C:\Program Files (x86)\Arena\Tournaments\Engine Battle 20250905.pgn

No:  B/W 1/2     W:B       1:2           Time        Value Moves Dep 1:2       1-2-Draws
  92 = =    19.5:19.5      36.5:55.5     1:20:35 PM    +0.41    40 4.500 :4.000  17-36-39

--------------------------------------------------------------

Engine-Match Friday, September 5, 2025 1:20:36 PM
 Blitz 2/1 

Pairing 3/3 :    SlowMate_v3.1  -  V7P3R_v10.2

PGN-File: C:\Program Files (x86)\Arena\Tournaments\Engine Battle 20250905.pgn

No:  B/W 1/2     W:B       1:2           Time        Value Moves Dep 1:2       1-2-Draws
  92 W 2    34.0:33.0      43.0:49.0     1:25:41 PM   +12.05    63 3.158 :4.250  10-16-66

--------------------------------------------------------------

Engine-Match Friday, September 5, 2025 1:25:42 PM
 Blitz 2/1 

Pairing 1/3 :    C0BR4_v2.9  -  SlowMate_v3.1

PGN-File: C:\Program Files (x86)\Arena\Tournaments\Engine Battle 20250905.pgn

No:  B/W 1/2     W:B       1:2           Time        Value Moves Dep 1:2       1-2-Draws
  93 W 1    13.5:12.5      65.5:27.5     1:28:34 PM  +299.97    40 3.947 :2.897  53-15-25

--------------------------------------------------------------

Engine-Match Friday, September 5, 2025 1:28:36 PM
 Blitz 2/1 

Pairing 2/3 :    V7P3R_v10.2  -  C0BR4_v2.9

PGN-File: C:\Program Files (x86)\Arena\Tournaments\Engine Battle 20250905.pgn

No:  B/W 1/2     W:B       1:2           Time        Value Moves Dep 1:2       1-2-Draws
  93 W 1    20.5:19.5      37.5:55.5     1:29:56 PM  +289.98    23 4.500 :4.000  18-36-39

--------------------------------------------------------------

Engine-Match Friday, September 5, 2025 1:29:58 PM
 Blitz 2/1 

Pairing 3/3 :    SlowMate_v3.1  -  V7P3R_v10.2

PGN-File: C:\Program Files (x86)\Arena\Tournaments\Engine Battle 20250905.pgn

No:  B/W 1/2     W:B       1:2           Time        Value Moves Dep 1:2       1-2-Draws
  93 B 2    34.0:33.0      43.0:50.0     1:33:53 PM  -289.99    46 3.267 :4.400  10-17-66

--------------------------------------------------------------

Engine-Match Friday, September 5, 2025 1:33:54 PM
 Blitz 2/1 

Pairing 1/3 :    C0BR4_v2.9  -  SlowMate_v3.1

PGN-File: C:\Program Files (x86)\Arena\Tournaments\Engine Battle 20250905.pgn

No:  B/W 1/2     W:B       1:2           Time        Value Moves Dep 1:2       1-2-Draws
  94 = =    13.0:13.0      66.0:28.0     1:36:49 PM    +0.40    42 4.000 :3.034  53-15-26

--------------------------------------------------------------

Engine-Match Friday, September 5, 2025 1:36:55 PM
 Blitz 2/1 

Pairing 2/3 :    V7P3R_v10.2  -  C0BR4_v2.9

PGN-File: C:\Program Files (x86)\Arena\Tournaments\Engine Battle 20250905.pgn

No:  B/W 1/2     W:B       1:2           Time        Value Moves Dep 1:2       1-2-Draws
  94 = =    20.0:20.0      38.0:56.0     1:38:30 PM    +0.41    40 4.500 :4.000  18-36-40

--------------------------------------------------------------

Engine-Match Friday, September 5, 2025 1:38:32 PM
 Blitz 2/1 

Pairing 3/3 :    SlowMate_v3.1  -  V7P3R_v10.2

PGN-File: C:\Program Files (x86)\Arena\Tournaments\Engine Battle 20250905.pgn

No:  B/W 1/2     W:B       1:2           Time        Value Moves Dep 1:2       1-2-Draws
  94 W 2    34.0:33.0      43.0:51.0     1:43:10 PM   +15.52    57 3.059 :4.120  10-18-66

--------------------------------------------------------------

Engine-Match Friday, September 5, 2025 1:43:11 PM
 Blitz 2/1 

Pairing 1/3 :    C0BR4_v2.9  -  SlowMate_v3.1

PGN-File: C:\Program Files (x86)\Arena\Tournaments\Engine Battle 20250905.pgn

No:  B/W 1/2     W:B       1:2           Time        Value Moves Dep 1:2       1-2-Draws
  95 W 1    14.0:13.0      67.0:28.0     1:44:24 PM   +36.06    18 4.000 :3.444  54-15-26

--------------------------------------------------------------

Engine-Match Friday, September 5, 2025 1:44:25 PM
 Blitz 2/1 

Pairing 2/3 :    V7P3R_v10.2  -  C0BR4_v2.9

PGN-File: C:\Program Files (x86)\Arena\Tournaments\Engine Battle 20250905.pgn

No:  B/W 1/2     W:B       1:2           Time        Value Moves Dep 1:2       1-2-Draws
  95 = =    20.5:20.5      38.5:56.5     1:46:17 PM    -2.56    41 4.875 :4.000  18-36-41

--------------------------------------------------------------

Engine-Match Friday, September 5, 2025 1:46:18 PM
 Blitz 2/1 

Pairing 3/3 :    SlowMate_v3.1  -  V7P3R_v10.2

PGN-File: C:\Program Files (x86)\Arena\Tournaments\Engine Battle 20250905.pgn

No:  B/W 1/2     W:B       1:2           Time        Value Moves Dep 1:2       1-2-Draws
  95 = =    33.5:33.5      43.5:51.5     1:50:08 PM     0.00    45 3.267 :4.400  10-18-67

--------------------------------------------------------------

Engine-Match Friday, September 5, 2025 1:50:09 PM
 Blitz 2/1 

Pairing 1/3 :    C0BR4_v2.9  -  SlowMate_v3.1

PGN-File: C:\Program Files (x86)\Arena\Tournaments\Engine Battle 20250905.pgn

No:  B/W 1/2     W:B       1:2           Time        Value Moves Dep 1:2       1-2-Draws
  96 = =    13.5:13.5      67.5:28.5     1:52:18 PM    -9.38    38 4.000 :3.395  54-15-27

--------------------------------------------------------------

Engine-Match Friday, September 5, 2025 1:52:19 PM
 Blitz 2/1 

Pairing 2/3 :    V7P3R_v10.2  -  C0BR4_v2.9

PGN-File: C:\Program Files (x86)\Arena\Tournaments\Engine Battle 20250905.pgn

No:  B/W 1/2     W:B       1:2           Time        Value Moves Dep 1:2       1-2-Draws
  96 W 2    21.5:20.5      38.5:57.5     1:55:16 PM   +23.40    76 4.571 :4.000  18-37-41

--------------------------------------------------------------

Engine-Match Friday, September 5, 2025 1:55:17 PM
 Blitz 2/1 

Pairing 3/3 :    SlowMate_v3.1  -  V7P3R_v10.2

PGN-File: C:\Program Files (x86)\Arena\Tournaments\Engine Battle 20250905.pgn

No:  B/W 1/2     W:B       1:2           Time        Value Moves Dep 1:2       1-2-Draws
  96 W 2    34.5:33.5      43.5:52.5     1:59:55 PM   +15.52    57 3.059 :4.120  10-19-67

--------------------------------------------------------------

Engine-Match Friday, September 5, 2025 1:59:56 PM
 Blitz 2/1 

Pairing 1/3 :    C0BR4_v2.9  -  SlowMate_v3.1

PGN-File: C:\Program Files (x86)\Arena\Tournaments\Engine Battle 20250905.pgn

No:  B/W 1/2     W:B       1:2           Time        Value Moves Dep 1:2       1-2-Draws
  97 B 2    14.5:13.5      67.5:29.5     2:03:05 PM   -10.35    59 4.000 :3.147  54-16-27

--------------------------------------------------------------

Engine-Match Friday, September 5, 2025 2:03:06 PM
 Blitz 2/1 

Pairing 2/3 :    V7P3R_v10.2  -  C0BR4_v2.9

PGN-File: C:\Program Files (x86)\Arena\Tournaments\Engine Battle 20250905.pgn

No:  B/W 1/2     W:B       1:2           Time        Value Moves Dep 1:2       1-2-Draws
  97 B 2    21.5:20.5      38.5:58.5     2:05:47 PM  -299.97    79 4.500 :4.000  18-38-41

--------------------------------------------------------------

Engine-Match Friday, September 5, 2025 2:05:48 PM
 Blitz 2/1 

Pairing 3/3 :    SlowMate_v3.1  -  V7P3R_v10.2

PGN-File: C:\Program Files (x86)\Arena\Tournaments\Engine Battle 20250905.pgn

No:  B/W 1/2     W:B       1:2           Time        Value Moves Dep 1:2       1-2-Draws
  97 = =    34.0:34.0      44.0:53.0     2:09:38 PM     0.00    45 3.267 :4.400  10-19-68

--------------------------------------------------------------

Engine-Match Friday, September 5, 2025 2:09:40 PM
 Blitz 2/1 

Pairing 1/3 :    C0BR4_v2.9  -  SlowMate_v3.1

PGN-File: C:\Program Files (x86)\Arena\Tournaments\Engine Battle 20250905.pgn

No:  B/W 1/2     W:B       1:2           Time        Value Moves Dep 1:2       1-2-Draws
  98 B 1    14.5:13.5      68.5:29.5     2:11:18 PM  -299.97    28 4.000 :3.643  55-16-27

--------------------------------------------------------------

Engine-Match Friday, September 5, 2025 2:11:19 PM
 Blitz 2/1 

Pairing 2/3 :    V7P3R_v10.2  -  C0BR4_v2.9

PGN-File: C:\Program Files (x86)\Arena\Tournaments\Engine Battle 20250905.pgn

No:  B/W 1/2     W:B       1:2           Time        Value Moves Dep 1:2       1-2-Draws
  98 = =    21.0:21.0      39.0:59.0     2:12:55 PM    +0.41    40 4.500 :4.000  18-38-42

--------------------------------------------------------------

Engine-Match Friday, September 5, 2025 2:12:57 PM
 Blitz 2/1 

Pairing 3/3 :    SlowMate_v3.1  -  V7P3R_v10.2

PGN-File: C:\Program Files (x86)\Arena\Tournaments\Engine Battle 20250905.pgn

No:  B/W 1/2     W:B       1:2           Time        Value Moves Dep 1:2       1-2-Draws
  98 W 2    35.0:34.0      44.0:54.0     2:17:20 PM   +14.88    52 3.029 :4.120  10-20-68

--------------------------------------------------------------

Engine-Match Friday, September 5, 2025 2:17:21 PM
 Blitz 2/1 

Pairing 1/3 :    C0BR4_v2.9  -  SlowMate_v3.1

PGN-File: C:\Program Files (x86)\Arena\Tournaments\Engine Battle 20250905.pgn

No:  B/W 1/2     W:B       1:2           Time        Value Moves Dep 1:2       1-2-Draws
  99 W 1    14.5:13.5      69.5:29.5     2:20:13 PM  +299.97    40 3.947 :2.897  56-16-27

--------------------------------------------------------------

Engine-Match Friday, September 5, 2025 2:20:14 PM
 Blitz 2/1 

Pairing 2/3 :    V7P3R_v10.2  -  C0BR4_v2.9

PGN-File: C:\Program Files (x86)\Arena\Tournaments\Engine Battle 20250905.pgn

No:  B/W 1/2     W:B       1:2           Time        Value Moves Dep 1:2       1-2-Draws
  99 B 2    22.0:21.0      39.0:60.0     2:22:55 PM  -299.97    79 4.500 :4.000  18-39-42

--------------------------------------------------------------

Engine-Match Friday, September 5, 2025 2:22:56 PM
 Blitz 2/1 

Pairing 3/3 :    SlowMate_v3.1  -  V7P3R_v10.2

PGN-File: C:\Program Files (x86)\Arena\Tournaments\Engine Battle 20250905.pgn

No:  B/W 1/2     W:B       1:2           Time        Value Moves Dep 1:2       1-2-Draws
  99 = =    34.5:34.5      44.5:54.5     2:26:14 PM    +1.50    37 3.267 :4.400  10-20-69

--------------------------------------------------------------

Engine-Match Friday, September 5, 2025 2:26:16 PM
 Blitz 2/1 

Pairing 1/3 :    C0BR4_v2.9  -  SlowMate_v3.1

PGN-File: C:\Program Files (x86)\Arena\Tournaments\Engine Battle 20250905.pgn

No:  B/W 1/2     W:B       1:2           Time        Value Moves Dep 1:2       1-2-Draws
 100 B 1    14.5:13.5      70.5:29.5     2:28:44 PM  -299.97    43 4.000 :3.279  57-16-27

--------------------------------------------------------------

Engine-Match Friday, September 5, 2025 2:28:45 PM
 Blitz 2/1 

Pairing 2/3 :    V7P3R_v10.2  -  C0BR4_v2.9

PGN-File: C:\Program Files (x86)\Arena\Tournaments\Engine Battle 20250905.pgn

No:  B/W 1/2     W:B       1:2           Time        Value Moves Dep 1:2       1-2-Draws
 100 W 2    22.0:21.0      39.0:61.0     2:31:42 PM   +23.40    76 4.571 :4.000  18-40-42

--------------------------------------------------------------

Engine-Match Friday, September 5, 2025 2:31:44 PM
 Blitz 2/1 

Pairing 3/3 :    SlowMate_v3.1  -  V7P3R_v10.2

PGN-File: C:\Program Files (x86)\Arena\Tournaments\Engine Battle 20250905.pgn

No:  B/W 1/2     W:B       1:2           Time        Value Moves Dep 1:2       1-2-Draws
 100 B 1    35.5:34.5      45.5:54.5     2:35:16 PM   -33.70    37 3.194 :4.407  11-20-69
