Engine-Match Friday, September 5, 2025 2:50:19 PM
 Blitz 2/1 

Pairing 1/28 :    C0BR4_v2.8  -  Stockfish 1%

PGN-File: C:\Program Files (x86)\Arena\Tournaments\Engine Battle 20250905_3.pgn

No:  B/W 1/2     W:B       1:2           Time        Value Moves Dep 1:2       1-2-Draws
   1 B 2    1.0:0.0        0.0:1.0       2:51:25 PM      -M1    45 4.000 :9.833  0-1-0

--------------------------------------------------------------

Engine-Match Friday, September 5, 2025 2:51:27 PM
 Blitz 2/1 

Pairing 2/28 :    Random_Opponent  -  C0BR4_v2.9

PGN-File: C:\Program Files (x86)\Arena\Tournaments\Engine Battle 20250905_3.pgn

No:  B/W 1/2     W:B       1:2           Time        Value Moves Dep 1:2       1-2-Draws
   1 B 2    1.0:0.0        0.0:1.0       2:51:41 PM  -299.97    17 0:3.875  0-1-0

--------------------------------------------------------------

Engine-Match Friday, September 5, 2025 2:51:42 PM
 Blitz 2/1 

Pairing 3/28 :    SlowMate_v3.0  -  V7P3R_v10.2

PGN-File: C:\Program Files (x86)\Arena\Tournaments\Engine Battle 20250905_3.pgn

No:  B/W 1/2     W:B       1:2           Time        Value Moves Dep 1:2       1-2-Draws
   1 = =    0.5:0.5        0.5:0.5       2:55:05 PM    +1.50    37 3.267 :4.400  0-0-1

--------------------------------------------------------------

Engine-Match Friday, September 5, 2025 2:55:07 PM
 Blitz 2/1 

Pairing 4/28 :    V7P3R_v10.0  -  SlowMate_v3.1

PGN-File: C:\Program Files (x86)\Arena\Tournaments\Engine Battle 20250905_3.pgn

No:  B/W 1/2     W:B       1:2           Time        Value Moves Dep 1:2       1-2-Draws
   1 = =    0.5:0.5        0.5:0.5       2:59:15 PM    +1.78    45 4.727 :3.364  0-0-1

--------------------------------------------------------------

Engine-Match Friday, September 5, 2025 2:59:17 PM
 Blitz 2/1 

Pairing 5/28 :    Random_Opponent  -  C0BR4_v2.8

PGN-File: C:\Program Files (x86)\Arena\Tournaments\Engine Battle 20250905_3.pgn

No:  B/W 1/2     W:B       1:2           Time        Value Moves Dep 1:2       1-2-Draws
   1 B 2    1.0:0.0        0.0:1.0       2:59:34 PM  -299.99    19 0:4.000  0-1-0

--------------------------------------------------------------

Engine-Match Friday, September 5, 2025 2:59:36 PM
 Blitz 2/1 

Pairing 6/28 :    V7P3R_v10.2  -  Stockfish 1%

PGN-File: C:\Program Files (x86)\Arena\Tournaments\Engine Battle 20250905_3.pgn

No:  B/W 1/2     W:B       1:2           Time        Value Moves Dep 1:2       1-2-Draws
   1 B 2    1.0:0.0        0.0:1.0       3:01:48 PM      -M1    41 4.364 :10.400  0-1-0

--------------------------------------------------------------

Engine-Match Friday, September 5, 2025 3:01:50 PM
 Blitz 2/1 

Pairing 7/28 :    C0BR4_v2.9  -  V7P3R_v10.0

PGN-File: C:\Program Files (x86)\Arena\Tournaments\Engine Battle 20250905_3.pgn

No:  B/W 1/2     W:B       1:2           Time        Value Moves Dep 1:2       1-2-Draws
   1 W 1    1.0:0.0        1.0:0.0       3:05:09 PM  +299.97    55 4.000 :4.360  1-0-0

--------------------------------------------------------------

Engine-Match Friday, September 5, 2025 3:05:10 PM
 Blitz 2/1 

Pairing 8/28 :    SlowMate_v3.1  -  SlowMate_v3.0

PGN-File: C:\Program Files (x86)\Arena\Tournaments\Engine Battle 20250905_3.pgn

No:  B/W 1/2     W:B       1:2           Time        Value Moves Dep 1:2       1-2-Draws
   1 = =    0.5:0.5        0.5:0.5       3:07:17 PM    -2.93    19 3.316 :3.105  0-0-1

--------------------------------------------------------------

Engine-Match Friday, September 5, 2025 3:07:18 PM
 Blitz 2/1 

Pairing 9/28 :    C0BR4_v2.8  -  V7P3R_v10.2

PGN-File: C:\Program Files (x86)\Arena\Tournaments\Engine Battle 20250905_3.pgn

No:  B/W 1/2     W:B       1:2           Time        Value Moves Dep 1:2       1-2-Draws
   1 = =    0.5:0.5        0.5:0.5       3:09:51 PM    +3.19    43 4.000 :4.409  0-0-1

--------------------------------------------------------------

Engine-Match Friday, September 5, 2025 3:09:53 PM
 Blitz 2/1 

Pairing 10/28 :    V7P3R_v10.0  -  Random_Opponent

PGN-File: C:\Program Files (x86)\Arena\Tournaments\Engine Battle 20250905_3.pgn

No:  B/W 1/2     W:B       1:2           Time        Value Moves Dep 1:2       1-2-Draws
   1 W 1    1.0:0.0        1.0:0.0       3:11:00 PM  +289.98    12 4.917 :0 1-0-0

--------------------------------------------------------------

Engine-Match Friday, September 5, 2025 3:11:01 PM
 Blitz 2/1 

Pairing 11/28 :    Stockfish 1%  -  SlowMate_v3.1

PGN-File: C:\Program Files (x86)\Arena\Tournaments\Engine Battle 20250905_3.pgn

No:  B/W 1/2     W:B       1:2           Time        Value Moves Dep 1:2       1-2-Draws
   1 W 1    1.0:0.0        1.0:0.0       3:12:51 PM      +M1    34 11.250 :3.455  1-0-0

--------------------------------------------------------------

Engine-Match Friday, September 5, 2025 3:12:52 PM
 Blitz 2/1 

Pairing 12/28 :    SlowMate_v3.0  -  C0BR4_v2.9

PGN-File: C:\Program Files (x86)\Arena\Tournaments\Engine Battle 20250905_3.pgn

No:  B/W 1/2     W:B       1:2           Time        Value Moves Dep 1:2       1-2-Draws
   1 B 2    1.0:0.0        0.0:1.0       3:15:34 PM  -299.97    43 3.233 :4.000  0-1-0

--------------------------------------------------------------

Engine-Match Friday, September 5, 2025 3:15:35 PM
 Blitz 2/1 

Pairing 13/28 :    V7P3R_v10.0  -  C0BR4_v2.8

PGN-File: C:\Program Files (x86)\Arena\Tournaments\Engine Battle 20250905_3.pgn

No:  B/W 1/2     W:B       1:2           Time        Value Moves Dep 1:2       1-2-Draws
   1 = =    0.5:0.5        0.5:0.5       3:18:27 PM    +5.50    41 4.195 :4.000  0-0-1

--------------------------------------------------------------

Engine-Match Friday, September 5, 2025 3:18:29 PM
 Blitz 2/1 

Pairing 14/28 :    SlowMate_v3.1  -  V7P3R_v10.2

PGN-File: C:\Program Files (x86)\Arena\Tournaments\Engine Battle 20250905_3.pgn

No:  B/W 1/2     W:B       1:2           Time        Value Moves Dep 1:2       1-2-Draws
   1 = =    0.5:0.5        0.5:0.5       3:21:27 PM     0.00    28 3.227 :4.353  0-0-1

--------------------------------------------------------------

Engine-Match Friday, September 5, 2025 3:21:28 PM
 Blitz 2/1 

Pairing 15/28 :    Random_Opponent  -  SlowMate_v3.0

PGN-File: C:\Program Files (x86)\Arena\Tournaments\Engine Battle 20250905_3.pgn

No:  B/W 1/2     W:B       1:2           Time        Value Moves Dep 1:2       1-2-Draws
   1 B 2    1.0:0.0        0.0:1.0       3:23:35 PM  -198.94    42 0:3.000  0-1-0

--------------------------------------------------------------

Engine-Match Friday, September 5, 2025 3:23:36 PM
 Blitz 2/1 

Pairing 16/28 :    C0BR4_v2.9  -  Stockfish 1%

PGN-File: C:\Program Files (x86)\Arena\Tournaments\Engine Battle 20250905_3.pgn

No:  B/W 1/2     W:B       1:2           Time        Value Moves Dep 1:2       1-2-Draws
   1 = =    0.5:0.5        0.5:0.5       3:27:25 PM    -1.00   113 4.000 :10.400  0-0-1

--------------------------------------------------------------

Engine-Match Friday, September 5, 2025 3:27:26 PM
 Blitz 2/1 

Pairing 17/28 :    C0BR4_v2.8  -  SlowMate_v3.1

PGN-File: C:\Program Files (x86)\Arena\Tournaments\Engine Battle 20250905_3.pgn

No:  B/W 1/2     W:B       1:2           Time        Value Moves Dep 1:2       1-2-Draws
   1 B 2    1.0:0.0        0.0:1.0       3:31:10 PM   -10.22    59 4.000 :3.147  0-1-0

--------------------------------------------------------------

Engine-Match Friday, September 5, 2025 3:31:11 PM
 Blitz 2/1 

Pairing 18/28 :    SlowMate_v3.0  -  V7P3R_v10.0

PGN-File: C:\Program Files (x86)\Arena\Tournaments\Engine Battle 20250905_3.pgn

No:  B/W 1/2     W:B       1:2           Time        Value Moves Dep 1:2       1-2-Draws
   1 = =    0.5:0.5        0.5:0.5       3:35:10 PM    -6.35    38 3.211 :4.243  0-0-1

--------------------------------------------------------------

Engine-Match Friday, September 5, 2025 3:35:11 PM
 Blitz 2/1 

Pairing 19/28 :    V7P3R_v10.2  -  C0BR4_v2.9

PGN-File: C:\Program Files (x86)\Arena\Tournaments\Engine Battle 20250905_3.pgn

No:  B/W 1/2     W:B       1:2           Time        Value Moves Dep 1:2       1-2-Draws
   1 = =    0.5:0.5        0.5:0.5       3:36:47 PM    -1.00    26 4.353 :4.000  0-0-1

--------------------------------------------------------------

Engine-Match Friday, September 5, 2025 3:36:49 PM
 Blitz 2/1 

Pairing 20/28 :    Stockfish 1%  -  Random_Opponent

PGN-File: C:\Program Files (x86)\Arena\Tournaments\Engine Battle 20250905_3.pgn

No:  B/W 1/2     W:B       1:2           Time        Value Moves Dep 1:2       1-2-Draws
   1 W 1    1.0:0.0        1.0:0.0       3:37:03 PM      +M1    29 12.000 :0 1-0-0

--------------------------------------------------------------

Engine-Match Friday, September 5, 2025 3:37:09 PM
 Blitz 2/1 

Pairing 21/28 :    SlowMate_v3.0  -  C0BR4_v2.8

PGN-File: C:\Program Files (x86)\Arena\Tournaments\Engine Battle 20250905_3.pgn

No:  B/W 1/2     W:B       1:2           Time        Value Moves Dep 1:2       1-2-Draws
   1 = =    0.5:0.5        0.5:0.5       3:39:04 PM    -4.35    30 3.167 :4.000  0-0-1

--------------------------------------------------------------

Engine-Match Friday, September 5, 2025 3:39:05 PM
 Blitz 2/1 

Pairing 22/28 :    C0BR4_v2.9  -  SlowMate_v3.1

PGN-File: C:\Program Files (x86)\Arena\Tournaments\Engine Battle 20250905_3.pgn

No:  B/W 1/2     W:B       1:2           Time        Value Moves Dep 1:2       1-2-Draws
   1 W 1    1.0:0.0        1.0:0.0       3:40:17 PM   +36.06    18 4.000 :3.444  1-0-0

--------------------------------------------------------------

Engine-Match Friday, September 5, 2025 3:40:19 PM
 Blitz 2/1 

Pairing 23/28 :    V7P3R_v10.0  -  Stockfish 1%

PGN-File: C:\Program Files (x86)\Arena\Tournaments\Engine Battle 20250905_3.pgn

No:  B/W 1/2     W:B       1:2           Time        Value Moves Dep 1:2       1-2-Draws
   1 W 1    1.0:0.0        1.0:0.0       3:41:26 PM  +289.98    15 4.533 :11.000  1-0-0

--------------------------------------------------------------

Engine-Match Friday, September 5, 2025 3:41:27 PM
 Blitz 2/1 

Pairing 24/28 :    Random_Opponent  -  V7P3R_v10.2

PGN-File: C:\Program Files (x86)\Arena\Tournaments\Engine Battle 20250905_3.pgn

No:  B/W 1/2     W:B       1:2           Time        Value Moves Dep 1:2       1-2-Draws
   1 B 2    1.0:0.0        0.0:1.0       3:42:57 PM     0.00    21 0:4.632  0-1-0

--------------------------------------------------------------

Engine-Match Friday, September 5, 2025 3:42:58 PM
 Blitz 2/1 

Pairing 25/28 :    C0BR4_v2.8  -  C0BR4_v2.9

PGN-File: C:\Program Files (x86)\Arena\Tournaments\Engine Battle 20250905_3.pgn

No:  B/W 1/2     W:B       1:2           Time        Value Moves Dep 1:2       1-2-Draws
   1 = =    0.5:0.5        0.5:0.5       3:43:44 PM    -3.15    61 4.000 :4.000  0-0-1

--------------------------------------------------------------

Engine-Match Friday, September 5, 2025 3:43:45 PM
 Blitz 2/1 

Pairing 26/28 :    Stockfish 1%  -  SlowMate_v3.0

PGN-File: C:\Program Files (x86)\Arena\Tournaments\Engine Battle 20250905_3.pgn

No:  B/W 1/2     W:B       1:2           Time        Value Moves Dep 1:2       1-2-Draws
   1 W 1    1.0:0.0        1.0:0.0       3:45:45 PM      +M1    39 11.000 :2.974  1-0-0

--------------------------------------------------------------

Engine-Match Friday, September 5, 2025 3:45:47 PM
 Blitz 2/1 

Pairing 27/28 :    SlowMate_v3.1  -  Random_Opponent

PGN-File: C:\Program Files (x86)\Arena\Tournaments\Engine Battle 20250905_3.pgn

No:  B/W 1/2     W:B       1:2           Time        Value Moves Dep 1:2       1-2-Draws
   1 W 1    1.0:0.0        1.0:0.0       3:46:36 PM   +81.27    13 3.385 :0 1-0-0

--------------------------------------------------------------

Engine-Match Friday, September 5, 2025 3:46:37 PM
 Blitz 2/1 

Pairing 28/28 :    V7P3R_v10.2  -  V7P3R_v10.0

PGN-File: C:\Program Files (x86)\Arena\Tournaments\Engine Battle 20250905_3.pgn

No:  B/W 1/2     W:B       1:2           Time        Value Moves Dep 1:2       1-2-Draws
   1 = =    0.5:0.5        0.5:0.5       3:50:28 PM    -6.90    58 4.833 :4.750  0-0-1

--------------------------------------------------------------

Engine-Match Friday, September 5, 2025 3:50:30 PM
 Blitz 2/1 

Pairing 1/28 :    C0BR4_v2.8  -  Stockfish 1%

PGN-File: C:\Program Files (x86)\Arena\Tournaments\Engine Battle 20250905_3.pgn

No:  B/W 1/2     W:B       1:2           Time        Value Moves Dep 1:2       1-2-Draws
   2 W 2    1.0:0.0        0.0:2.0       3:50:50 PM      +M1    35 4.000 :11.333  0-2-0

--------------------------------------------------------------

Engine-Match Friday, September 5, 2025 3:50:51 PM
 Blitz 2/1 

Pairing 2/28 :    Random_Opponent  -  C0BR4_v2.9

PGN-File: C:\Program Files (x86)\Arena\Tournaments\Engine Battle 20250905_3.pgn

No:  B/W 1/2     W:B       1:2           Time        Value Moves Dep 1:2       1-2-Draws
   2 W 2    1.0:0.0        0.0:2.0       3:51:03 PM  +299.97    21 0:3.895  0-2-0

--------------------------------------------------------------

Engine-Match Friday, September 5, 2025 3:51:04 PM
 Blitz 2/1 

Pairing 3/28 :    SlowMate_v3.0  -  V7P3R_v10.2

PGN-File: C:\Program Files (x86)\Arena\Tournaments\Engine Battle 20250905_3.pgn

No:  B/W 1/2     W:B       1:2           Time        Value Moves Dep 1:2       1-2-Draws
   2 = =    1.0:1.0        1.0:1.0       3:56:01 PM    +1.75    63 3.333 :4.280  0-0-2

--------------------------------------------------------------

Engine-Match Friday, September 5, 2025 3:56:02 PM
 Blitz 2/1 

Pairing 4/28 :    V7P3R_v10.0  -  SlowMate_v3.1

PGN-File: C:\Program Files (x86)\Arena\Tournaments\Engine Battle 20250905_3.pgn

No:  B/W 1/2     W:B       1:2           Time        Value Moves Dep 1:2       1-2-Draws
   2 B 1    1.5:0.5        1.5:0.5       4:00:04 PM  -289.98    40 3.950 :2.925  1-0-1

--------------------------------------------------------------

Engine-Match Friday, September 5, 2025 4:00:06 PM
 Blitz 2/1 

Pairing 5/28 :    Random_Opponent  -  C0BR4_v2.8

PGN-File: C:\Program Files (x86)\Arena\Tournaments\Engine Battle 20250905_3.pgn

No:  B/W 1/2     W:B       1:2           Time        Value Moves Dep 1:2       1-2-Draws
   2 W 2    1.0:0.0        0.0:2.0       4:00:15 PM  +299.99    16 0:4.000  0-2-0

--------------------------------------------------------------

Engine-Match Friday, September 5, 2025 4:00:16 PM
 Blitz 2/1 

Pairing 6/28 :    V7P3R_v10.2  -  Stockfish 1%

PGN-File: C:\Program Files (x86)\Arena\Tournaments\Engine Battle 20250905_3.pgn

No:  B/W 1/2     W:B       1:2           Time        Value Moves Dep 1:2       1-2-Draws
   2 W 2    1.0:0.0        0.0:2.0       4:01:51 PM   +11.50    27 4.350 :11.167  0-2-0

--------------------------------------------------------------

Engine-Match Friday, September 5, 2025 4:01:52 PM
 Blitz 2/1 

Pairing 7/28 :    C0BR4_v2.9  -  V7P3R_v10.0

PGN-File: C:\Program Files (x86)\Arena\Tournaments\Engine Battle 20250905_3.pgn

No:  B/W 1/2     W:B       1:2           Time        Value Moves Dep 1:2       1-2-Draws
   2 = =    0.5:0.5        1.5:0.5       4:04:18 PM    -5.02    51 4.000 :4.407  1-0-1

--------------------------------------------------------------

Engine-Match Friday, September 5, 2025 4:04:20 PM
 Blitz 2/1 

Pairing 8/28 :    SlowMate_v3.1  -  SlowMate_v3.0

PGN-File: C:\Program Files (x86)\Arena\Tournaments\Engine Battle 20250905_3.pgn

No:  B/W 1/2     W:B       1:2           Time        Value Moves Dep 1:2       1-2-Draws
   2 = =    1.0:1.0        1.0:1.0       4:06:26 PM    -2.93    19 3.105 :3.316  0-0-2

--------------------------------------------------------------

Engine-Match Friday, September 5, 2025 4:06:27 PM
 Blitz 2/1 

Pairing 9/28 :    C0BR4_v2.8  -  V7P3R_v10.2

PGN-File: C:\Program Files (x86)\Arena\Tournaments\Engine Battle 20250905_3.pgn

No:  B/W 1/2     W:B       1:2           Time        Value Moves Dep 1:2       1-2-Draws
   2 W 2    1.5:0.5        0.5:1.5       4:10:08 PM   +15.85    70 4.000 :4.162  0-1-1

--------------------------------------------------------------

Engine-Match Friday, September 5, 2025 4:10:09 PM
 Blitz 2/1 

Pairing 10/28 :    V7P3R_v10.0  -  Random_Opponent

PGN-File: C:\Program Files (x86)\Arena\Tournaments\Engine Battle 20250905_3.pgn

No:  B/W 1/2     W:B       1:2           Time        Value Moves Dep 1:2       1-2-Draws
   2 B 1    1.0:0.0        2.0:0.0       4:10:42 PM  -289.97     8 4.625 :0 2-0-0

--------------------------------------------------------------

Engine-Match Friday, September 5, 2025 4:10:43 PM
 Blitz 2/1 

Pairing 11/28 :    Stockfish 1%  -  SlowMate_v3.1

PGN-File: C:\Program Files (x86)\Arena\Tournaments\Engine Battle 20250905_3.pgn

No:  B/W 1/2     W:B       1:2           Time        Value Moves Dep 1:2       1-2-Draws
   2 B 1    1.0:0.0        2.0:0.0       4:12:04 PM      -M1    23 11.800 :3.348  2-0-0

--------------------------------------------------------------

Engine-Match Friday, September 5, 2025 4:12:06 PM
 Blitz 2/1 

Pairing 12/28 :    SlowMate_v3.0  -  C0BR4_v2.9

PGN-File: C:\Program Files (x86)\Arena\Tournaments\Engine Battle 20250905_3.pgn

No:  B/W 1/2     W:B       1:2           Time        Value Moves Dep 1:2       1-2-Draws
   2 B 1    1.0:0.0        1.0:1.0       4:13:07 PM  -180.51    15 3.400 :3.923  1-1-0

--------------------------------------------------------------

Engine-Match Friday, September 5, 2025 4:13:13 PM
 Blitz 2/1 

Pairing 13/28 :    V7P3R_v10.0  -  C0BR4_v2.8

PGN-File: C:\Program Files (x86)\Arena\Tournaments\Engine Battle 20250905_3.pgn

No:  B/W 1/2     W:B       1:2           Time        Value Moves Dep 1:2       1-2-Draws
   2 = =    1.0:1.0        1.0:1.0       4:15:22 PM    +1.90    25 4.400 :4.000  0-0-2

--------------------------------------------------------------

Engine-Match Friday, September 5, 2025 4:15:23 PM
 Blitz 2/1 

Pairing 14/28 :    SlowMate_v3.1  -  V7P3R_v10.2

PGN-File: C:\Program Files (x86)\Arena\Tournaments\Engine Battle 20250905_3.pgn

No:  B/W 1/2     W:B       1:2           Time        Value Moves Dep 1:2       1-2-Draws
   2 = =    1.0:1.0        1.0:1.0       4:20:47 PM    -1.92    71 3.057 :4.038  0-0-2

--------------------------------------------------------------

Engine-Match Friday, September 5, 2025 4:20:48 PM
 Blitz 2/1 

Pairing 15/28 :    Random_Opponent  -  SlowMate_v3.0

PGN-File: C:\Program Files (x86)\Arena\Tournaments\Engine Battle 20250905_3.pgn

No:  B/W 1/2     W:B       1:2           Time        Value Moves Dep 1:2       1-2-Draws
   2 W 2    1.0:0.0        0.0:2.0       4:21:44 PM   +65.80    15 0:3.333  0-2-0

--------------------------------------------------------------

Engine-Match Friday, September 5, 2025 4:21:45 PM
 Blitz 2/1 

Pairing 16/28 :    C0BR4_v2.9  -  Stockfish 1%

PGN-File: C:\Program Files (x86)\Arena\Tournaments\Engine Battle 20250905_3.pgn

No:  B/W 1/2     W:B       1:2           Time        Value Moves Dep 1:2       1-2-Draws
   2 W 2    1.5:0.5        0.5:1.5       4:22:31 PM      +M1    78 4.000 :11.167  0-1-1

--------------------------------------------------------------

Engine-Match Friday, September 5, 2025 4:22:32 PM
 Blitz 2/1 

Pairing 17/28 :    C0BR4_v2.8  -  SlowMate_v3.1

PGN-File: C:\Program Files (x86)\Arena\Tournaments\Engine Battle 20250905_3.pgn

No:  B/W 1/2     W:B       1:2           Time        Value Moves Dep 1:2       1-2-Draws
   2 B 1    1.0:0.0        1.0:1.0       4:24:34 PM   -10.78    35 4.000 :3.229  1-1-0

--------------------------------------------------------------

Engine-Match Friday, September 5, 2025 4:24:35 PM
 Blitz 2/1 

Pairing 18/28 :    SlowMate_v3.0  -  V7P3R_v10.0

PGN-File: C:\Program Files (x86)\Arena\Tournaments\Engine Battle 20250905_3.pgn

No:  B/W 1/2     W:B       1:2           Time        Value Moves Dep 1:2       1-2-Draws
   2 = =    1.0:1.0        1.0:1.0       4:27:38 PM    +2.25    24 3.042 :4.625  0-0-2

--------------------------------------------------------------

Engine-Match Friday, September 5, 2025 4:27:39 PM
 Blitz 2/1 

Pairing 19/28 :    V7P3R_v10.2  -  C0BR4_v2.9

PGN-File: C:\Program Files (x86)\Arena\Tournaments\Engine Battle 20250905_3.pgn

No:  B/W 1/2     W:B       1:2           Time        Value Moves Dep 1:2       1-2-Draws
   2 = =    1.0:1.0        1.0:1.0       4:29:12 PM     0.00    36 5.000 :4.000  0-0-2

--------------------------------------------------------------

Engine-Match Friday, September 5, 2025 4:29:13 PM
 Blitz 2/1 

Pairing 20/28 :    Stockfish 1%  -  Random_Opponent

PGN-File: C:\Program Files (x86)\Arena\Tournaments\Engine Battle 20250905_3.pgn

No:  B/W 1/2     W:B       1:2           Time        Value Moves Dep 1:2       1-2-Draws
   2 B 1    1.0:0.0        2.0:0.0       4:29:21 PM      -M1    14 12.800 :0 2-0-0

--------------------------------------------------------------

Engine-Match Friday, September 5, 2025 4:29:23 PM
 Blitz 2/1 

Pairing 21/28 :    SlowMate_v3.0  -  C0BR4_v2.8

PGN-File: C:\Program Files (x86)\Arena\Tournaments\Engine Battle 20250905_3.pgn

No:  B/W 1/2     W:B       1:2           Time        Value Moves Dep 1:2       1-2-Draws
   2 = =    1.0:1.0        1.0:1.0       4:30:08 PM   +11.31    12 3.545 :4.000  0-0-2

--------------------------------------------------------------

Engine-Match Friday, September 5, 2025 4:30:09 PM
 Blitz 2/1 

Pairing 22/28 :    C0BR4_v2.9  -  SlowMate_v3.1

PGN-File: C:\Program Files (x86)\Arena\Tournaments\Engine Battle 20250905_3.pgn

No:  B/W 1/2     W:B       1:2           Time        Value Moves Dep 1:2       1-2-Draws
   2 B 1    1.0:0.0        2.0:0.0       4:33:28 PM   -12.00    69 4.000 :3.273  2-0-0

--------------------------------------------------------------

Engine-Match Friday, September 5, 2025 4:33:29 PM
 Blitz 2/1 

Pairing 23/28 :    V7P3R_v10.0  -  Stockfish 1%

PGN-File: C:\Program Files (x86)\Arena\Tournaments\Engine Battle 20250905_3.pgn

No:  B/W 1/2     W:B       1:2           Time        Value Moves Dep 1:2       1-2-Draws
   2 W 2    1.0:0.0        1.0:1.0       4:35:34 PM      +M1    38 4.265 :11.000  1-1-0

--------------------------------------------------------------

Engine-Match Friday, September 5, 2025 4:35:36 PM
 Blitz 2/1 

Pairing 24/28 :    Random_Opponent  -  V7P3R_v10.2

PGN-File: C:\Program Files (x86)\Arena\Tournaments\Engine Battle 20250905_3.pgn

No:  B/W 1/2     W:B       1:2           Time        Value Moves Dep 1:2       1-2-Draws
   2 W 2    1.0:0.0        0.0:2.0       4:37:11 PM     0.00    19 0:4.824  0-2-0

--------------------------------------------------------------

Engine-Match Friday, September 5, 2025 4:37:12 PM
 Blitz 2/1 

Pairing 25/28 :    C0BR4_v2.8  -  C0BR4_v2.9

PGN-File: C:\Program Files (x86)\Arena\Tournaments\Engine Battle 20250905_3.pgn

No:  B/W 1/2     W:B       1:2           Time        Value Moves Dep 1:2       1-2-Draws
   2 W 2    1.5:0.5        0.5:1.5       4:37:43 PM    +9.56    37 4.000 :4.000  0-1-1

--------------------------------------------------------------

Engine-Match Friday, September 5, 2025 4:37:44 PM
 Blitz 2/1 

Pairing 26/28 :    Stockfish 1%  -  SlowMate_v3.0

PGN-File: C:\Program Files (x86)\Arena\Tournaments\Engine Battle 20250905_3.pgn

No:  B/W 1/2     W:B       1:2           Time        Value Moves Dep 1:2       1-2-Draws
   2 B 1    1.0:0.0        2.0:0.0       4:41:34 PM    -9.31    96 10.833 :2.912  2-0-0

--------------------------------------------------------------

Engine-Match Friday, September 5, 2025 4:41:35 PM
 Blitz 2/1 

Pairing 27/28 :    SlowMate_v3.1  -  Random_Opponent

PGN-File: C:\Program Files (x86)\Arena\Tournaments\Engine Battle 20250905_3.pgn

No:  B/W 1/2     W:B       1:2           Time        Value Moves Dep 1:2       1-2-Draws
   2 B 1    1.0:0.0        2.0:0.0       4:41:58 PM  -184.86     5 3.200 :0 2-0-0

--------------------------------------------------------------

Engine-Match Friday, September 5, 2025 4:41:59 PM
 Blitz 2/1 

Pairing 28/28 :    V7P3R_v10.2  -  V7P3R_v10.0

PGN-File: C:\Program Files (x86)\Arena\Tournaments\Engine Battle 20250905_3.pgn

No:  B/W 1/2     W:B       1:2           Time        Value Moves Dep 1:2       1-2-Draws
   2 W 2    1.5:0.5        0.5:1.5       4:45:31 PM  +289.99    56 4.833 :4.630  0-1-1

--------------------------------------------------------------

Engine-Match Friday, September 5, 2025 4:45:33 PM
 Blitz 2/1 

Pairing 1/28 :    C0BR4_v2.8  -  Stockfish 1%

PGN-File: C:\Program Files (x86)\Arena\Tournaments\Engine Battle 20250905_3.pgn

No:  B/W 1/2     W:B       1:2           Time        Value Moves Dep 1:2       1-2-Draws
   3 W 1    1.0:0.0        1.0:2.0       4:45:49 PM  +299.99    27 4.000 :10.833  1-2-0

--------------------------------------------------------------

Engine-Match Friday, September 5, 2025 4:45:50 PM
 Blitz 2/1 

Pairing 2/28 :    Random_Opponent  -  C0BR4_v2.9

PGN-File: C:\Program Files (x86)\Arena\Tournaments\Engine Battle 20250905_3.pgn

No:  B/W 1/2     W:B       1:2           Time        Value Moves Dep 1:2       1-2-Draws
   3 B 2    1.0:0.0        0.0:3.0       4:46:06 PM  -299.97    21 0:4.000  0-3-0

--------------------------------------------------------------

Engine-Match Friday, September 5, 2025 4:46:07 PM
 Blitz 2/1 

Pairing 3/28 :    SlowMate_v3.0  -  V7P3R_v10.2

PGN-File: C:\Program Files (x86)\Arena\Tournaments\Engine Battle 20250905_3.pgn

No:  B/W 1/2     W:B       1:2           Time        Value Moves Dep 1:2       1-2-Draws
   3 = =    1.5:1.5        1.5:1.5       4:49:24 PM    +1.50    37 3.267 :4.400  0-0-3

--------------------------------------------------------------

Engine-Match Friday, September 5, 2025 4:49:25 PM
 Blitz 2/1 

Pairing 4/28 :    V7P3R_v10.0  -  SlowMate_v3.1

PGN-File: C:\Program Files (x86)\Arena\Tournaments\Engine Battle 20250905_3.pgn

No:  B/W 1/2     W:B       1:2           Time        Value Moves Dep 1:2       1-2-Draws
   3 = =    1.0:1.0        2.0:1.0       4:54:10 PM    +2.60    52 4.432 :3.256  1-0-2

--------------------------------------------------------------

Engine-Match Friday, September 5, 2025 4:54:16 PM
 Blitz 2/1 

Pairing 5/28 :    Random_Opponent  -  C0BR4_v2.8

PGN-File: C:\Program Files (x86)\Arena\Tournaments\Engine Battle 20250905_3.pgn

No:  B/W 1/2     W:B       1:2           Time        Value Moves Dep 1:2       1-2-Draws
   3 B 2    1.0:0.0        0.0:3.0       4:54:28 PM  -299.99    22 0:4.000  0-3-0

--------------------------------------------------------------

Engine-Match Friday, September 5, 2025 4:54:30 PM
 Blitz 2/1 

Pairing 6/28 :    V7P3R_v10.2  -  Stockfish 1%

PGN-File: C:\Program Files (x86)\Arena\Tournaments\Engine Battle 20250905_3.pgn

No:  B/W 1/2     W:B       1:2           Time        Value Moves Dep 1:2       1-2-Draws
   3 W 1    1.0:0.0        1.0:2.0       4:56:45 PM  +289.99    50 4.625 :11.167  1-2-0

--------------------------------------------------------------

Engine-Match Friday, September 5, 2025 4:56:46 PM
 Blitz 2/1 

Pairing 7/28 :    C0BR4_v2.9  -  V7P3R_v10.0

PGN-File: C:\Program Files (x86)\Arena\Tournaments\Engine Battle 20250905_3.pgn

No:  B/W 1/2     W:B       1:2           Time        Value Moves Dep 1:2       1-2-Draws
   3 W 1    1.5:0.5        2.5:0.5       4:59:22 PM   +10.00    45 4.000 :4.375  2-0-1

--------------------------------------------------------------

Engine-Match Friday, September 5, 2025 4:59:24 PM
 Blitz 2/1 

Pairing 8/28 :    SlowMate_v3.1  -  SlowMate_v3.0

PGN-File: C:\Program Files (x86)\Arena\Tournaments\Engine Battle 20250905_3.pgn

No:  B/W 1/2     W:B       1:2           Time        Value Moves Dep 1:2       1-2-Draws
   3 = =    1.5:1.5        1.5:1.5       5:01:30 PM    -2.93    19 3.316 :3.105  0-0-3

--------------------------------------------------------------

Engine-Match Friday, September 5, 2025 5:01:31 PM
 Blitz 2/1 

Pairing 9/28 :    C0BR4_v2.8  -  V7P3R_v10.2

PGN-File: C:\Program Files (x86)\Arena\Tournaments\Engine Battle 20250905_3.pgn

No:  B/W 1/2     W:B       1:2           Time        Value Moves Dep 1:2       1-2-Draws
   3 W 1    1.5:0.5        1.5:1.5       5:02:58 PM  +299.99    27 4.000 :4.471  1-1-1

--------------------------------------------------------------

Engine-Match Friday, September 5, 2025 5:02:59 PM
 Blitz 2/1 

Pairing 10/28 :    V7P3R_v10.0  -  Random_Opponent

PGN-File: C:\Program Files (x86)\Arena\Tournaments\Engine Battle 20250905_3.pgn

No:  B/W 1/2     W:B       1:2           Time        Value Moves Dep 1:2       1-2-Draws
   3 W 1    1.0:0.0        3.0:0.0       5:04:12 PM  +289.98    14 5.071 :0 3-0-0

--------------------------------------------------------------

Engine-Match Friday, September 5, 2025 5:04:14 PM
 Blitz 2/1 

Pairing 11/28 :    Stockfish 1%  -  SlowMate_v3.1

PGN-File: C:\Program Files (x86)\Arena\Tournaments\Engine Battle 20250905_3.pgn

No:  B/W 1/2     W:B       1:2           Time        Value Moves Dep 1:2       1-2-Draws
   3 = =    0.5:0.5        2.5:0.5       5:05:49 PM     0.00    29 11.286 :3.536  2-0-1

--------------------------------------------------------------

Engine-Match Friday, September 5, 2025 5:05:50 PM
 Blitz 2/1 

Pairing 12/28 :    SlowMate_v3.0  -  C0BR4_v2.9

PGN-File: C:\Program Files (x86)\Arena\Tournaments\Engine Battle 20250905_3.pgn

No:  B/W 1/2     W:B       1:2           Time        Value Moves Dep 1:2       1-2-Draws
   3 B 2    1.0:0.0        1.0:2.0       5:08:18 PM  -299.97    43 3.279 :4.000  1-2-0

--------------------------------------------------------------

Engine-Match Friday, September 5, 2025 5:08:19 PM
 Blitz 2/1 

Pairing 13/28 :    V7P3R_v10.0  -  C0BR4_v2.8

PGN-File: C:\Program Files (x86)\Arena\Tournaments\Engine Battle 20250905_3.pgn

No:  B/W 1/2     W:B       1:2           Time        Value Moves Dep 1:2       1-2-Draws
   3 B 2    2.0:1.0        1.0:2.0       5:10:10 PM  -299.99    30 4.333 :4.000  0-1-2

--------------------------------------------------------------

Engine-Match Friday, September 5, 2025 5:10:12 PM
 Blitz 2/1 

Pairing 14/28 :    SlowMate_v3.1  -  V7P3R_v10.2

PGN-File: C:\Program Files (x86)\Arena\Tournaments\Engine Battle 20250905_3.pgn

No:  B/W 1/2     W:B       1:2           Time        Value Moves Dep 1:2       1-2-Draws
   3 = =    1.5:1.5        1.5:1.5       5:13:28 PM    +1.50    37 3.267 :4.400  0-0-3

--------------------------------------------------------------

Engine-Match Friday, September 5, 2025 5:13:30 PM
 Blitz 2/1 

Pairing 15/28 :    Random_Opponent  -  SlowMate_v3.0

PGN-File: C:\Program Files (x86)\Arena\Tournaments\Engine Battle 20250905_3.pgn

No:  B/W 1/2     W:B       1:2           Time        Value Moves Dep 1:2       1-2-Draws
   3 B 2    1.0:0.0        0.0:3.0       5:14:49 PM  -137.18    23 0:3.130  0-3-0

--------------------------------------------------------------

Engine-Match Friday, September 5, 2025 5:14:50 PM
 Blitz 2/1 

Pairing 16/28 :    C0BR4_v2.9  -  Stockfish 1%

PGN-File: C:\Program Files (x86)\Arena\Tournaments\Engine Battle 20250905_3.pgn

No:  B/W 1/2     W:B       1:2           Time        Value Moves Dep 1:2       1-2-Draws
   3 B 2    1.5:0.5        0.5:2.5       5:15:10 PM      -M1    32 3.967 :11.333  0-2-1

--------------------------------------------------------------

Engine-Match Friday, September 5, 2025 5:15:12 PM
 Blitz 2/1 

Pairing 17/28 :    C0BR4_v2.8  -  SlowMate_v3.1

PGN-File: C:\Program Files (x86)\Arena\Tournaments\Engine Battle 20250905_3.pgn

No:  B/W 1/2     W:B       1:2           Time        Value Moves Dep 1:2       1-2-Draws
   3 = =    0.5:0.5        1.5:1.5       5:15:57 PM   +11.31    12 4.000 :3.545  1-1-1

--------------------------------------------------------------

Engine-Match Friday, September 5, 2025 5:15:58 PM
 Blitz 2/1 

Pairing 18/28 :    SlowMate_v3.0  -  V7P3R_v10.0

PGN-File: C:\Program Files (x86)\Arena\Tournaments\Engine Battle 20250905_3.pgn

No:  B/W 1/2     W:B       1:2           Time        Value Moves Dep 1:2       1-2-Draws
   3 W 1    2.0:1.0        2.0:1.0       5:18:59 PM   +15.30    21 3.048 :4.238  1-0-2

--------------------------------------------------------------

Engine-Match Friday, September 5, 2025 5:19:00 PM
 Blitz 2/1 

Pairing 19/28 :    V7P3R_v10.2  -  C0BR4_v2.9

PGN-File: C:\Program Files (x86)\Arena\Tournaments\Engine Battle 20250905_3.pgn

No:  B/W 1/2     W:B       1:2           Time        Value Moves Dep 1:2       1-2-Draws
   3 B 2    2.0:1.0        1.0:2.0       5:20:51 PM  -299.97    34 4.667 :4.000  0-1-2

--------------------------------------------------------------

Engine-Match Friday, September 5, 2025 5:20:52 PM
 Blitz 2/1 

Pairing 20/28 :    Stockfish 1%  -  Random_Opponent

PGN-File: C:\Program Files (x86)\Arena\Tournaments\Engine Battle 20250905_3.pgn

No:  B/W 1/2     W:B       1:2           Time        Value Moves Dep 1:2       1-2-Draws
   3 W 1    1.0:0.0        3.0:0.0       5:21:15 PM      +M1    55 11.333 :0 3-0-0

--------------------------------------------------------------

Engine-Match Friday, September 5, 2025 5:21:16 PM
 Blitz 2/1 

Pairing 21/28 :    SlowMate_v3.0  -  C0BR4_v2.8

PGN-File: C:\Program Files (x86)\Arena\Tournaments\Engine Battle 20250905_3.pgn

No:  B/W 1/2     W:B       1:2           Time        Value Moves Dep 1:2       1-2-Draws
   3 = =    1.5:1.5        1.5:1.5       5:23:12 PM    -4.35    30 3.167 :4.000  0-0-3

--------------------------------------------------------------

Engine-Match Friday, September 5, 2025 5:23:13 PM
 Blitz 2/1 

Pairing 22/28 :    C0BR4_v2.9  -  SlowMate_v3.1

PGN-File: C:\Program Files (x86)\Arena\Tournaments\Engine Battle 20250905_3.pgn

No:  B/W 1/2     W:B       1:2           Time        Value Moves Dep 1:2       1-2-Draws
   3 = =    0.5:0.5        2.5:0.5       5:25:01 PM    -1.14    30 4.000 :3.276  2-0-1

--------------------------------------------------------------

Engine-Match Friday, September 5, 2025 5:25:02 PM
 Blitz 2/1 

Pairing 23/28 :    V7P3R_v10.0  -  Stockfish 1%

PGN-File: C:\Program Files (x86)\Arena\Tournaments\Engine Battle 20250905_3.pgn

No:  B/W 1/2     W:B       1:2           Time        Value Moves Dep 1:2       1-2-Draws
   3 B 2    1.0:0.0        1.0:2.0       5:27:12 PM      -M1    42 4.220 :11.333  1-2-0

--------------------------------------------------------------

Engine-Match Friday, September 5, 2025 5:27:13 PM
 Blitz 2/1 

Pairing 24/28 :    Random_Opponent  -  V7P3R_v10.2

PGN-File: C:\Program Files (x86)\Arena\Tournaments\Engine Battle 20250905_3.pgn

No:  B/W 1/2     W:B       1:2           Time        Value Moves Dep 1:2       1-2-Draws
   3 B 2    1.0:0.0        0.0:3.0       5:28:41 PM     0.00    28 0:4.619  0-3-0

--------------------------------------------------------------

Engine-Match Friday, September 5, 2025 5:28:47 PM
 Blitz 2/1 

Pairing 25/28 :    C0BR4_v2.8  -  C0BR4_v2.9

PGN-File: C:\Program Files (x86)\Arena\Tournaments\Engine Battle 20250905_3.pgn

No:  B/W 1/2     W:B       1:2           Time        Value Moves Dep 1:2       1-2-Draws
   3 = =    1.0:1.0        1.0:2.0       5:28:58 PM    +1.60    17 4.000 :4.000  0-1-2

--------------------------------------------------------------

Engine-Match Friday, September 5, 2025 5:28:59 PM
 Blitz 2/1 

Pairing 26/28 :    Stockfish 1%  -  SlowMate_v3.0

PGN-File: C:\Program Files (x86)\Arena\Tournaments\Engine Battle 20250905_3.pgn

No:  B/W 1/2     W:B       1:2           Time        Value Moves Dep 1:2       1-2-Draws
   3 = =    0.5:0.5        2.5:0.5       5:33:54 PM    +1.21   137 10.000 :3.278  2-0-1

--------------------------------------------------------------

Engine-Match Friday, September 5, 2025 5:33:56 PM
 Blitz 2/1 

Pairing 27/28 :    SlowMate_v3.1  -  Random_Opponent

PGN-File: C:\Program Files (x86)\Arena\Tournaments\Engine Battle 20250905_3.pgn

No:  B/W 1/2     W:B       1:2           Time        Value Moves Dep 1:2       1-2-Draws
   3 W 1    1.0:0.0        3.0:0.0       5:34:54 PM  +197.69    16 3.313 :0 3-0-0

--------------------------------------------------------------

Engine-Match Friday, September 5, 2025 5:34:56 PM
 Blitz 2/1 

Pairing 28/28 :    V7P3R_v10.2  -  V7P3R_v10.0

PGN-File: C:\Program Files (x86)\Arena\Tournaments\Engine Battle 20250905_3.pgn

No:  B/W 1/2     W:B       1:2           Time        Value Moves Dep 1:2       1-2-Draws
   3 = =    1.0:1.0        1.0:2.0       5:37:56 PM    -0.40    32 4.833 :4.750  0-1-2

--------------------------------------------------------------

Engine-Match Friday, September 5, 2025 5:37:57 PM
 Blitz 2/1 

Pairing 1/28 :    C0BR4_v2.8  -  Stockfish 1%

PGN-File: C:\Program Files (x86)\Arena\Tournaments\Engine Battle 20250905_3.pgn

No:  B/W 1/2     W:B       1:2           Time        Value Moves Dep 1:2       1-2-Draws
   4 B 1    1.0:0.0        2.0:2.0       5:39:07 PM  -299.99   120 4.000 :11.833  2-2-0

--------------------------------------------------------------

Engine-Match Friday, September 5, 2025 5:39:08 PM
 Blitz 2/1 

Pairing 2/28 :    Random_Opponent  -  C0BR4_v2.9

PGN-File: C:\Program Files (x86)\Arena\Tournaments\Engine Battle 20250905_3.pgn

No:  B/W 1/2     W:B       1:2           Time        Value Moves Dep 1:2       1-2-Draws
   4 W 2    1.0:0.0        0.0:4.0       5:39:20 PM  +299.97    13 0:3.818  0-4-0

--------------------------------------------------------------

Engine-Match Friday, September 5, 2025 5:39:21 PM
 Blitz 2/1 

Pairing 3/28 :    SlowMate_v3.0  -  V7P3R_v10.2

PGN-File: C:\Program Files (x86)\Arena\Tournaments\Engine Battle 20250905_3.pgn

No:  B/W 1/2     W:B       1:2           Time        Value Moves Dep 1:2       1-2-Draws
   4 W 2    2.5:1.5        1.5:2.5       5:43:05 PM   +11.03    40 3.211 :4.148  0-1-3

--------------------------------------------------------------

Engine-Match Friday, September 5, 2025 5:43:07 PM
 Blitz 2/1 

Pairing 4/28 :    V7P3R_v10.0  -  SlowMate_v3.1

PGN-File: C:\Program Files (x86)\Arena\Tournaments\Engine Battle 20250905_3.pgn

No:  B/W 1/2     W:B       1:2           Time        Value Moves Dep 1:2       1-2-Draws
   4 W 2    2.0:1.0        2.0:2.0       5:46:08 PM   +15.30    21 4.238 :3.048  1-1-2

--------------------------------------------------------------

Engine-Match Friday, September 5, 2025 5:46:09 PM
 Blitz 2/1 

Pairing 5/28 :    Random_Opponent  -  C0BR4_v2.8

PGN-File: C:\Program Files (x86)\Arena\Tournaments\Engine Battle 20250905_3.pgn

No:  B/W 1/2     W:B       1:2           Time        Value Moves Dep 1:2       1-2-Draws
   4 W 2    1.0:0.0        0.0:4.0       5:46:24 PM  +299.99    24 0:4.000  0-4-0

--------------------------------------------------------------

Engine-Match Friday, September 5, 2025 5:46:25 PM
 Blitz 2/1 

Pairing 6/28 :    V7P3R_v10.2  -  Stockfish 1%

PGN-File: C:\Program Files (x86)\Arena\Tournaments\Engine Battle 20250905_3.pgn

No:  B/W 1/2     W:B       1:2           Time        Value Moves Dep 1:2       1-2-Draws
   4 W 2    1.0:0.0        1.0:3.0       5:48:22 PM   +28.70    35 4.615 :11.000  1-3-0

--------------------------------------------------------------

Engine-Match Friday, September 5, 2025 5:48:23 PM
 Blitz 2/1 

Pairing 7/28 :    C0BR4_v2.9  -  V7P3R_v10.0

PGN-File: C:\Program Files (x86)\Arena\Tournaments\Engine Battle 20250905_3.pgn

No:  B/W 1/2     W:B       1:2           Time        Value Moves Dep 1:2       1-2-Draws
   4 = =    1.0:1.0        3.0:1.0       5:50:43 PM    -7.20    47 4.000 :4.375  2-0-2

--------------------------------------------------------------

Engine-Match Friday, September 5, 2025 5:50:44 PM
 Blitz 2/1 

Pairing 8/28 :    SlowMate_v3.1  -  SlowMate_v3.0

PGN-File: C:\Program Files (x86)\Arena\Tournaments\Engine Battle 20250905_3.pgn

No:  B/W 1/2     W:B       1:2           Time        Value Moves Dep 1:2       1-2-Draws
   4 = =    2.0:2.0        2.0:2.0       5:52:50 PM    -2.93    19 3.105 :3.316  0-0-4

--------------------------------------------------------------

Engine-Match Friday, September 5, 2025 5:52:52 PM
 Blitz 2/1 

Pairing 9/28 :    C0BR4_v2.8  -  V7P3R_v10.2

PGN-File: C:\Program Files (x86)\Arena\Tournaments\Engine Battle 20250905_3.pgn

No:  B/W 1/2     W:B       1:2           Time        Value Moves Dep 1:2       1-2-Draws
   4 W 2    1.5:0.5        1.5:2.5       5:54:11 PM  +289.98    23 4.000 :4.500  1-2-1

--------------------------------------------------------------

Engine-Match Friday, September 5, 2025 5:54:12 PM
 Blitz 2/1 

Pairing 10/28 :    V7P3R_v10.0  -  Random_Opponent

PGN-File: C:\Program Files (x86)\Arena\Tournaments\Engine Battle 20250905_3.pgn

No:  B/W 1/2     W:B       1:2           Time        Value Moves Dep 1:2       1-2-Draws
   4 B 1    1.0:0.0        4.0:0.0       5:55:20 PM  -289.98    14 4.929 :0 4-0-0

--------------------------------------------------------------

Engine-Match Friday, September 5, 2025 5:55:21 PM
 Blitz 2/1 

Pairing 11/28 :    Stockfish 1%  -  SlowMate_v3.1

PGN-File: C:\Program Files (x86)\Arena\Tournaments\Engine Battle 20250905_3.pgn

No:  B/W 1/2     W:B       1:2           Time        Value Moves Dep 1:2       1-2-Draws
   4 B 1    1.5:0.5        3.5:0.5       5:56:42 PM      -M1    23 9.857 :3.000  3-0-1

--------------------------------------------------------------

Engine-Match Friday, September 5, 2025 5:56:43 PM
 Blitz 2/1 

Pairing 12/28 :    SlowMate_v3.0  -  C0BR4_v2.9

PGN-File: C:\Program Files (x86)\Arena\Tournaments\Engine Battle 20250905_3.pgn

No:  B/W 1/2     W:B       1:2           Time        Value Moves Dep 1:2       1-2-Draws
   4 = =    0.5:0.5        1.5:2.5       5:58:31 PM    -1.14    30 3.276 :4.000  1-2-1

--------------------------------------------------------------

Engine-Match Friday, September 5, 2025 5:58:32 PM
 Blitz 2/1 

Pairing 13/28 :    V7P3R_v10.0  -  C0BR4_v2.8

PGN-File: C:\Program Files (x86)\Arena\Tournaments\Engine Battle 20250905_3.pgn

No:  B/W 1/2     W:B       1:2           Time        Value Moves Dep 1:2       1-2-Draws
   4 W 2    2.0:1.0        1.0:3.0       6:00:53 PM  +299.99    36 4.371 :4.000  0-2-2

--------------------------------------------------------------

Engine-Match Friday, September 5, 2025 6:00:54 PM
 Blitz 2/1 

Pairing 14/28 :    SlowMate_v3.1  -  V7P3R_v10.2

PGN-File: C:\Program Files (x86)\Arena\Tournaments\Engine Battle 20250905_3.pgn

No:  B/W 1/2     W:B       1:2           Time        Value Moves Dep 1:2       1-2-Draws
   4 W 2    2.5:1.5        1.5:2.5       6:05:49 PM   +26.72    62 3.139 :4.250  0-1-3

--------------------------------------------------------------

Engine-Match Friday, September 5, 2025 6:05:50 PM
 Blitz 2/1 

Pairing 15/28 :    Random_Opponent  -  SlowMate_v3.0

PGN-File: C:\Program Files (x86)\Arena\Tournaments\Engine Battle 20250905_3.pgn

No:  B/W 1/2     W:B       1:2           Time        Value Moves Dep 1:2       1-2-Draws
   4 W 2    1.0:0.0        0.0:4.0       6:07:13 PM  +189.37    24 0:3.583  0-4-0

--------------------------------------------------------------

Engine-Match Friday, September 5, 2025 6:07:14 PM
 Blitz 2/1 

Pairing 16/28 :    C0BR4_v2.9  -  Stockfish 1%

PGN-File: C:\Program Files (x86)\Arena\Tournaments\Engine Battle 20250905_3.pgn

No:  B/W 1/2     W:B       1:2           Time        Value Moves Dep 1:2       1-2-Draws
   4 W 2    1.5:0.5        0.5:3.5       6:07:49 PM   +11.43    58 4.000 :12.000  0-3-1

--------------------------------------------------------------

Engine-Match Friday, September 5, 2025 6:07:55 PM
 Blitz 2/1 

Pairing 17/28 :    C0BR4_v2.8  -  SlowMate_v3.1

PGN-File: C:\Program Files (x86)\Arena\Tournaments\Engine Battle 20250905_3.pgn

No:  B/W 1/2     W:B       1:2           Time        Value Moves Dep 1:2       1-2-Draws
   4 B 1    1.5:0.5        2.5:1.5       6:10:20 PM  -299.99    43 4.000 :3.256  2-1-1

--------------------------------------------------------------

Engine-Match Friday, September 5, 2025 6:10:21 PM
 Blitz 2/1 

Pairing 18/28 :    SlowMate_v3.0  -  V7P3R_v10.0

PGN-File: C:\Program Files (x86)\Arena\Tournaments\Engine Battle 20250905_3.pgn

No:  B/W 1/2     W:B       1:2           Time        Value Moves Dep 1:2       1-2-Draws
   4 W 2    2.0:1.0        2.0:2.0       6:13:43 PM  +289.99    33 3.333 :4.667  1-1-2

--------------------------------------------------------------

Engine-Match Friday, September 5, 2025 6:13:44 PM
 Blitz 2/1 

Pairing 19/28 :    V7P3R_v10.2  -  C0BR4_v2.9

PGN-File: C:\Program Files (x86)\Arena\Tournaments\Engine Battle 20250905_3.pgn

No:  B/W 1/2     W:B       1:2           Time        Value Moves Dep 1:2       1-2-Draws
   4 = =    1.5:1.5        1.5:2.5       6:15:37 PM    +2.00    26 4.409 :4.000  0-1-3

--------------------------------------------------------------

Engine-Match Friday, September 5, 2025 6:15:39 PM
 Blitz 2/1 

Pairing 20/28 :    Stockfish 1%  -  Random_Opponent

PGN-File: C:\Program Files (x86)\Arena\Tournaments\Engine Battle 20250905_3.pgn

No:  B/W 1/2     W:B       1:2           Time        Value Moves Dep 1:2       1-2-Draws
   4 B 1    1.0:0.0        4.0:0.0       6:15:51 PM      -M1    27 13.375 :0 4-0-0

--------------------------------------------------------------

Engine-Match Friday, September 5, 2025 6:15:52 PM
 Blitz 2/1 

Pairing 21/28 :    SlowMate_v3.0  -  C0BR4_v2.8

PGN-File: C:\Program Files (x86)\Arena\Tournaments\Engine Battle 20250905_3.pgn

No:  B/W 1/2     W:B       1:2           Time        Value Moves Dep 1:2       1-2-Draws
   4 W 2    2.5:1.5        1.5:2.5       6:18:39 PM  +299.99    40 2.872 :4.000  0-1-3

--------------------------------------------------------------

Engine-Match Friday, September 5, 2025 6:18:40 PM
 Blitz 2/1 

Pairing 22/28 :    C0BR4_v2.9  -  SlowMate_v3.1

PGN-File: C:\Program Files (x86)\Arena\Tournaments\Engine Battle 20250905_3.pgn

No:  B/W 1/2     W:B       1:2           Time        Value Moves Dep 1:2       1-2-Draws
   4 B 1    1.5:0.5        3.5:0.5       6:21:09 PM  -299.97    43 4.000 :3.256  3-0-1

--------------------------------------------------------------

Engine-Match Friday, September 5, 2025 6:21:10 PM
 Blitz 2/1 

Pairing 23/28 :    V7P3R_v10.0  -  Stockfish 1%

PGN-File: C:\Program Files (x86)\Arena\Tournaments\Engine Battle 20250905_3.pgn

No:  B/W 1/2     W:B       1:2           Time        Value Moves Dep 1:2       1-2-Draws
   4 = =    0.5:0.5        1.5:2.5       6:23:09 PM    +5.58    51 4.714 :10.778  1-2-1

--------------------------------------------------------------

Engine-Match Friday, September 5, 2025 6:23:11 PM
 Blitz 2/1 

Pairing 24/28 :    Random_Opponent  -  V7P3R_v10.2

PGN-File: C:\Program Files (x86)\Arena\Tournaments\Engine Battle 20250905_3.pgn

No:  B/W 1/2     W:B       1:2           Time        Value Moves Dep 1:2       1-2-Draws
   4 W 2    1.0:0.0        0.0:4.0       6:24:16 PM  +289.98    15 0:4.615  0-4-0

--------------------------------------------------------------

Engine-Match Friday, September 5, 2025 6:24:18 PM
 Blitz 2/1 

Pairing 25/28 :    C0BR4_v2.8  -  C0BR4_v2.9

PGN-File: C:\Program Files (x86)\Arena\Tournaments\Engine Battle 20250905_3.pgn

No:  B/W 1/2     W:B       1:2           Time        Value Moves Dep 1:2       1-2-Draws
   4 W 2    2.0:1.0        1.0:3.0       6:24:38 PM   +11.35    21 4.000 :4.000  0-2-2

--------------------------------------------------------------

Engine-Match Friday, September 5, 2025 6:24:39 PM
 Blitz 2/1 

Pairing 26/28 :    Stockfish 1%  -  SlowMate_v3.0

PGN-File: C:\Program Files (x86)\Arena\Tournaments\Engine Battle 20250905_3.pgn

No:  B/W 1/2     W:B       1:2           Time        Value Moves Dep 1:2       1-2-Draws
   4 = =    1.0:1.0        3.0:1.0       6:26:31 PM     0.00    35 10.857 :3.200  2-0-2

--------------------------------------------------------------

Engine-Match Friday, September 5, 2025 6:26:32 PM
 Blitz 2/1 

Pairing 27/28 :    SlowMate_v3.1  -  Random_Opponent

PGN-File: C:\Program Files (x86)\Arena\Tournaments\Engine Battle 20250905_3.pgn

No:  B/W 1/2     W:B       1:2           Time        Value Moves Dep 1:2       1-2-Draws
   4 = =    0.5:0.5        3.5:0.5       6:28:51 PM  -200.00    47 3.056 :0 3-0-1

--------------------------------------------------------------

Engine-Match Friday, September 5, 2025 6:28:53 PM
 Blitz 2/1 

Pairing 28/28 :    V7P3R_v10.2  -  V7P3R_v10.0

PGN-File: C:\Program Files (x86)\Arena\Tournaments\Engine Battle 20250905_3.pgn

No:  B/W 1/2     W:B       1:2           Time        Value Moves Dep 1:2       1-2-Draws
   4 W 2    2.0:1.0        1.0:3.0       6:32:44 PM  +289.98    60 4.667 :4.786  0-2-2

--------------------------------------------------------------

Engine-Match Friday, September 5, 2025 6:32:46 PM
 Blitz 2/1 

Pairing 1/28 :    C0BR4_v2.8  -  Stockfish 1%

PGN-File: C:\Program Files (x86)\Arena\Tournaments\Engine Battle 20250905_3.pgn

No:  B/W 1/2     W:B       1:2           Time        Value Moves Dep 1:2       1-2-Draws
   5 = =    0.5:0.5        2.5:2.5       6:35:16 PM    -4.13   250 4.000 :10.429  2-2-1

--------------------------------------------------------------

Engine-Match Friday, September 5, 2025 6:35:17 PM
 Blitz 2/1 

Pairing 2/28 :    Random_Opponent  -  C0BR4_v2.9

PGN-File: C:\Program Files (x86)\Arena\Tournaments\Engine Battle 20250905_3.pgn

No:  B/W 1/2     W:B       1:2           Time        Value Moves Dep 1:2       1-2-Draws
   5 B 2    1.0:0.0        0.0:5.0       6:35:26 PM  -299.97    14 0:3.846  0-5-0

--------------------------------------------------------------

Engine-Match Friday, September 5, 2025 6:35:28 PM
 Blitz 2/1 

Pairing 3/28 :    SlowMate_v3.0  -  V7P3R_v10.2

PGN-File: C:\Program Files (x86)\Arena\Tournaments\Engine Battle 20250905_3.pgn

No:  B/W 1/2     W:B       1:2           Time        Value Moves Dep 1:2       1-2-Draws
   5 = =    2.0:2.0        2.0:3.0       6:39:17 PM     0.00    45 3.267 :4.400  0-1-4

--------------------------------------------------------------

Engine-Match Friday, September 5, 2025 6:39:19 PM
 Blitz 2/1 

Pairing 4/28 :    V7P3R_v10.0  -  SlowMate_v3.1

PGN-File: C:\Program Files (x86)\Arena\Tournaments\Engine Battle 20250905_3.pgn

No:  B/W 1/2     W:B       1:2           Time        Value Moves Dep 1:2       1-2-Draws
   5 = =    1.5:1.5        2.5:2.5       6:42:24 PM    +2.25    24 4.625 :3.042  1-1-3

--------------------------------------------------------------

Engine-Match Friday, September 5, 2025 6:42:25 PM
 Blitz 2/1 

Pairing 5/28 :    Random_Opponent  -  C0BR4_v2.8

PGN-File: C:\Program Files (x86)\Arena\Tournaments\Engine Battle 20250905_3.pgn

No:  B/W 1/2     W:B       1:2           Time        Value Moves Dep 1:2       1-2-Draws
   5 B 2    1.0:0.0        0.0:5.0       6:42:36 PM  -299.99    20 0:4.000  0-5-0

--------------------------------------------------------------

Engine-Match Friday, September 5, 2025 6:42:38 PM
 Blitz 2/1 

Pairing 6/28 :    V7P3R_v10.2  -  Stockfish 1%

PGN-File: C:\Program Files (x86)\Arena\Tournaments\Engine Battle 20250905_3.pgn

No:  B/W 1/2     W:B       1:2           Time        Value Moves Dep 1:2       1-2-Draws
   5 B 2    1.0:0.0        1.0:4.0       6:44:12 PM      -M1    22 4.765 :8.500  1-4-0

--------------------------------------------------------------

Engine-Match Friday, September 5, 2025 6:44:14 PM
 Blitz 2/1 

Pairing 7/28 :    C0BR4_v2.9  -  V7P3R_v10.0

PGN-File: C:\Program Files (x86)\Arena\Tournaments\Engine Battle 20250905_3.pgn

No:  B/W 1/2     W:B       1:2           Time        Value Moves Dep 1:2       1-2-Draws
   5 = =    1.5:1.5        3.5:1.5       6:45:59 PM    +1.30    19 4.000 :4.947  2-0-3

--------------------------------------------------------------

Engine-Match Friday, September 5, 2025 6:46:00 PM
 Blitz 2/1 

Pairing 8/28 :    SlowMate_v3.1  -  SlowMate_v3.0

PGN-File: C:\Program Files (x86)\Arena\Tournaments\Engine Battle 20250905_3.pgn

No:  B/W 1/2     W:B       1:2           Time        Value Moves Dep 1:2       1-2-Draws
   5 = =    2.5:2.5        2.5:2.5       6:48:07 PM    -2.93    19 3.316 :3.105  0-0-5

--------------------------------------------------------------

Engine-Match Friday, September 5, 2025 6:48:13 PM
 Blitz 2/1 

Pairing 9/28 :    C0BR4_v2.8  -  V7P3R_v10.2

PGN-File: C:\Program Files (x86)\Arena\Tournaments\Engine Battle 20250905_3.pgn

No:  B/W 1/2     W:B       1:2           Time        Value Moves Dep 1:2       1-2-Draws
   5 = =    1.0:1.0        2.0:3.0       6:50:25 PM    +3.19    43 4.000 :4.409  1-2-2

--------------------------------------------------------------

Engine-Match Friday, September 5, 2025 6:50:26 PM
 Blitz 2/1 

Pairing 10/28 :    V7P3R_v10.0  -  Random_Opponent

PGN-File: C:\Program Files (x86)\Arena\Tournaments\Engine Battle 20250905_3.pgn

No:  B/W 1/2     W:B       1:2           Time        Value Moves Dep 1:2       1-2-Draws
   5 W 1    1.0:0.0        5.0:0.0       6:51:47 PM  +289.98    19 4.789 :0 5-0-0

--------------------------------------------------------------

Engine-Match Friday, September 5, 2025 6:51:48 PM
 Blitz 2/1 

Pairing 11/28 :    Stockfish 1%  -  SlowMate_v3.1

PGN-File: C:\Program Files (x86)\Arena\Tournaments\Engine Battle 20250905_3.pgn

No:  B/W 1/2     W:B       1:2           Time        Value Moves Dep 1:2       1-2-Draws
   5 B 2    1.5:0.5        3.5:1.5       6:53:48 PM   -11.80    39 11.500 :3.118  3-1-1

--------------------------------------------------------------

Engine-Match Friday, September 5, 2025 6:53:49 PM
 Blitz 2/1 

Pairing 12/28 :    SlowMate_v3.0  -  C0BR4_v2.9

PGN-File: C:\Program Files (x86)\Arena\Tournaments\Engine Battle 20250905_3.pgn

No:  B/W 1/2     W:B       1:2           Time        Value Moves Dep 1:2       1-2-Draws
   5 B 2    1.5:0.5        1.5:3.5       6:55:37 PM   -15.53    29 3.034 :4.000  1-3-1

--------------------------------------------------------------

Engine-Match Friday, September 5, 2025 6:55:38 PM
 Blitz 2/1 

Pairing 13/28 :    V7P3R_v10.0  -  C0BR4_v2.8

PGN-File: C:\Program Files (x86)\Arena\Tournaments\Engine Battle 20250905_3.pgn

No:  B/W 1/2     W:B       1:2           Time        Value Moves Dep 1:2       1-2-Draws
   5 = =    1.5:1.5        1.5:3.5       6:57:28 PM    +8.60    27 4.704 :4.000  0-2-3

--------------------------------------------------------------

Engine-Match Friday, September 5, 2025 6:57:29 PM
 Blitz 2/1 

Pairing 14/28 :    SlowMate_v3.1  -  V7P3R_v10.2

PGN-File: C:\Program Files (x86)\Arena\Tournaments\Engine Battle 20250905_3.pgn

No:  B/W 1/2     W:B       1:2           Time        Value Moves Dep 1:2       1-2-Draws
   5 = =    2.0:2.0        2.0:3.0       7:00:47 PM    +1.50    37 3.267 :4.400  0-1-4

--------------------------------------------------------------

Engine-Match Friday, September 5, 2025 7:00:48 PM
 Blitz 2/1 

Pairing 15/28 :    Random_Opponent  -  SlowMate_v3.0

PGN-File: C:\Program Files (x86)\Arena\Tournaments\Engine Battle 20250905_3.pgn

No:  B/W 1/2     W:B       1:2           Time        Value Moves Dep 1:2       1-2-Draws
   5 = =    0.5:0.5        0.5:4.5       7:01:56 PM     0.00    20 0:3.684  0-4-1

--------------------------------------------------------------

Engine-Match Friday, September 5, 2025 7:01:58 PM
 Blitz 2/1 

Pairing 16/28 :    C0BR4_v2.9  -  Stockfish 1%

PGN-File: C:\Program Files (x86)\Arena\Tournaments\Engine Battle 20250905_3.pgn

No:  B/W 1/2     W:B       1:2           Time        Value Moves Dep 1:2       1-2-Draws
   5 W 1    1.5:0.5        1.5:3.5       7:02:30 PM  +299.97    51 4.000 :11.500  1-3-1

--------------------------------------------------------------

Engine-Match Friday, September 5, 2025 7:02:31 PM
 Blitz 2/1 

Pairing 17/28 :    C0BR4_v2.8  -  SlowMate_v3.1

PGN-File: C:\Program Files (x86)\Arena\Tournaments\Engine Battle 20250905_3.pgn

No:  B/W 1/2     W:B       1:2           Time        Value Moves Dep 1:2       1-2-Draws
   5 W 1    1.5:0.5        3.5:1.5       7:05:14 PM  +299.99    40 4.000 :2.897  3-1-1

--------------------------------------------------------------

Engine-Match Friday, September 5, 2025 7:05:16 PM
 Blitz 2/1 

Pairing 18/28 :    SlowMate_v3.0  -  V7P3R_v10.0

PGN-File: C:\Program Files (x86)\Arena\Tournaments\Engine Battle 20250905_3.pgn

No:  B/W 1/2     W:B       1:2           Time        Value Moves Dep 1:2       1-2-Draws
   5 = =    1.5:1.5        2.5:2.5       7:10:58 PM   -13.20    70 3.125 :4.103  1-1-3

--------------------------------------------------------------

Engine-Match Friday, September 5, 2025 7:11:00 PM
 Blitz 2/1 

Pairing 19/28 :    V7P3R_v10.2  -  C0BR4_v2.9

PGN-File: C:\Program Files (x86)\Arena\Tournaments\Engine Battle 20250905_3.pgn

No:  B/W 1/2     W:B       1:2           Time        Value Moves Dep 1:2       1-2-Draws
   5 = =    2.0:2.0        2.0:3.0       7:13:36 PM    +6.10    49 4.278 :4.000  0-1-4

--------------------------------------------------------------

Engine-Match Friday, September 5, 2025 7:13:38 PM
 Blitz 2/1 

Pairing 20/28 :    Stockfish 1%  -  Random_Opponent

PGN-File: C:\Program Files (x86)\Arena\Tournaments\Engine Battle 20250905_3.pgn

No:  B/W 1/2     W:B       1:2           Time        Value Moves Dep 1:2       1-2-Draws
   5 W 1    1.0:0.0        5.0:0.0       7:13:49 PM      +M1    24 12.000 :0 5-0-0

--------------------------------------------------------------

Engine-Match Friday, September 5, 2025 7:13:51 PM
 Blitz 2/1 

Pairing 21/28 :    SlowMate_v3.0  -  C0BR4_v2.8

PGN-File: C:\Program Files (x86)\Arena\Tournaments\Engine Battle 20250905_3.pgn

No:  B/W 1/2     W:B       1:2           Time        Value Moves Dep 1:2       1-2-Draws
   5 B 2    2.5:1.5        1.5:3.5       7:16:16 PM  -299.99    43 3.279 :4.000  0-2-3

--------------------------------------------------------------

Engine-Match Friday, September 5, 2025 7:16:17 PM
 Blitz 2/1 

Pairing 22/28 :    C0BR4_v2.9  -  SlowMate_v3.1

PGN-File: C:\Program Files (x86)\Arena\Tournaments\Engine Battle 20250905_3.pgn

No:  B/W 1/2     W:B       1:2           Time        Value Moves Dep 1:2       1-2-Draws
   5 = =    1.0:1.0        4.0:1.0       7:18:05 PM    -1.14    30 4.000 :3.276  3-0-2

--------------------------------------------------------------

Engine-Match Friday, September 5, 2025 7:18:06 PM
 Blitz 2/1 

Pairing 23/28 :    V7P3R_v10.0  -  Stockfish 1%

PGN-File: C:\Program Files (x86)\Arena\Tournaments\Engine Battle 20250905_3.pgn

No:  B/W 1/2     W:B       1:2           Time        Value Moves Dep 1:2       1-2-Draws
   5 = =    1.0:1.0        2.0:3.0       7:20:50 PM   +30.20    63 4.348 :11.167  1-2-2

--------------------------------------------------------------

Engine-Match Friday, September 5, 2025 7:20:52 PM
 Blitz 2/1 

Pairing 24/28 :    Random_Opponent  -  V7P3R_v10.2

PGN-File: C:\Program Files (x86)\Arena\Tournaments\Engine Battle 20250905_3.pgn

No:  B/W 1/2     W:B       1:2           Time        Value Moves Dep 1:2       1-2-Draws
   5 B 2    1.0:0.0        0.0:5.0       7:22:17 PM  -289.98    21 0:4.632  0-5-0

--------------------------------------------------------------

Engine-Match Friday, September 5, 2025 7:22:19 PM
 Blitz 2/1 

Pairing 25/28 :    C0BR4_v2.8  -  C0BR4_v2.9

PGN-File: C:\Program Files (x86)\Arena\Tournaments\Engine Battle 20250905_3.pgn

No:  B/W 1/2     W:B       1:2           Time        Value Moves Dep 1:2       1-2-Draws
   5 = =    1.5:1.5        1.5:3.5       7:23:04 PM    -3.15    61 4.000 :4.000  0-2-3

--------------------------------------------------------------

Engine-Match Friday, September 5, 2025 7:23:06 PM
 Blitz 2/1 

Pairing 26/28 :    Stockfish 1%  -  SlowMate_v3.0

PGN-File: C:\Program Files (x86)\Arena\Tournaments\Engine Battle 20250905_3.pgn

No:  B/W 1/2     W:B       1:2           Time        Value Moves Dep 1:2       1-2-Draws
   5 W 1    2.0:1.0        4.0:1.0       7:25:49 PM      +M1    59 11.500 :3.296  3-0-2

--------------------------------------------------------------

Engine-Match Friday, September 5, 2025 7:25:50 PM
 Blitz 2/1 

Pairing 27/28 :    SlowMate_v3.1  -  Random_Opponent

PGN-File: C:\Program Files (x86)\Arena\Tournaments\Engine Battle 20250905_3.pgn

No:  B/W 1/2     W:B       1:2           Time        Value Moves Dep 1:2       1-2-Draws
   5 W 1    1.5:0.5        4.5:0.5       7:26:46 PM  +163.01    15 3.333 :0 4-0-1

--------------------------------------------------------------

Engine-Match Friday, September 5, 2025 7:26:47 PM
 Blitz 2/1 

Pairing 28/28 :    V7P3R_v10.2  -  V7P3R_v10.0

PGN-File: C:\Program Files (x86)\Arena\Tournaments\Engine Battle 20250905_3.pgn

No:  B/W 1/2     W:B       1:2           Time        Value Moves Dep 1:2       1-2-Draws
   5 = =    1.5:1.5        1.5:3.5       7:29:37 PM    +0.20    31 4.833 :4.750  0-2-3

--------------------------------------------------------------

Engine-Match Friday, September 5, 2025 7:29:43 PM
 Blitz 2/1 

Pairing 1/28 :    C0BR4_v2.8  -  Stockfish 1%

PGN-File: C:\Program Files (x86)\Arena\Tournaments\Engine Battle 20250905_3.pgn

No:  B/W 1/2     W:B       1:2           Time        Value Moves Dep 1:2       1-2-Draws
   6 W 2    1.5:0.5        2.5:3.5       7:29:52 PM   +11.98    16 4.000 :11.667  2-3-1

--------------------------------------------------------------

Engine-Match Friday, September 5, 2025 7:29:54 PM
 Blitz 2/1 

Pairing 2/28 :    Random_Opponent  -  C0BR4_v2.9

PGN-File: C:\Program Files (x86)\Arena\Tournaments\Engine Battle 20250905_3.pgn

No:  B/W 1/2     W:B       1:2           Time        Value Moves Dep 1:2       1-2-Draws
   6 W 2    1.0:0.0        0.0:6.0       7:30:12 PM  +299.97    23 0:4.000  0-6-0

--------------------------------------------------------------

Engine-Match Friday, September 5, 2025 7:30:13 PM
 Blitz 2/1 

Pairing 3/28 :    SlowMate_v3.0  -  V7P3R_v10.2

PGN-File: C:\Program Files (x86)\Arena\Tournaments\Engine Battle 20250905_3.pgn

No:  B/W 1/2     W:B       1:2           Time        Value Moves Dep 1:2       1-2-Draws
   6 = =    2.5:2.5        2.5:3.5       7:34:12 PM     0.00    40 3.308 :4.371  0-1-5

--------------------------------------------------------------

Engine-Match Friday, September 5, 2025 7:34:13 PM
 Blitz 2/1 

Pairing 4/28 :    V7P3R_v10.0  -  SlowMate_v3.1

PGN-File: C:\Program Files (x86)\Arena\Tournaments\Engine Battle 20250905_3.pgn

No:  B/W 1/2     W:B       1:2           Time        Value Moves Dep 1:2       1-2-Draws
   6 W 2    2.5:1.5        2.5:3.5       7:37:13 PM   +15.20    21 4.190 :3.048  1-2-3

--------------------------------------------------------------

Engine-Match Friday, September 5, 2025 7:37:14 PM
 Blitz 2/1 

Pairing 5/28 :    Random_Opponent  -  C0BR4_v2.8

PGN-File: C:\Program Files (x86)\Arena\Tournaments\Engine Battle 20250905_3.pgn

No:  B/W 1/2     W:B       1:2           Time        Value Moves Dep 1:2       1-2-Draws
   6 W 2    1.0:0.0        0.0:6.0       7:37:24 PM  +299.99    16 0:4.000  0-6-0

--------------------------------------------------------------

Engine-Match Friday, September 5, 2025 7:37:26 PM
 Blitz 2/1 

Pairing 6/28 :    V7P3R_v10.2  -  Stockfish 1%

PGN-File: C:\Program Files (x86)\Arena\Tournaments\Engine Battle 20250905_3.pgn

No:  B/W 1/2     W:B       1:2           Time        Value Moves Dep 1:2       1-2-Draws
   6 W 2    1.0:0.0        1.0:5.0       7:38:58 PM      +M1    26 4.278 :11.000  1-5-0

--------------------------------------------------------------

Engine-Match Friday, September 5, 2025 7:39:00 PM
 Blitz 2/1 

Pairing 7/28 :    C0BR4_v2.9  -  V7P3R_v10.0

PGN-File: C:\Program Files (x86)\Arena\Tournaments\Engine Battle 20250905_3.pgn

No:  B/W 1/2     W:B       1:2           Time        Value Moves Dep 1:2       1-2-Draws
   6 B 1    2.5:1.5        4.5:1.5       7:40:51 PM  -289.97    33 4.000 :4.667  3-0-3

--------------------------------------------------------------

Engine-Match Friday, September 5, 2025 7:40:52 PM
 Blitz 2/1 

Pairing 8/28 :    SlowMate_v3.1  -  SlowMate_v3.0

PGN-File: C:\Program Files (x86)\Arena\Tournaments\Engine Battle 20250905_3.pgn

No:  B/W 1/2     W:B       1:2           Time        Value Moves Dep 1:2       1-2-Draws
   6 = =    3.0:3.0        3.0:3.0       7:42:59 PM    -2.93    19 3.105 :3.316  0-0-6

--------------------------------------------------------------

Engine-Match Friday, September 5, 2025 7:43:00 PM
 Blitz 2/1 

Pairing 9/28 :    C0BR4_v2.8  -  V7P3R_v10.2

PGN-File: C:\Program Files (x86)\Arena\Tournaments\Engine Battle 20250905_3.pgn

No:  B/W 1/2     W:B       1:2           Time        Value Moves Dep 1:2       1-2-Draws
   6 = =    1.5:1.5        2.5:3.5       7:44:29 PM    -1.00    26 4.000 :4.412  1-2-3

--------------------------------------------------------------

Engine-Match Friday, September 5, 2025 7:44:30 PM
 Blitz 2/1 

Pairing 10/28 :    V7P3R_v10.0  -  Random_Opponent

PGN-File: C:\Program Files (x86)\Arena\Tournaments\Engine Battle 20250905_3.pgn

No:  B/W 1/2     W:B       1:2           Time        Value Moves Dep 1:2       1-2-Draws
   6 B 1    1.0:0.0        6.0:0.0       7:45:12 PM  -289.98     8 5.125 :0 6-0-0

--------------------------------------------------------------

Engine-Match Friday, September 5, 2025 7:45:14 PM
 Blitz 2/1 

Pairing 11/28 :    Stockfish 1%  -  SlowMate_v3.1

PGN-File: C:\Program Files (x86)\Arena\Tournaments\Engine Battle 20250905_3.pgn

No:  B/W 1/2     W:B       1:2           Time        Value Moves Dep 1:2       1-2-Draws
   6 B 1    1.5:0.5        4.5:1.5       7:47:13 PM      -M1    38 10.429 :3.342  4-1-1

--------------------------------------------------------------

Engine-Match Friday, September 5, 2025 7:47:14 PM
 Blitz 2/1 

Pairing 12/28 :    SlowMate_v3.0  -  C0BR4_v2.9

PGN-File: C:\Program Files (x86)\Arena\Tournaments\Engine Battle 20250905_3.pgn

No:  B/W 1/2     W:B       1:2           Time        Value Moves Dep 1:2       1-2-Draws
   6 W 2    1.5:0.5        1.5:4.5       7:48:27 PM   +36.06    18 3.444 :4.000  1-4-1

--------------------------------------------------------------

Engine-Match Friday, September 5, 2025 7:48:28 PM
 Blitz 2/1 

Pairing 13/28 :    V7P3R_v10.0  -  C0BR4_v2.8

PGN-File: C:\Program Files (x86)\Arena\Tournaments\Engine Battle 20250905_3.pgn

No:  B/W 1/2     W:B       1:2           Time        Value Moves Dep 1:2       1-2-Draws
   6 W 2    2.5:1.5        1.5:4.5       7:51:01 PM    +9.90    45 4.375 :4.000  0-3-3

--------------------------------------------------------------

Engine-Match Friday, September 5, 2025 7:51:02 PM
 Blitz 2/1 

Pairing 14/28 :    SlowMate_v3.1  -  V7P3R_v10.2

PGN-File: C:\Program Files (x86)\Arena\Tournaments\Engine Battle 20250905_3.pgn

No:  B/W 1/2     W:B       1:2           Time        Value Moves Dep 1:2       1-2-Draws
   6 = =    2.5:2.5        2.5:3.5       7:55:58 PM    +1.75    63 3.333 :4.280  0-1-5

--------------------------------------------------------------

Engine-Match Friday, September 5, 2025 7:56:00 PM
 Blitz 2/1 

Pairing 15/28 :    Random_Opponent  -  SlowMate_v3.0

PGN-File: C:\Program Files (x86)\Arena\Tournaments\Engine Battle 20250905_3.pgn

No:  B/W 1/2     W:B       1:2           Time        Value Moves Dep 1:2       1-2-Draws
   6 = =    1.0:1.0        1.0:5.0       7:57:22 PM  +180.69    24 0:3.292  0-4-2

--------------------------------------------------------------

Engine-Match Friday, September 5, 2025 7:57:23 PM
 Blitz 2/1 

Pairing 16/28 :    C0BR4_v2.9  -  Stockfish 1%

PGN-File: C:\Program Files (x86)\Arena\Tournaments\Engine Battle 20250905_3.pgn

No:  B/W 1/2     W:B       1:2           Time        Value Moves Dep 1:2       1-2-Draws
   6 W 2    1.5:0.5        1.5:4.5       7:57:33 PM   +11.98    16 4.000 :12.400  1-4-1

--------------------------------------------------------------

Engine-Match Friday, September 5, 2025 7:57:35 PM
 Blitz 2/1 

Pairing 17/28 :    C0BR4_v2.8  -  SlowMate_v3.1

PGN-File: C:\Program Files (x86)\Arena\Tournaments\Engine Battle 20250905_3.pgn

No:  B/W 1/2     W:B       1:2           Time        Value Moves Dep 1:2       1-2-Draws
   6 = =    1.0:1.0        4.0:2.0       7:59:41 PM    -9.38    38 4.000 :3.395  3-1-2

--------------------------------------------------------------

Engine-Match Friday, September 5, 2025 7:59:43 PM
 Blitz 2/1 

Pairing 18/28 :    SlowMate_v3.0  -  V7P3R_v10.0

PGN-File: C:\Program Files (x86)\Arena\Tournaments\Engine Battle 20250905_3.pgn

No:  B/W 1/2     W:B       1:2           Time        Value Moves Dep 1:2       1-2-Draws
   6 = =    2.0:2.0        3.0:3.0       8:04:29 PM    +2.60    52 3.256 :4.432  1-1-4

--------------------------------------------------------------

Engine-Match Friday, September 5, 2025 8:04:30 PM
 Blitz 2/1 

Pairing 19/28 :    V7P3R_v10.2  -  C0BR4_v2.9

PGN-File: C:\Program Files (x86)\Arena\Tournaments\Engine Battle 20250905_3.pgn

No:  B/W 1/2     W:B       1:2           Time        Value Moves Dep 1:2       1-2-Draws
   6 = =    2.5:2.5        2.5:3.5       8:07:28 PM    +9.00    72 4.571 :4.000  0-1-5

--------------------------------------------------------------

Engine-Match Friday, September 5, 2025 8:07:30 PM
 Blitz 2/1 

Pairing 20/28 :    Stockfish 1%  -  Random_Opponent

PGN-File: C:\Program Files (x86)\Arena\Tournaments\Engine Battle 20250905_3.pgn

No:  B/W 1/2     W:B       1:2           Time        Value Moves Dep 1:2       1-2-Draws
   6 B 1    1.0:0.0        6.0:0.0       8:07:40 PM      -M1    21 11.833 :0 6-0-0

--------------------------------------------------------------

Engine-Match Friday, September 5, 2025 8:07:46 PM
 Blitz 2/1 

Pairing 21/28 :    SlowMate_v3.0  -  C0BR4_v2.8

PGN-File: C:\Program Files (x86)\Arena\Tournaments\Engine Battle 20250905_3.pgn

No:  B/W 1/2     W:B       1:2           Time        Value Moves Dep 1:2       1-2-Draws
   6 B 1    2.5:1.5        2.5:3.5       8:10:49 PM   -10.22    59 3.147 :4.000  1-2-3

--------------------------------------------------------------

Engine-Match Friday, September 5, 2025 8:10:50 PM
 Blitz 2/1 

Pairing 22/28 :    C0BR4_v2.9  -  SlowMate_v3.1

PGN-File: C:\Program Files (x86)\Arena\Tournaments\Engine Battle 20250905_3.pgn

No:  B/W 1/2     W:B       1:2           Time        Value Moves Dep 1:2       1-2-Draws
   6 B 1    2.0:1.0        5.0:1.0       8:13:18 PM  -299.97    43 4.000 :3.279  4-0-2

--------------------------------------------------------------

Engine-Match Friday, September 5, 2025 8:13:19 PM
 Blitz 2/1 

Pairing 23/28 :    V7P3R_v10.0  -  Stockfish 1%

PGN-File: C:\Program Files (x86)\Arena\Tournaments\Engine Battle 20250905_3.pgn

No:  B/W 1/2     W:B       1:2           Time        Value Moves Dep 1:2       1-2-Draws
   6 W 2    2.0:1.0        2.0:4.0       8:14:56 PM      +M1    29 4.607 :10.143  1-3-2

--------------------------------------------------------------

Engine-Match Friday, September 5, 2025 8:14:57 PM
 Blitz 2/1 

Pairing 24/28 :    Random_Opponent  -  V7P3R_v10.2

PGN-File: C:\Program Files (x86)\Arena\Tournaments\Engine Battle 20250905_3.pgn

No:  B/W 1/2     W:B       1:2           Time        Value Moves Dep 1:2       1-2-Draws
   6 W 2    1.0:0.0        0.0:6.0       8:16:32 PM  +289.98    27 0:4.857  0-6-0

--------------------------------------------------------------

Engine-Match Friday, September 5, 2025 8:16:33 PM
 Blitz 2/1 

Pairing 25/28 :    C0BR4_v2.8  -  C0BR4_v2.9

PGN-File: C:\Program Files (x86)\Arena\Tournaments\Engine Battle 20250905_3.pgn

No:  B/W 1/2     W:B       1:2           Time        Value Moves Dep 1:2       1-2-Draws
   6 = =    2.0:2.0        2.0:4.0       8:17:21 PM    -1.17    53 4.000 :4.000  0-2-4

--------------------------------------------------------------

Engine-Match Friday, September 5, 2025 8:17:22 PM
 Blitz 2/1 

Pairing 26/28 :    Stockfish 1%  -  SlowMate_v3.0

PGN-File: C:\Program Files (x86)\Arena\Tournaments\Engine Battle 20250905_3.pgn

No:  B/W 1/2     W:B       1:2           Time        Value Moves Dep 1:2       1-2-Draws
   6 B 1    2.0:1.0        5.0:1.0       8:20:22 PM      -M1    66 10.286 :3.081  4-0-2

--------------------------------------------------------------

Engine-Match Friday, September 5, 2025 8:20:23 PM
 Blitz 2/1 

Pairing 27/28 :    SlowMate_v3.1  -  Random_Opponent

PGN-File: C:\Program Files (x86)\Arena\Tournaments\Engine Battle 20250905_3.pgn

No:  B/W 1/2     W:B       1:2           Time        Value Moves Dep 1:2       1-2-Draws
   6 B 1    1.5:0.5        5.5:0.5       8:21:19 PM  -167.99    15 3.133 :0 5-0-1

--------------------------------------------------------------

Engine-Match Friday, September 5, 2025 8:21:20 PM
 Blitz 2/1 

Pairing 28/28 :    V7P3R_v10.2  -  V7P3R_v10.0

PGN-File: C:\Program Files (x86)\Arena\Tournaments\Engine Battle 20250905_3.pgn

No:  B/W 1/2     W:B       1:2           Time        Value Moves Dep 1:2       1-2-Draws
   6 W 2    2.5:1.5        1.5:4.5       8:24:51 PM  +289.99    56 4.833 :4.630  0-3-3

--------------------------------------------------------------

Engine-Match Friday, September 5, 2025 8:24:53 PM
 Blitz 2/1 

Pairing 1/28 :    C0BR4_v2.8  -  Stockfish 1%

PGN-File: C:\Program Files (x86)\Arena\Tournaments\Engine Battle 20250905_3.pgn

No:  B/W 1/2     W:B       1:2           Time        Value Moves Dep 1:2       1-2-Draws
   7 W 1    1.5:0.5        3.5:3.5       8:25:09 PM  +299.99    27 4.000 :11.333  3-3-1

--------------------------------------------------------------

Engine-Match Friday, September 5, 2025 8:25:10 PM
 Blitz 2/1 

Pairing 2/28 :    Random_Opponent  -  C0BR4_v2.9

PGN-File: C:\Program Files (x86)\Arena\Tournaments\Engine Battle 20250905_3.pgn

No:  B/W 1/2     W:B       1:2           Time        Value Moves Dep 1:2       1-2-Draws
   7 B 2    1.0:0.0        0.0:7.0       8:25:17 PM  -299.97     9 0:3.750  0-7-0

--------------------------------------------------------------

Engine-Match Friday, September 5, 2025 8:25:18 PM
 Blitz 2/1 

Pairing 3/28 :    SlowMate_v3.0  -  V7P3R_v10.2

PGN-File: C:\Program Files (x86)\Arena\Tournaments\Engine Battle 20250905_3.pgn

No:  B/W 1/2     W:B       1:2           Time        Value Moves Dep 1:2       1-2-Draws
   7 = =    3.0:3.0        3.0:4.0       8:28:37 PM    +1.50    37 3.267 :4.400  0-1-6

--------------------------------------------------------------

Engine-Match Friday, September 5, 2025 8:28:38 PM
 Blitz 2/1 

Pairing 4/28 :    V7P3R_v10.0  -  SlowMate_v3.1

PGN-File: C:\Program Files (x86)\Arena\Tournaments\Engine Battle 20250905_3.pgn

No:  B/W 1/2     W:B       1:2           Time        Value Moves Dep 1:2       1-2-Draws
   7 W 1    2.5:1.5        3.5:3.5       8:32:40 PM   +16.61    45 4.625 :3.391  2-2-3

--------------------------------------------------------------

Engine-Match Friday, September 5, 2025 8:32:42 PM
 Blitz 2/1 

Pairing 5/28 :    Random_Opponent  -  C0BR4_v2.8

PGN-File: C:\Program Files (x86)\Arena\Tournaments\Engine Battle 20250905_3.pgn

No:  B/W 1/2     W:B       1:2           Time        Value Moves Dep 1:2       1-2-Draws
   7 B 2    1.0:0.0        0.0:7.0       8:32:57 PM  -299.99    21 0:4.000  0-7-0

--------------------------------------------------------------

Engine-Match Friday, September 5, 2025 8:32:58 PM
 Blitz 2/1 

Pairing 6/28 :    V7P3R_v10.2  -  Stockfish 1%

PGN-File: C:\Program Files (x86)\Arena\Tournaments\Engine Battle 20250905_3.pgn

No:  B/W 1/2     W:B       1:2           Time        Value Moves Dep 1:2       1-2-Draws
   7 B 2    1.0:0.0        1.0:6.0       8:34:06 PM      -M1    19 4.643 :11.000  1-6-0

--------------------------------------------------------------

Engine-Match Friday, September 5, 2025 8:34:08 PM
 Blitz 2/1 

Pairing 7/28 :    C0BR4_v2.9  -  V7P3R_v10.0

PGN-File: C:\Program Files (x86)\Arena\Tournaments\Engine Battle 20250905_3.pgn

No:  B/W 1/2     W:B       1:2           Time        Value Moves Dep 1:2       1-2-Draws
   7 B 2    2.5:1.5        4.5:2.5       8:36:36 PM   -12.91    43 4.000 :4.452  3-1-3

--------------------------------------------------------------

Engine-Match Friday, September 5, 2025 8:36:37 PM
 Blitz 2/1 

Pairing 8/28 :    SlowMate_v3.1  -  SlowMate_v3.0

PGN-File: C:\Program Files (x86)\Arena\Tournaments\Engine Battle 20250905_3.pgn

No:  B/W 1/2     W:B       1:2           Time        Value Moves Dep 1:2       1-2-Draws
   7 = =    3.5:3.5        3.5:3.5       8:38:44 PM    -2.93    19 3.316 :3.105  0-0-7

--------------------------------------------------------------

Engine-Match Friday, September 5, 2025 8:38:45 PM
 Blitz 2/1 

Pairing 9/28 :    C0BR4_v2.8  -  V7P3R_v10.2

PGN-File: C:\Program Files (x86)\Arena\Tournaments\Engine Battle 20250905_3.pgn

No:  B/W 1/2     W:B       1:2           Time        Value Moves Dep 1:2       1-2-Draws
   7 W 1    2.5:1.5        3.5:3.5       8:40:13 PM  +299.99    27 4.000 :4.471  2-2-3

--------------------------------------------------------------

Engine-Match Friday, September 5, 2025 8:40:14 PM
 Blitz 2/1 

Pairing 10/28 :    V7P3R_v10.0  -  Random_Opponent

PGN-File: C:\Program Files (x86)\Arena\Tournaments\Engine Battle 20250905_3.pgn

No:  B/W 1/2     W:B       1:2           Time        Value Moves Dep 1:2       1-2-Draws
   7 W 1    1.0:0.0        7.0:0.0       8:41:06 PM  +289.99     9 5.333 :0 7-0-0

--------------------------------------------------------------

Engine-Match Friday, September 5, 2025 8:41:07 PM
 Blitz 2/1 

Pairing 11/28 :    Stockfish 1%  -  SlowMate_v3.1

PGN-File: C:\Program Files (x86)\Arena\Tournaments\Engine Battle 20250905_3.pgn

No:  B/W 1/2     W:B       1:2           Time        Value Moves Dep 1:2       1-2-Draws
   7 W 1    1.5:0.5        5.5:1.5       8:42:19 PM      +M1    21 11.429 :3.100  5-1-1

--------------------------------------------------------------

Engine-Match Friday, September 5, 2025 8:42:20 PM
 Blitz 2/1 

Pairing 12/28 :    SlowMate_v3.0  -  C0BR4_v2.9

PGN-File: C:\Program Files (x86)\Arena\Tournaments\Engine Battle 20250905_3.pgn

No:  B/W 1/2     W:B       1:2           Time        Value Moves Dep 1:2       1-2-Draws
   7 B 2    1.5:0.5        1.5:5.5       8:44:48 PM  -299.97    43 3.279 :4.000  1-5-1

--------------------------------------------------------------

Engine-Match Friday, September 5, 2025 8:44:54 PM
 Blitz 2/1 

Pairing 13/28 :    V7P3R_v10.0  -  C0BR4_v2.8

PGN-File: C:\Program Files (x86)\Arena\Tournaments\Engine Battle 20250905_3.pgn

No:  B/W 1/2     W:B       1:2           Time        Value Moves Dep 1:2       1-2-Draws
   7 = =    2.0:2.0        2.0:5.0       8:47:11 PM    -3.40    43 4.407 :4.000  0-3-4

--------------------------------------------------------------

Engine-Match Friday, September 5, 2025 8:47:12 PM
 Blitz 2/1 

Pairing 14/28 :    SlowMate_v3.1  -  V7P3R_v10.2

PGN-File: C:\Program Files (x86)\Arena\Tournaments\Engine Battle 20250905_3.pgn

No:  B/W 1/2     W:B       1:2           Time        Value Moves Dep 1:2       1-2-Draws
   7 B 2    3.5:2.5        2.5:4.5       8:51:05 PM  -289.99    46 3.267 :4.400  0-2-5

--------------------------------------------------------------

Engine-Match Friday, September 5, 2025 8:51:06 PM
 Blitz 2/1 

Pairing 15/28 :    Random_Opponent  -  SlowMate_v3.0

PGN-File: C:\Program Files (x86)\Arena\Tournaments\Engine Battle 20250905_3.pgn

No:  B/W 1/2     W:B       1:2           Time        Value Moves Dep 1:2       1-2-Draws
   7 B 2    2.0:1.0        1.0:6.0       8:51:52 PM   -29.98    12 0:3.583  0-5-2

--------------------------------------------------------------

Engine-Match Friday, September 5, 2025 8:51:53 PM
 Blitz 2/1 

Pairing 16/28 :    C0BR4_v2.9  -  Stockfish 1%

PGN-File: C:\Program Files (x86)\Arena\Tournaments\Engine Battle 20250905_3.pgn

No:  B/W 1/2     W:B       1:2           Time        Value Moves Dep 1:2       1-2-Draws
   7 B 2    1.5:0.5        1.5:5.5       8:52:10 PM      -M1    24 3.955 :10.571  1-5-1

--------------------------------------------------------------

Engine-Match Friday, September 5, 2025 8:52:11 PM
 Blitz 2/1 

Pairing 17/28 :    C0BR4_v2.8  -  SlowMate_v3.1

PGN-File: C:\Program Files (x86)\Arena\Tournaments\Engine Battle 20250905_3.pgn

No:  B/W 1/2     W:B       1:2           Time        Value Moves Dep 1:2       1-2-Draws
   7 W 1    2.0:1.0        5.0:2.0       8:53:22 PM   +36.06    18 4.000 :3.444  4-1-2

--------------------------------------------------------------

Engine-Match Friday, September 5, 2025 8:53:24 PM
 Blitz 2/1 

Pairing 18/28 :    SlowMate_v3.0  -  V7P3R_v10.0

PGN-File: C:\Program Files (x86)\Arena\Tournaments\Engine Battle 20250905_3.pgn

No:  B/W 1/2     W:B       1:2           Time        Value Moves Dep 1:2       1-2-Draws
   7 = =    2.5:2.5        3.5:3.5       8:59:06 PM   -13.20    70 3.125 :4.103  1-1-5

--------------------------------------------------------------

Engine-Match Friday, September 5, 2025 8:59:07 PM
 Blitz 2/1 

Pairing 19/28 :    V7P3R_v10.2  -  C0BR4_v2.9

PGN-File: C:\Program Files (x86)\Arena\Tournaments\Engine Battle 20250905_3.pgn

No:  B/W 1/2     W:B       1:2           Time        Value Moves Dep 1:2       1-2-Draws
   7 = =    3.0:3.0        3.0:4.0       9:01:05 PM    -7.54    34 4.269 :4.000  0-1-6

--------------------------------------------------------------

Engine-Match Friday, September 5, 2025 9:01:06 PM
 Blitz 2/1 

Pairing 20/28 :    Stockfish 1%  -  Random_Opponent

PGN-File: C:\Program Files (x86)\Arena\Tournaments\Engine Battle 20250905_3.pgn

No:  B/W 1/2     W:B       1:2           Time        Value Moves Dep 1:2       1-2-Draws
   7 W 1    1.0:0.0        7.0:0.0       9:01:17 PM      +M1    22 12.000 :0 7-0-0

--------------------------------------------------------------

Engine-Match Friday, September 5, 2025 9:01:18 PM
 Blitz 2/1 

Pairing 21/28 :    SlowMate_v3.0  -  C0BR4_v2.8

PGN-File: C:\Program Files (x86)\Arena\Tournaments\Engine Battle 20250905_3.pgn

No:  B/W 1/2     W:B       1:2           Time        Value Moves Dep 1:2       1-2-Draws
   7 B 2    2.5:1.5        2.5:4.5       9:03:43 PM  -299.99    43 3.279 :4.000  1-3-3

--------------------------------------------------------------

Engine-Match Friday, September 5, 2025 9:03:44 PM
 Blitz 2/1 

Pairing 22/28 :    C0BR4_v2.9  -  SlowMate_v3.1

PGN-File: C:\Program Files (x86)\Arena\Tournaments\Engine Battle 20250905_3.pgn

No:  B/W 1/2     W:B       1:2           Time        Value Moves Dep 1:2       1-2-Draws
   7 W 1    2.0:1.0        6.0:1.0       9:04:56 PM   +36.06    18 4.000 :3.444  5-0-2

--------------------------------------------------------------

Engine-Match Friday, September 5, 2025 9:04:58 PM
 Blitz 2/1 

Pairing 23/28 :    V7P3R_v10.0  -  Stockfish 1%

PGN-File: C:\Program Files (x86)\Arena\Tournaments\Engine Battle 20250905_3.pgn

No:  B/W 1/2     W:B       1:2           Time        Value Moves Dep 1:2       1-2-Draws
   7 B 2    2.0:1.0        2.0:5.0       9:06:43 PM      -M1    29 4.379 :11.667  1-4-2

--------------------------------------------------------------

Engine-Match Friday, September 5, 2025 9:06:45 PM
 Blitz 2/1 

Pairing 24/28 :    Random_Opponent  -  V7P3R_v10.2

PGN-File: C:\Program Files (x86)\Arena\Tournaments\Engine Battle 20250905_3.pgn

No:  B/W 1/2     W:B       1:2           Time        Value Moves Dep 1:2       1-2-Draws
   7 B 2    1.0:0.0        0.0:7.0       9:08:05 PM     0.00    21 0:4.938  0-7-0

--------------------------------------------------------------

Engine-Match Friday, September 5, 2025 9:08:06 PM
 Blitz 2/1 

Pairing 25/28 :    C0BR4_v2.8  -  C0BR4_v2.9

PGN-File: C:\Program Files (x86)\Arena\Tournaments\Engine Battle 20250905_3.pgn

No:  B/W 1/2     W:B       1:2           Time        Value Moves Dep 1:2       1-2-Draws
   7 = =    2.5:2.5        2.5:4.5       9:08:49 PM    +4.75    48 4.000 :4.000  0-2-5

--------------------------------------------------------------

Engine-Match Friday, September 5, 2025 9:08:50 PM
 Blitz 2/1 

Pairing 26/28 :    Stockfish 1%  -  SlowMate_v3.0

PGN-File: C:\Program Files (x86)\Arena\Tournaments\Engine Battle 20250905_3.pgn

No:  B/W 1/2     W:B       1:2           Time        Value Moves Dep 1:2       1-2-Draws
   7 W 1    2.0:1.0        6.0:1.0       9:11:03 PM      +M1    45 10.857 :3.273  5-0-2

--------------------------------------------------------------

Engine-Match Friday, September 5, 2025 9:11:04 PM
 Blitz 2/1 

Pairing 27/28 :    SlowMate_v3.1  -  Random_Opponent

PGN-File: C:\Program Files (x86)\Arena\Tournaments\Engine Battle 20250905_3.pgn

No:  B/W 1/2     W:B       1:2           Time        Value Moves Dep 1:2       1-2-Draws
   7 W 1    1.5:0.5        6.5:0.5       9:12:17 PM  +160.88    21 3.476 :0 6-0-1

--------------------------------------------------------------

Engine-Match Friday, September 5, 2025 9:12:19 PM
 Blitz 2/1 

Pairing 28/28 :    V7P3R_v10.2  -  V7P3R_v10.0

PGN-File: C:\Program Files (x86)\Arena\Tournaments\Engine Battle 20250905_3.pgn

No:  B/W 1/2     W:B       1:2           Time        Value Moves Dep 1:2       1-2-Draws
   7 = =    2.0:2.0        2.0:5.0       9:15:15 PM    -0.40    32 4.750 :4.750  0-3-4

--------------------------------------------------------------

Engine-Match Friday, September 5, 2025 9:15:17 PM
 Blitz 2/1 

Pairing 1/28 :    C0BR4_v2.8  -  Stockfish 1%

PGN-File: C:\Program Files (x86)\Arena\Tournaments\Engine Battle 20250905_3.pgn

No:  B/W 1/2     W:B       1:2           Time        Value Moves Dep 1:2       1-2-Draws
   8 B 1    1.5:0.5        4.5:3.5       9:16:05 PM  -299.99    59 4.000 :13.000  4-3-1

--------------------------------------------------------------

Engine-Match Friday, September 5, 2025 9:16:07 PM
 Blitz 2/1 

Pairing 2/28 :    Random_Opponent  -  C0BR4_v2.9

PGN-File: C:\Program Files (x86)\Arena\Tournaments\Engine Battle 20250905_3.pgn

No:  B/W 1/2     W:B       1:2           Time        Value Moves Dep 1:2       1-2-Draws
   8 W 2    1.0:0.0        0.0:8.0       9:16:19 PM  +299.97    18 0:4.000  0-8-0

--------------------------------------------------------------

Engine-Match Friday, September 5, 2025 9:16:21 PM
 Blitz 2/1 

Pairing 3/28 :    SlowMate_v3.0  -  V7P3R_v10.2

PGN-File: C:\Program Files (x86)\Arena\Tournaments\Engine Battle 20250905_3.pgn

No:  B/W 1/2     W:B       1:2           Time        Value Moves Dep 1:2       1-2-Draws
   8 W 2    4.0:3.0        3.0:5.0       9:20:44 PM   +14.88    52 3.059 :4.120  0-2-6

--------------------------------------------------------------

Engine-Match Friday, September 5, 2025 9:20:45 PM
 Blitz 2/1 

Pairing 4/28 :    V7P3R_v10.0  -  SlowMate_v3.1

PGN-File: C:\Program Files (x86)\Arena\Tournaments\Engine Battle 20250905_3.pgn

No:  B/W 1/2     W:B       1:2           Time        Value Moves Dep 1:2       1-2-Draws
   8 B 1    2.5:1.5        4.5:3.5       9:26:45 PM   -11.07    79 4.103 :3.125  3-2-3

--------------------------------------------------------------

Engine-Match Friday, September 5, 2025 9:26:51 PM
 Blitz 2/1 

Pairing 5/28 :    Random_Opponent  -  C0BR4_v2.8

PGN-File: C:\Program Files (x86)\Arena\Tournaments\Engine Battle 20250905_3.pgn

No:  B/W 1/2     W:B       1:2           Time        Value Moves Dep 1:2       1-2-Draws
   8 W 2    1.0:0.0        0.0:8.0       9:26:55 PM  +299.99     6 0:4.000  0-8-0

--------------------------------------------------------------

Engine-Match Friday, September 5, 2025 9:26:56 PM
 Blitz 2/1 

Pairing 6/28 :    V7P3R_v10.2  -  Stockfish 1%

PGN-File: C:\Program Files (x86)\Arena\Tournaments\Engine Battle 20250905_3.pgn

No:  B/W 1/2     W:B       1:2           Time        Value Moves Dep 1:2       1-2-Draws
   8 B 1    1.0:0.0        2.0:6.0       9:28:37 PM  -289.98    29 4.286 :11.500  2-6-0

--------------------------------------------------------------

Engine-Match Friday, September 5, 2025 9:28:38 PM
 Blitz 2/1 

Pairing 7/28 :    C0BR4_v2.9  -  V7P3R_v10.0

PGN-File: C:\Program Files (x86)\Arena\Tournaments\Engine Battle 20250905_3.pgn

No:  B/W 1/2     W:B       1:2           Time        Value Moves Dep 1:2       1-2-Draws
   8 W 2    2.5:1.5        4.5:3.5       9:31:01 PM   +12.03    47 4.000 :4.688  3-2-3

--------------------------------------------------------------

Engine-Match Friday, September 5, 2025 9:31:02 PM
 Blitz 2/1 

Pairing 8/28 :    SlowMate_v3.1  -  SlowMate_v3.0

PGN-File: C:\Program Files (x86)\Arena\Tournaments\Engine Battle 20250905_3.pgn

No:  B/W 1/2     W:B       1:2           Time        Value Moves Dep 1:2       1-2-Draws
   8 = =    4.0:4.0        4.0:4.0       9:33:08 PM    -2.93    19 3.105 :3.316  0-0-8

--------------------------------------------------------------

Engine-Match Friday, September 5, 2025 9:33:10 PM
 Blitz 2/1 

Pairing 9/28 :    C0BR4_v2.8  -  V7P3R_v10.2

PGN-File: C:\Program Files (x86)\Arena\Tournaments\Engine Battle 20250905_3.pgn

No:  B/W 1/2     W:B       1:2           Time        Value Moves Dep 1:2       1-2-Draws
   8 = =    2.0:2.0        4.0:4.0       9:35:07 PM    +3.48    47 4.000 :4.900  2-2-4

--------------------------------------------------------------

Engine-Match Friday, September 5, 2025 9:35:08 PM
 Blitz 2/1 

Pairing 10/28 :    V7P3R_v10.0  -  Random_Opponent

PGN-File: C:\Program Files (x86)\Arena\Tournaments\Engine Battle 20250905_3.pgn

No:  B/W 1/2     W:B       1:2           Time        Value Moves Dep 1:2       1-2-Draws
   8 B 1    1.0:0.0        8.0:0.0       9:36:41 PM  -289.98    20 4.600 :0 8-0-0

--------------------------------------------------------------

Engine-Match Friday, September 5, 2025 9:36:42 PM
 Blitz 2/1 

Pairing 11/28 :    Stockfish 1%  -  SlowMate_v3.1

PGN-File: C:\Program Files (x86)\Arena\Tournaments\Engine Battle 20250905_3.pgn

No:  B/W 1/2     W:B       1:2           Time        Value Moves Dep 1:2       1-2-Draws
   8 = =    1.0:1.0        6.0:2.0       9:40:19 PM    -6.48    87 11.000 :2.786  5-1-2

--------------------------------------------------------------

Engine-Match Friday, September 5, 2025 9:40:21 PM
 Blitz 2/1 

Pairing 12/28 :    SlowMate_v3.0  -  C0BR4_v2.9

PGN-File: C:\Program Files (x86)\Arena\Tournaments\Engine Battle 20250905_3.pgn

No:  B/W 1/2     W:B       1:2           Time        Value Moves Dep 1:2       1-2-Draws
   8 W 2    1.5:0.5        1.5:6.5       9:41:33 PM   +36.06    18 3.444 :4.000  1-6-1

--------------------------------------------------------------

Engine-Match Friday, September 5, 2025 9:41:34 PM
 Blitz 2/1 

Pairing 13/28 :    V7P3R_v10.0  -  C0BR4_v2.8

PGN-File: C:\Program Files (x86)\Arena\Tournaments\Engine Battle 20250905_3.pgn

No:  B/W 1/2     W:B       1:2           Time        Value Moves Dep 1:2       1-2-Draws
   8 = =    2.5:2.5        2.5:5.5       9:43:50 PM    +2.20    38 4.375 :4.000  0-3-5

--------------------------------------------------------------

Engine-Match Friday, September 5, 2025 9:43:52 PM
 Blitz 2/1 

Pairing 14/28 :    SlowMate_v3.1  -  V7P3R_v10.2

PGN-File: C:\Program Files (x86)\Arena\Tournaments\Engine Battle 20250905_3.pgn

No:  B/W 1/2     W:B       1:2           Time        Value Moves Dep 1:2       1-2-Draws
   8 = =    3.0:3.0        3.0:5.0       9:47:31 PM    -0.42    36 3.056 :4.200  0-2-6

--------------------------------------------------------------

Engine-Match Friday, September 5, 2025 9:47:33 PM
 Blitz 2/1 

Pairing 15/28 :    Random_Opponent  -  SlowMate_v3.0

PGN-File: C:\Program Files (x86)\Arena\Tournaments\Engine Battle 20250905_3.pgn

No:  B/W 1/2     W:B       1:2           Time        Value Moves Dep 1:2       1-2-Draws
   8 W 2    2.0:1.0        1.0:7.0       9:48:49 PM  +183.02    22 0:3.545  0-6-2

--------------------------------------------------------------

Engine-Match Friday, September 5, 2025 9:48:51 PM
 Blitz 2/1 

Pairing 16/28 :    C0BR4_v2.9  -  Stockfish 1%

PGN-File: C:\Program Files (x86)\Arena\Tournaments\Engine Battle 20250905_3.pgn

No:  B/W 1/2     W:B       1:2           Time        Value Moves Dep 1:2       1-2-Draws
   8 = =    1.0:1.0        2.0:6.0       9:49:42 PM    -1.06    93 4.000 :11.125  1-5-2

--------------------------------------------------------------

Engine-Match Friday, September 5, 2025 9:49:43 PM
 Blitz 2/1 

Pairing 17/28 :    C0BR4_v2.8  -  SlowMate_v3.1

PGN-File: C:\Program Files (x86)\Arena\Tournaments\Engine Battle 20250905_3.pgn

No:  B/W 1/2     W:B       1:2           Time        Value Moves Dep 1:2       1-2-Draws
   8 B 1    2.0:1.0        6.0:2.0       9:51:20 PM  -299.99    28 4.000 :3.679  5-1-2

--------------------------------------------------------------

Engine-Match Friday, September 5, 2025 9:51:21 PM
 Blitz 2/1 

Pairing 18/28 :    SlowMate_v3.0  -  V7P3R_v10.0

PGN-File: C:\Program Files (x86)\Arena\Tournaments\Engine Battle 20250905_3.pgn

No:  B/W 1/2     W:B       1:2           Time        Value Moves Dep 1:2       1-2-Draws
   8 = =    3.0:3.0        4.0:4.0       9:54:20 PM    +2.25    24 3.042 :4.583  1-1-6

--------------------------------------------------------------

Engine-Match Friday, September 5, 2025 9:54:22 PM
 Blitz 2/1 

Pairing 19/28 :    V7P3R_v10.2  -  C0BR4_v2.9

PGN-File: C:\Program Files (x86)\Arena\Tournaments\Engine Battle 20250905_3.pgn

No:  B/W 1/2     W:B       1:2           Time        Value Moves Dep 1:2       1-2-Draws
   8 W 2    4.0:3.0        3.0:5.0       9:55:43 PM    +9.90    21 4.667 :4.000  0-2-6

--------------------------------------------------------------

Engine-Match Friday, September 5, 2025 9:55:44 PM
 Blitz 2/1 

Pairing 20/28 :    Stockfish 1%  -  Random_Opponent

PGN-File: C:\Program Files (x86)\Arena\Tournaments\Engine Battle 20250905_3.pgn

No:  B/W 1/2     W:B       1:2           Time        Value Moves Dep 1:2       1-2-Draws
   8 B 1    1.0:0.0        8.0:0.0       9:55:58 PM      -M1    30 12.833 :0 8-0-0

--------------------------------------------------------------

Engine-Match Friday, September 5, 2025 9:55:59 PM
 Blitz 2/1 

Pairing 21/28 :    SlowMate_v3.0  -  C0BR4_v2.8

PGN-File: C:\Program Files (x86)\Arena\Tournaments\Engine Battle 20250905_3.pgn

No:  B/W 1/2     W:B       1:2           Time        Value Moves Dep 1:2       1-2-Draws
   8 = =    2.0:2.0        3.0:5.0       9:58:58 PM    +1.84    54 2.878 :4.000  1-3-4

--------------------------------------------------------------

Engine-Match Friday, September 5, 2025 9:58:59 PM
 Blitz 2/1 

Pairing 22/28 :    C0BR4_v2.9  -  SlowMate_v3.1

PGN-File: C:\Program Files (x86)\Arena\Tournaments\Engine Battle 20250905_3.pgn

No:  B/W 1/2     W:B       1:2           Time        Value Moves Dep 1:2       1-2-Draws
   8 B 1    2.0:1.0        7.0:1.0       10:01:02 PM   -10.78    35 4.000 :3.257  6-0-2

--------------------------------------------------------------

Engine-Match Friday, September 5, 2025 10:01:03 PM
 Blitz 2/1 

Pairing 23/28 :    V7P3R_v10.0  -  Stockfish 1%

PGN-File: C:\Program Files (x86)\Arena\Tournaments\Engine Battle 20250905_3.pgn

No:  B/W 1/2     W:B       1:2           Time        Value Moves Dep 1:2       1-2-Draws
   8 W 2    2.0:1.0        2.0:6.0       10:02:46 PM   +13.80    30 4.444 :10.818  1-5-2

--------------------------------------------------------------

Engine-Match Friday, September 5, 2025 10:02:48 PM
 Blitz 2/1 

Pairing 24/28 :    Random_Opponent  -  V7P3R_v10.2

PGN-File: C:\Program Files (x86)\Arena\Tournaments\Engine Battle 20250905_3.pgn

No:  B/W 1/2     W:B       1:2           Time        Value Moves Dep 1:2       1-2-Draws
   8 W 2    1.0:0.0        0.0:8.0       10:03:40 PM     0.00    10 0:4.778  0-8-0

--------------------------------------------------------------

Engine-Match Friday, September 5, 2025 10:03:47 PM
 Blitz 2/1 

Pairing 25/28 :    C0BR4_v2.8  -  C0BR4_v2.9

PGN-File: C:\Program Files (x86)\Arena\Tournaments\Engine Battle 20250905_3.pgn

No:  B/W 1/2     W:B       1:2           Time        Value Moves Dep 1:2       1-2-Draws
   8 = =    3.0:3.0        3.0:5.0       10:03:58 PM    -0.28    12 4.000 :4.000  0-2-6

--------------------------------------------------------------

Engine-Match Friday, September 5, 2025 10:03:59 PM
 Blitz 2/1 

Pairing 26/28 :    Stockfish 1%  -  SlowMate_v3.0

PGN-File: C:\Program Files (x86)\Arena\Tournaments\Engine Battle 20250905_3.pgn

No:  B/W 1/2     W:B       1:2           Time        Value Moves Dep 1:2       1-2-Draws
   8 B 1    2.0:1.0        7.0:1.0       10:05:51 PM      -M1    35 11.077 :2.800  6-0-2

--------------------------------------------------------------

Engine-Match Friday, September 5, 2025 10:05:52 PM
 Blitz 2/1 

Pairing 27/28 :    SlowMate_v3.1  -  Random_Opponent

PGN-File: C:\Program Files (x86)\Arena\Tournaments\Engine Battle 20250905_3.pgn

No:  B/W 1/2     W:B       1:2           Time        Value Moves Dep 1:2       1-2-Draws
   8 = =    1.0:1.0        7.0:1.0       10:07:19 PM  -200.00    26 3.308 :0 6-0-2

--------------------------------------------------------------

Engine-Match Friday, September 5, 2025 10:07:21 PM
 Blitz 2/1 

Pairing 28/28 :    V7P3R_v10.2  -  V7P3R_v10.0

PGN-File: C:\Program Files (x86)\Arena\Tournaments\Engine Battle 20250905_3.pgn

No:  B/W 1/2     W:B       1:2           Time        Value Moves Dep 1:2       1-2-Draws
   8 W 2    3.0:2.0        2.0:6.0       10:11:11 PM  +289.98    60 4.667 :4.786  0-4-4

--------------------------------------------------------------

Engine-Match Friday, September 5, 2025 10:11:12 PM
 Blitz 2/1 

Pairing 1/28 :    C0BR4_v2.8  -  Stockfish 1%

PGN-File: C:\Program Files (x86)\Arena\Tournaments\Engine Battle 20250905_3.pgn

No:  B/W 1/2     W:B       1:2           Time        Value Moves Dep 1:2       1-2-Draws
   9 B 2    1.5:0.5        4.5:4.5       10:11:32 PM      -M1    24 4.000 :11.167  4-4-1

--------------------------------------------------------------

Engine-Match Friday, September 5, 2025 10:11:33 PM
 Blitz 2/1 

Pairing 2/28 :    Random_Opponent  -  C0BR4_v2.9

PGN-File: C:\Program Files (x86)\Arena\Tournaments\Engine Battle 20250905_3.pgn

No:  B/W 1/2     W:B       1:2           Time        Value Moves Dep 1:2       1-2-Draws
   9 B 2    1.0:0.0        0.0:9.0       10:11:42 PM  -299.97    11 0:4.000  0-9-0

--------------------------------------------------------------

Engine-Match Friday, September 5, 2025 10:11:43 PM
 Blitz 2/1 

Pairing 3/28 :    SlowMate_v3.0  -  V7P3R_v10.2

PGN-File: C:\Program Files (x86)\Arena\Tournaments\Engine Battle 20250905_3.pgn

No:  B/W 1/2     W:B       1:2           Time        Value Moves Dep 1:2       1-2-Draws
   9 = =    3.5:3.5        3.5:5.5       10:15:00 PM    +1.50    37 3.267 :4.400  0-2-7

--------------------------------------------------------------

Engine-Match Friday, September 5, 2025 10:15:02 PM
 Blitz 2/1 

Pairing 4/28 :    V7P3R_v10.0  -  SlowMate_v3.1

PGN-File: C:\Program Files (x86)\Arena\Tournaments\Engine Battle 20250905_3.pgn

No:  B/W 1/2     W:B       1:2           Time        Value Moves Dep 1:2       1-2-Draws
   9 W 1    2.5:1.5        5.5:3.5       10:18:50 PM  +289.98    36 4.556 :3.343  4-2-3

--------------------------------------------------------------

Engine-Match Friday, September 5, 2025 10:18:51 PM
 Blitz 2/1 

Pairing 5/28 :    Random_Opponent  -  C0BR4_v2.8

PGN-File: C:\Program Files (x86)\Arena\Tournaments\Engine Battle 20250905_3.pgn

No:  B/W 1/2     W:B       1:2           Time        Value Moves Dep 1:2       1-2-Draws
   9 B 2    1.0:0.0        0.0:9.0       10:19:05 PM  -299.99    21 0:4.000  0-9-0

--------------------------------------------------------------

Engine-Match Friday, September 5, 2025 10:19:06 PM
 Blitz 2/1 

Pairing 6/28 :    V7P3R_v10.2  -  Stockfish 1%

PGN-File: C:\Program Files (x86)\Arena\Tournaments\Engine Battle 20250905_3.pgn

No:  B/W 1/2     W:B       1:2           Time        Value Moves Dep 1:2       1-2-Draws
   9 B 2    1.0:0.0        2.0:7.0       10:21:42 PM   -15.90    60 4.680 :9.714  2-7-0

--------------------------------------------------------------

Engine-Match Friday, September 5, 2025 10:21:44 PM
 Blitz 2/1 

Pairing 7/28 :    C0BR4_v2.9  -  V7P3R_v10.0

PGN-File: C:\Program Files (x86)\Arena\Tournaments\Engine Battle 20250905_3.pgn

No:  B/W 1/2     W:B       1:2           Time        Value Moves Dep 1:2       1-2-Draws
   9 = =    2.0:2.0        5.0:4.0       10:23:09 PM    +1.71    21 4.000 :4.769  3-2-4

--------------------------------------------------------------

Engine-Match Friday, September 5, 2025 10:23:10 PM
 Blitz 2/1 

Pairing 8/28 :    SlowMate_v3.1  -  SlowMate_v3.0

PGN-File: C:\Program Files (x86)\Arena\Tournaments\Engine Battle 20250905_3.pgn

No:  B/W 1/2     W:B       1:2           Time        Value Moves Dep 1:2       1-2-Draws
   9 = =    4.5:4.5        4.5:4.5       10:25:17 PM    -2.93    19 3.316 :3.105  0-0-9

--------------------------------------------------------------

Engine-Match Friday, September 5, 2025 10:25:18 PM
 Blitz 2/1 

Pairing 9/28 :    C0BR4_v2.8  -  V7P3R_v10.2

PGN-File: C:\Program Files (x86)\Arena\Tournaments\Engine Battle 20250905_3.pgn

No:  B/W 1/2     W:B       1:2           Time        Value Moves Dep 1:2       1-2-Draws
   9 = =    2.5:2.5        4.5:4.5       10:27:31 PM    +3.19    43 4.000 :4.409  2-2-5

--------------------------------------------------------------

Engine-Match Friday, September 5, 2025 10:27:32 PM
 Blitz 2/1 

Pairing 10/28 :    V7P3R_v10.0  -  Random_Opponent

PGN-File: C:\Program Files (x86)\Arena\Tournaments\Engine Battle 20250905_3.pgn

No:  B/W 1/2     W:B       1:2           Time        Value Moves Dep 1:2       1-2-Draws
   9 W 1    1.0:0.0        9.0:0.0       10:29:13 PM  +289.97    23 4.609 :0 9-0-0

--------------------------------------------------------------

Engine-Match Friday, September 5, 2025 10:29:15 PM
 Blitz 2/1 

Pairing 11/28 :    Stockfish 1%  -  SlowMate_v3.1

PGN-File: C:\Program Files (x86)\Arena\Tournaments\Engine Battle 20250905_3.pgn

No:  B/W 1/2     W:B       1:2           Time        Value Moves Dep 1:2       1-2-Draws
   9 W 1    2.0:1.0        7.0:2.0       10:31:08 PM      +M1    36 11.143 :3.143  6-1-2

--------------------------------------------------------------

Engine-Match Friday, September 5, 2025 10:31:09 PM
 Blitz 2/1 

Pairing 12/28 :    SlowMate_v3.0  -  C0BR4_v2.9

PGN-File: C:\Program Files (x86)\Arena\Tournaments\Engine Battle 20250905_3.pgn

No:  B/W 1/2     W:B       1:2           Time        Value Moves Dep 1:2       1-2-Draws
   9 W 1    1.5:0.5        2.5:6.5       10:33:24 PM   +10.98    40 3.241 :4.000  2-6-1

--------------------------------------------------------------

Engine-Match Friday, September 5, 2025 10:33:25 PM
 Blitz 2/1 

Pairing 13/28 :    V7P3R_v10.0  -  C0BR4_v2.8

PGN-File: C:\Program Files (x86)\Arena\Tournaments\Engine Battle 20250905_3.pgn

No:  B/W 1/2     W:B       1:2           Time        Value Moves Dep 1:2       1-2-Draws
   9 B 2    3.5:2.5        2.5:6.5       10:35:32 PM  -299.99    33 4.531 :4.000  0-4-5

--------------------------------------------------------------

Engine-Match Friday, September 5, 2025 10:35:34 PM
 Blitz 2/1 

Pairing 14/28 :    SlowMate_v3.1  -  V7P3R_v10.2

PGN-File: C:\Program Files (x86)\Arena\Tournaments\Engine Battle 20250905_3.pgn

No:  B/W 1/2     W:B       1:2           Time        Value Moves Dep 1:2       1-2-Draws
   9 = =    3.5:3.5        3.5:5.5       10:39:23 PM     0.00    45 3.267 :4.400  0-2-7

--------------------------------------------------------------

Engine-Match Friday, September 5, 2025 10:39:25 PM
 Blitz 2/1 

Pairing 15/28 :    Random_Opponent  -  SlowMate_v3.0

PGN-File: C:\Program Files (x86)\Arena\Tournaments\Engine Battle 20250905_3.pgn

No:  B/W 1/2     W:B       1:2           Time        Value Moves Dep 1:2       1-2-Draws
   9 B 2    2.0:1.0        1.0:8.0       10:41:11 PM  -119.95    33 0:3.030  0-7-2

--------------------------------------------------------------

Engine-Match Friday, September 5, 2025 10:41:12 PM
 Blitz 2/1 

Pairing 16/28 :    C0BR4_v2.9  -  Stockfish 1%

PGN-File: C:\Program Files (x86)\Arena\Tournaments\Engine Battle 20250905_3.pgn

No:  B/W 1/2     W:B       1:2           Time        Value Moves Dep 1:2       1-2-Draws
   9 B 2    2.0:1.0        2.0:7.0       10:41:47 PM      -M1    38 3.972 :11.167  1-6-2

--------------------------------------------------------------

Engine-Match Friday, September 5, 2025 10:41:54 PM
 Blitz 2/1 

Pairing 17/28 :    C0BR4_v2.8  -  SlowMate_v3.1

PGN-File: C:\Program Files (x86)\Arena\Tournaments\Engine Battle 20250905_3.pgn

No:  B/W 1/2     W:B       1:2           Time        Value Moves Dep 1:2       1-2-Draws
   9 B 2    2.0:1.0        6.0:3.0       10:44:56 PM   -10.35    59 4.000 :3.147  5-2-2

--------------------------------------------------------------

Engine-Match Friday, September 5, 2025 10:44:58 PM
 Blitz 2/1 

Pairing 18/28 :    SlowMate_v3.0  -  V7P3R_v10.0

PGN-File: C:\Program Files (x86)\Arena\Tournaments\Engine Battle 20250905_3.pgn

No:  B/W 1/2     W:B       1:2           Time        Value Moves Dep 1:2       1-2-Draws
   9 B 2    4.0:3.0        4.0:5.0       10:49:56 PM  -289.98    56 3.125 :4.103  1-2-6

--------------------------------------------------------------

Engine-Match Friday, September 5, 2025 10:49:58 PM
 Blitz 2/1 

Pairing 19/28 :    V7P3R_v10.2  -  C0BR4_v2.9

PGN-File: C:\Program Files (x86)\Arena\Tournaments\Engine Battle 20250905_3.pgn

No:  B/W 1/2     W:B       1:2           Time        Value Moves Dep 1:2       1-2-Draws
   9 B 2    4.0:3.0        3.0:6.0       10:51:59 PM  -299.97    42 4.458 :4.000  0-3-6

--------------------------------------------------------------

Engine-Match Friday, September 5, 2025 10:52:00 PM
 Blitz 2/1 

Pairing 20/28 :    Stockfish 1%  -  Random_Opponent

PGN-File: C:\Program Files (x86)\Arena\Tournaments\Engine Battle 20250905_3.pgn

No:  B/W 1/2     W:B       1:2           Time        Value Moves Dep 1:2       1-2-Draws
   9 W 1    1.0:0.0        9.0:0.0       10:52:11 PM      +M1    20 12.167 :0 9-0-0

--------------------------------------------------------------

Engine-Match Friday, September 5, 2025 10:52:12 PM
 Blitz 2/1 

Pairing 21/28 :    SlowMate_v3.0  -  C0BR4_v2.8

PGN-File: C:\Program Files (x86)\Arena\Tournaments\Engine Battle 20250905_3.pgn

No:  B/W 1/2     W:B       1:2           Time        Value Moves Dep 1:2       1-2-Draws
   9 B 2    3.0:2.0        3.0:6.0       10:53:59 PM   -15.53    29 3.000 :4.000  1-4-4

--------------------------------------------------------------

Engine-Match Friday, September 5, 2025 10:54:00 PM
 Blitz 2/1 

Pairing 22/28 :    C0BR4_v2.9  -  SlowMate_v3.1

PGN-File: C:\Program Files (x86)\Arena\Tournaments\Engine Battle 20250905_3.pgn

No:  B/W 1/2     W:B       1:2           Time        Value Moves Dep 1:2       1-2-Draws
   9 W 1    2.0:1.0        8.0:1.0       10:56:53 PM  +299.97    40 3.947 :2.897  7-0-2

--------------------------------------------------------------

Engine-Match Friday, September 5, 2025 10:56:54 PM
 Blitz 2/1 

Pairing 23/28 :    V7P3R_v10.0  -  Stockfish 1%

PGN-File: C:\Program Files (x86)\Arena\Tournaments\Engine Battle 20250905_3.pgn

No:  B/W 1/2     W:B       1:2           Time        Value Moves Dep 1:2       1-2-Draws
   9 B 2    2.0:1.0        2.0:7.0       10:59:56 PM    -9.90    69 4.368 :10.375  1-6-2

--------------------------------------------------------------

Engine-Match Friday, September 5, 2025 10:59:57 PM
 Blitz 2/1 

Pairing 24/28 :    Random_Opponent  -  V7P3R_v10.2

PGN-File: C:\Program Files (x86)\Arena\Tournaments\Engine Battle 20250905_3.pgn

No:  B/W 1/2     W:B       1:2           Time        Value Moves Dep 1:2       1-2-Draws
   9 B 2    1.0:0.0        0.0:9.0       11:00:44 PM  -289.97     7 0:4.857  0-9-0

--------------------------------------------------------------

Engine-Match Friday, September 5, 2025 11:00:46 PM
 Blitz 2/1 

Pairing 25/28 :    C0BR4_v2.8  -  C0BR4_v2.9

PGN-File: C:\Program Files (x86)\Arena\Tournaments\Engine Battle 20250905_3.pgn

No:  B/W 1/2     W:B       1:2           Time        Value Moves Dep 1:2       1-2-Draws
   9 = =    3.5:3.5        3.5:5.5       11:01:44 PM    +1.56    42 4.000 :4.000  0-2-7

--------------------------------------------------------------

Engine-Match Friday, September 5, 2025 11:01:45 PM
 Blitz 2/1 

Pairing 26/28 :    Stockfish 1%  -  SlowMate_v3.0

PGN-File: C:\Program Files (x86)\Arena\Tournaments\Engine Battle 20250905_3.pgn

No:  B/W 1/2     W:B       1:2           Time        Value Moves Dep 1:2       1-2-Draws
   9 W 1    2.0:1.0        8.0:1.0       11:04:14 PM      +M1    52 9.800 :2.863  7-0-2

--------------------------------------------------------------

Engine-Match Friday, September 5, 2025 11:04:15 PM
 Blitz 2/1 

Pairing 27/28 :    SlowMate_v3.1  -  Random_Opponent

PGN-File: C:\Program Files (x86)\Arena\Tournaments\Engine Battle 20250905_3.pgn

No:  B/W 1/2     W:B       1:2           Time        Value Moves Dep 1:2       1-2-Draws
   9 W 1    2.0:1.0        8.0:1.0       11:05:05 PM  +193.86    13 3.385 :0 7-0-2

--------------------------------------------------------------

Engine-Match Friday, September 5, 2025 11:05:06 PM
 Blitz 2/1 

Pairing 28/28 :    V7P3R_v10.2  -  V7P3R_v10.0

PGN-File: C:\Program Files (x86)\Arena\Tournaments\Engine Battle 20250905_3.pgn

No:  B/W 1/2     W:B       1:2           Time        Value Moves Dep 1:2       1-2-Draws
   9 = =    2.5:2.5        2.5:6.5       11:09:40 PM   -18.40    79 4.563 :4.565  0-4-5

--------------------------------------------------------------

Engine-Match Friday, September 5, 2025 11:09:41 PM
 Blitz 2/1 

Pairing 1/28 :    C0BR4_v2.8  -  Stockfish 1%

PGN-File: C:\Program Files (x86)\Arena\Tournaments\Engine Battle 20250905_3.pgn

No:  B/W 1/2     W:B       1:2           Time        Value Moves Dep 1:2       1-2-Draws
  10 W 2    1.5:0.5        4.5:5.5       11:10:14 PM      +M1    40 4.000 :11.167  4-5-1

--------------------------------------------------------------

Engine-Match Friday, September 5, 2025 11:10:16 PM
 Blitz 2/1 

Pairing 2/28 :    Random_Opponent  -  C0BR4_v2.9

PGN-File: C:\Program Files (x86)\Arena\Tournaments\Engine Battle 20250905_3.pgn

No:  B/W 1/2     W:B       1:2           Time        Value Moves Dep 1:2       1-2-Draws
  10 W 2    1.0:0.0        0.0:10.0      11:10:20 PM  +299.97     5 0:3.500  0-10-0

--------------------------------------------------------------

Engine-Match Friday, September 5, 2025 11:10:21 PM
 Blitz 2/1 

Pairing 3/28 :    SlowMate_v3.0  -  V7P3R_v10.2

PGN-File: C:\Program Files (x86)\Arena\Tournaments\Engine Battle 20250905_3.pgn

No:  B/W 1/2     W:B       1:2           Time        Value Moves Dep 1:2       1-2-Draws
  10 B 1    4.5:3.5        4.5:5.5       11:14:02 PM   -33.20    39 3.132 :4.393  1-2-7

--------------------------------------------------------------

Engine-Match Friday, September 5, 2025 11:14:03 PM
 Blitz 2/1 

Pairing 4/28 :    V7P3R_v10.0  -  SlowMate_v3.1

PGN-File: C:\Program Files (x86)\Arena\Tournaments\Engine Battle 20250905_3.pgn

No:  B/W 1/2     W:B       1:2           Time        Value Moves Dep 1:2       1-2-Draws
  10 B 1    2.5:1.5        6.5:3.5       11:18:19 PM   -11.33    44 3.814 :2.932  5-2-3

--------------------------------------------------------------

Engine-Match Friday, September 5, 2025 11:18:20 PM
 Blitz 2/1 

Pairing 5/28 :    Random_Opponent  -  C0BR4_v2.8

PGN-File: C:\Program Files (x86)\Arena\Tournaments\Engine Battle 20250905_3.pgn

No:  B/W 1/2     W:B       1:2           Time        Value Moves Dep 1:2       1-2-Draws
  10 W 2    1.0:0.0        0.0:10.0      11:18:27 PM  +299.99     9 0:4.000  0-10-0

--------------------------------------------------------------

Engine-Match Friday, September 5, 2025 11:18:28 PM
 Blitz 2/1 

Pairing 6/28 :    V7P3R_v10.2  -  Stockfish 1%

PGN-File: C:\Program Files (x86)\Arena\Tournaments\Engine Battle 20250905_3.pgn

No:  B/W 1/2     W:B       1:2           Time        Value Moves Dep 1:2       1-2-Draws
  10 W 2    1.0:0.0        2.0:8.0       11:19:32 PM      +M1    20 4.467 :11.000  2-8-0

--------------------------------------------------------------

Engine-Match Friday, September 5, 2025 11:19:33 PM
 Blitz 2/1 

Pairing 7/28 :    C0BR4_v2.9  -  V7P3R_v10.0

PGN-File: C:\Program Files (x86)\Arena\Tournaments\Engine Battle 20250905_3.pgn

No:  B/W 1/2     W:B       1:2           Time        Value Moves Dep 1:2       1-2-Draws
  10 = =    2.5:2.5        5.5:4.5       11:22:17 PM    +5.50    41 4.000 :4.146  3-2-5

--------------------------------------------------------------

Engine-Match Friday, September 5, 2025 11:22:18 PM
 Blitz 2/1 

Pairing 8/28 :    SlowMate_v3.1  -  SlowMate_v3.0

PGN-File: C:\Program Files (x86)\Arena\Tournaments\Engine Battle 20250905_3.pgn

No:  B/W 1/2     W:B       1:2           Time        Value Moves Dep 1:2       1-2-Draws
  10 = =    5.0:5.0        5.0:5.0       11:24:24 PM    -2.93    19 3.105 :3.316  0-0-10

--------------------------------------------------------------

Engine-Match Friday, September 5, 2025 11:24:31 PM
 Blitz 2/1 

Pairing 9/28 :    C0BR4_v2.8  -  V7P3R_v10.2

PGN-File: C:\Program Files (x86)\Arena\Tournaments\Engine Battle 20250905_3.pgn

No:  B/W 1/2     W:B       1:2           Time        Value Moves Dep 1:2       1-2-Draws
  10 = =    3.0:3.0        5.0:5.0       11:26:25 PM     0.00    47 4.000 :4.900  2-2-6

--------------------------------------------------------------

Engine-Match Friday, September 5, 2025 11:26:27 PM
 Blitz 2/1 

Pairing 10/28 :    V7P3R_v10.0  -  Random_Opponent

PGN-File: C:\Program Files (x86)\Arena\Tournaments\Engine Battle 20250905_3.pgn

No:  B/W 1/2     W:B       1:2           Time        Value Moves Dep 1:2       1-2-Draws
  10 B 1    1.0:0.0        10.0:0.0      11:27:45 PM  -289.98    16 4.625 :0 10-0-0

--------------------------------------------------------------

Engine-Match Friday, September 5, 2025 11:27:46 PM
 Blitz 2/1 

Pairing 11/28 :    Stockfish 1%  -  SlowMate_v3.1

PGN-File: C:\Program Files (x86)\Arena\Tournaments\Engine Battle 20250905_3.pgn

No:  B/W 1/2     W:B       1:2           Time        Value Moves Dep 1:2       1-2-Draws
  10 B 1    2.0:1.0        8.0:2.0       11:31:27 PM   -10.90    89 10.800 :3.129  7-1-2

--------------------------------------------------------------

Engine-Match Friday, September 5, 2025 11:31:28 PM
 Blitz 2/1 

Pairing 12/28 :    SlowMate_v3.0  -  C0BR4_v2.9

PGN-File: C:\Program Files (x86)\Arena\Tournaments\Engine Battle 20250905_3.pgn

No:  B/W 1/2     W:B       1:2           Time        Value Moves Dep 1:2       1-2-Draws
  10 W 2    1.5:0.5        2.5:7.5       11:32:41 PM   +36.06    18 3.444 :4.000  2-7-1

--------------------------------------------------------------

Engine-Match Friday, September 5, 2025 11:32:43 PM
 Blitz 2/1 

Pairing 13/28 :    V7P3R_v10.0  -  C0BR4_v2.8

PGN-File: C:\Program Files (x86)\Arena\Tournaments\Engine Battle 20250905_3.pgn

No:  B/W 1/2     W:B       1:2           Time        Value Moves Dep 1:2       1-2-Draws
  10 = =    3.0:3.0        3.0:7.0       11:35:32 PM    +2.93    63 4.240 :4.000  0-4-6

--------------------------------------------------------------

Engine-Match Friday, September 5, 2025 11:35:33 PM
 Blitz 2/1 

Pairing 14/28 :    SlowMate_v3.1  -  V7P3R_v10.2

PGN-File: C:\Program Files (x86)\Arena\Tournaments\Engine Battle 20250905_3.pgn

No:  B/W 1/2     W:B       1:2           Time        Value Moves Dep 1:2       1-2-Draws
  10 = =    4.0:4.0        4.0:6.0       11:39:23 PM    +9.02    44 3.200 :4.227  0-2-8

--------------------------------------------------------------

Engine-Match Friday, September 5, 2025 11:39:24 PM
 Blitz 2/1 

Pairing 15/28 :    Random_Opponent  -  SlowMate_v3.0

PGN-File: C:\Program Files (x86)\Arena\Tournaments\Engine Battle 20250905_3.pgn

No:  B/W 1/2     W:B       1:2           Time        Value Moves Dep 1:2       1-2-Draws
  10 W 2    2.0:1.0        1.0:9.0       11:40:20 PM  +113.49    15 0:3.133  0-8-2

--------------------------------------------------------------

Engine-Match Friday, September 5, 2025 11:40:21 PM
 Blitz 2/1 

Pairing 16/28 :    C0BR4_v2.9  -  Stockfish 1%

PGN-File: C:\Program Files (x86)\Arena\Tournaments\Engine Battle 20250905_3.pgn

No:  B/W 1/2     W:B       1:2           Time        Value Moves Dep 1:2       1-2-Draws
  10 B 1    2.0:1.0        3.0:7.0       11:41:37 PM  -299.97   123 4.000 :11.667  2-6-2

--------------------------------------------------------------

Engine-Match Friday, September 5, 2025 11:41:38 PM
 Blitz 2/1 

Pairing 17/28 :    C0BR4_v2.8  -  SlowMate_v3.1

PGN-File: C:\Program Files (x86)\Arena\Tournaments\Engine Battle 20250905_3.pgn

No:  B/W 1/2     W:B       1:2           Time        Value Moves Dep 1:2       1-2-Draws
  10 = =    1.5:1.5        6.5:3.5       11:44:52 PM    -3.90    59 4.000 :2.906  5-2-3

--------------------------------------------------------------

Engine-Match Friday, September 5, 2025 11:44:53 PM
 Blitz 2/1 

Pairing 18/28 :    SlowMate_v3.0  -  V7P3R_v10.0

PGN-File: C:\Program Files (x86)\Arena\Tournaments\Engine Battle 20250905_3.pgn

No:  B/W 1/2     W:B       1:2           Time        Value Moves Dep 1:2       1-2-Draws
  10 = =    3.5:3.5        4.5:5.5       11:49:37 PM    +9.10    57 3.348 :4.583  1-2-7

--------------------------------------------------------------

Engine-Match Friday, September 5, 2025 11:49:38 PM
 Blitz 2/1 

Pairing 19/28 :    V7P3R_v10.2  -  C0BR4_v2.9

PGN-File: C:\Program Files (x86)\Arena\Tournaments\Engine Battle 20250905_3.pgn

No:  B/W 1/2     W:B       1:2           Time        Value Moves Dep 1:2       1-2-Draws
  10 W 2    4.0:3.0        3.0:7.0       11:51:36 PM   +14.80    38 4.400 :4.000  0-4-6

--------------------------------------------------------------

Engine-Match Friday, September 5, 2025 11:51:38 PM
 Blitz 2/1 

Pairing 20/28 :    Stockfish 1%  -  Random_Opponent

PGN-File: C:\Program Files (x86)\Arena\Tournaments\Engine Battle 20250905_3.pgn

No:  B/W 1/2     W:B       1:2           Time        Value Moves Dep 1:2       1-2-Draws
  10 B 1    1.0:0.0        10.0:0.0      11:51:47 PM      -M1    15 13.714 :0 10-0-0

--------------------------------------------------------------

Engine-Match Friday, September 5, 2025 11:51:48 PM
 Blitz 2/1 

Pairing 21/28 :    SlowMate_v3.0  -  C0BR4_v2.8

PGN-File: C:\Program Files (x86)\Arena\Tournaments\Engine Battle 20250905_3.pgn

No:  B/W 1/2     W:B       1:2           Time        Value Moves Dep 1:2       1-2-Draws
  10 = =    2.5:2.5        3.5:6.5       11:52:33 PM   +11.31    12 3.545 :4.000  1-4-5

--------------------------------------------------------------

Engine-Match Friday, September 5, 2025 11:52:34 PM
 Blitz 2/1 

Pairing 22/28 :    C0BR4_v2.9  -  SlowMate_v3.1

PGN-File: C:\Program Files (x86)\Arena\Tournaments\Engine Battle 20250905_3.pgn

No:  B/W 1/2     W:B       1:2           Time        Value Moves Dep 1:2       1-2-Draws
  10 B 1    2.0:1.0        9.0:1.0       11:55:03 PM  -299.97    43 4.000 :3.256  8-0-2

--------------------------------------------------------------

Engine-Match Friday, September 5, 2025 11:55:04 PM
 Blitz 2/1 

Pairing 23/28 :    V7P3R_v10.0  -  Stockfish 1%

PGN-File: C:\Program Files (x86)\Arena\Tournaments\Engine Battle 20250905_3.pgn

No:  B/W 1/2     W:B       1:2           Time        Value Moves Dep 1:2       1-2-Draws
  10 W 2    2.0:1.0        2.0:8.0       11:57:30 PM   +18.90    50 4.300 :10.800  1-7-2

--------------------------------------------------------------

Engine-Match Friday, September 5, 2025 11:57:31 PM
 Blitz 2/1 

Pairing 24/28 :    Random_Opponent  -  V7P3R_v10.2

PGN-File: C:\Program Files (x86)\Arena\Tournaments\Engine Battle 20250905_3.pgn

No:  B/W 1/2     W:B       1:2           Time        Value Moves Dep 1:2       1-2-Draws
  10 W 2    1.0:0.0        0.0:10.0      11:58:56 PM  +289.98    21 0:4.938  0-10-0

--------------------------------------------------------------

Engine-Match Friday, September 5, 2025 11:58:57 PM
 Blitz 2/1 

Pairing 25/28 :    C0BR4_v2.8  -  C0BR4_v2.9

PGN-File: C:\Program Files (x86)\Arena\Tournaments\Engine Battle 20250905_3.pgn

No:  B/W 1/2     W:B       1:2           Time        Value Moves Dep 1:2       1-2-Draws
  10 = =    4.0:4.0        4.0:6.0       11:59:31 PM    -1.89    47 4.000 :4.000  0-2-8

--------------------------------------------------------------

Engine-Match Friday, September 5, 2025 11:59:32 PM
 Blitz 2/1 

Pairing 26/28 :    Stockfish 1%  -  SlowMate_v3.0

PGN-File: C:\Program Files (x86)\Arena\Tournaments\Engine Battle 20250905_3.pgn

No:  B/W 1/2     W:B       1:2           Time        Value Moves Dep 1:2       1-2-Draws
  10 B 1    2.0:1.0        9.0:1.0       12:00:19 AM      -M1    12 11.750 :3.333  8-0-2

--------------------------------------------------------------

Engine-Match Saturday, September 6, 2025 12:00:21 AM
 Blitz 2/1 

Pairing 27/28 :    SlowMate_v3.1  -  Random_Opponent

PGN-File: C:\Program Files (x86)\Arena\Tournaments\Engine Battle 20250905_3.pgn

No:  B/W 1/2     W:B       1:2           Time        Value Moves Dep 1:2       1-2-Draws
  10 = =    1.5:1.5        8.5:1.5       12:02:28 AM  -200.00    42 3.306 :0 7-0-3

--------------------------------------------------------------

Engine-Match Saturday, September 6, 2025 12:02:30 AM
 Blitz 2/1 

Pairing 28/28 :    V7P3R_v10.2  -  V7P3R_v10.0

PGN-File: C:\Program Files (x86)\Arena\Tournaments\Engine Battle 20250905_3.pgn

No:  B/W 1/2     W:B       1:2           Time        Value Moves Dep 1:2       1-2-Draws
  10 W 2    3.5:2.5        2.5:7.5       12:06:03 AM  +289.99    56 4.833 :4.593  0-5-5
