Engine-Match Tuesday, September 9, 2025 1:08:26 AM
 Blitz 2/1 

Pairing 1/45 :    V7P3R_v10.0  -  V7P3R_v9.0

PGN-File: C:\Program Files (x86)\Arena\Tournaments\Engine Regression Battle 20250909.pgn

No:  B/W 1/2     W:B       1:2           Time        Value Moves Dep 1:2       1-2-Draws
   1 W 1    1.0:0.0        1.0:0.0       1:10:35 AM    +M500    19 4.842 :5.737  1-0-0

--------------------------------------------------------------

Engine-Match Tuesday, September 9, 2025 1:10:37 AM
 Blitz 2/1 

Pairing 2/45 :    V7P3R_v8.0  -  V7P3R_v10.2

PGN-File: C:\Program Files (x86)\Arena\Tournaments\Engine Regression Battle 20250909.pgn

No:  B/W 1/2     W:B       1:2           Time        Value Moves Dep 1:2       1-2-Draws
   1 B 2    1.0:0.0        0.0:1.0       1:11:27 AM  -220.00     8 5.375 :4.857  0-1-0

--------------------------------------------------------------

Engine-Match Tuesday, September 9, 2025 1:11:29 AM
 Blitz 2/1 

Pairing 3/45 :    V7P3R_v10.3  -  V7P3R_v7.0

PGN-File: C:\Program Files (x86)\Arena\Tournaments\Engine Regression Battle 20250909.pgn

No:  B/W 1/2     W:B       1:2           Time        Value Moves Dep 1:2       1-2-Draws
   1 B 2    1.0:0.0        0.0:1.0       1:16:24 AM   -11.57    40 2.636 :5.000  0-1-0

--------------------------------------------------------------

Engine-Match Tuesday, September 9, 2025 1:16:25 AM
 Blitz 2/1 

Pairing 4/45 :    V7P3R_v6.0  -  V7P3R_v10.4

PGN-File: C:\Program Files (x86)\Arena\Tournaments\Engine Regression Battle 20250909.pgn

No:  B/W 1/2     W:B       1:2           Time        Value Moves Dep 1:2       1-2-Draws
   1 B 2    1.0:0.0        0.0:1.0       1:17:28 AM   -26.96     7 3.000 :3.800  0-1-0

--------------------------------------------------------------

Engine-Match Tuesday, September 9, 2025 1:17:29 AM
 Blitz 2/1 

Pairing 5/45 :    V7P3R_v10.5  -  V7P3R_v5.1

PGN-File: C:\Program Files (x86)\Arena\Tournaments\Engine Regression Battle 20250909.pgn

No:  B/W 1/2     W:B       1:2           Time        Value Moves Dep 1:2       1-2-Draws
   1 W 1    1.0:0.0        1.0:0.0       1:19:23 AM   +30.90    18 4.545 :3.222  1-0-0

--------------------------------------------------------------

Engine-Match Tuesday, September 9, 2025 1:19:24 AM
 Blitz 2/1 

Pairing 6/45 :    V7P3R_v8.0  -  V7P3R_v10.0

PGN-File: C:\Program Files (x86)\Arena\Tournaments\Engine Regression Battle 20250909.pgn

No:  B/W 1/2     W:B       1:2           Time        Value Moves Dep 1:2       1-2-Draws
   1 B 2    1.0:0.0        0.0:1.0       1:20:13 AM  -220.00     8 5.375 :5.000  0-1-0

--------------------------------------------------------------

Engine-Match Tuesday, September 9, 2025 1:20:14 AM
 Blitz 2/1 

Pairing 7/45 :    V7P3R_v7.0  -  V7P3R_v9.0

PGN-File: C:\Program Files (x86)\Arena\Tournaments\Engine Regression Battle 20250909.pgn

No:  B/W 1/2     W:B       1:2           Time        Value Moves Dep 1:2       1-2-Draws
   1 W 1    1.0:0.0        1.0:0.0       1:22:15 AM  +125.00     8 5.500 :5.750  1-0-0

--------------------------------------------------------------

Engine-Match Tuesday, September 9, 2025 1:22:17 AM
 Blitz 2/1 

Pairing 8/45 :    V7P3R_v10.2  -  V7P3R_v6.0

PGN-File: C:\Program Files (x86)\Arena\Tournaments\Engine Regression Battle 20250909.pgn

No:  B/W 1/2     W:B       1:2           Time        Value Moves Dep 1:2       1-2-Draws
   1 W 1    1.0:0.0        1.0:0.0       1:23:16 AM   +21.79     6 4.667 :3.000  1-0-0

--------------------------------------------------------------

Engine-Match Tuesday, September 9, 2025 1:23:17 AM
 Blitz 2/1 

Pairing 9/45 :    V7P3R_v5.1  -  V7P3R_v10.3

PGN-File: C:\Program Files (x86)\Arena\Tournaments\Engine Regression Battle 20250909.pgn

No:  B/W 1/2     W:B       1:2           Time        Value Moves Dep 1:2       1-2-Draws
   1 B 2    1.0:0.0        0.0:1.0       1:24:52 AM   -17.29     9 3.111 :3.125  0-1-0

--------------------------------------------------------------

Engine-Match Tuesday, September 9, 2025 1:24:53 AM
 Blitz 2/1 

Pairing 10/45 :    V7P3R_v10.4  -  V7P3R_v10.5

PGN-File: C:\Program Files (x86)\Arena\Tournaments\Engine Regression Battle 20250909.pgn

No:  B/W 1/2     W:B       1:2           Time        Value Moves Dep 1:2       1-2-Draws
   1 W 1    1.0:0.0        1.0:0.0       1:28:31 AM  +289.96    36 3.265 :4.000  1-0-0

--------------------------------------------------------------

Engine-Match Tuesday, September 9, 2025 1:28:33 AM
 Blitz 2/1 

Pairing 11/45 :    V7P3R_v10.0  -  V7P3R_v7.0

PGN-File: C:\Program Files (x86)\Arena\Tournaments\Engine Regression Battle 20250909.pgn

No:  B/W 1/2     W:B       1:2           Time        Value Moves Dep 1:2       1-2-Draws
   1 W 1    1.0:0.0        1.0:0.0       1:31:14 AM   +25.00    13 4.462 :5.231  1-0-0

--------------------------------------------------------------

Engine-Match Tuesday, September 9, 2025 1:31:16 AM
 Blitz 2/1 

Pairing 12/45 :    V7P3R_v6.0  -  V7P3R_v8.0

PGN-File: C:\Program Files (x86)\Arena\Tournaments\Engine Regression Battle 20250909.pgn

No:  B/W 1/2     W:B       1:2           Time        Value Moves Dep 1:2       1-2-Draws
   1 B 2    1.0:0.0        0.0:1.0       1:32:12 AM      -M1     8 3.000 :5.375  0-1-0

--------------------------------------------------------------

Engine-Match Tuesday, September 9, 2025 1:32:13 AM
 Blitz 2/1 

Pairing 13/45 :    V7P3R_v9.0  -  V7P3R_v5.1

PGN-File: C:\Program Files (x86)\Arena\Tournaments\Engine Regression Battle 20250909.pgn

No:  B/W 1/2     W:B       1:2           Time        Value Moves Dep 1:2       1-2-Draws
   1 B 2    1.0:0.0        0.0:1.0       1:33:27 AM  -275.00    12 5.750 :3.182  0-1-0

--------------------------------------------------------------

Engine-Match Tuesday, September 9, 2025 1:33:28 AM
 Blitz 2/1 

Pairing 14/45 :    V7P3R_v10.5  -  V7P3R_v10.2

PGN-File: C:\Program Files (x86)\Arena\Tournaments\Engine Regression Battle 20250909.pgn

No:  B/W 1/2     W:B       1:2           Time        Value Moves Dep 1:2       1-2-Draws
   1 = =    0.5:0.5        0.5:0.5       1:36:59 AM     0.00    45 4.167 :4.600  0-0-1

--------------------------------------------------------------

Engine-Match Tuesday, September 9, 2025 1:37:01 AM
 Blitz 2/1 

Pairing 15/45 :    V7P3R_v10.3  -  V7P3R_v10.4

PGN-File: C:\Program Files (x86)\Arena\Tournaments\Engine Regression Battle 20250909.pgn

No:  B/W 1/2     W:B       1:2           Time        Value Moves Dep 1:2       1-2-Draws
   1 B 2    1.0:0.0        0.0:1.0       1:40:18 AM   -19.25    29 2.607 :3.038  0-1-0

--------------------------------------------------------------

Engine-Match Tuesday, September 9, 2025 1:40:19 AM
 Blitz 2/1 

Pairing 16/45 :    V7P3R_v6.0  -  V7P3R_v10.0

PGN-File: C:\Program Files (x86)\Arena\Tournaments\Engine Regression Battle 20250909.pgn

No:  B/W 1/2     W:B       1:2           Time        Value Moves Dep 1:2       1-2-Draws
   1 B 2    1.0:0.0        0.0:1.0       1:41:39 AM   -24.83     9 3.000 :5.125  0-1-0

--------------------------------------------------------------

Engine-Match Tuesday, September 9, 2025 1:41:41 AM
 Blitz 2/1 

Pairing 17/45 :    V7P3R_v5.1  -  V7P3R_v7.0

PGN-File: C:\Program Files (x86)\Arena\Tournaments\Engine Regression Battle 20250909.pgn

No:  B/W 1/2     W:B       1:2           Time        Value Moves Dep 1:2       1-2-Draws
   1 B 2    1.0:0.0        0.0:1.0       1:43:31 AM   -41.59     8 3.125 :5.714  0-1-0

--------------------------------------------------------------

Engine-Match Tuesday, September 9, 2025 1:43:32 AM
 Blitz 2/1 

Pairing 18/45 :    V7P3R_v8.0  -  V7P3R_v10.5

PGN-File: C:\Program Files (x86)\Arena\Tournaments\Engine Regression Battle 20250909.pgn

No:  B/W 1/2     W:B       1:2           Time        Value Moves Dep 1:2       1-2-Draws
   1 B 2    1.0:0.0        0.0:1.0       1:44:32 AM  -285.00     9 5.222 :4.375  0-1-0

--------------------------------------------------------------

Engine-Match Tuesday, September 9, 2025 1:44:34 AM
 Blitz 2/1 

Pairing 19/45 :    V7P3R_v10.4  -  V7P3R_v9.0

PGN-File: C:\Program Files (x86)\Arena\Tournaments\Engine Regression Battle 20250909.pgn

No:  B/W 1/2     W:B       1:2           Time        Value Moves Dep 1:2       1-2-Draws
   1 W 1    1.0:0.0        1.0:0.0       1:46:39 AM  +195.00    20 3.500 :5.550  1-0-0

--------------------------------------------------------------

Engine-Match Tuesday, September 9, 2025 1:46:41 AM
 Blitz 2/1 

Pairing 20/45 :    V7P3R_v10.2  -  V7P3R_v10.3

PGN-File: C:\Program Files (x86)\Arena\Tournaments\Engine Regression Battle 20250909.pgn

No:  B/W 1/2     W:B       1:2           Time        Value Moves Dep 1:2       1-2-Draws
   1 W 1    1.0:0.0        1.0:0.0       1:50:48 AM   +19.93    48 4.389 :2.818  1-0-0

--------------------------------------------------------------

Engine-Match Tuesday, September 9, 2025 1:50:54 AM
 Blitz 2/1 

Pairing 21/45 :    V7P3R_v10.0  -  V7P3R_v5.1

PGN-File: C:\Program Files (x86)\Arena\Tournaments\Engine Regression Battle 20250909.pgn

No:  B/W 1/2     W:B       1:2           Time        Value Moves Dep 1:2       1-2-Draws
   1 W 1    1.0:0.0        1.0:0.0       1:51:48 AM   +36.69     5 5.200 :3.400  1-0-0

--------------------------------------------------------------

Engine-Match Tuesday, September 9, 2025 1:51:49 AM
 Blitz 2/1 

Pairing 22/45 :    V7P3R_v10.5  -  V7P3R_v6.0

PGN-File: C:\Program Files (x86)\Arena\Tournaments\Engine Regression Battle 20250909.pgn

No:  B/W 1/2     W:B       1:2           Time        Value Moves Dep 1:2       1-2-Draws
   1 W 1    1.0:0.0        1.0:0.0       1:52:46 AM   +42.38    10 4.250 :3.000  1-0-0

--------------------------------------------------------------

Engine-Match Tuesday, September 9, 2025 1:52:47 AM
 Blitz 2/1 

Pairing 23/45 :    V7P3R_v7.0  -  V7P3R_v10.4

PGN-File: C:\Program Files (x86)\Arena\Tournaments\Engine Regression Battle 20250909.pgn

No:  B/W 1/2     W:B       1:2           Time        Value Moves Dep 1:2       1-2-Draws
   1 B 2    1.0:0.0        0.0:1.0       1:56:24 AM    -M500    24 5.167 :3.238  0-1-0

--------------------------------------------------------------

Engine-Match Tuesday, September 9, 2025 1:56:26 AM
 Blitz 2/1 

Pairing 24/45 :    V7P3R_v10.3  -  V7P3R_v8.0

PGN-File: C:\Program Files (x86)\Arena\Tournaments\Engine Regression Battle 20250909.pgn

No:  B/W 1/2     W:B       1:2           Time        Value Moves Dep 1:2       1-2-Draws
   1 W 1    1.0:0.0        1.0:0.0       1:57:06 AM  +190.00     5 3.000 :5.400  1-0-0

--------------------------------------------------------------

Engine-Match Tuesday, September 9, 2025 1:57:07 AM
 Blitz 2/1 

Pairing 25/45 :    V7P3R_v9.0  -  V7P3R_v10.2

PGN-File: C:\Program Files (x86)\Arena\Tournaments\Engine Regression Battle 20250909.pgn

No:  B/W 1/2     W:B       1:2           Time        Value Moves Dep 1:2       1-2-Draws
   1 B 2    1.0:0.0        0.0:1.0       1:58:04 AM  -305.00     7 5.857 :4.833  0-1-0

--------------------------------------------------------------

Engine-Match Tuesday, September 9, 2025 1:58:05 AM
 Blitz 2/1 

Pairing 26/45 :    V7P3R_v10.5  -  V7P3R_v10.0

PGN-File: C:\Program Files (x86)\Arena\Tournaments\Engine Regression Battle 20250909.pgn

No:  B/W 1/2     W:B       1:2           Time        Value Moves Dep 1:2       1-2-Draws
   1 = =    0.5:0.5        0.5:0.5       2:02:07 AM    -4.90    68 4.333 :5.000  0-0-1

--------------------------------------------------------------

Engine-Match Tuesday, September 9, 2025 2:02:08 AM
 Blitz 2/1 

Pairing 27/45 :    V7P3R_v10.4  -  V7P3R_v5.1

PGN-File: C:\Program Files (x86)\Arena\Tournaments\Engine Regression Battle 20250909.pgn

No:  B/W 1/2     W:B       1:2           Time        Value Moves Dep 1:2       1-2-Draws
   1 W 1    1.0:0.0        1.0:0.0       2:03:26 AM   +25.69     8 3.375 :3.000  1-0-0

--------------------------------------------------------------

Engine-Match Tuesday, September 9, 2025 2:03:28 AM
 Blitz 2/1 

Pairing 28/45 :    V7P3R_v6.0  -  V7P3R_v10.3

PGN-File: C:\Program Files (x86)\Arena\Tournaments\Engine Regression Battle 20250909.pgn

No:  B/W 1/2     W:B       1:2           Time        Value Moves Dep 1:2       1-2-Draws
   1 B 2    1.0:0.0        0.0:1.0       2:04:25 AM    -M500     7 3.000 :3.000  0-1-0

--------------------------------------------------------------

Engine-Match Tuesday, September 9, 2025 2:04:26 AM
 Blitz 2/1 

Pairing 29/45 :    V7P3R_v10.2  -  V7P3R_v7.0

PGN-File: C:\Program Files (x86)\Arena\Tournaments\Engine Regression Battle 20250909.pgn

No:  B/W 1/2     W:B       1:2           Time        Value Moves Dep 1:2       1-2-Draws
   1 W 1    1.0:0.0        1.0:0.0       2:07:51 AM  +295.00    18 4.500 :5.111  1-0-0

--------------------------------------------------------------

Engine-Match Tuesday, September 9, 2025 2:07:53 AM
 Blitz 2/1 

Pairing 30/45 :    V7P3R_v8.0  -  V7P3R_v9.0

PGN-File: C:\Program Files (x86)\Arena\Tournaments\Engine Regression Battle 20250909.pgn

No:  B/W 1/2     W:B       1:2           Time        Value Moves Dep 1:2       1-2-Draws
   1 = =    0.5:0.5        0.5:0.5       2:09:52 AM  +276.00    27 4.926 :5.654  0-0-1

--------------------------------------------------------------

Engine-Match Tuesday, September 9, 2025 2:09:54 AM
 Blitz 2/1 

Pairing 31/45 :    V7P3R_v10.0  -  V7P3R_v10.4

PGN-File: C:\Program Files (x86)\Arena\Tournaments\Engine Regression Battle 20250909.pgn

No:  B/W 1/2     W:B       1:2           Time        Value Moves Dep 1:2       1-2-Draws
   1 B 2    1.0:0.0        0.0:1.0       2:14:08 AM   -18.10    60 4.478 :3.200  0-1-0

--------------------------------------------------------------

Engine-Match Tuesday, September 9, 2025 2:14:09 AM
 Blitz 2/1 

Pairing 32/45 :    V7P3R_v10.3  -  V7P3R_v10.5

PGN-File: C:\Program Files (x86)\Arena\Tournaments\Engine Regression Battle 20250909.pgn

No:  B/W 1/2     W:B       1:2           Time        Value Moves Dep 1:2       1-2-Draws
   1 B 2    1.0:0.0        0.0:1.0       2:16:40 AM   -22.19    22 2.682 :4.176  0-1-0

--------------------------------------------------------------

Engine-Match Tuesday, September 9, 2025 2:16:41 AM
 Blitz 2/1 

Pairing 33/45 :    V7P3R_v5.1  -  V7P3R_v10.2

PGN-File: C:\Program Files (x86)\Arena\Tournaments\Engine Regression Battle 20250909.pgn

No:  B/W 1/2     W:B       1:2           Time        Value Moves Dep 1:2       1-2-Draws
   1 B 2    1.0:0.0        0.0:1.0       2:17:48 AM   -14.14     8 3.125 :4.500  0-1-0

--------------------------------------------------------------

Engine-Match Tuesday, September 9, 2025 2:17:49 AM
 Blitz 2/1 

Pairing 34/45 :    V7P3R_v9.0  -  V7P3R_v6.0

PGN-File: C:\Program Files (x86)\Arena\Tournaments\Engine Regression Battle 20250909.pgn

No:  B/W 1/2     W:B       1:2           Time        Value Moves Dep 1:2       1-2-Draws
   1 W 1    1.0:0.0        1.0:0.0       2:18:32 AM   +29.34     6 6.000 :3.000  1-0-0

--------------------------------------------------------------

Engine-Match Tuesday, September 9, 2025 2:18:33 AM
 Blitz 2/1 

Pairing 35/45 :    V7P3R_v7.0  -  V7P3R_v8.0

PGN-File: C:\Program Files (x86)\Arena\Tournaments\Engine Regression Battle 20250909.pgn

No:  B/W 1/2     W:B       1:2           Time        Value Moves Dep 1:2       1-2-Draws
   1 W 1    1.0:0.0        1.0:0.0       2:19:51 AM    +M500     5 5.800 :5.000  1-0-0

--------------------------------------------------------------

Engine-Match Tuesday, September 9, 2025 2:19:53 AM
 Blitz 2/1 

Pairing 36/45 :    V7P3R_v10.3  -  V7P3R_v10.0

PGN-File: C:\Program Files (x86)\Arena\Tournaments\Engine Regression Battle 20250909.pgn

No:  B/W 1/2     W:B       1:2           Time        Value Moves Dep 1:2       1-2-Draws
   1 B 2    1.0:0.0        0.0:1.0       2:24:39 AM   -21.02    53 2.657 :4.457  0-1-0

--------------------------------------------------------------

Engine-Match Tuesday, September 9, 2025 2:24:40 AM
 Blitz 2/1 

Pairing 37/45 :    V7P3R_v10.2  -  V7P3R_v10.4

PGN-File: C:\Program Files (x86)\Arena\Tournaments\Engine Regression Battle 20250909.pgn

No:  B/W 1/2     W:B       1:2           Time        Value Moves Dep 1:2       1-2-Draws
   1 B 2    1.0:0.0        0.0:1.0       2:28:30 AM    -9.80    44 4.500 :3.273  0-1-0

--------------------------------------------------------------

Engine-Match Tuesday, September 9, 2025 2:28:31 AM
 Blitz 2/1 

Pairing 38/45 :    V7P3R_v10.5  -  V7P3R_v9.0

PGN-File: C:\Program Files (x86)\Arena\Tournaments\Engine Regression Battle 20250909.pgn

No:  B/W 1/2     W:B       1:2           Time        Value Moves Dep 1:2       1-2-Draws
   1 W 1    1.0:0.0        1.0:0.0       2:30:28 AM  +218.00    23 4.316 :5.609  1-0-0

--------------------------------------------------------------

Engine-Match Tuesday, September 9, 2025 2:30:30 AM
 Blitz 2/1 

Pairing 39/45 :    V7P3R_v8.0  -  V7P3R_v5.1

PGN-File: C:\Program Files (x86)\Arena\Tournaments\Engine Regression Battle 20250909.pgn

No:  B/W 1/2     W:B       1:2           Time        Value Moves Dep 1:2       1-2-Draws
   1 W 1    1.0:0.0        1.0:0.0       2:32:20 AM   +64.19    18 5.222 :3.056  1-0-0

--------------------------------------------------------------

Engine-Match Tuesday, September 9, 2025 2:32:22 AM
 Blitz 2/1 

Pairing 40/45 :    V7P3R_v6.0  -  V7P3R_v7.0

PGN-File: C:\Program Files (x86)\Arena\Tournaments\Engine Regression Battle 20250909.pgn

No:  B/W 1/2     W:B       1:2           Time        Value Moves Dep 1:2       1-2-Draws
   1 B 2    1.0:0.0        0.0:1.0       2:34:42 AM   -24.83     9 3.000 :6.000  0-1-0

--------------------------------------------------------------

Engine-Match Tuesday, September 9, 2025 2:34:48 AM
 Blitz 2/1 

Pairing 41/45 :    V7P3R_v10.0  -  V7P3R_v10.2

PGN-File: C:\Program Files (x86)\Arena\Tournaments\Engine Regression Battle 20250909.pgn

No:  B/W 1/2     W:B       1:2           Time        Value Moves Dep 1:2       1-2-Draws
   1 W 1    1.0:0.0        1.0:0.0       2:38:39 AM  +289.98    60 4.786 :4.667  1-0-0

--------------------------------------------------------------

Engine-Match Tuesday, September 9, 2025 2:38:40 AM
 Blitz 2/1 

Pairing 42/45 :    V7P3R_v9.0  -  V7P3R_v10.3

PGN-File: C:\Program Files (x86)\Arena\Tournaments\Engine Regression Battle 20250909.pgn

No:  B/W 1/2     W:B       1:2           Time        Value Moves Dep 1:2       1-2-Draws
   1 B 2    1.0:0.0        0.0:1.0       2:40:33 AM    -M500    15 5.467 :2.769  0-1-0

--------------------------------------------------------------

Engine-Match Tuesday, September 9, 2025 2:40:34 AM
 Blitz 2/1 

Pairing 43/45 :    V7P3R_v10.4  -  V7P3R_v8.0

PGN-File: C:\Program Files (x86)\Arena\Tournaments\Engine Regression Battle 20250909.pgn

No:  B/W 1/2     W:B       1:2           Time        Value Moves Dep 1:2       1-2-Draws
   1 W 1    1.0:0.0        1.0:0.0       2:41:30 AM  +195.00     7 3.500 :5.429  1-0-0

--------------------------------------------------------------

Engine-Match Tuesday, September 9, 2025 2:41:32 AM
 Blitz 2/1 

Pairing 44/45 :    V7P3R_v7.0  -  V7P3R_v10.5

PGN-File: C:\Program Files (x86)\Arena\Tournaments\Engine Regression Battle 20250909.pgn

No:  B/W 1/2     W:B       1:2           Time        Value Moves Dep 1:2       1-2-Draws
   1 B 2    1.0:0.0        0.0:1.0       2:45:15 AM   -20.00    21 4.905 :3.941  0-1-0

--------------------------------------------------------------

Engine-Match Tuesday, September 9, 2025 2:45:16 AM
 Blitz 2/1 

Pairing 45/45 :    V7P3R_v5.1  -  V7P3R_v6.0

PGN-File: C:\Program Files (x86)\Arena\Tournaments\Engine Regression Battle 20250909.pgn

No:  B/W 1/2     W:B       1:2           Time        Value Moves Dep 1:2       1-2-Draws
   1 W 1    1.0:0.0        1.0:0.0       2:46:32 AM   +32.38     9 3.111 :3.000  1-0-0

--------------------------------------------------------------

Engine-Match Tuesday, September 9, 2025 2:46:34 AM
 Blitz 2/1 

Pairing 1/45 :    V7P3R_v10.0  -  V7P3R_v9.0

PGN-File: C:\Program Files (x86)\Arena\Tournaments\Engine Regression Battle 20250909.pgn

No:  B/W 1/2     W:B       1:2           Time        Value Moves Dep 1:2       1-2-Draws
   2 B 1    1.0:0.0        2.0:0.0       2:48:13 AM    -M500    15 4.714 :6.000  2-0-0

--------------------------------------------------------------

Engine-Match Tuesday, September 9, 2025 2:48:14 AM
 Blitz 2/1 

Pairing 2/45 :    V7P3R_v8.0  -  V7P3R_v10.2

PGN-File: C:\Program Files (x86)\Arena\Tournaments\Engine Regression Battle 20250909.pgn

No:  B/W 1/2     W:B       1:2           Time        Value Moves Dep 1:2       1-2-Draws
   2 W 2    1.0:0.0        0.0:2.0       2:49:02 AM   +15.00     5 5.400 :5.000  0-2-0

--------------------------------------------------------------

Engine-Match Tuesday, September 9, 2025 2:49:04 AM
 Blitz 2/1 

Pairing 3/45 :    V7P3R_v10.3  -  V7P3R_v7.0

PGN-File: C:\Program Files (x86)\Arena\Tournaments\Engine Regression Battle 20250909.pgn

No:  B/W 1/2     W:B       1:2           Time        Value Moves Dep 1:2       1-2-Draws
   2 = =    0.5:0.5        0.5:1.5       2:53:33 AM    +M500    34 2.848 :4.824  0-1-1

--------------------------------------------------------------

Engine-Match Tuesday, September 9, 2025 2:53:35 AM
 Blitz 2/1 

Pairing 4/45 :    V7P3R_v6.0  -  V7P3R_v10.4

PGN-File: C:\Program Files (x86)\Arena\Tournaments\Engine Regression Battle 20250909.pgn

No:  B/W 1/2     W:B       1:2           Time        Value Moves Dep 1:2       1-2-Draws
   2 W 2    1.0:0.0        0.0:2.0       2:54:36 AM   +12.96     6 3.000 :4.000  0-2-0

--------------------------------------------------------------

Engine-Match Tuesday, September 9, 2025 2:54:38 AM
 Blitz 2/1 

Pairing 5/45 :    V7P3R_v10.5  -  V7P3R_v5.1

PGN-File: C:\Program Files (x86)\Arena\Tournaments\Engine Regression Battle 20250909.pgn

No:  B/W 1/2     W:B       1:2           Time        Value Moves Dep 1:2       1-2-Draws
   2 B 1    1.0:0.0        2.0:0.0       2:56:50 AM   -19.04    22 4.200 :3.045  2-0-0

--------------------------------------------------------------

Engine-Match Tuesday, September 9, 2025 2:56:52 AM
 Blitz 2/1 

Pairing 6/45 :    V7P3R_v8.0  -  V7P3R_v10.0

PGN-File: C:\Program Files (x86)\Arena\Tournaments\Engine Regression Battle 20250909.pgn

No:  B/W 1/2     W:B       1:2           Time        Value Moves Dep 1:2       1-2-Draws
   2 W 2    1.0:0.0        0.0:2.0       2:59:16 AM  +110.00    18 5.222 :4.722  0-2-0

--------------------------------------------------------------

Engine-Match Tuesday, September 9, 2025 2:59:17 AM
 Blitz 2/1 

Pairing 7/45 :    V7P3R_v7.0  -  V7P3R_v9.0

PGN-File: C:\Program Files (x86)\Arena\Tournaments\Engine Regression Battle 20250909.pgn

No:  B/W 1/2     W:B       1:2           Time        Value Moves Dep 1:2       1-2-Draws
   2 B 1    1.0:0.0        2.0:0.0       3:01:15 AM  -195.00    10 5.556 :5.900  2-0-0

--------------------------------------------------------------

Engine-Match Tuesday, September 9, 2025 3:01:16 AM
 Blitz 2/1 

Pairing 8/45 :    V7P3R_v10.2  -  V7P3R_v6.0

PGN-File: C:\Program Files (x86)\Arena\Tournaments\Engine Regression Battle 20250909.pgn

No:  B/W 1/2     W:B       1:2           Time        Value Moves Dep 1:2       1-2-Draws
   2 B 1    1.0:0.0        2.0:0.0       3:02:34 AM   -17.07     9 4.750 :3.000  2-0-0

--------------------------------------------------------------

Engine-Match Tuesday, September 9, 2025 3:02:36 AM
 Blitz 2/1 

Pairing 9/45 :    V7P3R_v5.1  -  V7P3R_v10.3

PGN-File: C:\Program Files (x86)\Arena\Tournaments\Engine Regression Battle 20250909.pgn

No:  B/W 1/2     W:B       1:2           Time        Value Moves Dep 1:2       1-2-Draws
   2 W 2    1.0:0.0        0.0:2.0       3:05:40 AM   +17.45    27 3.056 :3.111  0-2-0

--------------------------------------------------------------

Engine-Match Tuesday, September 9, 2025 3:05:41 AM
 Blitz 2/1 

Pairing 10/45 :    V7P3R_v10.4  -  V7P3R_v10.5

PGN-File: C:\Program Files (x86)\Arena\Tournaments\Engine Regression Battle 20250909.pgn

No:  B/W 1/2     W:B       1:2           Time        Value Moves Dep 1:2       1-2-Draws
   2 B 1    1.0:0.0        2.0:0.0       3:08:38 AM     0.00    23 3.471 :4.286  2-0-0

--------------------------------------------------------------

Engine-Match Tuesday, September 9, 2025 3:08:39 AM
 Blitz 2/1 

Pairing 11/45 :    V7P3R_v10.0  -  V7P3R_v7.0

PGN-File: C:\Program Files (x86)\Arena\Tournaments\Engine Regression Battle 20250909.pgn

No:  B/W 1/2     W:B       1:2           Time        Value Moves Dep 1:2       1-2-Draws
   2 B 1    1.0:0.0        2.0:0.0       3:11:39 AM  -140.00    15 5.143 :5.267  2-0-0

--------------------------------------------------------------

Engine-Match Tuesday, September 9, 2025 3:11:41 AM
 Blitz 2/1 

Pairing 12/45 :    V7P3R_v6.0  -  V7P3R_v8.0

PGN-File: C:\Program Files (x86)\Arena\Tournaments\Engine Regression Battle 20250909.pgn

No:  B/W 1/2     W:B       1:2           Time        Value Moves Dep 1:2       1-2-Draws
   2 W 2    1.0:0.0        0.0:2.0       3:12:28 AM    +M500     6 3.000 :5.333  0-2-0

--------------------------------------------------------------

Engine-Match Tuesday, September 9, 2025 3:12:30 AM
 Blitz 2/1 

Pairing 13/45 :    V7P3R_v9.0  -  V7P3R_v5.1

PGN-File: C:\Program Files (x86)\Arena\Tournaments\Engine Regression Battle 20250909.pgn

No:  B/W 1/2     W:B       1:2           Time        Value Moves Dep 1:2       1-2-Draws
   2 B 1    1.0:0.0        1.0:1.0       3:14:20 AM   -58.04    19 5.889 :3.053  1-1-0

--------------------------------------------------------------

Engine-Match Tuesday, September 9, 2025 3:14:21 AM
 Blitz 2/1 

Pairing 14/45 :    V7P3R_v10.5  -  V7P3R_v10.2

PGN-File: C:\Program Files (x86)\Arena\Tournaments\Engine Regression Battle 20250909.pgn

No:  B/W 1/2     W:B       1:2           Time        Value Moves Dep 1:2       1-2-Draws
   2 = =    1.0:1.0        1.0:1.0       3:17:27 AM    +6.50    41 4.364 :4.792  0-0-2

--------------------------------------------------------------

Engine-Match Tuesday, September 9, 2025 3:17:29 AM
 Blitz 2/1 

Pairing 15/45 :    V7P3R_v10.3  -  V7P3R_v10.4

PGN-File: C:\Program Files (x86)\Arena\Tournaments\Engine Regression Battle 20250909.pgn

No:  B/W 1/2     W:B       1:2           Time        Value Moves Dep 1:2       1-2-Draws
   2 W 2    1.0:0.0        0.0:2.0       3:21:21 AM   +10.46    45 2.781 :3.321  0-2-0

--------------------------------------------------------------

Engine-Match Tuesday, September 9, 2025 3:21:28 AM
 Blitz 2/1 

Pairing 16/45 :    V7P3R_v6.0  -  V7P3R_v10.0

PGN-File: C:\Program Files (x86)\Arena\Tournaments\Engine Regression Battle 20250909.pgn

No:  B/W 1/2     W:B       1:2           Time        Value Moves Dep 1:2       1-2-Draws
   2 W 2    1.0:0.0        0.0:2.0       3:23:10 AM    +M500    11 3.000 :5.091  0-2-0

--------------------------------------------------------------

Engine-Match Tuesday, September 9, 2025 3:23:11 AM
 Blitz 2/1 

Pairing 17/45 :    V7P3R_v5.1  -  V7P3R_v7.0

PGN-File: C:\Program Files (x86)\Arena\Tournaments\Engine Regression Battle 20250909.pgn

No:  B/W 1/2     W:B       1:2           Time        Value Moves Dep 1:2       1-2-Draws
   2 W 2    1.0:0.0        0.0:2.0       3:25:03 AM   +18.70     8 3.125 :5.750  0-2-0

--------------------------------------------------------------

Engine-Match Tuesday, September 9, 2025 3:25:04 AM
 Blitz 2/1 

Pairing 18/45 :    V7P3R_v8.0  -  V7P3R_v10.5

PGN-File: C:\Program Files (x86)\Arena\Tournaments\Engine Regression Battle 20250909.pgn

No:  B/W 1/2     W:B       1:2           Time        Value Moves Dep 1:2       1-2-Draws
   2 W 2    1.0:0.0        0.0:2.0       3:26:36 AM    +M500    18 5.333 :4.214  0-2-0

--------------------------------------------------------------

Engine-Match Tuesday, September 9, 2025 3:26:37 AM
 Blitz 2/1 

Pairing 19/45 :    V7P3R_v10.4  -  V7P3R_v9.0

PGN-File: C:\Program Files (x86)\Arena\Tournaments\Engine Regression Battle 20250909.pgn

No:  B/W 1/2     W:B       1:2           Time        Value Moves Dep 1:2       1-2-Draws
   2 B 1    1.0:0.0        2.0:0.0       3:28:02 AM  -120.00    12 3.556 :5.667  2-0-0

--------------------------------------------------------------

Engine-Match Tuesday, September 9, 2025 3:28:03 AM
 Blitz 2/1 

Pairing 20/45 :    V7P3R_v10.2  -  V7P3R_v10.3

PGN-File: C:\Program Files (x86)\Arena\Tournaments\Engine Regression Battle 20250909.pgn

No:  B/W 1/2     W:B       1:2           Time        Value Moves Dep 1:2       1-2-Draws
   2 B 1    1.0:0.0        2.0:0.0       3:32:03 AM   -19.31    38 4.762 :2.724  2-0-0

--------------------------------------------------------------

Engine-Match Tuesday, September 9, 2025 3:32:04 AM
 Blitz 2/1 

Pairing 21/45 :    V7P3R_v10.0  -  V7P3R_v5.1

PGN-File: C:\Program Files (x86)\Arena\Tournaments\Engine Regression Battle 20250909.pgn

No:  B/W 1/2     W:B       1:2           Time        Value Moves Dep 1:2       1-2-Draws
   2 B 1    1.0:0.0        2.0:0.0       3:33:33 AM   -14.55    11 4.900 :3.091  2-0-0

--------------------------------------------------------------

Engine-Match Tuesday, September 9, 2025 3:33:35 AM
 Blitz 2/1 

Pairing 22/45 :    V7P3R_v10.5  -  V7P3R_v6.0

PGN-File: C:\Program Files (x86)\Arena\Tournaments\Engine Regression Battle 20250909.pgn

No:  B/W 1/2     W:B       1:2           Time        Value Moves Dep 1:2       1-2-Draws
   2 B 1    1.0:0.0        2.0:0.0       3:34:42 AM   -47.05    11 4.833 :3.000  2-0-0

--------------------------------------------------------------

Engine-Match Tuesday, September 9, 2025 3:34:44 AM
 Blitz 2/1 

Pairing 23/45 :    V7P3R_v7.0  -  V7P3R_v10.4

PGN-File: C:\Program Files (x86)\Arena\Tournaments\Engine Regression Battle 20250909.pgn

No:  B/W 1/2     W:B       1:2           Time        Value Moves Dep 1:2       1-2-Draws
   2 B 1    1.0:0.0        1.0:1.0       3:40:13 AM   -21.28    61 5.111 :3.029  1-1-0

--------------------------------------------------------------

Engine-Match Tuesday, September 9, 2025 3:40:15 AM
 Blitz 2/1 

Pairing 24/45 :    V7P3R_v10.3  -  V7P3R_v8.0

PGN-File: C:\Program Files (x86)\Arena\Tournaments\Engine Regression Battle 20250909.pgn

No:  B/W 1/2     W:B       1:2           Time        Value Moves Dep 1:2       1-2-Draws
   2 B 1    1.0:0.0        2.0:0.0       3:41:15 AM   -90.00     6 3.000 :5.167  2-0-0

--------------------------------------------------------------

Engine-Match Tuesday, September 9, 2025 3:41:16 AM
 Blitz 2/1 

Pairing 25/45 :    V7P3R_v9.0  -  V7P3R_v10.2

PGN-File: C:\Program Files (x86)\Arena\Tournaments\Engine Regression Battle 20250909.pgn

No:  B/W 1/2     W:B       1:2           Time        Value Moves Dep 1:2       1-2-Draws
   2 W 2    1.0:0.0        0.0:2.0       3:42:40 AM    +M500     9 5.778 :4.556  0-2-0

--------------------------------------------------------------

Engine-Match Tuesday, September 9, 2025 3:42:42 AM
 Blitz 2/1 

Pairing 26/45 :    V7P3R_v10.5  -  V7P3R_v10.0

PGN-File: C:\Program Files (x86)\Arena\Tournaments\Engine Regression Battle 20250909.pgn

No:  B/W 1/2     W:B       1:2           Time        Value Moves Dep 1:2       1-2-Draws
   2 = =    1.0:1.0        1.0:1.0       3:45:58 AM    -6.20    42 4.250 :4.667  0-0-2

--------------------------------------------------------------

Engine-Match Tuesday, September 9, 2025 3:45:59 AM
 Blitz 2/1 

Pairing 27/45 :    V7P3R_v10.4  -  V7P3R_v5.1

PGN-File: C:\Program Files (x86)\Arena\Tournaments\Engine Regression Battle 20250909.pgn

No:  B/W 1/2     W:B       1:2           Time        Value Moves Dep 1:2       1-2-Draws
   2 B 1    1.0:0.0        2.0:0.0       3:47:26 AM   -56.75    12 3.667 :3.083  2-0-0

--------------------------------------------------------------

Engine-Match Tuesday, September 9, 2025 3:47:27 AM
 Blitz 2/1 

Pairing 28/45 :    V7P3R_v6.0  -  V7P3R_v10.3

PGN-File: C:\Program Files (x86)\Arena\Tournaments\Engine Regression Battle 20250909.pgn

No:  B/W 1/2     W:B       1:2           Time        Value Moves Dep 1:2       1-2-Draws
   2 W 2    1.0:0.0        0.0:2.0       3:48:14 AM  +289.97     5 3.000 :3.400  0-2-0

--------------------------------------------------------------

Engine-Match Tuesday, September 9, 2025 3:48:15 AM
 Blitz 2/1 

Pairing 29/45 :    V7P3R_v10.2  -  V7P3R_v7.0

PGN-File: C:\Program Files (x86)\Arena\Tournaments\Engine Regression Battle 20250909.pgn

No:  B/W 1/2     W:B       1:2           Time        Value Moves Dep 1:2       1-2-Draws
   2 B 1    1.0:0.0        2.0:0.0       3:51:44 AM  -100.00    25 4.600 :5.143  2-0-0

--------------------------------------------------------------

Engine-Match Tuesday, September 9, 2025 3:51:45 AM
 Blitz 2/1 

Pairing 30/45 :    V7P3R_v8.0  -  V7P3R_v9.0

PGN-File: C:\Program Files (x86)\Arena\Tournaments\Engine Regression Battle 20250909.pgn

No:  B/W 1/2     W:B       1:2           Time        Value Moves Dep 1:2       1-2-Draws
   2 W 2    1.5:0.5        0.5:1.5       3:52:13 AM   +90.00     5 5.400 :5.800  0-1-1

--------------------------------------------------------------

Engine-Match Tuesday, September 9, 2025 3:52:14 AM
 Blitz 2/1 

Pairing 31/45 :    V7P3R_v10.0  -  V7P3R_v10.4

PGN-File: C:\Program Files (x86)\Arena\Tournaments\Engine Regression Battle 20250909.pgn

No:  B/W 1/2     W:B       1:2           Time        Value Moves Dep 1:2       1-2-Draws
   2 B 1    1.0:0.0        1.0:1.0       3:55:16 AM   -30.02    26 4.480 :3.348  1-1-0

--------------------------------------------------------------

Engine-Match Tuesday, September 9, 2025 3:55:17 AM
 Blitz 2/1 

Pairing 32/45 :    V7P3R_v10.3  -  V7P3R_v10.5

PGN-File: C:\Program Files (x86)\Arena\Tournaments\Engine Regression Battle 20250909.pgn

No:  B/W 1/2     W:B       1:2           Time        Value Moves Dep 1:2       1-2-Draws
   2 B 1    1.0:0.0        1.0:1.0       4:00:10 AM   -22.00    68 2.958 :4.235  1-1-0

--------------------------------------------------------------

Engine-Match Tuesday, September 9, 2025 4:00:12 AM
 Blitz 2/1 

Pairing 33/45 :    V7P3R_v5.1  -  V7P3R_v10.2

PGN-File: C:\Program Files (x86)\Arena\Tournaments\Engine Regression Battle 20250909.pgn

No:  B/W 1/2     W:B       1:2           Time        Value Moves Dep 1:2       1-2-Draws
   2 W 2    1.0:0.0        0.0:2.0       4:01:25 AM   +24.29     9 3.222 :4.714  0-2-0

--------------------------------------------------------------

Engine-Match Tuesday, September 9, 2025 4:01:26 AM
 Blitz 2/1 

Pairing 34/45 :    V7P3R_v9.0  -  V7P3R_v6.0

PGN-File: C:\Program Files (x86)\Arena\Tournaments\Engine Regression Battle 20250909.pgn

No:  B/W 1/2     W:B       1:2           Time        Value Moves Dep 1:2       1-2-Draws
   2 B 1    1.0:0.0        2.0:0.0       4:02:58 AM   -47.72    13 6.000 :3.000  2-0-0

--------------------------------------------------------------

Engine-Match Tuesday, September 9, 2025 4:02:59 AM
 Blitz 2/1 

Pairing 35/45 :    V7P3R_v7.0  -  V7P3R_v8.0

PGN-File: C:\Program Files (x86)\Arena\Tournaments\Engine Regression Battle 20250909.pgn

No:  B/W 1/2     W:B       1:2           Time        Value Moves Dep 1:2       1-2-Draws
   2 W 2    1.0:0.0        1.0:1.0       4:04:11 AM  +108.00     5 6.000 :5.400  1-1-0

--------------------------------------------------------------

Engine-Match Tuesday, September 9, 2025 4:04:18 AM
 Blitz 2/1 

Pairing 36/45 :    V7P3R_v10.3  -  V7P3R_v10.0

PGN-File: C:\Program Files (x86)\Arena\Tournaments\Engine Regression Battle 20250909.pgn

No:  B/W 1/2     W:B       1:2           Time        Value Moves Dep 1:2       1-2-Draws
   2 W 2    1.0:0.0        0.0:2.0       4:08:18 AM   +24.18    36 2.917 :4.560  0-2-0

--------------------------------------------------------------

Engine-Match Tuesday, September 9, 2025 4:08:19 AM
 Blitz 2/1 

Pairing 37/45 :    V7P3R_v10.2  -  V7P3R_v10.4

PGN-File: C:\Program Files (x86)\Arena\Tournaments\Engine Regression Battle 20250909.pgn

No:  B/W 1/2     W:B       1:2           Time        Value Moves Dep 1:2       1-2-Draws
   2 W 2    1.0:0.0        0.0:2.0       4:12:19 AM  +289.97    54 4.733 :3.421  0-2-0

--------------------------------------------------------------

Engine-Match Tuesday, September 9, 2025 4:12:21 AM
 Blitz 2/1 

Pairing 38/45 :    V7P3R_v10.5  -  V7P3R_v9.0

PGN-File: C:\Program Files (x86)\Arena\Tournaments\Engine Regression Battle 20250909.pgn

No:  B/W 1/2     W:B       1:2           Time        Value Moves Dep 1:2       1-2-Draws
   2 B 1    1.0:0.0        2.0:0.0       4:13:29 AM   -10.00    10 4.250 :5.900  2-0-0

--------------------------------------------------------------

Engine-Match Tuesday, September 9, 2025 4:13:30 AM
 Blitz 2/1 

Pairing 39/45 :    V7P3R_v8.0  -  V7P3R_v5.1

PGN-File: C:\Program Files (x86)\Arena\Tournaments\Engine Regression Battle 20250909.pgn

No:  B/W 1/2     W:B       1:2           Time        Value Moves Dep 1:2       1-2-Draws
   2 W 2    1.0:0.0        1.0:1.0       4:14:06 AM    +M500     5 5.000 :3.200  1-1-0

--------------------------------------------------------------

Engine-Match Tuesday, September 9, 2025 4:14:07 AM
 Blitz 2/1 

Pairing 40/45 :    V7P3R_v6.0  -  V7P3R_v7.0

PGN-File: C:\Program Files (x86)\Arena\Tournaments\Engine Regression Battle 20250909.pgn

No:  B/W 1/2     W:B       1:2           Time        Value Moves Dep 1:2       1-2-Draws
   2 W 2    1.0:0.0        0.0:2.0       4:16:43 AM   +15.00    13 3.000 :5.769  0-2-0

--------------------------------------------------------------

Engine-Match Tuesday, September 9, 2025 4:16:44 AM
 Blitz 2/1 

Pairing 41/45 :    V7P3R_v10.0  -  V7P3R_v10.2

PGN-File: C:\Program Files (x86)\Arena\Tournaments\Engine Regression Battle 20250909.pgn

No:  B/W 1/2     W:B       1:2           Time        Value Moves Dep 1:2       1-2-Draws
   2 = =    0.5:0.5        1.5:0.5       4:20:35 AM    -6.90    58 4.750 :4.750  1-0-1

--------------------------------------------------------------

Engine-Match Tuesday, September 9, 2025 4:20:36 AM
 Blitz 2/1 

Pairing 42/45 :    V7P3R_v9.0  -  V7P3R_v10.3

PGN-File: C:\Program Files (x86)\Arena\Tournaments\Engine Regression Battle 20250909.pgn

No:  B/W 1/2     W:B       1:2           Time        Value Moves Dep 1:2       1-2-Draws
   2 W 2    1.0:0.0        0.0:2.0       4:22:24 AM    +M500    13 5.615 :2.846  0-2-0

--------------------------------------------------------------

Engine-Match Tuesday, September 9, 2025 4:22:25 AM
 Blitz 2/1 

Pairing 43/45 :    V7P3R_v10.4  -  V7P3R_v8.0

PGN-File: C:\Program Files (x86)\Arena\Tournaments\Engine Regression Battle 20250909.pgn

No:  B/W 1/2     W:B       1:2           Time        Value Moves Dep 1:2       1-2-Draws
   2 B 1    1.0:0.0        2.0:0.0       4:23:39 AM   -90.00     9 3.286 :5.222  2-0-0

--------------------------------------------------------------

Engine-Match Tuesday, September 9, 2025 4:23:40 AM
 Blitz 2/1 

Pairing 44/45 :    V7P3R_v7.0  -  V7P3R_v10.5

PGN-File: C:\Program Files (x86)\Arena\Tournaments\Engine Regression Battle 20250909.pgn

No:  B/W 1/2     W:B       1:2           Time        Value Moves Dep 1:2       1-2-Draws
   2 W 2    1.0:0.0        0.0:2.0       4:26:11 AM   +21.00    14 5.357 :4.250  0-2-0

--------------------------------------------------------------

Engine-Match Tuesday, September 9, 2025 4:26:12 AM
 Blitz 2/1 

Pairing 45/45 :    V7P3R_v5.1  -  V7P3R_v6.0

PGN-File: C:\Program Files (x86)\Arena\Tournaments\Engine Regression Battle 20250909.pgn

No:  B/W 1/2     W:B       1:2           Time        Value Moves Dep 1:2       1-2-Draws
   2 B 1    1.0:0.0        2.0:0.0       4:27:39 AM   -23.32    11 3.300 :3.000  2-0-0

--------------------------------------------------------------

Engine-Match Tuesday, September 9, 2025 4:27:41 AM
 Blitz 2/1 

Pairing 1/45 :    V7P3R_v10.0  -  V7P3R_v9.0

PGN-File: C:\Program Files (x86)\Arena\Tournaments\Engine Regression Battle 20250909.pgn

No:  B/W 1/2     W:B       1:2           Time        Value Moves Dep 1:2       1-2-Draws
   3 W 1    1.0:0.0        3.0:0.0       4:29:03 AM   +10.00    11 5.000 :5.636  3-0-0

--------------------------------------------------------------

Engine-Match Tuesday, September 9, 2025 4:29:04 AM
 Blitz 2/1 

Pairing 2/45 :    V7P3R_v8.0  -  V7P3R_v10.2

PGN-File: C:\Program Files (x86)\Arena\Tournaments\Engine Regression Battle 20250909.pgn

No:  B/W 1/2     W:B       1:2           Time        Value Moves Dep 1:2       1-2-Draws
   3 B 2    1.0:0.0        0.0:3.0       4:30:20 AM  -130.00    11 5.182 :4.750  0-3-0

--------------------------------------------------------------

Engine-Match Tuesday, September 9, 2025 4:30:22 AM
 Blitz 2/1 

Pairing 3/45 :    V7P3R_v10.3  -  V7P3R_v7.0

PGN-File: C:\Program Files (x86)\Arena\Tournaments\Engine Regression Battle 20250909.pgn

No:  B/W 1/2     W:B       1:2           Time        Value Moves Dep 1:2       1-2-Draws
   3 B 2    1.5:0.5        0.5:2.5       4:35:33 AM   -15.01    49 2.760 :5.167  0-2-1

--------------------------------------------------------------

Engine-Match Tuesday, September 9, 2025 4:35:35 AM
 Blitz 2/1 

Pairing 4/45 :    V7P3R_v6.0  -  V7P3R_v10.4

PGN-File: C:\Program Files (x86)\Arena\Tournaments\Engine Regression Battle 20250909.pgn

No:  B/W 1/2     W:B       1:2           Time        Value Moves Dep 1:2       1-2-Draws
   3 B 2    1.0:0.0        0.0:3.0       4:36:36 AM   -26.96     7 3.000 :3.800  0-3-0

--------------------------------------------------------------

Engine-Match Tuesday, September 9, 2025 4:36:38 AM
 Blitz 2/1 

Pairing 5/45 :    V7P3R_v10.5  -  V7P3R_v5.1

PGN-File: C:\Program Files (x86)\Arena\Tournaments\Engine Regression Battle 20250909.pgn

No:  B/W 1/2     W:B       1:2           Time        Value Moves Dep 1:2       1-2-Draws
   3 W 1    1.0:0.0        3.0:0.0       4:38:45 AM   +62.20    22 4.357 :3.182  3-0-0

--------------------------------------------------------------

Engine-Match Tuesday, September 9, 2025 4:38:46 AM
 Blitz 2/1 

Pairing 6/45 :    V7P3R_v8.0  -  V7P3R_v10.0

PGN-File: C:\Program Files (x86)\Arena\Tournaments\Engine Regression Battle 20250909.pgn

No:  B/W 1/2     W:B       1:2           Time        Value Moves Dep 1:2       1-2-Draws
   3 B 2    1.0:0.0        0.0:3.0       4:39:37 AM  -110.00     6 5.167 :5.000  0-3-0

--------------------------------------------------------------

Engine-Match Tuesday, September 9, 2025 4:39:39 AM
 Blitz 2/1 

Pairing 7/45 :    V7P3R_v7.0  -  V7P3R_v9.0

PGN-File: C:\Program Files (x86)\Arena\Tournaments\Engine Regression Battle 20250909.pgn

No:  B/W 1/2     W:B       1:2           Time        Value Moves Dep 1:2       1-2-Draws
   3 W 1    1.0:0.0        3.0:0.0       4:41:30 AM  +241.00     9 5.222 :5.667  3-0-0

--------------------------------------------------------------

Engine-Match Tuesday, September 9, 2025 4:41:31 AM
 Blitz 2/1 

Pairing 8/45 :    V7P3R_v10.2  -  V7P3R_v6.0

PGN-File: C:\Program Files (x86)\Arena\Tournaments\Engine Regression Battle 20250909.pgn

No:  B/W 1/2     W:B       1:2           Time        Value Moves Dep 1:2       1-2-Draws
   3 W 1    1.0:0.0        3.0:0.0       4:42:40 AM   +30.74     6 5.000 :3.000  3-0-0

--------------------------------------------------------------

Engine-Match Tuesday, September 9, 2025 4:42:41 AM
 Blitz 2/1 

Pairing 9/45 :    V7P3R_v5.1  -  V7P3R_v10.3

PGN-File: C:\Program Files (x86)\Arena\Tournaments\Engine Regression Battle 20250909.pgn

No:  B/W 1/2     W:B       1:2           Time        Value Moves Dep 1:2       1-2-Draws
   3 B 2    1.0:0.0        0.0:3.0       4:45:08 AM   -25.84    18 3.059 :3.059  0-3-0

--------------------------------------------------------------

Engine-Match Tuesday, September 9, 2025 4:45:09 AM
 Blitz 2/1 

Pairing 10/45 :    V7P3R_v10.4  -  V7P3R_v10.5

PGN-File: C:\Program Files (x86)\Arena\Tournaments\Engine Regression Battle 20250909.pgn

No:  B/W 1/2     W:B       1:2           Time        Value Moves Dep 1:2       1-2-Draws
   3 = =    0.5:0.5        2.5:0.5       4:48:29 AM     0.00    43 3.421 :4.400  2-0-1

--------------------------------------------------------------

Engine-Match Tuesday, September 9, 2025 4:48:36 AM
 Blitz 2/1 

Pairing 11/45 :    V7P3R_v10.0  -  V7P3R_v7.0

PGN-File: C:\Program Files (x86)\Arena\Tournaments\Engine Regression Battle 20250909.pgn

No:  B/W 1/2     W:B       1:2           Time        Value Moves Dep 1:2       1-2-Draws
   3 W 1    1.0:0.0        3.0:0.0       4:51:29 AM   +13.00    16 4.500 :5.125  3-0-0

--------------------------------------------------------------

Engine-Match Tuesday, September 9, 2025 4:51:31 AM
 Blitz 2/1 

Pairing 12/45 :    V7P3R_v6.0  -  V7P3R_v8.0

PGN-File: C:\Program Files (x86)\Arena\Tournaments\Engine Regression Battle 20250909.pgn

No:  B/W 1/2     W:B       1:2           Time        Value Moves Dep 1:2       1-2-Draws
   3 B 2    1.0:0.0        0.0:3.0       4:52:27 AM      -M1     8 3.000 :5.375  0-3-0

--------------------------------------------------------------

Engine-Match Tuesday, September 9, 2025 4:52:28 AM
 Blitz 2/1 

Pairing 13/45 :    V7P3R_v9.0  -  V7P3R_v5.1

PGN-File: C:\Program Files (x86)\Arena\Tournaments\Engine Regression Battle 20250909.pgn

No:  B/W 1/2     W:B       1:2           Time        Value Moves Dep 1:2       1-2-Draws
   3 = =    0.5:0.5        1.5:1.5       4:54:32 AM    +M500    23 5.913 :3.045  1-1-1

--------------------------------------------------------------

Engine-Match Tuesday, September 9, 2025 4:54:33 AM
 Blitz 2/1 

Pairing 14/45 :    V7P3R_v10.5  -  V7P3R_v10.2

PGN-File: C:\Program Files (x86)\Arena\Tournaments\Engine Regression Battle 20250909.pgn

No:  B/W 1/2     W:B       1:2           Time        Value Moves Dep 1:2       1-2-Draws
   3 W 1    2.0:1.0        2.0:1.0       4:57:17 AM  +289.98    36 4.348 :4.684  1-0-2

--------------------------------------------------------------

Engine-Match Tuesday, September 9, 2025 4:57:18 AM
 Blitz 2/1 

Pairing 15/45 :    V7P3R_v10.3  -  V7P3R_v10.4

PGN-File: C:\Program Files (x86)\Arena\Tournaments\Engine Regression Battle 20250909.pgn

No:  B/W 1/2     W:B       1:2           Time        Value Moves Dep 1:2       1-2-Draws
   3 B 2    1.0:0.0        0.0:3.0       5:00:25 AM   -26.06    29 2.607 :3.080  0-3-0

--------------------------------------------------------------

Engine-Match Tuesday, September 9, 2025 5:00:26 AM
 Blitz 2/1 

Pairing 16/45 :    V7P3R_v6.0  -  V7P3R_v10.0

PGN-File: C:\Program Files (x86)\Arena\Tournaments\Engine Regression Battle 20250909.pgn

No:  B/W 1/2     W:B       1:2           Time        Value Moves Dep 1:2       1-2-Draws
   3 B 2    1.0:0.0        0.0:3.0       5:01:44 AM   -24.83     9 3.000 :5.125  0-3-0

--------------------------------------------------------------

Engine-Match Tuesday, September 9, 2025 5:01:45 AM
 Blitz 2/1 

Pairing 17/45 :    V7P3R_v5.1  -  V7P3R_v7.0

PGN-File: C:\Program Files (x86)\Arena\Tournaments\Engine Regression Battle 20250909.pgn

No:  B/W 1/2     W:B       1:2           Time        Value Moves Dep 1:2       1-2-Draws
   3 B 2    1.0:0.0        0.0:3.0       5:03:31 AM   -41.59     8 3.125 :5.714  0-3-0

--------------------------------------------------------------

Engine-Match Tuesday, September 9, 2025 5:03:32 AM
 Blitz 2/1 

Pairing 18/45 :    V7P3R_v8.0  -  V7P3R_v10.5

PGN-File: C:\Program Files (x86)\Arena\Tournaments\Engine Regression Battle 20250909.pgn

No:  B/W 1/2     W:B       1:2           Time        Value Moves Dep 1:2       1-2-Draws
   3 B 2    1.0:0.0        0.0:3.0       5:04:30 AM  -285.00     9 5.222 :4.375  0-3-0

--------------------------------------------------------------

Engine-Match Tuesday, September 9, 2025 5:04:32 AM
 Blitz 2/1 

Pairing 19/45 :    V7P3R_v10.4  -  V7P3R_v9.0

PGN-File: C:\Program Files (x86)\Arena\Tournaments\Engine Regression Battle 20250909.pgn

No:  B/W 1/2     W:B       1:2           Time        Value Moves Dep 1:2       1-2-Draws
   3 W 1    1.0:0.0        3.0:0.0       5:06:13 AM    +M500    16 3.333 :5.375  3-0-0

--------------------------------------------------------------

Engine-Match Tuesday, September 9, 2025 5:06:14 AM
 Blitz 2/1 

Pairing 20/45 :    V7P3R_v10.2  -  V7P3R_v10.3

PGN-File: C:\Program Files (x86)\Arena\Tournaments\Engine Regression Battle 20250909.pgn

No:  B/W 1/2     W:B       1:2           Time        Value Moves Dep 1:2       1-2-Draws
   3 W 1    1.0:0.0        3.0:0.0       5:09:44 AM  +289.99    27 4.545 :2.769  3-0-0

--------------------------------------------------------------

Engine-Match Tuesday, September 9, 2025 5:09:45 AM
 Blitz 2/1 

Pairing 21/45 :    V7P3R_v10.0  -  V7P3R_v5.1

PGN-File: C:\Program Files (x86)\Arena\Tournaments\Engine Regression Battle 20250909.pgn

No:  B/W 1/2     W:B       1:2           Time        Value Moves Dep 1:2       1-2-Draws
   3 W 1    1.0:0.0        3.0:0.0       5:11:05 AM   +27.04     9 5.222 :3.111  3-0-0

--------------------------------------------------------------

Engine-Match Tuesday, September 9, 2025 5:11:06 AM
 Blitz 2/1 

Pairing 22/45 :    V7P3R_v10.5  -  V7P3R_v6.0

PGN-File: C:\Program Files (x86)\Arena\Tournaments\Engine Regression Battle 20250909.pgn

No:  B/W 1/2     W:B       1:2           Time        Value Moves Dep 1:2       1-2-Draws
   3 W 1    1.0:0.0        3.0:0.0       5:12:01 AM   +42.38    10 4.250 :3.000  3-0-0

--------------------------------------------------------------

Engine-Match Tuesday, September 9, 2025 5:12:03 AM
 Blitz 2/1 

Pairing 23/45 :    V7P3R_v7.0  -  V7P3R_v10.4

PGN-File: C:\Program Files (x86)\Arena\Tournaments\Engine Regression Battle 20250909.pgn

No:  B/W 1/2     W:B       1:2           Time        Value Moves Dep 1:2       1-2-Draws
   3 B 2    1.0:0.0        1.0:2.0       5:15:48 AM  -116.00    27 5.111 :3.478  1-2-0

--------------------------------------------------------------

Engine-Match Tuesday, September 9, 2025 5:15:49 AM
 Blitz 2/1 

Pairing 24/45 :    V7P3R_v10.3  -  V7P3R_v8.0

PGN-File: C:\Program Files (x86)\Arena\Tournaments\Engine Regression Battle 20250909.pgn

No:  B/W 1/2     W:B       1:2           Time        Value Moves Dep 1:2       1-2-Draws
   3 W 1    1.0:0.0        3.0:0.0       5:16:40 AM  +190.00     5 3.200 :5.400  3-0-0

--------------------------------------------------------------

Engine-Match Tuesday, September 9, 2025 5:16:41 AM
 Blitz 2/1 

Pairing 25/45 :    V7P3R_v9.0  -  V7P3R_v10.2

PGN-File: C:\Program Files (x86)\Arena\Tournaments\Engine Regression Battle 20250909.pgn

No:  B/W 1/2     W:B       1:2           Time        Value Moves Dep 1:2       1-2-Draws
   3 B 2    1.0:0.0        0.0:3.0       5:17:35 AM  -305.00     7 5.857 :4.833  0-3-0

--------------------------------------------------------------

Engine-Match Tuesday, September 9, 2025 5:17:37 AM
 Blitz 2/1 

Pairing 26/45 :    V7P3R_v10.5  -  V7P3R_v10.0

PGN-File: C:\Program Files (x86)\Arena\Tournaments\Engine Regression Battle 20250909.pgn

No:  B/W 1/2     W:B       1:2           Time        Value Moves Dep 1:2       1-2-Draws
   3 = =    1.5:1.5        1.5:1.5       5:20:49 AM     0.00    46 4.143 :4.727  0-0-3

--------------------------------------------------------------

Engine-Match Tuesday, September 9, 2025 5:20:51 AM
 Blitz 2/1 

Pairing 27/45 :    V7P3R_v10.4  -  V7P3R_v5.1

PGN-File: C:\Program Files (x86)\Arena\Tournaments\Engine Regression Battle 20250909.pgn

No:  B/W 1/2     W:B       1:2           Time        Value Moves Dep 1:2       1-2-Draws
   3 W 1    1.0:0.0        3.0:0.0       5:22:16 AM   +49.74    11 3.364 :3.091  3-0-0

--------------------------------------------------------------

Engine-Match Tuesday, September 9, 2025 5:22:17 AM
 Blitz 2/1 

Pairing 28/45 :    V7P3R_v6.0  -  V7P3R_v10.3

PGN-File: C:\Program Files (x86)\Arena\Tournaments\Engine Regression Battle 20250909.pgn

No:  B/W 1/2     W:B       1:2           Time        Value Moves Dep 1:2       1-2-Draws
   3 B 2    1.0:0.0        0.0:3.0       5:23:12 AM    -M500     7 3.000 :3.000  0-3-0

--------------------------------------------------------------

Engine-Match Tuesday, September 9, 2025 5:23:13 AM
 Blitz 2/1 

Pairing 29/45 :    V7P3R_v10.2  -  V7P3R_v7.0

PGN-File: C:\Program Files (x86)\Arena\Tournaments\Engine Regression Battle 20250909.pgn

No:  B/W 1/2     W:B       1:2           Time        Value Moves Dep 1:2       1-2-Draws
   3 W 1    1.0:0.0        3.0:0.0       5:26:35 AM  +295.00    18 4.500 :5.111  3-0-0

--------------------------------------------------------------

Engine-Match Tuesday, September 9, 2025 5:26:37 AM
 Blitz 2/1 

Pairing 30/45 :    V7P3R_v8.0  -  V7P3R_v9.0

PGN-File: C:\Program Files (x86)\Arena\Tournaments\Engine Regression Battle 20250909.pgn

No:  B/W 1/2     W:B       1:2           Time        Value Moves Dep 1:2       1-2-Draws
   3 B 2    1.5:0.5        0.5:2.5       5:27:31 AM  -220.00    11 5.182 :5.900  0-2-1

--------------------------------------------------------------

Engine-Match Tuesday, September 9, 2025 5:27:38 AM
 Blitz 2/1 

Pairing 31/45 :    V7P3R_v10.0  -  V7P3R_v10.4

PGN-File: C:\Program Files (x86)\Arena\Tournaments\Engine Regression Battle 20250909.pgn

No:  B/W 1/2     W:B       1:2           Time        Value Moves Dep 1:2       1-2-Draws
   3 = =    0.5:0.5        1.5:1.5       5:31:54 AM    -2.00    54 4.522 :3.200  1-1-1

--------------------------------------------------------------

Engine-Match Tuesday, September 9, 2025 5:31:56 AM
 Blitz 2/1 

Pairing 32/45 :    V7P3R_v10.3  -  V7P3R_v10.5

PGN-File: C:\Program Files (x86)\Arena\Tournaments\Engine Regression Battle 20250909.pgn

No:  B/W 1/2     W:B       1:2           Time        Value Moves Dep 1:2       1-2-Draws
   3 B 2    1.0:0.0        1.0:2.0       5:34:31 AM   -22.19    22 2.682 :4.235  1-2-0

--------------------------------------------------------------

Engine-Match Tuesday, September 9, 2025 5:34:32 AM
 Blitz 2/1 

Pairing 33/45 :    V7P3R_v5.1  -  V7P3R_v10.2

PGN-File: C:\Program Files (x86)\Arena\Tournaments\Engine Regression Battle 20250909.pgn

No:  B/W 1/2     W:B       1:2           Time        Value Moves Dep 1:2       1-2-Draws
   3 B 2    1.0:0.0        0.0:3.0       5:35:39 AM   -14.14     8 3.125 :4.500  0-3-0

--------------------------------------------------------------

Engine-Match Tuesday, September 9, 2025 5:35:40 AM
 Blitz 2/1 

Pairing 34/45 :    V7P3R_v9.0  -  V7P3R_v6.0

PGN-File: C:\Program Files (x86)\Arena\Tournaments\Engine Regression Battle 20250909.pgn

No:  B/W 1/2     W:B       1:2           Time        Value Moves Dep 1:2       1-2-Draws
   3 W 1    1.0:0.0        3.0:0.0       5:36:22 AM   +29.34     6 6.000 :3.000  3-0-0

--------------------------------------------------------------

Engine-Match Tuesday, September 9, 2025 5:36:24 AM
 Blitz 2/1 

Pairing 35/45 :    V7P3R_v7.0  -  V7P3R_v8.0

PGN-File: C:\Program Files (x86)\Arena\Tournaments\Engine Regression Battle 20250909.pgn

No:  B/W 1/2     W:B       1:2           Time        Value Moves Dep 1:2       1-2-Draws
   3 W 1    1.0:0.0        2.0:1.0       5:37:41 AM    +M500     5 5.800 :5.000  2-1-0

--------------------------------------------------------------

Engine-Match Tuesday, September 9, 2025 5:37:43 AM
 Blitz 2/1 

Pairing 36/45 :    V7P3R_v10.3  -  V7P3R_v10.0

PGN-File: C:\Program Files (x86)\Arena\Tournaments\Engine Regression Battle 20250909.pgn

No:  B/W 1/2     W:B       1:2           Time        Value Moves Dep 1:2       1-2-Draws
   3 B 2    1.0:0.0        0.0:3.0       5:42:40 AM   -11.09    59 2.767 :4.533  0-3-0

--------------------------------------------------------------

Engine-Match Tuesday, September 9, 2025 5:42:41 AM
 Blitz 2/1 

Pairing 37/45 :    V7P3R_v10.2  -  V7P3R_v10.4

PGN-File: C:\Program Files (x86)\Arena\Tournaments\Engine Regression Battle 20250909.pgn

No:  B/W 1/2     W:B       1:2           Time        Value Moves Dep 1:2       1-2-Draws
   3 = =    0.5:0.5        0.5:2.5       5:46:39 AM    -0.35    49 4.529 :3.227  0-2-1

--------------------------------------------------------------

Engine-Match Tuesday, September 9, 2025 5:46:40 AM
 Blitz 2/1 

Pairing 38/45 :    V7P3R_v10.5  -  V7P3R_v9.0

PGN-File: C:\Program Files (x86)\Arena\Tournaments\Engine Regression Battle 20250909.pgn

No:  B/W 1/2     W:B       1:2           Time        Value Moves Dep 1:2       1-2-Draws
   3 W 1    1.0:0.0        3.0:0.0       5:48:26 AM    +M500    19 4.333 :5.684  3-0-0

--------------------------------------------------------------

Engine-Match Tuesday, September 9, 2025 5:48:28 AM
 Blitz 2/1 

Pairing 39/45 :    V7P3R_v8.0  -  V7P3R_v5.1

PGN-File: C:\Program Files (x86)\Arena\Tournaments\Engine Regression Battle 20250909.pgn

No:  B/W 1/2     W:B       1:2           Time        Value Moves Dep 1:2       1-2-Draws
   3 W 1    1.0:0.0        2.0:1.0       5:50:18 AM   +64.19    18 5.222 :3.056  2-1-0

--------------------------------------------------------------

Engine-Match Tuesday, September 9, 2025 5:50:20 AM
 Blitz 2/1 

Pairing 40/45 :    V7P3R_v6.0  -  V7P3R_v7.0

PGN-File: C:\Program Files (x86)\Arena\Tournaments\Engine Regression Battle 20250909.pgn

No:  B/W 1/2     W:B       1:2           Time        Value Moves Dep 1:2       1-2-Draws
   3 B 2    1.0:0.0        0.0:3.0       5:52:36 AM   -24.83     9 3.000 :6.000  0-3-0

--------------------------------------------------------------

Engine-Match Tuesday, September 9, 2025 5:52:38 AM
 Blitz 2/1 

Pairing 41/45 :    V7P3R_v10.0  -  V7P3R_v10.2

PGN-File: C:\Program Files (x86)\Arena\Tournaments\Engine Regression Battle 20250909.pgn

No:  B/W 1/2     W:B       1:2           Time        Value Moves Dep 1:2       1-2-Draws
   3 W 1    1.5:0.5        2.5:0.5       5:56:09 AM  +289.99    56 4.593 :4.833  2-0-1

--------------------------------------------------------------

Engine-Match Tuesday, September 9, 2025 5:56:10 AM
 Blitz 2/1 

Pairing 42/45 :    V7P3R_v9.0  -  V7P3R_v10.3

PGN-File: C:\Program Files (x86)\Arena\Tournaments\Engine Regression Battle 20250909.pgn

No:  B/W 1/2     W:B       1:2           Time        Value Moves Dep 1:2       1-2-Draws
   3 B 2    1.0:0.0        0.0:3.0       5:58:02 AM    -M500    15 5.467 :2.769  0-3-0

--------------------------------------------------------------

Engine-Match Tuesday, September 9, 2025 5:58:04 AM
 Blitz 2/1 

Pairing 43/45 :    V7P3R_v10.4  -  V7P3R_v8.0

PGN-File: C:\Program Files (x86)\Arena\Tournaments\Engine Regression Battle 20250909.pgn

No:  B/W 1/2     W:B       1:2           Time        Value Moves Dep 1:2       1-2-Draws
   3 W 1    1.0:0.0        3.0:0.0       5:58:59 AM  +195.00     7 3.500 :5.429  3-0-0

--------------------------------------------------------------

Engine-Match Tuesday, September 9, 2025 5:59:01 AM
 Blitz 2/1 

Pairing 44/45 :    V7P3R_v7.0  -  V7P3R_v10.5

PGN-File: C:\Program Files (x86)\Arena\Tournaments\Engine Regression Battle 20250909.pgn

No:  B/W 1/2     W:B       1:2           Time        Value Moves Dep 1:2       1-2-Draws
   3 B 2    1.0:0.0        0.0:3.0       6:02:42 AM   -20.00    21 4.905 :3.941  0-3-0

--------------------------------------------------------------

Engine-Match Tuesday, September 9, 2025 6:02:43 AM
 Blitz 2/1 

Pairing 45/45 :    V7P3R_v5.1  -  V7P3R_v6.0

PGN-File: C:\Program Files (x86)\Arena\Tournaments\Engine Regression Battle 20250909.pgn

No:  B/W 1/2     W:B       1:2           Time        Value Moves Dep 1:2       1-2-Draws
   3 W 1    1.0:0.0        3.0:0.0       6:03:59 AM   +32.38     9 3.111 :3.000  3-0-0

--------------------------------------------------------------

Engine-Match Tuesday, September 9, 2025 6:04:01 AM
 Blitz 2/1 

Pairing 1/45 :    V7P3R_v10.0  -  V7P3R_v9.0

PGN-File: C:\Program Files (x86)\Arena\Tournaments\Engine Regression Battle 20250909.pgn

No:  B/W 1/2     W:B       1:2           Time        Value Moves Dep 1:2       1-2-Draws
   4 B 1    1.0:0.0        4.0:0.0       6:05:39 AM    -M500    15 4.714 :6.000  4-0-0

--------------------------------------------------------------

Engine-Match Tuesday, September 9, 2025 6:05:40 AM
 Blitz 2/1 

Pairing 2/45 :    V7P3R_v8.0  -  V7P3R_v10.2

PGN-File: C:\Program Files (x86)\Arena\Tournaments\Engine Regression Battle 20250909.pgn

No:  B/W 1/2     W:B       1:2           Time        Value Moves Dep 1:2       1-2-Draws
   4 W 2    1.0:0.0        0.0:4.0       6:06:27 AM   +15.00     5 5.400 :5.000  0-4-0

--------------------------------------------------------------

Engine-Match Tuesday, September 9, 2025 6:06:29 AM
 Blitz 2/1 

Pairing 3/45 :    V7P3R_v10.3  -  V7P3R_v7.0

PGN-File: C:\Program Files (x86)\Arena\Tournaments\Engine Regression Battle 20250909.pgn

No:  B/W 1/2     W:B       1:2           Time        Value Moves Dep 1:2       1-2-Draws
   4 W 2    1.5:0.5        0.5:3.5       6:10:38 AM   +34.13    30 2.815 :4.893  0-3-1

--------------------------------------------------------------

Engine-Match Tuesday, September 9, 2025 6:10:39 AM
 Blitz 2/1 

Pairing 4/45 :    V7P3R_v6.0  -  V7P3R_v10.4

PGN-File: C:\Program Files (x86)\Arena\Tournaments\Engine Regression Battle 20250909.pgn

No:  B/W 1/2     W:B       1:2           Time        Value Moves Dep 1:2       1-2-Draws
   4 W 2    1.0:0.0        0.0:4.0       6:11:40 AM   +12.96     6 3.000 :4.000  0-4-0

--------------------------------------------------------------

Engine-Match Tuesday, September 9, 2025 6:11:42 AM
 Blitz 2/1 

Pairing 5/45 :    V7P3R_v10.5  -  V7P3R_v5.1

PGN-File: C:\Program Files (x86)\Arena\Tournaments\Engine Regression Battle 20250909.pgn

No:  B/W 1/2     W:B       1:2           Time        Value Moves Dep 1:2       1-2-Draws
   4 B 1    1.0:0.0        4.0:0.0       6:14:05 AM   -23.19    23 4.412 :3.043  4-0-0

--------------------------------------------------------------

Engine-Match Tuesday, September 9, 2025 6:14:12 AM
 Blitz 2/1 

Pairing 6/45 :    V7P3R_v8.0  -  V7P3R_v10.0

PGN-File: C:\Program Files (x86)\Arena\Tournaments\Engine Regression Battle 20250909.pgn

No:  B/W 1/2     W:B       1:2           Time        Value Moves Dep 1:2       1-2-Draws
   4 W 2    1.0:0.0        0.0:4.0       6:16:33 AM  +110.00    18 5.222 :4.778  0-4-0

--------------------------------------------------------------

Engine-Match Tuesday, September 9, 2025 6:16:35 AM
 Blitz 2/1 

Pairing 7/45 :    V7P3R_v7.0  -  V7P3R_v9.0

PGN-File: C:\Program Files (x86)\Arena\Tournaments\Engine Regression Battle 20250909.pgn

No:  B/W 1/2     W:B       1:2           Time        Value Moves Dep 1:2       1-2-Draws
   4 B 1    1.0:0.0        4.0:0.0       6:18:30 AM  -195.00    10 5.556 :5.900  4-0-0

--------------------------------------------------------------

Engine-Match Tuesday, September 9, 2025 6:18:31 AM
 Blitz 2/1 

Pairing 8/45 :    V7P3R_v10.2  -  V7P3R_v6.0

PGN-File: C:\Program Files (x86)\Arena\Tournaments\Engine Regression Battle 20250909.pgn

No:  B/W 1/2     W:B       1:2           Time        Value Moves Dep 1:2       1-2-Draws
   4 B 1    1.0:0.0        4.0:0.0       6:19:49 AM   -17.07     9 4.750 :3.000  4-0-0

--------------------------------------------------------------

Engine-Match Tuesday, September 9, 2025 6:19:50 AM
 Blitz 2/1 

Pairing 9/45 :    V7P3R_v5.1  -  V7P3R_v10.3

PGN-File: C:\Program Files (x86)\Arena\Tournaments\Engine Regression Battle 20250909.pgn

No:  B/W 1/2     W:B       1:2           Time        Value Moves Dep 1:2       1-2-Draws
   4 W 2    1.0:0.0        0.0:4.0       6:23:14 AM   +34.04    30 3.042 :3.000  0-4-0

--------------------------------------------------------------

Engine-Match Tuesday, September 9, 2025 6:23:15 AM
 Blitz 2/1 

Pairing 10/45 :    V7P3R_v10.4  -  V7P3R_v10.5

PGN-File: C:\Program Files (x86)\Arena\Tournaments\Engine Regression Battle 20250909.pgn

No:  B/W 1/2     W:B       1:2           Time        Value Moves Dep 1:2       1-2-Draws
   4 W 2    1.5:0.5        2.5:1.5       6:27:23 AM  +289.98    43 3.152 :3.935  2-1-1

--------------------------------------------------------------

Engine-Match Tuesday, September 9, 2025 6:27:24 AM
 Blitz 2/1 

Pairing 11/45 :    V7P3R_v10.0  -  V7P3R_v7.0

PGN-File: C:\Program Files (x86)\Arena\Tournaments\Engine Regression Battle 20250909.pgn

No:  B/W 1/2     W:B       1:2           Time        Value Moves Dep 1:2       1-2-Draws
   4 B 1    1.0:0.0        4.0:0.0       6:30:54 AM    -M500    21 5.056 :5.389  4-0-0

--------------------------------------------------------------

Engine-Match Tuesday, September 9, 2025 6:30:56 AM
 Blitz 2/1 

Pairing 12/45 :    V7P3R_v6.0  -  V7P3R_v8.0

PGN-File: C:\Program Files (x86)\Arena\Tournaments\Engine Regression Battle 20250909.pgn

No:  B/W 1/2     W:B       1:2           Time        Value Moves Dep 1:2       1-2-Draws
   4 W 2    1.0:0.0        0.0:4.0       6:31:48 AM   +19.92     6 3.000 :5.833  0-4-0

--------------------------------------------------------------

Engine-Match Tuesday, September 9, 2025 6:31:49 AM
 Blitz 2/1 

Pairing 13/45 :    V7P3R_v9.0  -  V7P3R_v5.1

PGN-File: C:\Program Files (x86)\Arena\Tournaments\Engine Regression Battle 20250909.pgn

No:  B/W 1/2     W:B       1:2           Time        Value Moves Dep 1:2       1-2-Draws
   4 B 1    1.5:0.5        2.5:1.5       6:33:43 AM   -26.39    22 5.857 :3.045  2-1-1

--------------------------------------------------------------

Engine-Match Tuesday, September 9, 2025 6:33:45 AM
 Blitz 2/1 

Pairing 14/45 :    V7P3R_v10.5  -  V7P3R_v10.2

PGN-File: C:\Program Files (x86)\Arena\Tournaments\Engine Regression Battle 20250909.pgn

No:  B/W 1/2     W:B       1:2           Time        Value Moves Dep 1:2       1-2-Draws
   4 = =    1.5:1.5        2.5:1.5       6:36:30 AM     0.00    47 4.455 :4.923  1-0-3

--------------------------------------------------------------

Engine-Match Tuesday, September 9, 2025 6:36:31 AM
 Blitz 2/1 

Pairing 15/45 :    V7P3R_v10.3  -  V7P3R_v10.4

PGN-File: C:\Program Files (x86)\Arena\Tournaments\Engine Regression Battle 20250909.pgn

No:  B/W 1/2     W:B       1:2           Time        Value Moves Dep 1:2       1-2-Draws
   4 B 1    1.0:0.0        1.0:3.0       6:41:22 AM   -13.84    73 2.833 :3.269  1-3-0

--------------------------------------------------------------

Engine-Match Tuesday, September 9, 2025 6:41:23 AM
 Blitz 2/1 

Pairing 16/45 :    V7P3R_v6.0  -  V7P3R_v10.0

PGN-File: C:\Program Files (x86)\Arena\Tournaments\Engine Regression Battle 20250909.pgn

No:  B/W 1/2     W:B       1:2           Time        Value Moves Dep 1:2       1-2-Draws
   4 W 2    1.0:0.0        0.0:4.0       6:43:06 AM    +M500    11 3.000 :5.182  0-4-0

--------------------------------------------------------------

Engine-Match Tuesday, September 9, 2025 6:43:07 AM
 Blitz 2/1 

Pairing 17/45 :    V7P3R_v5.1  -  V7P3R_v7.0

PGN-File: C:\Program Files (x86)\Arena\Tournaments\Engine Regression Battle 20250909.pgn

No:  B/W 1/2     W:B       1:2           Time        Value Moves Dep 1:2       1-2-Draws
   4 W 2    1.0:0.0        0.0:4.0       6:46:15 AM    +M500    20 3.053 :5.250  0-4-0

--------------------------------------------------------------

Engine-Match Tuesday, September 9, 2025 6:46:16 AM
 Blitz 2/1 

Pairing 18/45 :    V7P3R_v8.0  -  V7P3R_v10.5

PGN-File: C:\Program Files (x86)\Arena\Tournaments\Engine Regression Battle 20250909.pgn

No:  B/W 1/2     W:B       1:2           Time        Value Moves Dep 1:2       1-2-Draws
   4 W 2    1.0:0.0        0.0:4.0       6:47:48 AM    +M500    18 5.333 :4.286  0-4-0

--------------------------------------------------------------

Engine-Match Tuesday, September 9, 2025 6:47:50 AM
 Blitz 2/1 

Pairing 19/45 :    V7P3R_v10.4  -  V7P3R_v9.0

PGN-File: C:\Program Files (x86)\Arena\Tournaments\Engine Regression Battle 20250909.pgn

No:  B/W 1/2     W:B       1:2           Time        Value Moves Dep 1:2       1-2-Draws
   4 B 1    1.0:0.0        4.0:0.0       6:49:13 AM    -M500    12 3.300 :5.833  4-0-0

--------------------------------------------------------------

Engine-Match Tuesday, September 9, 2025 6:49:15 AM
 Blitz 2/1 

Pairing 20/45 :    V7P3R_v10.2  -  V7P3R_v10.3

PGN-File: C:\Program Files (x86)\Arena\Tournaments\Engine Regression Battle 20250909.pgn

No:  B/W 1/2     W:B       1:2           Time        Value Moves Dep 1:2       1-2-Draws
   4 B 1    1.0:0.0        4.0:0.0       6:53:06 AM   -13.01    39 4.667 :2.641  4-0-0

--------------------------------------------------------------

Engine-Match Tuesday, September 9, 2025 6:53:07 AM
 Blitz 2/1 

Pairing 21/45 :    V7P3R_v10.0  -  V7P3R_v5.1

PGN-File: C:\Program Files (x86)\Arena\Tournaments\Engine Regression Battle 20250909.pgn

No:  B/W 1/2     W:B       1:2           Time        Value Moves Dep 1:2       1-2-Draws
   4 B 1    1.0:0.0        4.0:0.0       6:55:51 AM   -62.40    24 4.391 :2.792  4-0-0

--------------------------------------------------------------

Engine-Match Tuesday, September 9, 2025 6:55:52 AM
 Blitz 2/1 

Pairing 22/45 :    V7P3R_v10.5  -  V7P3R_v6.0

PGN-File: C:\Program Files (x86)\Arena\Tournaments\Engine Regression Battle 20250909.pgn

No:  B/W 1/2     W:B       1:2           Time        Value Moves Dep 1:2       1-2-Draws
   4 B 1    1.0:0.0        4.0:0.0       6:57:00 AM   -47.05    11 4.833 :3.000  4-0-0

--------------------------------------------------------------

Engine-Match Tuesday, September 9, 2025 6:57:01 AM
 Blitz 2/1 

Pairing 23/45 :    V7P3R_v7.0  -  V7P3R_v10.4

PGN-File: C:\Program Files (x86)\Arena\Tournaments\Engine Regression Battle 20250909.pgn

No:  B/W 1/2     W:B       1:2           Time        Value Moves Dep 1:2       1-2-Draws
   4 W 2    1.0:0.0        1.0:3.0       7:02:33 AM  +186.00    57 4.932 :3.095  1-3-0

--------------------------------------------------------------

Engine-Match Tuesday, September 9, 2025 7:02:34 AM
 Blitz 2/1 

Pairing 24/45 :    V7P3R_v10.3  -  V7P3R_v8.0

PGN-File: C:\Program Files (x86)\Arena\Tournaments\Engine Regression Battle 20250909.pgn

No:  B/W 1/2     W:B       1:2           Time        Value Moves Dep 1:2       1-2-Draws
   4 B 1    1.0:0.0        4.0:0.0       7:03:35 AM   -90.00     6 3.000 :5.167  4-0-0

--------------------------------------------------------------

Engine-Match Tuesday, September 9, 2025 7:03:36 AM
 Blitz 2/1 

Pairing 25/45 :    V7P3R_v9.0  -  V7P3R_v10.2

PGN-File: C:\Program Files (x86)\Arena\Tournaments\Engine Regression Battle 20250909.pgn

No:  B/W 1/2     W:B       1:2           Time        Value Moves Dep 1:2       1-2-Draws
   4 W 2    1.0:0.0        0.0:4.0       7:05:01 AM    +M500     9 5.778 :4.556  0-4-0

--------------------------------------------------------------

Engine-Match Tuesday, September 9, 2025 7:05:07 AM
 Blitz 2/1 

Pairing 26/45 :    V7P3R_v10.5  -  V7P3R_v10.0

PGN-File: C:\Program Files (x86)\Arena\Tournaments\Engine Regression Battle 20250909.pgn

No:  B/W 1/2     W:B       1:2           Time        Value Moves Dep 1:2       1-2-Draws
   4 = =    2.0:2.0        2.0:2.0       7:08:04 AM   +29.40    37 4.133 :4.727  0-0-4

--------------------------------------------------------------

Engine-Match Tuesday, September 9, 2025 7:08:06 AM
 Blitz 2/1 

Pairing 27/45 :    V7P3R_v10.4  -  V7P3R_v5.1

PGN-File: C:\Program Files (x86)\Arena\Tournaments\Engine Regression Battle 20250909.pgn

No:  B/W 1/2     W:B       1:2           Time        Value Moves Dep 1:2       1-2-Draws
   4 B 1    1.0:0.0        4.0:0.0       7:09:32 AM   -56.75    12 3.667 :3.083  4-0-0

--------------------------------------------------------------

Engine-Match Tuesday, September 9, 2025 7:09:33 AM
 Blitz 2/1 

Pairing 28/45 :    V7P3R_v6.0  -  V7P3R_v10.3

PGN-File: C:\Program Files (x86)\Arena\Tournaments\Engine Regression Battle 20250909.pgn

No:  B/W 1/2     W:B       1:2           Time        Value Moves Dep 1:2       1-2-Draws
   4 W 2    1.0:0.0        0.0:4.0       7:10:19 AM  +289.97     5 3.000 :3.400  0-4-0

--------------------------------------------------------------

Engine-Match Tuesday, September 9, 2025 7:10:21 AM
 Blitz 2/1 

Pairing 29/45 :    V7P3R_v10.2  -  V7P3R_v7.0

PGN-File: C:\Program Files (x86)\Arena\Tournaments\Engine Regression Battle 20250909.pgn

No:  B/W 1/2     W:B       1:2           Time        Value Moves Dep 1:2       1-2-Draws
   4 B 1    1.0:0.0        4.0:0.0       7:13:46 AM  -100.00    25 4.600 :5.143  4-0-0

--------------------------------------------------------------

Engine-Match Tuesday, September 9, 2025 7:13:47 AM
 Blitz 2/1 

Pairing 30/45 :    V7P3R_v8.0  -  V7P3R_v9.0

PGN-File: C:\Program Files (x86)\Arena\Tournaments\Engine Regression Battle 20250909.pgn

No:  B/W 1/2     W:B       1:2           Time        Value Moves Dep 1:2       1-2-Draws
   4 W 2    1.5:0.5        0.5:3.5       7:14:15 AM   +90.00     5 5.400 :5.800  0-3-1

--------------------------------------------------------------

Engine-Match Tuesday, September 9, 2025 7:14:16 AM
 Blitz 2/1 

Pairing 31/45 :    V7P3R_v10.0  -  V7P3R_v10.4

PGN-File: C:\Program Files (x86)\Arena\Tournaments\Engine Regression Battle 20250909.pgn

No:  B/W 1/2     W:B       1:2           Time        Value Moves Dep 1:2       1-2-Draws
   4 B 1    1.5:0.5        2.5:1.5       7:17:26 AM   -30.02    26 4.520 :3.391  2-1-1

--------------------------------------------------------------

Engine-Match Tuesday, September 9, 2025 7:17:27 AM
 Blitz 2/1 

Pairing 32/45 :    V7P3R_v10.3  -  V7P3R_v10.5

PGN-File: C:\Program Files (x86)\Arena\Tournaments\Engine Regression Battle 20250909.pgn

No:  B/W 1/2     W:B       1:2           Time        Value Moves Dep 1:2       1-2-Draws
   4 B 1    1.0:0.0        2.0:2.0       7:22:16 AM  -289.98    74 2.958 :4.235  2-2-0

--------------------------------------------------------------

Engine-Match Tuesday, September 9, 2025 7:22:17 AM
 Blitz 2/1 

Pairing 33/45 :    V7P3R_v5.1  -  V7P3R_v10.2

PGN-File: C:\Program Files (x86)\Arena\Tournaments\Engine Regression Battle 20250909.pgn

No:  B/W 1/2     W:B       1:2           Time        Value Moves Dep 1:2       1-2-Draws
   4 W 2    1.0:0.0        0.0:4.0       7:23:20 AM   +14.99     7 3.143 :5.333  0-4-0

--------------------------------------------------------------

Engine-Match Tuesday, September 9, 2025 7:23:21 AM
 Blitz 2/1 

Pairing 34/45 :    V7P3R_v9.0  -  V7P3R_v6.0

PGN-File: C:\Program Files (x86)\Arena\Tournaments\Engine Regression Battle 20250909.pgn

No:  B/W 1/2     W:B       1:2           Time        Value Moves Dep 1:2       1-2-Draws
   4 B 1    1.0:0.0        4.0:0.0       7:24:37 AM   -31.56    12 5.818 :3.000  4-0-0

--------------------------------------------------------------

Engine-Match Tuesday, September 9, 2025 7:24:38 AM
 Blitz 2/1 

Pairing 35/45 :    V7P3R_v7.0  -  V7P3R_v8.0

PGN-File: C:\Program Files (x86)\Arena\Tournaments\Engine Regression Battle 20250909.pgn

No:  B/W 1/2     W:B       1:2           Time        Value Moves Dep 1:2       1-2-Draws
   4 B 1    1.0:0.0        3.0:1.0       7:26:25 AM    -M500     9 5.625 :5.222  3-1-0

--------------------------------------------------------------

Engine-Match Tuesday, September 9, 2025 7:26:26 AM
 Blitz 2/1 

Pairing 36/45 :    V7P3R_v10.3  -  V7P3R_v10.0

PGN-File: C:\Program Files (x86)\Arena\Tournaments\Engine Regression Battle 20250909.pgn

No:  B/W 1/2     W:B       1:2           Time        Value Moves Dep 1:2       1-2-Draws
   4 = =    0.5:0.5        0.5:3.5       7:31:42 AM     0.00    59 2.500 :4.200  0-3-1

--------------------------------------------------------------

Engine-Match Tuesday, September 9, 2025 7:31:43 AM
 Blitz 2/1 

Pairing 37/45 :    V7P3R_v10.2  -  V7P3R_v10.4

PGN-File: C:\Program Files (x86)\Arena\Tournaments\Engine Regression Battle 20250909.pgn

No:  B/W 1/2     W:B       1:2           Time        Value Moves Dep 1:2       1-2-Draws
   4 B 1    1.5:0.5        1.5:2.5       7:36:01 AM  -289.99    55 4.733 :3.421  1-2-1

--------------------------------------------------------------

Engine-Match Tuesday, September 9, 2025 7:36:02 AM
 Blitz 2/1 

Pairing 38/45 :    V7P3R_v10.5  -  V7P3R_v9.0

PGN-File: C:\Program Files (x86)\Arena\Tournaments\Engine Regression Battle 20250909.pgn

No:  B/W 1/2     W:B       1:2           Time        Value Moves Dep 1:2       1-2-Draws
   4 B 1    1.0:0.0        4.0:0.0       7:37:10 AM   -10.00    10 4.250 :5.900  4-0-0

--------------------------------------------------------------

Engine-Match Tuesday, September 9, 2025 7:37:11 AM
 Blitz 2/1 

Pairing 39/45 :    V7P3R_v8.0  -  V7P3R_v5.1

PGN-File: C:\Program Files (x86)\Arena\Tournaments\Engine Regression Battle 20250909.pgn

No:  B/W 1/2     W:B       1:2           Time        Value Moves Dep 1:2       1-2-Draws
   4 W 2    1.0:0.0        2.0:2.0       7:37:47 AM    +M500     5 5.000 :3.200  2-2-0

--------------------------------------------------------------

Engine-Match Tuesday, September 9, 2025 7:37:48 AM
 Blitz 2/1 

Pairing 40/45 :    V7P3R_v6.0  -  V7P3R_v7.0

PGN-File: C:\Program Files (x86)\Arena\Tournaments\Engine Regression Battle 20250909.pgn

No:  B/W 1/2     W:B       1:2           Time        Value Moves Dep 1:2       1-2-Draws
   4 W 2    1.0:0.0        0.0:4.0       7:40:24 AM   +15.00    13 3.000 :5.769  0-4-0

--------------------------------------------------------------

Engine-Match Tuesday, September 9, 2025 7:40:25 AM
 Blitz 2/1 

Pairing 41/45 :    V7P3R_v10.0  -  V7P3R_v10.2

PGN-File: C:\Program Files (x86)\Arena\Tournaments\Engine Regression Battle 20250909.pgn

No:  B/W 1/2     W:B       1:2           Time        Value Moves Dep 1:2       1-2-Draws
   4 B 1    1.5:0.5        3.5:0.5       7:43:32 AM   -22.60    52 5.063 :5.000  3-0-1

--------------------------------------------------------------

Engine-Match Tuesday, September 9, 2025 7:43:34 AM
 Blitz 2/1 

Pairing 42/45 :    V7P3R_v9.0  -  V7P3R_v10.3

PGN-File: C:\Program Files (x86)\Arena\Tournaments\Engine Regression Battle 20250909.pgn

No:  B/W 1/2     W:B       1:2           Time        Value Moves Dep 1:2       1-2-Draws
   4 W 2    1.0:0.0        0.0:4.0       7:45:21 AM    +M500    13 5.615 :2.846  0-4-0

--------------------------------------------------------------

Engine-Match Tuesday, September 9, 2025 7:45:22 AM
 Blitz 2/1 

Pairing 43/45 :    V7P3R_v10.4  -  V7P3R_v8.0

PGN-File: C:\Program Files (x86)\Arena\Tournaments\Engine Regression Battle 20250909.pgn

No:  B/W 1/2     W:B       1:2           Time        Value Moves Dep 1:2       1-2-Draws
   4 B 1    1.0:0.0        4.0:0.0       7:46:36 AM   -90.00     9 3.286 :5.222  4-0-0

--------------------------------------------------------------

Engine-Match Tuesday, September 9, 2025 7:46:37 AM
 Blitz 2/1 

Pairing 44/45 :    V7P3R_v7.0  -  V7P3R_v10.5

PGN-File: C:\Program Files (x86)\Arena\Tournaments\Engine Regression Battle 20250909.pgn

No:  B/W 1/2     W:B       1:2           Time        Value Moves Dep 1:2       1-2-Draws
   4 W 2    1.0:0.0        0.0:4.0       7:49:07 AM   +21.00    14 5.357 :4.250  0-4-0

--------------------------------------------------------------

Engine-Match Tuesday, September 9, 2025 7:49:09 AM
 Blitz 2/1 

Pairing 45/45 :    V7P3R_v5.1  -  V7P3R_v6.0

PGN-File: C:\Program Files (x86)\Arena\Tournaments\Engine Regression Battle 20250909.pgn

No:  B/W 1/2     W:B       1:2           Time        Value Moves Dep 1:2       1-2-Draws
   4 B 1    1.0:0.0        4.0:0.0       7:50:35 AM   -23.32    11 3.300 :3.000  4-0-0

--------------------------------------------------------------

Engine-Match Tuesday, September 9, 2025 7:50:42 AM
 Blitz 2/1 

Pairing 1/45 :    V7P3R_v10.0  -  V7P3R_v9.0

PGN-File: C:\Program Files (x86)\Arena\Tournaments\Engine Regression Battle 20250909.pgn

No:  B/W 1/2     W:B       1:2           Time        Value Moves Dep 1:2       1-2-Draws
   5 W 1    1.0:0.0        5.0:0.0       7:52:47 AM    +M500    19 4.895 :5.737  5-0-0

--------------------------------------------------------------

Engine-Match Tuesday, September 9, 2025 7:52:48 AM
 Blitz 2/1 

Pairing 2/45 :    V7P3R_v8.0  -  V7P3R_v10.2

PGN-File: C:\Program Files (x86)\Arena\Tournaments\Engine Regression Battle 20250909.pgn

No:  B/W 1/2     W:B       1:2           Time        Value Moves Dep 1:2       1-2-Draws
   5 B 2    1.0:0.0        0.0:5.0       7:54:05 AM  -130.00    11 5.182 :4.750  0-5-0

--------------------------------------------------------------

Engine-Match Tuesday, September 9, 2025 7:54:06 AM
 Blitz 2/1 

Pairing 3/45 :    V7P3R_v10.3  -  V7P3R_v7.0

PGN-File: C:\Program Files (x86)\Arena\Tournaments\Engine Regression Battle 20250909.pgn

No:  B/W 1/2     W:B       1:2           Time        Value Moves Dep 1:2       1-2-Draws
   5 B 2    1.5:0.5        0.5:4.5       7:58:51 AM   -11.46    37 2.760 :5.208  0-4-1

--------------------------------------------------------------

Engine-Match Tuesday, September 9, 2025 7:58:52 AM
 Blitz 2/1 

Pairing 4/45 :    V7P3R_v6.0  -  V7P3R_v10.4

PGN-File: C:\Program Files (x86)\Arena\Tournaments\Engine Regression Battle 20250909.pgn

No:  B/W 1/2     W:B       1:2           Time        Value Moves Dep 1:2       1-2-Draws
   5 B 2    1.0:0.0        0.0:5.0       8:00:22 AM   -27.11    10 3.000 :4.000  0-5-0

--------------------------------------------------------------

Engine-Match Tuesday, September 9, 2025 8:00:24 AM
 Blitz 2/1 

Pairing 5/45 :    V7P3R_v10.5  -  V7P3R_v5.1

PGN-File: C:\Program Files (x86)\Arena\Tournaments\Engine Regression Battle 20250909.pgn

No:  B/W 1/2     W:B       1:2           Time        Value Moves Dep 1:2       1-2-Draws
   5 W 1    1.0:0.0        5.0:0.0       8:02:29 AM   +62.20    22 4.357 :3.182  5-0-0

--------------------------------------------------------------

Engine-Match Tuesday, September 9, 2025 8:02:30 AM
 Blitz 2/1 

Pairing 6/45 :    V7P3R_v8.0  -  V7P3R_v10.0

PGN-File: C:\Program Files (x86)\Arena\Tournaments\Engine Regression Battle 20250909.pgn

No:  B/W 1/2     W:B       1:2           Time        Value Moves Dep 1:2       1-2-Draws
   5 B 2    1.0:0.0        0.0:5.0       8:03:20 AM  -110.00     6 5.167 :5.000  0-5-0

--------------------------------------------------------------

Engine-Match Tuesday, September 9, 2025 8:03:21 AM
 Blitz 2/1 

Pairing 7/45 :    V7P3R_v7.0  -  V7P3R_v9.0

PGN-File: C:\Program Files (x86)\Arena\Tournaments\Engine Regression Battle 20250909.pgn

No:  B/W 1/2     W:B       1:2           Time        Value Moves Dep 1:2       1-2-Draws
   5 W 1    1.0:0.0        5.0:0.0       8:05:30 AM  +225.00     9 5.333 :5.778  5-0-0

--------------------------------------------------------------

Engine-Match Tuesday, September 9, 2025 8:05:32 AM
 Blitz 2/1 

Pairing 8/45 :    V7P3R_v10.2  -  V7P3R_v6.0

PGN-File: C:\Program Files (x86)\Arena\Tournaments\Engine Regression Battle 20250909.pgn

No:  B/W 1/2     W:B       1:2           Time        Value Moves Dep 1:2       1-2-Draws
   5 W 1    1.0:0.0        5.0:0.0       8:06:39 AM   +30.74     6 5.000 :3.000  5-0-0

--------------------------------------------------------------

Engine-Match Tuesday, September 9, 2025 8:06:40 AM
 Blitz 2/1 

Pairing 9/45 :    V7P3R_v5.1  -  V7P3R_v10.3

PGN-File: C:\Program Files (x86)\Arena\Tournaments\Engine Regression Battle 20250909.pgn

No:  B/W 1/2     W:B       1:2           Time        Value Moves Dep 1:2       1-2-Draws
   5 B 2    1.0:0.0        0.0:5.0       8:09:05 AM   -25.84    18 3.059 :3.059  0-5-0

--------------------------------------------------------------

Engine-Match Tuesday, September 9, 2025 8:09:07 AM
 Blitz 2/1 

Pairing 10/45 :    V7P3R_v10.4  -  V7P3R_v10.5

PGN-File: C:\Program Files (x86)\Arena\Tournaments\Engine Regression Battle 20250909.pgn

No:  B/W 1/2     W:B       1:2           Time        Value Moves Dep 1:2       1-2-Draws
   5 = =    1.0:1.0        3.0:2.0       8:12:25 AM     0.00    43 3.421 :4.400  2-1-2

--------------------------------------------------------------

Engine-Match Tuesday, September 9, 2025 8:12:27 AM
 Blitz 2/1 

Pairing 11/45 :    V7P3R_v10.0  -  V7P3R_v7.0

PGN-File: C:\Program Files (x86)\Arena\Tournaments\Engine Regression Battle 20250909.pgn

No:  B/W 1/2     W:B       1:2           Time        Value Moves Dep 1:2       1-2-Draws
   5 W 1    1.0:0.0        5.0:0.0       8:15:20 AM   +13.00    16 4.500 :5.125  5-0-0

--------------------------------------------------------------

Engine-Match Tuesday, September 9, 2025 8:15:22 AM
 Blitz 2/1 

Pairing 12/45 :    V7P3R_v6.0  -  V7P3R_v8.0

PGN-File: C:\Program Files (x86)\Arena\Tournaments\Engine Regression Battle 20250909.pgn

No:  B/W 1/2     W:B       1:2           Time        Value Moves Dep 1:2       1-2-Draws
   5 B 2    1.0:0.0        0.0:5.0       8:16:17 AM      -M1     8 3.000 :5.375  0-5-0

--------------------------------------------------------------

Engine-Match Tuesday, September 9, 2025 8:16:18 AM
 Blitz 2/1 

Pairing 13/45 :    V7P3R_v9.0  -  V7P3R_v5.1

PGN-File: C:\Program Files (x86)\Arena\Tournaments\Engine Regression Battle 20250909.pgn

No:  B/W 1/2     W:B       1:2           Time        Value Moves Dep 1:2       1-2-Draws
   5 = =    1.0:1.0        3.0:2.0       8:18:22 AM    +M500    23 5.913 :3.045  2-1-2

--------------------------------------------------------------

Engine-Match Tuesday, September 9, 2025 8:18:23 AM
 Blitz 2/1 

Pairing 14/45 :    V7P3R_v10.5  -  V7P3R_v10.2

PGN-File: C:\Program Files (x86)\Arena\Tournaments\Engine Regression Battle 20250909.pgn

No:  B/W 1/2     W:B       1:2           Time        Value Moves Dep 1:2       1-2-Draws
   5 B 2    2.5:1.5        2.5:2.5       8:21:39 AM  -289.99    53 4.409 :4.905  1-1-3

--------------------------------------------------------------

Engine-Match Tuesday, September 9, 2025 8:21:40 AM
 Blitz 2/1 

Pairing 15/45 :    V7P3R_v10.3  -  V7P3R_v10.4

PGN-File: C:\Program Files (x86)\Arena\Tournaments\Engine Regression Battle 20250909.pgn

No:  B/W 1/2     W:B       1:2           Time        Value Moves Dep 1:2       1-2-Draws
   5 B 2    1.0:0.0        1.0:4.0       8:24:47 AM   -26.06    29 2.607 :3.080  1-4-0

--------------------------------------------------------------

Engine-Match Tuesday, September 9, 2025 8:24:49 AM
 Blitz 2/1 

Pairing 16/45 :    V7P3R_v6.0  -  V7P3R_v10.0

PGN-File: C:\Program Files (x86)\Arena\Tournaments\Engine Regression Battle 20250909.pgn

No:  B/W 1/2     W:B       1:2           Time        Value Moves Dep 1:2       1-2-Draws
   5 B 2    1.0:0.0        0.0:5.0       8:26:07 AM   -24.83     9 3.000 :5.125  0-5-0

--------------------------------------------------------------

Engine-Match Tuesday, September 9, 2025 8:26:08 AM
 Blitz 2/1 

Pairing 17/45 :    V7P3R_v5.1  -  V7P3R_v7.0

PGN-File: C:\Program Files (x86)\Arena\Tournaments\Engine Regression Battle 20250909.pgn

No:  B/W 1/2     W:B       1:2           Time        Value Moves Dep 1:2       1-2-Draws
   5 B 2    1.0:0.0        0.0:5.0       8:27:55 AM   -58.39     8 3.125 :5.714  0-5-0

--------------------------------------------------------------

Engine-Match Tuesday, September 9, 2025 8:27:56 AM
 Blitz 2/1 

Pairing 18/45 :    V7P3R_v8.0  -  V7P3R_v10.5

PGN-File: C:\Program Files (x86)\Arena\Tournaments\Engine Regression Battle 20250909.pgn

No:  B/W 1/2     W:B       1:2           Time        Value Moves Dep 1:2       1-2-Draws
   5 B 2    1.0:0.0        0.0:5.0       8:28:54 AM  -285.00     9 5.222 :4.375  0-5-0

--------------------------------------------------------------

Engine-Match Tuesday, September 9, 2025 8:28:55 AM
 Blitz 2/1 

Pairing 19/45 :    V7P3R_v10.4  -  V7P3R_v9.0

PGN-File: C:\Program Files (x86)\Arena\Tournaments\Engine Regression Battle 20250909.pgn

No:  B/W 1/2     W:B       1:2           Time        Value Moves Dep 1:2       1-2-Draws
   5 W 1    1.0:0.0        5.0:0.0       8:30:37 AM    +M500    16 3.333 :5.375  5-0-0

--------------------------------------------------------------

Engine-Match Tuesday, September 9, 2025 8:30:38 AM
 Blitz 2/1 

Pairing 20/45 :    V7P3R_v10.2  -  V7P3R_v10.3

PGN-File: C:\Program Files (x86)\Arena\Tournaments\Engine Regression Battle 20250909.pgn

No:  B/W 1/2     W:B       1:2           Time        Value Moves Dep 1:2       1-2-Draws
   5 W 1    1.0:0.0        5.0:0.0       8:34:09 AM  +289.99    27 4.545 :2.769  5-0-0

--------------------------------------------------------------

Engine-Match Tuesday, September 9, 2025 8:34:15 AM
 Blitz 2/1 

Pairing 21/45 :    V7P3R_v10.0  -  V7P3R_v5.1

PGN-File: C:\Program Files (x86)\Arena\Tournaments\Engine Regression Battle 20250909.pgn

No:  B/W 1/2     W:B       1:2           Time        Value Moves Dep 1:2       1-2-Draws
   5 W 1    1.0:0.0        5.0:0.0       8:36:52 AM   +23.39    22 4.909 :3.045  5-0-0

--------------------------------------------------------------

Engine-Match Tuesday, September 9, 2025 8:36:53 AM
 Blitz 2/1 

Pairing 22/45 :    V7P3R_v10.5  -  V7P3R_v6.0

PGN-File: C:\Program Files (x86)\Arena\Tournaments\Engine Regression Battle 20250909.pgn

No:  B/W 1/2     W:B       1:2           Time        Value Moves Dep 1:2       1-2-Draws
   5 W 1    1.0:0.0        5.0:0.0       8:37:52 AM   +42.38    10 4.500 :3.000  5-0-0

--------------------------------------------------------------

Engine-Match Tuesday, September 9, 2025 8:37:54 AM
 Blitz 2/1 

Pairing 23/45 :    V7P3R_v7.0  -  V7P3R_v10.4

PGN-File: C:\Program Files (x86)\Arena\Tournaments\Engine Regression Battle 20250909.pgn

No:  B/W 1/2     W:B       1:2           Time        Value Moves Dep 1:2       1-2-Draws
   5 B 2    1.0:0.0        1.0:4.0       8:41:39 AM  -116.00    27 5.111 :3.478  1-4-0

--------------------------------------------------------------

Engine-Match Tuesday, September 9, 2025 8:41:41 AM
 Blitz 2/1 

Pairing 24/45 :    V7P3R_v10.3  -  V7P3R_v8.0

PGN-File: C:\Program Files (x86)\Arena\Tournaments\Engine Regression Battle 20250909.pgn

No:  B/W 1/2     W:B       1:2           Time        Value Moves Dep 1:2       1-2-Draws
   5 W 1    1.0:0.0        5.0:0.0       8:43:33 AM  +285.00    13 3.000 :5.308  5-0-0

--------------------------------------------------------------

Engine-Match Tuesday, September 9, 2025 8:43:35 AM
 Blitz 2/1 

Pairing 25/45 :    V7P3R_v9.0  -  V7P3R_v10.2

PGN-File: C:\Program Files (x86)\Arena\Tournaments\Engine Regression Battle 20250909.pgn

No:  B/W 1/2     W:B       1:2           Time        Value Moves Dep 1:2       1-2-Draws
   5 B 2    1.0:0.0        0.0:5.0       8:44:29 AM  -305.00     7 5.857 :4.833  0-5-0

--------------------------------------------------------------

Engine-Match Tuesday, September 9, 2025 8:44:30 AM
 Blitz 2/1 

Pairing 26/45 :    V7P3R_v10.5  -  V7P3R_v10.0

PGN-File: C:\Program Files (x86)\Arena\Tournaments\Engine Regression Battle 20250909.pgn

No:  B/W 1/2     W:B       1:2           Time        Value Moves Dep 1:2       1-2-Draws
   5 = =    2.5:2.5        2.5:2.5       8:47:05 AM    -0.10    31 4.444 :5.077  0-0-5

--------------------------------------------------------------

Engine-Match Tuesday, September 9, 2025 8:47:06 AM
 Blitz 2/1 

Pairing 27/45 :    V7P3R_v10.4  -  V7P3R_v5.1

PGN-File: C:\Program Files (x86)\Arena\Tournaments\Engine Regression Battle 20250909.pgn

No:  B/W 1/2     W:B       1:2           Time        Value Moves Dep 1:2       1-2-Draws
   5 W 1    1.0:0.0        5.0:0.0       8:48:31 AM   +49.74    11 3.364 :3.091  5-0-0

--------------------------------------------------------------

Engine-Match Tuesday, September 9, 2025 8:48:33 AM
 Blitz 2/1 

Pairing 28/45 :    V7P3R_v6.0  -  V7P3R_v10.3

PGN-File: C:\Program Files (x86)\Arena\Tournaments\Engine Regression Battle 20250909.pgn

No:  B/W 1/2     W:B       1:2           Time        Value Moves Dep 1:2       1-2-Draws
   5 B 2    1.0:0.0        0.0:5.0       8:49:28 AM    -M500     7 3.000 :3.000  0-5-0

--------------------------------------------------------------

Engine-Match Tuesday, September 9, 2025 8:49:29 AM
 Blitz 2/1 

Pairing 29/45 :    V7P3R_v10.2  -  V7P3R_v7.0

PGN-File: C:\Program Files (x86)\Arena\Tournaments\Engine Regression Battle 20250909.pgn

No:  B/W 1/2     W:B       1:2           Time        Value Moves Dep 1:2       1-2-Draws
   5 W 1    1.0:0.0        5.0:0.0       8:52:50 AM  +295.00    18 4.500 :5.111  5-0-0

--------------------------------------------------------------

Engine-Match Tuesday, September 9, 2025 8:52:52 AM
 Blitz 2/1 

Pairing 30/45 :    V7P3R_v8.0  -  V7P3R_v9.0

PGN-File: C:\Program Files (x86)\Arena\Tournaments\Engine Regression Battle 20250909.pgn

No:  B/W 1/2     W:B       1:2           Time        Value Moves Dep 1:2       1-2-Draws
   5 B 2    1.5:0.5        0.5:4.5       8:53:46 AM  -220.00    11 5.182 :5.900  0-4-1

--------------------------------------------------------------

Engine-Match Tuesday, September 9, 2025 8:53:47 AM
 Blitz 2/1 

Pairing 31/45 :    V7P3R_v10.0  -  V7P3R_v10.4

PGN-File: C:\Program Files (x86)\Arena\Tournaments\Engine Regression Battle 20250909.pgn

No:  B/W 1/2     W:B       1:2           Time        Value Moves Dep 1:2       1-2-Draws
   5 = =    1.0:1.0        3.0:2.0       8:58:40 AM    -0.25    70 4.522 :3.200  2-1-2

--------------------------------------------------------------

Engine-Match Tuesday, September 9, 2025 8:58:41 AM
 Blitz 2/1 

Pairing 32/45 :    V7P3R_v10.3  -  V7P3R_v10.5

PGN-File: C:\Program Files (x86)\Arena\Tournaments\Engine Regression Battle 20250909.pgn

No:  B/W 1/2     W:B       1:2           Time        Value Moves Dep 1:2       1-2-Draws
   5 B 2    1.0:0.0        2.0:3.0       9:01:15 AM   -22.19    22 2.727 :4.176  2-3-0

--------------------------------------------------------------

Engine-Match Tuesday, September 9, 2025 9:01:16 AM
 Blitz 2/1 

Pairing 33/45 :    V7P3R_v5.1  -  V7P3R_v10.2

PGN-File: C:\Program Files (x86)\Arena\Tournaments\Engine Regression Battle 20250909.pgn

No:  B/W 1/2     W:B       1:2           Time        Value Moves Dep 1:2       1-2-Draws
   5 B 2    1.0:0.0        0.0:5.0       9:02:23 AM   -14.14     8 3.125 :4.500  0-5-0

--------------------------------------------------------------

Engine-Match Tuesday, September 9, 2025 9:02:24 AM
 Blitz 2/1 

Pairing 34/45 :    V7P3R_v9.0  -  V7P3R_v6.0

PGN-File: C:\Program Files (x86)\Arena\Tournaments\Engine Regression Battle 20250909.pgn

No:  B/W 1/2     W:B       1:2           Time        Value Moves Dep 1:2       1-2-Draws
   5 W 1    1.0:0.0        5.0:0.0       9:03:06 AM   +29.34     6 6.000 :3.000  5-0-0

--------------------------------------------------------------

Engine-Match Tuesday, September 9, 2025 9:03:08 AM
 Blitz 2/1 

Pairing 35/45 :    V7P3R_v7.0  -  V7P3R_v8.0

PGN-File: C:\Program Files (x86)\Arena\Tournaments\Engine Regression Battle 20250909.pgn

No:  B/W 1/2     W:B       1:2           Time        Value Moves Dep 1:2       1-2-Draws
   5 W 1    1.0:0.0        4.0:1.0       9:04:26 AM    +M500     5 5.800 :5.000  4-1-0

--------------------------------------------------------------

Engine-Match Tuesday, September 9, 2025 9:04:27 AM
 Blitz 2/1 

Pairing 36/45 :    V7P3R_v10.3  -  V7P3R_v10.0

PGN-File: C:\Program Files (x86)\Arena\Tournaments\Engine Regression Battle 20250909.pgn

No:  B/W 1/2     W:B       1:2           Time        Value Moves Dep 1:2       1-2-Draws
   5 B 2    1.5:0.5        0.5:4.5       9:09:30 AM   -15.55    68 2.767 :4.567  0-4-1

--------------------------------------------------------------

Engine-Match Tuesday, September 9, 2025 9:09:32 AM
 Blitz 2/1 

Pairing 37/45 :    V7P3R_v10.2  -  V7P3R_v10.4

PGN-File: C:\Program Files (x86)\Arena\Tournaments\Engine Regression Battle 20250909.pgn

No:  B/W 1/2     W:B       1:2           Time        Value Moves Dep 1:2       1-2-Draws
   5 B 2    1.5:0.5        1.5:3.5       9:13:26 AM    -9.80    44 4.500 :3.217  1-3-1

--------------------------------------------------------------

Engine-Match Tuesday, September 9, 2025 9:13:27 AM
 Blitz 2/1 

Pairing 38/45 :    V7P3R_v10.5  -  V7P3R_v9.0

PGN-File: C:\Program Files (x86)\Arena\Tournaments\Engine Regression Battle 20250909.pgn

No:  B/W 1/2     W:B       1:2           Time        Value Moves Dep 1:2       1-2-Draws
   5 W 1    1.0:0.0        5.0:0.0       9:15:35 AM  +125.00    25 4.300 :5.640  5-0-0

--------------------------------------------------------------

Engine-Match Tuesday, September 9, 2025 9:15:37 AM
 Blitz 2/1 

Pairing 39/45 :    V7P3R_v8.0  -  V7P3R_v5.1

PGN-File: C:\Program Files (x86)\Arena\Tournaments\Engine Regression Battle 20250909.pgn

No:  B/W 1/2     W:B       1:2           Time        Value Moves Dep 1:2       1-2-Draws
   5 W 1    1.0:0.0        3.0:2.0       9:17:30 AM   +64.19    18 5.278 :3.056  3-2-0

--------------------------------------------------------------

Engine-Match Tuesday, September 9, 2025 9:17:32 AM
 Blitz 2/1 

Pairing 40/45 :    V7P3R_v6.0  -  V7P3R_v7.0

PGN-File: C:\Program Files (x86)\Arena\Tournaments\Engine Regression Battle 20250909.pgn

No:  B/W 1/2     W:B       1:2           Time        Value Moves Dep 1:2       1-2-Draws
   5 B 2    1.0:0.0        0.0:5.0       9:19:48 AM   -24.83     9 3.000 :6.000  0-5-0

--------------------------------------------------------------

Engine-Match Tuesday, September 9, 2025 9:19:54 AM
 Blitz 2/1 

Pairing 41/45 :    V7P3R_v10.0  -  V7P3R_v10.2

PGN-File: C:\Program Files (x86)\Arena\Tournaments\Engine Regression Battle 20250909.pgn

No:  B/W 1/2     W:B       1:2           Time        Value Moves Dep 1:2       1-2-Draws
   5 W 1    1.5:0.5        4.5:0.5       9:23:26 AM  +289.99    56 4.593 :4.833  4-0-1

--------------------------------------------------------------

Engine-Match Tuesday, September 9, 2025 9:23:28 AM
 Blitz 2/1 

Pairing 42/45 :    V7P3R_v9.0  -  V7P3R_v10.3

PGN-File: C:\Program Files (x86)\Arena\Tournaments\Engine Regression Battle 20250909.pgn

No:  B/W 1/2     W:B       1:2           Time        Value Moves Dep 1:2       1-2-Draws
   5 B 2    1.0:0.0        0.0:5.0       9:25:23 AM    -M500    15 5.533 :2.769  0-5-0

--------------------------------------------------------------

Engine-Match Tuesday, September 9, 2025 9:25:24 AM
 Blitz 2/1 

Pairing 43/45 :    V7P3R_v10.4  -  V7P3R_v8.0

PGN-File: C:\Program Files (x86)\Arena\Tournaments\Engine Regression Battle 20250909.pgn

No:  B/W 1/2     W:B       1:2           Time        Value Moves Dep 1:2       1-2-Draws
   5 W 1    1.0:0.0        5.0:0.0       9:26:20 AM  +195.00     7 3.500 :5.429  5-0-0

--------------------------------------------------------------

Engine-Match Tuesday, September 9, 2025 9:26:21 AM
 Blitz 2/1 

Pairing 44/45 :    V7P3R_v7.0  -  V7P3R_v10.5

PGN-File: C:\Program Files (x86)\Arena\Tournaments\Engine Regression Battle 20250909.pgn

No:  B/W 1/2     W:B       1:2           Time        Value Moves Dep 1:2       1-2-Draws
   5 B 2    1.0:0.0        0.0:5.0       9:30:03 AM   -20.00    21 4.905 :3.941  0-5-0

--------------------------------------------------------------

Engine-Match Tuesday, September 9, 2025 9:30:04 AM
 Blitz 2/1 

Pairing 45/45 :    V7P3R_v5.1  -  V7P3R_v6.0

PGN-File: C:\Program Files (x86)\Arena\Tournaments\Engine Regression Battle 20250909.pgn

No:  B/W 1/2     W:B       1:2           Time        Value Moves Dep 1:2       1-2-Draws
   5 W 1    1.0:0.0        5.0:0.0       9:31:21 AM   +32.38     9 3.111 :3.000  5-0-0

--------------------------------------------------------------

Engine-Match Tuesday, September 9, 2025 9:31:22 AM
 Blitz 2/1 

Pairing 1/45 :    V7P3R_v10.0  -  V7P3R_v9.0

PGN-File: C:\Program Files (x86)\Arena\Tournaments\Engine Regression Battle 20250909.pgn

No:  B/W 1/2     W:B       1:2           Time        Value Moves Dep 1:2       1-2-Draws
   6 B 1    1.0:0.0        6.0:0.0       9:33:01 AM    -M500    15 4.714 :6.000  6-0-0

--------------------------------------------------------------

Engine-Match Tuesday, September 9, 2025 9:33:02 AM
 Blitz 2/1 

Pairing 2/45 :    V7P3R_v8.0  -  V7P3R_v10.2

PGN-File: C:\Program Files (x86)\Arena\Tournaments\Engine Regression Battle 20250909.pgn

No:  B/W 1/2     W:B       1:2           Time        Value Moves Dep 1:2       1-2-Draws
   6 W 2    1.0:0.0        0.0:6.0       9:33:50 AM   +15.00     5 5.400 :5.000  0-6-0

--------------------------------------------------------------

Engine-Match Tuesday, September 9, 2025 9:33:51 AM
 Blitz 2/1 

Pairing 3/45 :    V7P3R_v10.3  -  V7P3R_v7.0

PGN-File: C:\Program Files (x86)\Arena\Tournaments\Engine Regression Battle 20250909.pgn

No:  B/W 1/2     W:B       1:2           Time        Value Moves Dep 1:2       1-2-Draws
   6 = =    1.0:1.0        1.0:5.0       9:38:21 AM    +M500    34 2.879 :4.853  0-4-2

--------------------------------------------------------------

Engine-Match Tuesday, September 9, 2025 9:38:22 AM
 Blitz 2/1 

Pairing 4/45 :    V7P3R_v6.0  -  V7P3R_v10.4

PGN-File: C:\Program Files (x86)\Arena\Tournaments\Engine Regression Battle 20250909.pgn

No:  B/W 1/2     W:B       1:2           Time        Value Moves Dep 1:2       1-2-Draws
   6 W 2    1.0:0.0        0.0:6.0       9:39:23 AM   +12.96     6 3.000 :4.000  0-6-0

--------------------------------------------------------------

Engine-Match Tuesday, September 9, 2025 9:39:24 AM
 Blitz 2/1 

Pairing 5/45 :    V7P3R_v10.5  -  V7P3R_v5.1

PGN-File: C:\Program Files (x86)\Arena\Tournaments\Engine Regression Battle 20250909.pgn

No:  B/W 1/2     W:B       1:2           Time        Value Moves Dep 1:2       1-2-Draws
   6 B 1    1.0:0.0        6.0:0.0       9:41:34 AM   -16.50    19 4.462 :3.053  6-0-0

--------------------------------------------------------------

Engine-Match Tuesday, September 9, 2025 9:41:35 AM
 Blitz 2/1 

Pairing 6/45 :    V7P3R_v8.0  -  V7P3R_v10.0

PGN-File: C:\Program Files (x86)\Arena\Tournaments\Engine Regression Battle 20250909.pgn

No:  B/W 1/2     W:B       1:2           Time        Value Moves Dep 1:2       1-2-Draws
   6 W 2    1.0:0.0        0.0:6.0       9:42:27 AM  +115.00     6 5.167 :5.167  0-6-0

--------------------------------------------------------------

Engine-Match Tuesday, September 9, 2025 9:42:28 AM
 Blitz 2/1 

Pairing 7/45 :    V7P3R_v7.0  -  V7P3R_v9.0

PGN-File: C:\Program Files (x86)\Arena\Tournaments\Engine Regression Battle 20250909.pgn

No:  B/W 1/2     W:B       1:2           Time        Value Moves Dep 1:2       1-2-Draws
   6 B 1    1.0:0.0        6.0:0.0       9:44:24 AM  -195.00    10 5.556 :5.900  6-0-0

--------------------------------------------------------------

Engine-Match Tuesday, September 9, 2025 9:44:25 AM
 Blitz 2/1 

Pairing 8/45 :    V7P3R_v10.2  -  V7P3R_v6.0

PGN-File: C:\Program Files (x86)\Arena\Tournaments\Engine Regression Battle 20250909.pgn

No:  B/W 1/2     W:B       1:2           Time        Value Moves Dep 1:2       1-2-Draws
   6 B 1    1.0:0.0        6.0:0.0       9:45:34 AM   -17.07     9 4.625 :3.000  6-0-0

--------------------------------------------------------------

Engine-Match Tuesday, September 9, 2025 9:45:35 AM
 Blitz 2/1 

Pairing 9/45 :    V7P3R_v5.1  -  V7P3R_v10.3

PGN-File: C:\Program Files (x86)\Arena\Tournaments\Engine Regression Battle 20250909.pgn

No:  B/W 1/2     W:B       1:2           Time        Value Moves Dep 1:2       1-2-Draws
   6 W 2    1.0:0.0        0.0:6.0       9:48:58 AM   +34.04    30 3.042 :3.000  0-6-0

--------------------------------------------------------------

Engine-Match Tuesday, September 9, 2025 9:49:00 AM
 Blitz 2/1 

Pairing 10/45 :    V7P3R_v10.4  -  V7P3R_v10.5

PGN-File: C:\Program Files (x86)\Arena\Tournaments\Engine Regression Battle 20250909.pgn

No:  B/W 1/2     W:B       1:2           Time        Value Moves Dep 1:2       1-2-Draws
   6 W 2    2.0:1.0        3.0:3.0       9:53:06 AM  +289.98    43 3.152 :3.935  2-2-2

--------------------------------------------------------------

Engine-Match Tuesday, September 9, 2025 9:53:07 AM
 Blitz 2/1 

Pairing 11/45 :    V7P3R_v10.0  -  V7P3R_v7.0

PGN-File: C:\Program Files (x86)\Arena\Tournaments\Engine Regression Battle 20250909.pgn

No:  B/W 1/2     W:B       1:2           Time        Value Moves Dep 1:2       1-2-Draws
   6 B 1    1.0:0.0        6.0:0.0       9:56:32 AM  -195.00    20 5.000 :5.250  6-0-0

--------------------------------------------------------------

Engine-Match Tuesday, September 9, 2025 9:56:33 AM
 Blitz 2/1 

Pairing 12/45 :    V7P3R_v6.0  -  V7P3R_v8.0

PGN-File: C:\Program Files (x86)\Arena\Tournaments\Engine Regression Battle 20250909.pgn

No:  B/W 1/2     W:B       1:2           Time        Value Moves Dep 1:2       1-2-Draws
   6 W 2    1.0:0.0        0.0:6.0       9:57:25 AM   +19.92     6 3.000 :5.833  0-6-0

--------------------------------------------------------------

Engine-Match Tuesday, September 9, 2025 9:57:27 AM
 Blitz 2/1 

Pairing 13/45 :    V7P3R_v9.0  -  V7P3R_v5.1

PGN-File: C:\Program Files (x86)\Arena\Tournaments\Engine Regression Battle 20250909.pgn

No:  B/W 1/2     W:B       1:2           Time        Value Moves Dep 1:2       1-2-Draws
   6 B 1    2.0:1.0        4.0:2.0       9:59:21 AM   -26.39    22 5.857 :3.045  3-1-2

--------------------------------------------------------------

Engine-Match Tuesday, September 9, 2025 9:59:22 AM
 Blitz 2/1 

Pairing 14/45 :    V7P3R_v10.5  -  V7P3R_v10.2

PGN-File: C:\Program Files (x86)\Arena\Tournaments\Engine Regression Battle 20250909.pgn

No:  B/W 1/2     W:B       1:2           Time        Value Moves Dep 1:2       1-2-Draws
   6 = =    2.0:2.0        3.0:3.0       10:02:03 AM     0.00    47 4.455 :4.923  1-1-4

--------------------------------------------------------------

Engine-Match Tuesday, September 9, 2025 10:02:04 AM
 Blitz 2/1 

Pairing 15/45 :    V7P3R_v10.3  -  V7P3R_v10.4

PGN-File: C:\Program Files (x86)\Arena\Tournaments\Engine Regression Battle 20250909.pgn

No:  B/W 1/2     W:B       1:2           Time        Value Moves Dep 1:2       1-2-Draws
   6 W 2    1.0:0.0        1.0:5.0       10:05:59 AM   +10.46    45 2.781 :3.321  1-5-0

--------------------------------------------------------------

Engine-Match Tuesday, September 9, 2025 10:06:05 AM
 Blitz 2/1 

Pairing 16/45 :    V7P3R_v6.0  -  V7P3R_v10.0

PGN-File: C:\Program Files (x86)\Arena\Tournaments\Engine Regression Battle 20250909.pgn

No:  B/W 1/2     W:B       1:2           Time        Value Moves Dep 1:2       1-2-Draws
   6 W 2    1.0:0.0        0.0:6.0       10:07:46 AM    +M500    11 3.000 :5.091  0-6-0

--------------------------------------------------------------

Engine-Match Tuesday, September 9, 2025 10:07:47 AM
 Blitz 2/1 

Pairing 17/45 :    V7P3R_v5.1  -  V7P3R_v7.0

PGN-File: C:\Program Files (x86)\Arena\Tournaments\Engine Regression Battle 20250909.pgn

No:  B/W 1/2     W:B       1:2           Time        Value Moves Dep 1:2       1-2-Draws
   6 W 2    1.0:0.0        0.0:6.0       10:09:38 AM   +18.70     8 3.125 :5.750  0-6-0

--------------------------------------------------------------

Engine-Match Tuesday, September 9, 2025 10:09:39 AM
 Blitz 2/1 

Pairing 18/45 :    V7P3R_v8.0  -  V7P3R_v10.5

PGN-File: C:\Program Files (x86)\Arena\Tournaments\Engine Regression Battle 20250909.pgn

No:  B/W 1/2     W:B       1:2           Time        Value Moves Dep 1:2       1-2-Draws
   6 W 2    1.0:0.0        0.0:6.0       10:11:11 AM    +M500    18 5.333 :4.214  0-6-0

--------------------------------------------------------------

Engine-Match Tuesday, September 9, 2025 10:11:13 AM
 Blitz 2/1 

Pairing 19/45 :    V7P3R_v10.4  -  V7P3R_v9.0

PGN-File: C:\Program Files (x86)\Arena\Tournaments\Engine Regression Battle 20250909.pgn

No:  B/W 1/2     W:B       1:2           Time        Value Moves Dep 1:2       1-2-Draws
   6 B 1    1.0:0.0        6.0:0.0       10:12:41 AM    -M500    12 3.300 :5.833  6-0-0

--------------------------------------------------------------

Engine-Match Tuesday, September 9, 2025 10:12:42 AM
 Blitz 2/1 

Pairing 20/45 :    V7P3R_v10.2  -  V7P3R_v10.3

PGN-File: C:\Program Files (x86)\Arena\Tournaments\Engine Regression Battle 20250909.pgn

No:  B/W 1/2     W:B       1:2           Time        Value Moves Dep 1:2       1-2-Draws
   6 B 1    1.0:0.0        6.0:0.0       10:16:23 AM   -19.43    36 4.750 :2.778  6-0-0

--------------------------------------------------------------

Engine-Match Tuesday, September 9, 2025 10:16:25 AM
 Blitz 2/1 

Pairing 21/45 :    V7P3R_v10.0  -  V7P3R_v5.1

PGN-File: C:\Program Files (x86)\Arena\Tournaments\Engine Regression Battle 20250909.pgn

No:  B/W 1/2     W:B       1:2           Time        Value Moves Dep 1:2       1-2-Draws
   6 B 1    1.0:0.0        6.0:0.0       10:19:06 AM   -62.40    24 4.348 :2.792  6-0-0

--------------------------------------------------------------

Engine-Match Tuesday, September 9, 2025 10:19:07 AM
 Blitz 2/1 

Pairing 22/45 :    V7P3R_v10.5  -  V7P3R_v6.0

PGN-File: C:\Program Files (x86)\Arena\Tournaments\Engine Regression Battle 20250909.pgn

No:  B/W 1/2     W:B       1:2           Time        Value Moves Dep 1:2       1-2-Draws
   6 B 1    1.0:0.0        6.0:0.0       10:20:17 AM   -39.57    11 4.714 :3.000  6-0-0

--------------------------------------------------------------

Engine-Match Tuesday, September 9, 2025 10:20:19 AM
 Blitz 2/1 

Pairing 23/45 :    V7P3R_v7.0  -  V7P3R_v10.4

PGN-File: C:\Program Files (x86)\Arena\Tournaments\Engine Regression Battle 20250909.pgn

No:  B/W 1/2     W:B       1:2           Time        Value Moves Dep 1:2       1-2-Draws
   6 W 2    1.0:0.0        1.0:5.0       10:24:29 AM  +205.00    24 5.292 :3.045  1-5-0

--------------------------------------------------------------

Engine-Match Tuesday, September 9, 2025 10:24:31 AM
 Blitz 2/1 

Pairing 24/45 :    V7P3R_v10.3  -  V7P3R_v8.0

PGN-File: C:\Program Files (x86)\Arena\Tournaments\Engine Regression Battle 20250909.pgn

No:  B/W 1/2     W:B       1:2           Time        Value Moves Dep 1:2       1-2-Draws
   6 B 1    1.0:0.0        6.0:0.0       10:25:33 AM   -90.00     6 3.000 :5.167  6-0-0

--------------------------------------------------------------

Engine-Match Tuesday, September 9, 2025 10:25:35 AM
 Blitz 2/1 

Pairing 25/45 :    V7P3R_v9.0  -  V7P3R_v10.2

PGN-File: C:\Program Files (x86)\Arena\Tournaments\Engine Regression Battle 20250909.pgn

No:  B/W 1/2     W:B       1:2           Time        Value Moves Dep 1:2       1-2-Draws
   6 W 2    1.0:0.0        0.0:6.0       10:27:03 AM    +M500     9 5.778 :4.556  0-6-0

--------------------------------------------------------------

Engine-Match Tuesday, September 9, 2025 10:27:04 AM
 Blitz 2/1 

Pairing 26/45 :    V7P3R_v10.5  -  V7P3R_v10.0

PGN-File: C:\Program Files (x86)\Arena\Tournaments\Engine Regression Battle 20250909.pgn

No:  B/W 1/2     W:B       1:2           Time        Value Moves Dep 1:2       1-2-Draws
   6 W 2    3.5:2.5        2.5:3.5       10:31:20 AM   +38.70    52 3.962 :4.200  0-1-5

--------------------------------------------------------------

Engine-Match Tuesday, September 9, 2025 10:31:21 AM
 Blitz 2/1 

Pairing 27/45 :    V7P3R_v10.4  -  V7P3R_v5.1

PGN-File: C:\Program Files (x86)\Arena\Tournaments\Engine Regression Battle 20250909.pgn

No:  B/W 1/2     W:B       1:2           Time        Value Moves Dep 1:2       1-2-Draws
   6 B 1    1.0:0.0        6.0:0.0       10:32:48 AM   -56.75    12 3.667 :3.083  6-0-0

--------------------------------------------------------------

Engine-Match Tuesday, September 9, 2025 10:32:49 AM
 Blitz 2/1 

Pairing 28/45 :    V7P3R_v6.0  -  V7P3R_v10.3

PGN-File: C:\Program Files (x86)\Arena\Tournaments\Engine Regression Battle 20250909.pgn

No:  B/W 1/2     W:B       1:2           Time        Value Moves Dep 1:2       1-2-Draws
   6 W 2    1.0:0.0        0.0:6.0       10:33:35 AM  +289.96     5 3.000 :3.200  0-6-0

--------------------------------------------------------------

Engine-Match Tuesday, September 9, 2025 10:33:36 AM
 Blitz 2/1 

Pairing 29/45 :    V7P3R_v10.2  -  V7P3R_v7.0

PGN-File: C:\Program Files (x86)\Arena\Tournaments\Engine Regression Battle 20250909.pgn

No:  B/W 1/2     W:B       1:2           Time        Value Moves Dep 1:2       1-2-Draws
   6 B 1    1.0:0.0        6.0:0.0       10:37:04 AM  -100.00    25 4.600 :5.143  6-0-0

--------------------------------------------------------------

Engine-Match Tuesday, September 9, 2025 10:37:05 AM
 Blitz 2/1 

Pairing 30/45 :    V7P3R_v8.0  -  V7P3R_v9.0

PGN-File: C:\Program Files (x86)\Arena\Tournaments\Engine Regression Battle 20250909.pgn

No:  B/W 1/2     W:B       1:2           Time        Value Moves Dep 1:2       1-2-Draws
   6 W 2    1.5:0.5        0.5:5.5       10:37:33 AM   +90.00     5 5.400 :5.800  0-5-1

--------------------------------------------------------------

Engine-Match Tuesday, September 9, 2025 10:37:34 AM
 Blitz 2/1 

Pairing 31/45 :    V7P3R_v10.0  -  V7P3R_v10.4

PGN-File: C:\Program Files (x86)\Arena\Tournaments\Engine Regression Battle 20250909.pgn

No:  B/W 1/2     W:B       1:2           Time        Value Moves Dep 1:2       1-2-Draws
   6 W 2    2.0:1.0        3.0:3.0       10:42:15 AM   +39.60    59 4.346 :3.250  2-2-2

--------------------------------------------------------------

Engine-Match Tuesday, September 9, 2025 10:42:16 AM
 Blitz 2/1 

Pairing 32/45 :    V7P3R_v10.3  -  V7P3R_v10.5

PGN-File: C:\Program Files (x86)\Arena\Tournaments\Engine Regression Battle 20250909.pgn

No:  B/W 1/2     W:B       1:2           Time        Value Moves Dep 1:2       1-2-Draws
   6 W 2    1.0:0.0        2.0:4.0       10:46:26 AM   +32.58    50 2.815 :4.048  2-4-0

--------------------------------------------------------------

Engine-Match Tuesday, September 9, 2025 10:46:28 AM
 Blitz 2/1 

Pairing 33/45 :    V7P3R_v5.1  -  V7P3R_v10.2

PGN-File: C:\Program Files (x86)\Arena\Tournaments\Engine Regression Battle 20250909.pgn

No:  B/W 1/2     W:B       1:2           Time        Value Moves Dep 1:2       1-2-Draws
   6 W 2    1.0:0.0        0.0:6.0       10:47:40 AM   +24.29     9 3.222 :4.714  0-6-0

--------------------------------------------------------------

Engine-Match Tuesday, September 9, 2025 10:47:42 AM
 Blitz 2/1 

Pairing 34/45 :    V7P3R_v9.0  -  V7P3R_v6.0

PGN-File: C:\Program Files (x86)\Arena\Tournaments\Engine Regression Battle 20250909.pgn

No:  B/W 1/2     W:B       1:2           Time        Value Moves Dep 1:2       1-2-Draws
   6 B 1    1.0:0.0        6.0:0.0       10:48:59 AM   -25.20    12 5.818 :3.000  6-0-0

--------------------------------------------------------------

Engine-Match Tuesday, September 9, 2025 10:49:00 AM
 Blitz 2/1 

Pairing 35/45 :    V7P3R_v7.0  -  V7P3R_v8.0

PGN-File: C:\Program Files (x86)\Arena\Tournaments\Engine Regression Battle 20250909.pgn

No:  B/W 1/2     W:B       1:2           Time        Value Moves Dep 1:2       1-2-Draws
   6 B 1    1.0:0.0        5.0:1.0       10:51:06 AM  -230.00    11 5.600 :5.273  5-1-0

--------------------------------------------------------------

Engine-Match Tuesday, September 9, 2025 10:51:13 AM
 Blitz 2/1 

Pairing 36/45 :    V7P3R_v10.3  -  V7P3R_v10.0

PGN-File: C:\Program Files (x86)\Arena\Tournaments\Engine Regression Battle 20250909.pgn

No:  B/W 1/2     W:B       1:2           Time        Value Moves Dep 1:2       1-2-Draws
   6 W 2    1.5:0.5        0.5:5.5       10:55:10 AM   +24.18    36 2.917 :4.560  0-5-1

--------------------------------------------------------------

Engine-Match Tuesday, September 9, 2025 10:55:11 AM
 Blitz 2/1 

Pairing 37/45 :    V7P3R_v10.2  -  V7P3R_v10.4

PGN-File: C:\Program Files (x86)\Arena\Tournaments\Engine Regression Battle 20250909.pgn

No:  B/W 1/2     W:B       1:2           Time        Value Moves Dep 1:2       1-2-Draws
   6 = =    1.0:1.0        2.0:4.0       10:58:08 AM     0.00    31 4.538 :3.150  1-3-2

--------------------------------------------------------------

Engine-Match Tuesday, September 9, 2025 10:58:09 AM
 Blitz 2/1 

Pairing 38/45 :    V7P3R_v10.5  -  V7P3R_v9.0

PGN-File: C:\Program Files (x86)\Arena\Tournaments\Engine Regression Battle 20250909.pgn

No:  B/W 1/2     W:B       1:2           Time        Value Moves Dep 1:2       1-2-Draws
   6 B 1    1.0:0.0        6.0:0.0       10:59:11 AM  -285.00     9 4.429 :5.889  6-0-0

--------------------------------------------------------------

Engine-Match Tuesday, September 9, 2025 10:59:12 AM
 Blitz 2/1 

Pairing 39/45 :    V7P3R_v8.0  -  V7P3R_v5.1

PGN-File: C:\Program Files (x86)\Arena\Tournaments\Engine Regression Battle 20250909.pgn

No:  B/W 1/2     W:B       1:2           Time        Value Moves Dep 1:2       1-2-Draws
   6 W 2    1.0:0.0        3.0:3.0       10:59:49 AM    +M500     5 5.000 :3.200  3-3-0

--------------------------------------------------------------

Engine-Match Tuesday, September 9, 2025 10:59:50 AM
 Blitz 2/1 

Pairing 40/45 :    V7P3R_v6.0  -  V7P3R_v7.0

PGN-File: C:\Program Files (x86)\Arena\Tournaments\Engine Regression Battle 20250909.pgn

No:  B/W 1/2     W:B       1:2           Time        Value Moves Dep 1:2       1-2-Draws
   6 W 2    1.0:0.0        0.0:6.0       11:02:27 AM   +19.01    13 3.000 :5.692  0-6-0

--------------------------------------------------------------

Engine-Match Tuesday, September 9, 2025 11:02:28 AM
 Blitz 2/1 

Pairing 41/45 :    V7P3R_v10.0  -  V7P3R_v10.2

PGN-File: C:\Program Files (x86)\Arena\Tournaments\Engine Regression Battle 20250909.pgn

No:  B/W 1/2     W:B       1:2           Time        Value Moves Dep 1:2       1-2-Draws
   6 = =    1.0:1.0        5.0:1.0       11:05:46 AM    -0.20    38 4.700 :4.750  4-0-2

--------------------------------------------------------------

Engine-Match Tuesday, September 9, 2025 11:05:47 AM
 Blitz 2/1 

Pairing 42/45 :    V7P3R_v9.0  -  V7P3R_v10.3

PGN-File: C:\Program Files (x86)\Arena\Tournaments\Engine Regression Battle 20250909.pgn

No:  B/W 1/2     W:B       1:2           Time        Value Moves Dep 1:2       1-2-Draws
   6 W 2    1.0:0.0        0.0:6.0       11:06:59 AM  +290.00    10 5.300 :2.900  0-6-0

--------------------------------------------------------------

Engine-Match Tuesday, September 9, 2025 11:07:00 AM
 Blitz 2/1 

Pairing 43/45 :    V7P3R_v10.4  -  V7P3R_v8.0

PGN-File: C:\Program Files (x86)\Arena\Tournaments\Engine Regression Battle 20250909.pgn

No:  B/W 1/2     W:B       1:2           Time        Value Moves Dep 1:2       1-2-Draws
   6 B 1    1.0:0.0        6.0:0.0       11:08:17 AM   -90.00     9 3.286 :5.222  6-0-0

--------------------------------------------------------------

Engine-Match Tuesday, September 9, 2025 11:08:19 AM
 Blitz 2/1 

Pairing 44/45 :    V7P3R_v7.0  -  V7P3R_v10.5

PGN-File: C:\Program Files (x86)\Arena\Tournaments\Engine Regression Battle 20250909.pgn

No:  B/W 1/2     W:B       1:2           Time        Value Moves Dep 1:2       1-2-Draws
   6 W 2    1.0:0.0        0.0:6.0       11:10:56 AM   +21.00    14 5.357 :4.250  0-6-0

--------------------------------------------------------------

Engine-Match Tuesday, September 9, 2025 11:10:57 AM
 Blitz 2/1 

Pairing 45/45 :    V7P3R_v5.1  -  V7P3R_v6.0

PGN-File: C:\Program Files (x86)\Arena\Tournaments\Engine Regression Battle 20250909.pgn

No:  B/W 1/2     W:B       1:2           Time        Value Moves Dep 1:2       1-2-Draws
   6 B 1    1.0:0.0        6.0:0.0       11:12:24 AM   -23.32    11 3.300 :3.000  6-0-0

--------------------------------------------------------------

Engine-Match Tuesday, September 9, 2025 11:12:25 AM
 Blitz 2/1 

Pairing 1/45 :    V7P3R_v10.0  -  V7P3R_v9.0

PGN-File: C:\Program Files (x86)\Arena\Tournaments\Engine Regression Battle 20250909.pgn

No:  B/W 1/2     W:B       1:2           Time        Value Moves Dep 1:2       1-2-Draws
   7 W 1    1.0:0.0        7.0:0.0       11:14:32 AM    +M500    19 4.842 :5.737  7-0-0

--------------------------------------------------------------

Engine-Match Tuesday, September 9, 2025 11:14:34 AM
 Blitz 2/1 

Pairing 2/45 :    V7P3R_v8.0  -  V7P3R_v10.2

PGN-File: C:\Program Files (x86)\Arena\Tournaments\Engine Regression Battle 20250909.pgn

No:  B/W 1/2     W:B       1:2           Time        Value Moves Dep 1:2       1-2-Draws
   7 B 2    1.0:0.0        0.0:7.0       11:15:54 AM  -130.00    11 5.182 :4.750  0-7-0

--------------------------------------------------------------

Engine-Match Tuesday, September 9, 2025 11:15:55 AM
 Blitz 2/1 

Pairing 3/45 :    V7P3R_v10.3  -  V7P3R_v7.0

PGN-File: C:\Program Files (x86)\Arena\Tournaments\Engine Regression Battle 20250909.pgn

No:  B/W 1/2     W:B       1:2           Time        Value Moves Dep 1:2       1-2-Draws
   7 = =    1.5:1.5        1.5:5.5       11:21:28 AM  -312.00    62 2.759 :5.000  0-4-3

--------------------------------------------------------------

Engine-Match Tuesday, September 9, 2025 11:21:30 AM
 Blitz 2/1 

Pairing 4/45 :    V7P3R_v6.0  -  V7P3R_v10.4

PGN-File: C:\Program Files (x86)\Arena\Tournaments\Engine Regression Battle 20250909.pgn

No:  B/W 1/2     W:B       1:2           Time        Value Moves Dep 1:2       1-2-Draws
   7 B 2    1.0:0.0        0.0:7.0       11:22:32 AM   -26.96     7 3.000 :3.800  0-7-0

--------------------------------------------------------------

Engine-Match Tuesday, September 9, 2025 11:22:33 AM
 Blitz 2/1 

Pairing 5/45 :    V7P3R_v10.5  -  V7P3R_v5.1

PGN-File: C:\Program Files (x86)\Arena\Tournaments\Engine Regression Battle 20250909.pgn

No:  B/W 1/2     W:B       1:2           Time        Value Moves Dep 1:2       1-2-Draws
   7 W 1    1.0:0.0        7.0:0.0       11:24:40 AM   +62.20    22 4.357 :3.182  7-0-0

--------------------------------------------------------------

Engine-Match Tuesday, September 9, 2025 11:24:41 AM
 Blitz 2/1 

Pairing 6/45 :    V7P3R_v8.0  -  V7P3R_v10.0

PGN-File: C:\Program Files (x86)\Arena\Tournaments\Engine Regression Battle 20250909.pgn

No:  B/W 1/2     W:B       1:2           Time        Value Moves Dep 1:2       1-2-Draws
   7 B 2    1.0:0.0        0.0:7.0       11:25:30 AM  -220.00     8 5.375 :5.000  0-7-0

--------------------------------------------------------------

Engine-Match Tuesday, September 9, 2025 11:25:31 AM
 Blitz 2/1 

Pairing 7/45 :    V7P3R_v7.0  -  V7P3R_v9.0

PGN-File: C:\Program Files (x86)\Arena\Tournaments\Engine Regression Battle 20250909.pgn

No:  B/W 1/2     W:B       1:2           Time        Value Moves Dep 1:2       1-2-Draws
   7 W 1    1.0:0.0        7.0:0.0       11:27:33 AM  +125.00     8 5.500 :5.750  7-0-0

--------------------------------------------------------------

Engine-Match Tuesday, September 9, 2025 11:27:35 AM
 Blitz 2/1 

Pairing 8/45 :    V7P3R_v10.2  -  V7P3R_v6.0

PGN-File: C:\Program Files (x86)\Arena\Tournaments\Engine Regression Battle 20250909.pgn

No:  B/W 1/2     W:B       1:2           Time        Value Moves Dep 1:2       1-2-Draws
   7 W 1    1.0:0.0        7.0:0.0       11:28:43 AM   +30.74     6 5.000 :3.000  7-0-0

--------------------------------------------------------------

Engine-Match Tuesday, September 9, 2025 11:28:45 AM
 Blitz 2/1 

Pairing 9/45 :    V7P3R_v5.1  -  V7P3R_v10.3

PGN-File: C:\Program Files (x86)\Arena\Tournaments\Engine Regression Battle 20250909.pgn

No:  B/W 1/2     W:B       1:2           Time        Value Moves Dep 1:2       1-2-Draws
   7 B 2    1.0:0.0        0.0:7.0       11:31:13 AM   -25.84    18 3.059 :3.059  0-7-0

--------------------------------------------------------------

Engine-Match Tuesday, September 9, 2025 11:31:14 AM
 Blitz 2/1 

Pairing 10/45 :    V7P3R_v10.4  -  V7P3R_v10.5

PGN-File: C:\Program Files (x86)\Arena\Tournaments\Engine Regression Battle 20250909.pgn

No:  B/W 1/2     W:B       1:2           Time        Value Moves Dep 1:2       1-2-Draws
   7 W 1    2.0:1.0        4.0:3.0       11:33:10 AM   +17.80    14 3.500 :4.400  3-2-2

--------------------------------------------------------------

Engine-Match Tuesday, September 9, 2025 11:33:16 AM
 Blitz 2/1 

Pairing 11/45 :    V7P3R_v10.0  -  V7P3R_v7.0

PGN-File: C:\Program Files (x86)\Arena\Tournaments\Engine Regression Battle 20250909.pgn

No:  B/W 1/2     W:B       1:2           Time        Value Moves Dep 1:2       1-2-Draws
   7 W 1    1.0:0.0        7.0:0.0       11:35:59 AM   +25.00    13 4.462 :5.231  7-0-0

--------------------------------------------------------------

Engine-Match Tuesday, September 9, 2025 11:36:01 AM
 Blitz 2/1 

Pairing 12/45 :    V7P3R_v6.0  -  V7P3R_v8.0

PGN-File: C:\Program Files (x86)\Arena\Tournaments\Engine Regression Battle 20250909.pgn

No:  B/W 1/2     W:B       1:2           Time        Value Moves Dep 1:2       1-2-Draws
   7 B 2    1.0:0.0        0.0:7.0       11:36:58 AM      -M1     8 3.000 :5.375  0-7-0

--------------------------------------------------------------

Engine-Match Tuesday, September 9, 2025 11:36:59 AM
 Blitz 2/1 

Pairing 13/45 :    V7P3R_v9.0  -  V7P3R_v5.1

PGN-File: C:\Program Files (x86)\Arena\Tournaments\Engine Regression Battle 20250909.pgn

No:  B/W 1/2     W:B       1:2           Time        Value Moves Dep 1:2       1-2-Draws
   7 B 2    2.0:1.0        4.0:3.0       11:38:12 AM  -275.00    12 5.750 :3.182  3-2-2

--------------------------------------------------------------

Engine-Match Tuesday, September 9, 2025 11:38:14 AM
 Blitz 2/1 

Pairing 14/45 :    V7P3R_v10.5  -  V7P3R_v10.2

PGN-File: C:\Program Files (x86)\Arena\Tournaments\Engine Regression Battle 20250909.pgn

No:  B/W 1/2     W:B       1:2           Time        Value Moves Dep 1:2       1-2-Draws
   7 W 1    3.0:2.0        4.0:3.0       11:41:35 AM     0.00    54 4.200 :4.571  2-1-4

--------------------------------------------------------------

Engine-Match Tuesday, September 9, 2025 11:41:37 AM
 Blitz 2/1 

Pairing 15/45 :    V7P3R_v10.3  -  V7P3R_v10.4

PGN-File: C:\Program Files (x86)\Arena\Tournaments\Engine Regression Battle 20250909.pgn

No:  B/W 1/2     W:B       1:2           Time        Value Moves Dep 1:2       1-2-Draws
   7 B 2    1.0:0.0        1.0:6.0       11:45:55 AM   -25.09    52 2.455 :2.857  1-6-0

--------------------------------------------------------------

Engine-Match Tuesday, September 9, 2025 11:45:56 AM
 Blitz 2/1 

Pairing 16/45 :    V7P3R_v6.0  -  V7P3R_v10.0

PGN-File: C:\Program Files (x86)\Arena\Tournaments\Engine Regression Battle 20250909.pgn

No:  B/W 1/2     W:B       1:2           Time        Value Moves Dep 1:2       1-2-Draws
   7 B 2    1.0:0.0        0.0:7.0       11:47:16 AM   -24.83     9 3.000 :5.125  0-7-0

--------------------------------------------------------------

Engine-Match Tuesday, September 9, 2025 11:47:18 AM
 Blitz 2/1 

Pairing 17/45 :    V7P3R_v5.1  -  V7P3R_v7.0

PGN-File: C:\Program Files (x86)\Arena\Tournaments\Engine Regression Battle 20250909.pgn

No:  B/W 1/2     W:B       1:2           Time        Value Moves Dep 1:2       1-2-Draws
   7 B 2    1.0:0.0        0.0:7.0       11:49:07 AM   -41.59     8 3.125 :5.714  0-7-0

--------------------------------------------------------------

Engine-Match Tuesday, September 9, 2025 11:49:08 AM
 Blitz 2/1 

Pairing 18/45 :    V7P3R_v8.0  -  V7P3R_v10.5

PGN-File: C:\Program Files (x86)\Arena\Tournaments\Engine Regression Battle 20250909.pgn

No:  B/W 1/2     W:B       1:2           Time        Value Moves Dep 1:2       1-2-Draws
   7 B 2    1.0:0.0        0.0:7.0       11:50:01 AM  -220.00     8 5.375 :4.429  0-7-0

--------------------------------------------------------------

Engine-Match Tuesday, September 9, 2025 11:50:02 AM
 Blitz 2/1 

Pairing 19/45 :    V7P3R_v10.4  -  V7P3R_v9.0

PGN-File: C:\Program Files (x86)\Arena\Tournaments\Engine Regression Battle 20250909.pgn

No:  B/W 1/2     W:B       1:2           Time        Value Moves Dep 1:2       1-2-Draws
   7 W 1    1.0:0.0        7.0:0.0       11:51:45 AM    +M500    16 3.333 :5.250  7-0-0

--------------------------------------------------------------

Engine-Match Tuesday, September 9, 2025 11:51:46 AM
 Blitz 2/1 

Pairing 20/45 :    V7P3R_v10.2  -  V7P3R_v10.3

PGN-File: C:\Program Files (x86)\Arena\Tournaments\Engine Regression Battle 20250909.pgn

No:  B/W 1/2     W:B       1:2           Time        Value Moves Dep 1:2       1-2-Draws
   7 W 1    1.0:0.0        7.0:0.0       11:55:05 AM   +20.14    26 4.368 :2.708  7-0-0

--------------------------------------------------------------

Engine-Match Tuesday, September 9, 2025 11:55:07 AM
 Blitz 2/1 

Pairing 21/45 :    V7P3R_v10.0  -  V7P3R_v5.1

PGN-File: C:\Program Files (x86)\Arena\Tournaments\Engine Regression Battle 20250909.pgn

No:  B/W 1/2     W:B       1:2           Time        Value Moves Dep 1:2       1-2-Draws
   7 W 1    1.0:0.0        7.0:0.0       11:56:02 AM   +36.69     5 5.200 :3.400  7-0-0

--------------------------------------------------------------

Engine-Match Tuesday, September 9, 2025 11:56:04 AM
 Blitz 2/1 

Pairing 22/45 :    V7P3R_v10.5  -  V7P3R_v6.0

PGN-File: C:\Program Files (x86)\Arena\Tournaments\Engine Regression Battle 20250909.pgn

No:  B/W 1/2     W:B       1:2           Time        Value Moves Dep 1:2       1-2-Draws
   7 W 1    1.0:0.0        7.0:0.0       11:57:00 AM   +42.38    10 4.250 :3.000  7-0-0

--------------------------------------------------------------

Engine-Match Tuesday, September 9, 2025 11:57:02 AM
 Blitz 2/1 

Pairing 23/45 :    V7P3R_v7.0  -  V7P3R_v10.4

PGN-File: C:\Program Files (x86)\Arena\Tournaments\Engine Regression Battle 20250909.pgn

No:  B/W 1/2     W:B       1:2           Time        Value Moves Dep 1:2       1-2-Draws
   7 W 1    1.0:0.0        2.0:5.0       11:59:57 AM   +10.48    15 5.133 :3.308  2-5-0

--------------------------------------------------------------

Engine-Match Tuesday, September 9, 2025 11:59:58 AM
 Blitz 2/1 

Pairing 24/45 :    V7P3R_v10.3  -  V7P3R_v8.0

PGN-File: C:\Program Files (x86)\Arena\Tournaments\Engine Regression Battle 20250909.pgn

No:  B/W 1/2     W:B       1:2           Time        Value Moves Dep 1:2       1-2-Draws
   7 W 1    1.0:0.0        7.0:0.0       12:00:38 PM  +190.00     5 3.000 :5.400  7-0-0

--------------------------------------------------------------

Engine-Match Tuesday, September 9, 2025 12:00:40 PM
 Blitz 2/1 

Pairing 25/45 :    V7P3R_v9.0  -  V7P3R_v10.2

PGN-File: C:\Program Files (x86)\Arena\Tournaments\Engine Regression Battle 20250909.pgn

No:  B/W 1/2     W:B       1:2           Time        Value Moves Dep 1:2       1-2-Draws
   7 B 2    1.0:0.0        0.0:7.0       12:01:39 PM  -305.00     7 5.857 :4.833  0-7-0

--------------------------------------------------------------

Engine-Match Tuesday, September 9, 2025 12:01:40 PM
 Blitz 2/1 

Pairing 26/45 :    V7P3R_v10.5  -  V7P3R_v10.0

PGN-File: C:\Program Files (x86)\Arena\Tournaments\Engine Regression Battle 20250909.pgn

No:  B/W 1/2     W:B       1:2           Time        Value Moves Dep 1:2       1-2-Draws
   7 W 1    3.5:2.5        3.5:3.5       12:04:01 PM  +289.98    24 4.357 :4.783  1-1-5

--------------------------------------------------------------

Engine-Match Tuesday, September 9, 2025 12:04:02 PM
 Blitz 2/1 

Pairing 27/45 :    V7P3R_v10.4  -  V7P3R_v5.1

PGN-File: C:\Program Files (x86)\Arena\Tournaments\Engine Regression Battle 20250909.pgn

No:  B/W 1/2     W:B       1:2           Time        Value Moves Dep 1:2       1-2-Draws
   7 W 1    1.0:0.0        7.0:0.0       12:05:19 PM   +52.85     8 3.375 :3.125  7-0-0

--------------------------------------------------------------

Engine-Match Tuesday, September 9, 2025 12:05:21 PM
 Blitz 2/1 

Pairing 28/45 :    V7P3R_v6.0  -  V7P3R_v10.3

PGN-File: C:\Program Files (x86)\Arena\Tournaments\Engine Regression Battle 20250909.pgn

No:  B/W 1/2     W:B       1:2           Time        Value Moves Dep 1:2       1-2-Draws
   7 B 2    1.0:0.0        0.0:7.0       12:06:21 PM    -M500     7 3.000 :3.000  0-7-0

--------------------------------------------------------------

Engine-Match Tuesday, September 9, 2025 12:06:23 PM
 Blitz 2/1 

Pairing 29/45 :    V7P3R_v10.2  -  V7P3R_v7.0

PGN-File: C:\Program Files (x86)\Arena\Tournaments\Engine Regression Battle 20250909.pgn

No:  B/W 1/2     W:B       1:2           Time        Value Moves Dep 1:2       1-2-Draws
   7 W 1    1.0:0.0        7.0:0.0       12:09:57 PM    +M500    20 4.467 :4.950  7-0-0

--------------------------------------------------------------

Engine-Match Tuesday, September 9, 2025 12:09:58 PM
 Blitz 2/1 

Pairing 30/45 :    V7P3R_v8.0  -  V7P3R_v9.0

PGN-File: C:\Program Files (x86)\Arena\Tournaments\Engine Regression Battle 20250909.pgn

No:  B/W 1/2     W:B       1:2           Time        Value Moves Dep 1:2       1-2-Draws
   7 B 2    1.5:0.5        0.5:6.5       12:10:54 PM  -220.00    11 5.182 :5.800  0-6-1

--------------------------------------------------------------

Engine-Match Tuesday, September 9, 2025 12:11:01 PM
 Blitz 2/1 

Pairing 31/45 :    V7P3R_v10.0  -  V7P3R_v10.4

PGN-File: C:\Program Files (x86)\Arena\Tournaments\Engine Regression Battle 20250909.pgn

No:  B/W 1/2     W:B       1:2           Time        Value Moves Dep 1:2       1-2-Draws
   7 B 2    2.0:1.0        3.0:4.0       12:14:48 PM    -9.70    41 4.478 :3.200  2-3-2

--------------------------------------------------------------

Engine-Match Tuesday, September 9, 2025 12:14:49 PM
 Blitz 2/1 

Pairing 32/45 :    V7P3R_v10.3  -  V7P3R_v10.5

PGN-File: C:\Program Files (x86)\Arena\Tournaments\Engine Regression Battle 20250909.pgn

No:  B/W 1/2     W:B       1:2           Time        Value Moves Dep 1:2       1-2-Draws
   7 B 2    1.0:0.0        2.0:5.0       12:16:27 PM   -11.72    10 3.100 :4.167  2-5-0

--------------------------------------------------------------

Engine-Match Tuesday, September 9, 2025 12:16:28 PM
 Blitz 2/1 

Pairing 33/45 :    V7P3R_v5.1  -  V7P3R_v10.2

PGN-File: C:\Program Files (x86)\Arena\Tournaments\Engine Regression Battle 20250909.pgn

No:  B/W 1/2     W:B       1:2           Time        Value Moves Dep 1:2       1-2-Draws
   7 B 2    1.0:0.0        0.0:7.0       12:17:36 PM   -14.14     8 3.125 :4.500  0-7-0

--------------------------------------------------------------

Engine-Match Tuesday, September 9, 2025 12:17:38 PM
 Blitz 2/1 

Pairing 34/45 :    V7P3R_v9.0  -  V7P3R_v6.0

PGN-File: C:\Program Files (x86)\Arena\Tournaments\Engine Regression Battle 20250909.pgn

No:  B/W 1/2     W:B       1:2           Time        Value Moves Dep 1:2       1-2-Draws
   7 W 1    1.0:0.0        7.0:0.0       12:18:41 PM   +43.74    10 5.800 :3.000  7-0-0

--------------------------------------------------------------

Engine-Match Tuesday, September 9, 2025 12:18:43 PM
 Blitz 2/1 

Pairing 35/45 :    V7P3R_v7.0  -  V7P3R_v8.0

PGN-File: C:\Program Files (x86)\Arena\Tournaments\Engine Regression Battle 20250909.pgn

No:  B/W 1/2     W:B       1:2           Time        Value Moves Dep 1:2       1-2-Draws
   7 W 1    1.0:0.0        6.0:1.0       12:20:03 PM    +M500     5 5.800 :5.000  6-1-0

--------------------------------------------------------------

Engine-Match Tuesday, September 9, 2025 12:20:05 PM
 Blitz 2/1 

Pairing 36/45 :    V7P3R_v10.3  -  V7P3R_v10.0

PGN-File: C:\Program Files (x86)\Arena\Tournaments\Engine Regression Battle 20250909.pgn

No:  B/W 1/2     W:B       1:2           Time        Value Moves Dep 1:2       1-2-Draws
   7 B 2    1.5:0.5        0.5:6.5       12:24:04 PM   -24.43    41 2.743 :4.500  0-6-1

--------------------------------------------------------------

Engine-Match Tuesday, September 9, 2025 12:24:05 PM
 Blitz 2/1 

Pairing 37/45 :    V7P3R_v10.2  -  V7P3R_v10.4

PGN-File: C:\Program Files (x86)\Arena\Tournaments\Engine Regression Battle 20250909.pgn

No:  B/W 1/2     W:B       1:2           Time        Value Moves Dep 1:2       1-2-Draws
   7 = =    1.5:1.5        2.5:4.5       12:28:04 PM    -0.35    49 4.471 :3.227  1-3-3

--------------------------------------------------------------

Engine-Match Tuesday, September 9, 2025 12:28:06 PM
 Blitz 2/1 

Pairing 38/45 :    V7P3R_v10.5  -  V7P3R_v9.0

PGN-File: C:\Program Files (x86)\Arena\Tournaments\Engine Regression Battle 20250909.pgn

No:  B/W 1/2     W:B       1:2           Time        Value Moves Dep 1:2       1-2-Draws
   7 W 1    1.0:0.0        7.0:0.0       12:29:34 PM  +102.00    18 4.200 :5.444  7-0-0

--------------------------------------------------------------

Engine-Match Tuesday, September 9, 2025 12:29:35 PM
 Blitz 2/1 

Pairing 39/45 :    V7P3R_v8.0  -  V7P3R_v5.1

PGN-File: C:\Program Files (x86)\Arena\Tournaments\Engine Regression Battle 20250909.pgn

No:  B/W 1/2     W:B       1:2           Time        Value Moves Dep 1:2       1-2-Draws
   7 W 1    1.0:0.0        4.0:3.0       12:31:29 PM   +64.19    18 5.222 :3.056  4-3-0

--------------------------------------------------------------

Engine-Match Tuesday, September 9, 2025 12:31:30 PM
 Blitz 2/1 

Pairing 40/45 :    V7P3R_v6.0  -  V7P3R_v7.0

PGN-File: C:\Program Files (x86)\Arena\Tournaments\Engine Regression Battle 20250909.pgn

No:  B/W 1/2     W:B       1:2           Time        Value Moves Dep 1:2       1-2-Draws
   7 B 2    1.0:0.0        0.0:7.0       12:33:51 PM   -24.83     9 3.000 :6.000  0-7-0

--------------------------------------------------------------

Engine-Match Tuesday, September 9, 2025 12:33:52 PM
 Blitz 2/1 

Pairing 41/45 :    V7P3R_v10.0  -  V7P3R_v10.2

PGN-File: C:\Program Files (x86)\Arena\Tournaments\Engine Regression Battle 20250909.pgn

No:  B/W 1/2     W:B       1:2           Time        Value Moves Dep 1:2       1-2-Draws
   7 W 1    2.0:1.0        6.0:1.0       12:37:29 PM  +289.99    56 4.630 :4.833  5-0-2

--------------------------------------------------------------

Engine-Match Tuesday, September 9, 2025 12:37:31 PM
 Blitz 2/1 

Pairing 42/45 :    V7P3R_v9.0  -  V7P3R_v10.3

PGN-File: C:\Program Files (x86)\Arena\Tournaments\Engine Regression Battle 20250909.pgn

No:  B/W 1/2     W:B       1:2           Time        Value Moves Dep 1:2       1-2-Draws
   7 B 2    1.0:0.0        0.0:7.0       12:39:45 PM    -M500    19 5.421 :2.667  0-7-0

--------------------------------------------------------------

Engine-Match Tuesday, September 9, 2025 12:39:46 PM
 Blitz 2/1 

Pairing 43/45 :    V7P3R_v10.4  -  V7P3R_v8.0

PGN-File: C:\Program Files (x86)\Arena\Tournaments\Engine Regression Battle 20250909.pgn

No:  B/W 1/2     W:B       1:2           Time        Value Moves Dep 1:2       1-2-Draws
   7 W 1    1.0:0.0        7.0:0.0       12:40:43 PM  +195.00     7 3.500 :5.429  7-0-0

--------------------------------------------------------------

Engine-Match Tuesday, September 9, 2025 12:40:44 PM
 Blitz 2/1 

Pairing 44/45 :    V7P3R_v7.0  -  V7P3R_v10.5

PGN-File: C:\Program Files (x86)\Arena\Tournaments\Engine Regression Battle 20250909.pgn

No:  B/W 1/2     W:B       1:2           Time        Value Moves Dep 1:2       1-2-Draws
   7 B 2    1.0:0.0        0.0:7.0       12:43:50 PM  -112.00    21 5.238 :4.235  0-7-0

--------------------------------------------------------------

Engine-Match Tuesday, September 9, 2025 12:43:51 PM
 Blitz 2/1 

Pairing 45/45 :    V7P3R_v5.1  -  V7P3R_v6.0

PGN-File: C:\Program Files (x86)\Arena\Tournaments\Engine Regression Battle 20250909.pgn

No:  B/W 1/2     W:B       1:2           Time        Value Moves Dep 1:2       1-2-Draws
   7 W 1    1.0:0.0        7.0:0.0       12:45:08 PM   +32.38     9 3.111 :3.000  7-0-0

--------------------------------------------------------------

Engine-Match Tuesday, September 9, 2025 12:45:09 PM
 Blitz 2/1 

Pairing 1/45 :    V7P3R_v10.0  -  V7P3R_v9.0

PGN-File: C:\Program Files (x86)\Arena\Tournaments\Engine Regression Battle 20250909.pgn

No:  B/W 1/2     W:B       1:2           Time        Value Moves Dep 1:2       1-2-Draws
   8 B 1    1.0:0.0        8.0:0.0       12:47:00 PM    -M500    16 4.733 :5.938  8-0-0

--------------------------------------------------------------

Engine-Match Tuesday, September 9, 2025 12:47:01 PM
 Blitz 2/1 

Pairing 2/45 :    V7P3R_v8.0  -  V7P3R_v10.2

PGN-File: C:\Program Files (x86)\Arena\Tournaments\Engine Regression Battle 20250909.pgn

No:  B/W 1/2     W:B       1:2           Time        Value Moves Dep 1:2       1-2-Draws
   8 W 2    1.0:0.0        0.0:8.0       12:47:42 PM   +55.00     5 5.200 :4.750  0-8-0

--------------------------------------------------------------

Engine-Match Tuesday, September 9, 2025 12:47:43 PM
 Blitz 2/1 

Pairing 3/45 :    V7P3R_v10.3  -  V7P3R_v7.0

PGN-File: C:\Program Files (x86)\Arena\Tournaments\Engine Regression Battle 20250909.pgn

No:  B/W 1/2     W:B       1:2           Time        Value Moves Dep 1:2       1-2-Draws
   8 = =    2.0:2.0        2.0:6.0       12:52:13 PM    +M500    40 2.500 :4.794  0-4-4

--------------------------------------------------------------

Engine-Match Tuesday, September 9, 2025 12:52:15 PM
 Blitz 2/1 

Pairing 4/45 :    V7P3R_v6.0  -  V7P3R_v10.4

PGN-File: C:\Program Files (x86)\Arena\Tournaments\Engine Regression Battle 20250909.pgn

No:  B/W 1/2     W:B       1:2           Time        Value Moves Dep 1:2       1-2-Draws
   8 W 2    1.0:0.0        0.0:8.0       12:53:20 PM   +13.43     6 3.000 :3.833  0-8-0

--------------------------------------------------------------

Engine-Match Tuesday, September 9, 2025 12:53:21 PM
 Blitz 2/1 

Pairing 5/45 :    V7P3R_v10.5  -  V7P3R_v5.1

PGN-File: C:\Program Files (x86)\Arena\Tournaments\Engine Regression Battle 20250909.pgn

No:  B/W 1/2     W:B       1:2           Time        Value Moves Dep 1:2       1-2-Draws
   8 B 1    1.0:0.0        8.0:0.0       12:57:09 PM   -10.40    47 4.667 :3.083  8-0-0

--------------------------------------------------------------

Engine-Match Tuesday, September 9, 2025 12:57:15 PM
 Blitz 2/1 

Pairing 6/45 :    V7P3R_v8.0  -  V7P3R_v10.0

PGN-File: C:\Program Files (x86)\Arena\Tournaments\Engine Regression Battle 20250909.pgn

No:  B/W 1/2     W:B       1:2           Time        Value Moves Dep 1:2       1-2-Draws
   8 W 2    1.0:0.0        0.0:8.0       12:59:44 PM  +110.00    18 5.222 :4.722  0-8-0

--------------------------------------------------------------

Engine-Match Tuesday, September 9, 2025 12:59:46 PM
 Blitz 2/1 

Pairing 7/45 :    V7P3R_v7.0  -  V7P3R_v9.0

PGN-File: C:\Program Files (x86)\Arena\Tournaments\Engine Regression Battle 20250909.pgn

No:  B/W 1/2     W:B       1:2           Time        Value Moves Dep 1:2       1-2-Draws
   8 B 1    1.0:0.0        8.0:0.0       1:02:03 PM  -290.00    13 5.417 :5.692  8-0-0

--------------------------------------------------------------

Engine-Match Tuesday, September 9, 2025 1:02:04 PM
 Blitz 2/1 

Pairing 8/45 :    V7P3R_v10.2  -  V7P3R_v6.0

PGN-File: C:\Program Files (x86)\Arena\Tournaments\Engine Regression Battle 20250909.pgn

No:  B/W 1/2     W:B       1:2           Time        Value Moves Dep 1:2       1-2-Draws
   8 B 1    1.0:0.0        8.0:0.0       1:03:16 PM   -17.07     9 4.625 :3.000  8-0-0

--------------------------------------------------------------

Engine-Match Tuesday, September 9, 2025 1:03:17 PM
 Blitz 2/1 

Pairing 9/45 :    V7P3R_v5.1  -  V7P3R_v10.3

PGN-File: C:\Program Files (x86)\Arena\Tournaments\Engine Regression Battle 20250909.pgn

No:  B/W 1/2     W:B       1:2           Time        Value Moves Dep 1:2       1-2-Draws
   8 W 2    1.0:0.0        0.0:8.0       1:06:31 PM   +29.40    27 3.048 :3.190  0-8-0

--------------------------------------------------------------

Engine-Match Tuesday, September 9, 2025 1:06:32 PM
 Blitz 2/1 

Pairing 10/45 :    V7P3R_v10.4  -  V7P3R_v10.5

PGN-File: C:\Program Files (x86)\Arena\Tournaments\Engine Regression Battle 20250909.pgn

No:  B/W 1/2     W:B       1:2           Time        Value Moves Dep 1:2       1-2-Draws
   8 B 1    2.0:1.0        5.0:3.0       1:08:56 PM  -289.97    22 3.357 :4.154  4-2-2

--------------------------------------------------------------

Engine-Match Tuesday, September 9, 2025 1:08:57 PM
 Blitz 2/1 

Pairing 11/45 :    V7P3R_v10.0  -  V7P3R_v7.0

PGN-File: C:\Program Files (x86)\Arena\Tournaments\Engine Regression Battle 20250909.pgn

No:  B/W 1/2     W:B       1:2           Time        Value Moves Dep 1:2       1-2-Draws
   8 B 1    1.0:0.0        8.0:0.0       1:12:07 PM  -310.00    17 4.938 :5.059  8-0-0

--------------------------------------------------------------

Engine-Match Tuesday, September 9, 2025 1:12:08 PM
 Blitz 2/1 

Pairing 12/45 :    V7P3R_v6.0  -  V7P3R_v8.0

PGN-File: C:\Program Files (x86)\Arena\Tournaments\Engine Regression Battle 20250909.pgn

No:  B/W 1/2     W:B       1:2           Time        Value Moves Dep 1:2       1-2-Draws
   8 W 2    1.0:0.0        0.0:8.0       1:12:55 PM    +M500     6 3.000 :5.333  0-8-0

--------------------------------------------------------------

Engine-Match Tuesday, September 9, 2025 1:12:57 PM
 Blitz 2/1 

Pairing 13/45 :    V7P3R_v9.0  -  V7P3R_v5.1

PGN-File: C:\Program Files (x86)\Arena\Tournaments\Engine Regression Battle 20250909.pgn

No:  B/W 1/2     W:B       1:2           Time        Value Moves Dep 1:2       1-2-Draws
   8 B 1    2.0:1.0        5.0:3.0       1:14:47 PM   -22.09    20 5.789 :3.050  4-2-2

--------------------------------------------------------------

Engine-Match Tuesday, September 9, 2025 1:14:48 PM
 Blitz 2/1 

Pairing 14/45 :    V7P3R_v10.5  -  V7P3R_v10.2

PGN-File: C:\Program Files (x86)\Arena\Tournaments\Engine Regression Battle 20250909.pgn

No:  B/W 1/2     W:B       1:2           Time        Value Moves Dep 1:2       1-2-Draws
   8 = =    2.5:2.5        4.5:3.5       1:17:54 PM    +6.50    41 4.364 :4.792  2-1-5

--------------------------------------------------------------

Engine-Match Tuesday, September 9, 2025 1:17:55 PM
 Blitz 2/1 

Pairing 15/45 :    V7P3R_v10.3  -  V7P3R_v10.4

PGN-File: C:\Program Files (x86)\Arena\Tournaments\Engine Regression Battle 20250909.pgn

No:  B/W 1/2     W:B       1:2           Time        Value Moves Dep 1:2       1-2-Draws
   8 W 2    1.0:0.0        1.0:7.0       1:21:51 PM   +10.46    45 2.781 :3.321  1-7-0

--------------------------------------------------------------

Engine-Match Tuesday, September 9, 2025 1:21:52 PM
 Blitz 2/1 

Pairing 16/45 :    V7P3R_v6.0  -  V7P3R_v10.0

PGN-File: C:\Program Files (x86)\Arena\Tournaments\Engine Regression Battle 20250909.pgn

No:  B/W 1/2     W:B       1:2           Time        Value Moves Dep 1:2       1-2-Draws
   8 W 2    1.0:0.0        0.0:8.0       1:23:34 PM    +M500    11 3.000 :5.091  0-8-0

--------------------------------------------------------------

Engine-Match Tuesday, September 9, 2025 1:23:35 PM
 Blitz 2/1 

Pairing 17/45 :    V7P3R_v5.1  -  V7P3R_v7.0

PGN-File: C:\Program Files (x86)\Arena\Tournaments\Engine Regression Battle 20250909.pgn

No:  B/W 1/2     W:B       1:2           Time        Value Moves Dep 1:2       1-2-Draws
   8 W 2    1.0:0.0        0.0:8.0       1:25:26 PM   +18.70     8 3.125 :5.750  0-8-0

--------------------------------------------------------------

Engine-Match Tuesday, September 9, 2025 1:25:28 PM
 Blitz 2/1 

Pairing 18/45 :    V7P3R_v8.0  -  V7P3R_v10.5

PGN-File: C:\Program Files (x86)\Arena\Tournaments\Engine Regression Battle 20250909.pgn

No:  B/W 1/2     W:B       1:2           Time        Value Moves Dep 1:2       1-2-Draws
   8 W 2    1.0:0.0        0.0:8.0       1:27:00 PM    +M500    18 5.333 :4.214  0-8-0

--------------------------------------------------------------

Engine-Match Tuesday, September 9, 2025 1:27:01 PM
 Blitz 2/1 

Pairing 19/45 :    V7P3R_v10.4  -  V7P3R_v9.0

PGN-File: C:\Program Files (x86)\Arena\Tournaments\Engine Regression Battle 20250909.pgn

No:  B/W 1/2     W:B       1:2           Time        Value Moves Dep 1:2       1-2-Draws
   8 B 1    1.0:0.0        8.0:0.0       1:28:27 PM    -M500    12 3.300 :5.833  8-0-0

--------------------------------------------------------------

Engine-Match Tuesday, September 9, 2025 1:28:28 PM
 Blitz 2/1 

Pairing 20/45 :    V7P3R_v10.2  -  V7P3R_v10.3

PGN-File: C:\Program Files (x86)\Arena\Tournaments\Engine Regression Battle 20250909.pgn

No:  B/W 1/2     W:B       1:2           Time        Value Moves Dep 1:2       1-2-Draws
   8 B 1    1.0:0.0        8.0:0.0       1:32:11 PM   -19.43    36 4.750 :2.778  8-0-0

--------------------------------------------------------------

Engine-Match Tuesday, September 9, 2025 1:32:12 PM
 Blitz 2/1 

Pairing 21/45 :    V7P3R_v10.0  -  V7P3R_v5.1

PGN-File: C:\Program Files (x86)\Arena\Tournaments\Engine Regression Battle 20250909.pgn

No:  B/W 1/2     W:B       1:2           Time        Value Moves Dep 1:2       1-2-Draws
   8 B 1    1.0:0.0        8.0:0.0       1:35:01 PM   -13.64    26 4.400 :2.731  8-0-0

--------------------------------------------------------------

Engine-Match Tuesday, September 9, 2025 1:35:02 PM
 Blitz 2/1 

Pairing 22/45 :    V7P3R_v10.5  -  V7P3R_v6.0

PGN-File: C:\Program Files (x86)\Arena\Tournaments\Engine Regression Battle 20250909.pgn

No:  B/W 1/2     W:B       1:2           Time        Value Moves Dep 1:2       1-2-Draws
   8 B 1    1.0:0.0        8.0:0.0       1:36:12 PM   -39.57    11 4.714 :3.000  8-0-0

--------------------------------------------------------------

Engine-Match Tuesday, September 9, 2025 1:36:13 PM
 Blitz 2/1 

Pairing 23/45 :    V7P3R_v7.0  -  V7P3R_v10.4

PGN-File: C:\Program Files (x86)\Arena\Tournaments\Engine Regression Battle 20250909.pgn

No:  B/W 1/2     W:B       1:2           Time        Value Moves Dep 1:2       1-2-Draws
   8 W 2    1.0:0.0        2.0:6.0       1:40:26 PM  +205.00    24 5.292 :3.045  2-6-0

--------------------------------------------------------------

Engine-Match Tuesday, September 9, 2025 1:40:27 PM
 Blitz 2/1 

Pairing 24/45 :    V7P3R_v10.3  -  V7P3R_v8.0

PGN-File: C:\Program Files (x86)\Arena\Tournaments\Engine Regression Battle 20250909.pgn

No:  B/W 1/2     W:B       1:2           Time        Value Moves Dep 1:2       1-2-Draws
   8 B 1    1.0:0.0        8.0:0.0       1:41:29 PM   -90.00     6 3.000 :5.167  8-0-0

--------------------------------------------------------------

Engine-Match Tuesday, September 9, 2025 1:41:31 PM
 Blitz 2/1 

Pairing 25/45 :    V7P3R_v9.0  -  V7P3R_v10.2

PGN-File: C:\Program Files (x86)\Arena\Tournaments\Engine Regression Battle 20250909.pgn

No:  B/W 1/2     W:B       1:2           Time        Value Moves Dep 1:2       1-2-Draws
   8 W 2    1.0:0.0        0.0:8.0       1:42:58 PM    +M500     9 5.778 :4.556  0-8-0

--------------------------------------------------------------

Engine-Match Tuesday, September 9, 2025 1:43:04 PM
 Blitz 2/1 

Pairing 26/45 :    V7P3R_v10.5  -  V7P3R_v10.0

PGN-File: C:\Program Files (x86)\Arena\Tournaments\Engine Regression Battle 20250909.pgn

No:  B/W 1/2     W:B       1:2           Time        Value Moves Dep 1:2       1-2-Draws
   8 = =    3.0:3.0        4.0:4.0       1:46:20 PM     0.00    37 4.133 :4.357  1-1-6

--------------------------------------------------------------

Engine-Match Tuesday, September 9, 2025 1:46:22 PM
 Blitz 2/1 

Pairing 27/45 :    V7P3R_v10.4  -  V7P3R_v5.1

PGN-File: C:\Program Files (x86)\Arena\Tournaments\Engine Regression Battle 20250909.pgn

No:  B/W 1/2     W:B       1:2           Time        Value Moves Dep 1:2       1-2-Draws
   8 B 1    1.0:0.0        8.0:0.0       1:47:49 PM   -56.75    12 3.667 :3.083  8-0-0

--------------------------------------------------------------

Engine-Match Tuesday, September 9, 2025 1:47:50 PM
 Blitz 2/1 

Pairing 28/45 :    V7P3R_v6.0  -  V7P3R_v10.3

PGN-File: C:\Program Files (x86)\Arena\Tournaments\Engine Regression Battle 20250909.pgn

No:  B/W 1/2     W:B       1:2           Time        Value Moves Dep 1:2       1-2-Draws
   8 W 2    1.0:0.0        0.0:8.0       1:48:26 PM  +289.97     5 3.000 :3.200  0-8-0

--------------------------------------------------------------

Engine-Match Tuesday, September 9, 2025 1:48:27 PM
 Blitz 2/1 

Pairing 29/45 :    V7P3R_v10.2  -  V7P3R_v7.0

PGN-File: C:\Program Files (x86)\Arena\Tournaments\Engine Regression Battle 20250909.pgn

No:  B/W 1/2     W:B       1:2           Time        Value Moves Dep 1:2       1-2-Draws
   8 B 1    1.0:0.0        8.0:0.0       1:52:10 PM  -282.00    25 4.588 :5.143  8-0-0

--------------------------------------------------------------

Engine-Match Tuesday, September 9, 2025 1:52:11 PM
 Blitz 2/1 

Pairing 30/45 :    V7P3R_v8.0  -  V7P3R_v9.0

PGN-File: C:\Program Files (x86)\Arena\Tournaments\Engine Regression Battle 20250909.pgn

No:  B/W 1/2     W:B       1:2           Time        Value Moves Dep 1:2       1-2-Draws
   8 W 2    1.5:0.5        0.5:7.5       1:52:39 PM   +90.00     5 5.400 :5.800  0-7-1

--------------------------------------------------------------

Engine-Match Tuesday, September 9, 2025 1:52:40 PM
 Blitz 2/1 

Pairing 31/45 :    V7P3R_v10.0  -  V7P3R_v10.4

PGN-File: C:\Program Files (x86)\Arena\Tournaments\Engine Regression Battle 20250909.pgn

No:  B/W 1/2     W:B       1:2           Time        Value Moves Dep 1:2       1-2-Draws
   8 = =    1.5:1.5        3.5:4.5       1:56:55 PM     0.00    56 4.333 :3.214  2-3-3

--------------------------------------------------------------

Engine-Match Tuesday, September 9, 2025 1:56:56 PM
 Blitz 2/1 

Pairing 32/45 :    V7P3R_v10.3  -  V7P3R_v10.5

PGN-File: C:\Program Files (x86)\Arena\Tournaments\Engine Regression Battle 20250909.pgn

No:  B/W 1/2     W:B       1:2           Time        Value Moves Dep 1:2       1-2-Draws
   8 = =    0.5:0.5        2.5:5.5       2:01:33 PM    +6.40    54 2.857 :4.200  2-5-1

--------------------------------------------------------------

Engine-Match Tuesday, September 9, 2025 2:01:34 PM
 Blitz 2/1 

Pairing 33/45 :    V7P3R_v5.1  -  V7P3R_v10.2

PGN-File: C:\Program Files (x86)\Arena\Tournaments\Engine Regression Battle 20250909.pgn

No:  B/W 1/2     W:B       1:2           Time        Value Moves Dep 1:2       1-2-Draws
   8 W 2    1.0:0.0        0.0:8.0       2:02:47 PM   +24.29     9 3.222 :4.714  0-8-0

--------------------------------------------------------------

Engine-Match Tuesday, September 9, 2025 2:02:48 PM
 Blitz 2/1 

Pairing 34/45 :    V7P3R_v9.0  -  V7P3R_v6.0

PGN-File: C:\Program Files (x86)\Arena\Tournaments\Engine Regression Battle 20250909.pgn

No:  B/W 1/2     W:B       1:2           Time        Value Moves Dep 1:2       1-2-Draws
   8 B 1    1.0:0.0        8.0:0.0       2:04:07 PM   -25.20    12 5.818 :3.000  8-0-0

--------------------------------------------------------------

Engine-Match Tuesday, September 9, 2025 2:04:08 PM
 Blitz 2/1 

Pairing 35/45 :    V7P3R_v7.0  -  V7P3R_v8.0

PGN-File: C:\Program Files (x86)\Arena\Tournaments\Engine Regression Battle 20250909.pgn

No:  B/W 1/2     W:B       1:2           Time        Value Moves Dep 1:2       1-2-Draws
   8 W 2    1.0:0.0        6.0:2.0       2:05:20 PM  +108.00     5 6.000 :5.400  6-2-0

--------------------------------------------------------------

Engine-Match Tuesday, September 9, 2025 2:05:22 PM
 Blitz 2/1 

Pairing 36/45 :    V7P3R_v10.3  -  V7P3R_v10.0

PGN-File: C:\Program Files (x86)\Arena\Tournaments\Engine Regression Battle 20250909.pgn

No:  B/W 1/2     W:B       1:2           Time        Value Moves Dep 1:2       1-2-Draws
   8 = =    1.0:1.0        1.0:7.0       2:10:31 PM    +8.17    61 2.413 :3.913  0-6-2

--------------------------------------------------------------

Engine-Match Tuesday, September 9, 2025 2:10:33 PM
 Blitz 2/1 

Pairing 37/45 :    V7P3R_v10.2  -  V7P3R_v10.4

PGN-File: C:\Program Files (x86)\Arena\Tournaments\Engine Regression Battle 20250909.pgn

No:  B/W 1/2     W:B       1:2           Time        Value Moves Dep 1:2       1-2-Draws
   8 = =    2.0:2.0        3.0:5.0       2:14:33 PM     0.00    57 4.733 :3.421  1-3-4

--------------------------------------------------------------

Engine-Match Tuesday, September 9, 2025 2:14:35 PM
 Blitz 2/1 

Pairing 38/45 :    V7P3R_v10.5  -  V7P3R_v9.0

PGN-File: C:\Program Files (x86)\Arena\Tournaments\Engine Regression Battle 20250909.pgn

No:  B/W 1/2     W:B       1:2           Time        Value Moves Dep 1:2       1-2-Draws
   8 B 1    1.0:0.0        8.0:0.0       2:15:36 PM  -285.00     9 4.429 :5.889  8-0-0

--------------------------------------------------------------

Engine-Match Tuesday, September 9, 2025 2:15:37 PM
 Blitz 2/1 

Pairing 39/45 :    V7P3R_v8.0  -  V7P3R_v5.1

PGN-File: C:\Program Files (x86)\Arena\Tournaments\Engine Regression Battle 20250909.pgn

No:  B/W 1/2     W:B       1:2           Time        Value Moves Dep 1:2       1-2-Draws
   8 W 2    1.0:0.0        4.0:4.0       2:16:14 PM    +M500     5 5.000 :3.200  4-4-0

--------------------------------------------------------------

Engine-Match Tuesday, September 9, 2025 2:16:15 PM
 Blitz 2/1 

Pairing 40/45 :    V7P3R_v6.0  -  V7P3R_v7.0

PGN-File: C:\Program Files (x86)\Arena\Tournaments\Engine Regression Battle 20250909.pgn

No:  B/W 1/2     W:B       1:2           Time        Value Moves Dep 1:2       1-2-Draws
   8 W 2    1.0:0.0        0.0:8.0       2:18:53 PM   +15.00    13 3.000 :5.769  0-8-0

--------------------------------------------------------------

Engine-Match Tuesday, September 9, 2025 2:18:54 PM
 Blitz 2/1 

Pairing 41/45 :    V7P3R_v10.0  -  V7P3R_v10.2

PGN-File: C:\Program Files (x86)\Arena\Tournaments\Engine Regression Battle 20250909.pgn

No:  B/W 1/2     W:B       1:2           Time        Value Moves Dep 1:2       1-2-Draws
   8 = =    1.5:1.5        6.5:1.5       2:21:54 PM    -0.40    32 4.750 :4.750  5-0-3

--------------------------------------------------------------

Engine-Match Tuesday, September 9, 2025 2:21:56 PM
 Blitz 2/1 

Pairing 42/45 :    V7P3R_v9.0  -  V7P3R_v10.3

PGN-File: C:\Program Files (x86)\Arena\Tournaments\Engine Regression Battle 20250909.pgn

No:  B/W 1/2     W:B       1:2           Time        Value Moves Dep 1:2       1-2-Draws
   8 W 2    1.0:0.0        0.0:8.0       2:23:05 PM  +290.00    10 5.300 :2.900  0-8-0

--------------------------------------------------------------

Engine-Match Tuesday, September 9, 2025 2:23:07 PM
 Blitz 2/1 

Pairing 43/45 :    V7P3R_v10.4  -  V7P3R_v8.0

PGN-File: C:\Program Files (x86)\Arena\Tournaments\Engine Regression Battle 20250909.pgn

No:  B/W 1/2     W:B       1:2           Time        Value Moves Dep 1:2       1-2-Draws
   8 B 1    1.0:0.0        8.0:0.0       2:24:21 PM   -90.00     9 3.286 :5.222  8-0-0

--------------------------------------------------------------

Engine-Match Tuesday, September 9, 2025 2:24:23 PM
 Blitz 2/1 

Pairing 44/45 :    V7P3R_v7.0  -  V7P3R_v10.5

PGN-File: C:\Program Files (x86)\Arena\Tournaments\Engine Regression Battle 20250909.pgn

No:  B/W 1/2     W:B       1:2           Time        Value Moves Dep 1:2       1-2-Draws
   8 W 2    1.0:0.0        0.0:8.0       2:26:55 PM   +21.00    14 5.357 :4.250  0-8-0

--------------------------------------------------------------

Engine-Match Tuesday, September 9, 2025 2:26:57 PM
 Blitz 2/1 

Pairing 45/45 :    V7P3R_v5.1  -  V7P3R_v6.0

PGN-File: C:\Program Files (x86)\Arena\Tournaments\Engine Regression Battle 20250909.pgn

No:  B/W 1/2     W:B       1:2           Time        Value Moves Dep 1:2       1-2-Draws
   8 B 1    1.0:0.0        8.0:0.0       2:28:21 PM   -27.13    11 3.300 :3.000  8-0-0

--------------------------------------------------------------

Engine-Match Tuesday, September 9, 2025 2:28:28 PM
 Blitz 2/1 

Pairing 1/45 :    V7P3R_v10.0  -  V7P3R_v9.0

PGN-File: C:\Program Files (x86)\Arena\Tournaments\Engine Regression Battle 20250909.pgn

No:  B/W 1/2     W:B       1:2           Time        Value Moves Dep 1:2       1-2-Draws
   9 W 1    1.0:0.0        9.0:0.0       2:30:10 PM    +M115    12 4.750 :5.917  9-0-0

--------------------------------------------------------------

Engine-Match Tuesday, September 9, 2025 2:30:12 PM
 Blitz 2/1 

Pairing 2/45 :    V7P3R_v8.0  -  V7P3R_v10.2

PGN-File: C:\Program Files (x86)\Arena\Tournaments\Engine Regression Battle 20250909.pgn

No:  B/W 1/2     W:B       1:2           Time        Value Moves Dep 1:2       1-2-Draws
   9 B 2    1.0:0.0        0.0:9.0       2:31:29 PM  -130.00    11 5.182 :4.750  0-9-0

--------------------------------------------------------------

Engine-Match Tuesday, September 9, 2025 2:31:31 PM
 Blitz 2/1 

Pairing 3/45 :    V7P3R_v10.3  -  V7P3R_v7.0

PGN-File: C:\Program Files (x86)\Arena\Tournaments\Engine Regression Battle 20250909.pgn

No:  B/W 1/2     W:B       1:2           Time        Value Moves Dep 1:2       1-2-Draws
   9 B 2    3.0:2.0        2.0:7.0       2:36:41 PM   -18.00    49 2.760 :5.167  0-5-4

--------------------------------------------------------------

Engine-Match Tuesday, September 9, 2025 2:36:42 PM
 Blitz 2/1 

Pairing 4/45 :    V7P3R_v6.0  -  V7P3R_v10.4

PGN-File: C:\Program Files (x86)\Arena\Tournaments\Engine Regression Battle 20250909.pgn

No:  B/W 1/2     W:B       1:2           Time        Value Moves Dep 1:2       1-2-Draws
   9 B 2    1.0:0.0        0.0:9.0       2:38:13 PM   -27.11    10 3.000 :4.000  0-9-0

--------------------------------------------------------------

Engine-Match Tuesday, September 9, 2025 2:38:15 PM
 Blitz 2/1 

Pairing 5/45 :    V7P3R_v10.5  -  V7P3R_v5.1

PGN-File: C:\Program Files (x86)\Arena\Tournaments\Engine Regression Battle 20250909.pgn

No:  B/W 1/2     W:B       1:2           Time        Value Moves Dep 1:2       1-2-Draws
   9 W 1    1.0:0.0        9.0:0.0       2:40:20 PM   +62.20    22 4.357 :3.182  9-0-0

--------------------------------------------------------------

Engine-Match Tuesday, September 9, 2025 2:40:22 PM
 Blitz 2/1 

Pairing 6/45 :    V7P3R_v8.0  -  V7P3R_v10.0

PGN-File: C:\Program Files (x86)\Arena\Tournaments\Engine Regression Battle 20250909.pgn

No:  B/W 1/2     W:B       1:2           Time        Value Moves Dep 1:2       1-2-Draws
   9 B 2    1.0:0.0        0.0:9.0       2:41:12 PM  -110.00     6 5.167 :5.000  0-9-0

--------------------------------------------------------------

Engine-Match Tuesday, September 9, 2025 2:41:13 PM
 Blitz 2/1 

Pairing 7/45 :    V7P3R_v7.0  -  V7P3R_v9.0

PGN-File: C:\Program Files (x86)\Arena\Tournaments\Engine Regression Battle 20250909.pgn

No:  B/W 1/2     W:B       1:2           Time        Value Moves Dep 1:2       1-2-Draws
   9 W 1    1.0:0.0        9.0:0.0       2:43:25 PM  +225.00     9 5.333 :5.778  9-0-0

--------------------------------------------------------------

Engine-Match Tuesday, September 9, 2025 2:43:26 PM
 Blitz 2/1 

Pairing 8/45 :    V7P3R_v10.2  -  V7P3R_v6.0

PGN-File: C:\Program Files (x86)\Arena\Tournaments\Engine Regression Battle 20250909.pgn

No:  B/W 1/2     W:B       1:2           Time        Value Moves Dep 1:2       1-2-Draws
   9 W 1    1.0:0.0        9.0:0.0       2:44:34 PM   +30.74     6 5.000 :3.000  9-0-0

--------------------------------------------------------------

Engine-Match Tuesday, September 9, 2025 2:44:36 PM
 Blitz 2/1 

Pairing 9/45 :    V7P3R_v5.1  -  V7P3R_v10.3

PGN-File: C:\Program Files (x86)\Arena\Tournaments\Engine Regression Battle 20250909.pgn

No:  B/W 1/2     W:B       1:2           Time        Value Moves Dep 1:2       1-2-Draws
   9 B 2    1.0:0.0        0.0:9.0       2:46:58 PM   -13.75    18 3.063 :3.067  0-9-0

--------------------------------------------------------------

Engine-Match Tuesday, September 9, 2025 2:46:59 PM
 Blitz 2/1 

Pairing 10/45 :    V7P3R_v10.4  -  V7P3R_v10.5

PGN-File: C:\Program Files (x86)\Arena\Tournaments\Engine Regression Battle 20250909.pgn

No:  B/W 1/2     W:B       1:2           Time        Value Moves Dep 1:2       1-2-Draws
   9 W 1    2.0:1.0        6.0:3.0       2:50:41 PM  +289.96    40 3.026 :3.938  5-2-2

--------------------------------------------------------------

Engine-Match Tuesday, September 9, 2025 2:50:42 PM
 Blitz 2/1 

Pairing 11/45 :    V7P3R_v10.0  -  V7P3R_v7.0

PGN-File: C:\Program Files (x86)\Arena\Tournaments\Engine Regression Battle 20250909.pgn

No:  B/W 1/2     W:B       1:2           Time        Value Moves Dep 1:2       1-2-Draws
   9 W 1    1.0:0.0        9.0:0.0       2:53:25 PM   +25.00    13 4.462 :5.231  9-0-0

--------------------------------------------------------------

Engine-Match Tuesday, September 9, 2025 2:53:27 PM
 Blitz 2/1 

Pairing 12/45 :    V7P3R_v6.0  -  V7P3R_v8.0

PGN-File: C:\Program Files (x86)\Arena\Tournaments\Engine Regression Battle 20250909.pgn

No:  B/W 1/2     W:B       1:2           Time        Value Moves Dep 1:2       1-2-Draws
   9 B 2    1.0:0.0        0.0:9.0       2:54:25 PM      -M1     8 3.000 :5.375  0-9-0

--------------------------------------------------------------

Engine-Match Tuesday, September 9, 2025 2:54:26 PM
 Blitz 2/1 

Pairing 13/45 :    V7P3R_v9.0  -  V7P3R_v5.1

PGN-File: C:\Program Files (x86)\Arena\Tournaments\Engine Regression Battle 20250909.pgn

No:  B/W 1/2     W:B       1:2           Time        Value Moves Dep 1:2       1-2-Draws
   9 B 2    2.0:1.0        5.0:4.0       2:55:38 PM  -275.00    12 5.667 :3.182  4-3-2

--------------------------------------------------------------

Engine-Match Tuesday, September 9, 2025 2:55:40 PM
 Blitz 2/1 

Pairing 14/45 :    V7P3R_v10.5  -  V7P3R_v10.2

PGN-File: C:\Program Files (x86)\Arena\Tournaments\Engine Regression Battle 20250909.pgn

No:  B/W 1/2     W:B       1:2           Time        Value Moves Dep 1:2       1-2-Draws
   9 = =    3.0:3.0        5.0:4.0       2:57:52 PM     0.00    22 4.462 :5.000  2-1-6

--------------------------------------------------------------

Engine-Match Tuesday, September 9, 2025 2:57:54 PM
 Blitz 2/1 

Pairing 15/45 :    V7P3R_v10.3  -  V7P3R_v10.4

PGN-File: C:\Program Files (x86)\Arena\Tournaments\Engine Regression Battle 20250909.pgn

No:  B/W 1/2     W:B       1:2           Time        Value Moves Dep 1:2       1-2-Draws
   9 B 2    1.0:0.0        1.0:8.0       3:03:04 PM     0.00    76 2.320 :3.000  1-8-0

--------------------------------------------------------------

Engine-Match Tuesday, September 9, 2025 3:03:05 PM
 Blitz 2/1 

Pairing 16/45 :    V7P3R_v6.0  -  V7P3R_v10.0

PGN-File: C:\Program Files (x86)\Arena\Tournaments\Engine Regression Battle 20250909.pgn

No:  B/W 1/2     W:B       1:2           Time        Value Moves Dep 1:2       1-2-Draws
   9 B 2    1.0:0.0        0.0:9.0       3:04:25 PM   -24.83     9 3.000 :5.125  0-9-0

--------------------------------------------------------------

Engine-Match Tuesday, September 9, 2025 3:04:27 PM
 Blitz 2/1 

Pairing 17/45 :    V7P3R_v5.1  -  V7P3R_v7.0

PGN-File: C:\Program Files (x86)\Arena\Tournaments\Engine Regression Battle 20250909.pgn

No:  B/W 1/2     W:B       1:2           Time        Value Moves Dep 1:2       1-2-Draws
   9 B 2    1.0:0.0        0.0:9.0       3:07:06 PM   -28.14    15 3.067 :5.500  0-9-0

--------------------------------------------------------------

Engine-Match Tuesday, September 9, 2025 3:07:07 PM
 Blitz 2/1 

Pairing 18/45 :    V7P3R_v8.0  -  V7P3R_v10.5

PGN-File: C:\Program Files (x86)\Arena\Tournaments\Engine Regression Battle 20250909.pgn

No:  B/W 1/2     W:B       1:2           Time        Value Moves Dep 1:2       1-2-Draws
   9 B 2    1.0:0.0        0.0:9.0       3:08:05 PM  -220.00     8 5.375 :4.571  0-9-0

--------------------------------------------------------------

Engine-Match Tuesday, September 9, 2025 3:08:06 PM
 Blitz 2/1 

Pairing 19/45 :    V7P3R_v10.4  -  V7P3R_v9.0

PGN-File: C:\Program Files (x86)\Arena\Tournaments\Engine Regression Battle 20250909.pgn

No:  B/W 1/2     W:B       1:2           Time        Value Moves Dep 1:2       1-2-Draws
   9 W 1    1.0:0.0        9.0:0.0       3:09:51 PM    +M500    17 3.250 :5.471  9-0-0

--------------------------------------------------------------

Engine-Match Tuesday, September 9, 2025 3:09:52 PM
 Blitz 2/1 

Pairing 20/45 :    V7P3R_v10.2  -  V7P3R_v10.3

PGN-File: C:\Program Files (x86)\Arena\Tournaments\Engine Regression Battle 20250909.pgn

No:  B/W 1/2     W:B       1:2           Time        Value Moves Dep 1:2       1-2-Draws
   9 W 1    1.0:0.0        9.0:0.0       3:13:24 PM   +11.80    33 4.450 :2.857  9-0-0

--------------------------------------------------------------

Engine-Match Tuesday, September 9, 2025 3:13:31 PM
 Blitz 2/1 

Pairing 21/45 :    V7P3R_v10.0  -  V7P3R_v5.1

PGN-File: C:\Program Files (x86)\Arena\Tournaments\Engine Regression Battle 20250909.pgn

No:  B/W 1/2     W:B       1:2           Time        Value Moves Dep 1:2       1-2-Draws
   9 W 1    1.0:0.0        9.0:0.0       3:14:28 PM   +36.69     5 5.200 :3.400  9-0-0

--------------------------------------------------------------

Engine-Match Tuesday, September 9, 2025 3:14:29 PM
 Blitz 2/1 

Pairing 22/45 :    V7P3R_v10.5  -  V7P3R_v6.0

PGN-File: C:\Program Files (x86)\Arena\Tournaments\Engine Regression Battle 20250909.pgn

No:  B/W 1/2     W:B       1:2           Time        Value Moves Dep 1:2       1-2-Draws
   9 W 1    1.0:0.0        9.0:0.0       3:15:26 PM   +42.38    10 4.250 :3.000  9-0-0

--------------------------------------------------------------

Engine-Match Tuesday, September 9, 2025 3:15:28 PM
 Blitz 2/1 

Pairing 23/45 :    V7P3R_v7.0  -  V7P3R_v10.4

PGN-File: C:\Program Files (x86)\Arena\Tournaments\Engine Regression Battle 20250909.pgn

No:  B/W 1/2     W:B       1:2           Time        Value Moves Dep 1:2       1-2-Draws
   9 B 2    1.0:0.0        2.0:7.0       3:22:11 PM  -138.00   103 4.931 :3.400  2-7-0

--------------------------------------------------------------

Engine-Match Tuesday, September 9, 2025 3:22:13 PM
 Blitz 2/1 

Pairing 24/45 :    V7P3R_v10.3  -  V7P3R_v8.0

PGN-File: C:\Program Files (x86)\Arena\Tournaments\Engine Regression Battle 20250909.pgn

No:  B/W 1/2     W:B       1:2           Time        Value Moves Dep 1:2       1-2-Draws
   9 W 1    1.0:0.0        9.0:0.0       3:23:06 PM  +190.00     5 3.200 :5.400  9-0-0

--------------------------------------------------------------

Engine-Match Tuesday, September 9, 2025 3:23:07 PM
 Blitz 2/1 

Pairing 25/45 :    V7P3R_v9.0  -  V7P3R_v10.2

PGN-File: C:\Program Files (x86)\Arena\Tournaments\Engine Regression Battle 20250909.pgn

No:  B/W 1/2     W:B       1:2           Time        Value Moves Dep 1:2       1-2-Draws
   9 B 2    1.0:0.0        0.0:9.0       3:24:04 PM  -305.00     7 5.857 :4.833  0-9-0

--------------------------------------------------------------

Engine-Match Tuesday, September 9, 2025 3:24:05 PM
 Blitz 2/1 

Pairing 26/45 :    V7P3R_v10.5  -  V7P3R_v10.0

PGN-File: C:\Program Files (x86)\Arena\Tournaments\Engine Regression Battle 20250909.pgn

No:  B/W 1/2     W:B       1:2           Time        Value Moves Dep 1:2       1-2-Draws
   9 W 1    4.0:3.0        5.0:4.0       3:26:26 PM  +289.98    24 4.357 :4.826  2-1-6

--------------------------------------------------------------

Engine-Match Tuesday, September 9, 2025 3:26:27 PM
 Blitz 2/1 

Pairing 27/45 :    V7P3R_v10.4  -  V7P3R_v5.1

PGN-File: C:\Program Files (x86)\Arena\Tournaments\Engine Regression Battle 20250909.pgn

No:  B/W 1/2     W:B       1:2           Time        Value Moves Dep 1:2       1-2-Draws
   9 W 1    1.0:0.0        9.0:0.0       3:27:50 PM   +56.49     8 3.500 :3.125  9-0-0

--------------------------------------------------------------

Engine-Match Tuesday, September 9, 2025 3:27:52 PM
 Blitz 2/1 

Pairing 28/45 :    V7P3R_v6.0  -  V7P3R_v10.3

PGN-File: C:\Program Files (x86)\Arena\Tournaments\Engine Regression Battle 20250909.pgn

No:  B/W 1/2     W:B       1:2           Time        Value Moves Dep 1:2       1-2-Draws
   9 B 2    1.0:0.0        0.0:9.0       3:28:47 PM    -M500     7 3.000 :3.000  0-9-0

--------------------------------------------------------------

Engine-Match Tuesday, September 9, 2025 3:28:49 PM
 Blitz 2/1 

Pairing 29/45 :    V7P3R_v10.2  -  V7P3R_v7.0

PGN-File: C:\Program Files (x86)\Arena\Tournaments\Engine Regression Battle 20250909.pgn

No:  B/W 1/2     W:B       1:2           Time        Value Moves Dep 1:2       1-2-Draws
   9 W 1    1.0:0.0        9.0:0.0       3:32:16 PM  +295.00    18 4.500 :5.111  9-0-0

--------------------------------------------------------------

Engine-Match Tuesday, September 9, 2025 3:32:17 PM
 Blitz 2/1 

Pairing 30/45 :    V7P3R_v8.0  -  V7P3R_v9.0

PGN-File: C:\Program Files (x86)\Arena\Tournaments\Engine Regression Battle 20250909.pgn

No:  B/W 1/2     W:B       1:2           Time        Value Moves Dep 1:2       1-2-Draws
   9 B 2    1.5:0.5        0.5:8.5       3:33:11 PM  -220.00    11 5.182 :5.800  0-8-1

--------------------------------------------------------------

Engine-Match Tuesday, September 9, 2025 3:33:12 PM
 Blitz 2/1 

Pairing 31/45 :    V7P3R_v10.0  -  V7P3R_v10.4

PGN-File: C:\Program Files (x86)\Arena\Tournaments\Engine Regression Battle 20250909.pgn

No:  B/W 1/2     W:B       1:2           Time        Value Moves Dep 1:2       1-2-Draws
   9 = =    2.0:2.0        4.0:5.0       3:38:56 PM    +6.46    90 4.478 :3.200  2-3-4

--------------------------------------------------------------

Engine-Match Tuesday, September 9, 2025 3:38:58 PM
 Blitz 2/1 

Pairing 32/45 :    V7P3R_v10.3  -  V7P3R_v10.5

PGN-File: C:\Program Files (x86)\Arena\Tournaments\Engine Regression Battle 20250909.pgn

No:  B/W 1/2     W:B       1:2           Time        Value Moves Dep 1:2       1-2-Draws
   9 = =    1.0:1.0        3.0:6.0       3:43:45 PM    -8.20    48 2.723 :4.000  2-5-2

--------------------------------------------------------------

Engine-Match Tuesday, September 9, 2025 3:43:46 PM
 Blitz 2/1 

Pairing 33/45 :    V7P3R_v5.1  -  V7P3R_v10.2

PGN-File: C:\Program Files (x86)\Arena\Tournaments\Engine Regression Battle 20250909.pgn

No:  B/W 1/2     W:B       1:2           Time        Value Moves Dep 1:2       1-2-Draws
   9 B 2    1.0:0.0        0.0:9.0       3:44:54 PM   -14.14     8 3.125 :4.500  0-9-0

--------------------------------------------------------------

Engine-Match Tuesday, September 9, 2025 3:44:55 PM
 Blitz 2/1 

Pairing 34/45 :    V7P3R_v9.0  -  V7P3R_v6.0

PGN-File: C:\Program Files (x86)\Arena\Tournaments\Engine Regression Battle 20250909.pgn

No:  B/W 1/2     W:B       1:2           Time        Value Moves Dep 1:2       1-2-Draws
   9 W 1    1.0:0.0        9.0:0.0       3:45:59 PM   +43.74    10 5.800 :3.000  9-0-0

--------------------------------------------------------------

Engine-Match Tuesday, September 9, 2025 3:46:00 PM
 Blitz 2/1 

Pairing 35/45 :    V7P3R_v7.0  -  V7P3R_v8.0

PGN-File: C:\Program Files (x86)\Arena\Tournaments\Engine Regression Battle 20250909.pgn

No:  B/W 1/2     W:B       1:2           Time        Value Moves Dep 1:2       1-2-Draws
   9 W 1    1.0:0.0        7.0:2.0       3:47:20 PM    +M500     5 5.800 :5.000  7-2-0

--------------------------------------------------------------

Engine-Match Tuesday, September 9, 2025 3:47:21 PM
 Blitz 2/1 

Pairing 36/45 :    V7P3R_v10.3  -  V7P3R_v10.0

PGN-File: C:\Program Files (x86)\Arena\Tournaments\Engine Regression Battle 20250909.pgn

No:  B/W 1/2     W:B       1:2           Time        Value Moves Dep 1:2       1-2-Draws
   9 B 2    2.0:1.0        1.0:8.0       3:50:22 PM   -13.72    25 2.800 :4.417  0-7-2

--------------------------------------------------------------

Engine-Match Tuesday, September 9, 2025 3:50:23 PM
 Blitz 2/1 

Pairing 37/45 :    V7P3R_v10.2  -  V7P3R_v10.4

PGN-File: C:\Program Files (x86)\Arena\Tournaments\Engine Regression Battle 20250909.pgn

No:  B/W 1/2     W:B       1:2           Time        Value Moves Dep 1:2       1-2-Draws
   9 B 2    3.0:2.0        3.0:6.0       3:54:14 PM    -9.80    44 4.500 :3.273  1-4-4

--------------------------------------------------------------

Engine-Match Tuesday, September 9, 2025 3:54:15 PM
 Blitz 2/1 

Pairing 38/45 :    V7P3R_v10.5  -  V7P3R_v9.0

PGN-File: C:\Program Files (x86)\Arena\Tournaments\Engine Regression Battle 20250909.pgn

No:  B/W 1/2     W:B       1:2           Time        Value Moves Dep 1:2       1-2-Draws
   9 W 1    1.0:0.0        9.0:0.0       3:55:47 PM  +289.98    18 4.357 :5.647  9-0-0

--------------------------------------------------------------

Engine-Match Tuesday, September 9, 2025 3:55:48 PM
 Blitz 2/1 

Pairing 39/45 :    V7P3R_v8.0  -  V7P3R_v5.1

PGN-File: C:\Program Files (x86)\Arena\Tournaments\Engine Regression Battle 20250909.pgn

No:  B/W 1/2     W:B       1:2           Time        Value Moves Dep 1:2       1-2-Draws
   9 W 1    1.0:0.0        5.0:4.0       3:57:40 PM   +64.19    18 5.222 :3.056  5-4-0

--------------------------------------------------------------

Engine-Match Tuesday, September 9, 2025 3:57:41 PM
 Blitz 2/1 

Pairing 40/45 :    V7P3R_v6.0  -  V7P3R_v7.0

PGN-File: C:\Program Files (x86)\Arena\Tournaments\Engine Regression Battle 20250909.pgn

No:  B/W 1/2     W:B       1:2           Time        Value Moves Dep 1:2       1-2-Draws
   9 B 2    1.0:0.0        0.0:9.0       4:00:00 PM   -24.83     9 3.000 :6.000  0-9-0

--------------------------------------------------------------

Engine-Match Tuesday, September 9, 2025 4:00:07 PM
 Blitz 2/1 

Pairing 41/45 :    V7P3R_v10.0  -  V7P3R_v10.2

PGN-File: C:\Program Files (x86)\Arena\Tournaments\Engine Regression Battle 20250909.pgn

No:  B/W 1/2     W:B       1:2           Time        Value Moves Dep 1:2       1-2-Draws
   9 W 1    2.5:1.5        7.5:1.5       4:03:39 PM  +289.99    56 4.630 :4.833  6-0-3

--------------------------------------------------------------

Engine-Match Tuesday, September 9, 2025 4:03:41 PM
 Blitz 2/1 

Pairing 42/45 :    V7P3R_v9.0  -  V7P3R_v10.3

PGN-File: C:\Program Files (x86)\Arena\Tournaments\Engine Regression Battle 20250909.pgn

No:  B/W 1/2     W:B       1:2           Time        Value Moves Dep 1:2       1-2-Draws
   9 B 2    1.0:0.0        0.0:9.0       4:05:53 PM    -M500    19 5.421 :2.667  0-9-0

--------------------------------------------------------------

Engine-Match Tuesday, September 9, 2025 4:05:54 PM
 Blitz 2/1 

Pairing 43/45 :    V7P3R_v10.4  -  V7P3R_v8.0

PGN-File: C:\Program Files (x86)\Arena\Tournaments\Engine Regression Battle 20250909.pgn

No:  B/W 1/2     W:B       1:2           Time        Value Moves Dep 1:2       1-2-Draws
   9 W 1    1.0:0.0        9.0:0.0       4:06:50 PM  +195.00     7 3.500 :5.429  9-0-0

--------------------------------------------------------------

Engine-Match Tuesday, September 9, 2025 4:06:52 PM
 Blitz 2/1 

Pairing 44/45 :    V7P3R_v7.0  -  V7P3R_v10.5

PGN-File: C:\Program Files (x86)\Arena\Tournaments\Engine Regression Battle 20250909.pgn

No:  B/W 1/2     W:B       1:2           Time        Value Moves Dep 1:2       1-2-Draws
   9 B 2    1.0:0.0        0.0:9.0       4:10:36 PM   -20.00    21 4.905 :3.941  0-9-0

--------------------------------------------------------------

Engine-Match Tuesday, September 9, 2025 4:10:37 PM
 Blitz 2/1 

Pairing 45/45 :    V7P3R_v5.1  -  V7P3R_v6.0

PGN-File: C:\Program Files (x86)\Arena\Tournaments\Engine Regression Battle 20250909.pgn

No:  B/W 1/2     W:B       1:2           Time        Value Moves Dep 1:2       1-2-Draws
   9 W 1    1.0:0.0        9.0:0.0       4:11:53 PM   +32.38     9 3.111 :3.000  9-0-0

--------------------------------------------------------------

Engine-Match Tuesday, September 9, 2025 4:11:55 PM
 Blitz 2/1 

Pairing 1/45 :    V7P3R_v10.0  -  V7P3R_v9.0

PGN-File: C:\Program Files (x86)\Arena\Tournaments\Engine Regression Battle 20250909.pgn

No:  B/W 1/2     W:B       1:2           Time        Value Moves Dep 1:2       1-2-Draws
  10 B 1    1.0:0.0        10.0:0.0      4:13:44 PM    -M500    16 4.733 :5.938  10-0-0

--------------------------------------------------------------

Engine-Match Tuesday, September 9, 2025 4:13:46 PM
 Blitz 2/1 

Pairing 2/45 :    V7P3R_v8.0  -  V7P3R_v10.2

PGN-File: C:\Program Files (x86)\Arena\Tournaments\Engine Regression Battle 20250909.pgn

No:  B/W 1/2     W:B       1:2           Time        Value Moves Dep 1:2       1-2-Draws
  10 W 2    1.0:0.0        0.0:10.0      4:14:26 PM   +55.00     5 5.200 :4.750  0-10-0

--------------------------------------------------------------

Engine-Match Tuesday, September 9, 2025 4:14:27 PM
 Blitz 2/1 

Pairing 3/45 :    V7P3R_v10.3  -  V7P3R_v7.0

PGN-File: C:\Program Files (x86)\Arena\Tournaments\Engine Regression Battle 20250909.pgn

No:  B/W 1/2     W:B       1:2           Time        Value Moves Dep 1:2       1-2-Draws
  10 W 2    3.0:2.0        2.0:8.0       4:18:36 PM   +34.13    30 2.815 :4.893  0-6-4

--------------------------------------------------------------

Engine-Match Tuesday, September 9, 2025 4:18:38 PM
 Blitz 2/1 

Pairing 4/45 :    V7P3R_v6.0  -  V7P3R_v10.4

PGN-File: C:\Program Files (x86)\Arena\Tournaments\Engine Regression Battle 20250909.pgn

No:  B/W 1/2     W:B       1:2           Time        Value Moves Dep 1:2       1-2-Draws
  10 W 2    1.0:0.0        0.0:10.0      4:19:39 PM   +12.96     6 3.000 :4.000  0-10-0

--------------------------------------------------------------

Engine-Match Tuesday, September 9, 2025 4:19:40 PM
 Blitz 2/1 

Pairing 5/45 :    V7P3R_v10.5  -  V7P3R_v5.1

PGN-File: C:\Program Files (x86)\Arena\Tournaments\Engine Regression Battle 20250909.pgn

No:  B/W 1/2     W:B       1:2           Time        Value Moves Dep 1:2       1-2-Draws
  10 B 1    1.0:0.0        10.0:0.0      4:21:58 PM   -52.84    22 4.267 :3.045  10-0-0

--------------------------------------------------------------

Engine-Match Tuesday, September 9, 2025 4:22:00 PM
 Blitz 2/1 

Pairing 6/45 :    V7P3R_v8.0  -  V7P3R_v10.0

PGN-File: C:\Program Files (x86)\Arena\Tournaments\Engine Regression Battle 20250909.pgn

No:  B/W 1/2     W:B       1:2           Time        Value Moves Dep 1:2       1-2-Draws
  10 W 2    1.0:0.0        0.0:10.0      4:24:24 PM  +110.00    18 5.222 :4.778  0-10-0

--------------------------------------------------------------

Engine-Match Tuesday, September 9, 2025 4:24:25 PM
 Blitz 2/1 

Pairing 7/45 :    V7P3R_v7.0  -  V7P3R_v9.0

PGN-File: C:\Program Files (x86)\Arena\Tournaments\Engine Regression Battle 20250909.pgn

No:  B/W 1/2     W:B       1:2           Time        Value Moves Dep 1:2       1-2-Draws
  10 B 1    1.0:0.0        10.0:0.0      4:26:22 PM  -195.00    10 5.556 :5.900  10-0-0

--------------------------------------------------------------

Engine-Match Tuesday, September 9, 2025 4:26:24 PM
 Blitz 2/1 

Pairing 8/45 :    V7P3R_v10.2  -  V7P3R_v6.0

PGN-File: C:\Program Files (x86)\Arena\Tournaments\Engine Regression Battle 20250909.pgn

No:  B/W 1/2     W:B       1:2           Time        Value Moves Dep 1:2       1-2-Draws
  10 B 1    1.0:0.0        10.0:0.0      4:27:33 PM   -17.07     9 4.625 :3.000  10-0-0

--------------------------------------------------------------

Engine-Match Tuesday, September 9, 2025 4:27:34 PM
 Blitz 2/1 

Pairing 9/45 :    V7P3R_v5.1  -  V7P3R_v10.3

PGN-File: C:\Program Files (x86)\Arena\Tournaments\Engine Regression Battle 20250909.pgn

No:  B/W 1/2     W:B       1:2           Time        Value Moves Dep 1:2       1-2-Draws
  10 W 2    1.0:0.0        0.0:10.0      4:31:00 PM   +34.04    30 3.042 :3.000  0-10-0

--------------------------------------------------------------

Engine-Match Tuesday, September 9, 2025 4:31:01 PM
 Blitz 2/1 

Pairing 10/45 :    V7P3R_v10.4  -  V7P3R_v10.5

PGN-File: C:\Program Files (x86)\Arena\Tournaments\Engine Regression Battle 20250909.pgn

No:  B/W 1/2     W:B       1:2           Time        Value Moves Dep 1:2       1-2-Draws
  10 = =    1.5:1.5        6.5:3.5       4:35:35 PM    -9.59    70 3.471 :4.357  5-2-3

--------------------------------------------------------------

Engine-Match Tuesday, September 9, 2025 4:35:37 PM
 Blitz 2/1 

Pairing 11/45 :    V7P3R_v10.0  -  V7P3R_v7.0

PGN-File: C:\Program Files (x86)\Arena\Tournaments\Engine Regression Battle 20250909.pgn

No:  B/W 1/2     W:B       1:2           Time        Value Moves Dep 1:2       1-2-Draws
  10 B 1    1.0:0.0        10.0:0.0      4:39:03 PM  -195.00    20 5.000 :5.250  10-0-0

--------------------------------------------------------------

Engine-Match Tuesday, September 9, 2025 4:39:04 PM
 Blitz 2/1 

Pairing 12/45 :    V7P3R_v6.0  -  V7P3R_v8.0

PGN-File: C:\Program Files (x86)\Arena\Tournaments\Engine Regression Battle 20250909.pgn

No:  B/W 1/2     W:B       1:2           Time        Value Moves Dep 1:2       1-2-Draws
  10 W 2    1.0:0.0        0.0:10.0      4:39:57 PM   +19.92     6 3.000 :5.833  0-10-0

--------------------------------------------------------------

Engine-Match Tuesday, September 9, 2025 4:39:59 PM
 Blitz 2/1 

Pairing 13/45 :    V7P3R_v9.0  -  V7P3R_v5.1

PGN-File: C:\Program Files (x86)\Arena\Tournaments\Engine Regression Battle 20250909.pgn

No:  B/W 1/2     W:B       1:2           Time        Value Moves Dep 1:2       1-2-Draws
  10 B 1    2.0:1.0        6.0:4.0       4:41:58 PM   -32.09    22 5.714 :3.045  5-3-2

--------------------------------------------------------------

Engine-Match Tuesday, September 9, 2025 4:42:00 PM
 Blitz 2/1 

Pairing 14/45 :    V7P3R_v10.5  -  V7P3R_v10.2

PGN-File: C:\Program Files (x86)\Arena\Tournaments\Engine Regression Battle 20250909.pgn

No:  B/W 1/2     W:B       1:2           Time        Value Moves Dep 1:2       1-2-Draws
  10 = =    3.5:3.5        5.5:4.5       4:44:43 PM     0.00    47 4.455 :4.923  2-1-7

--------------------------------------------------------------

Engine-Match Tuesday, September 9, 2025 4:44:44 PM
 Blitz 2/1 

Pairing 15/45 :    V7P3R_v10.3  -  V7P3R_v10.4

PGN-File: C:\Program Files (x86)\Arena\Tournaments\Engine Regression Battle 20250909.pgn

No:  B/W 1/2     W:B       1:2           Time        Value Moves Dep 1:2       1-2-Draws
  10 W 2    1.0:0.0        1.0:9.0       4:48:40 PM   +10.46    45 2.781 :3.321  1-9-0

--------------------------------------------------------------

Engine-Match Tuesday, September 9, 2025 4:48:47 PM
 Blitz 2/1 

Pairing 16/45 :    V7P3R_v6.0  -  V7P3R_v10.0

PGN-File: C:\Program Files (x86)\Arena\Tournaments\Engine Regression Battle 20250909.pgn

No:  B/W 1/2     W:B       1:2           Time        Value Moves Dep 1:2       1-2-Draws
  10 W 2    1.0:0.0        0.0:10.0      4:50:29 PM    +M500    11 3.000 :5.182  0-10-0

--------------------------------------------------------------

Engine-Match Tuesday, September 9, 2025 4:50:30 PM
 Blitz 2/1 

Pairing 17/45 :    V7P3R_v5.1  -  V7P3R_v7.0

PGN-File: C:\Program Files (x86)\Arena\Tournaments\Engine Regression Battle 20250909.pgn

No:  B/W 1/2     W:B       1:2           Time        Value Moves Dep 1:2       1-2-Draws
  10 W 2    1.0:0.0        0.0:10.0      4:53:38 PM    +M500    20 3.053 :5.250  0-10-0

--------------------------------------------------------------

Engine-Match Tuesday, September 9, 2025 4:53:39 PM
 Blitz 2/1 

Pairing 18/45 :    V7P3R_v8.0  -  V7P3R_v10.5

PGN-File: C:\Program Files (x86)\Arena\Tournaments\Engine Regression Battle 20250909.pgn

No:  B/W 1/2     W:B       1:2           Time        Value Moves Dep 1:2       1-2-Draws
  10 W 2    1.0:0.0        0.0:10.0      4:55:12 PM    +M500    18 5.333 :4.286  0-10-0

--------------------------------------------------------------

Engine-Match Tuesday, September 9, 2025 4:55:13 PM
 Blitz 2/1 

Pairing 19/45 :    V7P3R_v10.4  -  V7P3R_v9.0

PGN-File: C:\Program Files (x86)\Arena\Tournaments\Engine Regression Battle 20250909.pgn

No:  B/W 1/2     W:B       1:2           Time        Value Moves Dep 1:2       1-2-Draws
  10 B 1    1.0:0.0        10.0:0.0      4:56:36 PM    -M500    12 3.300 :5.833  10-0-0

--------------------------------------------------------------

Engine-Match Tuesday, September 9, 2025 4:56:38 PM
 Blitz 2/1 

Pairing 20/45 :    V7P3R_v10.2  -  V7P3R_v10.3

PGN-File: C:\Program Files (x86)\Arena\Tournaments\Engine Regression Battle 20250909.pgn

No:  B/W 1/2     W:B       1:2           Time        Value Moves Dep 1:2       1-2-Draws
  10 B 1    1.0:0.0        10.0:0.0      5:00:25 PM   -13.01    39 4.667 :2.615  10-0-0

--------------------------------------------------------------

Engine-Match Tuesday, September 9, 2025 5:00:27 PM
 Blitz 2/1 

Pairing 21/45 :    V7P3R_v10.0  -  V7P3R_v5.1

PGN-File: C:\Program Files (x86)\Arena\Tournaments\Engine Regression Battle 20250909.pgn

No:  B/W 1/2     W:B       1:2           Time        Value Moves Dep 1:2       1-2-Draws
  10 B 1    1.0:0.0        10.0:0.0      5:03:11 PM   -13.64    26 4.400 :2.731  10-0-0

--------------------------------------------------------------

Engine-Match Tuesday, September 9, 2025 5:03:12 PM
 Blitz 2/1 

Pairing 22/45 :    V7P3R_v10.5  -  V7P3R_v6.0

PGN-File: C:\Program Files (x86)\Arena\Tournaments\Engine Regression Battle 20250909.pgn

No:  B/W 1/2     W:B       1:2           Time        Value Moves Dep 1:2       1-2-Draws
  10 B 1    1.0:0.0        10.0:0.0      5:04:20 PM   -47.05    11 4.833 :3.000  10-0-0

--------------------------------------------------------------

Engine-Match Tuesday, September 9, 2025 5:04:21 PM
 Blitz 2/1 

Pairing 23/45 :    V7P3R_v7.0  -  V7P3R_v10.4

PGN-File: C:\Program Files (x86)\Arena\Tournaments\Engine Regression Battle 20250909.pgn

No:  B/W 1/2     W:B       1:2           Time        Value Moves Dep 1:2       1-2-Draws
  10 W 2    1.0:0.0        2.0:8.0       5:09:28 PM   +92.00    46 4.952 :3.051  2-8-0

--------------------------------------------------------------

Engine-Match Tuesday, September 9, 2025 5:09:30 PM
 Blitz 2/1 

Pairing 24/45 :    V7P3R_v10.3  -  V7P3R_v8.0

PGN-File: C:\Program Files (x86)\Arena\Tournaments\Engine Regression Battle 20250909.pgn

No:  B/W 1/2     W:B       1:2           Time        Value Moves Dep 1:2       1-2-Draws
  10 B 1    1.0:0.0        10.0:0.0      5:10:31 PM   -90.00     6 3.000 :5.167  10-0-0

--------------------------------------------------------------

Engine-Match Tuesday, September 9, 2025 5:10:32 PM
 Blitz 2/1 

Pairing 25/45 :    V7P3R_v9.0  -  V7P3R_v10.2

PGN-File: C:\Program Files (x86)\Arena\Tournaments\Engine Regression Battle 20250909.pgn

No:  B/W 1/2     W:B       1:2           Time        Value Moves Dep 1:2       1-2-Draws
  10 W 2    1.0:0.0        0.0:10.0      5:11:56 PM    +M500     9 5.778 :4.556  0-10-0

--------------------------------------------------------------

Engine-Match Tuesday, September 9, 2025 5:11:58 PM
 Blitz 2/1 

Pairing 26/45 :    V7P3R_v10.5  -  V7P3R_v10.0

PGN-File: C:\Program Files (x86)\Arena\Tournaments\Engine Regression Battle 20250909.pgn

No:  B/W 1/2     W:B       1:2           Time        Value Moves Dep 1:2       1-2-Draws
  10 = =    3.5:3.5        5.5:4.5       5:14:56 PM   +29.40    37 4.133 :4.727  2-1-7

--------------------------------------------------------------

Engine-Match Tuesday, September 9, 2025 5:14:57 PM
 Blitz 2/1 

Pairing 27/45 :    V7P3R_v10.4  -  V7P3R_v5.1

PGN-File: C:\Program Files (x86)\Arena\Tournaments\Engine Regression Battle 20250909.pgn

No:  B/W 1/2     W:B       1:2           Time        Value Moves Dep 1:2       1-2-Draws
  10 B 1    1.0:0.0        10.0:0.0      5:16:40 PM   -34.09    14 3.909 :3.071  10-0-0

--------------------------------------------------------------

Engine-Match Tuesday, September 9, 2025 5:16:41 PM
 Blitz 2/1 

Pairing 28/45 :    V7P3R_v6.0  -  V7P3R_v10.3

PGN-File: C:\Program Files (x86)\Arena\Tournaments\Engine Regression Battle 20250909.pgn

No:  B/W 1/2     W:B       1:2           Time        Value Moves Dep 1:2       1-2-Draws
  10 W 2    1.0:0.0        0.0:10.0      5:17:27 PM  +289.97     5 3.000 :3.400  0-10-0

--------------------------------------------------------------

Engine-Match Tuesday, September 9, 2025 5:17:29 PM
 Blitz 2/1 

Pairing 29/45 :    V7P3R_v10.2  -  V7P3R_v7.0

PGN-File: C:\Program Files (x86)\Arena\Tournaments\Engine Regression Battle 20250909.pgn

No:  B/W 1/2     W:B       1:2           Time        Value Moves Dep 1:2       1-2-Draws
  10 B 1    1.0:0.0        10.0:0.0      5:20:55 PM  -100.00    25 4.600 :5.143  10-0-0

--------------------------------------------------------------

Engine-Match Tuesday, September 9, 2025 5:20:57 PM
 Blitz 2/1 

Pairing 30/45 :    V7P3R_v8.0  -  V7P3R_v9.0

PGN-File: C:\Program Files (x86)\Arena\Tournaments\Engine Regression Battle 20250909.pgn

No:  B/W 1/2     W:B       1:2           Time        Value Moves Dep 1:2       1-2-Draws
  10 W 2    1.5:0.5        0.5:9.5       5:21:24 PM   +90.00     5 5.400 :5.800  0-9-1

--------------------------------------------------------------

Engine-Match Tuesday, September 9, 2025 5:21:26 PM
 Blitz 2/1 

Pairing 31/45 :    V7P3R_v10.0  -  V7P3R_v10.4

PGN-File: C:\Program Files (x86)\Arena\Tournaments\Engine Regression Battle 20250909.pgn

No:  B/W 1/2     W:B       1:2           Time        Value Moves Dep 1:2       1-2-Draws
  10 B 1    3.0:2.0        5.0:5.0       5:25:11 PM  -289.99    37 4.541 :3.333  3-3-4

--------------------------------------------------------------

Engine-Match Tuesday, September 9, 2025 5:25:13 PM
 Blitz 2/1 

Pairing 32/45 :    V7P3R_v10.3  -  V7P3R_v10.5

PGN-File: C:\Program Files (x86)\Arena\Tournaments\Engine Regression Battle 20250909.pgn

No:  B/W 1/2     W:B       1:2           Time        Value Moves Dep 1:2       1-2-Draws
  10 B 1    2.0:1.0        4.0:6.0       5:29:58 PM  -289.98    74 2.958 :4.235  3-5-2

--------------------------------------------------------------

Engine-Match Tuesday, September 9, 2025 5:30:00 PM
 Blitz 2/1 

Pairing 33/45 :    V7P3R_v5.1  -  V7P3R_v10.2

PGN-File: C:\Program Files (x86)\Arena\Tournaments\Engine Regression Battle 20250909.pgn

No:  B/W 1/2     W:B       1:2           Time        Value Moves Dep 1:2       1-2-Draws
  10 W 2    1.0:0.0        0.0:10.0      5:31:02 PM   +14.99     7 3.143 :5.333  0-10-0

--------------------------------------------------------------

Engine-Match Tuesday, September 9, 2025 5:31:03 PM
 Blitz 2/1 

Pairing 34/45 :    V7P3R_v9.0  -  V7P3R_v6.0

PGN-File: C:\Program Files (x86)\Arena\Tournaments\Engine Regression Battle 20250909.pgn

No:  B/W 1/2     W:B       1:2           Time        Value Moves Dep 1:2       1-2-Draws
  10 B 1    1.0:0.0        10.0:0.0      5:32:19 PM   -31.56    12 5.818 :3.000  10-0-0

--------------------------------------------------------------

Engine-Match Tuesday, September 9, 2025 5:32:20 PM
 Blitz 2/1 

Pairing 35/45 :    V7P3R_v7.0  -  V7P3R_v8.0

PGN-File: C:\Program Files (x86)\Arena\Tournaments\Engine Regression Battle 20250909.pgn

No:  B/W 1/2     W:B       1:2           Time        Value Moves Dep 1:2       1-2-Draws
  10 B 1    1.0:0.0        8.0:2.0       5:34:23 PM  -230.00    11 5.600 :5.273  8-2-0

--------------------------------------------------------------

Engine-Match Tuesday, September 9, 2025 5:34:29 PM
 Blitz 2/1 

Pairing 36/45 :    V7P3R_v10.3  -  V7P3R_v10.0

PGN-File: C:\Program Files (x86)\Arena\Tournaments\Engine Regression Battle 20250909.pgn

No:  B/W 1/2     W:B       1:2           Time        Value Moves Dep 1:2       1-2-Draws
  10 = =    1.5:1.5        1.5:8.5       5:40:21 PM    -0.03    85 2.585 :4.167  0-7-3

--------------------------------------------------------------

Engine-Match Tuesday, September 9, 2025 5:40:22 PM
 Blitz 2/1 

Pairing 37/45 :    V7P3R_v10.2  -  V7P3R_v10.4

PGN-File: C:\Program Files (x86)\Arena\Tournaments\Engine Regression Battle 20250909.pgn

No:  B/W 1/2     W:B       1:2           Time        Value Moves Dep 1:2       1-2-Draws
  10 W 2    3.0:2.0        3.0:7.0       5:44:27 PM  +289.97    54 4.733 :3.421  1-5-4

--------------------------------------------------------------

Engine-Match Tuesday, September 9, 2025 5:44:28 PM
 Blitz 2/1 

Pairing 38/45 :    V7P3R_v10.5  -  V7P3R_v9.0

PGN-File: C:\Program Files (x86)\Arena\Tournaments\Engine Regression Battle 20250909.pgn

No:  B/W 1/2     W:B       1:2           Time        Value Moves Dep 1:2       1-2-Draws
  10 B 1    1.0:0.0        10.0:0.0      5:45:28 PM  -285.00     9 4.429 :5.889  10-0-0

--------------------------------------------------------------

Engine-Match Tuesday, September 9, 2025 5:45:30 PM
 Blitz 2/1 

Pairing 39/45 :    V7P3R_v8.0  -  V7P3R_v5.1

PGN-File: C:\Program Files (x86)\Arena\Tournaments\Engine Regression Battle 20250909.pgn

No:  B/W 1/2     W:B       1:2           Time        Value Moves Dep 1:2       1-2-Draws
  10 W 2    1.0:0.0        5.0:5.0       5:46:05 PM    +M500     5 5.000 :3.200  5-5-0

--------------------------------------------------------------

Engine-Match Tuesday, September 9, 2025 5:46:07 PM
 Blitz 2/1 

Pairing 40/45 :    V7P3R_v6.0  -  V7P3R_v7.0

PGN-File: C:\Program Files (x86)\Arena\Tournaments\Engine Regression Battle 20250909.pgn

No:  B/W 1/2     W:B       1:2           Time        Value Moves Dep 1:2       1-2-Draws
  10 W 2    1.0:0.0        0.0:10.0      5:48:44 PM   +15.00    13 3.000 :5.769  0-10-0

--------------------------------------------------------------

Engine-Match Tuesday, September 9, 2025 5:48:45 PM
 Blitz 2/1 

Pairing 41/45 :    V7P3R_v10.0  -  V7P3R_v10.2

PGN-File: C:\Program Files (x86)\Arena\Tournaments\Engine Regression Battle 20250909.pgn

No:  B/W 1/2     W:B       1:2           Time        Value Moves Dep 1:2       1-2-Draws
  10 = =    2.0:2.0        8.0:2.0       5:51:46 PM    -0.40    32 4.750 :4.833  6-0-4

--------------------------------------------------------------

Engine-Match Tuesday, September 9, 2025 5:51:47 PM
 Blitz 2/1 

Pairing 42/45 :    V7P3R_v9.0  -  V7P3R_v10.3

PGN-File: C:\Program Files (x86)\Arena\Tournaments\Engine Regression Battle 20250909.pgn

No:  B/W 1/2     W:B       1:2           Time        Value Moves Dep 1:2       1-2-Draws
  10 W 2    1.0:0.0        0.0:10.0      5:53:32 PM    +M500    14 5.571 :2.786  0-10-0

--------------------------------------------------------------

Engine-Match Tuesday, September 9, 2025 5:53:33 PM
 Blitz 2/1 

Pairing 43/45 :    V7P3R_v10.4  -  V7P3R_v8.0

PGN-File: C:\Program Files (x86)\Arena\Tournaments\Engine Regression Battle 20250909.pgn

No:  B/W 1/2     W:B       1:2           Time        Value Moves Dep 1:2       1-2-Draws
  10 B 1    1.0:0.0        10.0:0.0      5:54:47 PM   -90.00     9 3.286 :5.222  10-0-0

--------------------------------------------------------------

Engine-Match Tuesday, September 9, 2025 5:54:48 PM
 Blitz 2/1 

Pairing 44/45 :    V7P3R_v7.0  -  V7P3R_v10.5

PGN-File: C:\Program Files (x86)\Arena\Tournaments\Engine Regression Battle 20250909.pgn

No:  B/W 1/2     W:B       1:2           Time        Value Moves Dep 1:2       1-2-Draws
  10 W 2    1.0:0.0        0.0:10.0      5:57:19 PM   +21.00    14 5.357 :4.250  0-10-0

--------------------------------------------------------------

Engine-Match Tuesday, September 9, 2025 5:57:20 PM
 Blitz 2/1 

Pairing 45/45 :    V7P3R_v5.1  -  V7P3R_v6.0

PGN-File: C:\Program Files (x86)\Arena\Tournaments\Engine Regression Battle 20250909.pgn

No:  B/W 1/2     W:B       1:2           Time        Value Moves Dep 1:2       1-2-Draws
  10 B 1    1.0:0.0        10.0:0.0      5:58:47 PM   -23.32    11 3.300 :3.000  10-0-0
