Engine-Match Thursday, September 11, 2025 8:46:06 AM
 Tournament Game in 5 Minutes 

Pairing 1/78 :    V7P3R_v10.0  -  Random_Opponent

PGN-File: C:\Program Files (x86)\Arena\Tournaments\Engine Regression Battle 20250911.pgn

No:  B/W 1/2     W:B       1:2           Time        Value Moves Dep 1:2       1-2-Draws
   1 W 1    1.0:0.0        1.0:0.0       8:49:01 AM  +289.99    17 5.438 :0 1-0-0

--------------------------------------------------------------

Engine-Match Thursday, September 11, 2025 8:49:03 AM
 Tournament Game in 5 Minutes 

Pairing 2/78 :    V7P3R_v9.0  -  V7P3R_v10.2

PGN-File: C:\Program Files (x86)\Arena\Tournaments\Engine Regression Battle 20250911.pgn

No:  B/W 1/2     W:B       1:2           Time        Value Moves Dep 1:2       1-2-Draws
   1 B 2    1.0:0.0        0.0:1.0       8:51:26 AM  -300.00    12 6.000 :4.800  0-1-0

--------------------------------------------------------------

Engine-Match Thursday, September 11, 2025 8:51:28 AM
 Tournament Game in 5 Minutes 

Pairing 3/78 :    V7P3R_v10.3  -  V7P3R_v8.0

PGN-File: C:\Program Files (x86)\Arena\Tournaments\Engine Regression Battle 20250911.pgn

No:  B/W 1/2     W:B       1:2           Time        Value Moves Dep 1:2       1-2-Draws
   1 W 1    1.0:0.0        1.0:0.0       8:56:05 AM    +M500    16 3.357 :5.750  1-0-0

--------------------------------------------------------------

Engine-Match Thursday, September 11, 2025 8:56:06 AM
 Tournament Game in 5 Minutes 

Pairing 4/78 :    V7P3R_v7.0  -  V7P3R_v10.4

PGN-File: C:\Program Files (x86)\Arena\Tournaments\Engine Regression Battle 20250911.pgn

No:  B/W 1/2     W:B       1:2           Time        Value Moves Dep 1:2       1-2-Draws
   1 W 1    1.0:0.0        1.0:0.0       9:04:26 AM   +20.12    35 5.400 :4.080  1-0-0

--------------------------------------------------------------

Engine-Match Thursday, September 11, 2025 9:04:27 AM
 Tournament Game in 5 Minutes 

Pairing 5/78 :    V7P3R_v10.5  -  V7P3R_v6.0

PGN-File: C:\Program Files (x86)\Arena\Tournaments\Engine Regression Battle 20250911.pgn

No:  B/W 1/2     W:B       1:2           Time        Value Moves Dep 1:2       1-2-Draws
   1 W 1    1.0:0.0        1.0:0.0       9:06:51 AM   +42.38    10 5.250 :3.000  1-0-0

--------------------------------------------------------------

Engine-Match Thursday, September 11, 2025 9:06:53 AM
 Tournament Game in 5 Minutes 

Pairing 6/78 :    V7P3R_v5.1  -  V7P3R_v10.6

PGN-File: C:\Program Files (x86)\Arena\Tournaments\Engine Regression Battle 20250911.pgn

No:  B/W 1/2     W:B       1:2           Time        Value Moves Dep 1:2       1-2-Draws
   1 B 2    1.0:0.0        0.0:1.0       9:08:57 AM   -33.84     7 3.429 :4.167  0-1-0

--------------------------------------------------------------

Engine-Match Thursday, September 11, 2025 9:08:58 AM
 Tournament Game in 5 Minutes 

Pairing 7/78 :    Stockfish 1%  -  V7P3R_v9.0

PGN-File: C:\Program Files (x86)\Arena\Tournaments\Engine Regression Battle 20250911.pgn

No:  B/W 1/2     W:B       1:2           Time        Value Moves Dep 1:2       1-2-Draws
   1 W 1    1.0:0.0        1.0:0.0       9:09:40 AM  +110.00    11 15.182 :6.000  1-0-0

--------------------------------------------------------------

Engine-Match Thursday, September 11, 2025 9:09:42 AM
 Tournament Game in 5 Minutes 

Pairing 8/78 :    V7P3R_v8.0  -  V7P3R_v10.0

PGN-File: C:\Program Files (x86)\Arena\Tournaments\Engine Regression Battle 20250911.pgn

No:  B/W 1/2     W:B       1:2           Time        Value Moves Dep 1:2       1-2-Draws
   1 B 2    1.0:0.0        0.0:1.0       9:13:16 AM  -198.00    15 5.733 :5.571  0-1-0

--------------------------------------------------------------

Engine-Match Thursday, September 11, 2025 9:13:18 AM
 Tournament Game in 5 Minutes 

Pairing 9/78 :    V7P3R_v10.2  -  V7P3R_v7.0

PGN-File: C:\Program Files (x86)\Arena\Tournaments\Engine Regression Battle 20250911.pgn

No:  B/W 1/2     W:B       1:2           Time        Value Moves Dep 1:2       1-2-Draws
   1 W 1    1.0:0.0        1.0:0.0       9:18:06 AM    +M500    15 4.818 :5.600  1-0-0

--------------------------------------------------------------

Engine-Match Thursday, September 11, 2025 9:18:07 AM
 Tournament Game in 5 Minutes 

Pairing 10/78 :    V7P3R_v6.0  -  V7P3R_v10.3

PGN-File: C:\Program Files (x86)\Arena\Tournaments\Engine Regression Battle 20250911.pgn

No:  B/W 1/2     W:B       1:2           Time        Value Moves Dep 1:2       1-2-Draws
   1 B 2    1.0:0.0        0.0:1.0       9:21:01 AM   -47.44     9 3.000 :3.500  0-1-0

--------------------------------------------------------------

Engine-Match Thursday, September 11, 2025 9:21:03 AM
 Tournament Game in 5 Minutes 

Pairing 11/78 :    V7P3R_v10.4  -  V7P3R_v5.1

PGN-File: C:\Program Files (x86)\Arena\Tournaments\Engine Regression Battle 20250911.pgn

No:  B/W 1/2     W:B       1:2           Time        Value Moves Dep 1:2       1-2-Draws
   1 W 1    1.0:0.0        1.0:0.0       9:22:48 AM   +44.89     6 4.600 :3.833  1-0-0

--------------------------------------------------------------

Engine-Match Thursday, September 11, 2025 9:22:49 AM
 Tournament Game in 5 Minutes 

Pairing 12/78 :    V7P3R_v10.6  -  V7P3R_v10.5

PGN-File: C:\Program Files (x86)\Arena\Tournaments\Engine Regression Battle 20250911.pgn

No:  B/W 1/2     W:B       1:2           Time        Value Moves Dep 1:2       1-2-Draws
   1 = =    0.5:0.5        0.5:0.5       9:31:41 AM    +3.22    88 3.792 :4.762  0-0-1

--------------------------------------------------------------

Engine-Match Thursday, September 11, 2025 9:31:43 AM
 Tournament Game in 5 Minutes 

Pairing 13/78 :    Random_Opponent  -  V7P3R_v8.0

PGN-File: C:\Program Files (x86)\Arena\Tournaments\Engine Regression Battle 20250911.pgn

No:  B/W 1/2     W:B       1:2           Time        Value Moves Dep 1:2       1-2-Draws
   1 B 2    1.0:0.0        0.0:1.0       9:34:12 AM      -M1    27 0:5.889  0-1-0

--------------------------------------------------------------

Engine-Match Thursday, September 11, 2025 9:34:14 AM
 Tournament Game in 5 Minutes 

Pairing 14/78 :    V7P3R_v7.0  -  Stockfish 1%

PGN-File: C:\Program Files (x86)\Arena\Tournaments\Engine Regression Battle 20250911.pgn

No:  B/W 1/2     W:B       1:2           Time        Value Moves Dep 1:2       1-2-Draws
   1 B 2    1.0:0.0        0.0:1.0       9:36:40 AM  -120.00     8 6.000 :12.857  0-1-0

--------------------------------------------------------------

Engine-Match Thursday, September 11, 2025 9:36:42 AM
 Tournament Game in 5 Minutes 

Pairing 15/78 :    V7P3R_v10.0  -  V7P3R_v6.0

PGN-File: C:\Program Files (x86)\Arena\Tournaments\Engine Regression Battle 20250911.pgn

No:  B/W 1/2     W:B       1:2           Time        Value Moves Dep 1:2       1-2-Draws
   1 W 1    1.0:0.0        1.0:0.0       9:40:09 AM    +M500    11 5.727 :3.000  1-0-0

--------------------------------------------------------------

Engine-Match Thursday, September 11, 2025 9:40:10 AM
 Tournament Game in 5 Minutes 

Pairing 16/78 :    V7P3R_v5.1  -  V7P3R_v10.2

PGN-File: C:\Program Files (x86)\Arena\Tournaments\Engine Regression Battle 20250911.pgn

No:  B/W 1/2     W:B       1:2           Time        Value Moves Dep 1:2       1-2-Draws
   1 B 2    1.0:0.0        0.0:1.0       9:45:35 AM   -35.65    29 3.158 :5.308  0-1-0

--------------------------------------------------------------

Engine-Match Thursday, September 11, 2025 9:45:36 AM
 Tournament Game in 5 Minutes 

Pairing 17/78 :    V7P3R_v10.3  -  V7P3R_v10.6

PGN-File: C:\Program Files (x86)\Arena\Tournaments\Engine Regression Battle 20250911.pgn

No:  B/W 1/2     W:B       1:2           Time        Value Moves Dep 1:2       1-2-Draws
   1 B 2    1.0:0.0        0.0:1.0       9:53:42 AM   -12.20    39 2.800 :3.435  0-1-0

--------------------------------------------------------------

Engine-Match Thursday, September 11, 2025 9:53:43 AM
 Tournament Game in 5 Minutes 

Pairing 18/78 :    V7P3R_v10.5  -  V7P3R_v10.4

PGN-File: C:\Program Files (x86)\Arena\Tournaments\Engine Regression Battle 20250911.pgn

No:  B/W 1/2     W:B       1:2           Time        Value Moves Dep 1:2       1-2-Draws
   1 B 2    1.0:0.0        0.0:1.0       10:00:15 AM  -289.98    31 4.500 :3.455  0-1-0

--------------------------------------------------------------

Engine-Match Thursday, September 11, 2025 10:00:16 AM
 Tournament Game in 5 Minutes 

Pairing 19/78 :    V7P3R_v9.0  -  V7P3R_v7.0

PGN-File: C:\Program Files (x86)\Arena\Tournaments\Engine Regression Battle 20250911.pgn

No:  B/W 1/2     W:B       1:2           Time        Value Moves Dep 1:2       1-2-Draws
   1 W 1    1.0:0.0        1.0:0.0       10:03:59 AM   +35.00    15 6.000 :5.533  1-0-0

--------------------------------------------------------------

Engine-Match Thursday, September 11, 2025 10:04:00 AM
 Tournament Game in 5 Minutes 

Pairing 20/78 :    V7P3R_v6.0  -  Random_Opponent

PGN-File: C:\Program Files (x86)\Arena\Tournaments\Engine Regression Battle 20250911.pgn

No:  B/W 1/2     W:B       1:2           Time        Value Moves Dep 1:2       1-2-Draws
   1 W 1    1.0:0.0        1.0:0.0       10:05:57 AM     0.00    15 3.000 :0 1-0-0

--------------------------------------------------------------

Engine-Match Thursday, September 11, 2025 10:06:04 AM
 Tournament Game in 5 Minutes 

Pairing 21/78 :    Stockfish 1%  -  V7P3R_v5.1

PGN-File: C:\Program Files (x86)\Arena\Tournaments\Engine Regression Battle 20250911.pgn

No:  B/W 1/2     W:B       1:2           Time        Value Moves Dep 1:2       1-2-Draws
   1 W 1    1.0:0.0        1.0:0.0       10:07:01 AM   +33.44     7 14.857 :3.571  1-0-0

--------------------------------------------------------------

Engine-Match Thursday, September 11, 2025 10:07:03 AM
 Tournament Game in 5 Minutes 

Pairing 22/78 :    V7P3R_v10.6  -  V7P3R_v10.0

PGN-File: C:\Program Files (x86)\Arena\Tournaments\Engine Regression Battle 20250911.pgn

No:  B/W 1/2     W:B       1:2           Time        Value Moves Dep 1:2       1-2-Draws
   1 B 2    1.0:0.0        0.0:1.0       10:13:27 AM   -11.21    27 3.850 :5.154  0-1-0

--------------------------------------------------------------

Engine-Match Thursday, September 11, 2025 10:13:29 AM
 Tournament Game in 5 Minutes 

Pairing 23/78 :    V7P3R_v10.2  -  V7P3R_v10.5

PGN-File: C:\Program Files (x86)\Arena\Tournaments\Engine Regression Battle 20250911.pgn

No:  B/W 1/2     W:B       1:2           Time        Value Moves Dep 1:2       1-2-Draws
   1 = =    0.5:0.5        0.5:0.5       10:17:41 AM     0.00    41 5.556 :5.000  0-0-1

--------------------------------------------------------------

Engine-Match Thursday, September 11, 2025 10:17:43 AM
 Tournament Game in 5 Minutes 

Pairing 24/78 :    V7P3R_v10.4  -  V7P3R_v10.3

PGN-File: C:\Program Files (x86)\Arena\Tournaments\Engine Regression Battle 20250911.pgn

No:  B/W 1/2     W:B       1:2           Time        Value Moves Dep 1:2       1-2-Draws
   1 W 1    1.0:0.0        1.0:0.0       10:24:08 AM     0.00    29 3.750 :3.160  1-0-0

--------------------------------------------------------------

Engine-Match Thursday, September 11, 2025 10:24:10 AM
 Tournament Game in 5 Minutes 

Pairing 25/78 :    V7P3R_v8.0  -  V7P3R_v6.0

PGN-File: C:\Program Files (x86)\Arena\Tournaments\Engine Regression Battle 20250911.pgn

No:  B/W 1/2     W:B       1:2           Time        Value Moves Dep 1:2       1-2-Draws
   1 W 1    1.0:0.0        1.0:0.0       10:26:12 AM   +36.84    10 6.000 :3.000  1-0-0

--------------------------------------------------------------

Engine-Match Thursday, September 11, 2025 10:26:13 AM
 Tournament Game in 5 Minutes 

Pairing 26/78 :    V7P3R_v5.1  -  V7P3R_v9.0

PGN-File: C:\Program Files (x86)\Arena\Tournaments\Engine Regression Battle 20250911.pgn

No:  B/W 1/2     W:B       1:2           Time        Value Moves Dep 1:2       1-2-Draws
   1 B 2    1.0:0.0        0.0:1.0       10:28:03 AM   -42.35    11 4.000 :6.000  0-1-0

--------------------------------------------------------------

Engine-Match Thursday, September 11, 2025 10:28:05 AM
 Tournament Game in 5 Minutes 

Pairing 27/78 :    Random_Opponent  -  V7P3R_v10.6

PGN-File: C:\Program Files (x86)\Arena\Tournaments\Engine Regression Battle 20250911.pgn

No:  B/W 1/2     W:B       1:2           Time        Value Moves Dep 1:2       1-2-Draws
   1 B 2    1.0:0.0        0.0:1.0       10:31:15 AM     0.00    34 0:4.500  0-1-0

--------------------------------------------------------------

Engine-Match Thursday, September 11, 2025 10:31:16 AM
 Tournament Game in 5 Minutes 

Pairing 28/78 :    V7P3R_v10.5  -  Stockfish 1%

PGN-File: C:\Program Files (x86)\Arena\Tournaments\Engine Regression Battle 20250911.pgn

No:  B/W 1/2     W:B       1:2           Time        Value Moves Dep 1:2       1-2-Draws
   1 B 2    1.0:0.0        0.0:1.0       10:36:39 AM   -12.20   117 4.308 :12.727  0-1-0

--------------------------------------------------------------

Engine-Match Thursday, September 11, 2025 10:36:40 AM
 Tournament Game in 5 Minutes 

Pairing 29/78 :    V7P3R_v10.0  -  V7P3R_v10.4

PGN-File: C:\Program Files (x86)\Arena\Tournaments\Engine Regression Battle 20250911.pgn

No:  B/W 1/2     W:B       1:2           Time        Value Moves Dep 1:2       1-2-Draws
   1 W 1    1.0:0.0        1.0:0.0       10:44:54 AM  +289.98    65 5.565 :4.056  1-0-0

--------------------------------------------------------------

Engine-Match Thursday, September 11, 2025 10:44:55 AM
 Tournament Game in 5 Minutes 

Pairing 30/78 :    V7P3R_v10.3  -  V7P3R_v10.2

PGN-File: C:\Program Files (x86)\Arena\Tournaments\Engine Regression Battle 20250911.pgn

No:  B/W 1/2     W:B       1:2           Time        Value Moves Dep 1:2       1-2-Draws
   1 W 1    1.0:0.0        1.0:0.0       10:50:56 AM  +289.96    28 2.964 :4.700  1-0-0

--------------------------------------------------------------

Engine-Match Thursday, September 11, 2025 10:50:57 AM
 Tournament Game in 5 Minutes 

Pairing 31/78 :    V7P3R_v7.0  -  V7P3R_v5.1

PGN-File: C:\Program Files (x86)\Arena\Tournaments\Engine Regression Battle 20250911.pgn

No:  B/W 1/2     W:B       1:2           Time        Value Moves Dep 1:2       1-2-Draws
   1 B 2    1.0:0.0        0.0:1.0       11:00:36 AM     0.00    66 5.647 :3.125  0-1-0

--------------------------------------------------------------

Engine-Match Thursday, September 11, 2025 11:00:37 AM
 Tournament Game in 5 Minutes 

Pairing 32/78 :    V7P3R_v10.6  -  V7P3R_v8.0

PGN-File: C:\Program Files (x86)\Arena\Tournaments\Engine Regression Battle 20250911.pgn

No:  B/W 1/2     W:B       1:2           Time        Value Moves Dep 1:2       1-2-Draws
   1 W 1    1.0:0.0        1.0:0.0       11:05:19 AM  +105.00    19 3.625 :5.684  1-0-0

--------------------------------------------------------------

Engine-Match Thursday, September 11, 2025 11:05:20 AM
 Tournament Game in 5 Minutes 

Pairing 33/78 :    V7P3R_v9.0  -  V7P3R_v10.5

PGN-File: C:\Program Files (x86)\Arena\Tournaments\Engine Regression Battle 20250911.pgn

No:  B/W 1/2     W:B       1:2           Time        Value Moves Dep 1:2       1-2-Draws
   1 B 2    1.0:0.0        0.0:1.0       11:06:41 AM  -205.00     8 6.000 :4.600  0-1-0

--------------------------------------------------------------

Engine-Match Thursday, September 11, 2025 11:06:42 AM
 Tournament Game in 5 Minutes 

Pairing 34/78 :    V7P3R_v10.4  -  Random_Opponent

PGN-File: C:\Program Files (x86)\Arena\Tournaments\Engine Regression Battle 20250911.pgn

No:  B/W 1/2     W:B       1:2           Time        Value Moves Dep 1:2       1-2-Draws
   1 W 1    1.0:0.0        1.0:0.0       11:08:34 AM  +289.97    11 4.364 :0 1-0-0

--------------------------------------------------------------

Engine-Match Thursday, September 11, 2025 11:08:35 AM
 Tournament Game in 5 Minutes 

Pairing 35/78 :    Stockfish 1%  -  V7P3R_v10.3

PGN-File: C:\Program Files (x86)\Arena\Tournaments\Engine Regression Battle 20250911.pgn

No:  B/W 1/2     W:B       1:2           Time        Value Moves Dep 1:2       1-2-Draws
   1 W 1    1.0:0.0        1.0:0.0       11:10:41 AM      +M1    10 16.200 :3.250  1-0-0

--------------------------------------------------------------

Engine-Match Thursday, September 11, 2025 11:10:42 AM
 Tournament Game in 5 Minutes 

Pairing 36/78 :    V7P3R_v10.2  -  V7P3R_v10.0

PGN-File: C:\Program Files (x86)\Arena\Tournaments\Engine Regression Battle 20250911.pgn

No:  B/W 1/2     W:B       1:2           Time        Value Moves Dep 1:2       1-2-Draws
   1 = =    0.5:0.5        0.5:0.5       11:15:12 AM    +0.40    27 5.333 :5.571  0-0-1

--------------------------------------------------------------

Engine-Match Thursday, September 11, 2025 11:15:14 AM
 Tournament Game in 5 Minutes 

Pairing 37/78 :    V7P3R_v6.0  -  V7P3R_v10.6

PGN-File: C:\Program Files (x86)\Arena\Tournaments\Engine Regression Battle 20250911.pgn

No:  B/W 1/2     W:B       1:2           Time        Value Moves Dep 1:2       1-2-Draws
   1 B 2    1.0:0.0        0.0:1.0       11:19:21 AM   -26.09    17 3.000 :4.429  0-1-0

--------------------------------------------------------------

Engine-Match Thursday, September 11, 2025 11:19:22 AM
 Tournament Game in 5 Minutes 

Pairing 38/78 :    V7P3R_v10.5  -  V7P3R_v7.0

PGN-File: C:\Program Files (x86)\Arena\Tournaments\Engine Regression Battle 20250911.pgn

No:  B/W 1/2     W:B       1:2           Time        Value Moves Dep 1:2       1-2-Draws
   1 W 1    1.0:0.0        1.0:0.0       11:27:40 AM  +310.00    34 4.391 :5.265  1-0-0

--------------------------------------------------------------

Engine-Match Thursday, September 11, 2025 11:27:41 AM
 Tournament Game in 5 Minutes 

Pairing 39/78 :    V7P3R_v8.0  -  V7P3R_v10.4

PGN-File: C:\Program Files (x86)\Arena\Tournaments\Engine Regression Battle 20250911.pgn

No:  B/W 1/2     W:B       1:2           Time        Value Moves Dep 1:2       1-2-Draws
   1 B 2    1.0:0.0        0.0:1.0       11:30:25 AM    -M500    12 5.583 :4.222  0-1-0

--------------------------------------------------------------

Engine-Match Thursday, September 11, 2025 11:30:27 AM
 Tournament Game in 5 Minutes 

Pairing 40/78 :    V7P3R_v10.3  -  V7P3R_v9.0

PGN-File: C:\Program Files (x86)\Arena\Tournaments\Engine Regression Battle 20250911.pgn

No:  B/W 1/2     W:B       1:2           Time        Value Moves Dep 1:2       1-2-Draws
   1 W 1    1.0:0.0        1.0:0.0       11:36:02 AM    +M500    33 2.879 :5.939  1-0-0

--------------------------------------------------------------

Engine-Match Thursday, September 11, 2025 11:36:09 AM
 Tournament Game in 5 Minutes 

Pairing 41/78 :    Random_Opponent  -  V7P3R_v10.2

PGN-File: C:\Program Files (x86)\Arena\Tournaments\Engine Regression Battle 20250911.pgn

No:  B/W 1/2     W:B       1:2           Time        Value Moves Dep 1:2       1-2-Draws
   1 B 2    1.0:0.0        0.0:1.0       11:37:29 AM  -289.99     8 0:5.750  0-1-0

--------------------------------------------------------------

Engine-Match Thursday, September 11, 2025 11:37:30 AM
 Tournament Game in 5 Minutes 

Pairing 42/78 :    V7P3R_v10.0  -  Stockfish 1%

PGN-File: C:\Program Files (x86)\Arena\Tournaments\Engine Regression Battle 20250911.pgn

No:  B/W 1/2     W:B       1:2           Time        Value Moves Dep 1:2       1-2-Draws
   1 W 1    1.0:0.0        1.0:0.0       11:41:22 AM  +289.99    39 5.615 :13.167  1-0-0

--------------------------------------------------------------

Engine-Match Thursday, September 11, 2025 11:41:23 AM
 Tournament Game in 5 Minutes 

Pairing 43/78 :    V7P3R_v5.1  -  V7P3R_v10.5

PGN-File: C:\Program Files (x86)\Arena\Tournaments\Engine Regression Battle 20250911.pgn

No:  B/W 1/2     W:B       1:2           Time        Value Moves Dep 1:2       1-2-Draws
   1 B 2    1.0:0.0        0.0:1.0       11:43:54 AM   -34.19    13 3.231 :4.556  0-1-0

--------------------------------------------------------------

Engine-Match Thursday, September 11, 2025 11:43:56 AM
 Tournament Game in 5 Minutes 

Pairing 44/78 :    V7P3R_v10.4  -  V7P3R_v6.0

PGN-File: C:\Program Files (x86)\Arena\Tournaments\Engine Regression Battle 20250911.pgn

No:  B/W 1/2     W:B       1:2           Time        Value Moves Dep 1:2       1-2-Draws
   1 W 1    1.0:0.0        1.0:0.0       11:47:09 AM   +36.73    13 4.455 :3.000  1-0-0

--------------------------------------------------------------

Engine-Match Thursday, September 11, 2025 11:47:10 AM
 Tournament Game in 5 Minutes 

Pairing 45/78 :    V7P3R_v7.0  -  V7P3R_v10.3

PGN-File: C:\Program Files (x86)\Arena\Tournaments\Engine Regression Battle 20250911.pgn

No:  B/W 1/2     W:B       1:2           Time        Value Moves Dep 1:2       1-2-Draws
   1 = =    0.5:0.5        0.5:0.5       11:56:48 AM     0.00    55 5.667 :3.278  0-0-1

--------------------------------------------------------------

Engine-Match Thursday, September 11, 2025 11:56:49 AM
 Tournament Game in 5 Minutes 

Pairing 46/78 :    V7P3R_v10.2  -  V7P3R_v8.0

PGN-File: C:\Program Files (x86)\Arena\Tournaments\Engine Regression Battle 20250911.pgn

No:  B/W 1/2     W:B       1:2           Time        Value Moves Dep 1:2       1-2-Draws
   1 W 1    1.0:0.0        1.0:0.0       11:59:25 AM  +125.00    11 5.556 :5.545  1-0-0

--------------------------------------------------------------

Engine-Match Thursday, September 11, 2025 11:59:26 AM
 Tournament Game in 5 Minutes 

Pairing 47/78 :    V7P3R_v9.0  -  V7P3R_v10.0

PGN-File: C:\Program Files (x86)\Arena\Tournaments\Engine Regression Battle 20250911.pgn

No:  B/W 1/2     W:B       1:2           Time        Value Moves Dep 1:2       1-2-Draws
   1 B 2    1.0:0.0        0.0:1.0       12:03:15 PM  -195.00    19 6.000 :5.278  0-1-0

--------------------------------------------------------------

Engine-Match Thursday, September 11, 2025 12:03:16 PM
 Tournament Game in 5 Minutes 

Pairing 48/78 :    Stockfish 1%  -  Random_Opponent

PGN-File: C:\Program Files (x86)\Arena\Tournaments\Engine Regression Battle 20250911.pgn

No:  B/W 1/2     W:B       1:2           Time        Value Moves Dep 1:2       1-2-Draws
   1 W 1    1.0:0.0        1.0:0.0       12:03:33 PM      +M1    34 15.091 :0 1-0-0

--------------------------------------------------------------

Engine-Match Thursday, September 11, 2025 12:03:35 PM
 Tournament Game in 5 Minutes 

Pairing 49/78 :    V7P3R_v10.6  -  V7P3R_v10.4

PGN-File: C:\Program Files (x86)\Arena\Tournaments\Engine Regression Battle 20250911.pgn

No:  B/W 1/2     W:B       1:2           Time        Value Moves Dep 1:2       1-2-Draws
   1 W 1    1.0:0.0        1.0:0.0       12:09:44 PM  +289.98    52 3.824 :3.556  1-0-0

--------------------------------------------------------------

Engine-Match Thursday, September 11, 2025 12:09:45 PM
 Tournament Game in 5 Minutes 

Pairing 50/78 :    V7P3R_v10.3  -  V7P3R_v5.1

PGN-File: C:\Program Files (x86)\Arena\Tournaments\Engine Regression Battle 20250911.pgn

No:  B/W 1/2     W:B       1:2           Time        Value Moves Dep 1:2       1-2-Draws
   1 W 1    1.0:0.0        1.0:0.0       12:14:31 PM   +67.70    20 3.333 :3.100  1-0-0

--------------------------------------------------------------

Engine-Match Thursday, September 11, 2025 12:14:32 PM
 Tournament Game in 5 Minutes 

Pairing 51/78 :    V7P3R_v6.0  -  V7P3R_v10.2

PGN-File: C:\Program Files (x86)\Arena\Tournaments\Engine Regression Battle 20250911.pgn

No:  B/W 1/2     W:B       1:2           Time        Value Moves Dep 1:2       1-2-Draws
   1 B 2    1.0:0.0        0.0:1.0       12:17:03 PM   -24.83     9 3.000 :5.714  0-1-0

--------------------------------------------------------------

Engine-Match Thursday, September 11, 2025 12:17:04 PM
 Tournament Game in 5 Minutes 

Pairing 52/78 :    V7P3R_v10.0  -  V7P3R_v7.0

PGN-File: C:\Program Files (x86)\Arena\Tournaments\Engine Regression Battle 20250911.pgn

No:  B/W 1/2     W:B       1:2           Time        Value Moves Dep 1:2       1-2-Draws
   1 W 1    1.0:0.0        1.0:0.0       12:24:23 PM    +M500    20 4.800 :5.400  1-0-0

--------------------------------------------------------------

Engine-Match Thursday, September 11, 2025 12:24:24 PM
 Tournament Game in 5 Minutes 

Pairing 53/78 :    V7P3R_v8.0  -  Stockfish 1%

PGN-File: C:\Program Files (x86)\Arena\Tournaments\Engine Regression Battle 20250911.pgn

No:  B/W 1/2     W:B       1:2           Time        Value Moves Dep 1:2       1-2-Draws
   1 B 2    1.0:0.0        0.0:1.0       12:25:11 PM  -305.00     8 6.000 :15.000  0-1-0

--------------------------------------------------------------

Engine-Match Thursday, September 11, 2025 12:25:13 PM
 Tournament Game in 5 Minutes 

Pairing 54/78 :    Random_Opponent  -  V7P3R_v9.0

PGN-File: C:\Program Files (x86)\Arena\Tournaments\Engine Regression Battle 20250911.pgn

No:  B/W 1/2     W:B       1:2           Time        Value Moves Dep 1:2       1-2-Draws
   1 B 2    1.0:0.0        0.0:1.0       12:25:44 PM      -M1    11 0:6.000  0-1-0

--------------------------------------------------------------

Engine-Match Thursday, September 11, 2025 12:25:46 PM
 Tournament Game in 5 Minutes 

Pairing 55/78 :    V7P3R_v10.5  -  V7P3R_v10.3

PGN-File: C:\Program Files (x86)\Arena\Tournaments\Engine Regression Battle 20250911.pgn

No:  B/W 1/2     W:B       1:2           Time        Value Moves Dep 1:2       1-2-Draws
   1 W 1    1.0:0.0        1.0:0.0       12:33:04 PM    +9.55    35 4.700 :3.000  1-0-0

--------------------------------------------------------------

Engine-Match Thursday, September 11, 2025 12:33:06 PM
 Tournament Game in 5 Minutes 

Pairing 56/78 :    V7P3R_v10.2  -  V7P3R_v10.6

PGN-File: C:\Program Files (x86)\Arena\Tournaments\Engine Regression Battle 20250911.pgn

No:  B/W 1/2     W:B       1:2           Time        Value Moves Dep 1:2       1-2-Draws
   1 W 1    1.0:0.0        1.0:0.0       12:41:29 PM    +9.26    88 4.688 :3.824  1-0-0

--------------------------------------------------------------

Engine-Match Thursday, September 11, 2025 12:41:30 PM
 Tournament Game in 5 Minutes 

Pairing 57/78 :    V7P3R_v5.1  -  V7P3R_v10.0

PGN-File: C:\Program Files (x86)\Arena\Tournaments\Engine Regression Battle 20250911.pgn

No:  B/W 1/2     W:B       1:2           Time        Value Moves Dep 1:2       1-2-Draws
   1 B 2    1.0:0.0        0.0:1.0       12:46:14 PM   -48.99    19 3.188 :5.313  0-1-0

--------------------------------------------------------------

Engine-Match Thursday, September 11, 2025 12:46:16 PM
 Tournament Game in 5 Minutes 

Pairing 58/78 :    Stockfish 1%  -  V7P3R_v6.0

PGN-File: C:\Program Files (x86)\Arena\Tournaments\Engine Regression Battle 20250911.pgn

No:  B/W 1/2     W:B       1:2           Time        Value Moves Dep 1:2       1-2-Draws
   1 W 1    1.0:0.0        1.0:0.0       12:47:30 PM   +30.97     9 15.333 :3.000  1-0-0

--------------------------------------------------------------

Engine-Match Thursday, September 11, 2025 12:47:32 PM
 Tournament Game in 5 Minutes 

Pairing 59/78 :    V7P3R_v7.0  -  Random_Opponent

PGN-File: C:\Program Files (x86)\Arena\Tournaments\Engine Regression Battle 20250911.pgn

No:  B/W 1/2     W:B       1:2           Time        Value Moves Dep 1:2       1-2-Draws
   1 W 1    1.0:0.0        1.0:0.0       12:49:50 PM    +M500    11 6.000 :0 1-0-0

--------------------------------------------------------------

Engine-Match Thursday, September 11, 2025 12:49:52 PM
 Tournament Game in 5 Minutes 

Pairing 60/78 :    V7P3R_v9.0  -  V7P3R_v8.0

PGN-File: C:\Program Files (x86)\Arena\Tournaments\Engine Regression Battle 20250911.pgn

No:  B/W 1/2     W:B       1:2           Time        Value Moves Dep 1:2       1-2-Draws
   1 B 2    1.0:0.0        0.0:1.0       12:52:15 PM  -210.00    16 6.000 :5.467  0-1-0

--------------------------------------------------------------

Engine-Match Thursday, September 11, 2025 12:52:22 PM
 Tournament Game in 5 Minutes 

Pairing 61/78 :    V7P3R_v10.4  -  V7P3R_v10.2

PGN-File: C:\Program Files (x86)\Arena\Tournaments\Engine Regression Battle 20250911.pgn

No:  B/W 1/2     W:B       1:2           Time        Value Moves Dep 1:2       1-2-Draws
   1 W 1    1.0:0.0        1.0:0.0       12:57:24 PM     0.00    23 4.083 :5.308  1-0-0

--------------------------------------------------------------

Engine-Match Thursday, September 11, 2025 12:57:25 PM
 Tournament Game in 5 Minutes 

Pairing 62/78 :    V7P3R_v10.0  -  V7P3R_v10.5

PGN-File: C:\Program Files (x86)\Arena\Tournaments\Engine Regression Battle 20250911.pgn

No:  B/W 1/2     W:B       1:2           Time        Value Moves Dep 1:2       1-2-Draws
   1 = =    0.5:0.5        0.5:0.5       1:04:29 PM    -0.40    57 5.500 :5.231  0-0-1

--------------------------------------------------------------

Engine-Match Thursday, September 11, 2025 1:04:31 PM
 Tournament Game in 5 Minutes 

Pairing 63/78 :    V7P3R_v10.6  -  Stockfish 1%

PGN-File: C:\Program Files (x86)\Arena\Tournaments\Engine Regression Battle 20250911.pgn

No:  B/W 1/2     W:B       1:2           Time        Value Moves Dep 1:2       1-2-Draws
   1 B 2    1.0:0.0        0.0:1.0       1:07:14 PM      -M1    23 3.778 :13.467  0-1-0

--------------------------------------------------------------

Engine-Match Thursday, September 11, 2025 1:07:15 PM
 Tournament Game in 5 Minutes 

Pairing 64/78 :    Random_Opponent  -  V7P3R_v5.1

PGN-File: C:\Program Files (x86)\Arena\Tournaments\Engine Regression Battle 20250911.pgn

No:  B/W 1/2     W:B       1:2           Time        Value Moves Dep 1:2       1-2-Draws
   1 B 2    1.0:0.0        0.0:1.0       1:09:40 PM     0.00    20 0:3.100  0-1-0

--------------------------------------------------------------

Engine-Match Thursday, September 11, 2025 1:09:41 PM
 Tournament Game in 5 Minutes 

Pairing 65/78 :    V7P3R_v6.0  -  V7P3R_v9.0

PGN-File: C:\Program Files (x86)\Arena\Tournaments\Engine Regression Battle 20250911.pgn

No:  B/W 1/2     W:B       1:2           Time        Value Moves Dep 1:2       1-2-Draws
   1 B 2    1.0:0.0        0.0:1.0       1:11:34 PM   -25.58    11 3.000 :6.000  0-1-0

--------------------------------------------------------------

Engine-Match Thursday, September 11, 2025 1:11:35 PM
 Tournament Game in 5 Minutes 

Pairing 66/78 :    V7P3R_v8.0  -  V7P3R_v7.0

PGN-File: C:\Program Files (x86)\Arena\Tournaments\Engine Regression Battle 20250911.pgn

No:  B/W 1/2     W:B       1:2           Time        Value Moves Dep 1:2       1-2-Draws
   1 B 2    1.0:0.0        0.0:1.0       1:14:57 PM  -310.00     9 5.778 :5.750  0-1-0

--------------------------------------------------------------

Engine-Match Thursday, September 11, 2025 1:14:59 PM
 Tournament Game in 5 Minutes 

Pairing 67/78 :    V7P3R_v10.3  -  V7P3R_v10.0

PGN-File: C:\Program Files (x86)\Arena\Tournaments\Engine Regression Battle 20250911.pgn

No:  B/W 1/2     W:B       1:2           Time        Value Moves Dep 1:2       1-2-Draws
   1 B 2    1.0:0.0        0.0:1.0       1:24:03 PM   -23.61    73 3.190 :5.000  0-1-0

--------------------------------------------------------------

Engine-Match Thursday, September 11, 2025 1:24:04 PM
 Tournament Game in 5 Minutes 

Pairing 68/78 :    Stockfish 1%  -  V7P3R_v10.4

PGN-File: C:\Program Files (x86)\Arena\Tournaments\Engine Regression Battle 20250911.pgn

No:  B/W 1/2     W:B       1:2           Time        Value Moves Dep 1:2       1-2-Draws
   1 W 1    1.0:0.0        1.0:0.0       1:25:59 PM   +12.03    12 15.500 :4.000  1-0-0

--------------------------------------------------------------

Engine-Match Thursday, September 11, 2025 1:26:00 PM
 Tournament Game in 5 Minutes 

Pairing 69/78 :    V7P3R_v10.5  -  Random_Opponent

PGN-File: C:\Program Files (x86)\Arena\Tournaments\Engine Regression Battle 20250911.pgn

No:  B/W 1/2     W:B       1:2           Time        Value Moves Dep 1:2       1-2-Draws
   1 W 1    1.0:0.0        1.0:0.0       1:29:13 PM  +289.98    24 5.050 :0 1-0-0

--------------------------------------------------------------

Engine-Match Thursday, September 11, 2025 1:29:15 PM
 Tournament Game in 5 Minutes 

Pairing 70/78 :    V7P3R_v9.0  -  V7P3R_v10.6

PGN-File: C:\Program Files (x86)\Arena\Tournaments\Engine Regression Battle 20250911.pgn

No:  B/W 1/2     W:B       1:2           Time        Value Moves Dep 1:2       1-2-Draws
   1 B 2    1.0:0.0        0.0:1.0       1:31:26 PM   -70.00    12 6.000 :3.778  0-1-0

--------------------------------------------------------------

Engine-Match Thursday, September 11, 2025 1:31:27 PM
 Tournament Game in 5 Minutes 

Pairing 71/78 :    V7P3R_v5.1  -  V7P3R_v8.0

PGN-File: C:\Program Files (x86)\Arena\Tournaments\Engine Regression Battle 20250911.pgn

No:  B/W 1/2     W:B       1:2           Time        Value Moves Dep 1:2       1-2-Draws
   1 B 2    1.0:0.0        0.0:1.0       1:33:38 PM   -23.04    11 3.818 :5.900  0-1-0

--------------------------------------------------------------

Engine-Match Thursday, September 11, 2025 1:33:40 PM
 Tournament Game in 5 Minutes 

Pairing 72/78 :    V7P3R_v7.0  -  V7P3R_v6.0

PGN-File: C:\Program Files (x86)\Arena\Tournaments\Engine Regression Battle 20250911.pgn

No:  B/W 1/2     W:B       1:2           Time        Value Moves Dep 1:2       1-2-Draws
   1 W 1    1.0:0.0        1.0:0.0       1:37:02 PM   +34.29     9 5.778 :3.000  1-0-0

--------------------------------------------------------------

Engine-Match Thursday, September 11, 2025 1:37:04 PM
 Tournament Game in 5 Minutes 

Pairing 73/78 :    V7P3R_v10.2  -  Stockfish 1%

PGN-File: C:\Program Files (x86)\Arena\Tournaments\Engine Regression Battle 20250911.pgn

No:  B/W 1/2     W:B       1:2           Time        Value Moves Dep 1:2       1-2-Draws
   1 B 2    1.0:0.0        0.0:1.0       1:41:48 PM      -M1    64 4.563 :13.700  0-1-0

--------------------------------------------------------------

Engine-Match Thursday, September 11, 2025 1:41:49 PM
 Tournament Game in 5 Minutes 

Pairing 74/78 :    Random_Opponent  -  V7P3R_v10.3

PGN-File: C:\Program Files (x86)\Arena\Tournaments\Engine Regression Battle 20250911.pgn

No:  B/W 1/2     W:B       1:2           Time        Value Moves Dep 1:2       1-2-Draws
   1 B 2    1.0:0.0        0.0:1.0       1:43:51 PM  -289.96    12 0:3.364  0-1-0

--------------------------------------------------------------

Engine-Match Thursday, September 11, 2025 1:43:52 PM
 Tournament Game in 5 Minutes 

Pairing 75/78 :    V7P3R_v10.4  -  V7P3R_v9.0

PGN-File: C:\Program Files (x86)\Arena\Tournaments\Engine Regression Battle 20250911.pgn

No:  B/W 1/2     W:B       1:2           Time        Value Moves Dep 1:2       1-2-Draws
   1 W 1    1.0:0.0        1.0:0.0       1:46:47 PM  +295.00    12 4.091 :6.000  1-0-0

--------------------------------------------------------------

Engine-Match Thursday, September 11, 2025 1:46:48 PM
 Tournament Game in 5 Minutes 

Pairing 76/78 :    V7P3R_v8.0  -  V7P3R_v10.5

PGN-File: C:\Program Files (x86)\Arena\Tournaments\Engine Regression Battle 20250911.pgn

No:  B/W 1/2     W:B       1:2           Time        Value Moves Dep 1:2       1-2-Draws
   1 B 2    1.0:0.0        0.0:1.0       1:49:18 PM  -275.00    11 5.818 :4.750  0-1-0

--------------------------------------------------------------

Engine-Match Thursday, September 11, 2025 1:49:20 PM
 Tournament Game in 5 Minutes 

Pairing 77/78 :    V7P3R_v10.6  -  V7P3R_v7.0

PGN-File: C:\Program Files (x86)\Arena\Tournaments\Engine Regression Battle 20250911.pgn

No:  B/W 1/2     W:B       1:2           Time        Value Moves Dep 1:2       1-2-Draws
   1 W 1    1.0:0.0        1.0:0.0       1:51:56 PM  +110.00     5 4.667 :6.000  1-0-0

--------------------------------------------------------------

Engine-Match Thursday, September 11, 2025 1:51:58 PM
 Tournament Game in 5 Minutes 

Pairing 78/78 :    V7P3R_v6.0  -  V7P3R_v5.1

PGN-File: C:\Program Files (x86)\Arena\Tournaments\Engine Regression Battle 20250911.pgn

No:  B/W 1/2     W:B       1:2           Time        Value Moves Dep 1:2       1-2-Draws
   1 B 2    1.0:0.0        0.0:1.0       1:54:57 PM   -45.97    13 3.000 :3.333  0-1-0

--------------------------------------------------------------

Engine-Match Thursday, September 11, 2025 1:54:59 PM
 Tournament Game in 5 Minutes 

Pairing 1/78 :    V7P3R_v10.0  -  Random_Opponent

PGN-File: C:\Program Files (x86)\Arena\Tournaments\Engine Regression Battle 20250911.pgn

No:  B/W 1/2     W:B       1:2           Time        Value Moves Dep 1:2       1-2-Draws
   2 B 1    1.0:0.0        2.0:0.0       1:58:13 PM  -289.98    18 5.333 :0 2-0-0

--------------------------------------------------------------

Engine-Match Thursday, September 11, 2025 1:58:14 PM
 Tournament Game in 5 Minutes 

Pairing 2/78 :    V7P3R_v9.0  -  V7P3R_v10.2

PGN-File: C:\Program Files (x86)\Arena\Tournaments\Engine Regression Battle 20250911.pgn

No:  B/W 1/2     W:B       1:2           Time        Value Moves Dep 1:2       1-2-Draws
   2 W 2    1.0:0.0        0.0:2.0       2:00:20 PM  +100.00     9 6.000 :4.778  0-2-0

--------------------------------------------------------------

Engine-Match Thursday, September 11, 2025 2:00:27 PM
 Tournament Game in 5 Minutes 

Pairing 3/78 :    V7P3R_v10.3  -  V7P3R_v8.0

PGN-File: C:\Program Files (x86)\Arena\Tournaments\Engine Regression Battle 20250911.pgn

No:  B/W 1/2     W:B       1:2           Time        Value Moves Dep 1:2       1-2-Draws
   2 B 1    1.0:0.0        2.0:0.0       2:02:07 PM  -285.00     7 3.333 :5.571  2-0-0

--------------------------------------------------------------

Engine-Match Thursday, September 11, 2025 2:02:09 PM
 Tournament Game in 5 Minutes 

Pairing 4/78 :    V7P3R_v7.0  -  V7P3R_v10.4

PGN-File: C:\Program Files (x86)\Arena\Tournaments\Engine Regression Battle 20250911.pgn

No:  B/W 1/2     W:B       1:2           Time        Value Moves Dep 1:2       1-2-Draws
   2 W 2    1.0:0.0        1.0:1.0       2:04:42 PM  +110.00     5 6.000 :4.667  1-1-0

--------------------------------------------------------------

Engine-Match Thursday, September 11, 2025 2:04:43 PM
 Tournament Game in 5 Minutes 

Pairing 5/78 :    V7P3R_v10.5  -  V7P3R_v6.0

PGN-File: C:\Program Files (x86)\Arena\Tournaments\Engine Regression Battle 20250911.pgn

No:  B/W 1/2     W:B       1:2           Time        Value Moves Dep 1:2       1-2-Draws
   2 B 1    1.0:0.0        2.0:0.0       2:07:09 PM   -24.87     9 5.000 :3.000  2-0-0

--------------------------------------------------------------

Engine-Match Thursday, September 11, 2025 2:07:10 PM
 Tournament Game in 5 Minutes 

Pairing 6/78 :    V7P3R_v5.1  -  V7P3R_v10.6

PGN-File: C:\Program Files (x86)\Arena\Tournaments\Engine Regression Battle 20250911.pgn

No:  B/W 1/2     W:B       1:2           Time        Value Moves Dep 1:2       1-2-Draws
   2 W 2    1.0:0.0        0.0:2.0       2:08:54 PM   +44.89     6 3.833 :4.600  0-2-0

--------------------------------------------------------------

Engine-Match Thursday, September 11, 2025 2:08:55 PM
 Tournament Game in 5 Minutes 

Pairing 7/78 :    Stockfish 1%  -  V7P3R_v9.0

PGN-File: C:\Program Files (x86)\Arena\Tournaments\Engine Regression Battle 20250911.pgn

No:  B/W 1/2     W:B       1:2           Time        Value Moves Dep 1:2       1-2-Draws
   2 B 1    1.0:0.0        2.0:0.0       2:09:57 PM  -300.00    15 13.538 :6.000  2-0-0

--------------------------------------------------------------

Engine-Match Thursday, September 11, 2025 2:09:58 PM
 Tournament Game in 5 Minutes 

Pairing 8/78 :    V7P3R_v8.0  -  V7P3R_v10.0

PGN-File: C:\Program Files (x86)\Arena\Tournaments\Engine Regression Battle 20250911.pgn

No:  B/W 1/2     W:B       1:2           Time        Value Moves Dep 1:2       1-2-Draws
   2 W 2    1.0:0.0        0.0:2.0       2:14:06 PM  +200.00    20 5.600 :5.150  0-2-0

--------------------------------------------------------------

Engine-Match Thursday, September 11, 2025 2:14:07 PM
 Tournament Game in 5 Minutes 

Pairing 9/78 :    V7P3R_v10.2  -  V7P3R_v7.0

PGN-File: C:\Program Files (x86)\Arena\Tournaments\Engine Regression Battle 20250911.pgn

No:  B/W 1/2     W:B       1:2           Time        Value Moves Dep 1:2       1-2-Draws
   2 B 1    1.0:0.0        2.0:0.0       2:20:18 PM  -165.00    19 5.000 :5.368  2-0-0

--------------------------------------------------------------

Engine-Match Thursday, September 11, 2025 2:20:20 PM
 Tournament Game in 5 Minutes 

Pairing 10/78 :    V7P3R_v6.0  -  V7P3R_v10.3

PGN-File: C:\Program Files (x86)\Arena\Tournaments\Engine Regression Battle 20250911.pgn

No:  B/W 1/2     W:B       1:2           Time        Value Moves Dep 1:2       1-2-Draws
   2 W 2    1.0:0.0        0.0:2.0       2:22:45 PM  +289.98     7 3.000 :4.000  0-2-0

--------------------------------------------------------------

Engine-Match Thursday, September 11, 2025 2:22:46 PM
 Tournament Game in 5 Minutes 

Pairing 11/78 :    V7P3R_v10.4  -  V7P3R_v5.1

PGN-File: C:\Program Files (x86)\Arena\Tournaments\Engine Regression Battle 20250911.pgn

No:  B/W 1/2     W:B       1:2           Time        Value Moves Dep 1:2       1-2-Draws
   2 B 1    1.0:0.0        2.0:0.0       2:28:36 PM   -29.60    39 4.188 :3.182  2-0-0

--------------------------------------------------------------

Engine-Match Thursday, September 11, 2025 2:28:38 PM
 Tournament Game in 5 Minutes 

Pairing 12/78 :    V7P3R_v10.6  -  V7P3R_v10.5

PGN-File: C:\Program Files (x86)\Arena\Tournaments\Engine Regression Battle 20250911.pgn

No:  B/W 1/2     W:B       1:2           Time        Value Moves Dep 1:2       1-2-Draws
   2 B 1    1.5:0.5        1.5:0.5       2:35:02 PM  -289.98    31 3.455 :4.500  1-0-1

--------------------------------------------------------------

Engine-Match Thursday, September 11, 2025 2:35:03 PM
 Tournament Game in 5 Minutes 

Pairing 13/78 :    Random_Opponent  -  V7P3R_v8.0

PGN-File: C:\Program Files (x86)\Arena\Tournaments\Engine Regression Battle 20250911.pgn

No:  B/W 1/2     W:B       1:2           Time        Value Moves Dep 1:2       1-2-Draws
   2 W 2    1.0:0.0        0.0:2.0       2:36:15 PM      +M1    15 0:5.933  0-2-0

--------------------------------------------------------------

Engine-Match Thursday, September 11, 2025 2:36:17 PM
 Tournament Game in 5 Minutes 

Pairing 14/78 :    V7P3R_v7.0  -  Stockfish 1%

PGN-File: C:\Program Files (x86)\Arena\Tournaments\Engine Regression Battle 20250911.pgn

No:  B/W 1/2     W:B       1:2           Time        Value Moves Dep 1:2       1-2-Draws
   2 W 2    1.0:0.0        0.0:2.0       2:39:37 PM  +121.00    18 5.333 :12.533  0-2-0

--------------------------------------------------------------

Engine-Match Thursday, September 11, 2025 2:39:39 PM
 Tournament Game in 5 Minutes 

Pairing 15/78 :    V7P3R_v10.0  -  V7P3R_v6.0

PGN-File: C:\Program Files (x86)\Arena\Tournaments\Engine Regression Battle 20250911.pgn

No:  B/W 1/2     W:B       1:2           Time        Value Moves Dep 1:2       1-2-Draws
   2 B 1    1.0:0.0        2.0:0.0       2:42:21 PM   -24.83     9 5.875 :3.000  2-0-0

--------------------------------------------------------------

Engine-Match Thursday, September 11, 2025 2:42:23 PM
 Tournament Game in 5 Minutes 

Pairing 16/78 :    V7P3R_v5.1  -  V7P3R_v10.2

PGN-File: C:\Program Files (x86)\Arena\Tournaments\Engine Regression Battle 20250911.pgn

No:  B/W 1/2     W:B       1:2           Time        Value Moves Dep 1:2       1-2-Draws
   2 W 2    1.0:0.0        0.0:2.0       2:43:56 PM   +45.54     6 4.000 :5.500  0-2-0

--------------------------------------------------------------

Engine-Match Thursday, September 11, 2025 2:43:58 PM
 Tournament Game in 5 Minutes 

Pairing 17/78 :    V7P3R_v10.3  -  V7P3R_v10.6

PGN-File: C:\Program Files (x86)\Arena\Tournaments\Engine Regression Battle 20250911.pgn

No:  B/W 1/2     W:B       1:2           Time        Value Moves Dep 1:2       1-2-Draws
   2 W 2    1.0:0.0        0.0:2.0       2:50:21 PM     0.00    29 3.160 :3.750  0-2-0

--------------------------------------------------------------

Engine-Match Thursday, September 11, 2025 2:50:22 PM
 Tournament Game in 5 Minutes 

Pairing 18/78 :    V7P3R_v10.5  -  V7P3R_v10.4

PGN-File: C:\Program Files (x86)\Arena\Tournaments\Engine Regression Battle 20250911.pgn

No:  B/W 1/2     W:B       1:2           Time        Value Moves Dep 1:2       1-2-Draws
   2 W 2    1.0:0.0        0.0:2.0       2:57:03 PM   +10.20    45 4.882 :3.773  0-2-0

--------------------------------------------------------------

Engine-Match Thursday, September 11, 2025 2:57:04 PM
 Tournament Game in 5 Minutes 

Pairing 19/78 :    V7P3R_v9.0  -  V7P3R_v7.0

PGN-File: C:\Program Files (x86)\Arena\Tournaments\Engine Regression Battle 20250911.pgn

No:  B/W 1/2     W:B       1:2           Time        Value Moves Dep 1:2       1-2-Draws
   2 W 2    1.0:0.0        1.0:1.0       3:01:48 PM    +M500    17 6.000 :5.353  1-1-0

--------------------------------------------------------------

Engine-Match Thursday, September 11, 2025 3:01:50 PM
 Tournament Game in 5 Minutes 

Pairing 20/78 :    V7P3R_v6.0  -  Random_Opponent

PGN-File: C:\Program Files (x86)\Arena\Tournaments\Engine Regression Battle 20250911.pgn

No:  B/W 1/2     W:B       1:2           Time        Value Moves Dep 1:2       1-2-Draws
   2 B 1    1.0:0.0        2.0:0.0       3:04:06 PM     0.00    17 3.000 :0 2-0-0

--------------------------------------------------------------

Engine-Match Thursday, September 11, 2025 3:04:07 PM
 Tournament Game in 5 Minutes 

Pairing 21/78 :    Stockfish 1%  -  V7P3R_v5.1

PGN-File: C:\Program Files (x86)\Arena\Tournaments\Engine Regression Battle 20250911.pgn

No:  B/W 1/2     W:B       1:2           Time        Value Moves Dep 1:2       1-2-Draws
   2 B 1    1.0:0.0        2.0:0.0       3:05:53 PM   -27.29    14 13.462 :3.214  2-0-0

--------------------------------------------------------------

Engine-Match Thursday, September 11, 2025 3:05:54 PM
 Tournament Game in 5 Minutes 

Pairing 22/78 :    V7P3R_v10.6  -  V7P3R_v10.0

PGN-File: C:\Program Files (x86)\Arena\Tournaments\Engine Regression Battle 20250911.pgn

No:  B/W 1/2     W:B       1:2           Time        Value Moves Dep 1:2       1-2-Draws
   2 = =    0.5:0.5        0.5:1.5       3:13:22 PM    +1.20    54 4.056 :5.565  0-1-1

--------------------------------------------------------------

Engine-Match Thursday, September 11, 2025 3:13:29 PM
 Tournament Game in 5 Minutes 

Pairing 23/78 :    V7P3R_v10.2  -  V7P3R_v10.5

PGN-File: C:\Program Files (x86)\Arena\Tournaments\Engine Regression Battle 20250911.pgn

No:  B/W 1/2     W:B       1:2           Time        Value Moves Dep 1:2       1-2-Draws
   2 = =    1.0:1.0        1.0:1.0       3:18:27 PM   +12.70    60 5.571 :5.000  0-0-2

--------------------------------------------------------------

Engine-Match Thursday, September 11, 2025 3:18:28 PM
 Tournament Game in 5 Minutes 

Pairing 24/78 :    V7P3R_v10.4  -  V7P3R_v10.3

PGN-File: C:\Program Files (x86)\Arena\Tournaments\Engine Regression Battle 20250911.pgn

No:  B/W 1/2     W:B       1:2           Time        Value Moves Dep 1:2       1-2-Draws
   2 = =    0.5:0.5        1.5:0.5       3:27:08 PM     0.00    64 3.440 :2.852  1-0-1

--------------------------------------------------------------

Engine-Match Thursday, September 11, 2025 3:27:09 PM
 Tournament Game in 5 Minutes 

Pairing 25/78 :    V7P3R_v8.0  -  V7P3R_v6.0

PGN-File: C:\Program Files (x86)\Arena\Tournaments\Engine Regression Battle 20250911.pgn

No:  B/W 1/2     W:B       1:2           Time        Value Moves Dep 1:2       1-2-Draws
   2 B 1    1.0:0.0        2.0:0.0       3:29:17 PM   -27.71    10 6.000 :3.000  2-0-0

--------------------------------------------------------------

Engine-Match Thursday, September 11, 2025 3:29:18 PM
 Tournament Game in 5 Minutes 

Pairing 26/78 :    V7P3R_v5.1  -  V7P3R_v9.0

PGN-File: C:\Program Files (x86)\Arena\Tournaments\Engine Regression Battle 20250911.pgn

No:  B/W 1/2     W:B       1:2           Time        Value Moves Dep 1:2       1-2-Draws
   2 B 1    1.0:0.0        1.0:1.0       3:31:07 PM  -221.00    11 3.300 :6.000  1-1-0

--------------------------------------------------------------

Engine-Match Thursday, September 11, 2025 3:31:08 PM
 Tournament Game in 5 Minutes 

Pairing 27/78 :    Random_Opponent  -  V7P3R_v10.6

PGN-File: C:\Program Files (x86)\Arena\Tournaments\Engine Regression Battle 20250911.pgn

No:  B/W 1/2     W:B       1:2           Time        Value Moves Dep 1:2       1-2-Draws
   2 W 2    1.0:0.0        0.0:2.0       3:32:53 PM  +289.97    11 0:4.273  0-2-0

--------------------------------------------------------------

Engine-Match Thursday, September 11, 2025 3:32:54 PM
 Tournament Game in 5 Minutes 

Pairing 28/78 :    V7P3R_v10.5  -  Stockfish 1%

PGN-File: C:\Program Files (x86)\Arena\Tournaments\Engine Regression Battle 20250911.pgn

No:  B/W 1/2     W:B       1:2           Time        Value Moves Dep 1:2       1-2-Draws
   2 W 2    1.0:0.0        0.0:2.0       3:36:23 PM      +M1    36 4.296 :13.643  0-2-0

--------------------------------------------------------------

Engine-Match Thursday, September 11, 2025 3:36:24 PM
 Tournament Game in 5 Minutes 

Pairing 29/78 :    V7P3R_v10.0  -  V7P3R_v10.4

PGN-File: C:\Program Files (x86)\Arena\Tournaments\Engine Regression Battle 20250911.pgn

No:  B/W 1/2     W:B       1:2           Time        Value Moves Dep 1:2       1-2-Draws
   2 B 1    1.0:0.0        2.0:0.0       3:45:15 PM  -289.98    61 5.235 :3.923  2-0-0

--------------------------------------------------------------

Engine-Match Thursday, September 11, 2025 3:45:16 PM
 Tournament Game in 5 Minutes 

Pairing 30/78 :    V7P3R_v10.3  -  V7P3R_v10.2

PGN-File: C:\Program Files (x86)\Arena\Tournaments\Engine Regression Battle 20250911.pgn

No:  B/W 1/2     W:B       1:2           Time        Value Moves Dep 1:2       1-2-Draws
   2 W 2    1.0:0.0        1.0:1.0       3:49:41 PM   +21.43    15 3.143 :4.692  1-1-0

--------------------------------------------------------------

Engine-Match Thursday, September 11, 2025 3:49:42 PM
 Tournament Game in 5 Minutes 

Pairing 31/78 :    V7P3R_v7.0  -  V7P3R_v5.1

PGN-File: C:\Program Files (x86)\Arena\Tournaments\Engine Regression Battle 20250911.pgn

No:  B/W 1/2     W:B       1:2           Time        Value Moves Dep 1:2       1-2-Draws
   2 B 1    1.0:0.0        1.0:1.0       3:52:55 PM   -19.60    11 5.400 :3.182  1-1-0

--------------------------------------------------------------

Engine-Match Thursday, September 11, 2025 3:52:57 PM
 Tournament Game in 5 Minutes 

Pairing 32/78 :    V7P3R_v10.6  -  V7P3R_v8.0

PGN-File: C:\Program Files (x86)\Arena\Tournaments\Engine Regression Battle 20250911.pgn

No:  B/W 1/2     W:B       1:2           Time        Value Moves Dep 1:2       1-2-Draws
   2 B 1    1.0:0.0        2.0:0.0       3:55:58 PM  -200.00    13 4.111 :5.462  2-0-0

--------------------------------------------------------------

Engine-Match Thursday, September 11, 2025 3:55:59 PM
 Tournament Game in 5 Minutes 

Pairing 33/78 :    V7P3R_v9.0  -  V7P3R_v10.5

PGN-File: C:\Program Files (x86)\Arena\Tournaments\Engine Regression Battle 20250911.pgn

No:  B/W 1/2     W:B       1:2           Time        Value Moves Dep 1:2       1-2-Draws
   2 W 2    1.0:0.0        0.0:2.0       3:58:11 PM  +310.00     9 6.000 :4.750  0-2-0

--------------------------------------------------------------

Engine-Match Thursday, September 11, 2025 3:58:12 PM
 Tournament Game in 5 Minutes 

Pairing 34/78 :    V7P3R_v10.4  -  Random_Opponent

PGN-File: C:\Program Files (x86)\Arena\Tournaments\Engine Regression Battle 20250911.pgn

No:  B/W 1/2     W:B       1:2           Time        Value Moves Dep 1:2       1-2-Draws
   2 B 1    1.0:0.0        2.0:0.0       4:00:35 PM  -289.97    15 4.077 :0 2-0-0

--------------------------------------------------------------

Engine-Match Thursday, September 11, 2025 4:00:36 PM
 Tournament Game in 5 Minutes 

Pairing 35/78 :    Stockfish 1%  -  V7P3R_v10.3

PGN-File: C:\Program Files (x86)\Arena\Tournaments\Engine Regression Battle 20250911.pgn

No:  B/W 1/2     W:B       1:2           Time        Value Moves Dep 1:2       1-2-Draws
   2 B 1    1.0:0.0        2.0:0.0       4:04:34 PM      -M1    31 11.933 :3.103  2-0-0

--------------------------------------------------------------

Engine-Match Thursday, September 11, 2025 4:04:35 PM
 Tournament Game in 5 Minutes 

Pairing 36/78 :    V7P3R_v10.2  -  V7P3R_v10.0

PGN-File: C:\Program Files (x86)\Arena\Tournaments\Engine Regression Battle 20250911.pgn

No:  B/W 1/2     W:B       1:2           Time        Value Moves Dep 1:2       1-2-Draws
   2 = =    1.0:1.0        1.0:1.0       4:11:09 PM     0.00    49 5.667 :5.481  0-0-2

--------------------------------------------------------------

Engine-Match Thursday, September 11, 2025 4:11:11 PM
 Tournament Game in 5 Minutes 

Pairing 37/78 :    V7P3R_v6.0  -  V7P3R_v10.6

PGN-File: C:\Program Files (x86)\Arena\Tournaments\Engine Regression Battle 20250911.pgn

No:  B/W 1/2     W:B       1:2           Time        Value Moves Dep 1:2       1-2-Draws
   2 W 2    1.0:0.0        0.0:2.0       4:14:20 PM   +36.73    13 3.000 :4.455  0-2-0

--------------------------------------------------------------

Engine-Match Thursday, September 11, 2025 4:14:21 PM
 Tournament Game in 5 Minutes 

Pairing 38/78 :    V7P3R_v10.5  -  V7P3R_v7.0

PGN-File: C:\Program Files (x86)\Arena\Tournaments\Engine Regression Battle 20250911.pgn

No:  B/W 1/2     W:B       1:2           Time        Value Moves Dep 1:2       1-2-Draws
   2 B 1    1.0:0.0        2.0:0.0       4:17:25 PM  -120.00     8 5.167 :6.000  2-0-0

--------------------------------------------------------------

Engine-Match Thursday, September 11, 2025 4:17:27 PM
 Tournament Game in 5 Minutes 

Pairing 39/78 :    V7P3R_v8.0  -  V7P3R_v10.4

PGN-File: C:\Program Files (x86)\Arena\Tournaments\Engine Regression Battle 20250911.pgn

No:  B/W 1/2     W:B       1:2           Time        Value Moves Dep 1:2       1-2-Draws
   2 W 2    1.0:0.0        0.0:2.0       4:20:46 PM   +21.00    15 5.600 :4.091  0-2-0

--------------------------------------------------------------

Engine-Match Thursday, September 11, 2025 4:20:47 PM
 Tournament Game in 5 Minutes 

Pairing 40/78 :    V7P3R_v10.3  -  V7P3R_v9.0

PGN-File: C:\Program Files (x86)\Arena\Tournaments\Engine Regression Battle 20250911.pgn

No:  B/W 1/2     W:B       1:2           Time        Value Moves Dep 1:2       1-2-Draws
   2 B 1    1.0:0.0        2.0:0.0       4:22:47 PM  -230.00     9 3.286 :6.000  2-0-0

--------------------------------------------------------------

Engine-Match Thursday, September 11, 2025 4:22:48 PM
 Tournament Game in 5 Minutes 

Pairing 41/78 :    Random_Opponent  -  V7P3R_v10.2

PGN-File: C:\Program Files (x86)\Arena\Tournaments\Engine Regression Battle 20250911.pgn

No:  B/W 1/2     W:B       1:2           Time        Value Moves Dep 1:2       1-2-Draws
   2 W 2    1.0:0.0        0.0:2.0       4:24:57 PM  +289.99    15 0:5.214  0-2-0

--------------------------------------------------------------

Engine-Match Thursday, September 11, 2025 4:24:58 PM
 Tournament Game in 5 Minutes 

Pairing 42/78 :    V7P3R_v10.0  -  Stockfish 1%

PGN-File: C:\Program Files (x86)\Arena\Tournaments\Engine Regression Battle 20250911.pgn

No:  B/W 1/2     W:B       1:2           Time        Value Moves Dep 1:2       1-2-Draws
   2 W 2    1.0:0.0        1.0:1.0       4:29:19 PM      +M1    41 5.025 :13.300  1-1-0

--------------------------------------------------------------

Engine-Match Thursday, September 11, 2025 4:29:26 PM
 Tournament Game in 5 Minutes 

Pairing 43/78 :    V7P3R_v5.1  -  V7P3R_v10.5

PGN-File: C:\Program Files (x86)\Arena\Tournaments\Engine Regression Battle 20250911.pgn

No:  B/W 1/2     W:B       1:2           Time        Value Moves Dep 1:2       1-2-Draws
   2 W 2    1.0:0.0        0.0:2.0       4:31:05 PM   +17.00     6 3.667 :5.333  0-2-0

--------------------------------------------------------------

Engine-Match Thursday, September 11, 2025 4:31:07 PM
 Tournament Game in 5 Minutes 

Pairing 44/78 :    V7P3R_v10.4  -  V7P3R_v6.0

PGN-File: C:\Program Files (x86)\Arena\Tournaments\Engine Regression Battle 20250911.pgn

No:  B/W 1/2     W:B       1:2           Time        Value Moves Dep 1:2       1-2-Draws
   2 B 1    1.0:0.0        2.0:0.0       4:34:08 PM   -35.55    14 4.500 :3.000  2-0-0

--------------------------------------------------------------

Engine-Match Thursday, September 11, 2025 4:34:09 PM
 Tournament Game in 5 Minutes 

Pairing 45/78 :    V7P3R_v7.0  -  V7P3R_v10.3

PGN-File: C:\Program Files (x86)\Arena\Tournaments\Engine Regression Battle 20250911.pgn

No:  B/W 1/2     W:B       1:2           Time        Value Moves Dep 1:2       1-2-Draws
   2 W 2    1.5:0.5        0.5:1.5       4:36:59 PM  +110.00     9 5.667 :3.250  0-1-1

--------------------------------------------------------------

Engine-Match Thursday, September 11, 2025 4:37:00 PM
 Tournament Game in 5 Minutes 

Pairing 46/78 :    V7P3R_v10.2  -  V7P3R_v8.0

PGN-File: C:\Program Files (x86)\Arena\Tournaments\Engine Regression Battle 20250911.pgn

No:  B/W 1/2     W:B       1:2           Time        Value Moves Dep 1:2       1-2-Draws
   2 B 1    1.0:0.0        2.0:0.0       4:39:32 PM    -9.00    13 4.889 :5.923  2-0-0

--------------------------------------------------------------

Engine-Match Thursday, September 11, 2025 4:39:33 PM
 Tournament Game in 5 Minutes 

Pairing 47/78 :    V7P3R_v9.0  -  V7P3R_v10.0

PGN-File: C:\Program Files (x86)\Arena\Tournaments\Engine Regression Battle 20250911.pgn

No:  B/W 1/2     W:B       1:2           Time        Value Moves Dep 1:2       1-2-Draws
   2 W 2    1.0:0.0        0.0:2.0       4:42:14 PM  +215.00    10 6.000 :5.800  0-2-0

--------------------------------------------------------------

Engine-Match Thursday, September 11, 2025 4:42:15 PM
 Tournament Game in 5 Minutes 

Pairing 48/78 :    Stockfish 1%  -  Random_Opponent

PGN-File: C:\Program Files (x86)\Arena\Tournaments\Engine Regression Battle 20250911.pgn

No:  B/W 1/2     W:B       1:2           Time        Value Moves Dep 1:2       1-2-Draws
   2 B 1    1.0:0.0        2.0:0.0       4:42:27 PM      -M1    17 13.500 :0 2-0-0

--------------------------------------------------------------

Engine-Match Thursday, September 11, 2025 4:42:28 PM
 Tournament Game in 5 Minutes 

Pairing 49/78 :    V7P3R_v10.6  -  V7P3R_v10.4

PGN-File: C:\Program Files (x86)\Arena\Tournaments\Engine Regression Battle 20250911.pgn

No:  B/W 1/2     W:B       1:2           Time        Value Moves Dep 1:2       1-2-Draws
   2 = =    0.5:0.5        1.5:0.5       4:50:00 PM     0.00    78 3.556 :3.824  1-0-1

--------------------------------------------------------------

Engine-Match Thursday, September 11, 2025 4:50:01 PM
 Tournament Game in 5 Minutes 

Pairing 50/78 :    V7P3R_v10.3  -  V7P3R_v5.1

PGN-File: C:\Program Files (x86)\Arena\Tournaments\Engine Regression Battle 20250911.pgn

No:  B/W 1/2     W:B       1:2           Time        Value Moves Dep 1:2       1-2-Draws
   2 B 1    1.0:0.0        2.0:0.0       4:55:25 PM   -22.45    21 3.450 :3.143  2-0-0

--------------------------------------------------------------

Engine-Match Thursday, September 11, 2025 4:55:26 PM
 Tournament Game in 5 Minutes 

Pairing 51/78 :    V7P3R_v6.0  -  V7P3R_v10.2

PGN-File: C:\Program Files (x86)\Arena\Tournaments\Engine Regression Battle 20250911.pgn

No:  B/W 1/2     W:B       1:2           Time        Value Moves Dep 1:2       1-2-Draws
   2 W 2    1.0:0.0        0.0:2.0       4:58:28 PM   +39.83    11 3.000 :5.625  0-2-0

--------------------------------------------------------------

Engine-Match Thursday, September 11, 2025 4:58:29 PM
 Tournament Game in 5 Minutes 

Pairing 52/78 :    V7P3R_v10.0  -  V7P3R_v7.0

PGN-File: C:\Program Files (x86)\Arena\Tournaments\Engine Regression Battle 20250911.pgn

No:  B/W 1/2     W:B       1:2           Time        Value Moves Dep 1:2       1-2-Draws
   2 = =    0.5:0.5        1.5:0.5       5:07:50 PM  +107.00    59 5.190 :5.682  1-0-1

--------------------------------------------------------------

Engine-Match Thursday, September 11, 2025 5:07:52 PM
 Tournament Game in 5 Minutes 

Pairing 53/78 :    V7P3R_v8.0  -  Stockfish 1%

PGN-File: C:\Program Files (x86)\Arena\Tournaments\Engine Regression Battle 20250911.pgn

No:  B/W 1/2     W:B       1:2           Time        Value Moves Dep 1:2       1-2-Draws
   2 W 2    1.0:0.0        0.0:2.0       5:08:39 PM    +M500    11 6.000 :14.000  0-2-0

--------------------------------------------------------------

Engine-Match Thursday, September 11, 2025 5:08:41 PM
 Tournament Game in 5 Minutes 

Pairing 54/78 :    Random_Opponent  -  V7P3R_v9.0

PGN-File: C:\Program Files (x86)\Arena\Tournaments\Engine Regression Battle 20250911.pgn

No:  B/W 1/2     W:B       1:2           Time        Value Moves Dep 1:2       1-2-Draws
   2 W 2    1.0:0.0        0.0:2.0       5:09:16 PM      +M1    10 0:6.000  0-2-0

--------------------------------------------------------------

Engine-Match Thursday, September 11, 2025 5:09:18 PM
 Tournament Game in 5 Minutes 

Pairing 55/78 :    V7P3R_v10.5  -  V7P3R_v10.3

PGN-File: C:\Program Files (x86)\Arena\Tournaments\Engine Regression Battle 20250911.pgn

No:  B/W 1/2     W:B       1:2           Time        Value Moves Dep 1:2       1-2-Draws
   2 B 1    1.0:0.0        2.0:0.0       5:13:57 PM   -10.59    15 4.545 :3.000  2-0-0

--------------------------------------------------------------

Engine-Match Thursday, September 11, 2025 5:13:59 PM
 Tournament Game in 5 Minutes 

Pairing 56/78 :    V7P3R_v10.2  -  V7P3R_v10.6

PGN-File: C:\Program Files (x86)\Arena\Tournaments\Engine Regression Battle 20250911.pgn

No:  B/W 1/2     W:B       1:2           Time        Value Moves Dep 1:2       1-2-Draws
   2 W 2    1.0:0.0        1.0:1.0       5:19:00 PM     0.00    23 5.308 :4.000  1-1-0

--------------------------------------------------------------

Engine-Match Thursday, September 11, 2025 5:19:01 PM
 Tournament Game in 5 Minutes 

Pairing 57/78 :    V7P3R_v5.1  -  V7P3R_v10.0

PGN-File: C:\Program Files (x86)\Arena\Tournaments\Engine Regression Battle 20250911.pgn

No:  B/W 1/2     W:B       1:2           Time        Value Moves Dep 1:2       1-2-Draws
   2 = =    0.5:0.5        0.5:1.5       5:23:42 PM   +33.20    23 3.182 :5.696  0-1-1

--------------------------------------------------------------

Engine-Match Thursday, September 11, 2025 5:23:44 PM
 Tournament Game in 5 Minutes 

Pairing 58/78 :    Stockfish 1%  -  V7P3R_v6.0

PGN-File: C:\Program Files (x86)\Arena\Tournaments\Engine Regression Battle 20250911.pgn

No:  B/W 1/2     W:B       1:2           Time        Value Moves Dep 1:2       1-2-Draws
   2 B 1    1.0:0.0        2.0:0.0       5:24:58 PM   -24.29     9 14.625 :3.000  2-0-0

--------------------------------------------------------------

Engine-Match Thursday, September 11, 2025 5:25:00 PM
 Tournament Game in 5 Minutes 

Pairing 59/78 :    V7P3R_v7.0  -  Random_Opponent

PGN-File: C:\Program Files (x86)\Arena\Tournaments\Engine Regression Battle 20250911.pgn

No:  B/W 1/2     W:B       1:2           Time        Value Moves Dep 1:2       1-2-Draws
   2 B 1    1.0:0.0        2.0:0.0       5:28:54 PM    -M500    22 5.955 :0 2-0-0

--------------------------------------------------------------

Engine-Match Thursday, September 11, 2025 5:28:55 PM
 Tournament Game in 5 Minutes 

Pairing 60/78 :    V7P3R_v9.0  -  V7P3R_v8.0

PGN-File: C:\Program Files (x86)\Arena\Tournaments\Engine Regression Battle 20250911.pgn

No:  B/W 1/2     W:B       1:2           Time        Value Moves Dep 1:2       1-2-Draws
   2 B 1    1.0:0.0        1.0:1.0       5:29:56 PM  -200.00     8 6.000 :5.250  1-1-0

--------------------------------------------------------------

Engine-Match Thursday, September 11, 2025 5:29:57 PM
 Tournament Game in 5 Minutes 

Pairing 61/78 :    V7P3R_v10.4  -  V7P3R_v10.2

PGN-File: C:\Program Files (x86)\Arena\Tournaments\Engine Regression Battle 20250911.pgn

No:  B/W 1/2     W:B       1:2           Time        Value Moves Dep 1:2       1-2-Draws
   2 = =    0.5:0.5        1.5:0.5       5:36:35 PM    -1.20    55 3.647 :4.588  1-0-1

--------------------------------------------------------------

Engine-Match Thursday, September 11, 2025 5:36:37 PM
 Tournament Game in 5 Minutes 

Pairing 62/78 :    V7P3R_v10.0  -  V7P3R_v10.5

PGN-File: C:\Program Files (x86)\Arena\Tournaments\Engine Regression Battle 20250911.pgn

No:  B/W 1/2     W:B       1:2           Time        Value Moves Dep 1:2       1-2-Draws
   2 B 1    1.5:0.5        1.5:0.5       5:42:13 PM  -289.98    26 5.269 :4.867  1-0-1

--------------------------------------------------------------

Engine-Match Thursday, September 11, 2025 5:42:19 PM
 Tournament Game in 5 Minutes 

Pairing 63/78 :    V7P3R_v10.6  -  Stockfish 1%

PGN-File: C:\Program Files (x86)\Arena\Tournaments\Engine Regression Battle 20250911.pgn

No:  B/W 1/2     W:B       1:2           Time        Value Moves Dep 1:2       1-2-Draws
   2 = =    0.5:0.5        0.5:1.5       5:46:05 PM    -2.00    48 3.688 :14.917  0-1-1

--------------------------------------------------------------

Engine-Match Thursday, September 11, 2025 5:46:06 PM
 Tournament Game in 5 Minutes 

Pairing 64/78 :    Random_Opponent  -  V7P3R_v5.1

PGN-File: C:\Program Files (x86)\Arena\Tournaments\Engine Regression Battle 20250911.pgn

No:  B/W 1/2     W:B       1:2           Time        Value Moves Dep 1:2       1-2-Draws
   2 W 2    1.0:0.0        0.0:2.0       5:48:06 PM     0.00    18 0:3.667  0-2-0

--------------------------------------------------------------

Engine-Match Thursday, September 11, 2025 5:48:08 PM
 Tournament Game in 5 Minutes 

Pairing 65/78 :    V7P3R_v6.0  -  V7P3R_v9.0

PGN-File: C:\Program Files (x86)\Arena\Tournaments\Engine Regression Battle 20250911.pgn

No:  B/W 1/2     W:B       1:2           Time        Value Moves Dep 1:2       1-2-Draws
   2 W 2    1.0:0.0        0.0:2.0       5:49:15 PM   +19.73     6 3.000 :6.000  0-2-0

--------------------------------------------------------------

Engine-Match Thursday, September 11, 2025 5:49:16 PM
 Tournament Game in 5 Minutes 

Pairing 66/78 :    V7P3R_v8.0  -  V7P3R_v7.0

PGN-File: C:\Program Files (x86)\Arena\Tournaments\Engine Regression Battle 20250911.pgn

No:  B/W 1/2     W:B       1:2           Time        Value Moves Dep 1:2       1-2-Draws
   2 B 1    1.0:0.0        1.0:1.0       5:51:28 PM   -10.00     5 5.500 :6.000  1-1-0

--------------------------------------------------------------

Engine-Match Thursday, September 11, 2025 5:51:29 PM
 Tournament Game in 5 Minutes 

Pairing 67/78 :    V7P3R_v10.3  -  V7P3R_v10.0

PGN-File: C:\Program Files (x86)\Arena\Tournaments\Engine Regression Battle 20250911.pgn

No:  B/W 1/2     W:B       1:2           Time        Value Moves Dep 1:2       1-2-Draws
   2 W 2    1.0:0.0        0.0:2.0       6:00:05 PM  +289.98    49 3.148 :4.724  0-2-0

--------------------------------------------------------------

Engine-Match Thursday, September 11, 2025 6:00:06 PM
 Tournament Game in 5 Minutes 

Pairing 68/78 :    Stockfish 1%  -  V7P3R_v10.4

PGN-File: C:\Program Files (x86)\Arena\Tournaments\Engine Regression Battle 20250911.pgn

No:  B/W 1/2     W:B       1:2           Time        Value Moves Dep 1:2       1-2-Draws
   2 B 1    1.0:0.0        2.0:0.0       6:05:07 PM   -22.13    94 13.308 :3.705  2-0-0

--------------------------------------------------------------

Engine-Match Thursday, September 11, 2025 6:05:09 PM
 Tournament Game in 5 Minutes 

Pairing 69/78 :    V7P3R_v10.5  -  Random_Opponent

PGN-File: C:\Program Files (x86)\Arena\Tournaments\Engine Regression Battle 20250911.pgn

No:  B/W 1/2     W:B       1:2           Time        Value Moves Dep 1:2       1-2-Draws
   2 B 1    1.0:0.0        2.0:0.0       6:07:12 PM  -289.99    15 5.000 :0 2-0-0

--------------------------------------------------------------

Engine-Match Thursday, September 11, 2025 6:07:13 PM
 Tournament Game in 5 Minutes 

Pairing 70/78 :    V7P3R_v9.0  -  V7P3R_v10.6

PGN-File: C:\Program Files (x86)\Arena\Tournaments\Engine Regression Battle 20250911.pgn

No:  B/W 1/2     W:B       1:2           Time        Value Moves Dep 1:2       1-2-Draws
   2 W 2    1.0:0.0        0.0:2.0       6:10:04 PM  +295.00    12 6.000 :4.091  0-2-0

--------------------------------------------------------------

Engine-Match Thursday, September 11, 2025 6:10:06 PM
 Tournament Game in 5 Minutes 

Pairing 71/78 :    V7P3R_v5.1  -  V7P3R_v8.0

PGN-File: C:\Program Files (x86)\Arena\Tournaments\Engine Regression Battle 20250911.pgn

No:  B/W 1/2     W:B       1:2           Time        Value Moves Dep 1:2       1-2-Draws
   2 W 2    1.0:0.0        0.0:2.0       6:12:08 PM      +M1    11 4.000 :6.000  0-2-0

--------------------------------------------------------------

Engine-Match Thursday, September 11, 2025 6:12:09 PM
 Tournament Game in 5 Minutes 

Pairing 72/78 :    V7P3R_v7.0  -  V7P3R_v6.0

PGN-File: C:\Program Files (x86)\Arena\Tournaments\Engine Regression Battle 20250911.pgn

No:  B/W 1/2     W:B       1:2           Time        Value Moves Dep 1:2       1-2-Draws
   2 B 1    1.0:0.0        2.0:0.0       6:15:49 PM   -20.97    11 5.900 :3.000  2-0-0

--------------------------------------------------------------

Engine-Match Thursday, September 11, 2025 6:15:50 PM
 Tournament Game in 5 Minutes 

Pairing 73/78 :    V7P3R_v10.2  -  Stockfish 1%

PGN-File: C:\Program Files (x86)\Arena\Tournaments\Engine Regression Battle 20250911.pgn

No:  B/W 1/2     W:B       1:2           Time        Value Moves Dep 1:2       1-2-Draws
   2 W 2    1.0:0.0        0.0:2.0       6:18:34 PM      +M1    17 5.333 :11.375  0-2-0

--------------------------------------------------------------

Engine-Match Thursday, September 11, 2025 6:18:36 PM
 Tournament Game in 5 Minutes 

Pairing 74/78 :    Random_Opponent  -  V7P3R_v10.3

PGN-File: C:\Program Files (x86)\Arena\Tournaments\Engine Regression Battle 20250911.pgn

No:  B/W 1/2     W:B       1:2           Time        Value Moves Dep 1:2       1-2-Draws
   2 W 2    1.0:0.0        0.0:2.0       6:22:25 PM  +289.96    33 0:3.030  0-2-0

--------------------------------------------------------------

Engine-Match Thursday, September 11, 2025 6:22:26 PM
 Tournament Game in 5 Minutes 

Pairing 75/78 :    V7P3R_v10.4  -  V7P3R_v9.0

PGN-File: C:\Program Files (x86)\Arena\Tournaments\Engine Regression Battle 20250911.pgn

No:  B/W 1/2     W:B       1:2           Time        Value Moves Dep 1:2       1-2-Draws
   2 B 1    1.0:0.0        2.0:0.0       6:24:34 PM   -70.00    12 3.778 :6.000  2-0-0

--------------------------------------------------------------

Engine-Match Thursday, September 11, 2025 6:24:35 PM
 Tournament Game in 5 Minutes 

Pairing 76/78 :    V7P3R_v8.0  -  V7P3R_v10.5

PGN-File: C:\Program Files (x86)\Arena\Tournaments\Engine Regression Battle 20250911.pgn

No:  B/W 1/2     W:B       1:2           Time        Value Moves Dep 1:2       1-2-Draws
   2 W 2    1.0:0.0        0.0:2.0       6:27:40 PM   +10.00    13 5.615 :5.000  0-2-0

--------------------------------------------------------------

Engine-Match Thursday, September 11, 2025 6:27:41 PM
 Tournament Game in 5 Minutes 

Pairing 77/78 :    V7P3R_v10.6  -  V7P3R_v7.0

PGN-File: C:\Program Files (x86)\Arena\Tournaments\Engine Regression Battle 20250911.pgn

No:  B/W 1/2     W:B       1:2           Time        Value Moves Dep 1:2       1-2-Draws
   2 B 1    1.0:0.0        2.0:0.0       6:36:22 PM    -M500    52 4.133 :5.895  2-0-0

--------------------------------------------------------------

Engine-Match Thursday, September 11, 2025 6:36:24 PM
 Tournament Game in 5 Minutes 

Pairing 78/78 :    V7P3R_v6.0  -  V7P3R_v5.1

PGN-File: C:\Program Files (x86)\Arena\Tournaments\Engine Regression Battle 20250911.pgn

No:  B/W 1/2     W:B       1:2           Time        Value Moves Dep 1:2       1-2-Draws
   2 W 2    1.0:0.0        0.0:2.0       6:39:42 PM   +60.97    14 3.000 :3.357  0-2-0

--------------------------------------------------------------

Engine-Match Thursday, September 11, 2025 6:39:43 PM
 Tournament Game in 5 Minutes 

Pairing 1/78 :    V7P3R_v10.0  -  Random_Opponent

PGN-File: C:\Program Files (x86)\Arena\Tournaments\Engine Regression Battle 20250911.pgn

No:  B/W 1/2     W:B       1:2           Time        Value Moves Dep 1:2       1-2-Draws
   3 W 1    1.0:0.0        3.0:0.0       6:42:16 PM  +289.99    20 5.300 :0 3-0-0

--------------------------------------------------------------

Engine-Match Thursday, September 11, 2025 6:42:17 PM
 Tournament Game in 5 Minutes 

Pairing 2/78 :    V7P3R_v9.0  -  V7P3R_v10.2

PGN-File: C:\Program Files (x86)\Arena\Tournaments\Engine Regression Battle 20250911.pgn

No:  B/W 1/2     W:B       1:2           Time        Value Moves Dep 1:2       1-2-Draws
   3 B 2    1.0:0.0        0.0:3.0       6:44:35 PM  -300.00    12 6.000 :4.800  0-3-0

--------------------------------------------------------------

Engine-Match Thursday, September 11, 2025 6:44:37 PM
 Tournament Game in 5 Minutes 

Pairing 3/78 :    V7P3R_v10.3  -  V7P3R_v8.0

PGN-File: C:\Program Files (x86)\Arena\Tournaments\Engine Regression Battle 20250911.pgn

No:  B/W 1/2     W:B       1:2           Time        Value Moves Dep 1:2       1-2-Draws
   3 W 1    1.0:0.0        3.0:0.0       6:48:55 PM    +M500    16 3.357 :5.750  3-0-0

--------------------------------------------------------------

Engine-Match Thursday, September 11, 2025 6:48:57 PM
 Tournament Game in 5 Minutes 

Pairing 4/78 :    V7P3R_v7.0  -  V7P3R_v10.4

PGN-File: C:\Program Files (x86)\Arena\Tournaments\Engine Regression Battle 20250911.pgn

No:  B/W 1/2     W:B       1:2           Time        Value Moves Dep 1:2       1-2-Draws
   3 B 2    1.0:0.0        1.0:2.0       6:57:58 PM    -M500    59 5.348 :4.188  1-2-0

--------------------------------------------------------------

Engine-Match Thursday, September 11, 2025 6:58:05 PM
 Tournament Game in 5 Minutes 

Pairing 5/78 :    V7P3R_v10.5  -  V7P3R_v6.0

PGN-File: C:\Program Files (x86)\Arena\Tournaments\Engine Regression Battle 20250911.pgn

No:  B/W 1/2     W:B       1:2           Time        Value Moves Dep 1:2       1-2-Draws
   3 W 1    1.0:0.0        3.0:0.0       7:00:25 PM   +42.38    10 5.250 :3.000  3-0-0

--------------------------------------------------------------

Engine-Match Thursday, September 11, 2025 7:00:26 PM
 Tournament Game in 5 Minutes 

Pairing 6/78 :    V7P3R_v5.1  -  V7P3R_v10.6

PGN-File: C:\Program Files (x86)\Arena\Tournaments\Engine Regression Battle 20250911.pgn

No:  B/W 1/2     W:B       1:2           Time        Value Moves Dep 1:2       1-2-Draws
   3 = =    0.5:0.5        0.5:2.5       7:06:06 PM     0.00    39 3.182 :4.200  0-2-1

--------------------------------------------------------------

Engine-Match Thursday, September 11, 2025 7:06:07 PM
 Tournament Game in 5 Minutes 

Pairing 7/78 :    Stockfish 1%  -  V7P3R_v9.0

PGN-File: C:\Program Files (x86)\Arena\Tournaments\Engine Regression Battle 20250911.pgn

No:  B/W 1/2     W:B       1:2           Time        Value Moves Dep 1:2       1-2-Draws
   3 W 1    1.0:0.0        3.0:0.0       7:06:40 PM   +20.00     9 13.889 :6.000  3-0-0

--------------------------------------------------------------

Engine-Match Thursday, September 11, 2025 7:06:42 PM
 Tournament Game in 5 Minutes 

Pairing 8/78 :    V7P3R_v8.0  -  V7P3R_v10.0

PGN-File: C:\Program Files (x86)\Arena\Tournaments\Engine Regression Battle 20250911.pgn

No:  B/W 1/2     W:B       1:2           Time        Value Moves Dep 1:2       1-2-Draws
   3 B 2    1.0:0.0        0.0:3.0       7:12:59 PM    -M434    41 5.760 :5.560  0-3-0

--------------------------------------------------------------

Engine-Match Thursday, September 11, 2025 7:13:00 PM
 Tournament Game in 5 Minutes 

Pairing 9/78 :    V7P3R_v10.2  -  V7P3R_v7.0

PGN-File: C:\Program Files (x86)\Arena\Tournaments\Engine Regression Battle 20250911.pgn

No:  B/W 1/2     W:B       1:2           Time        Value Moves Dep 1:2       1-2-Draws
   3 W 1    1.0:0.0        3.0:0.0       7:18:02 PM    +M234    15 4.917 :5.667  3-0-0

--------------------------------------------------------------

Engine-Match Thursday, September 11, 2025 7:18:03 PM
 Tournament Game in 5 Minutes 

Pairing 10/78 :    V7P3R_v6.0  -  V7P3R_v10.3

PGN-File: C:\Program Files (x86)\Arena\Tournaments\Engine Regression Battle 20250911.pgn

No:  B/W 1/2     W:B       1:2           Time        Value Moves Dep 1:2       1-2-Draws
   3 B 2    1.0:0.0        0.0:3.0       7:20:54 PM   -43.14     9 3.000 :3.714  0-3-0

--------------------------------------------------------------

Engine-Match Thursday, September 11, 2025 7:20:56 PM
 Tournament Game in 5 Minutes 

Pairing 11/78 :    V7P3R_v10.4  -  V7P3R_v5.1

PGN-File: C:\Program Files (x86)\Arena\Tournaments\Engine Regression Battle 20250911.pgn

No:  B/W 1/2     W:B       1:2           Time        Value Moves Dep 1:2       1-2-Draws
   3 W 1    1.0:0.0        3.0:0.0       7:22:40 PM   +44.89     6 4.600 :3.833  3-0-0

--------------------------------------------------------------

Engine-Match Thursday, September 11, 2025 7:22:41 PM
 Tournament Game in 5 Minutes 

Pairing 12/78 :    V7P3R_v10.6  -  V7P3R_v10.5

PGN-File: C:\Program Files (x86)\Arena\Tournaments\Engine Regression Battle 20250911.pgn

No:  B/W 1/2     W:B       1:2           Time        Value Moves Dep 1:2       1-2-Draws
   3 W 1    1.5:0.5        2.5:0.5       7:29:06 PM   +10.90    46 3.727 :4.882  2-0-1

--------------------------------------------------------------

Engine-Match Thursday, September 11, 2025 7:29:07 PM
 Tournament Game in 5 Minutes 

Pairing 13/78 :    Random_Opponent  -  V7P3R_v8.0

PGN-File: C:\Program Files (x86)\Arena\Tournaments\Engine Regression Battle 20250911.pgn

No:  B/W 1/2     W:B       1:2           Time        Value Moves Dep 1:2       1-2-Draws
   3 B 2    1.0:0.0        0.0:3.0       7:30:01 PM      -M1    11 0:5.909  0-3-0

--------------------------------------------------------------

Engine-Match Thursday, September 11, 2025 7:30:02 PM
 Tournament Game in 5 Minutes 

Pairing 14/78 :    V7P3R_v7.0  -  Stockfish 1%

PGN-File: C:\Program Files (x86)\Arena\Tournaments\Engine Regression Battle 20250911.pgn

No:  B/W 1/2     W:B       1:2           Time        Value Moves Dep 1:2       1-2-Draws
   3 B 2    1.0:0.0        0.0:3.0       7:32:26 PM  -120.00     8 6.000 :13.143  0-3-0

--------------------------------------------------------------

Engine-Match Thursday, September 11, 2025 7:32:28 PM
 Tournament Game in 5 Minutes 

Pairing 15/78 :    V7P3R_v10.0  -  V7P3R_v6.0

PGN-File: C:\Program Files (x86)\Arena\Tournaments\Engine Regression Battle 20250911.pgn

No:  B/W 1/2     W:B       1:2           Time        Value Moves Dep 1:2       1-2-Draws
   3 W 1    1.0:0.0        3.0:0.0       7:35:53 PM    +M500    11 5.727 :3.000  3-0-0

--------------------------------------------------------------

Engine-Match Thursday, September 11, 2025 7:35:54 PM
 Tournament Game in 5 Minutes 

Pairing 16/78 :    V7P3R_v5.1  -  V7P3R_v10.2

PGN-File: C:\Program Files (x86)\Arena\Tournaments\Engine Regression Battle 20250911.pgn

No:  B/W 1/2     W:B       1:2           Time        Value Moves Dep 1:2       1-2-Draws
   3 B 2    1.0:0.0        0.0:3.0       7:42:08 PM   -26.29    33 3.158 :5.308  0-3-0

--------------------------------------------------------------

Engine-Match Thursday, September 11, 2025 7:42:10 PM
 Tournament Game in 5 Minutes 

Pairing 17/78 :    V7P3R_v10.3  -  V7P3R_v10.6

PGN-File: C:\Program Files (x86)\Arena\Tournaments\Engine Regression Battle 20250911.pgn

No:  B/W 1/2     W:B       1:2           Time        Value Moves Dep 1:2       1-2-Draws
   3 = =    0.5:0.5        0.5:2.5       7:50:52 PM     0.00    64 2.852 :3.440  0-2-1

--------------------------------------------------------------

Engine-Match Thursday, September 11, 2025 7:50:53 PM
 Tournament Game in 5 Minutes 

Pairing 18/78 :    V7P3R_v10.5  -  V7P3R_v10.4

PGN-File: C:\Program Files (x86)\Arena\Tournaments\Engine Regression Battle 20250911.pgn

No:  B/W 1/2     W:B       1:2           Time        Value Moves Dep 1:2       1-2-Draws
   3 B 2    1.0:0.0        0.0:3.0       7:57:19 PM  -289.98    31 4.500 :3.455  0-3-0

--------------------------------------------------------------

Engine-Match Thursday, September 11, 2025 7:57:20 PM
 Tournament Game in 5 Minutes 

Pairing 19/78 :    V7P3R_v9.0  -  V7P3R_v7.0

PGN-File: C:\Program Files (x86)\Arena\Tournaments\Engine Regression Battle 20250911.pgn

No:  B/W 1/2     W:B       1:2           Time        Value Moves Dep 1:2       1-2-Draws
   3 W 1    1.0:0.0        2.0:1.0       8:00:57 PM   +35.00    15 6.000 :5.533  2-1-0

--------------------------------------------------------------

Engine-Match Thursday, September 11, 2025 8:00:59 PM
 Tournament Game in 5 Minutes 

Pairing 20/78 :    V7P3R_v6.0  -  Random_Opponent

PGN-File: C:\Program Files (x86)\Arena\Tournaments\Engine Regression Battle 20250911.pgn

No:  B/W 1/2     W:B       1:2           Time        Value Moves Dep 1:2       1-2-Draws
   3 W 1    1.0:0.0        3.0:0.0       8:02:34 PM     0.00    11 3.000 :0 3-0-0

--------------------------------------------------------------

Engine-Match Thursday, September 11, 2025 8:02:36 PM
 Tournament Game in 5 Minutes 

Pairing 21/78 :    Stockfish 1%  -  V7P3R_v5.1

PGN-File: C:\Program Files (x86)\Arena\Tournaments\Engine Regression Battle 20250911.pgn

No:  B/W 1/2     W:B       1:2           Time        Value Moves Dep 1:2       1-2-Draws
   3 W 1    1.0:0.0        3.0:0.0       8:03:34 PM   +41.24     7 14.286 :3.571  3-0-0

--------------------------------------------------------------

Engine-Match Thursday, September 11, 2025 8:03:35 PM
 Tournament Game in 5 Minutes 

Pairing 22/78 :    V7P3R_v10.6  -  V7P3R_v10.0

PGN-File: C:\Program Files (x86)\Arena\Tournaments\Engine Regression Battle 20250911.pgn

No:  B/W 1/2     W:B       1:2           Time        Value Moves Dep 1:2       1-2-Draws
   3 B 2    1.5:0.5        0.5:2.5       8:10:00 PM   -11.21    27 3.850 :5.154  0-2-1

--------------------------------------------------------------

Engine-Match Thursday, September 11, 2025 8:10:01 PM
 Tournament Game in 5 Minutes 

Pairing 23/78 :    V7P3R_v10.2  -  V7P3R_v10.5

PGN-File: C:\Program Files (x86)\Arena\Tournaments\Engine Regression Battle 20250911.pgn

No:  B/W 1/2     W:B       1:2           Time        Value Moves Dep 1:2       1-2-Draws
   3 = =    1.5:1.5        1.5:1.5       8:14:13 PM     0.00    41 5.556 :5.000  0-0-3

--------------------------------------------------------------

Engine-Match Thursday, September 11, 2025 8:14:14 PM
 Tournament Game in 5 Minutes 

Pairing 24/78 :    V7P3R_v10.4  -  V7P3R_v10.3

PGN-File: C:\Program Files (x86)\Arena\Tournaments\Engine Regression Battle 20250911.pgn

No:  B/W 1/2     W:B       1:2           Time        Value Moves Dep 1:2       1-2-Draws
   3 W 1    1.5:0.5        2.5:0.5       8:20:36 PM     0.00    29 3.750 :3.160  2-0-1

--------------------------------------------------------------

Engine-Match Thursday, September 11, 2025 8:20:43 PM
 Tournament Game in 5 Minutes 

Pairing 25/78 :    V7P3R_v8.0  -  V7P3R_v6.0

PGN-File: C:\Program Files (x86)\Arena\Tournaments\Engine Regression Battle 20250911.pgn

No:  B/W 1/2     W:B       1:2           Time        Value Moves Dep 1:2       1-2-Draws
   3 W 1    1.0:0.0        3.0:0.0       8:22:44 PM   +36.84    10 6.000 :3.000  3-0-0

--------------------------------------------------------------

Engine-Match Thursday, September 11, 2025 8:22:45 PM
 Tournament Game in 5 Minutes 

Pairing 26/78 :    V7P3R_v5.1  -  V7P3R_v9.0

PGN-File: C:\Program Files (x86)\Arena\Tournaments\Engine Regression Battle 20250911.pgn

No:  B/W 1/2     W:B       1:2           Time        Value Moves Dep 1:2       1-2-Draws
   3 B 2    1.0:0.0        1.0:2.0       8:24:35 PM   -42.35    11 4.000 :6.000  1-2-0

--------------------------------------------------------------

Engine-Match Thursday, September 11, 2025 8:24:37 PM
 Tournament Game in 5 Minutes 

Pairing 27/78 :    Random_Opponent  -  V7P3R_v10.6

PGN-File: C:\Program Files (x86)\Arena\Tournaments\Engine Regression Battle 20250911.pgn

No:  B/W 1/2     W:B       1:2           Time        Value Moves Dep 1:2       1-2-Draws
   3 B 2    1.0:0.0        0.0:3.0       8:27:31 PM  -289.97    22 0:4.059  0-3-0

--------------------------------------------------------------

Engine-Match Thursday, September 11, 2025 8:27:33 PM
 Tournament Game in 5 Minutes 

Pairing 28/78 :    V7P3R_v10.5  -  Stockfish 1%

PGN-File: C:\Program Files (x86)\Arena\Tournaments\Engine Regression Battle 20250911.pgn

No:  B/W 1/2     W:B       1:2           Time        Value Moves Dep 1:2       1-2-Draws
   3 B 2    1.0:0.0        0.0:3.0       8:32:01 PM    -9.90    79 4.400 :12.286  0-3-0

--------------------------------------------------------------

Engine-Match Thursday, September 11, 2025 8:32:03 PM
 Tournament Game in 5 Minutes 

Pairing 29/78 :    V7P3R_v10.0  -  V7P3R_v10.4

PGN-File: C:\Program Files (x86)\Arena\Tournaments\Engine Regression Battle 20250911.pgn

No:  B/W 1/2     W:B       1:2           Time        Value Moves Dep 1:2       1-2-Draws
   3 W 1    1.0:0.0        3.0:0.0       8:39:38 PM   +12.76    50 5.875 :4.300  3-0-0

--------------------------------------------------------------

Engine-Match Thursday, September 11, 2025 8:39:40 PM
 Tournament Game in 5 Minutes 

Pairing 30/78 :    V7P3R_v10.3  -  V7P3R_v10.2

PGN-File: C:\Program Files (x86)\Arena\Tournaments\Engine Regression Battle 20250911.pgn

No:  B/W 1/2     W:B       1:2           Time        Value Moves Dep 1:2       1-2-Draws
   3 W 1    1.0:0.0        2.0:1.0       8:45:20 PM  +289.96    28 2.964 :4.700  2-1-0

--------------------------------------------------------------

Engine-Match Thursday, September 11, 2025 8:45:21 PM
 Tournament Game in 5 Minutes 

Pairing 31/78 :    V7P3R_v7.0  -  V7P3R_v5.1

PGN-File: C:\Program Files (x86)\Arena\Tournaments\Engine Regression Battle 20250911.pgn

No:  B/W 1/2     W:B       1:2           Time        Value Moves Dep 1:2       1-2-Draws
   3 = =    0.5:0.5        1.5:1.5       8:55:13 PM     0.00    77 5.647 :3.125  1-1-1

--------------------------------------------------------------

Engine-Match Thursday, September 11, 2025 8:55:15 PM
 Tournament Game in 5 Minutes 

Pairing 32/78 :    V7P3R_v10.6  -  V7P3R_v8.0

PGN-File: C:\Program Files (x86)\Arena\Tournaments\Engine Regression Battle 20250911.pgn

No:  B/W 1/2     W:B       1:2           Time        Value Moves Dep 1:2       1-2-Draws
   3 W 1    1.0:0.0        3.0:0.0       9:00:02 PM  +105.00    19 3.688 :5.684  3-0-0

--------------------------------------------------------------

Engine-Match Thursday, September 11, 2025 9:00:03 PM
 Tournament Game in 5 Minutes 

Pairing 33/78 :    V7P3R_v9.0  -  V7P3R_v10.5

PGN-File: C:\Program Files (x86)\Arena\Tournaments\Engine Regression Battle 20250911.pgn

No:  B/W 1/2     W:B       1:2           Time        Value Moves Dep 1:2       1-2-Draws
   3 B 2    1.0:0.0        0.0:3.0       9:01:24 PM  -205.00     8 6.000 :4.600  0-3-0

--------------------------------------------------------------

Engine-Match Thursday, September 11, 2025 9:01:25 PM
 Tournament Game in 5 Minutes 

Pairing 34/78 :    V7P3R_v10.4  -  Random_Opponent

PGN-File: C:\Program Files (x86)\Arena\Tournaments\Engine Regression Battle 20250911.pgn

No:  B/W 1/2     W:B       1:2           Time        Value Moves Dep 1:2       1-2-Draws
   3 W 1    1.0:0.0        3.0:0.0       9:04:25 PM     0.00    22 3.950 :0 3-0-0

--------------------------------------------------------------

Engine-Match Thursday, September 11, 2025 9:04:27 PM
 Tournament Game in 5 Minutes 

Pairing 35/78 :    Stockfish 1%  -  V7P3R_v10.3

PGN-File: C:\Program Files (x86)\Arena\Tournaments\Engine Regression Battle 20250911.pgn

No:  B/W 1/2     W:B       1:2           Time        Value Moves Dep 1:2       1-2-Draws
   3 W 1    1.0:0.0        3.0:0.0       9:06:55 PM      +M1    12 18.818 :3.500  3-0-0

--------------------------------------------------------------

Engine-Match Thursday, September 11, 2025 9:06:57 PM
 Tournament Game in 5 Minutes 

Pairing 36/78 :    V7P3R_v10.2  -  V7P3R_v10.0

PGN-File: C:\Program Files (x86)\Arena\Tournaments\Engine Regression Battle 20250911.pgn

No:  B/W 1/2     W:B       1:2           Time        Value Moves Dep 1:2       1-2-Draws
   3 = =    1.5:1.5        1.5:1.5       9:15:21 PM   -11.50    71 5.300 :5.357  0-0-3

--------------------------------------------------------------

Engine-Match Thursday, September 11, 2025 9:15:22 PM
 Tournament Game in 5 Minutes 

Pairing 37/78 :    V7P3R_v6.0  -  V7P3R_v10.6

PGN-File: C:\Program Files (x86)\Arena\Tournaments\Engine Regression Battle 20250911.pgn

No:  B/W 1/2     W:B       1:2           Time        Value Moves Dep 1:2       1-2-Draws
   3 B 2    1.0:0.0        0.0:3.0       9:18:34 PM   -35.55    14 3.000 :4.700  0-3-0

--------------------------------------------------------------

Engine-Match Thursday, September 11, 2025 9:18:36 PM
 Tournament Game in 5 Minutes 

Pairing 38/78 :    V7P3R_v10.5  -  V7P3R_v7.0

PGN-File: C:\Program Files (x86)\Arena\Tournaments\Engine Regression Battle 20250911.pgn

No:  B/W 1/2     W:B       1:2           Time        Value Moves Dep 1:2       1-2-Draws
   3 W 1    1.0:0.0        3.0:0.0       9:22:44 PM   +40.00     8 5.167 :5.750  3-0-0

--------------------------------------------------------------

Engine-Match Thursday, September 11, 2025 9:22:46 PM
 Tournament Game in 5 Minutes 

Pairing 39/78 :    V7P3R_v8.0  -  V7P3R_v10.4

PGN-File: C:\Program Files (x86)\Arena\Tournaments\Engine Regression Battle 20250911.pgn

No:  B/W 1/2     W:B       1:2           Time        Value Moves Dep 1:2       1-2-Draws
   3 B 2    1.0:0.0        0.0:3.0       9:26:53 PM    -M500    21 5.810 :4.176  0-3-0

--------------------------------------------------------------

Engine-Match Thursday, September 11, 2025 9:26:54 PM
 Tournament Game in 5 Minutes 

Pairing 40/78 :    V7P3R_v10.3  -  V7P3R_v9.0

PGN-File: C:\Program Files (x86)\Arena\Tournaments\Engine Regression Battle 20250911.pgn

No:  B/W 1/2     W:B       1:2           Time        Value Moves Dep 1:2       1-2-Draws
   3 W 1    1.0:0.0        3.0:0.0       9:32:04 PM    +M500    27 3.148 :6.000  3-0-0

--------------------------------------------------------------

Engine-Match Thursday, September 11, 2025 9:32:06 PM
 Tournament Game in 5 Minutes 

Pairing 41/78 :    Random_Opponent  -  V7P3R_v10.2

PGN-File: C:\Program Files (x86)\Arena\Tournaments\Engine Regression Battle 20250911.pgn

No:  B/W 1/2     W:B       1:2           Time        Value Moves Dep 1:2       1-2-Draws
   3 B 2    1.0:0.0        0.0:3.0       9:34:58 PM  -289.99    24 0:5.000  0-3-0

--------------------------------------------------------------

Engine-Match Thursday, September 11, 2025 9:34:59 PM
 Tournament Game in 5 Minutes 

Pairing 42/78 :    V7P3R_v10.0  -  Stockfish 1%

PGN-File: C:\Program Files (x86)\Arena\Tournaments\Engine Regression Battle 20250911.pgn

No:  B/W 1/2     W:B       1:2           Time        Value Moves Dep 1:2       1-2-Draws
   3 B 2    1.0:0.0        1.0:2.0       9:39:25 PM    -9.90    54 4.963 :13.615  1-2-0

--------------------------------------------------------------

Engine-Match Thursday, September 11, 2025 9:39:26 PM
 Tournament Game in 5 Minutes 

Pairing 43/78 :    V7P3R_v5.1  -  V7P3R_v10.5

PGN-File: C:\Program Files (x86)\Arena\Tournaments\Engine Regression Battle 20250911.pgn

No:  B/W 1/2     W:B       1:2           Time        Value Moves Dep 1:2       1-2-Draws
   3 B 2    1.0:0.0        0.0:3.0       9:41:56 PM   -34.19    13 3.231 :4.556  0-3-0

--------------------------------------------------------------

Engine-Match Thursday, September 11, 2025 9:41:57 PM
 Tournament Game in 5 Minutes 

Pairing 44/78 :    V7P3R_v10.4  -  V7P3R_v6.0

PGN-File: C:\Program Files (x86)\Arena\Tournaments\Engine Regression Battle 20250911.pgn

No:  B/W 1/2     W:B       1:2           Time        Value Moves Dep 1:2       1-2-Draws
   3 W 1    1.0:0.0        3.0:0.0       9:45:06 PM   +36.73    13 4.455 :3.000  3-0-0

--------------------------------------------------------------

Engine-Match Thursday, September 11, 2025 9:45:13 PM
 Tournament Game in 5 Minutes 

Pairing 45/78 :    V7P3R_v7.0  -  V7P3R_v10.3

PGN-File: C:\Program Files (x86)\Arena\Tournaments\Engine Regression Battle 20250911.pgn

No:  B/W 1/2     W:B       1:2           Time        Value Moves Dep 1:2       1-2-Draws
   3 = =    1.0:1.0        1.0:2.0       9:54:59 PM    +2.55    72 5.714 :3.278  0-1-2

--------------------------------------------------------------

Engine-Match Thursday, September 11, 2025 9:55:00 PM
 Tournament Game in 5 Minutes 

Pairing 46/78 :    V7P3R_v10.2  -  V7P3R_v8.0

PGN-File: C:\Program Files (x86)\Arena\Tournaments\Engine Regression Battle 20250911.pgn

No:  B/W 1/2     W:B       1:2           Time        Value Moves Dep 1:2       1-2-Draws
   3 W 1    1.0:0.0        3.0:0.0       9:59:08 PM  +230.00    18 5.067 :5.611  3-0-0

--------------------------------------------------------------

Engine-Match Thursday, September 11, 2025 9:59:09 PM
 Tournament Game in 5 Minutes 

Pairing 47/78 :    V7P3R_v9.0  -  V7P3R_v10.0

PGN-File: C:\Program Files (x86)\Arena\Tournaments\Engine Regression Battle 20250911.pgn

No:  B/W 1/2     W:B       1:2           Time        Value Moves Dep 1:2       1-2-Draws
   3 B 2    1.0:0.0        0.0:3.0       10:02:52 PM  -195.00    19 6.000 :5.278  0-3-0

--------------------------------------------------------------

Engine-Match Thursday, September 11, 2025 10:02:53 PM
 Tournament Game in 5 Minutes 

Pairing 48/78 :    Stockfish 1%  -  Random_Opponent

PGN-File: C:\Program Files (x86)\Arena\Tournaments\Engine Regression Battle 20250911.pgn

No:  B/W 1/2     W:B       1:2           Time        Value Moves Dep 1:2       1-2-Draws
   3 W 1    1.0:0.0        3.0:0.0       10:03:10 PM      +M1    28 14.583 :0 3-0-0

--------------------------------------------------------------

Engine-Match Thursday, September 11, 2025 10:03:11 PM
 Tournament Game in 5 Minutes 

Pairing 49/78 :    V7P3R_v10.6  -  V7P3R_v10.4

PGN-File: C:\Program Files (x86)\Arena\Tournaments\Engine Regression Battle 20250911.pgn

No:  B/W 1/2     W:B       1:2           Time        Value Moves Dep 1:2       1-2-Draws
   3 W 1    1.5:0.5        2.5:0.5       10:10:16 PM  +289.96    79 3.941 :3.778  2-0-1

--------------------------------------------------------------

Engine-Match Thursday, September 11, 2025 10:10:18 PM
 Tournament Game in 5 Minutes 

Pairing 50/78 :    V7P3R_v10.3  -  V7P3R_v5.1

PGN-File: C:\Program Files (x86)\Arena\Tournaments\Engine Regression Battle 20250911.pgn

No:  B/W 1/2     W:B       1:2           Time        Value Moves Dep 1:2       1-2-Draws
   3 W 1    1.0:0.0        3.0:0.0       10:14:14 PM   +61.80    16 3.250 :3.125  3-0-0

--------------------------------------------------------------

Engine-Match Thursday, September 11, 2025 10:14:15 PM
 Tournament Game in 5 Minutes 

Pairing 51/78 :    V7P3R_v6.0  -  V7P3R_v10.2

PGN-File: C:\Program Files (x86)\Arena\Tournaments\Engine Regression Battle 20250911.pgn

No:  B/W 1/2     W:B       1:2           Time        Value Moves Dep 1:2       1-2-Draws
   3 B 2    1.0:0.0        0.0:3.0       10:16:44 PM   -24.83     9 3.000 :5.714  0-3-0

--------------------------------------------------------------

Engine-Match Thursday, September 11, 2025 10:16:46 PM
 Tournament Game in 5 Minutes 

Pairing 52/78 :    V7P3R_v10.0  -  V7P3R_v7.0

PGN-File: C:\Program Files (x86)\Arena\Tournaments\Engine Regression Battle 20250911.pgn

No:  B/W 1/2     W:B       1:2           Time        Value Moves Dep 1:2       1-2-Draws
   3 W 1    1.5:0.5        2.5:0.5       10:24:31 PM   +20.00    25 4.840 :5.360  2-0-1

--------------------------------------------------------------

Engine-Match Thursday, September 11, 2025 10:24:33 PM
 Tournament Game in 5 Minutes 

Pairing 53/78 :    V7P3R_v8.0  -  Stockfish 1%

PGN-File: C:\Program Files (x86)\Arena\Tournaments\Engine Regression Battle 20250911.pgn

No:  B/W 1/2     W:B       1:2           Time        Value Moves Dep 1:2       1-2-Draws
   3 B 2    1.0:0.0        0.0:3.0       10:25:19 PM  -305.00     8 6.000 :14.714  0-3-0

--------------------------------------------------------------

Engine-Match Thursday, September 11, 2025 10:25:20 PM
 Tournament Game in 5 Minutes 

Pairing 54/78 :    Random_Opponent  -  V7P3R_v9.0

PGN-File: C:\Program Files (x86)\Arena\Tournaments\Engine Regression Battle 20250911.pgn

No:  B/W 1/2     W:B       1:2           Time        Value Moves Dep 1:2       1-2-Draws
   3 B 2    1.0:0.0        0.0:3.0       10:26:40 PM      -M1    28 0:6.000  0-3-0

--------------------------------------------------------------

Engine-Match Thursday, September 11, 2025 10:26:41 PM
 Tournament Game in 5 Minutes 

Pairing 55/78 :    V7P3R_v10.5  -  V7P3R_v10.3

PGN-File: C:\Program Files (x86)\Arena\Tournaments\Engine Regression Battle 20250911.pgn

No:  B/W 1/2     W:B       1:2           Time        Value Moves Dep 1:2       1-2-Draws
   3 W 1    1.0:0.0        3.0:0.0       10:34:13 PM   +25.88    40 4.522 :2.931  3-0-0

--------------------------------------------------------------

Engine-Match Thursday, September 11, 2025 10:34:14 PM
 Tournament Game in 5 Minutes 

Pairing 56/78 :    V7P3R_v10.2  -  V7P3R_v10.6

PGN-File: C:\Program Files (x86)\Arena\Tournaments\Engine Regression Battle 20250911.pgn

No:  B/W 1/2     W:B       1:2           Time        Value Moves Dep 1:2       1-2-Draws
   3 B 2    1.0:0.0        1.0:2.0       10:42:01 PM     0.00    76 4.688 :3.824  1-2-0

--------------------------------------------------------------

Engine-Match Thursday, September 11, 2025 10:42:02 PM
 Tournament Game in 5 Minutes 

Pairing 57/78 :    V7P3R_v5.1  -  V7P3R_v10.0

PGN-File: C:\Program Files (x86)\Arena\Tournaments\Engine Regression Battle 20250911.pgn

No:  B/W 1/2     W:B       1:2           Time        Value Moves Dep 1:2       1-2-Draws
   3 B 2    1.5:0.5        0.5:2.5       10:46:54 PM   -48.99    19 3.188 :5.375  0-2-1

--------------------------------------------------------------

Engine-Match Thursday, September 11, 2025 10:46:55 PM
 Tournament Game in 5 Minutes 

Pairing 58/78 :    Stockfish 1%  -  V7P3R_v6.0

PGN-File: C:\Program Files (x86)\Arena\Tournaments\Engine Regression Battle 20250911.pgn

No:  B/W 1/2     W:B       1:2           Time        Value Moves Dep 1:2       1-2-Draws
   3 W 1    1.0:0.0        3.0:0.0       10:48:10 PM    +M500     9 15.222 :3.000  3-0-0

--------------------------------------------------------------

Engine-Match Thursday, September 11, 2025 10:48:12 PM
 Tournament Game in 5 Minutes 

Pairing 59/78 :    V7P3R_v7.0  -  Random_Opponent

PGN-File: C:\Program Files (x86)\Arena\Tournaments\Engine Regression Battle 20250911.pgn

No:  B/W 1/2     W:B       1:2           Time        Value Moves Dep 1:2       1-2-Draws
   3 W 1    1.0:0.0        3.0:0.0       10:49:51 PM    +M500     9 5.556 :0 3-0-0

--------------------------------------------------------------

Engine-Match Thursday, September 11, 2025 10:49:52 PM
 Tournament Game in 5 Minutes 

Pairing 60/78 :    V7P3R_v9.0  -  V7P3R_v8.0

PGN-File: C:\Program Files (x86)\Arena\Tournaments\Engine Regression Battle 20250911.pgn

No:  B/W 1/2     W:B       1:2           Time        Value Moves Dep 1:2       1-2-Draws
   3 B 2    1.0:0.0        1.0:2.0       10:51:47 PM    -M500    13 6.000 :5.583  1-2-0

--------------------------------------------------------------

Engine-Match Thursday, September 11, 2025 10:51:48 PM
 Tournament Game in 5 Minutes 

Pairing 61/78 :    V7P3R_v10.4  -  V7P3R_v10.2

PGN-File: C:\Program Files (x86)\Arena\Tournaments\Engine Regression Battle 20250911.pgn

No:  B/W 1/2     W:B       1:2           Time        Value Moves Dep 1:2       1-2-Draws
   3 W 1    1.5:0.5        2.5:0.5       10:57:03 PM  +289.97    24 4.182 :5.308  2-0-1

--------------------------------------------------------------

Engine-Match Thursday, September 11, 2025 10:57:04 PM
 Tournament Game in 5 Minutes 

Pairing 62/78 :    V7P3R_v10.0  -  V7P3R_v10.5

PGN-File: C:\Program Files (x86)\Arena\Tournaments\Engine Regression Battle 20250911.pgn

No:  B/W 1/2     W:B       1:2           Time        Value Moves Dep 1:2       1-2-Draws
   3 = =    1.0:1.0        2.0:1.0       11:04:12 PM    +3.30    55 5.441 :5.118  1-0-2

--------------------------------------------------------------

Engine-Match Thursday, September 11, 2025 11:04:13 PM
 Tournament Game in 5 Minutes 

Pairing 63/78 :    V7P3R_v10.6  -  Stockfish 1%

PGN-File: C:\Program Files (x86)\Arena\Tournaments\Engine Regression Battle 20250911.pgn

No:  B/W 1/2     W:B       1:2           Time        Value Moves Dep 1:2       1-2-Draws
   3 W 1    1.5:0.5        1.5:1.5       11:08:04 PM  +289.98    36 3.800 :15.077  1-1-1

--------------------------------------------------------------

Engine-Match Thursday, September 11, 2025 11:08:05 PM
 Tournament Game in 5 Minutes 

Pairing 64/78 :    Random_Opponent  -  V7P3R_v5.1

PGN-File: C:\Program Files (x86)\Arena\Tournaments\Engine Regression Battle 20250911.pgn

No:  B/W 1/2     W:B       1:2           Time        Value Moves Dep 1:2       1-2-Draws
   3 B 2    1.0:0.0        0.0:3.0       11:10:50 PM     0.00    22 0:3.227  0-3-0

--------------------------------------------------------------

Engine-Match Thursday, September 11, 2025 11:10:57 PM
 Tournament Game in 5 Minutes 

Pairing 65/78 :    V7P3R_v6.0  -  V7P3R_v9.0

PGN-File: C:\Program Files (x86)\Arena\Tournaments\Engine Regression Battle 20250911.pgn

No:  B/W 1/2     W:B       1:2           Time        Value Moves Dep 1:2       1-2-Draws
   3 B 2    1.0:0.0        0.0:3.0       11:12:47 PM   -25.58    11 3.000 :6.000  0-3-0

--------------------------------------------------------------

Engine-Match Thursday, September 11, 2025 11:12:48 PM
 Tournament Game in 5 Minutes 

Pairing 66/78 :    V7P3R_v8.0  -  V7P3R_v7.0

PGN-File: C:\Program Files (x86)\Arena\Tournaments\Engine Regression Battle 20250911.pgn

No:  B/W 1/2     W:B       1:2           Time        Value Moves Dep 1:2       1-2-Draws
   3 B 2    1.0:0.0        1.0:2.0       11:15:58 PM  -310.00     9 5.778 :5.750  1-2-0

--------------------------------------------------------------

Engine-Match Thursday, September 11, 2025 11:16:00 PM
 Tournament Game in 5 Minutes 

Pairing 67/78 :    V7P3R_v10.3  -  V7P3R_v10.0

PGN-File: C:\Program Files (x86)\Arena\Tournaments\Engine Regression Battle 20250911.pgn

No:  B/W 1/2     W:B       1:2           Time        Value Moves Dep 1:2       1-2-Draws
   3 = =    0.5:0.5        0.5:2.5       11:24:24 PM    -8.50    49 3.000 :4.923  0-2-1

--------------------------------------------------------------

Engine-Match Thursday, September 11, 2025 11:24:25 PM
 Tournament Game in 5 Minutes 

Pairing 68/78 :    Stockfish 1%  -  V7P3R_v10.4

PGN-File: C:\Program Files (x86)\Arena\Tournaments\Engine Regression Battle 20250911.pgn

No:  B/W 1/2     W:B       1:2           Time        Value Moves Dep 1:2       1-2-Draws
   3 W 1    1.0:0.0        3.0:0.0       11:28:38 PM   +14.30    67 15.250 :3.941  3-0-0

--------------------------------------------------------------

Engine-Match Thursday, September 11, 2025 11:28:39 PM
 Tournament Game in 5 Minutes 

Pairing 69/78 :    V7P3R_v10.5  -  Random_Opponent

PGN-File: C:\Program Files (x86)\Arena\Tournaments\Engine Regression Battle 20250911.pgn

No:  B/W 1/2     W:B       1:2           Time        Value Moves Dep 1:2       1-2-Draws
   3 W 1    1.0:0.0        3.0:0.0       11:31:38 PM  +289.98    18 4.875 :0 3-0-0

--------------------------------------------------------------

Engine-Match Thursday, September 11, 2025 11:31:40 PM
 Tournament Game in 5 Minutes 

Pairing 70/78 :    V7P3R_v9.0  -  V7P3R_v10.6

PGN-File: C:\Program Files (x86)\Arena\Tournaments\Engine Regression Battle 20250911.pgn

No:  B/W 1/2     W:B       1:2           Time        Value Moves Dep 1:2       1-2-Draws
   3 B 2    1.0:0.0        0.0:3.0       11:33:47 PM   -70.00    12 6.000 :3.778  0-3-0

--------------------------------------------------------------

Engine-Match Thursday, September 11, 2025 11:33:48 PM
 Tournament Game in 5 Minutes 

Pairing 71/78 :    V7P3R_v5.1  -  V7P3R_v8.0

PGN-File: C:\Program Files (x86)\Arena\Tournaments\Engine Regression Battle 20250911.pgn

No:  B/W 1/2     W:B       1:2           Time        Value Moves Dep 1:2       1-2-Draws
   3 B 2    1.0:0.0        0.0:3.0       11:37:18 PM   -37.04    21 3.250 :5.895  0-3-0

--------------------------------------------------------------

Engine-Match Thursday, September 11, 2025 11:37:20 PM
 Tournament Game in 5 Minutes 

Pairing 72/78 :    V7P3R_v7.0  -  V7P3R_v6.0

PGN-File: C:\Program Files (x86)\Arena\Tournaments\Engine Regression Battle 20250911.pgn

No:  B/W 1/2     W:B       1:2           Time        Value Moves Dep 1:2       1-2-Draws
   3 W 1    1.0:0.0        3.0:0.0       11:40:37 PM   +34.29     9 5.778 :3.000  3-0-0

--------------------------------------------------------------

Engine-Match Thursday, September 11, 2025 11:40:38 PM
 Tournament Game in 5 Minutes 

Pairing 73/78 :    V7P3R_v10.2  -  Stockfish 1%

PGN-File: C:\Program Files (x86)\Arena\Tournaments\Engine Regression Battle 20250911.pgn

No:  B/W 1/2     W:B       1:2           Time        Value Moves Dep 1:2       1-2-Draws
   3 B 2    1.0:0.0        0.0:3.0       11:44:10 PM      -M1    26 5.143 :13.615  0-3-0

--------------------------------------------------------------

Engine-Match Thursday, September 11, 2025 11:44:11 PM
 Tournament Game in 5 Minutes 

Pairing 74/78 :    Random_Opponent  -  V7P3R_v10.3

PGN-File: C:\Program Files (x86)\Arena\Tournaments\Engine Regression Battle 20250911.pgn

No:  B/W 1/2     W:B       1:2           Time        Value Moves Dep 1:2       1-2-Draws
   3 B 2    1.0:0.0        0.0:3.0       11:46:00 PM     0.00    12 0:3.545  0-3-0

--------------------------------------------------------------

Engine-Match Thursday, September 11, 2025 11:46:01 PM
 Tournament Game in 5 Minutes 

Pairing 75/78 :    V7P3R_v10.4  -  V7P3R_v9.0

PGN-File: C:\Program Files (x86)\Arena\Tournaments\Engine Regression Battle 20250911.pgn

No:  B/W 1/2     W:B       1:2           Time        Value Moves Dep 1:2       1-2-Draws
   3 W 1    1.0:0.0        3.0:0.0       11:48:52 PM  +295.00    12 4.091 :6.000  3-0-0

--------------------------------------------------------------

Engine-Match Thursday, September 11, 2025 11:48:53 PM
 Tournament Game in 5 Minutes 

Pairing 76/78 :    V7P3R_v8.0  -  V7P3R_v10.5

PGN-File: C:\Program Files (x86)\Arena\Tournaments\Engine Regression Battle 20250911.pgn

No:  B/W 1/2     W:B       1:2           Time        Value Moves Dep 1:2       1-2-Draws
   3 B 2    1.0:0.0        0.0:3.0       11:51:15 PM  -200.00    11 5.909 :4.750  0-3-0

--------------------------------------------------------------

Engine-Match Thursday, September 11, 2025 11:51:16 PM
 Tournament Game in 5 Minutes 

Pairing 77/78 :    V7P3R_v10.6  -  V7P3R_v7.0

PGN-File: C:\Program Files (x86)\Arena\Tournaments\Engine Regression Battle 20250911.pgn

No:  B/W 1/2     W:B       1:2           Time        Value Moves Dep 1:2       1-2-Draws
   3 W 1    1.0:0.0        3.0:0.0       11:53:48 PM  +110.00     5 4.667 :6.000  3-0-0

--------------------------------------------------------------

Engine-Match Thursday, September 11, 2025 11:53:50 PM
 Tournament Game in 5 Minutes 

Pairing 78/78 :    V7P3R_v6.0  -  V7P3R_v5.1

PGN-File: C:\Program Files (x86)\Arena\Tournaments\Engine Regression Battle 20250911.pgn

No:  B/W 1/2     W:B       1:2           Time        Value Moves Dep 1:2       1-2-Draws
   3 B 2    1.0:0.0        0.0:3.0       11:55:59 PM   -25.94    10 3.000 :3.333  0-3-0

--------------------------------------------------------------

Engine-Match Thursday, September 11, 2025 11:56:01 PM
 Tournament Game in 5 Minutes 

Pairing 1/78 :    V7P3R_v10.0  -  Random_Opponent

PGN-File: C:\Program Files (x86)\Arena\Tournaments\Engine Regression Battle 20250911.pgn

No:  B/W 1/2     W:B       1:2           Time        Value Moves Dep 1:2       1-2-Draws
   4 B 1    1.0:0.0        4.0:0.0       11:58:54 PM  -289.98    22 5.227 :0 4-0-0

--------------------------------------------------------------

Engine-Match Thursday, September 11, 2025 11:58:56 PM
 Tournament Game in 5 Minutes 

Pairing 2/78 :    V7P3R_v9.0  -  V7P3R_v10.2

PGN-File: C:\Program Files (x86)\Arena\Tournaments\Engine Regression Battle 20250911.pgn

No:  B/W 1/2     W:B       1:2           Time        Value Moves Dep 1:2       1-2-Draws
   4 W 2    1.0:0.0        0.0:4.0       12:01:00 AM  +100.00     9 6.000 :4.778  0-4-0

--------------------------------------------------------------

Engine-Match Friday, September 12, 2025 12:01:02 AM
 Tournament Game in 5 Minutes 

Pairing 3/78 :    V7P3R_v10.3  -  V7P3R_v8.0

PGN-File: C:\Program Files (x86)\Arena\Tournaments\Engine Regression Battle 20250911.pgn

No:  B/W 1/2     W:B       1:2           Time        Value Moves Dep 1:2       1-2-Draws
   4 B 1    1.0:0.0        4.0:0.0       12:02:43 AM  -285.00     7 3.333 :5.571  4-0-0

--------------------------------------------------------------

Engine-Match Friday, September 12, 2025 12:02:44 AM
 Tournament Game in 5 Minutes 

Pairing 4/78 :    V7P3R_v7.0  -  V7P3R_v10.4

PGN-File: C:\Program Files (x86)\Arena\Tournaments\Engine Regression Battle 20250911.pgn

No:  B/W 1/2     W:B       1:2           Time        Value Moves Dep 1:2       1-2-Draws
   4 W 2    1.0:0.0        1.0:3.0       12:05:17 AM  +110.00     5 6.000 :4.667  1-3-0

--------------------------------------------------------------

Engine-Match Friday, September 12, 2025 12:05:18 AM
 Tournament Game in 5 Minutes 

Pairing 5/78 :    V7P3R_v10.5  -  V7P3R_v6.0

PGN-File: C:\Program Files (x86)\Arena\Tournaments\Engine Regression Battle 20250911.pgn

No:  B/W 1/2     W:B       1:2           Time        Value Moves Dep 1:2       1-2-Draws
   4 B 1    1.0:0.0        4.0:0.0       12:07:43 AM   -24.87     9 5.000 :3.000  4-0-0

--------------------------------------------------------------

Engine-Match Friday, September 12, 2025 12:07:44 AM
 Tournament Game in 5 Minutes 

Pairing 6/78 :    V7P3R_v5.1  -  V7P3R_v10.6

PGN-File: C:\Program Files (x86)\Arena\Tournaments\Engine Regression Battle 20250911.pgn

No:  B/W 1/2     W:B       1:2           Time        Value Moves Dep 1:2       1-2-Draws
   4 W 2    1.5:0.5        0.5:3.5       12:09:28 AM   +44.89     6 3.833 :4.600  0-3-1

--------------------------------------------------------------

Engine-Match Friday, September 12, 2025 12:09:34 AM
 Tournament Game in 5 Minutes 

Pairing 7/78 :    Stockfish 1%  -  V7P3R_v9.0

PGN-File: C:\Program Files (x86)\Arena\Tournaments\Engine Regression Battle 20250911.pgn

No:  B/W 1/2     W:B       1:2           Time        Value Moves Dep 1:2       1-2-Draws
   4 B 1    1.0:0.0        4.0:0.0       12:10:19 AM   -10.00    12 14.636 :6.000  4-0-0

--------------------------------------------------------------

Engine-Match Friday, September 12, 2025 12:10:20 AM
 Tournament Game in 5 Minutes 

Pairing 8/78 :    V7P3R_v8.0  -  V7P3R_v10.0

PGN-File: C:\Program Files (x86)\Arena\Tournaments\Engine Regression Battle 20250911.pgn

No:  B/W 1/2     W:B       1:2           Time        Value Moves Dep 1:2       1-2-Draws
   4 W 2    1.0:0.0        0.0:4.0       12:14:27 AM  +200.00    20 5.600 :5.150  0-4-0

--------------------------------------------------------------

Engine-Match Friday, September 12, 2025 12:14:28 AM
 Tournament Game in 5 Minutes 

Pairing 9/78 :    V7P3R_v10.2  -  V7P3R_v7.0

PGN-File: C:\Program Files (x86)\Arena\Tournaments\Engine Regression Battle 20250911.pgn

No:  B/W 1/2     W:B       1:2           Time        Value Moves Dep 1:2       1-2-Draws
   4 B 1    1.0:0.0        4.0:0.0       12:20:50 AM   -85.00    19 5.091 :5.474  4-0-0

--------------------------------------------------------------

Engine-Match Friday, September 12, 2025 12:20:52 AM
 Tournament Game in 5 Minutes 

Pairing 10/78 :    V7P3R_v6.0  -  V7P3R_v10.3

PGN-File: C:\Program Files (x86)\Arena\Tournaments\Engine Regression Battle 20250911.pgn

No:  B/W 1/2     W:B       1:2           Time        Value Moves Dep 1:2       1-2-Draws
   4 W 2    1.0:0.0        0.0:4.0       12:23:04 AM  +289.98     7 3.000 :3.857  0-4-0

--------------------------------------------------------------

Engine-Match Friday, September 12, 2025 12:23:06 AM
 Tournament Game in 5 Minutes 

Pairing 11/78 :    V7P3R_v10.4  -  V7P3R_v5.1

PGN-File: C:\Program Files (x86)\Arena\Tournaments\Engine Regression Battle 20250911.pgn

No:  B/W 1/2     W:B       1:2           Time        Value Moves Dep 1:2       1-2-Draws
   4 B 1    1.0:0.0        4.0:0.0       12:28:11 AM   -60.44    23 4.167 :3.174  4-0-0

--------------------------------------------------------------

Engine-Match Friday, September 12, 2025 12:28:13 AM
 Tournament Game in 5 Minutes 

Pairing 12/78 :    V7P3R_v10.6  -  V7P3R_v10.5

PGN-File: C:\Program Files (x86)\Arena\Tournaments\Engine Regression Battle 20250911.pgn

No:  B/W 1/2     W:B       1:2           Time        Value Moves Dep 1:2       1-2-Draws
   4 B 1    1.5:0.5        3.5:0.5       12:34:36 AM  -289.98    31 3.455 :4.500  3-0-1

--------------------------------------------------------------

Engine-Match Friday, September 12, 2025 12:34:37 AM
 Tournament Game in 5 Minutes 

Pairing 13/78 :    Random_Opponent  -  V7P3R_v8.0

PGN-File: C:\Program Files (x86)\Arena\Tournaments\Engine Regression Battle 20250911.pgn

No:  B/W 1/2     W:B       1:2           Time        Value Moves Dep 1:2       1-2-Draws
   4 W 2    1.0:0.0        0.0:4.0       12:37:01 AM      +M1    26 0:5.808  0-4-0

--------------------------------------------------------------

Engine-Match Friday, September 12, 2025 12:37:03 AM
 Tournament Game in 5 Minutes 

Pairing 14/78 :    V7P3R_v7.0  -  Stockfish 1%

PGN-File: C:\Program Files (x86)\Arena\Tournaments\Engine Regression Battle 20250911.pgn

No:  B/W 1/2     W:B       1:2           Time        Value Moves Dep 1:2       1-2-Draws
   4 W 2    1.0:0.0        0.0:4.0       12:40:50 AM    +M500    17 5.529 :13.846  0-4-0

--------------------------------------------------------------

Engine-Match Friday, September 12, 2025 12:40:51 AM
 Tournament Game in 5 Minutes 

Pairing 15/78 :    V7P3R_v10.0  -  V7P3R_v6.0

PGN-File: C:\Program Files (x86)\Arena\Tournaments\Engine Regression Battle 20250911.pgn

No:  B/W 1/2     W:B       1:2           Time        Value Moves Dep 1:2       1-2-Draws
   4 B 1    1.0:0.0        4.0:0.0       12:43:34 AM   -24.83     9 5.875 :3.000  4-0-0

--------------------------------------------------------------

Engine-Match Friday, September 12, 2025 12:43:35 AM
 Tournament Game in 5 Minutes 

Pairing 16/78 :    V7P3R_v5.1  -  V7P3R_v10.2

PGN-File: C:\Program Files (x86)\Arena\Tournaments\Engine Regression Battle 20250911.pgn

No:  B/W 1/2     W:B       1:2           Time        Value Moves Dep 1:2       1-2-Draws
   4 W 2    1.0:0.0        0.0:4.0       12:45:09 AM   +45.54     6 4.000 :5.500  0-4-0

--------------------------------------------------------------

Engine-Match Friday, September 12, 2025 12:45:10 AM
 Tournament Game in 5 Minutes 

Pairing 17/78 :    V7P3R_v10.3  -  V7P3R_v10.6

PGN-File: C:\Program Files (x86)\Arena\Tournaments\Engine Regression Battle 20250911.pgn

No:  B/W 1/2     W:B       1:2           Time        Value Moves Dep 1:2       1-2-Draws
   4 W 2    1.5:0.5        0.5:3.5       12:51:32 AM     0.00    29 3.160 :3.750  0-3-1

--------------------------------------------------------------

Engine-Match Friday, September 12, 2025 12:51:34 AM
 Tournament Game in 5 Minutes 

Pairing 18/78 :    V7P3R_v10.5  -  V7P3R_v10.4

PGN-File: C:\Program Files (x86)\Arena\Tournaments\Engine Regression Battle 20250911.pgn

No:  B/W 1/2     W:B       1:2           Time        Value Moves Dep 1:2       1-2-Draws
   4 = =    0.5:0.5        0.5:3.5       12:58:04 AM    +9.31    44 4.882 :3.773  0-3-1

--------------------------------------------------------------

Engine-Match Friday, September 12, 2025 12:58:05 AM
 Tournament Game in 5 Minutes 

Pairing 19/78 :    V7P3R_v9.0  -  V7P3R_v7.0

PGN-File: C:\Program Files (x86)\Arena\Tournaments\Engine Regression Battle 20250911.pgn

No:  B/W 1/2     W:B       1:2           Time        Value Moves Dep 1:2       1-2-Draws
   4 B 1    1.0:0.0        3.0:1.0       1:00:15 AM   -55.00     5 6.000 :6.000  3-1-0

--------------------------------------------------------------

Engine-Match Friday, September 12, 2025 1:00:16 AM
 Tournament Game in 5 Minutes 

Pairing 20/78 :    V7P3R_v6.0  -  Random_Opponent

PGN-File: C:\Program Files (x86)\Arena\Tournaments\Engine Regression Battle 20250911.pgn

No:  B/W 1/2     W:B       1:2           Time        Value Moves Dep 1:2       1-2-Draws
   4 B 1    1.0:0.0        4.0:0.0       1:03:14 AM     0.00    27 3.000 :0 4-0-0

--------------------------------------------------------------

Engine-Match Friday, September 12, 2025 1:03:16 AM
 Tournament Game in 5 Minutes 

Pairing 21/78 :    Stockfish 1%  -  V7P3R_v5.1

PGN-File: C:\Program Files (x86)\Arena\Tournaments\Engine Regression Battle 20250911.pgn

No:  B/W 1/2     W:B       1:2           Time        Value Moves Dep 1:2       1-2-Draws
   4 B 1    1.0:0.0        4.0:0.0       1:05:02 AM   -17.14    14 13.615 :3.214  4-0-0

--------------------------------------------------------------

Engine-Match Friday, September 12, 2025 1:05:03 AM
 Tournament Game in 5 Minutes 

Pairing 22/78 :    V7P3R_v10.6  -  V7P3R_v10.0

PGN-File: C:\Program Files (x86)\Arena\Tournaments\Engine Regression Battle 20250911.pgn

No:  B/W 1/2     W:B       1:2           Time        Value Moves Dep 1:2       1-2-Draws
   4 = =    1.0:1.0        1.0:3.0       1:12:16 AM     0.00    44 4.056 :5.565  0-2-2

--------------------------------------------------------------

Engine-Match Friday, September 12, 2025 1:12:17 AM
 Tournament Game in 5 Minutes 

Pairing 23/78 :    V7P3R_v10.2  -  V7P3R_v10.5

PGN-File: C:\Program Files (x86)\Arena\Tournaments\Engine Regression Battle 20250911.pgn

No:  B/W 1/2     W:B       1:2           Time        Value Moves Dep 1:2       1-2-Draws
   4 = =    2.0:2.0        2.0:2.0       1:17:15 AM   +12.70    60 5.571 :5.000  0-0-4

--------------------------------------------------------------

Engine-Match Friday, September 12, 2025 1:17:16 AM
 Tournament Game in 5 Minutes 

Pairing 24/78 :    V7P3R_v10.4  -  V7P3R_v10.3

PGN-File: C:\Program Files (x86)\Arena\Tournaments\Engine Regression Battle 20250911.pgn

No:  B/W 1/2     W:B       1:2           Time        Value Moves Dep 1:2       1-2-Draws
   4 = =    1.0:1.0        3.0:1.0       1:25:58 AM     0.00    64 3.440 :2.852  2-0-2

--------------------------------------------------------------

Engine-Match Friday, September 12, 2025 1:25:59 AM
 Tournament Game in 5 Minutes 

Pairing 25/78 :    V7P3R_v8.0  -  V7P3R_v6.0

PGN-File: C:\Program Files (x86)\Arena\Tournaments\Engine Regression Battle 20250911.pgn

No:  B/W 1/2     W:B       1:2           Time        Value Moves Dep 1:2       1-2-Draws
   4 B 1    1.0:0.0        4.0:0.0       1:28:07 AM   -27.71    10 6.000 :3.000  4-0-0

--------------------------------------------------------------

Engine-Match Friday, September 12, 2025 1:28:08 AM
 Tournament Game in 5 Minutes 

Pairing 26/78 :    V7P3R_v5.1  -  V7P3R_v9.0

PGN-File: C:\Program Files (x86)\Arena\Tournaments\Engine Regression Battle 20250911.pgn

No:  B/W 1/2     W:B       1:2           Time        Value Moves Dep 1:2       1-2-Draws
   4 B 1    1.0:0.0        2.0:2.0       1:29:56 AM  -221.00    11 3.300 :6.000  2-2-0

--------------------------------------------------------------

Engine-Match Friday, September 12, 2025 1:30:03 AM
 Tournament Game in 5 Minutes 

Pairing 27/78 :    Random_Opponent  -  V7P3R_v10.6

PGN-File: C:\Program Files (x86)\Arena\Tournaments\Engine Regression Battle 20250911.pgn

No:  B/W 1/2     W:B       1:2           Time        Value Moves Dep 1:2       1-2-Draws
   4 W 2    1.0:0.0        0.0:4.0       1:32:00 AM  +289.98    15 0:4.500  0-4-0

--------------------------------------------------------------

Engine-Match Friday, September 12, 2025 1:32:01 AM
 Tournament Game in 5 Minutes 

Pairing 28/78 :    V7P3R_v10.5  -  Stockfish 1%

PGN-File: C:\Program Files (x86)\Arena\Tournaments\Engine Regression Battle 20250911.pgn

No:  B/W 1/2     W:B       1:2           Time        Value Moves Dep 1:2       1-2-Draws
   4 B 1    1.0:0.0        1.0:3.0       1:35:31 AM  -289.98    54 4.649 :13.769  1-3-0

--------------------------------------------------------------

Engine-Match Friday, September 12, 2025 1:35:32 AM
 Tournament Game in 5 Minutes 

Pairing 29/78 :    V7P3R_v10.0  -  V7P3R_v10.4

PGN-File: C:\Program Files (x86)\Arena\Tournaments\Engine Regression Battle 20250911.pgn

No:  B/W 1/2     W:B       1:2           Time        Value Moves Dep 1:2       1-2-Draws
   4 = =    0.5:0.5        3.5:0.5       1:42:53 AM    +2.00    46 5.235 :3.923  3-0-1

--------------------------------------------------------------

Engine-Match Friday, September 12, 2025 1:42:54 AM
 Tournament Game in 5 Minutes 

Pairing 30/78 :    V7P3R_v10.3  -  V7P3R_v10.2

PGN-File: C:\Program Files (x86)\Arena\Tournaments\Engine Regression Battle 20250911.pgn

No:  B/W 1/2     W:B       1:2           Time        Value Moves Dep 1:2       1-2-Draws
   4 W 2    1.0:0.0        2.0:2.0       1:47:20 AM   +21.43    15 3.143 :4.692  2-2-0

--------------------------------------------------------------

Engine-Match Friday, September 12, 2025 1:47:21 AM
 Tournament Game in 5 Minutes 

Pairing 31/78 :    V7P3R_v7.0  -  V7P3R_v5.1

PGN-File: C:\Program Files (x86)\Arena\Tournaments\Engine Regression Battle 20250911.pgn

No:  B/W 1/2     W:B       1:2           Time        Value Moves Dep 1:2       1-2-Draws
   4 B 1    1.5:0.5        2.5:1.5       1:49:46 AM   -29.84    10 5.889 :4.000  2-1-1

--------------------------------------------------------------

Engine-Match Friday, September 12, 2025 1:49:48 AM
 Tournament Game in 5 Minutes 

Pairing 32/78 :    V7P3R_v10.6  -  V7P3R_v8.0

PGN-File: C:\Program Files (x86)\Arena\Tournaments\Engine Regression Battle 20250911.pgn

No:  B/W 1/2     W:B       1:2           Time        Value Moves Dep 1:2       1-2-Draws
   4 B 1    1.0:0.0        4.0:0.0       1:53:55 AM    -M500    21 4.176 :5.810  4-0-0

--------------------------------------------------------------

Engine-Match Friday, September 12, 2025 1:53:56 AM
 Tournament Game in 5 Minutes 

Pairing 33/78 :    V7P3R_v9.0  -  V7P3R_v10.5

PGN-File: C:\Program Files (x86)\Arena\Tournaments\Engine Regression Battle 20250911.pgn

No:  B/W 1/2     W:B       1:2           Time        Value Moves Dep 1:2       1-2-Draws
   4 W 2    1.0:0.0        0.0:4.0       1:56:07 AM  +310.00     9 6.000 :4.750  0-4-0

--------------------------------------------------------------

Engine-Match Friday, September 12, 2025 1:56:09 AM
 Tournament Game in 5 Minutes 

Pairing 34/78 :    V7P3R_v10.4  -  Random_Opponent

PGN-File: C:\Program Files (x86)\Arena\Tournaments\Engine Regression Battle 20250911.pgn

No:  B/W 1/2     W:B       1:2           Time        Value Moves Dep 1:2       1-2-Draws
   4 B 1    1.0:0.0        4.0:0.0       1:59:41 AM  -289.96    22 3.895 :0 4-0-0

--------------------------------------------------------------

Engine-Match Friday, September 12, 2025 1:59:42 AM
 Tournament Game in 5 Minutes 

Pairing 35/78 :    Stockfish 1%  -  V7P3R_v10.3

PGN-File: C:\Program Files (x86)\Arena\Tournaments\Engine Regression Battle 20250911.pgn

No:  B/W 1/2     W:B       1:2           Time        Value Moves Dep 1:2       1-2-Draws
   4 B 1    1.0:0.0        4.0:0.0       2:03:30 AM      -M1    26 12.571 :3.250  4-0-0

--------------------------------------------------------------

Engine-Match Friday, September 12, 2025 2:03:31 AM
 Tournament Game in 5 Minutes 

Pairing 36/78 :    V7P3R_v10.2  -  V7P3R_v10.0

PGN-File: C:\Program Files (x86)\Arena\Tournaments\Engine Regression Battle 20250911.pgn

No:  B/W 1/2     W:B       1:2           Time        Value Moves Dep 1:2       1-2-Draws
   4 W 2    2.5:1.5        1.5:2.5       2:09:45 AM  +289.99    26 5.118 :5.308  0-1-3

--------------------------------------------------------------

Engine-Match Friday, September 12, 2025 2:09:47 AM
 Tournament Game in 5 Minutes 

Pairing 37/78 :    V7P3R_v6.0  -  V7P3R_v10.6

PGN-File: C:\Program Files (x86)\Arena\Tournaments\Engine Regression Battle 20250911.pgn

No:  B/W 1/2     W:B       1:2           Time        Value Moves Dep 1:2       1-2-Draws
   4 W 2    1.0:0.0        0.0:4.0       2:12:56 AM   +36.73    13 3.000 :4.455  0-4-0

--------------------------------------------------------------

Engine-Match Friday, September 12, 2025 2:12:57 AM
 Tournament Game in 5 Minutes 

Pairing 38/78 :    V7P3R_v10.5  -  V7P3R_v7.0

PGN-File: C:\Program Files (x86)\Arena\Tournaments\Engine Regression Battle 20250911.pgn

No:  B/W 1/2     W:B       1:2           Time        Value Moves Dep 1:2       1-2-Draws
   4 B 1    1.0:0.0        4.0:0.0       2:16:00 AM  -120.00     8 5.167 :6.000  4-0-0

--------------------------------------------------------------

Engine-Match Friday, September 12, 2025 2:16:01 AM
 Tournament Game in 5 Minutes 

Pairing 39/78 :    V7P3R_v8.0  -  V7P3R_v10.4

PGN-File: C:\Program Files (x86)\Arena\Tournaments\Engine Regression Battle 20250911.pgn

No:  B/W 1/2     W:B       1:2           Time        Value Moves Dep 1:2       1-2-Draws
   4 W 2    1.0:0.0        0.0:4.0       2:20:43 AM  +105.00    19 5.684 :3.625  0-4-0

--------------------------------------------------------------

Engine-Match Friday, September 12, 2025 2:20:44 AM
 Tournament Game in 5 Minutes 

Pairing 40/78 :    V7P3R_v10.3  -  V7P3R_v9.0

PGN-File: C:\Program Files (x86)\Arena\Tournaments\Engine Regression Battle 20250911.pgn

No:  B/W 1/2     W:B       1:2           Time        Value Moves Dep 1:2       1-2-Draws
   4 B 1    1.0:0.0        4.0:0.0       2:22:40 AM  -230.00     9 3.286 :6.000  4-0-0

--------------------------------------------------------------

Engine-Match Friday, September 12, 2025 2:22:42 AM
 Tournament Game in 5 Minutes 

Pairing 41/78 :    Random_Opponent  -  V7P3R_v10.2

PGN-File: C:\Program Files (x86)\Arena\Tournaments\Engine Regression Battle 20250911.pgn

No:  B/W 1/2     W:B       1:2           Time        Value Moves Dep 1:2       1-2-Draws
   4 W 2    1.0:0.0        0.0:4.0       2:25:00 AM     0.00    16 0:5.615  0-4-0

--------------------------------------------------------------

Engine-Match Friday, September 12, 2025 2:25:01 AM
 Tournament Game in 5 Minutes 

Pairing 42/78 :    V7P3R_v10.0  -  Stockfish 1%

PGN-File: C:\Program Files (x86)\Arena\Tournaments\Engine Regression Battle 20250911.pgn

No:  B/W 1/2     W:B       1:2           Time        Value Moves Dep 1:2       1-2-Draws
   4 W 2    1.0:0.0        1.0:3.0       2:28:36 AM    +9.40    29 5.069 :13.000  1-3-0

--------------------------------------------------------------

Engine-Match Friday, September 12, 2025 2:28:38 AM
 Tournament Game in 5 Minutes 

Pairing 43/78 :    V7P3R_v5.1  -  V7P3R_v10.5

PGN-File: C:\Program Files (x86)\Arena\Tournaments\Engine Regression Battle 20250911.pgn

No:  B/W 1/2     W:B       1:2           Time        Value Moves Dep 1:2       1-2-Draws
   4 W 2    1.0:0.0        0.0:4.0       2:32:42 AM   +62.25    19 3.579 :5.167  0-4-0

--------------------------------------------------------------

Engine-Match Friday, September 12, 2025 2:32:43 AM
 Tournament Game in 5 Minutes 

Pairing 44/78 :    V7P3R_v10.4  -  V7P3R_v6.0

PGN-File: C:\Program Files (x86)\Arena\Tournaments\Engine Regression Battle 20250911.pgn

No:  B/W 1/2     W:B       1:2           Time        Value Moves Dep 1:2       1-2-Draws
   4 B 1    1.0:0.0        4.0:0.0       2:35:45 AM   -35.55    14 4.500 :3.000  4-0-0

--------------------------------------------------------------

Engine-Match Friday, September 12, 2025 2:35:46 AM
 Tournament Game in 5 Minutes 

Pairing 45/78 :    V7P3R_v7.0  -  V7P3R_v10.3

PGN-File: C:\Program Files (x86)\Arena\Tournaments\Engine Regression Battle 20250911.pgn

No:  B/W 1/2     W:B       1:2           Time        Value Moves Dep 1:2       1-2-Draws
   4 W 2    2.0:1.0        1.0:3.0       2:38:54 AM  +110.00     9 5.667 :3.375  0-2-2

--------------------------------------------------------------

Engine-Match Friday, September 12, 2025 2:38:56 AM
 Tournament Game in 5 Minutes 

Pairing 46/78 :    V7P3R_v10.2  -  V7P3R_v8.0

PGN-File: C:\Program Files (x86)\Arena\Tournaments\Engine Regression Battle 20250911.pgn

No:  B/W 1/2     W:B       1:2           Time        Value Moves Dep 1:2       1-2-Draws
   4 B 1    1.0:0.0        4.0:0.0       2:41:30 AM    -9.00    13 5.000 :5.923  4-0-0

--------------------------------------------------------------

Engine-Match Friday, September 12, 2025 2:41:37 AM
 Tournament Game in 5 Minutes 

Pairing 47/78 :    V7P3R_v9.0  -  V7P3R_v10.0

PGN-File: C:\Program Files (x86)\Arena\Tournaments\Engine Regression Battle 20250911.pgn

No:  B/W 1/2     W:B       1:2           Time        Value Moves Dep 1:2       1-2-Draws
   4 W 2    1.0:0.0        0.0:4.0       2:44:14 AM  +215.00    10 6.000 :5.800  0-4-0

--------------------------------------------------------------

Engine-Match Friday, September 12, 2025 2:44:15 AM
 Tournament Game in 5 Minutes 

Pairing 48/78 :    Stockfish 1%  -  Random_Opponent

PGN-File: C:\Program Files (x86)\Arena\Tournaments\Engine Regression Battle 20250911.pgn

No:  B/W 1/2     W:B       1:2           Time        Value Moves Dep 1:2       1-2-Draws
   4 B 1    1.0:0.0        4.0:0.0       2:44:35 AM      -M1    42 14.583 :0 4-0-0

--------------------------------------------------------------

Engine-Match Friday, September 12, 2025 2:44:36 AM
 Tournament Game in 5 Minutes 

Pairing 49/78 :    V7P3R_v10.6  -  V7P3R_v10.4

PGN-File: C:\Program Files (x86)\Arena\Tournaments\Engine Regression Battle 20250911.pgn

No:  B/W 1/2     W:B       1:2           Time        Value Moves Dep 1:2       1-2-Draws
   4 W 2    1.5:0.5        2.5:1.5       2:51:38 AM     0.00    61 3.778 :3.941  2-1-1

--------------------------------------------------------------

Engine-Match Friday, September 12, 2025 2:51:39 AM
 Tournament Game in 5 Minutes 

Pairing 50/78 :    V7P3R_v10.3  -  V7P3R_v5.1

PGN-File: C:\Program Files (x86)\Arena\Tournaments\Engine Regression Battle 20250911.pgn

No:  B/W 1/2     W:B       1:2           Time        Value Moves Dep 1:2       1-2-Draws
   4 B 1    1.0:0.0        4.0:0.0       2:56:59 AM   -22.45    21 3.450 :3.143  4-0-0

--------------------------------------------------------------

Engine-Match Friday, September 12, 2025 2:57:00 AM
 Tournament Game in 5 Minutes 

Pairing 51/78 :    V7P3R_v6.0  -  V7P3R_v10.2

PGN-File: C:\Program Files (x86)\Arena\Tournaments\Engine Regression Battle 20250911.pgn

No:  B/W 1/2     W:B       1:2           Time        Value Moves Dep 1:2       1-2-Draws
   4 W 2    1.0:0.0        0.0:4.0       3:00:00 AM   +39.83    11 3.000 :5.625  0-4-0

--------------------------------------------------------------

Engine-Match Friday, September 12, 2025 3:00:01 AM
 Tournament Game in 5 Minutes 

Pairing 52/78 :    V7P3R_v10.0  -  V7P3R_v7.0

PGN-File: C:\Program Files (x86)\Arena\Tournaments\Engine Regression Battle 20250911.pgn

No:  B/W 1/2     W:B       1:2           Time        Value Moves Dep 1:2       1-2-Draws
   4 = =    1.0:1.0        3.0:1.0       3:09:06 AM  +193.00    53 5.190 :5.682  2-0-2

--------------------------------------------------------------

Engine-Match Friday, September 12, 2025 3:09:08 AM
 Tournament Game in 5 Minutes 

Pairing 53/78 :    V7P3R_v8.0  -  Stockfish 1%

PGN-File: C:\Program Files (x86)\Arena\Tournaments\Engine Regression Battle 20250911.pgn

No:  B/W 1/2     W:B       1:2           Time        Value Moves Dep 1:2       1-2-Draws
   4 W 2    1.0:0.0        0.0:4.0       3:10:52 AM    +M500    21 5.762 :12.600  0-4-0

--------------------------------------------------------------

Engine-Match Friday, September 12, 2025 3:10:54 AM
 Tournament Game in 5 Minutes 

Pairing 54/78 :    Random_Opponent  -  V7P3R_v9.0

PGN-File: C:\Program Files (x86)\Arena\Tournaments\Engine Regression Battle 20250911.pgn

No:  B/W 1/2     W:B       1:2           Time        Value Moves Dep 1:2       1-2-Draws
   4 W 2    1.0:0.0        0.0:4.0       3:11:21 AM      +M1     8 0:6.000  0-4-0

--------------------------------------------------------------

Engine-Match Friday, September 12, 2025 3:11:23 AM
 Tournament Game in 5 Minutes 

Pairing 55/78 :    V7P3R_v10.5  -  V7P3R_v10.3

PGN-File: C:\Program Files (x86)\Arena\Tournaments\Engine Regression Battle 20250911.pgn

No:  B/W 1/2     W:B       1:2           Time        Value Moves Dep 1:2       1-2-Draws
   4 B 1    1.0:0.0        4.0:0.0       3:15:59 AM    -9.16    15 4.545 :3.000  4-0-0

--------------------------------------------------------------

Engine-Match Friday, September 12, 2025 3:16:01 AM
 Tournament Game in 5 Minutes 

Pairing 56/78 :    V7P3R_v10.2  -  V7P3R_v10.6

PGN-File: C:\Program Files (x86)\Arena\Tournaments\Engine Regression Battle 20250911.pgn

No:  B/W 1/2     W:B       1:2           Time        Value Moves Dep 1:2       1-2-Draws
   4 W 2    1.0:0.0        1.0:3.0       3:21:04 AM     0.00    23 5.308 :4.083  1-3-0

--------------------------------------------------------------

Engine-Match Friday, September 12, 2025 3:21:05 AM
 Tournament Game in 5 Minutes 

Pairing 57/78 :    V7P3R_v5.1  -  V7P3R_v10.0

PGN-File: C:\Program Files (x86)\Arena\Tournaments\Engine Regression Battle 20250911.pgn

No:  B/W 1/2     W:B       1:2           Time        Value Moves Dep 1:2       1-2-Draws
   4 = =    1.0:1.0        1.0:3.0       3:25:40 AM   +33.20    23 3.182 :5.739  0-2-2

--------------------------------------------------------------

Engine-Match Friday, September 12, 2025 3:25:42 AM
 Tournament Game in 5 Minutes 

Pairing 58/78 :    Stockfish 1%  -  V7P3R_v6.0

PGN-File: C:\Program Files (x86)\Arena\Tournaments\Engine Regression Battle 20250911.pgn

No:  B/W 1/2     W:B       1:2           Time        Value Moves Dep 1:2       1-2-Draws
   4 B 1    1.0:0.0        4.0:0.0       3:26:56 AM   -24.29     9 15.250 :3.000  4-0-0

--------------------------------------------------------------

Engine-Match Friday, September 12, 2025 3:26:57 AM
 Tournament Game in 5 Minutes 

Pairing 59/78 :    V7P3R_v7.0  -  Random_Opponent

PGN-File: C:\Program Files (x86)\Arena\Tournaments\Engine Regression Battle 20250911.pgn

No:  B/W 1/2     W:B       1:2           Time        Value Moves Dep 1:2       1-2-Draws
   4 = =    0.5:0.5        3.5:0.5       3:31:55 AM    -M500    24 5.583 :0 3-0-1

--------------------------------------------------------------

Engine-Match Friday, September 12, 2025 3:31:56 AM
 Tournament Game in 5 Minutes 

Pairing 60/78 :    V7P3R_v9.0  -  V7P3R_v8.0

PGN-File: C:\Program Files (x86)\Arena\Tournaments\Engine Regression Battle 20250911.pgn

No:  B/W 1/2     W:B       1:2           Time        Value Moves Dep 1:2       1-2-Draws
   4 W 2    1.0:0.0        1.0:3.0       3:33:08 AM  +115.00    10 6.000 :5.500  1-3-0

--------------------------------------------------------------

Engine-Match Friday, September 12, 2025 3:33:09 AM
 Tournament Game in 5 Minutes 

Pairing 61/78 :    V7P3R_v10.4  -  V7P3R_v10.2

PGN-File: C:\Program Files (x86)\Arena\Tournaments\Engine Regression Battle 20250911.pgn

No:  B/W 1/2     W:B       1:2           Time        Value Moves Dep 1:2       1-2-Draws
   4 = =    1.0:1.0        3.0:1.0       3:40:09 AM    +0.87    52 3.824 :4.688  2-0-2

--------------------------------------------------------------

Engine-Match Friday, September 12, 2025 3:40:10 AM
 Tournament Game in 5 Minutes 

Pairing 62/78 :    V7P3R_v10.0  -  V7P3R_v10.5

PGN-File: C:\Program Files (x86)\Arena\Tournaments\Engine Regression Battle 20250911.pgn

No:  B/W 1/2     W:B       1:2           Time        Value Moves Dep 1:2       1-2-Draws
   4 = =    1.5:1.5        2.5:1.5       3:47:14 AM    +2.50    47 5.182 :4.900  1-0-3

--------------------------------------------------------------

Engine-Match Friday, September 12, 2025 3:47:15 AM
 Tournament Game in 5 Minutes 

Pairing 63/78 :    V7P3R_v10.6  -  Stockfish 1%

PGN-File: C:\Program Files (x86)\Arena\Tournaments\Engine Regression Battle 20250911.pgn

No:  B/W 1/2     W:B       1:2           Time        Value Moves Dep 1:2       1-2-Draws
   4 W 2    1.5:0.5        1.5:2.5       3:51:45 AM      +M1    56 3.551 :14.583  1-2-1

--------------------------------------------------------------

Engine-Match Friday, September 12, 2025 3:51:46 AM
 Tournament Game in 5 Minutes 

Pairing 64/78 :    Random_Opponent  -  V7P3R_v5.1

PGN-File: C:\Program Files (x86)\Arena\Tournaments\Engine Regression Battle 20250911.pgn

No:  B/W 1/2     W:B       1:2           Time        Value Moves Dep 1:2       1-2-Draws
   4 W 2    1.0:0.0        0.0:4.0       3:53:45 AM     0.00    16 0:3.500  0-4-0

--------------------------------------------------------------

Engine-Match Friday, September 12, 2025 3:53:46 AM
 Tournament Game in 5 Minutes 

Pairing 65/78 :    V7P3R_v6.0  -  V7P3R_v9.0

PGN-File: C:\Program Files (x86)\Arena\Tournaments\Engine Regression Battle 20250911.pgn

No:  B/W 1/2     W:B       1:2           Time        Value Moves Dep 1:2       1-2-Draws
   4 W 2    1.0:0.0        0.0:4.0       3:54:53 AM   +19.73     6 3.000 :6.000  0-4-0

--------------------------------------------------------------

Engine-Match Friday, September 12, 2025 3:54:54 AM
 Tournament Game in 5 Minutes 

Pairing 66/78 :    V7P3R_v8.0  -  V7P3R_v7.0

PGN-File: C:\Program Files (x86)\Arena\Tournaments\Engine Regression Battle 20250911.pgn

No:  B/W 1/2     W:B       1:2           Time        Value Moves Dep 1:2       1-2-Draws
   4 B 1    1.0:0.0        2.0:2.0       3:57:05 AM   -10.00     5 5.500 :6.000  2-2-0

--------------------------------------------------------------

Engine-Match Friday, September 12, 2025 3:57:12 AM
 Tournament Game in 5 Minutes 

Pairing 67/78 :    V7P3R_v10.3  -  V7P3R_v10.0

PGN-File: C:\Program Files (x86)\Arena\Tournaments\Engine Regression Battle 20250911.pgn

No:  B/W 1/2     W:B       1:2           Time        Value Moves Dep 1:2       1-2-Draws
   4 W 2    1.5:0.5        0.5:3.5       4:03:10 AM   +20.11    17 3.125 :4.824  0-3-1

--------------------------------------------------------------

Engine-Match Friday, September 12, 2025 4:03:11 AM
 Tournament Game in 5 Minutes 

Pairing 68/78 :    Stockfish 1%  -  V7P3R_v10.4

PGN-File: C:\Program Files (x86)\Arena\Tournaments\Engine Regression Battle 20250911.pgn

No:  B/W 1/2     W:B       1:2           Time        Value Moves Dep 1:2       1-2-Draws
   4 B 1    1.0:0.0        4.0:0.0       4:06:11 AM   -21.16    32 14.692 :4.087  4-0-0

--------------------------------------------------------------

Engine-Match Friday, September 12, 2025 4:06:13 AM
 Tournament Game in 5 Minutes 

Pairing 69/78 :    V7P3R_v10.5  -  Random_Opponent

PGN-File: C:\Program Files (x86)\Arena\Tournaments\Engine Regression Battle 20250911.pgn

No:  B/W 1/2     W:B       1:2           Time        Value Moves Dep 1:2       1-2-Draws
   4 B 1    1.0:0.0        4.0:0.0       4:07:53 AM     0.00    12 4.800 :0 4-0-0

--------------------------------------------------------------

Engine-Match Friday, September 12, 2025 4:07:55 AM
 Tournament Game in 5 Minutes 

Pairing 70/78 :    V7P3R_v9.0  -  V7P3R_v10.6

PGN-File: C:\Program Files (x86)\Arena\Tournaments\Engine Regression Battle 20250911.pgn

No:  B/W 1/2     W:B       1:2           Time        Value Moves Dep 1:2       1-2-Draws
   4 W 2    1.0:0.0        0.0:4.0       4:10:45 AM  +295.00    12 6.000 :4.091  0-4-0

--------------------------------------------------------------

Engine-Match Friday, September 12, 2025 4:10:47 AM
 Tournament Game in 5 Minutes 

Pairing 71/78 :    V7P3R_v5.1  -  V7P3R_v8.0

PGN-File: C:\Program Files (x86)\Arena\Tournaments\Engine Regression Battle 20250911.pgn

No:  B/W 1/2     W:B       1:2           Time        Value Moves Dep 1:2       1-2-Draws
   4 W 2    1.0:0.0        0.0:4.0       4:12:48 AM      +M1    11 4.000 :6.000  0-4-0

--------------------------------------------------------------

Engine-Match Friday, September 12, 2025 4:12:49 AM
 Tournament Game in 5 Minutes 

Pairing 72/78 :    V7P3R_v7.0  -  V7P3R_v6.0

PGN-File: C:\Program Files (x86)\Arena\Tournaments\Engine Regression Battle 20250911.pgn

No:  B/W 1/2     W:B       1:2           Time        Value Moves Dep 1:2       1-2-Draws
   4 B 1    1.0:0.0        4.0:0.0       4:16:29 AM   -20.97    11 5.900 :3.000  4-0-0

--------------------------------------------------------------

Engine-Match Friday, September 12, 2025 4:16:30 AM
 Tournament Game in 5 Minutes 

Pairing 73/78 :    V7P3R_v10.2  -  Stockfish 1%

PGN-File: C:\Program Files (x86)\Arena\Tournaments\Engine Regression Battle 20250911.pgn

No:  B/W 1/2     W:B       1:2           Time        Value Moves Dep 1:2       1-2-Draws
   4 W 2    1.0:0.0        0.0:4.0       4:20:11 AM      +M1    48 4.818 :13.385  0-4-0

--------------------------------------------------------------

Engine-Match Friday, September 12, 2025 4:20:12 AM
 Tournament Game in 5 Minutes 

Pairing 74/78 :    Random_Opponent  -  V7P3R_v10.3

PGN-File: C:\Program Files (x86)\Arena\Tournaments\Engine Regression Battle 20250911.pgn

No:  B/W 1/2     W:B       1:2           Time        Value Moves Dep 1:2       1-2-Draws
   4 W 2    1.0:0.0        0.0:4.0       4:23:24 AM  +289.96    25 0:3.042  0-4-0

--------------------------------------------------------------

Engine-Match Friday, September 12, 2025 4:23:25 AM
 Tournament Game in 5 Minutes 

Pairing 75/78 :    V7P3R_v10.4  -  V7P3R_v9.0

PGN-File: C:\Program Files (x86)\Arena\Tournaments\Engine Regression Battle 20250911.pgn

No:  B/W 1/2     W:B       1:2           Time        Value Moves Dep 1:2       1-2-Draws
   4 B 1    1.0:0.0        4.0:0.0       4:25:47 AM   -70.00    12 3.778 :6.000  4-0-0

--------------------------------------------------------------

Engine-Match Friday, September 12, 2025 4:25:49 AM
 Tournament Game in 5 Minutes 

Pairing 76/78 :    V7P3R_v8.0  -  V7P3R_v10.5

PGN-File: C:\Program Files (x86)\Arena\Tournaments\Engine Regression Battle 20250911.pgn

No:  B/W 1/2     W:B       1:2           Time        Value Moves Dep 1:2       1-2-Draws
   4 W 2    1.0:0.0        0.0:4.0       4:29:49 AM  +210.00    18 5.611 :4.846  0-4-0

--------------------------------------------------------------

Engine-Match Friday, September 12, 2025 4:29:50 AM
 Tournament Game in 5 Minutes 

Pairing 77/78 :    V7P3R_v10.6  -  V7P3R_v7.0

PGN-File: C:\Program Files (x86)\Arena\Tournaments\Engine Regression Battle 20250911.pgn

No:  B/W 1/2     W:B       1:2           Time        Value Moves Dep 1:2       1-2-Draws
   4 W 2    1.0:0.0        3.0:1.0       4:38:43 AM   +24.75    53 4.133 :5.895  3-1-0

--------------------------------------------------------------

Engine-Match Friday, September 12, 2025 4:38:44 AM
 Tournament Game in 5 Minutes 

Pairing 78/78 :    V7P3R_v6.0  -  V7P3R_v5.1

PGN-File: C:\Program Files (x86)\Arena\Tournaments\Engine Regression Battle 20250911.pgn

No:  B/W 1/2     W:B       1:2           Time        Value Moves Dep 1:2       1-2-Draws
   4 W 2    1.0:0.0        0.0:4.0       4:42:07 AM   +55.58    14 3.000 :3.357  0-4-0

--------------------------------------------------------------

Engine-Match Friday, September 12, 2025 4:42:08 AM
 Tournament Game in 5 Minutes 

Pairing 1/78 :    V7P3R_v10.0  -  Random_Opponent

PGN-File: C:\Program Files (x86)\Arena\Tournaments\Engine Regression Battle 20250911.pgn

No:  B/W 1/2     W:B       1:2           Time        Value Moves Dep 1:2       1-2-Draws
   5 W 1    1.0:0.0        5.0:0.0       4:45:18 AM  +289.99    14 5.571 :0 5-0-0

--------------------------------------------------------------

Engine-Match Friday, September 12, 2025 4:45:20 AM
 Tournament Game in 5 Minutes 

Pairing 2/78 :    V7P3R_v9.0  -  V7P3R_v10.2

PGN-File: C:\Program Files (x86)\Arena\Tournaments\Engine Regression Battle 20250911.pgn

No:  B/W 1/2     W:B       1:2           Time        Value Moves Dep 1:2       1-2-Draws
   5 B 2    1.0:0.0        0.0:5.0       4:47:39 AM  -300.00    12 6.000 :4.800  0-5-0

--------------------------------------------------------------

Engine-Match Friday, September 12, 2025 4:47:40 AM
 Tournament Game in 5 Minutes 

Pairing 3/78 :    V7P3R_v10.3  -  V7P3R_v8.0

PGN-File: C:\Program Files (x86)\Arena\Tournaments\Engine Regression Battle 20250911.pgn

No:  B/W 1/2     W:B       1:2           Time        Value Moves Dep 1:2       1-2-Draws
   5 W 1    1.0:0.0        5.0:0.0       4:51:58 AM    +M500    16 3.357 :5.750  5-0-0

--------------------------------------------------------------

Engine-Match Friday, September 12, 2025 4:51:59 AM
 Tournament Game in 5 Minutes 

Pairing 4/78 :    V7P3R_v7.0  -  V7P3R_v10.4

PGN-File: C:\Program Files (x86)\Arena\Tournaments\Engine Regression Battle 20250911.pgn

No:  B/W 1/2     W:B       1:2           Time        Value Moves Dep 1:2       1-2-Draws
   5 W 1    1.0:0.0        2.0:3.0       5:00:55 AM   +21.70    51 5.895 :4.133  2-3-0

--------------------------------------------------------------

Engine-Match Friday, September 12, 2025 5:00:56 AM
 Tournament Game in 5 Minutes 

Pairing 5/78 :    V7P3R_v10.5  -  V7P3R_v6.0

PGN-File: C:\Program Files (x86)\Arena\Tournaments\Engine Regression Battle 20250911.pgn

No:  B/W 1/2     W:B       1:2           Time        Value Moves Dep 1:2       1-2-Draws
   5 W 1    1.0:0.0        5.0:0.0       5:03:17 AM   +42.38    10 5.250 :3.000  5-0-0

--------------------------------------------------------------

Engine-Match Friday, September 12, 2025 5:03:18 AM
 Tournament Game in 5 Minutes 

Pairing 6/78 :    V7P3R_v5.1  -  V7P3R_v10.6

PGN-File: C:\Program Files (x86)\Arena\Tournaments\Engine Regression Battle 20250911.pgn

No:  B/W 1/2     W:B       1:2           Time        Value Moves Dep 1:2       1-2-Draws
   5 = =    1.0:1.0        1.0:4.0       5:08:57 AM     0.00    39 3.182 :4.200  0-3-2

--------------------------------------------------------------

Engine-Match Friday, September 12, 2025 5:08:58 AM
 Tournament Game in 5 Minutes 

Pairing 7/78 :    Stockfish 1%  -  V7P3R_v9.0

PGN-File: C:\Program Files (x86)\Arena\Tournaments\Engine Regression Battle 20250911.pgn

No:  B/W 1/2     W:B       1:2           Time        Value Moves Dep 1:2       1-2-Draws
   5 W 1    1.0:0.0        5.0:0.0       5:09:45 AM  +120.00    12 14.417 :6.000  5-0-0

--------------------------------------------------------------

Engine-Match Friday, September 12, 2025 5:09:46 AM
 Tournament Game in 5 Minutes 

Pairing 8/78 :    V7P3R_v8.0  -  V7P3R_v10.0

PGN-File: C:\Program Files (x86)\Arena\Tournaments\Engine Regression Battle 20250911.pgn

No:  B/W 1/2     W:B       1:2           Time        Value Moves Dep 1:2       1-2-Draws
   5 = =    0.5:0.5        0.5:4.5       5:15:21 AM   +89.00    25 5.840 :5.625  0-4-1

--------------------------------------------------------------

Engine-Match Friday, September 12, 2025 5:15:27 AM
 Tournament Game in 5 Minutes 

Pairing 9/78 :    V7P3R_v10.2  -  V7P3R_v7.0

PGN-File: C:\Program Files (x86)\Arena\Tournaments\Engine Regression Battle 20250911.pgn

No:  B/W 1/2     W:B       1:2           Time        Value Moves Dep 1:2       1-2-Draws
   5 W 1    1.0:0.0        5.0:0.0       5:20:28 AM    +M234    15 4.917 :5.667  5-0-0

--------------------------------------------------------------

Engine-Match Friday, September 12, 2025 5:20:30 AM
 Tournament Game in 5 Minutes 

Pairing 10/78 :    V7P3R_v6.0  -  V7P3R_v10.3

PGN-File: C:\Program Files (x86)\Arena\Tournaments\Engine Regression Battle 20250911.pgn

No:  B/W 1/2     W:B       1:2           Time        Value Moves Dep 1:2       1-2-Draws
   5 B 2    1.0:0.0        0.0:5.0       5:23:20 AM   -43.14     9 3.000 :3.714  0-5-0

--------------------------------------------------------------

Engine-Match Friday, September 12, 2025 5:23:21 AM
 Tournament Game in 5 Minutes 

Pairing 11/78 :    V7P3R_v10.4  -  V7P3R_v5.1

PGN-File: C:\Program Files (x86)\Arena\Tournaments\Engine Regression Battle 20250911.pgn

No:  B/W 1/2     W:B       1:2           Time        Value Moves Dep 1:2       1-2-Draws
   5 W 1    1.0:0.0        5.0:0.0       5:25:05 AM   +44.89     6 4.600 :3.833  5-0-0

--------------------------------------------------------------

Engine-Match Friday, September 12, 2025 5:25:07 AM
 Tournament Game in 5 Minutes 

Pairing 12/78 :    V7P3R_v10.6  -  V7P3R_v10.5

PGN-File: C:\Program Files (x86)\Arena\Tournaments\Engine Regression Battle 20250911.pgn

No:  B/W 1/2     W:B       1:2           Time        Value Moves Dep 1:2       1-2-Draws
   5 B 2    1.5:0.5        3.5:1.5       5:30:37 AM  -289.99    23 3.895 :4.889  3-1-1

--------------------------------------------------------------

Engine-Match Friday, September 12, 2025 5:30:38 AM
 Tournament Game in 5 Minutes 

Pairing 13/78 :    Random_Opponent  -  V7P3R_v8.0

PGN-File: C:\Program Files (x86)\Arena\Tournaments\Engine Regression Battle 20250911.pgn

No:  B/W 1/2     W:B       1:2           Time        Value Moves Dep 1:2       1-2-Draws
   5 B 2    1.0:0.0        0.0:5.0       5:32:14 AM      -M1    15 0:5.800  0-5-0

--------------------------------------------------------------

Engine-Match Friday, September 12, 2025 5:32:15 AM
 Tournament Game in 5 Minutes 

Pairing 14/78 :    V7P3R_v7.0  -  Stockfish 1%

PGN-File: C:\Program Files (x86)\Arena\Tournaments\Engine Regression Battle 20250911.pgn

No:  B/W 1/2     W:B       1:2           Time        Value Moves Dep 1:2       1-2-Draws
   5 B 2    1.0:0.0        0.0:5.0       5:34:39 AM  -120.00     8 6.000 :13.143  0-5-0

--------------------------------------------------------------

Engine-Match Friday, September 12, 2025 5:34:40 AM
 Tournament Game in 5 Minutes 

Pairing 15/78 :    V7P3R_v10.0  -  V7P3R_v6.0

PGN-File: C:\Program Files (x86)\Arena\Tournaments\Engine Regression Battle 20250911.pgn

No:  B/W 1/2     W:B       1:2           Time        Value Moves Dep 1:2       1-2-Draws
   5 W 1    1.0:0.0        5.0:0.0       5:38:05 AM    +M500    11 5.727 :3.000  5-0-0

--------------------------------------------------------------

Engine-Match Friday, September 12, 2025 5:38:07 AM
 Tournament Game in 5 Minutes 

Pairing 16/78 :    V7P3R_v5.1  -  V7P3R_v10.2

PGN-File: C:\Program Files (x86)\Arena\Tournaments\Engine Regression Battle 20250911.pgn

No:  B/W 1/2     W:B       1:2           Time        Value Moves Dep 1:2       1-2-Draws
   5 B 2    1.0:0.0        0.0:5.0       5:45:02 AM  -289.99    41 3.097 :5.208  0-5-0

--------------------------------------------------------------

Engine-Match Friday, September 12, 2025 5:45:03 AM
 Tournament Game in 5 Minutes 

Pairing 17/78 :    V7P3R_v10.3  -  V7P3R_v10.6

PGN-File: C:\Program Files (x86)\Arena\Tournaments\Engine Regression Battle 20250911.pgn

No:  B/W 1/2     W:B       1:2           Time        Value Moves Dep 1:2       1-2-Draws
   5 = =    1.0:1.0        1.0:4.0       5:53:45 AM     0.00    64 2.852 :3.440  0-3-2

--------------------------------------------------------------

Engine-Match Friday, September 12, 2025 5:53:46 AM
 Tournament Game in 5 Minutes 

Pairing 18/78 :    V7P3R_v10.5  -  V7P3R_v10.4

PGN-File: C:\Program Files (x86)\Arena\Tournaments\Engine Regression Battle 20250911.pgn

No:  B/W 1/2     W:B       1:2           Time        Value Moves Dep 1:2       1-2-Draws
   5 B 2    1.5:0.5        0.5:4.5       6:00:09 AM  -289.98    31 4.500 :3.455  0-4-1

--------------------------------------------------------------

Engine-Match Friday, September 12, 2025 6:00:10 AM
 Tournament Game in 5 Minutes 

Pairing 19/78 :    V7P3R_v9.0  -  V7P3R_v7.0

PGN-File: C:\Program Files (x86)\Arena\Tournaments\Engine Regression Battle 20250911.pgn

No:  B/W 1/2     W:B       1:2           Time        Value Moves Dep 1:2       1-2-Draws
   5 W 1    1.0:0.0        4.0:1.0       6:03:47 AM   +35.00    15 6.000 :5.533  4-1-0

--------------------------------------------------------------

Engine-Match Friday, September 12, 2025 6:03:48 AM
 Tournament Game in 5 Minutes 

Pairing 20/78 :    V7P3R_v6.0  -  Random_Opponent

PGN-File: C:\Program Files (x86)\Arena\Tournaments\Engine Regression Battle 20250911.pgn

No:  B/W 1/2     W:B       1:2           Time        Value Moves Dep 1:2       1-2-Draws
   5 W 1    1.0:0.0        5.0:0.0       6:06:25 AM     0.00    19 3.000 :0 5-0-0

--------------------------------------------------------------

Engine-Match Friday, September 12, 2025 6:06:27 AM
 Tournament Game in 5 Minutes 

Pairing 21/78 :    Stockfish 1%  -  V7P3R_v5.1

PGN-File: C:\Program Files (x86)\Arena\Tournaments\Engine Regression Battle 20250911.pgn

No:  B/W 1/2     W:B       1:2           Time        Value Moves Dep 1:2       1-2-Draws
   5 W 1    1.0:0.0        5.0:0.0       6:07:25 AM   +33.44     7 14.857 :3.571  5-0-0

--------------------------------------------------------------

Engine-Match Friday, September 12, 2025 6:07:26 AM
 Tournament Game in 5 Minutes 

Pairing 22/78 :    V7P3R_v10.6  -  V7P3R_v10.0

PGN-File: C:\Program Files (x86)\Arena\Tournaments\Engine Regression Battle 20250911.pgn

No:  B/W 1/2     W:B       1:2           Time        Value Moves Dep 1:2       1-2-Draws
   5 = =    1.5:1.5        1.5:3.5       6:15:17 AM    +6.73    56 3.923 :5.235  0-2-3

--------------------------------------------------------------

Engine-Match Friday, September 12, 2025 6:15:18 AM
 Tournament Game in 5 Minutes 

Pairing 23/78 :    V7P3R_v10.2  -  V7P3R_v10.5

PGN-File: C:\Program Files (x86)\Arena\Tournaments\Engine Regression Battle 20250911.pgn

No:  B/W 1/2     W:B       1:2           Time        Value Moves Dep 1:2       1-2-Draws
   5 = =    2.5:2.5        2.5:2.5       6:19:29 AM     0.00    41 5.556 :5.000  0-0-5

--------------------------------------------------------------

Engine-Match Friday, September 12, 2025 6:19:30 AM
 Tournament Game in 5 Minutes 

Pairing 24/78 :    V7P3R_v10.4  -  V7P3R_v10.3

PGN-File: C:\Program Files (x86)\Arena\Tournaments\Engine Regression Battle 20250911.pgn

No:  B/W 1/2     W:B       1:2           Time        Value Moves Dep 1:2       1-2-Draws
   5 W 1    2.0:1.0        4.0:1.0       6:25:49 AM     0.00    29 3.714 :3.160  3-0-2

--------------------------------------------------------------

Engine-Match Friday, September 12, 2025 6:25:51 AM
 Tournament Game in 5 Minutes 

Pairing 25/78 :    V7P3R_v8.0  -  V7P3R_v6.0

PGN-File: C:\Program Files (x86)\Arena\Tournaments\Engine Regression Battle 20250911.pgn

No:  B/W 1/2     W:B       1:2           Time        Value Moves Dep 1:2       1-2-Draws
   5 W 1    1.0:0.0        5.0:0.0       6:27:52 AM   +36.84    10 6.000 :3.000  5-0-0

--------------------------------------------------------------

Engine-Match Friday, September 12, 2025 6:27:54 AM
 Tournament Game in 5 Minutes 

Pairing 26/78 :    V7P3R_v5.1  -  V7P3R_v9.0

PGN-File: C:\Program Files (x86)\Arena\Tournaments\Engine Regression Battle 20250911.pgn

No:  B/W 1/2     W:B       1:2           Time        Value Moves Dep 1:2       1-2-Draws
   5 B 2    1.0:0.0        2.0:3.0       6:29:44 AM   -42.35    11 4.000 :6.000  2-3-0

--------------------------------------------------------------

Engine-Match Friday, September 12, 2025 6:29:45 AM
 Tournament Game in 5 Minutes 

Pairing 27/78 :    Random_Opponent  -  V7P3R_v10.6

PGN-File: C:\Program Files (x86)\Arena\Tournaments\Engine Regression Battle 20250911.pgn

No:  B/W 1/2     W:B       1:2           Time        Value Moves Dep 1:2       1-2-Draws
   5 B 2    1.0:0.0        0.0:5.0       6:32:00 AM  -289.97    12 0:3.667  0-5-0

--------------------------------------------------------------

Engine-Match Friday, September 12, 2025 6:32:02 AM
 Tournament Game in 5 Minutes 

Pairing 28/78 :    V7P3R_v10.5  -  Stockfish 1%

PGN-File: C:\Program Files (x86)\Arena\Tournaments\Engine Regression Battle 20250911.pgn

No:  B/W 1/2     W:B       1:2           Time        Value Moves Dep 1:2       1-2-Draws
   5 B 2    1.0:0.0        1.0:4.0       6:36:27 AM    -9.70    75 4.400 :12.286  1-4-0

--------------------------------------------------------------

Engine-Match Friday, September 12, 2025 6:36:34 AM
 Tournament Game in 5 Minutes 

Pairing 29/78 :    V7P3R_v10.0  -  V7P3R_v10.4

PGN-File: C:\Program Files (x86)\Arena\Tournaments\Engine Regression Battle 20250911.pgn

No:  B/W 1/2     W:B       1:2           Time        Value Moves Dep 1:2       1-2-Draws
   5 = =    1.0:1.0        4.0:1.0       6:44:31 AM     0.00    63 5.565 :4.056  3-0-2

--------------------------------------------------------------

Engine-Match Friday, September 12, 2025 6:44:33 AM
 Tournament Game in 5 Minutes 

Pairing 30/78 :    V7P3R_v10.3  -  V7P3R_v10.2

PGN-File: C:\Program Files (x86)\Arena\Tournaments\Engine Regression Battle 20250911.pgn

No:  B/W 1/2     W:B       1:2           Time        Value Moves Dep 1:2       1-2-Draws
   5 W 1    1.0:0.0        3.0:2.0       6:50:28 AM  +289.96    28 2.929 :4.700  3-2-0

--------------------------------------------------------------

Engine-Match Friday, September 12, 2025 6:50:30 AM
 Tournament Game in 5 Minutes 

Pairing 31/78 :    V7P3R_v7.0  -  V7P3R_v5.1

PGN-File: C:\Program Files (x86)\Arena\Tournaments\Engine Regression Battle 20250911.pgn

No:  B/W 1/2     W:B       1:2           Time        Value Moves Dep 1:2       1-2-Draws
   5 W 1    1.5:0.5        3.5:1.5       6:58:58 AM   +22.40    50 5.667 :3.143  3-1-1

--------------------------------------------------------------

Engine-Match Friday, September 12, 2025 6:59:00 AM
 Tournament Game in 5 Minutes 

Pairing 32/78 :    V7P3R_v10.6  -  V7P3R_v8.0

PGN-File: C:\Program Files (x86)\Arena\Tournaments\Engine Regression Battle 20250911.pgn

No:  B/W 1/2     W:B       1:2           Time        Value Moves Dep 1:2       1-2-Draws
   5 W 1    1.0:0.0        5.0:0.0       7:03:41 AM  +105.00    19 3.625 :5.684  5-0-0

--------------------------------------------------------------

Engine-Match Friday, September 12, 2025 7:03:42 AM
 Tournament Game in 5 Minutes 

Pairing 33/78 :    V7P3R_v9.0  -  V7P3R_v10.5

PGN-File: C:\Program Files (x86)\Arena\Tournaments\Engine Regression Battle 20250911.pgn

No:  B/W 1/2     W:B       1:2           Time        Value Moves Dep 1:2       1-2-Draws
   5 B 2    1.0:0.0        0.0:5.0       7:05:03 AM  -205.00     8 6.000 :4.600  0-5-0

--------------------------------------------------------------

Engine-Match Friday, September 12, 2025 7:05:04 AM
 Tournament Game in 5 Minutes 

Pairing 34/78 :    V7P3R_v10.4  -  Random_Opponent

PGN-File: C:\Program Files (x86)\Arena\Tournaments\Engine Regression Battle 20250911.pgn

No:  B/W 1/2     W:B       1:2           Time        Value Moves Dep 1:2       1-2-Draws
   5 W 1    1.0:0.0        5.0:0.0       7:07:18 AM     0.00    12 4.444 :0 5-0-0

--------------------------------------------------------------

Engine-Match Friday, September 12, 2025 7:07:20 AM
 Tournament Game in 5 Minutes 

Pairing 35/78 :    Stockfish 1%  -  V7P3R_v10.3

PGN-File: C:\Program Files (x86)\Arena\Tournaments\Engine Regression Battle 20250911.pgn

No:  B/W 1/2     W:B       1:2           Time        Value Moves Dep 1:2       1-2-Draws
   5 W 1    1.0:0.0        5.0:0.0       7:09:23 AM      +M1    10 16.400 :3.250  5-0-0

--------------------------------------------------------------

Engine-Match Friday, September 12, 2025 7:09:24 AM
 Tournament Game in 5 Minutes 

Pairing 36/78 :    V7P3R_v10.2  -  V7P3R_v10.0

PGN-File: C:\Program Files (x86)\Arena\Tournaments\Engine Regression Battle 20250911.pgn

No:  B/W 1/2     W:B       1:2           Time        Value Moves Dep 1:2       1-2-Draws
   5 = =    2.0:2.0        2.0:3.0       7:17:43 AM   -18.00    79 5.316 :5.400  0-1-4

--------------------------------------------------------------

Engine-Match Friday, September 12, 2025 7:17:44 AM
 Tournament Game in 5 Minutes 

Pairing 37/78 :    V7P3R_v6.0  -  V7P3R_v10.6

PGN-File: C:\Program Files (x86)\Arena\Tournaments\Engine Regression Battle 20250911.pgn

No:  B/W 1/2     W:B       1:2           Time        Value Moves Dep 1:2       1-2-Draws
   5 B 2    1.0:0.0        0.0:5.0       7:20:56 AM   -35.55    14 3.000 :4.700  0-5-0

--------------------------------------------------------------

Engine-Match Friday, September 12, 2025 7:20:58 AM
 Tournament Game in 5 Minutes 

Pairing 38/78 :    V7P3R_v10.5  -  V7P3R_v7.0

PGN-File: C:\Program Files (x86)\Arena\Tournaments\Engine Regression Battle 20250911.pgn

No:  B/W 1/2     W:B       1:2           Time        Value Moves Dep 1:2       1-2-Draws
   5 W 1    1.0:0.0        5.0:0.0       7:25:05 AM   +40.00     8 5.167 :5.750  5-0-0

--------------------------------------------------------------

Engine-Match Friday, September 12, 2025 7:25:07 AM
 Tournament Game in 5 Minutes 

Pairing 39/78 :    V7P3R_v8.0  -  V7P3R_v10.4

PGN-File: C:\Program Files (x86)\Arena\Tournaments\Engine Regression Battle 20250911.pgn

No:  B/W 1/2     W:B       1:2           Time        Value Moves Dep 1:2       1-2-Draws
   5 B 2    1.0:0.0        0.0:5.0       7:29:13 AM    -M500    21 5.810 :4.176  0-5-0

--------------------------------------------------------------

Engine-Match Friday, September 12, 2025 7:29:15 AM
 Tournament Game in 5 Minutes 

Pairing 40/78 :    V7P3R_v10.3  -  V7P3R_v9.0

PGN-File: C:\Program Files (x86)\Arena\Tournaments\Engine Regression Battle 20250911.pgn

No:  B/W 1/2     W:B       1:2           Time        Value Moves Dep 1:2       1-2-Draws
   5 W 1    1.0:0.0        5.0:0.0       7:34:22 AM    +M500    27 3.148 :6.000  5-0-0

--------------------------------------------------------------

Engine-Match Friday, September 12, 2025 7:34:23 AM
 Tournament Game in 5 Minutes 

Pairing 41/78 :    Random_Opponent  -  V7P3R_v10.2

PGN-File: C:\Program Files (x86)\Arena\Tournaments\Engine Regression Battle 20250911.pgn

No:  B/W 1/2     W:B       1:2           Time        Value Moves Dep 1:2       1-2-Draws
   5 B 2    1.0:0.0        0.0:5.0       7:35:33 AM     0.00     5 0:6.000  0-5-0

--------------------------------------------------------------

Engine-Match Friday, September 12, 2025 7:35:35 AM
 Tournament Game in 5 Minutes 

Pairing 42/78 :    V7P3R_v10.0  -  Stockfish 1%

PGN-File: C:\Program Files (x86)\Arena\Tournaments\Engine Regression Battle 20250911.pgn

No:  B/W 1/2     W:B       1:2           Time        Value Moves Dep 1:2       1-2-Draws
   5 B 2    1.0:0.0        1.0:4.0       7:40:48 AM    -9.60    91 5.360 :13.429  1-4-0

--------------------------------------------------------------

Engine-Match Friday, September 12, 2025 7:40:49 AM
 Tournament Game in 5 Minutes 

Pairing 43/78 :    V7P3R_v5.1  -  V7P3R_v10.5

PGN-File: C:\Program Files (x86)\Arena\Tournaments\Engine Regression Battle 20250911.pgn

No:  B/W 1/2     W:B       1:2           Time        Value Moves Dep 1:2       1-2-Draws
   5 B 2    1.0:0.0        0.0:5.0       7:43:18 AM   -34.19    13 3.231 :4.556  0-5-0

--------------------------------------------------------------

Engine-Match Friday, September 12, 2025 7:43:19 AM
 Tournament Game in 5 Minutes 

Pairing 44/78 :    V7P3R_v10.4  -  V7P3R_v6.0

PGN-File: C:\Program Files (x86)\Arena\Tournaments\Engine Regression Battle 20250911.pgn

No:  B/W 1/2     W:B       1:2           Time        Value Moves Dep 1:2       1-2-Draws
   5 W 1    1.0:0.0        5.0:0.0       7:46:29 AM   +36.73    13 4.455 :3.000  5-0-0

--------------------------------------------------------------

Engine-Match Friday, September 12, 2025 7:46:30 AM
 Tournament Game in 5 Minutes 

Pairing 45/78 :    V7P3R_v7.0  -  V7P3R_v10.3

PGN-File: C:\Program Files (x86)\Arena\Tournaments\Engine Regression Battle 20250911.pgn

No:  B/W 1/2     W:B       1:2           Time        Value Moves Dep 1:2       1-2-Draws
   5 B 2    2.0:1.0        1.0:4.0       7:56:50 AM     0.00   110 5.714 :3.278  0-3-2

--------------------------------------------------------------

Engine-Match Friday, September 12, 2025 7:56:51 AM
 Tournament Game in 5 Minutes 

Pairing 46/78 :    V7P3R_v10.2  -  V7P3R_v8.0

PGN-File: C:\Program Files (x86)\Arena\Tournaments\Engine Regression Battle 20250911.pgn

No:  B/W 1/2     W:B       1:2           Time        Value Moves Dep 1:2       1-2-Draws
   5 W 1    1.0:0.0        5.0:0.0       8:00:54 AM  +200.00    18 5.067 :5.667  5-0-0

--------------------------------------------------------------

Engine-Match Friday, September 12, 2025 8:00:55 AM
 Tournament Game in 5 Minutes 

Pairing 47/78 :    V7P3R_v9.0  -  V7P3R_v10.0

PGN-File: C:\Program Files (x86)\Arena\Tournaments\Engine Regression Battle 20250911.pgn

No:  B/W 1/2     W:B       1:2           Time        Value Moves Dep 1:2       1-2-Draws
   5 B 2    1.0:0.0        0.0:5.0       8:04:36 AM  -195.00    19 6.000 :5.278  0-5-0

--------------------------------------------------------------

Engine-Match Friday, September 12, 2025 8:04:37 AM
 Tournament Game in 5 Minutes 

Pairing 48/78 :    Stockfish 1%  -  Random_Opponent

PGN-File: C:\Program Files (x86)\Arena\Tournaments\Engine Regression Battle 20250911.pgn

No:  B/W 1/2     W:B       1:2           Time        Value Moves Dep 1:2       1-2-Draws
   5 W 1    1.0:0.0        5.0:0.0       8:04:46 AM      +M1    11 17.273 :0 5-0-0

--------------------------------------------------------------

Engine-Match Friday, September 12, 2025 8:04:53 AM
 Tournament Game in 5 Minutes 

Pairing 49/78 :    V7P3R_v10.6  -  V7P3R_v10.4

PGN-File: C:\Program Files (x86)\Arena\Tournaments\Engine Regression Battle 20250911.pgn

No:  B/W 1/2     W:B       1:2           Time        Value Moves Dep 1:2       1-2-Draws
   5 W 1    1.5:0.5        3.5:1.5       8:11:56 AM  +289.96    79 3.941 :3.778  3-1-1

--------------------------------------------------------------

Engine-Match Friday, September 12, 2025 8:11:57 AM
 Tournament Game in 5 Minutes 

Pairing 50/78 :    V7P3R_v10.3  -  V7P3R_v5.1

PGN-File: C:\Program Files (x86)\Arena\Tournaments\Engine Regression Battle 20250911.pgn

No:  B/W 1/2     W:B       1:2           Time        Value Moves Dep 1:2       1-2-Draws
   5 W 1    1.0:0.0        5.0:0.0       8:17:17 AM   +28.04    23 3.333 :3.087  5-0-0

--------------------------------------------------------------

Engine-Match Friday, September 12, 2025 8:17:19 AM
 Tournament Game in 5 Minutes 

Pairing 51/78 :    V7P3R_v6.0  -  V7P3R_v10.2

PGN-File: C:\Program Files (x86)\Arena\Tournaments\Engine Regression Battle 20250911.pgn

No:  B/W 1/2     W:B       1:2           Time        Value Moves Dep 1:2       1-2-Draws
   5 B 2    1.0:0.0        0.0:5.0       8:19:47 AM   -24.83     9 3.000 :5.714  0-5-0

--------------------------------------------------------------

Engine-Match Friday, September 12, 2025 8:19:49 AM
 Tournament Game in 5 Minutes 

Pairing 52/78 :    V7P3R_v10.0  -  V7P3R_v7.0

PGN-File: C:\Program Files (x86)\Arena\Tournaments\Engine Regression Battle 20250911.pgn

No:  B/W 1/2     W:B       1:2           Time        Value Moves Dep 1:2       1-2-Draws
   5 W 1    2.0:1.0        4.0:1.0       8:26:57 AM    +M500    20 4.800 :5.400  3-0-2

--------------------------------------------------------------

Engine-Match Friday, September 12, 2025 8:26:59 AM
 Tournament Game in 5 Minutes 

Pairing 53/78 :    V7P3R_v8.0  -  Stockfish 1%

PGN-File: C:\Program Files (x86)\Arena\Tournaments\Engine Regression Battle 20250911.pgn

No:  B/W 1/2     W:B       1:2           Time        Value Moves Dep 1:2       1-2-Draws
   5 B 2    1.0:0.0        0.0:5.0       8:27:45 AM  -305.00     8 6.000 :14.429  0-5-0

--------------------------------------------------------------

Engine-Match Friday, September 12, 2025 8:27:46 AM
 Tournament Game in 5 Minutes 

Pairing 54/78 :    Random_Opponent  -  V7P3R_v9.0

PGN-File: C:\Program Files (x86)\Arena\Tournaments\Engine Regression Battle 20250911.pgn

No:  B/W 1/2     W:B       1:2           Time        Value Moves Dep 1:2       1-2-Draws
   5 B 2    1.0:0.0        0.0:5.0       8:28:48 AM      -M1    24 0:6.000  0-5-0

--------------------------------------------------------------

Engine-Match Friday, September 12, 2025 8:28:49 AM
 Tournament Game in 5 Minutes 

Pairing 55/78 :    V7P3R_v10.5  -  V7P3R_v10.3

PGN-File: C:\Program Files (x86)\Arena\Tournaments\Engine Regression Battle 20250911.pgn

No:  B/W 1/2     W:B       1:2           Time        Value Moves Dep 1:2       1-2-Draws
   5 W 1    1.0:0.0        5.0:0.0       8:36:18 AM   +25.88    40 4.522 :2.897  5-0-0

--------------------------------------------------------------

Engine-Match Friday, September 12, 2025 8:36:20 AM
 Tournament Game in 5 Minutes 

Pairing 56/78 :    V7P3R_v10.2  -  V7P3R_v10.6

PGN-File: C:\Program Files (x86)\Arena\Tournaments\Engine Regression Battle 20250911.pgn

No:  B/W 1/2     W:B       1:2           Time        Value Moves Dep 1:2       1-2-Draws
   5 B 2    1.0:0.0        1.0:4.0       8:44:12 AM     0.00    81 4.688 :3.824  1-4-0

--------------------------------------------------------------

Engine-Match Friday, September 12, 2025 8:44:14 AM
 Tournament Game in 5 Minutes 

Pairing 57/78 :    V7P3R_v5.1  -  V7P3R_v10.0

PGN-File: C:\Program Files (x86)\Arena\Tournaments\Engine Regression Battle 20250911.pgn

No:  B/W 1/2     W:B       1:2           Time        Value Moves Dep 1:2       1-2-Draws
   5 B 2    2.0:1.0        1.0:4.0       8:48:54 AM   -48.99    19 3.188 :5.313  0-3-2

--------------------------------------------------------------

Engine-Match Friday, September 12, 2025 8:48:56 AM
 Tournament Game in 5 Minutes 

Pairing 58/78 :    Stockfish 1%  -  V7P3R_v6.0

PGN-File: C:\Program Files (x86)\Arena\Tournaments\Engine Regression Battle 20250911.pgn

No:  B/W 1/2     W:B       1:2           Time        Value Moves Dep 1:2       1-2-Draws
   5 W 1    1.0:0.0        5.0:0.0       8:50:42 AM   +10.14    14 14.231 :3.000  5-0-0

--------------------------------------------------------------

Engine-Match Friday, September 12, 2025 8:50:44 AM
 Tournament Game in 5 Minutes 

Pairing 59/78 :    V7P3R_v7.0  -  Random_Opponent

PGN-File: C:\Program Files (x86)\Arena\Tournaments\Engine Regression Battle 20250911.pgn

No:  B/W 1/2     W:B       1:2           Time        Value Moves Dep 1:2       1-2-Draws
   5 W 1    1.5:0.5        4.5:0.5       8:55:56 AM    +M500    36 5.278 :0 4-0-1

--------------------------------------------------------------

Engine-Match Friday, September 12, 2025 8:55:58 AM
 Tournament Game in 5 Minutes 

Pairing 60/78 :    V7P3R_v9.0  -  V7P3R_v8.0

PGN-File: C:\Program Files (x86)\Arena\Tournaments\Engine Regression Battle 20250911.pgn

No:  B/W 1/2     W:B       1:2           Time        Value Moves Dep 1:2       1-2-Draws
   5 B 2    1.0:0.0        1.0:4.0       8:57:52 AM    -M500    13 6.000 :5.583  1-4-0

--------------------------------------------------------------

Engine-Match Friday, September 12, 2025 8:57:54 AM
 Tournament Game in 5 Minutes 

Pairing 61/78 :    V7P3R_v10.4  -  V7P3R_v10.2

PGN-File: C:\Program Files (x86)\Arena\Tournaments\Engine Regression Battle 20250911.pgn

No:  B/W 1/2     W:B       1:2           Time        Value Moves Dep 1:2       1-2-Draws
   5 W 1    2.0:1.0        4.0:1.0       9:03:08 AM  +289.97    24 4.182 :5.308  3-0-2

--------------------------------------------------------------

Engine-Match Friday, September 12, 2025 9:03:09 AM
 Tournament Game in 5 Minutes 

Pairing 62/78 :    V7P3R_v10.0  -  V7P3R_v10.5

PGN-File: C:\Program Files (x86)\Arena\Tournaments\Engine Regression Battle 20250911.pgn

No:  B/W 1/2     W:B       1:2           Time        Value Moves Dep 1:2       1-2-Draws
   5 = =    2.0:2.0        3.0:2.0       9:10:20 AM    +3.30    55 5.412 :5.118  1-0-4

--------------------------------------------------------------

Engine-Match Friday, September 12, 2025 9:10:22 AM
 Tournament Game in 5 Minutes 

Pairing 63/78 :    V7P3R_v10.6  -  Stockfish 1%

PGN-File: C:\Program Files (x86)\Arena\Tournaments\Engine Regression Battle 20250911.pgn

No:  B/W 1/2     W:B       1:2           Time        Value Moves Dep 1:2       1-2-Draws
   5 B 2    1.5:0.5        1.5:3.5       9:14:14 AM      -M1    44 3.903 :14.462  1-3-1

--------------------------------------------------------------

Engine-Match Friday, September 12, 2025 9:14:15 AM
 Tournament Game in 5 Minutes 

Pairing 64/78 :    Random_Opponent  -  V7P3R_v5.1

PGN-File: C:\Program Files (x86)\Arena\Tournaments\Engine Regression Battle 20250911.pgn

No:  B/W 1/2     W:B       1:2           Time        Value Moves Dep 1:2       1-2-Draws
   5 B 2    1.0:0.0        0.0:5.0       9:16:43 AM     0.00    20 0:3.200  0-5-0

--------------------------------------------------------------

Engine-Match Friday, September 12, 2025 9:16:45 AM
 Tournament Game in 5 Minutes 

Pairing 65/78 :    V7P3R_v6.0  -  V7P3R_v9.0

PGN-File: C:\Program Files (x86)\Arena\Tournaments\Engine Regression Battle 20250911.pgn

No:  B/W 1/2     W:B       1:2           Time        Value Moves Dep 1:2       1-2-Draws
   5 B 2    1.0:0.0        0.0:5.0       9:18:35 AM   -25.58    11 3.000 :6.000  0-5-0

--------------------------------------------------------------

Engine-Match Friday, September 12, 2025 9:18:37 AM
 Tournament Game in 5 Minutes 

Pairing 66/78 :    V7P3R_v8.0  -  V7P3R_v7.0

PGN-File: C:\Program Files (x86)\Arena\Tournaments\Engine Regression Battle 20250911.pgn

No:  B/W 1/2     W:B       1:2           Time        Value Moves Dep 1:2       1-2-Draws
   5 B 2    1.0:0.0        2.0:3.0       9:21:47 AM  -310.00     9 5.778 :5.750  2-3-0

--------------------------------------------------------------

Engine-Match Friday, September 12, 2025 9:21:48 AM
 Tournament Game in 5 Minutes 

Pairing 67/78 :    V7P3R_v10.3  -  V7P3R_v10.0

PGN-File: C:\Program Files (x86)\Arena\Tournaments\Engine Regression Battle 20250911.pgn

No:  B/W 1/2     W:B       1:2           Time        Value Moves Dep 1:2       1-2-Draws
   5 B 2    1.5:0.5        0.5:4.5       9:29:45 AM   -14.22    37 2.857 :4.694  0-4-1

--------------------------------------------------------------

Engine-Match Friday, September 12, 2025 9:29:46 AM
 Tournament Game in 5 Minutes 

Pairing 68/78 :    Stockfish 1%  -  V7P3R_v10.4

PGN-File: C:\Program Files (x86)\Arena\Tournaments\Engine Regression Battle 20250911.pgn

No:  B/W 1/2     W:B       1:2           Time        Value Moves Dep 1:2       1-2-Draws
   5 W 1    1.0:0.0        5.0:0.0       9:31:28 AM   +11.38    12 15.500 :3.889  5-0-0

--------------------------------------------------------------

Engine-Match Friday, September 12, 2025 9:31:35 AM
 Tournament Game in 5 Minutes 

Pairing 69/78 :    V7P3R_v10.5  -  Random_Opponent

PGN-File: C:\Program Files (x86)\Arena\Tournaments\Engine Regression Battle 20250911.pgn

No:  B/W 1/2     W:B       1:2           Time        Value Moves Dep 1:2       1-2-Draws
   5 W 1    1.0:0.0        5.0:0.0       9:34:20 AM     0.00    22 4.947 :0 5-0-0

--------------------------------------------------------------

Engine-Match Friday, September 12, 2025 9:34:21 AM
 Tournament Game in 5 Minutes 

Pairing 70/78 :    V7P3R_v9.0  -  V7P3R_v10.6

PGN-File: C:\Program Files (x86)\Arena\Tournaments\Engine Regression Battle 20250911.pgn

No:  B/W 1/2     W:B       1:2           Time        Value Moves Dep 1:2       1-2-Draws
   5 B 2    1.0:0.0        0.0:5.0       9:36:28 AM   -70.00    12 6.000 :3.778  0-5-0

--------------------------------------------------------------

Engine-Match Friday, September 12, 2025 9:36:30 AM
 Tournament Game in 5 Minutes 

Pairing 71/78 :    V7P3R_v5.1  -  V7P3R_v8.0

PGN-File: C:\Program Files (x86)\Arena\Tournaments\Engine Regression Battle 20250911.pgn

No:  B/W 1/2     W:B       1:2           Time        Value Moves Dep 1:2       1-2-Draws
   5 B 2    1.0:0.0        0.0:5.0       9:40:05 AM   -44.05    21 3.238 :5.850  0-5-0

--------------------------------------------------------------

Engine-Match Friday, September 12, 2025 9:40:06 AM
 Tournament Game in 5 Minutes 

Pairing 72/78 :    V7P3R_v7.0  -  V7P3R_v6.0

PGN-File: C:\Program Files (x86)\Arena\Tournaments\Engine Regression Battle 20250911.pgn

No:  B/W 1/2     W:B       1:2           Time        Value Moves Dep 1:2       1-2-Draws
   5 W 1    1.0:0.0        5.0:0.0       9:43:23 AM   +34.29     9 5.778 :3.000  5-0-0

--------------------------------------------------------------

Engine-Match Friday, September 12, 2025 9:43:24 AM
 Tournament Game in 5 Minutes 

Pairing 73/78 :    V7P3R_v10.2  -  Stockfish 1%

PGN-File: C:\Program Files (x86)\Arena\Tournaments\Engine Regression Battle 20250911.pgn

No:  B/W 1/2     W:B       1:2           Time        Value Moves Dep 1:2       1-2-Draws
   5 B 2    1.0:0.0        0.0:5.0       9:47:21 AM      -M1    45 4.500 :13.846  0-5-0

--------------------------------------------------------------

Engine-Match Friday, September 12, 2025 9:47:22 AM
 Tournament Game in 5 Minutes 

Pairing 74/78 :    Random_Opponent  -  V7P3R_v10.3

PGN-File: C:\Program Files (x86)\Arena\Tournaments\Engine Regression Battle 20250911.pgn

No:  B/W 1/2     W:B       1:2           Time        Value Moves Dep 1:2       1-2-Draws
   5 B 2    1.0:0.0        0.0:5.0       9:49:15 AM  -289.98    10 0:4.000  0-5-0

--------------------------------------------------------------

Engine-Match Friday, September 12, 2025 9:49:17 AM
 Tournament Game in 5 Minutes 

Pairing 75/78 :    V7P3R_v10.4  -  V7P3R_v9.0

PGN-File: C:\Program Files (x86)\Arena\Tournaments\Engine Regression Battle 20250911.pgn

No:  B/W 1/2     W:B       1:2           Time        Value Moves Dep 1:2       1-2-Draws
   5 W 1    1.0:0.0        5.0:0.0       9:52:07 AM  +295.00    12 4.091 :6.000  5-0-0

--------------------------------------------------------------

Engine-Match Friday, September 12, 2025 9:52:08 AM
 Tournament Game in 5 Minutes 

Pairing 76/78 :    V7P3R_v8.0  -  V7P3R_v10.5

PGN-File: C:\Program Files (x86)\Arena\Tournaments\Engine Regression Battle 20250911.pgn

No:  B/W 1/2     W:B       1:2           Time        Value Moves Dep 1:2       1-2-Draws
   5 B 2    1.0:0.0        0.0:5.0       9:54:30 AM  -200.00    11 5.909 :4.750  0-5-0

--------------------------------------------------------------

Engine-Match Friday, September 12, 2025 9:54:32 AM
 Tournament Game in 5 Minutes 

Pairing 77/78 :    V7P3R_v10.6  -  V7P3R_v7.0

PGN-File: C:\Program Files (x86)\Arena\Tournaments\Engine Regression Battle 20250911.pgn

No:  B/W 1/2     W:B       1:2           Time        Value Moves Dep 1:2       1-2-Draws
   5 W 1    1.0:0.0        4.0:1.0       9:57:03 AM  +110.00     5 4.667 :6.000  4-1-0

--------------------------------------------------------------

Engine-Match Friday, September 12, 2025 9:57:05 AM
 Tournament Game in 5 Minutes 

Pairing 78/78 :    V7P3R_v6.0  -  V7P3R_v5.1

PGN-File: C:\Program Files (x86)\Arena\Tournaments\Engine Regression Battle 20250911.pgn

No:  B/W 1/2     W:B       1:2           Time        Value Moves Dep 1:2       1-2-Draws
   5 B 2    1.0:0.0        0.0:5.0       9:59:14 AM   -25.94    10 3.000 :3.333  0-5-0

--------------------------------------------------------------

Engine-Match Friday, September 12, 2025 9:59:15 AM
 Tournament Game in 5 Minutes 

Pairing 1/78 :    V7P3R_v10.0  -  Random_Opponent

PGN-File: C:\Program Files (x86)\Arena\Tournaments\Engine Regression Battle 20250911.pgn

No:  B/W 1/2     W:B       1:2           Time        Value Moves Dep 1:2       1-2-Draws
   6 B 1    1.0:0.0        6.0:0.0       10:01:26 AM  -289.99    13 5.769 :0 6-0-0

--------------------------------------------------------------

Engine-Match Friday, September 12, 2025 10:01:28 AM
 Tournament Game in 5 Minutes 

Pairing 2/78 :    V7P3R_v9.0  -  V7P3R_v10.2

PGN-File: C:\Program Files (x86)\Arena\Tournaments\Engine Regression Battle 20250911.pgn

No:  B/W 1/2     W:B       1:2           Time        Value Moves Dep 1:2       1-2-Draws
   6 W 2    1.0:0.0        0.0:6.0       10:03:40 AM   +95.00     9 6.000 :4.889  0-6-0

--------------------------------------------------------------

Engine-Match Friday, September 12, 2025 10:03:41 AM
 Tournament Game in 5 Minutes 

Pairing 3/78 :    V7P3R_v10.3  -  V7P3R_v8.0

PGN-File: C:\Program Files (x86)\Arena\Tournaments\Engine Regression Battle 20250911.pgn

No:  B/W 1/2     W:B       1:2           Time        Value Moves Dep 1:2       1-2-Draws
   6 B 1    1.0:0.0        6.0:0.0       10:05:22 AM  -285.00     7 3.333 :5.571  6-0-0

--------------------------------------------------------------

Engine-Match Friday, September 12, 2025 10:05:24 AM
 Tournament Game in 5 Minutes 

Pairing 4/78 :    V7P3R_v7.0  -  V7P3R_v10.4

PGN-File: C:\Program Files (x86)\Arena\Tournaments\Engine Regression Battle 20250911.pgn

No:  B/W 1/2     W:B       1:2           Time        Value Moves Dep 1:2       1-2-Draws
   6 W 2    1.0:0.0        2.0:4.0       10:07:56 AM  +110.00     5 6.000 :4.667  2-4-0

--------------------------------------------------------------

Engine-Match Friday, September 12, 2025 10:07:57 AM
 Tournament Game in 5 Minutes 

Pairing 5/78 :    V7P3R_v10.5  -  V7P3R_v6.0

PGN-File: C:\Program Files (x86)\Arena\Tournaments\Engine Regression Battle 20250911.pgn

No:  B/W 1/2     W:B       1:2           Time        Value Moves Dep 1:2       1-2-Draws
   6 B 1    1.0:0.0        6.0:0.0       10:10:21 AM   -24.87     9 5.000 :3.000  6-0-0

--------------------------------------------------------------

Engine-Match Friday, September 12, 2025 10:10:23 AM
 Tournament Game in 5 Minutes 

Pairing 6/78 :    V7P3R_v5.1  -  V7P3R_v10.6

PGN-File: C:\Program Files (x86)\Arena\Tournaments\Engine Regression Battle 20250911.pgn

No:  B/W 1/2     W:B       1:2           Time        Value Moves Dep 1:2       1-2-Draws
   6 W 2    2.0:1.0        1.0:5.0       10:12:06 AM   +44.89     6 3.833 :4.600  0-4-2

--------------------------------------------------------------

Engine-Match Friday, September 12, 2025 10:12:08 AM
 Tournament Game in 5 Minutes 

Pairing 7/78 :    Stockfish 1%  -  V7P3R_v9.0

PGN-File: C:\Program Files (x86)\Arena\Tournaments\Engine Regression Battle 20250911.pgn

No:  B/W 1/2     W:B       1:2           Time        Value Moves Dep 1:2       1-2-Draws
   6 B 1    1.0:0.0        6.0:0.0       10:13:08 AM    -M134    15 13.846 :6.000  6-0-0

--------------------------------------------------------------

Engine-Match Friday, September 12, 2025 10:13:10 AM
 Tournament Game in 5 Minutes 

Pairing 8/78 :    V7P3R_v8.0  -  V7P3R_v10.0

PGN-File: C:\Program Files (x86)\Arena\Tournaments\Engine Regression Battle 20250911.pgn

No:  B/W 1/2     W:B       1:2           Time        Value Moves Dep 1:2       1-2-Draws
   6 W 2    1.5:0.5        0.5:5.5       10:16:22 AM  +145.00    13 5.692 :5.231  0-5-1

--------------------------------------------------------------

Engine-Match Friday, September 12, 2025 10:16:23 AM
 Tournament Game in 5 Minutes 

Pairing 9/78 :    V7P3R_v10.2  -  V7P3R_v7.0

PGN-File: C:\Program Files (x86)\Arena\Tournaments\Engine Regression Battle 20250911.pgn

No:  B/W 1/2     W:B       1:2           Time        Value Moves Dep 1:2       1-2-Draws
   6 B 1    1.0:0.0        6.0:0.0       10:22:07 AM  -105.00    17 5.222 :5.588  6-0-0

--------------------------------------------------------------

Engine-Match Friday, September 12, 2025 10:22:08 AM
 Tournament Game in 5 Minutes 

Pairing 10/78 :    V7P3R_v6.0  -  V7P3R_v10.3

PGN-File: C:\Program Files (x86)\Arena\Tournaments\Engine Regression Battle 20250911.pgn

No:  B/W 1/2     W:B       1:2           Time        Value Moves Dep 1:2       1-2-Draws
   6 W 2    1.0:0.0        0.0:6.0       10:24:32 AM  +289.98     7 3.000 :4.000  0-6-0

--------------------------------------------------------------

Engine-Match Friday, September 12, 2025 10:24:38 AM
 Tournament Game in 5 Minutes 

Pairing 11/78 :    V7P3R_v10.4  -  V7P3R_v5.1

PGN-File: C:\Program Files (x86)\Arena\Tournaments\Engine Regression Battle 20250911.pgn

No:  B/W 1/2     W:B       1:2           Time        Value Moves Dep 1:2       1-2-Draws
   6 B 1    1.0:0.0        6.0:0.0       10:28:17 AM   -80.89    19 4.500 :3.167  6-0-0

--------------------------------------------------------------

Engine-Match Friday, September 12, 2025 10:28:18 AM
 Tournament Game in 5 Minutes 

Pairing 12/78 :    V7P3R_v10.6  -  V7P3R_v10.5

PGN-File: C:\Program Files (x86)\Arena\Tournaments\Engine Regression Battle 20250911.pgn

No:  B/W 1/2     W:B       1:2           Time        Value Moves Dep 1:2       1-2-Draws
   6 B 1    1.5:0.5        4.5:1.5       10:34:42 AM  -289.98    31 3.455 :4.500  4-1-1

--------------------------------------------------------------

Engine-Match Friday, September 12, 2025 10:34:43 AM
 Tournament Game in 5 Minutes 

Pairing 13/78 :    Random_Opponent  -  V7P3R_v8.0

PGN-File: C:\Program Files (x86)\Arena\Tournaments\Engine Regression Battle 20250911.pgn

No:  B/W 1/2     W:B       1:2           Time        Value Moves Dep 1:2       1-2-Draws
   6 W 2    1.0:0.0        0.0:6.0       10:36:33 AM      +M1    23 0:5.826  0-6-0

--------------------------------------------------------------

Engine-Match Friday, September 12, 2025 10:36:35 AM
 Tournament Game in 5 Minutes 

Pairing 14/78 :    V7P3R_v7.0  -  Stockfish 1%

PGN-File: C:\Program Files (x86)\Arena\Tournaments\Engine Regression Battle 20250911.pgn

No:  B/W 1/2     W:B       1:2           Time        Value Moves Dep 1:2       1-2-Draws
   6 W 2    1.0:0.0        0.0:6.0       10:39:54 AM    +M500    18 5.389 :13.071  0-6-0

--------------------------------------------------------------

Engine-Match Friday, September 12, 2025 10:39:56 AM
 Tournament Game in 5 Minutes 

Pairing 15/78 :    V7P3R_v10.0  -  V7P3R_v6.0

PGN-File: C:\Program Files (x86)\Arena\Tournaments\Engine Regression Battle 20250911.pgn

No:  B/W 1/2     W:B       1:2           Time        Value Moves Dep 1:2       1-2-Draws
   6 B 1    1.0:0.0        6.0:0.0       10:42:39 AM   -24.83     9 5.875 :3.000  6-0-0

--------------------------------------------------------------

Engine-Match Friday, September 12, 2025 10:42:40 AM
 Tournament Game in 5 Minutes 

Pairing 16/78 :    V7P3R_v5.1  -  V7P3R_v10.2

PGN-File: C:\Program Files (x86)\Arena\Tournaments\Engine Regression Battle 20250911.pgn

No:  B/W 1/2     W:B       1:2           Time        Value Moves Dep 1:2       1-2-Draws
   6 W 2    1.0:0.0        0.0:6.0       10:44:14 AM   +45.54     6 4.000 :5.500  0-6-0

--------------------------------------------------------------

Engine-Match Friday, September 12, 2025 10:44:15 AM
 Tournament Game in 5 Minutes 

Pairing 17/78 :    V7P3R_v10.3  -  V7P3R_v10.6

PGN-File: C:\Program Files (x86)\Arena\Tournaments\Engine Regression Battle 20250911.pgn

No:  B/W 1/2     W:B       1:2           Time        Value Moves Dep 1:2       1-2-Draws
   6 W 2    2.0:1.0        1.0:5.0       10:50:35 AM     0.00    29 3.160 :3.714  0-4-2

--------------------------------------------------------------

Engine-Match Friday, September 12, 2025 10:50:36 AM
 Tournament Game in 5 Minutes 

Pairing 18/78 :    V7P3R_v10.5  -  V7P3R_v10.4

PGN-File: C:\Program Files (x86)\Arena\Tournaments\Engine Regression Battle 20250911.pgn

No:  B/W 1/2     W:B       1:2           Time        Value Moves Dep 1:2       1-2-Draws
   6 = =    1.0:1.0        1.0:5.0       10:57:07 AM    +9.31    44 4.882 :3.773  0-4-2

--------------------------------------------------------------

Engine-Match Friday, September 12, 2025 10:57:08 AM
 Tournament Game in 5 Minutes 

Pairing 19/78 :    V7P3R_v9.0  -  V7P3R_v7.0

PGN-File: C:\Program Files (x86)\Arena\Tournaments\Engine Regression Battle 20250911.pgn

No:  B/W 1/2     W:B       1:2           Time        Value Moves Dep 1:2       1-2-Draws
   6 B 1    1.0:0.0        5.0:1.0       10:59:18 AM   -55.00     5 6.000 :6.000  5-1-0

--------------------------------------------------------------

Engine-Match Friday, September 12, 2025 10:59:20 AM
 Tournament Game in 5 Minutes 

Pairing 20/78 :    V7P3R_v6.0  -  Random_Opponent

PGN-File: C:\Program Files (x86)\Arena\Tournaments\Engine Regression Battle 20250911.pgn

No:  B/W 1/2     W:B       1:2           Time        Value Moves Dep 1:2       1-2-Draws
   6 W 2    1.0:0.0        5.0:1.0       11:00:11 AM   +19.73     6 3.000 :0 5-1-0

--------------------------------------------------------------

Engine-Match Friday, September 12, 2025 11:00:12 AM
 Tournament Game in 5 Minutes 

Pairing 21/78 :    Stockfish 1%  -  V7P3R_v5.1

PGN-File: C:\Program Files (x86)\Arena\Tournaments\Engine Regression Battle 20250911.pgn

No:  B/W 1/2     W:B       1:2           Time        Value Moves Dep 1:2       1-2-Draws
   6 B 1    1.0:0.0        6.0:0.0       11:03:52 AM   -20.34    41 13.692 :3.167  6-0-0

--------------------------------------------------------------

Engine-Match Friday, September 12, 2025 11:03:54 AM
 Tournament Game in 5 Minutes 

Pairing 22/78 :    V7P3R_v10.6  -  V7P3R_v10.0

PGN-File: C:\Program Files (x86)\Arena\Tournaments\Engine Regression Battle 20250911.pgn

No:  B/W 1/2     W:B       1:2           Time        Value Moves Dep 1:2       1-2-Draws
   6 = =    2.0:2.0        2.0:4.0       11:11:05 AM     0.00    44 4.056 :5.565  0-2-4

--------------------------------------------------------------

Engine-Match Friday, September 12, 2025 11:11:06 AM
 Tournament Game in 5 Minutes 

Pairing 23/78 :    V7P3R_v10.2  -  V7P3R_v10.5

PGN-File: C:\Program Files (x86)\Arena\Tournaments\Engine Regression Battle 20250911.pgn

No:  B/W 1/2     W:B       1:2           Time        Value Moves Dep 1:2       1-2-Draws
   6 = =    3.0:3.0        3.0:3.0       11:16:03 AM   +12.70    60 5.571 :5.000  0-0-6

--------------------------------------------------------------

Engine-Match Friday, September 12, 2025 11:16:04 AM
 Tournament Game in 5 Minutes 

Pairing 24/78 :    V7P3R_v10.4  -  V7P3R_v10.3

PGN-File: C:\Program Files (x86)\Arena\Tournaments\Engine Regression Battle 20250911.pgn

No:  B/W 1/2     W:B       1:2           Time        Value Moves Dep 1:2       1-2-Draws
   6 W 2    2.0:1.0        4.0:2.0       11:24:40 AM    +9.89    55 3.517 :2.867  3-1-2

--------------------------------------------------------------

Engine-Match Friday, September 12, 2025 11:24:42 AM
 Tournament Game in 5 Minutes 

Pairing 25/78 :    V7P3R_v8.0  -  V7P3R_v6.0

PGN-File: C:\Program Files (x86)\Arena\Tournaments\Engine Regression Battle 20250911.pgn

No:  B/W 1/2     W:B       1:2           Time        Value Moves Dep 1:2       1-2-Draws
   6 B 1    1.0:0.0        6.0:0.0       11:26:49 AM   -27.71    10 6.000 :3.000  6-0-0

--------------------------------------------------------------

Engine-Match Friday, September 12, 2025 11:26:50 AM
 Tournament Game in 5 Minutes 

Pairing 26/78 :    V7P3R_v5.1  -  V7P3R_v9.0

PGN-File: C:\Program Files (x86)\Arena\Tournaments\Engine Regression Battle 20250911.pgn

No:  B/W 1/2     W:B       1:2           Time        Value Moves Dep 1:2       1-2-Draws
   6 B 1    1.0:0.0        3.0:3.0       11:28:39 AM  -221.00    11 3.300 :6.000  3-3-0

--------------------------------------------------------------

Engine-Match Friday, September 12, 2025 11:28:40 AM
 Tournament Game in 5 Minutes 

Pairing 27/78 :    Random_Opponent  -  V7P3R_v10.6

PGN-File: C:\Program Files (x86)\Arena\Tournaments\Engine Regression Battle 20250911.pgn

No:  B/W 1/2     W:B       1:2           Time        Value Moves Dep 1:2       1-2-Draws
   6 W 2    1.0:0.0        0.0:6.0       11:31:11 AM  +289.98    16 0:4.438  0-6-0

--------------------------------------------------------------

Engine-Match Friday, September 12, 2025 11:31:13 AM
 Tournament Game in 5 Minutes 

Pairing 28/78 :    V7P3R_v10.5  -  Stockfish 1%

PGN-File: C:\Program Files (x86)\Arena\Tournaments\Engine Regression Battle 20250911.pgn

No:  B/W 1/2     W:B       1:2           Time        Value Moves Dep 1:2       1-2-Draws
   6 W 2    1.0:0.0        1.0:5.0       11:33:21 AM      +M1    18 4.846 :13.615  1-5-0

--------------------------------------------------------------

Engine-Match Friday, September 12, 2025 11:33:23 AM
 Tournament Game in 5 Minutes 

Pairing 29/78 :    V7P3R_v10.0  -  V7P3R_v10.4

PGN-File: C:\Program Files (x86)\Arena\Tournaments\Engine Regression Battle 20250911.pgn

No:  B/W 1/2     W:B       1:2           Time        Value Moves Dep 1:2       1-2-Draws
   6 = =    1.5:1.5        4.5:1.5       11:40:55 AM    -0.21    44 5.235 :3.923  3-0-3

--------------------------------------------------------------

Engine-Match Friday, September 12, 2025 11:40:57 AM
 Tournament Game in 5 Minutes 

Pairing 30/78 :    V7P3R_v10.3  -  V7P3R_v10.2

PGN-File: C:\Program Files (x86)\Arena\Tournaments\Engine Regression Battle 20250911.pgn

No:  B/W 1/2     W:B       1:2           Time        Value Moves Dep 1:2       1-2-Draws
   6 W 2    1.0:0.0        3.0:3.0       11:45:21 AM   +21.43    15 3.143 :4.692  3-3-0

--------------------------------------------------------------

Engine-Match Friday, September 12, 2025 11:45:28 AM
 Tournament Game in 5 Minutes 

Pairing 31/78 :    V7P3R_v7.0  -  V7P3R_v5.1

PGN-File: C:\Program Files (x86)\Arena\Tournaments\Engine Regression Battle 20250911.pgn

No:  B/W 1/2     W:B       1:2           Time        Value Moves Dep 1:2       1-2-Draws
   6 B 1    1.5:0.5        4.5:1.5       11:47:52 AM   -29.84    10 5.889 :4.000  4-1-1

--------------------------------------------------------------

Engine-Match Friday, September 12, 2025 11:47:53 AM
 Tournament Game in 5 Minutes 

Pairing 32/78 :    V7P3R_v10.6  -  V7P3R_v8.0

PGN-File: C:\Program Files (x86)\Arena\Tournaments\Engine Regression Battle 20250911.pgn

No:  B/W 1/2     W:B       1:2           Time        Value Moves Dep 1:2       1-2-Draws
   6 B 1    1.0:0.0        6.0:0.0       11:52:00 AM    -M500    21 4.176 :5.810  6-0-0

--------------------------------------------------------------

Engine-Match Friday, September 12, 2025 11:52:02 AM
 Tournament Game in 5 Minutes 

Pairing 33/78 :    V7P3R_v9.0  -  V7P3R_v10.5

PGN-File: C:\Program Files (x86)\Arena\Tournaments\Engine Regression Battle 20250911.pgn

No:  B/W 1/2     W:B       1:2           Time        Value Moves Dep 1:2       1-2-Draws
   6 W 2    1.0:0.0        0.0:6.0       11:54:13 AM  +310.00     9 6.000 :4.750  0-6-0

--------------------------------------------------------------

Engine-Match Friday, September 12, 2025 11:54:15 AM
 Tournament Game in 5 Minutes 

Pairing 34/78 :    V7P3R_v10.4  -  Random_Opponent

PGN-File: C:\Program Files (x86)\Arena\Tournaments\Engine Regression Battle 20250911.pgn

No:  B/W 1/2     W:B       1:2           Time        Value Moves Dep 1:2       1-2-Draws
   6 B 1    1.0:0.0        6.0:0.0       11:54:36 AM  -289.98     2 5.000 :0 6-0-0

--------------------------------------------------------------

Engine-Match Friday, September 12, 2025 11:54:38 AM
 Tournament Game in 5 Minutes 

Pairing 35/78 :    Stockfish 1%  -  V7P3R_v10.3

PGN-File: C:\Program Files (x86)\Arena\Tournaments\Engine Regression Battle 20250911.pgn

No:  B/W 1/2     W:B       1:2           Time        Value Moves Dep 1:2       1-2-Draws
   6 B 1    1.0:0.0        6.0:0.0       11:59:22 AM   -16.42    45 14.385 :2.578  6-0-0

--------------------------------------------------------------

Engine-Match Friday, September 12, 2025 11:59:24 AM
 Tournament Game in 5 Minutes 

Pairing 36/78 :    V7P3R_v10.2  -  V7P3R_v10.0

PGN-File: C:\Program Files (x86)\Arena\Tournaments\Engine Regression Battle 20250911.pgn

No:  B/W 1/2     W:B       1:2           Time        Value Moves Dep 1:2       1-2-Draws
   6 = =    2.5:2.5        2.5:3.5       12:06:59 PM     0.00    58 4.938 :4.828  0-1-5

--------------------------------------------------------------

Engine-Match Friday, September 12, 2025 12:07:00 PM
 Tournament Game in 5 Minutes 

Pairing 37/78 :    V7P3R_v6.0  -  V7P3R_v10.6

PGN-File: C:\Program Files (x86)\Arena\Tournaments\Engine Regression Battle 20250911.pgn

No:  B/W 1/2     W:B       1:2           Time        Value Moves Dep 1:2       1-2-Draws
   6 W 2    1.0:0.0        0.0:6.0       12:10:09 PM   +36.73    13 3.000 :4.455  0-6-0

--------------------------------------------------------------

Engine-Match Friday, September 12, 2025 12:10:11 PM
 Tournament Game in 5 Minutes 

Pairing 38/78 :    V7P3R_v10.5  -  V7P3R_v7.0

PGN-File: C:\Program Files (x86)\Arena\Tournaments\Engine Regression Battle 20250911.pgn

No:  B/W 1/2     W:B       1:2           Time        Value Moves Dep 1:2       1-2-Draws
   6 B 1    1.0:0.0        6.0:0.0       12:13:13 PM  -120.00     8 5.167 :6.000  6-0-0

--------------------------------------------------------------

Engine-Match Friday, September 12, 2025 12:13:15 PM
 Tournament Game in 5 Minutes 

Pairing 39/78 :    V7P3R_v8.0  -  V7P3R_v10.4

PGN-File: C:\Program Files (x86)\Arena\Tournaments\Engine Regression Battle 20250911.pgn

No:  B/W 1/2     W:B       1:2           Time        Value Moves Dep 1:2       1-2-Draws
   6 W 2    1.0:0.0        0.0:6.0       12:17:51 PM    +M500    19 5.632 :3.625  0-6-0

--------------------------------------------------------------

Engine-Match Friday, September 12, 2025 12:17:52 PM
 Tournament Game in 5 Minutes 

Pairing 40/78 :    V7P3R_v10.3  -  V7P3R_v9.0

PGN-File: C:\Program Files (x86)\Arena\Tournaments\Engine Regression Battle 20250911.pgn

No:  B/W 1/2     W:B       1:2           Time        Value Moves Dep 1:2       1-2-Draws
   6 B 1    1.0:0.0        6.0:0.0       12:19:48 PM  -230.00     9 3.286 :6.000  6-0-0

--------------------------------------------------------------

Engine-Match Friday, September 12, 2025 12:19:50 PM
 Tournament Game in 5 Minutes 

Pairing 41/78 :    Random_Opponent  -  V7P3R_v10.2

PGN-File: C:\Program Files (x86)\Arena\Tournaments\Engine Regression Battle 20250911.pgn

No:  B/W 1/2     W:B       1:2           Time        Value Moves Dep 1:2       1-2-Draws
   6 W 2    1.0:0.0        0.0:6.0       12:21:53 PM  +289.98    12 0:5.455  0-6-0

--------------------------------------------------------------

Engine-Match Friday, September 12, 2025 12:21:55 PM
 Tournament Game in 5 Minutes 

Pairing 42/78 :    V7P3R_v10.0  -  Stockfish 1%

PGN-File: C:\Program Files (x86)\Arena\Tournaments\Engine Regression Battle 20250911.pgn

No:  B/W 1/2     W:B       1:2           Time        Value Moves Dep 1:2       1-2-Draws
   6 W 2    1.0:0.0        1.0:5.0       12:25:27 PM   +20.30    23 4.783 :13.077  1-5-0

--------------------------------------------------------------

Engine-Match Friday, September 12, 2025 12:25:29 PM
 Tournament Game in 5 Minutes 

Pairing 43/78 :    V7P3R_v5.1  -  V7P3R_v10.5

PGN-File: C:\Program Files (x86)\Arena\Tournaments\Engine Regression Battle 20250911.pgn

No:  B/W 1/2     W:B       1:2           Time        Value Moves Dep 1:2       1-2-Draws
   6 W 2    1.0:0.0        0.0:6.0       12:27:08 PM   +17.00     6 3.667 :5.333  0-6-0

--------------------------------------------------------------

Engine-Match Friday, September 12, 2025 12:27:10 PM
 Tournament Game in 5 Minutes 

Pairing 44/78 :    V7P3R_v10.4  -  V7P3R_v6.0

PGN-File: C:\Program Files (x86)\Arena\Tournaments\Engine Regression Battle 20250911.pgn

No:  B/W 1/2     W:B       1:2           Time        Value Moves Dep 1:2       1-2-Draws
   6 B 1    1.0:0.0        6.0:0.0       12:30:15 PM   -35.55    14 4.600 :3.000  6-0-0

--------------------------------------------------------------

Engine-Match Friday, September 12, 2025 12:30:17 PM
 Tournament Game in 5 Minutes 

Pairing 45/78 :    V7P3R_v7.0  -  V7P3R_v10.3

PGN-File: C:\Program Files (x86)\Arena\Tournaments\Engine Regression Battle 20250911.pgn

No:  B/W 1/2     W:B       1:2           Time        Value Moves Dep 1:2       1-2-Draws
   6 W 2    2.0:1.0        1.0:5.0       12:33:26 PM  +110.00     9 5.667 :3.375  0-4-2

--------------------------------------------------------------

Engine-Match Friday, September 12, 2025 12:33:27 PM
 Tournament Game in 5 Minutes 

Pairing 46/78 :    V7P3R_v10.2  -  V7P3R_v8.0

PGN-File: C:\Program Files (x86)\Arena\Tournaments\Engine Regression Battle 20250911.pgn

No:  B/W 1/2     W:B       1:2           Time        Value Moves Dep 1:2       1-2-Draws
   6 B 1    1.0:0.0        6.0:0.0       12:36:03 PM    -9.00    13 5.000 :5.923  6-0-0

--------------------------------------------------------------

Engine-Match Friday, September 12, 2025 12:36:04 PM
 Tournament Game in 5 Minutes 

Pairing 47/78 :    V7P3R_v9.0  -  V7P3R_v10.0

PGN-File: C:\Program Files (x86)\Arena\Tournaments\Engine Regression Battle 20250911.pgn

No:  B/W 1/2     W:B       1:2           Time        Value Moves Dep 1:2       1-2-Draws
   6 W 2    1.0:0.0        0.0:6.0       12:38:41 PM  +215.00    10 6.000 :5.800  0-6-0

--------------------------------------------------------------

Engine-Match Friday, September 12, 2025 12:38:43 PM
 Tournament Game in 5 Minutes 

Pairing 48/78 :    Stockfish 1%  -  Random_Opponent

PGN-File: C:\Program Files (x86)\Arena\Tournaments\Engine Regression Battle 20250911.pgn

No:  B/W 1/2     W:B       1:2           Time        Value Moves Dep 1:2       1-2-Draws
   6 B 1    1.0:0.0        6.0:0.0       12:38:49 PM      -M1     6 19.333 :0 6-0-0

--------------------------------------------------------------

Engine-Match Friday, September 12, 2025 12:38:50 PM
 Tournament Game in 5 Minutes 

Pairing 49/78 :    V7P3R_v10.6  -  V7P3R_v10.4

PGN-File: C:\Program Files (x86)\Arena\Tournaments\Engine Regression Battle 20250911.pgn

No:  B/W 1/2     W:B       1:2           Time        Value Moves Dep 1:2       1-2-Draws
   6 W 2    1.5:0.5        3.5:2.5       12:45:55 PM  +289.96    79 3.778 :3.941  3-2-1

--------------------------------------------------------------

Engine-Match Friday, September 12, 2025 12:45:57 PM
 Tournament Game in 5 Minutes 

Pairing 50/78 :    V7P3R_v10.3  -  V7P3R_v5.1

PGN-File: C:\Program Files (x86)\Arena\Tournaments\Engine Regression Battle 20250911.pgn

No:  B/W 1/2     W:B       1:2           Time        Value Moves Dep 1:2       1-2-Draws
   6 B 1    1.0:0.0        6.0:0.0       12:51:17 PM   -22.45    21 3.450 :3.143  6-0-0

--------------------------------------------------------------

Engine-Match Friday, September 12, 2025 12:51:23 PM
 Tournament Game in 5 Minutes 

Pairing 51/78 :    V7P3R_v6.0  -  V7P3R_v10.2

PGN-File: C:\Program Files (x86)\Arena\Tournaments\Engine Regression Battle 20250911.pgn

No:  B/W 1/2     W:B       1:2           Time        Value Moves Dep 1:2       1-2-Draws
   6 W 2    1.0:0.0        0.0:6.0       12:54:22 PM   +39.83    11 3.000 :5.625  0-6-0

--------------------------------------------------------------

Engine-Match Friday, September 12, 2025 12:54:24 PM
 Tournament Game in 5 Minutes 

Pairing 52/78 :    V7P3R_v10.0  -  V7P3R_v7.0

PGN-File: C:\Program Files (x86)\Arena\Tournaments\Engine Regression Battle 20250911.pgn

No:  B/W 1/2     W:B       1:2           Time        Value Moves Dep 1:2       1-2-Draws
   6 B 1    2.0:1.0        5.0:1.0       12:58:11 PM   -15.00     8 5.571 :5.875  4-0-2

--------------------------------------------------------------

Engine-Match Friday, September 12, 2025 12:58:13 PM
 Tournament Game in 5 Minutes 

Pairing 53/78 :    V7P3R_v8.0  -  Stockfish 1%

PGN-File: C:\Program Files (x86)\Arena\Tournaments\Engine Regression Battle 20250911.pgn

No:  B/W 1/2     W:B       1:2           Time        Value Moves Dep 1:2       1-2-Draws
   6 W 2    1.0:0.0        0.0:6.0       12:59:32 PM    +M500    16 5.688 :13.571  0-6-0

--------------------------------------------------------------

Engine-Match Friday, September 12, 2025 12:59:33 PM
 Tournament Game in 5 Minutes 

Pairing 54/78 :    Random_Opponent  -  V7P3R_v9.0

PGN-File: C:\Program Files (x86)\Arena\Tournaments\Engine Regression Battle 20250911.pgn

No:  B/W 1/2     W:B       1:2           Time        Value Moves Dep 1:2       1-2-Draws
   6 W 2    1.0:0.0        0.0:6.0       1:00:18 PM      +M1    15 0:6.000  0-6-0

--------------------------------------------------------------

Engine-Match Friday, September 12, 2025 1:00:19 PM
 Tournament Game in 5 Minutes 

Pairing 55/78 :    V7P3R_v10.5  -  V7P3R_v10.3

PGN-File: C:\Program Files (x86)\Arena\Tournaments\Engine Regression Battle 20250911.pgn

No:  B/W 1/2     W:B       1:2           Time        Value Moves Dep 1:2       1-2-Draws
   6 B 1    1.0:0.0        6.0:0.0       1:07:06 PM  -289.98    32 4.476 :3.034  6-0-0

--------------------------------------------------------------

Engine-Match Friday, September 12, 2025 1:07:07 PM
 Tournament Game in 5 Minutes 

Pairing 56/78 :    V7P3R_v10.2  -  V7P3R_v10.6

PGN-File: C:\Program Files (x86)\Arena\Tournaments\Engine Regression Battle 20250911.pgn

No:  B/W 1/2     W:B       1:2           Time        Value Moves Dep 1:2       1-2-Draws
   6 W 2    1.0:0.0        1.0:5.0       1:12:09 PM     0.00    23 5.308 :4.182  1-5-0

--------------------------------------------------------------

Engine-Match Friday, September 12, 2025 1:12:10 PM
 Tournament Game in 5 Minutes 

Pairing 57/78 :    V7P3R_v5.1  -  V7P3R_v10.0

PGN-File: C:\Program Files (x86)\Arena\Tournaments\Engine Regression Battle 20250911.pgn

No:  B/W 1/2     W:B       1:2           Time        Value Moves Dep 1:2       1-2-Draws
   6 W 2    2.0:1.0        1.0:5.0       1:16:16 PM  +289.99    18 3.235 :5.611  0-4-2

--------------------------------------------------------------

Engine-Match Friday, September 12, 2025 1:16:18 PM
 Tournament Game in 5 Minutes 

Pairing 58/78 :    Stockfish 1%  -  V7P3R_v6.0

PGN-File: C:\Program Files (x86)\Arena\Tournaments\Engine Regression Battle 20250911.pgn

No:  B/W 1/2     W:B       1:2           Time        Value Moves Dep 1:2       1-2-Draws
   6 B 1    1.0:0.0        6.0:0.0       1:17:32 PM   -24.29     9 15.250 :3.000  6-0-0

--------------------------------------------------------------

Engine-Match Friday, September 12, 2025 1:17:33 PM
 Tournament Game in 5 Minutes 

Pairing 59/78 :    V7P3R_v7.0  -  Random_Opponent

PGN-File: C:\Program Files (x86)\Arena\Tournaments\Engine Regression Battle 20250911.pgn

No:  B/W 1/2     W:B       1:2           Time        Value Moves Dep 1:2       1-2-Draws
   6 = =    1.0:1.0        5.0:1.0       1:20:59 PM     0.00    13 6.000 :0 4-0-2

--------------------------------------------------------------

Engine-Match Friday, September 12, 2025 1:21:00 PM
 Tournament Game in 5 Minutes 

Pairing 60/78 :    V7P3R_v9.0  -  V7P3R_v8.0

PGN-File: C:\Program Files (x86)\Arena\Tournaments\Engine Regression Battle 20250911.pgn

No:  B/W 1/2     W:B       1:2           Time        Value Moves Dep 1:2       1-2-Draws
   6 W 2    1.0:0.0        1.0:5.0       1:22:12 PM  +115.00    10 6.000 :5.500  1-5-0

--------------------------------------------------------------

Engine-Match Friday, September 12, 2025 1:22:14 PM
 Tournament Game in 5 Minutes 

Pairing 61/78 :    V7P3R_v10.4  -  V7P3R_v10.2

PGN-File: C:\Program Files (x86)\Arena\Tournaments\Engine Regression Battle 20250911.pgn

No:  B/W 1/2     W:B       1:2           Time        Value Moves Dep 1:2       1-2-Draws
   6 B 1    2.0:1.0        5.0:1.0       1:30:00 PM     0.00    76 3.824 :4.688  4-0-2

--------------------------------------------------------------

Engine-Match Friday, September 12, 2025 1:30:01 PM
 Tournament Game in 5 Minutes 

Pairing 62/78 :    V7P3R_v10.0  -  V7P3R_v10.5

PGN-File: C:\Program Files (x86)\Arena\Tournaments\Engine Regression Battle 20250911.pgn

No:  B/W 1/2     W:B       1:2           Time        Value Moves Dep 1:2       1-2-Draws
   6 B 1    3.0:2.0        4.0:2.0       1:36:50 PM  -289.98    44 5.318 :4.833  2-0-4

--------------------------------------------------------------

Engine-Match Friday, September 12, 2025 1:36:52 PM
 Tournament Game in 5 Minutes 

Pairing 63/78 :    V7P3R_v10.6  -  Stockfish 1%

PGN-File: C:\Program Files (x86)\Arena\Tournaments\Engine Regression Battle 20250911.pgn

No:  B/W 1/2     W:B       1:2           Time        Value Moves Dep 1:2       1-2-Draws
   6 = =    1.0:1.0        2.0:4.0       1:40:37 PM    -2.00    48 3.688 :15.000  1-3-2

--------------------------------------------------------------

Engine-Match Friday, September 12, 2025 1:40:39 PM
 Tournament Game in 5 Minutes 

Pairing 64/78 :    Random_Opponent  -  V7P3R_v5.1

PGN-File: C:\Program Files (x86)\Arena\Tournaments\Engine Regression Battle 20250911.pgn

No:  B/W 1/2     W:B       1:2           Time        Value Moves Dep 1:2       1-2-Draws
   6 W 2    1.0:0.0        0.0:6.0       1:43:24 PM     0.00    22 0:3.273  0-6-0

--------------------------------------------------------------

Engine-Match Friday, September 12, 2025 1:43:26 PM
 Tournament Game in 5 Minutes 

Pairing 65/78 :    V7P3R_v6.0  -  V7P3R_v9.0

PGN-File: C:\Program Files (x86)\Arena\Tournaments\Engine Regression Battle 20250911.pgn

No:  B/W 1/2     W:B       1:2           Time        Value Moves Dep 1:2       1-2-Draws
   6 W 2    1.0:0.0        0.0:6.0       1:44:32 PM   +19.73     6 3.000 :6.000  0-6-0

--------------------------------------------------------------

Engine-Match Friday, September 12, 2025 1:44:34 PM
 Tournament Game in 5 Minutes 

Pairing 66/78 :    V7P3R_v8.0  -  V7P3R_v7.0

PGN-File: C:\Program Files (x86)\Arena\Tournaments\Engine Regression Battle 20250911.pgn

No:  B/W 1/2     W:B       1:2           Time        Value Moves Dep 1:2       1-2-Draws
   6 B 1    1.0:0.0        3.0:3.0       1:46:44 PM   -10.00     5 5.500 :6.000  3-3-0

--------------------------------------------------------------

Engine-Match Friday, September 12, 2025 1:46:45 PM
 Tournament Game in 5 Minutes 

Pairing 67/78 :    V7P3R_v10.3  -  V7P3R_v10.0

PGN-File: C:\Program Files (x86)\Arena\Tournaments\Engine Regression Battle 20250911.pgn

No:  B/W 1/2     W:B       1:2           Time        Value Moves Dep 1:2       1-2-Draws
   6 W 2    1.5:0.5        0.5:5.5       1:55:16 PM  +289.99    51 3.111 :4.724  0-5-1

--------------------------------------------------------------

Engine-Match Friday, September 12, 2025 1:55:17 PM
 Tournament Game in 5 Minutes 

Pairing 68/78 :    Stockfish 1%  -  V7P3R_v10.4

PGN-File: C:\Program Files (x86)\Arena\Tournaments\Engine Regression Battle 20250911.pgn

No:  B/W 1/2     W:B       1:2           Time        Value Moves Dep 1:2       1-2-Draws
   6 B 1    1.0:0.0        6.0:0.0       1:58:24 PM      -M1    28 13.462 :3.800  6-0-0

--------------------------------------------------------------

Engine-Match Friday, September 12, 2025 1:58:26 PM
 Tournament Game in 5 Minutes 

Pairing 69/78 :    V7P3R_v10.5  -  Random_Opponent

PGN-File: C:\Program Files (x86)\Arena\Tournaments\Engine Regression Battle 20250911.pgn

No:  B/W 1/2     W:B       1:2           Time        Value Moves Dep 1:2       1-2-Draws
   6 B 1    1.0:0.0        6.0:0.0       2:00:04 PM     0.00    13 4.750 :0 6-0-0

--------------------------------------------------------------

Engine-Match Friday, September 12, 2025 2:00:05 PM
 Tournament Game in 5 Minutes 

Pairing 70/78 :    V7P3R_v9.0  -  V7P3R_v10.6

PGN-File: C:\Program Files (x86)\Arena\Tournaments\Engine Regression Battle 20250911.pgn

No:  B/W 1/2     W:B       1:2           Time        Value Moves Dep 1:2       1-2-Draws
   6 W 2    1.0:0.0        0.0:6.0       2:02:55 PM  +295.00    12 6.000 :4.091  0-6-0

--------------------------------------------------------------

Engine-Match Friday, September 12, 2025 2:03:02 PM
 Tournament Game in 5 Minutes 

Pairing 71/78 :    V7P3R_v5.1  -  V7P3R_v8.0

PGN-File: C:\Program Files (x86)\Arena\Tournaments\Engine Regression Battle 20250911.pgn

No:  B/W 1/2     W:B       1:2           Time        Value Moves Dep 1:2       1-2-Draws
   6 W 2    1.0:0.0        0.0:6.0       2:05:02 PM      +M1    11 4.000 :6.000  0-6-0

--------------------------------------------------------------

Engine-Match Friday, September 12, 2025 2:05:04 PM
 Tournament Game in 5 Minutes 

Pairing 72/78 :    V7P3R_v7.0  -  V7P3R_v6.0

PGN-File: C:\Program Files (x86)\Arena\Tournaments\Engine Regression Battle 20250911.pgn

No:  B/W 1/2     W:B       1:2           Time        Value Moves Dep 1:2       1-2-Draws
   6 B 1    1.0:0.0        6.0:0.0       2:08:42 PM   -20.97    11 5.900 :3.000  6-0-0

--------------------------------------------------------------

Engine-Match Friday, September 12, 2025 2:08:44 PM
 Tournament Game in 5 Minutes 

Pairing 73/78 :    V7P3R_v10.2  -  Stockfish 1%

PGN-File: C:\Program Files (x86)\Arena\Tournaments\Engine Regression Battle 20250911.pgn

No:  B/W 1/2     W:B       1:2           Time        Value Moves Dep 1:2       1-2-Draws
   6 W 2    1.0:0.0        0.0:6.0       2:12:58 PM      +M1    51 5.053 :13.000  0-6-0

--------------------------------------------------------------

Engine-Match Friday, September 12, 2025 2:13:00 PM
 Tournament Game in 5 Minutes 

Pairing 74/78 :    Random_Opponent  -  V7P3R_v10.3

PGN-File: C:\Program Files (x86)\Arena\Tournaments\Engine Regression Battle 20250911.pgn

No:  B/W 1/2     W:B       1:2           Time        Value Moves Dep 1:2       1-2-Draws
   6 W 2    1.0:0.0        0.0:6.0       2:14:49 PM  +289.97     7 0:3.857  0-6-0

--------------------------------------------------------------

Engine-Match Friday, September 12, 2025 2:14:50 PM
 Tournament Game in 5 Minutes 

Pairing 75/78 :    V7P3R_v10.4  -  V7P3R_v9.0

PGN-File: C:\Program Files (x86)\Arena\Tournaments\Engine Regression Battle 20250911.pgn

No:  B/W 1/2     W:B       1:2           Time        Value Moves Dep 1:2       1-2-Draws
   6 B 1    1.0:0.0        6.0:0.0       2:16:57 PM   -70.00    12 3.778 :6.000  6-0-0

--------------------------------------------------------------

Engine-Match Friday, September 12, 2025 2:16:59 PM
 Tournament Game in 5 Minutes 

Pairing 76/78 :    V7P3R_v8.0  -  V7P3R_v10.5

PGN-File: C:\Program Files (x86)\Arena\Tournaments\Engine Regression Battle 20250911.pgn

No:  B/W 1/2     W:B       1:2           Time        Value Moves Dep 1:2       1-2-Draws
   6 W 2    1.0:0.0        0.0:6.0       2:20:03 PM   +10.00    13 5.615 :5.000  0-6-0

--------------------------------------------------------------

Engine-Match Friday, September 12, 2025 2:20:05 PM
 Tournament Game in 5 Minutes 

Pairing 77/78 :    V7P3R_v10.6  -  V7P3R_v7.0

PGN-File: C:\Program Files (x86)\Arena\Tournaments\Engine Regression Battle 20250911.pgn

No:  B/W 1/2     W:B       1:2           Time        Value Moves Dep 1:2       1-2-Draws
   6 W 2    1.0:0.0        4.0:2.0       2:28:45 PM   +19.19    45 4.133 :5.783  4-2-0

--------------------------------------------------------------

Engine-Match Friday, September 12, 2025 2:28:47 PM
 Tournament Game in 5 Minutes 

Pairing 78/78 :    V7P3R_v6.0  -  V7P3R_v5.1

PGN-File: C:\Program Files (x86)\Arena\Tournaments\Engine Regression Battle 20250911.pgn

No:  B/W 1/2     W:B       1:2           Time        Value Moves Dep 1:2       1-2-Draws
   6 W 2    1.0:0.0        0.0:6.0       2:32:05 PM   +60.97    14 3.000 :3.357  0-6-0

--------------------------------------------------------------

Engine-Match Friday, September 12, 2025 2:32:06 PM
 Tournament Game in 5 Minutes 

Pairing 1/78 :    V7P3R_v10.0  -  Random_Opponent

PGN-File: C:\Program Files (x86)\Arena\Tournaments\Engine Regression Battle 20250911.pgn

No:  B/W 1/2     W:B       1:2           Time        Value Moves Dep 1:2       1-2-Draws
   7 W 1    1.0:0.0        7.0:0.0       2:34:25 PM  +289.98    14 5.286 :0 7-0-0

--------------------------------------------------------------

Engine-Match Friday, September 12, 2025 2:34:26 PM
 Tournament Game in 5 Minutes 

Pairing 2/78 :    V7P3R_v9.0  -  V7P3R_v10.2

PGN-File: C:\Program Files (x86)\Arena\Tournaments\Engine Regression Battle 20250911.pgn

No:  B/W 1/2     W:B       1:2           Time        Value Moves Dep 1:2       1-2-Draws
   7 B 2    1.0:0.0        0.0:7.0       2:36:45 PM  -300.00    12 6.000 :4.800  0-7-0

--------------------------------------------------------------

Engine-Match Friday, September 12, 2025 2:36:47 PM
 Tournament Game in 5 Minutes 

Pairing 3/78 :    V7P3R_v10.3  -  V7P3R_v8.0

PGN-File: C:\Program Files (x86)\Arena\Tournaments\Engine Regression Battle 20250911.pgn

No:  B/W 1/2     W:B       1:2           Time        Value Moves Dep 1:2       1-2-Draws
   7 W 1    1.0:0.0        7.0:0.0       2:41:05 PM    +M500    16 3.357 :5.750  7-0-0

--------------------------------------------------------------

Engine-Match Friday, September 12, 2025 2:41:06 PM
 Tournament Game in 5 Minutes 

Pairing 4/78 :    V7P3R_v7.0  -  V7P3R_v10.4

PGN-File: C:\Program Files (x86)\Arena\Tournaments\Engine Regression Battle 20250911.pgn

No:  B/W 1/2     W:B       1:2           Time        Value Moves Dep 1:2       1-2-Draws
   7 W 1    1.0:0.0        3.0:4.0       2:50:00 PM   +24.75    53 5.895 :4.133  3-4-0

--------------------------------------------------------------

Engine-Match Friday, September 12, 2025 2:50:01 PM
 Tournament Game in 5 Minutes 

Pairing 5/78 :    V7P3R_v10.5  -  V7P3R_v6.0

PGN-File: C:\Program Files (x86)\Arena\Tournaments\Engine Regression Battle 20250911.pgn

No:  B/W 1/2     W:B       1:2           Time        Value Moves Dep 1:2       1-2-Draws
   7 W 1    1.0:0.0        7.0:0.0       2:52:23 PM   +42.38    10 5.250 :3.000  7-0-0

--------------------------------------------------------------

Engine-Match Friday, September 12, 2025 2:52:24 PM
 Tournament Game in 5 Minutes 

Pairing 6/78 :    V7P3R_v5.1  -  V7P3R_v10.6

PGN-File: C:\Program Files (x86)\Arena\Tournaments\Engine Regression Battle 20250911.pgn

No:  B/W 1/2     W:B       1:2           Time        Value Moves Dep 1:2       1-2-Draws
   7 B 2    2.0:1.0        1.0:6.0       2:57:20 PM   -74.80    24 3.167 :4.059  0-5-2

--------------------------------------------------------------

Engine-Match Friday, September 12, 2025 2:57:21 PM
 Tournament Game in 5 Minutes 

Pairing 7/78 :    Stockfish 1%  -  V7P3R_v9.0

PGN-File: C:\Program Files (x86)\Arena\Tournaments\Engine Regression Battle 20250911.pgn

No:  B/W 1/2     W:B       1:2           Time        Value Moves Dep 1:2       1-2-Draws
   7 W 1    1.0:0.0        7.0:0.0       2:58:28 PM  +120.00    14 13.357 :6.000  7-0-0

--------------------------------------------------------------

Engine-Match Friday, September 12, 2025 2:58:29 PM
 Tournament Game in 5 Minutes 

Pairing 8/78 :    V7P3R_v8.0  -  V7P3R_v10.0

PGN-File: C:\Program Files (x86)\Arena\Tournaments\Engine Regression Battle 20250911.pgn

No:  B/W 1/2     W:B       1:2           Time        Value Moves Dep 1:2       1-2-Draws
   7 B 2    1.5:0.5        0.5:6.5       3:04:28 PM  -118.00    41 5.727 :5.619  0-6-1

--------------------------------------------------------------

Engine-Match Friday, September 12, 2025 3:04:29 PM
 Tournament Game in 5 Minutes 

Pairing 9/78 :    V7P3R_v10.2  -  V7P3R_v7.0

PGN-File: C:\Program Files (x86)\Arena\Tournaments\Engine Regression Battle 20250911.pgn

No:  B/W 1/2     W:B       1:2           Time        Value Moves Dep 1:2       1-2-Draws
   7 W 1    1.0:0.0        7.0:0.0       3:09:33 PM    +M234    15 4.917 :5.667  7-0-0

--------------------------------------------------------------

Engine-Match Friday, September 12, 2025 3:09:34 PM
 Tournament Game in 5 Minutes 

Pairing 10/78 :    V7P3R_v6.0  -  V7P3R_v10.3

PGN-File: C:\Program Files (x86)\Arena\Tournaments\Engine Regression Battle 20250911.pgn

No:  B/W 1/2     W:B       1:2           Time        Value Moves Dep 1:2       1-2-Draws
   7 B 2    1.0:0.0        0.0:7.0       3:12:25 PM   -43.14     9 3.000 :3.714  0-7-0

--------------------------------------------------------------

Engine-Match Friday, September 12, 2025 3:12:26 PM
 Tournament Game in 5 Minutes 

Pairing 11/78 :    V7P3R_v10.4  -  V7P3R_v5.1

PGN-File: C:\Program Files (x86)\Arena\Tournaments\Engine Regression Battle 20250911.pgn

No:  B/W 1/2     W:B       1:2           Time        Value Moves Dep 1:2       1-2-Draws
   7 W 1    1.0:0.0        7.0:0.0       3:14:10 PM   +44.89     6 4.600 :3.833  7-0-0

--------------------------------------------------------------

Engine-Match Friday, September 12, 2025 3:14:11 PM
 Tournament Game in 5 Minutes 

Pairing 12/78 :    V7P3R_v10.6  -  V7P3R_v10.5

PGN-File: C:\Program Files (x86)\Arena\Tournaments\Engine Regression Battle 20250911.pgn

No:  B/W 1/2     W:B       1:2           Time        Value Moves Dep 1:2       1-2-Draws
   7 B 2    1.5:0.5        4.5:2.5       3:19:42 PM  -289.99    23 3.895 :4.889  4-2-1

--------------------------------------------------------------

Engine-Match Friday, September 12, 2025 3:19:48 PM
 Tournament Game in 5 Minutes 

Pairing 13/78 :    Random_Opponent  -  V7P3R_v8.0

PGN-File: C:\Program Files (x86)\Arena\Tournaments\Engine Regression Battle 20250911.pgn

No:  B/W 1/2     W:B       1:2           Time        Value Moves Dep 1:2       1-2-Draws
   7 B 2    1.0:0.0        0.0:7.0       3:21:50 PM      -M1    27 0:5.833  0-7-0

--------------------------------------------------------------

Engine-Match Friday, September 12, 2025 3:21:51 PM
 Tournament Game in 5 Minutes 

Pairing 14/78 :    V7P3R_v7.0  -  Stockfish 1%

PGN-File: C:\Program Files (x86)\Arena\Tournaments\Engine Regression Battle 20250911.pgn

No:  B/W 1/2     W:B       1:2           Time        Value Moves Dep 1:2       1-2-Draws
   7 B 2    1.0:0.0        0.0:7.0       3:24:15 PM  -120.00     8 6.000 :13.143  0-7-0

--------------------------------------------------------------

Engine-Match Friday, September 12, 2025 3:24:16 PM
 Tournament Game in 5 Minutes 

Pairing 15/78 :    V7P3R_v10.0  -  V7P3R_v6.0

PGN-File: C:\Program Files (x86)\Arena\Tournaments\Engine Regression Battle 20250911.pgn

No:  B/W 1/2     W:B       1:2           Time        Value Moves Dep 1:2       1-2-Draws
   7 W 1    1.0:0.0        7.0:0.0       3:27:28 PM    +M500    11 5.636 :3.000  7-0-0

--------------------------------------------------------------

Engine-Match Friday, September 12, 2025 3:27:30 PM
 Tournament Game in 5 Minutes 

Pairing 16/78 :    V7P3R_v5.1  -  V7P3R_v10.2

PGN-File: C:\Program Files (x86)\Arena\Tournaments\Engine Regression Battle 20250911.pgn

No:  B/W 1/2     W:B       1:2           Time        Value Moves Dep 1:2       1-2-Draws
   7 B 2    1.0:0.0        0.0:7.0       3:34:46 PM   -13.05    43 3.097 :5.167  0-7-0

--------------------------------------------------------------

Engine-Match Friday, September 12, 2025 3:34:47 PM
 Tournament Game in 5 Minutes 

Pairing 17/78 :    V7P3R_v10.3  -  V7P3R_v10.6

PGN-File: C:\Program Files (x86)\Arena\Tournaments\Engine Regression Battle 20250911.pgn

No:  B/W 1/2     W:B       1:2           Time        Value Moves Dep 1:2       1-2-Draws
   7 W 1    2.0:1.0        2.0:5.0       3:43:31 PM    +9.43    55 2.867 :3.483  1-4-2

--------------------------------------------------------------

Engine-Match Friday, September 12, 2025 3:43:32 PM
 Tournament Game in 5 Minutes 

Pairing 18/78 :    V7P3R_v10.5  -  V7P3R_v10.4

PGN-File: C:\Program Files (x86)\Arena\Tournaments\Engine Regression Battle 20250911.pgn

No:  B/W 1/2     W:B       1:2           Time        Value Moves Dep 1:2       1-2-Draws
   7 B 2    2.0:1.0        1.0:6.0       3:49:56 PM  -289.98    31 4.500 :3.455  0-5-2

--------------------------------------------------------------

Engine-Match Friday, September 12, 2025 3:49:58 PM
 Tournament Game in 5 Minutes 

Pairing 19/78 :    V7P3R_v9.0  -  V7P3R_v7.0

PGN-File: C:\Program Files (x86)\Arena\Tournaments\Engine Regression Battle 20250911.pgn

No:  B/W 1/2     W:B       1:2           Time        Value Moves Dep 1:2       1-2-Draws
   7 W 1    1.0:0.0        6.0:1.0       3:53:34 PM   +35.00    15 6.000 :5.533  6-1-0

--------------------------------------------------------------

Engine-Match Friday, September 12, 2025 3:53:36 PM
 Tournament Game in 5 Minutes 

Pairing 20/78 :    V7P3R_v6.0  -  Random_Opponent

PGN-File: C:\Program Files (x86)\Arena\Tournaments\Engine Regression Battle 20250911.pgn

No:  B/W 1/2     W:B       1:2           Time        Value Moves Dep 1:2       1-2-Draws
   7 W 1    1.0:0.0        6.0:1.0       3:55:57 PM     0.00    20 3.000 :0 6-1-0

--------------------------------------------------------------

Engine-Match Friday, September 12, 2025 3:55:58 PM
 Tournament Game in 5 Minutes 

Pairing 21/78 :    Stockfish 1%  -  V7P3R_v5.1

PGN-File: C:\Program Files (x86)\Arena\Tournaments\Engine Regression Battle 20250911.pgn

No:  B/W 1/2     W:B       1:2           Time        Value Moves Dep 1:2       1-2-Draws
   7 W 1    1.0:0.0        7.0:0.0       3:56:57 PM   +33.44     7 15.000 :3.571  7-0-0

--------------------------------------------------------------

Engine-Match Friday, September 12, 2025 3:56:58 PM
 Tournament Game in 5 Minutes 

Pairing 22/78 :    V7P3R_v10.6  -  V7P3R_v10.0

PGN-File: C:\Program Files (x86)\Arena\Tournaments\Engine Regression Battle 20250911.pgn

No:  B/W 1/2     W:B       1:2           Time        Value Moves Dep 1:2       1-2-Draws
   7 B 2    3.0:2.0        2.0:5.0       4:03:22 PM   -11.21    27 3.850 :5.154  0-3-4

--------------------------------------------------------------

Engine-Match Friday, September 12, 2025 4:03:24 PM
 Tournament Game in 5 Minutes 

Pairing 23/78 :    V7P3R_v10.2  -  V7P3R_v10.5

PGN-File: C:\Program Files (x86)\Arena\Tournaments\Engine Regression Battle 20250911.pgn

No:  B/W 1/2     W:B       1:2           Time        Value Moves Dep 1:2       1-2-Draws
   7 = =    3.5:3.5        3.5:3.5       4:07:39 PM     0.00    41 5.667 :5.000  0-0-7

--------------------------------------------------------------

Engine-Match Friday, September 12, 2025 4:07:41 PM
 Tournament Game in 5 Minutes 

Pairing 24/78 :    V7P3R_v10.4  -  V7P3R_v10.3

PGN-File: C:\Program Files (x86)\Arena\Tournaments\Engine Regression Battle 20250911.pgn

No:  B/W 1/2     W:B       1:2           Time        Value Moves Dep 1:2       1-2-Draws
   7 W 1    2.0:1.0        5.0:2.0       4:14:04 PM     0.00    29 3.750 :3.160  4-1-2

--------------------------------------------------------------

Engine-Match Friday, September 12, 2025 4:14:06 PM
 Tournament Game in 5 Minutes 

Pairing 25/78 :    V7P3R_v8.0  -  V7P3R_v6.0

PGN-File: C:\Program Files (x86)\Arena\Tournaments\Engine Regression Battle 20250911.pgn

No:  B/W 1/2     W:B       1:2           Time        Value Moves Dep 1:2       1-2-Draws
   7 W 1    1.0:0.0        7.0:0.0       4:16:07 PM   +36.84    10 6.000 :3.000  7-0-0

--------------------------------------------------------------

Engine-Match Friday, September 12, 2025 4:16:09 PM
 Tournament Game in 5 Minutes 

Pairing 26/78 :    V7P3R_v5.1  -  V7P3R_v9.0

PGN-File: C:\Program Files (x86)\Arena\Tournaments\Engine Regression Battle 20250911.pgn

No:  B/W 1/2     W:B       1:2           Time        Value Moves Dep 1:2       1-2-Draws
   7 B 2    1.0:0.0        3.0:4.0       4:20:02 PM   -32.75    28 3.179 :6.000  3-4-0

--------------------------------------------------------------

Engine-Match Friday, September 12, 2025 4:20:03 PM
 Tournament Game in 5 Minutes 

Pairing 27/78 :    Random_Opponent  -  V7P3R_v10.6

PGN-File: C:\Program Files (x86)\Arena\Tournaments\Engine Regression Battle 20250911.pgn

No:  B/W 1/2     W:B       1:2           Time        Value Moves Dep 1:2       1-2-Draws
   7 B 2    1.0:0.0        0.0:7.0       4:22:53 PM     0.00    25 0:4.158  0-7-0

--------------------------------------------------------------

Engine-Match Friday, September 12, 2025 4:22:55 PM
 Tournament Game in 5 Minutes 

Pairing 28/78 :    V7P3R_v10.5  -  Stockfish 1%

PGN-File: C:\Program Files (x86)\Arena\Tournaments\Engine Regression Battle 20250911.pgn

No:  B/W 1/2     W:B       1:2           Time        Value Moves Dep 1:2       1-2-Draws
   7 = =    0.5:0.5        1.5:5.5       4:26:13 PM    +1.10    46 4.333 :11.533  1-5-1

--------------------------------------------------------------

Engine-Match Friday, September 12, 2025 4:26:14 PM
 Tournament Game in 5 Minutes 

Pairing 29/78 :    V7P3R_v10.0  -  V7P3R_v10.4

PGN-File: C:\Program Files (x86)\Arena\Tournaments\Engine Regression Battle 20250911.pgn

No:  B/W 1/2     W:B       1:2           Time        Value Moves Dep 1:2       1-2-Draws
   7 = =    2.0:2.0        5.0:2.0       4:33:28 PM     0.00    44 5.565 :4.056  3-0-4

--------------------------------------------------------------

Engine-Match Friday, September 12, 2025 4:33:30 PM
 Tournament Game in 5 Minutes 

Pairing 30/78 :    V7P3R_v10.3  -  V7P3R_v10.2

PGN-File: C:\Program Files (x86)\Arena\Tournaments\Engine Regression Battle 20250911.pgn

No:  B/W 1/2     W:B       1:2           Time        Value Moves Dep 1:2       1-2-Draws
   7 W 1    1.0:0.0        4.0:3.0       4:39:24 PM  +289.96    26 3.000 :4.778  4-3-0

--------------------------------------------------------------

Engine-Match Friday, September 12, 2025 4:39:26 PM
 Tournament Game in 5 Minutes 

Pairing 31/78 :    V7P3R_v7.0  -  V7P3R_v5.1

PGN-File: C:\Program Files (x86)\Arena\Tournaments\Engine Regression Battle 20250911.pgn

No:  B/W 1/2     W:B       1:2           Time        Value Moves Dep 1:2       1-2-Draws
   7 B 2    1.5:0.5        4.5:2.5       4:49:04 PM     0.00    70 5.647 :3.125  4-2-1

--------------------------------------------------------------

Engine-Match Friday, September 12, 2025 4:49:05 PM
 Tournament Game in 5 Minutes 

Pairing 32/78 :    V7P3R_v10.6  -  V7P3R_v8.0

PGN-File: C:\Program Files (x86)\Arena\Tournaments\Engine Regression Battle 20250911.pgn

No:  B/W 1/2     W:B       1:2           Time        Value Moves Dep 1:2       1-2-Draws
   7 = =    0.5:0.5        6.5:0.5       4:54:22 PM     0.00    34 4.174 :5.788  6-0-1

--------------------------------------------------------------

Engine-Match Friday, September 12, 2025 4:54:29 PM
 Tournament Game in 5 Minutes 

Pairing 33/78 :    V7P3R_v9.0  -  V7P3R_v10.5

PGN-File: C:\Program Files (x86)\Arena\Tournaments\Engine Regression Battle 20250911.pgn

No:  B/W 1/2     W:B       1:2           Time        Value Moves Dep 1:2       1-2-Draws
   7 B 2    1.0:0.0        0.0:7.0       4:55:48 PM  -205.00     8 6.000 :4.600  0-7-0

--------------------------------------------------------------

Engine-Match Friday, September 12, 2025 4:55:50 PM
 Tournament Game in 5 Minutes 

Pairing 34/78 :    V7P3R_v10.4  -  Random_Opponent

PGN-File: C:\Program Files (x86)\Arena\Tournaments\Engine Regression Battle 20250911.pgn

No:  B/W 1/2     W:B       1:2           Time        Value Moves Dep 1:2       1-2-Draws
   7 W 1    1.0:0.0        7.0:0.0       4:59:27 PM     0.00    31 3.875 :0 7-0-0

--------------------------------------------------------------

Engine-Match Friday, September 12, 2025 4:59:28 PM
 Tournament Game in 5 Minutes 

Pairing 35/78 :    Stockfish 1%  -  V7P3R_v10.3

PGN-File: C:\Program Files (x86)\Arena\Tournaments\Engine Regression Battle 20250911.pgn

No:  B/W 1/2     W:B       1:2           Time        Value Moves Dep 1:2       1-2-Draws
   7 W 1    1.0:0.0        7.0:0.0       5:01:55 PM      +M1    12 15.636 :3.500  7-0-0

--------------------------------------------------------------

Engine-Match Friday, September 12, 2025 5:01:56 PM
 Tournament Game in 5 Minutes 

Pairing 36/78 :    V7P3R_v10.2  -  V7P3R_v10.0

PGN-File: C:\Program Files (x86)\Arena\Tournaments\Engine Regression Battle 20250911.pgn

No:  B/W 1/2     W:B       1:2           Time        Value Moves Dep 1:2       1-2-Draws
   7 = =    3.0:3.0        3.0:4.0       5:08:35 PM    -0.80    32 5.360 :5.313  0-1-6

--------------------------------------------------------------

Engine-Match Friday, September 12, 2025 5:08:37 PM
 Tournament Game in 5 Minutes 

Pairing 37/78 :    V7P3R_v6.0  -  V7P3R_v10.6

PGN-File: C:\Program Files (x86)\Arena\Tournaments\Engine Regression Battle 20250911.pgn

No:  B/W 1/2     W:B       1:2           Time        Value Moves Dep 1:2       1-2-Draws
   7 B 2    1.0:0.0        0.0:7.0       5:11:49 PM   -35.55    14 3.000 :4.700  0-7-0

--------------------------------------------------------------

Engine-Match Friday, September 12, 2025 5:11:51 PM
 Tournament Game in 5 Minutes 

Pairing 38/78 :    V7P3R_v10.5  -  V7P3R_v7.0

PGN-File: C:\Program Files (x86)\Arena\Tournaments\Engine Regression Battle 20250911.pgn

No:  B/W 1/2     W:B       1:2           Time        Value Moves Dep 1:2       1-2-Draws
   7 W 1    1.0:0.0        7.0:0.0       5:15:59 PM   +40.00     8 5.167 :5.750  7-0-0

--------------------------------------------------------------

Engine-Match Friday, September 12, 2025 5:16:00 PM
 Tournament Game in 5 Minutes 

Pairing 39/78 :    V7P3R_v8.0  -  V7P3R_v10.4

PGN-File: C:\Program Files (x86)\Arena\Tournaments\Engine Regression Battle 20250911.pgn

No:  B/W 1/2     W:B       1:2           Time        Value Moves Dep 1:2       1-2-Draws
   7 B 2    1.0:0.0        0.0:7.0       5:20:07 PM    -M500    21 5.810 :4.176  0-7-0

--------------------------------------------------------------

Engine-Match Friday, September 12, 2025 5:20:09 PM
 Tournament Game in 5 Minutes 

Pairing 40/78 :    V7P3R_v10.3  -  V7P3R_v9.0

PGN-File: C:\Program Files (x86)\Arena\Tournaments\Engine Regression Battle 20250911.pgn

No:  B/W 1/2     W:B       1:2           Time        Value Moves Dep 1:2       1-2-Draws
   7 W 1    1.0:0.0        7.0:0.0       5:25:37 PM    +M500    33 2.939 :5.970  7-0-0

--------------------------------------------------------------

Engine-Match Friday, September 12, 2025 5:25:38 PM
 Tournament Game in 5 Minutes 

Pairing 41/78 :    Random_Opponent  -  V7P3R_v10.2

PGN-File: C:\Program Files (x86)\Arena\Tournaments\Engine Regression Battle 20250911.pgn

No:  B/W 1/2     W:B       1:2           Time        Value Moves Dep 1:2       1-2-Draws
   7 B 2    1.0:0.0        0.0:7.0       5:28:14 PM  -289.99    16 0:5.267  0-7-0

--------------------------------------------------------------

Engine-Match Friday, September 12, 2025 5:28:15 PM
 Tournament Game in 5 Minutes 

Pairing 42/78 :    V7P3R_v10.0  -  Stockfish 1%

PGN-File: C:\Program Files (x86)\Arena\Tournaments\Engine Regression Battle 20250911.pgn

No:  B/W 1/2     W:B       1:2           Time        Value Moves Dep 1:2       1-2-Draws
   7 B 2    1.0:0.0        1.0:6.0       5:32:49 PM   -20.40    69 5.500 :13.643  1-6-0

--------------------------------------------------------------

Engine-Match Friday, September 12, 2025 5:32:51 PM
 Tournament Game in 5 Minutes 

Pairing 43/78 :    V7P3R_v5.1  -  V7P3R_v10.5

PGN-File: C:\Program Files (x86)\Arena\Tournaments\Engine Regression Battle 20250911.pgn

No:  B/W 1/2     W:B       1:2           Time        Value Moves Dep 1:2       1-2-Draws
   7 B 2    1.0:0.0        0.0:7.0       5:35:19 PM   -34.19    13 3.231 :4.556  0-7-0

--------------------------------------------------------------

Engine-Match Friday, September 12, 2025 5:35:21 PM
 Tournament Game in 5 Minutes 

Pairing 44/78 :    V7P3R_v10.4  -  V7P3R_v6.0

PGN-File: C:\Program Files (x86)\Arena\Tournaments\Engine Regression Battle 20250911.pgn

No:  B/W 1/2     W:B       1:2           Time        Value Moves Dep 1:2       1-2-Draws
   7 W 1    1.0:0.0        7.0:0.0       5:38:30 PM   +36.73    13 4.455 :3.000  7-0-0

--------------------------------------------------------------

Engine-Match Friday, September 12, 2025 5:38:31 PM
 Tournament Game in 5 Minutes 

Pairing 45/78 :    V7P3R_v7.0  -  V7P3R_v10.3

PGN-File: C:\Program Files (x86)\Arena\Tournaments\Engine Regression Battle 20250911.pgn

No:  B/W 1/2     W:B       1:2           Time        Value Moves Dep 1:2       1-2-Draws
   7 B 2    2.0:1.0        1.0:6.0       5:48:10 PM   -64.00    58 5.714 :3.278  0-5-2

--------------------------------------------------------------

Engine-Match Friday, September 12, 2025 5:48:11 PM
 Tournament Game in 5 Minutes 

Pairing 46/78 :    V7P3R_v10.2  -  V7P3R_v8.0

PGN-File: C:\Program Files (x86)\Arena\Tournaments\Engine Regression Battle 20250911.pgn

No:  B/W 1/2     W:B       1:2           Time        Value Moves Dep 1:2       1-2-Draws
   7 W 1    1.0:0.0        7.0:0.0       5:51:16 PM    +M134    14 5.273 :5.643  7-0-0

--------------------------------------------------------------

Engine-Match Friday, September 12, 2025 5:51:18 PM
 Tournament Game in 5 Minutes 

Pairing 47/78 :    V7P3R_v9.0  -  V7P3R_v10.0

PGN-File: C:\Program Files (x86)\Arena\Tournaments\Engine Regression Battle 20250911.pgn

No:  B/W 1/2     W:B       1:2           Time        Value Moves Dep 1:2       1-2-Draws
   7 B 2    1.0:0.0        0.0:7.0       5:55:07 PM  -195.00    19 6.000 :5.278  0-7-0

--------------------------------------------------------------

Engine-Match Friday, September 12, 2025 5:55:08 PM
 Tournament Game in 5 Minutes 

Pairing 48/78 :    Stockfish 1%  -  Random_Opponent

PGN-File: C:\Program Files (x86)\Arena\Tournaments\Engine Regression Battle 20250911.pgn

No:  B/W 1/2     W:B       1:2           Time        Value Moves Dep 1:2       1-2-Draws
   7 W 1    1.0:0.0        7.0:0.0       5:55:30 PM      +M1    47 15.455 :0 7-0-0

--------------------------------------------------------------

Engine-Match Friday, September 12, 2025 5:55:31 PM
 Tournament Game in 5 Minutes 

Pairing 49/78 :    V7P3R_v10.6  -  V7P3R_v10.4

PGN-File: C:\Program Files (x86)\Arena\Tournaments\Engine Regression Battle 20250911.pgn

No:  B/W 1/2     W:B       1:2           Time        Value Moves Dep 1:2       1-2-Draws
   7 = =    1.0:1.0        4.0:3.0       6:02:23 PM   +28.06    71 3.941 :3.778  3-2-2

--------------------------------------------------------------

Engine-Match Friday, September 12, 2025 6:02:24 PM
 Tournament Game in 5 Minutes 

Pairing 50/78 :    V7P3R_v10.3  -  V7P3R_v5.1

PGN-File: C:\Program Files (x86)\Arena\Tournaments\Engine Regression Battle 20250911.pgn

No:  B/W 1/2     W:B       1:2           Time        Value Moves Dep 1:2       1-2-Draws
   7 W 1    1.0:0.0        7.0:0.0       6:07:42 PM   +32.59    23 3.333 :3.087  7-0-0

--------------------------------------------------------------

Engine-Match Friday, September 12, 2025 6:07:43 PM
 Tournament Game in 5 Minutes 

Pairing 51/78 :    V7P3R_v6.0  -  V7P3R_v10.2

PGN-File: C:\Program Files (x86)\Arena\Tournaments\Engine Regression Battle 20250911.pgn

No:  B/W 1/2     W:B       1:2           Time        Value Moves Dep 1:2       1-2-Draws
   7 B 2    1.0:0.0        0.0:7.0       6:10:12 PM   -24.83     9 3.000 :5.714  0-7-0

--------------------------------------------------------------

Engine-Match Friday, September 12, 2025 6:10:14 PM
 Tournament Game in 5 Minutes 

Pairing 52/78 :    V7P3R_v10.0  -  V7P3R_v7.0

PGN-File: C:\Program Files (x86)\Arena\Tournaments\Engine Regression Battle 20250911.pgn

No:  B/W 1/2     W:B       1:2           Time        Value Moves Dep 1:2       1-2-Draws
   7 W 1    2.0:1.0        6.0:1.0       6:17:59 PM   +20.00    25 4.840 :5.360  5-0-2

--------------------------------------------------------------

Engine-Match Friday, September 12, 2025 6:18:06 PM
 Tournament Game in 5 Minutes 

Pairing 53/78 :    V7P3R_v8.0  -  Stockfish 1%

PGN-File: C:\Program Files (x86)\Arena\Tournaments\Engine Regression Battle 20250911.pgn

No:  B/W 1/2     W:B       1:2           Time        Value Moves Dep 1:2       1-2-Draws
   7 B 2    1.0:0.0        0.0:7.0       6:18:51 PM  -305.00     8 6.000 :14.714  0-7-0

--------------------------------------------------------------

Engine-Match Friday, September 12, 2025 6:18:52 PM
 Tournament Game in 5 Minutes 

Pairing 54/78 :    Random_Opponent  -  V7P3R_v9.0

PGN-File: C:\Program Files (x86)\Arena\Tournaments\Engine Regression Battle 20250911.pgn

No:  B/W 1/2     W:B       1:2           Time        Value Moves Dep 1:2       1-2-Draws
   7 B 2    1.0:0.0        0.0:7.0       6:19:40 PM      -M1    14 0:6.000  0-7-0

--------------------------------------------------------------

Engine-Match Friday, September 12, 2025 6:19:42 PM
 Tournament Game in 5 Minutes 

Pairing 55/78 :    V7P3R_v10.5  -  V7P3R_v10.3

PGN-File: C:\Program Files (x86)\Arena\Tournaments\Engine Regression Battle 20250911.pgn

No:  B/W 1/2     W:B       1:2           Time        Value Moves Dep 1:2       1-2-Draws
   7 W 1    1.0:0.0        7.0:0.0       6:27:11 PM   +25.88    40 4.522 :2.897  7-0-0

--------------------------------------------------------------

Engine-Match Friday, September 12, 2025 6:27:13 PM
 Tournament Game in 5 Minutes 

Pairing 56/78 :    V7P3R_v10.2  -  V7P3R_v10.6

PGN-File: C:\Program Files (x86)\Arena\Tournaments\Engine Regression Battle 20250911.pgn

No:  B/W 1/2     W:B       1:2           Time        Value Moves Dep 1:2       1-2-Draws
   7 = =    0.5:0.5        1.5:5.5       6:34:09 PM     0.00    52 4.688 :3.824  1-5-1

--------------------------------------------------------------

Engine-Match Friday, September 12, 2025 6:34:11 PM
 Tournament Game in 5 Minutes 

Pairing 57/78 :    V7P3R_v5.1  -  V7P3R_v10.0

PGN-File: C:\Program Files (x86)\Arena\Tournaments\Engine Regression Battle 20250911.pgn

No:  B/W 1/2     W:B       1:2           Time        Value Moves Dep 1:2       1-2-Draws
   7 B 2    2.0:1.0        1.0:6.0       6:38:52 PM   -48.99    19 3.188 :5.313  0-5-2

--------------------------------------------------------------

Engine-Match Friday, September 12, 2025 6:38:54 PM
 Tournament Game in 5 Minutes 

Pairing 58/78 :    Stockfish 1%  -  V7P3R_v6.0

PGN-File: C:\Program Files (x86)\Arena\Tournaments\Engine Regression Battle 20250911.pgn

No:  B/W 1/2     W:B       1:2           Time        Value Moves Dep 1:2       1-2-Draws
   7 W 1    1.0:0.0        7.0:0.0       6:40:08 PM   +20.95     9 15.111 :3.000  7-0-0

--------------------------------------------------------------

Engine-Match Friday, September 12, 2025 6:40:09 PM
 Tournament Game in 5 Minutes 

Pairing 59/78 :    V7P3R_v7.0  -  Random_Opponent

PGN-File: C:\Program Files (x86)\Arena\Tournaments\Engine Regression Battle 20250911.pgn

No:  B/W 1/2     W:B       1:2           Time        Value Moves Dep 1:2       1-2-Draws
   7 W 1    2.0:1.0        6.0:1.0       6:43:46 PM    +M500    17 5.588 :0 5-0-2

--------------------------------------------------------------

Engine-Match Friday, September 12, 2025 6:43:47 PM
 Tournament Game in 5 Minutes 

Pairing 60/78 :    V7P3R_v9.0  -  V7P3R_v8.0

PGN-File: C:\Program Files (x86)\Arena\Tournaments\Engine Regression Battle 20250911.pgn

No:  B/W 1/2     W:B       1:2           Time        Value Moves Dep 1:2       1-2-Draws
   7 B 2    1.0:0.0        1.0:6.0       6:46:09 PM  -210.00    16 6.000 :5.467  1-6-0

--------------------------------------------------------------

Engine-Match Friday, September 12, 2025 6:46:11 PM
 Tournament Game in 5 Minutes 

Pairing 61/78 :    V7P3R_v10.4  -  V7P3R_v10.2

PGN-File: C:\Program Files (x86)\Arena\Tournaments\Engine Regression Battle 20250911.pgn

No:  B/W 1/2     W:B       1:2           Time        Value Moves Dep 1:2       1-2-Draws
   7 W 1    2.0:1.0        6.0:1.0       6:51:13 PM     0.00    23 4.182 :5.308  5-0-2

--------------------------------------------------------------

Engine-Match Friday, September 12, 2025 6:51:14 PM
 Tournament Game in 5 Minutes 

Pairing 62/78 :    V7P3R_v10.0  -  V7P3R_v10.5

PGN-File: C:\Program Files (x86)\Arena\Tournaments\Engine Regression Battle 20250911.pgn

No:  B/W 1/2     W:B       1:2           Time        Value Moves Dep 1:2       1-2-Draws
   7 = =    2.5:2.5        4.5:2.5       6:57:47 PM    +8.60    57 5.333 :4.762  2-0-5

--------------------------------------------------------------

Engine-Match Friday, September 12, 2025 6:57:49 PM
 Tournament Game in 5 Minutes 

Pairing 63/78 :    V7P3R_v10.6  -  Stockfish 1%

PGN-File: C:\Program Files (x86)\Arena\Tournaments\Engine Regression Battle 20250911.pgn

No:  B/W 1/2     W:B       1:2           Time        Value Moves Dep 1:2       1-2-Draws
   7 B 2    2.0:1.0        2.0:5.0       7:02:25 PM      -M1    68 3.558 :14.615  1-4-2

--------------------------------------------------------------

Engine-Match Friday, September 12, 2025 7:02:27 PM
 Tournament Game in 5 Minutes 

Pairing 64/78 :    Random_Opponent  -  V7P3R_v5.1

PGN-File: C:\Program Files (x86)\Arena\Tournaments\Engine Regression Battle 20250911.pgn

No:  B/W 1/2     W:B       1:2           Time        Value Moves Dep 1:2       1-2-Draws
   7 B 2    1.0:0.0        0.0:7.0       7:04:29 PM     0.00    18 0:3.333  0-7-0

--------------------------------------------------------------

Engine-Match Friday, September 12, 2025 7:04:30 PM
 Tournament Game in 5 Minutes 

Pairing 65/78 :    V7P3R_v6.0  -  V7P3R_v9.0

PGN-File: C:\Program Files (x86)\Arena\Tournaments\Engine Regression Battle 20250911.pgn

No:  B/W 1/2     W:B       1:2           Time        Value Moves Dep 1:2       1-2-Draws
   7 B 2    1.0:0.0        0.0:7.0       7:06:21 PM   -25.58    11 3.000 :6.000  0-7-0

--------------------------------------------------------------

Engine-Match Friday, September 12, 2025 7:06:22 PM
 Tournament Game in 5 Minutes 

Pairing 66/78 :    V7P3R_v8.0  -  V7P3R_v7.0

PGN-File: C:\Program Files (x86)\Arena\Tournaments\Engine Regression Battle 20250911.pgn

No:  B/W 1/2     W:B       1:2           Time        Value Moves Dep 1:2       1-2-Draws
   7 B 2    1.0:0.0        3.0:4.0       7:09:32 PM  -310.00     9 5.778 :5.750  3-4-0

--------------------------------------------------------------

Engine-Match Friday, September 12, 2025 7:09:33 PM
 Tournament Game in 5 Minutes 

Pairing 67/78 :    V7P3R_v10.3  -  V7P3R_v10.0

PGN-File: C:\Program Files (x86)\Arena\Tournaments\Engine Regression Battle 20250911.pgn

No:  B/W 1/2     W:B       1:2           Time        Value Moves Dep 1:2       1-2-Draws
   7 B 2    1.5:0.5        0.5:6.5       7:14:54 PM  -289.98    21 2.800 :4.619  0-6-1

--------------------------------------------------------------

Engine-Match Friday, September 12, 2025 7:14:56 PM
 Tournament Game in 5 Minutes 

Pairing 68/78 :    Stockfish 1%  -  V7P3R_v10.4

PGN-File: C:\Program Files (x86)\Arena\Tournaments\Engine Regression Battle 20250911.pgn

No:  B/W 1/2     W:B       1:2           Time        Value Moves Dep 1:2       1-2-Draws
   7 W 1    1.0:0.0        7.0:0.0       7:16:46 PM   +11.55    12 15.417 :4.111  7-0-0

--------------------------------------------------------------

Engine-Match Friday, September 12, 2025 7:16:47 PM
 Tournament Game in 5 Minutes 

Pairing 69/78 :    V7P3R_v10.5  -  Random_Opponent

PGN-File: C:\Program Files (x86)\Arena\Tournaments\Engine Regression Battle 20250911.pgn

No:  B/W 1/2     W:B       1:2           Time        Value Moves Dep 1:2       1-2-Draws
   7 W 1    1.0:0.0        7.0:0.0       7:19:33 PM     0.00    20 5.000 :0 7-0-0

--------------------------------------------------------------

Engine-Match Friday, September 12, 2025 7:19:35 PM
 Tournament Game in 5 Minutes 

Pairing 70/78 :    V7P3R_v9.0  -  V7P3R_v10.6

PGN-File: C:\Program Files (x86)\Arena\Tournaments\Engine Regression Battle 20250911.pgn

No:  B/W 1/2     W:B       1:2           Time        Value Moves Dep 1:2       1-2-Draws
   7 B 2    1.0:0.0        0.0:7.0       7:21:43 PM   -70.00    12 6.000 :3.778  0-7-0

--------------------------------------------------------------

Engine-Match Friday, September 12, 2025 7:21:44 PM
 Tournament Game in 5 Minutes 

Pairing 71/78 :    V7P3R_v5.1  -  V7P3R_v8.0

PGN-File: C:\Program Files (x86)\Arena\Tournaments\Engine Regression Battle 20250911.pgn

No:  B/W 1/2     W:B       1:2           Time        Value Moves Dep 1:2       1-2-Draws
   7 B 2    1.0:0.0        0.0:7.0       7:25:20 PM   -44.05    21 3.238 :5.850  0-7-0

--------------------------------------------------------------

Engine-Match Friday, September 12, 2025 7:25:21 PM
 Tournament Game in 5 Minutes 

Pairing 72/78 :    V7P3R_v7.0  -  V7P3R_v6.0

PGN-File: C:\Program Files (x86)\Arena\Tournaments\Engine Regression Battle 20250911.pgn

No:  B/W 1/2     W:B       1:2           Time        Value Moves Dep 1:2       1-2-Draws
   7 W 1    1.0:0.0        7.0:0.0       7:28:39 PM   +34.29     9 5.778 :3.000  7-0-0

--------------------------------------------------------------

Engine-Match Friday, September 12, 2025 7:28:46 PM
 Tournament Game in 5 Minutes 

Pairing 73/78 :    V7P3R_v10.2  -  Stockfish 1%

PGN-File: C:\Program Files (x86)\Arena\Tournaments\Engine Regression Battle 20250911.pgn

No:  B/W 1/2     W:B       1:2           Time        Value Moves Dep 1:2       1-2-Draws
   7 B 2    1.0:0.0        0.0:7.0       7:31:24 PM      -M1    23 4.889 :12.643  0-7-0

--------------------------------------------------------------

Engine-Match Friday, September 12, 2025 7:31:25 PM
 Tournament Game in 5 Minutes 

Pairing 74/78 :    Random_Opponent  -  V7P3R_v10.3

PGN-File: C:\Program Files (x86)\Arena\Tournaments\Engine Regression Battle 20250911.pgn

No:  B/W 1/2     W:B       1:2           Time        Value Moves Dep 1:2       1-2-Draws
   7 B 2    1.0:0.0        0.0:7.0       7:33:32 PM  -289.97    12 0:3.417  0-7-0

--------------------------------------------------------------

Engine-Match Friday, September 12, 2025 7:33:34 PM
 Tournament Game in 5 Minutes 

Pairing 75/78 :    V7P3R_v10.4  -  V7P3R_v9.0

PGN-File: C:\Program Files (x86)\Arena\Tournaments\Engine Regression Battle 20250911.pgn

No:  B/W 1/2     W:B       1:2           Time        Value Moves Dep 1:2       1-2-Draws
   7 W 1    1.0:0.0        7.0:0.0       7:36:24 PM  +295.00    12 4.091 :6.000  7-0-0

--------------------------------------------------------------

Engine-Match Friday, September 12, 2025 7:36:26 PM
 Tournament Game in 5 Minutes 

Pairing 76/78 :    V7P3R_v8.0  -  V7P3R_v10.5

PGN-File: C:\Program Files (x86)\Arena\Tournaments\Engine Regression Battle 20250911.pgn

No:  B/W 1/2     W:B       1:2           Time        Value Moves Dep 1:2       1-2-Draws
   7 B 2    1.0:0.0        0.0:7.0       7:39:34 PM  -135.00    15 5.600 :4.818  0-7-0

--------------------------------------------------------------

Engine-Match Friday, September 12, 2025 7:39:35 PM
 Tournament Game in 5 Minutes 

Pairing 77/78 :    V7P3R_v10.6  -  V7P3R_v7.0

PGN-File: C:\Program Files (x86)\Arena\Tournaments\Engine Regression Battle 20250911.pgn

No:  B/W 1/2     W:B       1:2           Time        Value Moves Dep 1:2       1-2-Draws
   7 W 1    1.0:0.0        5.0:2.0       7:42:08 PM  +110.00     5 4.667 :6.000  5-2-0

--------------------------------------------------------------

Engine-Match Friday, September 12, 2025 7:42:09 PM
 Tournament Game in 5 Minutes 

Pairing 78/78 :    V7P3R_v6.0  -  V7P3R_v5.1

PGN-File: C:\Program Files (x86)\Arena\Tournaments\Engine Regression Battle 20250911.pgn

No:  B/W 1/2     W:B       1:2           Time        Value Moves Dep 1:2       1-2-Draws
   7 B 2    1.0:0.0        0.0:7.0       7:44:19 PM   -25.94    10 3.000 :3.333  0-7-0

--------------------------------------------------------------

Engine-Match Friday, September 12, 2025 7:44:20 PM
 Tournament Game in 5 Minutes 

Pairing 1/78 :    V7P3R_v10.0  -  Random_Opponent

PGN-File: C:\Program Files (x86)\Arena\Tournaments\Engine Regression Battle 20250911.pgn

No:  B/W 1/2     W:B       1:2           Time        Value Moves Dep 1:2       1-2-Draws
   8 B 1    1.0:0.0        8.0:0.0       7:46:38 PM  -289.98    14 5.214 :0 8-0-0

--------------------------------------------------------------

Engine-Match Friday, September 12, 2025 7:46:39 PM
 Tournament Game in 5 Minutes 

Pairing 2/78 :    V7P3R_v9.0  -  V7P3R_v10.2

PGN-File: C:\Program Files (x86)\Arena\Tournaments\Engine Regression Battle 20250911.pgn

No:  B/W 1/2     W:B       1:2           Time        Value Moves Dep 1:2       1-2-Draws
   8 W 2    1.0:0.0        0.0:8.0       7:48:52 PM   +95.00     9 6.000 :4.889  0-8-0

--------------------------------------------------------------

Engine-Match Friday, September 12, 2025 7:48:54 PM
 Tournament Game in 5 Minutes 

Pairing 3/78 :    V7P3R_v10.3  -  V7P3R_v8.0

PGN-File: C:\Program Files (x86)\Arena\Tournaments\Engine Regression Battle 20250911.pgn

No:  B/W 1/2     W:B       1:2           Time        Value Moves Dep 1:2       1-2-Draws
   8 B 1    1.0:0.0        8.0:0.0       7:50:36 PM  -285.00     7 3.333 :5.571  8-0-0

--------------------------------------------------------------

Engine-Match Friday, September 12, 2025 7:50:37 PM
 Tournament Game in 5 Minutes 

Pairing 4/78 :    V7P3R_v7.0  -  V7P3R_v10.4

PGN-File: C:\Program Files (x86)\Arena\Tournaments\Engine Regression Battle 20250911.pgn

No:  B/W 1/2     W:B       1:2           Time        Value Moves Dep 1:2       1-2-Draws
   8 W 2    1.0:0.0        3.0:5.0       7:53:11 PM  +110.00     5 6.000 :4.667  3-5-0

--------------------------------------------------------------

Engine-Match Friday, September 12, 2025 7:53:12 PM
 Tournament Game in 5 Minutes 

Pairing 5/78 :    V7P3R_v10.5  -  V7P3R_v6.0

PGN-File: C:\Program Files (x86)\Arena\Tournaments\Engine Regression Battle 20250911.pgn

No:  B/W 1/2     W:B       1:2           Time        Value Moves Dep 1:2       1-2-Draws
   8 B 1    1.0:0.0        8.0:0.0       7:55:36 PM   -24.87     9 5.000 :3.000  8-0-0

--------------------------------------------------------------

Engine-Match Friday, September 12, 2025 7:55:38 PM
 Tournament Game in 5 Minutes 

Pairing 6/78 :    V7P3R_v5.1  -  V7P3R_v10.6

PGN-File: C:\Program Files (x86)\Arena\Tournaments\Engine Regression Battle 20250911.pgn

No:  B/W 1/2     W:B       1:2           Time        Value Moves Dep 1:2       1-2-Draws
   8 W 2    2.0:1.0        1.0:7.0       7:57:21 PM   +44.89     6 3.833 :4.600  0-6-2

--------------------------------------------------------------

Engine-Match Friday, September 12, 2025 7:57:23 PM
 Tournament Game in 5 Minutes 

Pairing 7/78 :    Stockfish 1%  -  V7P3R_v9.0

PGN-File: C:\Program Files (x86)\Arena\Tournaments\Engine Regression Battle 20250911.pgn

No:  B/W 1/2     W:B       1:2           Time        Value Moves Dep 1:2       1-2-Draws
   8 B 1    1.0:0.0        8.0:0.0       7:57:57 PM    -M500    10 14.667 :6.000  8-0-0

--------------------------------------------------------------

Engine-Match Friday, September 12, 2025 7:57:58 PM
 Tournament Game in 5 Minutes 

Pairing 8/78 :    V7P3R_v8.0  -  V7P3R_v10.0

PGN-File: C:\Program Files (x86)\Arena\Tournaments\Engine Regression Battle 20250911.pgn

No:  B/W 1/2     W:B       1:2           Time        Value Moves Dep 1:2       1-2-Draws
   8 W 2    1.5:0.5        0.5:7.5       8:02:09 PM  +108.00    18 5.706 :5.389  0-7-1

--------------------------------------------------------------

Engine-Match Friday, September 12, 2025 8:02:10 PM
 Tournament Game in 5 Minutes 

Pairing 9/78 :    V7P3R_v10.2  -  V7P3R_v7.0

PGN-File: C:\Program Files (x86)\Arena\Tournaments\Engine Regression Battle 20250911.pgn

No:  B/W 1/2     W:B       1:2           Time        Value Moves Dep 1:2       1-2-Draws
   8 B 1    1.0:0.0        8.0:0.0       8:07:55 PM  -105.00    17 5.222 :5.588  8-0-0

--------------------------------------------------------------

Engine-Match Friday, September 12, 2025 8:07:56 PM
 Tournament Game in 5 Minutes 

Pairing 10/78 :    V7P3R_v6.0  -  V7P3R_v10.3

PGN-File: C:\Program Files (x86)\Arena\Tournaments\Engine Regression Battle 20250911.pgn

No:  B/W 1/2     W:B       1:2           Time        Value Moves Dep 1:2       1-2-Draws
   8 W 2    1.0:0.0        0.0:8.0       8:10:17 PM  +289.98     7 3.000 :3.857  0-8-0

--------------------------------------------------------------

Engine-Match Friday, September 12, 2025 8:10:18 PM
 Tournament Game in 5 Minutes 

Pairing 11/78 :    V7P3R_v10.4  -  V7P3R_v5.1

PGN-File: C:\Program Files (x86)\Arena\Tournaments\Engine Regression Battle 20250911.pgn

No:  B/W 1/2     W:B       1:2           Time        Value Moves Dep 1:2       1-2-Draws
   8 B 1    1.0:0.0        8.0:0.0       8:15:19 PM   -46.24    24 4.111 :3.167  8-0-0

--------------------------------------------------------------

Engine-Match Friday, September 12, 2025 8:15:20 PM
 Tournament Game in 5 Minutes 

Pairing 12/78 :    V7P3R_v10.6  -  V7P3R_v10.5

PGN-File: C:\Program Files (x86)\Arena\Tournaments\Engine Regression Battle 20250911.pgn

No:  B/W 1/2     W:B       1:2           Time        Value Moves Dep 1:2       1-2-Draws
   8 B 1    1.5:0.5        5.5:2.5       8:21:44 PM  -289.98    31 3.455 :4.500  5-2-1

--------------------------------------------------------------

Engine-Match Friday, September 12, 2025 8:21:46 PM
 Tournament Game in 5 Minutes 

Pairing 13/78 :    Random_Opponent  -  V7P3R_v8.0

PGN-File: C:\Program Files (x86)\Arena\Tournaments\Engine Regression Battle 20250911.pgn

No:  B/W 1/2     W:B       1:2           Time        Value Moves Dep 1:2       1-2-Draws
   8 W 2    1.0:0.0        0.0:8.0       8:23:01 PM      +M1    12 0:5.917  0-8-0

--------------------------------------------------------------

Engine-Match Friday, September 12, 2025 8:23:02 PM
 Tournament Game in 5 Minutes 

Pairing 14/78 :    V7P3R_v7.0  -  Stockfish 1%

PGN-File: C:\Program Files (x86)\Arena\Tournaments\Engine Regression Battle 20250911.pgn

No:  B/W 1/2     W:B       1:2           Time        Value Moves Dep 1:2       1-2-Draws
   8 W 2    1.0:0.0        0.0:8.0       8:26:52 PM  +235.00    15 5.733 :13.357  0-8-0

--------------------------------------------------------------

Engine-Match Friday, September 12, 2025 8:26:59 PM
 Tournament Game in 5 Minutes 

Pairing 15/78 :    V7P3R_v10.0  -  V7P3R_v6.0

PGN-File: C:\Program Files (x86)\Arena\Tournaments\Engine Regression Battle 20250911.pgn

No:  B/W 1/2     W:B       1:2           Time        Value Moves Dep 1:2       1-2-Draws
   8 B 1    1.0:0.0        8.0:0.0       8:29:41 PM   -24.83     9 5.875 :3.000  8-0-0

--------------------------------------------------------------

Engine-Match Friday, September 12, 2025 8:29:42 PM
 Tournament Game in 5 Minutes 

Pairing 16/78 :    V7P3R_v5.1  -  V7P3R_v10.2

PGN-File: C:\Program Files (x86)\Arena\Tournaments\Engine Regression Battle 20250911.pgn

No:  B/W 1/2     W:B       1:2           Time        Value Moves Dep 1:2       1-2-Draws
   8 W 2    1.0:0.0        0.0:8.0       8:31:16 PM   +45.54     6 4.000 :5.500  0-8-0

--------------------------------------------------------------

Engine-Match Friday, September 12, 2025 8:31:17 PM
 Tournament Game in 5 Minutes 

Pairing 17/78 :    V7P3R_v10.3  -  V7P3R_v10.6

PGN-File: C:\Program Files (x86)\Arena\Tournaments\Engine Regression Battle 20250911.pgn

No:  B/W 1/2     W:B       1:2           Time        Value Moves Dep 1:2       1-2-Draws
   8 W 2    2.0:1.0        2.0:6.0       8:37:39 PM     0.00    29 3.160 :3.750  1-5-2

--------------------------------------------------------------

Engine-Match Friday, September 12, 2025 8:37:40 PM
 Tournament Game in 5 Minutes 

Pairing 18/78 :    V7P3R_v10.5  -  V7P3R_v10.4

PGN-File: C:\Program Files (x86)\Arena\Tournaments\Engine Regression Battle 20250911.pgn

No:  B/W 1/2     W:B       1:2           Time        Value Moves Dep 1:2       1-2-Draws
   8 B 1    2.0:1.0        2.0:6.0       8:43:04 PM  -289.98    23 4.833 :3.842  1-5-2

--------------------------------------------------------------

Engine-Match Friday, September 12, 2025 8:43:05 PM
 Tournament Game in 5 Minutes 

Pairing 19/78 :    V7P3R_v9.0  -  V7P3R_v7.0

PGN-File: C:\Program Files (x86)\Arena\Tournaments\Engine Regression Battle 20250911.pgn

No:  B/W 1/2     W:B       1:2           Time        Value Moves Dep 1:2       1-2-Draws
   8 B 1    1.0:0.0        7.0:1.0       8:45:15 PM   -55.00     5 6.000 :6.000  7-1-0

--------------------------------------------------------------

Engine-Match Friday, September 12, 2025 8:45:17 PM
 Tournament Game in 5 Minutes 

Pairing 20/78 :    V7P3R_v6.0  -  Random_Opponent

PGN-File: C:\Program Files (x86)\Arena\Tournaments\Engine Regression Battle 20250911.pgn

No:  B/W 1/2     W:B       1:2           Time        Value Moves Dep 1:2       1-2-Draws
   8 B 1    1.0:0.0        7.0:1.0       8:48:24 PM     0.00    27 3.000 :0 7-1-0

--------------------------------------------------------------

Engine-Match Friday, September 12, 2025 8:48:26 PM
 Tournament Game in 5 Minutes 

Pairing 21/78 :    Stockfish 1%  -  V7P3R_v5.1

PGN-File: C:\Program Files (x86)\Arena\Tournaments\Engine Regression Battle 20250911.pgn

No:  B/W 1/2     W:B       1:2           Time        Value Moves Dep 1:2       1-2-Draws
   8 B 1    1.0:0.0        8.0:0.0       8:50:12 PM   -17.14    14 13.385 :3.214  8-0-0

--------------------------------------------------------------

Engine-Match Friday, September 12, 2025 8:50:13 PM
 Tournament Game in 5 Minutes 

Pairing 22/78 :    V7P3R_v10.6  -  V7P3R_v10.0

PGN-File: C:\Program Files (x86)\Arena\Tournaments\Engine Regression Battle 20250911.pgn

No:  B/W 1/2     W:B       1:2           Time        Value Moves Dep 1:2       1-2-Draws
   8 = =    2.5:2.5        2.5:5.5       8:57:38 PM     0.00    44 4.056 :5.565  0-3-5

--------------------------------------------------------------

Engine-Match Friday, September 12, 2025 8:57:40 PM
 Tournament Game in 5 Minutes 

Pairing 23/78 :    V7P3R_v10.2  -  V7P3R_v10.5

PGN-File: C:\Program Files (x86)\Arena\Tournaments\Engine Regression Battle 20250911.pgn

No:  B/W 1/2     W:B       1:2           Time        Value Moves Dep 1:2       1-2-Draws
   8 = =    4.0:4.0        4.0:4.0       9:02:33 PM   +12.70    60 5.571 :5.000  0-0-8

--------------------------------------------------------------

Engine-Match Friday, September 12, 2025 9:02:35 PM
 Tournament Game in 5 Minutes 

Pairing 24/78 :    V7P3R_v10.4  -  V7P3R_v10.3

PGN-File: C:\Program Files (x86)\Arena\Tournaments\Engine Regression Battle 20250911.pgn

No:  B/W 1/2     W:B       1:2           Time        Value Moves Dep 1:2       1-2-Draws
   8 = =    1.5:1.5        5.5:2.5       9:11:19 PM    +6.57    67 3.440 :2.852  4-1-3

--------------------------------------------------------------

Engine-Match Friday, September 12, 2025 9:11:21 PM
 Tournament Game in 5 Minutes 

Pairing 25/78 :    V7P3R_v8.0  -  V7P3R_v6.0

PGN-File: C:\Program Files (x86)\Arena\Tournaments\Engine Regression Battle 20250911.pgn

No:  B/W 1/2     W:B       1:2           Time        Value Moves Dep 1:2       1-2-Draws
   8 B 1    1.0:0.0        8.0:0.0       9:13:28 PM   -27.71    10 6.000 :3.000  8-0-0

--------------------------------------------------------------

Engine-Match Friday, September 12, 2025 9:13:30 PM
 Tournament Game in 5 Minutes 

Pairing 26/78 :    V7P3R_v5.1  -  V7P3R_v9.0

PGN-File: C:\Program Files (x86)\Arena\Tournaments\Engine Regression Battle 20250911.pgn

No:  B/W 1/2     W:B       1:2           Time        Value Moves Dep 1:2       1-2-Draws
   8 B 1    1.0:0.0        4.0:4.0       9:15:19 PM  -221.00    11 3.300 :6.000  4-4-0

--------------------------------------------------------------

Engine-Match Friday, September 12, 2025 9:15:20 PM
 Tournament Game in 5 Minutes 

Pairing 27/78 :    Random_Opponent  -  V7P3R_v10.6

PGN-File: C:\Program Files (x86)\Arena\Tournaments\Engine Regression Battle 20250911.pgn

No:  B/W 1/2     W:B       1:2           Time        Value Moves Dep 1:2       1-2-Draws
   8 W 2    1.0:0.0        0.0:8.0       9:17:20 PM  +289.97    10 0:4.200  0-8-0

--------------------------------------------------------------

Engine-Match Friday, September 12, 2025 9:17:21 PM
 Tournament Game in 5 Minutes 

Pairing 28/78 :    V7P3R_v10.5  -  Stockfish 1%

PGN-File: C:\Program Files (x86)\Arena\Tournaments\Engine Regression Battle 20250911.pgn

No:  B/W 1/2     W:B       1:2           Time        Value Moves Dep 1:2       1-2-Draws
   8 W 2    1.5:0.5        1.5:6.5       9:20:05 PM      +M1    29 4.450 :13.357  1-6-1

--------------------------------------------------------------

Engine-Match Friday, September 12, 2025 9:20:06 PM
 Tournament Game in 5 Minutes 

Pairing 29/78 :    V7P3R_v10.0  -  V7P3R_v10.4

PGN-File: C:\Program Files (x86)\Arena\Tournaments\Engine Regression Battle 20250911.pgn

No:  B/W 1/2     W:B       1:2           Time        Value Moves Dep 1:2       1-2-Draws
   8 = =    2.5:2.5        5.5:2.5       9:27:33 PM    -0.21    44 5.235 :3.923  3-0-5

--------------------------------------------------------------

Engine-Match Friday, September 12, 2025 9:27:34 PM
 Tournament Game in 5 Minutes 

Pairing 30/78 :    V7P3R_v10.3  -  V7P3R_v10.2

PGN-File: C:\Program Files (x86)\Arena\Tournaments\Engine Regression Battle 20250911.pgn

No:  B/W 1/2     W:B       1:2           Time        Value Moves Dep 1:2       1-2-Draws
   8 W 2    1.0:0.0        4.0:4.0       9:31:59 PM   +21.43    15 3.143 :4.692  4-4-0

--------------------------------------------------------------

Engine-Match Friday, September 12, 2025 9:32:00 PM
 Tournament Game in 5 Minutes 

Pairing 31/78 :    V7P3R_v7.0  -  V7P3R_v5.1

PGN-File: C:\Program Files (x86)\Arena\Tournaments\Engine Regression Battle 20250911.pgn

No:  B/W 1/2     W:B       1:2           Time        Value Moves Dep 1:2       1-2-Draws
   8 B 1    1.5:0.5        5.5:2.5       9:34:26 PM   -29.84    10 5.889 :4.000  5-2-1

--------------------------------------------------------------

Engine-Match Friday, September 12, 2025 9:34:27 PM
 Tournament Game in 5 Minutes 

Pairing 32/78 :    V7P3R_v10.6  -  V7P3R_v8.0

PGN-File: C:\Program Files (x86)\Arena\Tournaments\Engine Regression Battle 20250911.pgn

No:  B/W 1/2     W:B       1:2           Time        Value Moves Dep 1:2       1-2-Draws
   8 B 1    1.5:0.5        7.5:0.5       9:37:03 PM    -M500    12 4.222 :5.583  7-0-1

--------------------------------------------------------------

Engine-Match Friday, September 12, 2025 9:37:05 PM
 Tournament Game in 5 Minutes 

Pairing 33/78 :    V7P3R_v9.0  -  V7P3R_v10.5

PGN-File: C:\Program Files (x86)\Arena\Tournaments\Engine Regression Battle 20250911.pgn

No:  B/W 1/2     W:B       1:2           Time        Value Moves Dep 1:2       1-2-Draws
   8 W 2    1.0:0.0        0.0:8.0       9:39:16 PM  +310.00     9 6.000 :4.750  0-8-0

--------------------------------------------------------------

Engine-Match Friday, September 12, 2025 9:39:17 PM
 Tournament Game in 5 Minutes 

Pairing 34/78 :    V7P3R_v10.4  -  Random_Opponent

PGN-File: C:\Program Files (x86)\Arena\Tournaments\Engine Regression Battle 20250911.pgn

No:  B/W 1/2     W:B       1:2           Time        Value Moves Dep 1:2       1-2-Draws
   8 B 1    1.0:0.0        8.0:0.0       9:40:48 PM     0.00     7 4.667 :0 8-0-0

--------------------------------------------------------------

Engine-Match Friday, September 12, 2025 9:40:55 PM
 Tournament Game in 5 Minutes 

Pairing 35/78 :    Stockfish 1%  -  V7P3R_v10.3

PGN-File: C:\Program Files (x86)\Arena\Tournaments\Engine Regression Battle 20250911.pgn

No:  B/W 1/2     W:B       1:2           Time        Value Moves Dep 1:2       1-2-Draws
   8 B 1    1.0:0.0        8.0:0.0       9:44:25 PM      -M1    27 12.786 :3.348  8-0-0

--------------------------------------------------------------

Engine-Match Friday, September 12, 2025 9:44:26 PM
 Tournament Game in 5 Minutes 

Pairing 36/78 :    V7P3R_v10.2  -  V7P3R_v10.0

PGN-File: C:\Program Files (x86)\Arena\Tournaments\Engine Regression Battle 20250911.pgn

No:  B/W 1/2     W:B       1:2           Time        Value Moves Dep 1:2       1-2-Draws
   8 = =    3.5:3.5        3.5:4.5       9:51:13 PM   +26.10    52 5.615 :5.346  0-1-7

--------------------------------------------------------------

Engine-Match Friday, September 12, 2025 9:51:15 PM
 Tournament Game in 5 Minutes 

Pairing 37/78 :    V7P3R_v6.0  -  V7P3R_v10.6

PGN-File: C:\Program Files (x86)\Arena\Tournaments\Engine Regression Battle 20250911.pgn

No:  B/W 1/2     W:B       1:2           Time        Value Moves Dep 1:2       1-2-Draws
   8 W 2    1.0:0.0        0.0:8.0       9:54:25 PM   +36.73    13 3.000 :4.455  0-8-0

--------------------------------------------------------------

Engine-Match Friday, September 12, 2025 9:54:26 PM
 Tournament Game in 5 Minutes 

Pairing 38/78 :    V7P3R_v10.5  -  V7P3R_v7.0

PGN-File: C:\Program Files (x86)\Arena\Tournaments\Engine Regression Battle 20250911.pgn

No:  B/W 1/2     W:B       1:2           Time        Value Moves Dep 1:2       1-2-Draws
   8 B 1    1.0:0.0        8.0:0.0       9:57:29 PM  -120.00     8 5.167 :6.000  8-0-0

--------------------------------------------------------------

Engine-Match Friday, September 12, 2025 9:57:30 PM
 Tournament Game in 5 Minutes 

Pairing 39/78 :    V7P3R_v8.0  -  V7P3R_v10.4

PGN-File: C:\Program Files (x86)\Arena\Tournaments\Engine Regression Battle 20250911.pgn

No:  B/W 1/2     W:B       1:2           Time        Value Moves Dep 1:2       1-2-Draws
   8 W 2    1.0:0.0        0.0:8.0       10:02:07 PM    +M500    19 5.632 :3.625  0-8-0

--------------------------------------------------------------

Engine-Match Friday, September 12, 2025 10:02:09 PM
 Tournament Game in 5 Minutes 

Pairing 40/78 :    V7P3R_v10.3  -  V7P3R_v9.0

PGN-File: C:\Program Files (x86)\Arena\Tournaments\Engine Regression Battle 20250911.pgn

No:  B/W 1/2     W:B       1:2           Time        Value Moves Dep 1:2       1-2-Draws
   8 B 1    1.0:0.0        8.0:0.0       10:04:05 PM  -230.00     9 3.286 :6.000  8-0-0

--------------------------------------------------------------

Engine-Match Friday, September 12, 2025 10:04:07 PM
 Tournament Game in 5 Minutes 

Pairing 41/78 :    Random_Opponent  -  V7P3R_v10.2

PGN-File: C:\Program Files (x86)\Arena\Tournaments\Engine Regression Battle 20250911.pgn

No:  B/W 1/2     W:B       1:2           Time        Value Moves Dep 1:2       1-2-Draws
   8 W 2    1.0:0.0        0.0:8.0       10:06:57 PM  +289.99    18 0:5.188  0-8-0

--------------------------------------------------------------

Engine-Match Friday, September 12, 2025 10:06:58 PM
 Tournament Game in 5 Minutes 

Pairing 42/78 :    V7P3R_v10.0  -  Stockfish 1%

PGN-File: C:\Program Files (x86)\Arena\Tournaments\Engine Regression Battle 20250911.pgn

No:  B/W 1/2     W:B       1:2           Time        Value Moves Dep 1:2       1-2-Draws
   8 = =    0.5:0.5        1.5:6.5       10:11:49 PM     0.00    65 4.880 :12.769  1-6-1

--------------------------------------------------------------

Engine-Match Friday, September 12, 2025 10:11:51 PM
 Tournament Game in 5 Minutes 

Pairing 43/78 :    V7P3R_v5.1  -  V7P3R_v10.5

PGN-File: C:\Program Files (x86)\Arena\Tournaments\Engine Regression Battle 20250911.pgn

No:  B/W 1/2     W:B       1:2           Time        Value Moves Dep 1:2       1-2-Draws
   8 W 2    1.0:0.0        0.0:8.0       10:13:30 PM   +17.00     6 3.667 :5.333  0-8-0

--------------------------------------------------------------

Engine-Match Friday, September 12, 2025 10:13:31 PM
 Tournament Game in 5 Minutes 

Pairing 44/78 :    V7P3R_v10.4  -  V7P3R_v6.0

PGN-File: C:\Program Files (x86)\Arena\Tournaments\Engine Regression Battle 20250911.pgn

No:  B/W 1/2     W:B       1:2           Time        Value Moves Dep 1:2       1-2-Draws
   8 B 1    1.0:0.0        8.0:0.0       10:16:44 PM   -35.55    14 4.700 :3.000  8-0-0

--------------------------------------------------------------

Engine-Match Friday, September 12, 2025 10:16:45 PM
 Tournament Game in 5 Minutes 

Pairing 45/78 :    V7P3R_v7.0  -  V7P3R_v10.3

PGN-File: C:\Program Files (x86)\Arena\Tournaments\Engine Regression Battle 20250911.pgn

No:  B/W 1/2     W:B       1:2           Time        Value Moves Dep 1:2       1-2-Draws
   8 W 2    2.0:1.0        1.0:7.0       10:19:54 PM  +110.00     9 5.667 :3.375  0-6-2

--------------------------------------------------------------

Engine-Match Friday, September 12, 2025 10:19:55 PM
 Tournament Game in 5 Minutes 

Pairing 46/78 :    V7P3R_v10.2  -  V7P3R_v8.0

PGN-File: C:\Program Files (x86)\Arena\Tournaments\Engine Regression Battle 20250911.pgn

No:  B/W 1/2     W:B       1:2           Time        Value Moves Dep 1:2       1-2-Draws
   8 B 1    1.0:0.0        8.0:0.0       10:22:30 PM    -9.00    13 5.000 :5.923  8-0-0

--------------------------------------------------------------

Engine-Match Friday, September 12, 2025 10:22:32 PM
 Tournament Game in 5 Minutes 

Pairing 47/78 :    V7P3R_v9.0  -  V7P3R_v10.0

PGN-File: C:\Program Files (x86)\Arena\Tournaments\Engine Regression Battle 20250911.pgn

No:  B/W 1/2     W:B       1:2           Time        Value Moves Dep 1:2       1-2-Draws
   8 W 2    1.0:0.0        0.0:8.0       10:25:09 PM  +215.00    10 6.000 :5.800  0-8-0

--------------------------------------------------------------

Engine-Match Friday, September 12, 2025 10:25:10 PM
 Tournament Game in 5 Minutes 

Pairing 48/78 :    Stockfish 1%  -  Random_Opponent

PGN-File: C:\Program Files (x86)\Arena\Tournaments\Engine Regression Battle 20250911.pgn

No:  B/W 1/2     W:B       1:2           Time        Value Moves Dep 1:2       1-2-Draws
   8 B 1    1.0:0.0        8.0:0.0       10:25:19 PM      -M1    10 18.556 :0 8-0-0

--------------------------------------------------------------

Engine-Match Friday, September 12, 2025 10:25:20 PM
 Tournament Game in 5 Minutes 

Pairing 49/78 :    V7P3R_v10.6  -  V7P3R_v10.4

PGN-File: C:\Program Files (x86)\Arena\Tournaments\Engine Regression Battle 20250911.pgn

No:  B/W 1/2     W:B       1:2           Time        Value Moves Dep 1:2       1-2-Draws
   8 W 2    2.0:1.0        4.0:4.0       10:32:16 PM  +289.96    74 3.778 :3.941  3-3-2

--------------------------------------------------------------

Engine-Match Friday, September 12, 2025 10:32:17 PM
 Tournament Game in 5 Minutes 

Pairing 50/78 :    V7P3R_v10.3  -  V7P3R_v5.1

PGN-File: C:\Program Files (x86)\Arena\Tournaments\Engine Regression Battle 20250911.pgn

No:  B/W 1/2     W:B       1:2           Time        Value Moves Dep 1:2       1-2-Draws
   8 B 1    1.0:0.0        8.0:0.0       10:37:40 PM   -22.45    21 3.450 :3.143  8-0-0

--------------------------------------------------------------

Engine-Match Friday, September 12, 2025 10:37:41 PM
 Tournament Game in 5 Minutes 

Pairing 51/78 :    V7P3R_v6.0  -  V7P3R_v10.2

PGN-File: C:\Program Files (x86)\Arena\Tournaments\Engine Regression Battle 20250911.pgn

No:  B/W 1/2     W:B       1:2           Time        Value Moves Dep 1:2       1-2-Draws
   8 W 2    1.0:0.0        0.0:8.0       10:40:40 PM   +39.83    11 3.000 :5.625  0-8-0

--------------------------------------------------------------

Engine-Match Friday, September 12, 2025 10:40:42 PM
 Tournament Game in 5 Minutes 

Pairing 52/78 :    V7P3R_v10.0  -  V7P3R_v7.0

PGN-File: C:\Program Files (x86)\Arena\Tournaments\Engine Regression Battle 20250911.pgn

No:  B/W 1/2     W:B       1:2           Time        Value Moves Dep 1:2       1-2-Draws
   8 B 1    2.0:1.0        7.0:1.0       10:47:42 PM    -M500    26 5.000 :5.480  6-0-2

--------------------------------------------------------------

Engine-Match Friday, September 12, 2025 10:47:44 PM
 Tournament Game in 5 Minutes 

Pairing 53/78 :    V7P3R_v8.0  -  Stockfish 1%

PGN-File: C:\Program Files (x86)\Arena\Tournaments\Engine Regression Battle 20250911.pgn

No:  B/W 1/2     W:B       1:2           Time        Value Moves Dep 1:2       1-2-Draws
   8 W 2    1.0:0.0        0.0:8.0       10:49:24 PM    +M500    20 5.750 :12.400  0-8-0

--------------------------------------------------------------

Engine-Match Friday, September 12, 2025 10:49:26 PM
 Tournament Game in 5 Minutes 

Pairing 54/78 :    Random_Opponent  -  V7P3R_v9.0

PGN-File: C:\Program Files (x86)\Arena\Tournaments\Engine Regression Battle 20250911.pgn

No:  B/W 1/2     W:B       1:2           Time        Value Moves Dep 1:2       1-2-Draws
   8 W 2    1.0:0.0        0.0:8.0       10:50:12 PM      +M1    20 0:6.000  0-8-0

--------------------------------------------------------------

Engine-Match Friday, September 12, 2025 10:50:19 PM
 Tournament Game in 5 Minutes 

Pairing 55/78 :    V7P3R_v10.5  -  V7P3R_v10.3

PGN-File: C:\Program Files (x86)\Arena\Tournaments\Engine Regression Battle 20250911.pgn

No:  B/W 1/2     W:B       1:2           Time        Value Moves Dep 1:2       1-2-Draws
   8 B 1    1.0:0.0        8.0:0.0       10:56:57 PM  -289.98    32 4.476 :3.033  8-0-0

--------------------------------------------------------------

Engine-Match Friday, September 12, 2025 10:56:59 PM
 Tournament Game in 5 Minutes 

Pairing 56/78 :    V7P3R_v10.2  -  V7P3R_v10.6

PGN-File: C:\Program Files (x86)\Arena\Tournaments\Engine Regression Battle 20250911.pgn

No:  B/W 1/2     W:B       1:2           Time        Value Moves Dep 1:2       1-2-Draws
   8 W 2    1.5:0.5        1.5:6.5       11:02:01 PM     0.00    23 5.308 :4.182  1-6-1

--------------------------------------------------------------

Engine-Match Friday, September 12, 2025 11:02:02 PM
 Tournament Game in 5 Minutes 

Pairing 57/78 :    V7P3R_v5.1  -  V7P3R_v10.0

PGN-File: C:\Program Files (x86)\Arena\Tournaments\Engine Regression Battle 20250911.pgn

No:  B/W 1/2     W:B       1:2           Time        Value Moves Dep 1:2       1-2-Draws
   8 W 2    2.0:1.0        1.0:7.0       11:06:08 PM  +289.99    18 3.235 :5.611  0-6-2

--------------------------------------------------------------

Engine-Match Friday, September 12, 2025 11:06:09 PM
 Tournament Game in 5 Minutes 

Pairing 58/78 :    Stockfish 1%  -  V7P3R_v6.0

PGN-File: C:\Program Files (x86)\Arena\Tournaments\Engine Regression Battle 20250911.pgn

No:  B/W 1/2     W:B       1:2           Time        Value Moves Dep 1:2       1-2-Draws
   8 B 1    1.0:0.0        8.0:0.0       11:07:23 PM   -24.29     9 14.875 :3.000  8-0-0

--------------------------------------------------------------

Engine-Match Friday, September 12, 2025 11:07:25 PM
 Tournament Game in 5 Minutes 

Pairing 59/78 :    V7P3R_v7.0  -  Random_Opponent

PGN-File: C:\Program Files (x86)\Arena\Tournaments\Engine Regression Battle 20250911.pgn

No:  B/W 1/2     W:B       1:2           Time        Value Moves Dep 1:2       1-2-Draws
   8 = =    1.5:1.5        6.5:1.5       11:12:39 PM     0.00    44 5.462 :0 5-0-3

--------------------------------------------------------------

Engine-Match Friday, September 12, 2025 11:12:41 PM
 Tournament Game in 5 Minutes 

Pairing 60/78 :    V7P3R_v9.0  -  V7P3R_v8.0

PGN-File: C:\Program Files (x86)\Arena\Tournaments\Engine Regression Battle 20250911.pgn

No:  B/W 1/2     W:B       1:2           Time        Value Moves Dep 1:2       1-2-Draws
   8 W 2    1.0:0.0        1.0:7.0       11:13:53 PM  +115.00    10 6.000 :5.500  1-7-0

--------------------------------------------------------------

Engine-Match Friday, September 12, 2025 11:13:54 PM
 Tournament Game in 5 Minutes 

Pairing 61/78 :    V7P3R_v10.4  -  V7P3R_v10.2

PGN-File: C:\Program Files (x86)\Arena\Tournaments\Engine Regression Battle 20250911.pgn

No:  B/W 1/2     W:B       1:2           Time        Value Moves Dep 1:2       1-2-Draws
   8 = =    1.5:1.5        6.5:1.5       11:21:58 PM    +2.85    96 3.824 :4.688  5-0-3

--------------------------------------------------------------

Engine-Match Friday, September 12, 2025 11:21:59 PM
 Tournament Game in 5 Minutes 

Pairing 62/78 :    V7P3R_v10.0  -  V7P3R_v10.5

PGN-File: C:\Program Files (x86)\Arena\Tournaments\Engine Regression Battle 20250911.pgn

No:  B/W 1/2     W:B       1:2           Time        Value Moves Dep 1:2       1-2-Draws
   8 B 1    3.5:2.5        5.5:2.5       11:30:41 PM  -289.95    83 5.273 :4.833  3-0-5

--------------------------------------------------------------

Engine-Match Friday, September 12, 2025 11:30:42 PM
 Tournament Game in 5 Minutes 

Pairing 63/78 :    V7P3R_v10.6  -  Stockfish 1%

PGN-File: C:\Program Files (x86)\Arena\Tournaments\Engine Regression Battle 20250911.pgn

No:  B/W 1/2     W:B       1:2           Time        Value Moves Dep 1:2       1-2-Draws
   8 W 2    2.0:1.0        2.0:6.0       11:32:37 PM   +11.49    12 4.000 :15.636  1-5-2

--------------------------------------------------------------

Engine-Match Friday, September 12, 2025 11:32:39 PM
 Tournament Game in 5 Minutes 

Pairing 64/78 :    Random_Opponent  -  V7P3R_v5.1

PGN-File: C:\Program Files (x86)\Arena\Tournaments\Engine Regression Battle 20250911.pgn

No:  B/W 1/2     W:B       1:2           Time        Value Moves Dep 1:2       1-2-Draws
   8 W 2    1.0:0.0        0.0:8.0       11:35:06 PM     0.00    20 0:3.350  0-8-0

--------------------------------------------------------------

Engine-Match Friday, September 12, 2025 11:35:07 PM
 Tournament Game in 5 Minutes 

Pairing 65/78 :    V7P3R_v6.0  -  V7P3R_v9.0

PGN-File: C:\Program Files (x86)\Arena\Tournaments\Engine Regression Battle 20250911.pgn

No:  B/W 1/2     W:B       1:2           Time        Value Moves Dep 1:2       1-2-Draws
   8 W 2    1.0:0.0        0.0:8.0       11:36:14 PM   +19.73     6 3.000 :6.000  0-8-0

--------------------------------------------------------------

Engine-Match Friday, September 12, 2025 11:36:15 PM
 Tournament Game in 5 Minutes 

Pairing 66/78 :    V7P3R_v8.0  -  V7P3R_v7.0

PGN-File: C:\Program Files (x86)\Arena\Tournaments\Engine Regression Battle 20250911.pgn

No:  B/W 1/2     W:B       1:2           Time        Value Moves Dep 1:2       1-2-Draws
   8 B 1    1.0:0.0        4.0:4.0       11:38:27 PM   -10.00     5 5.500 :6.000  4-4-0

--------------------------------------------------------------

Engine-Match Friday, September 12, 2025 11:38:28 PM
 Tournament Game in 5 Minutes 

Pairing 67/78 :    V7P3R_v10.3  -  V7P3R_v10.0

PGN-File: C:\Program Files (x86)\Arena\Tournaments\Engine Regression Battle 20250911.pgn

No:  B/W 1/2     W:B       1:2           Time        Value Moves Dep 1:2       1-2-Draws
   8 W 2    1.5:0.5        0.5:7.5       11:44:28 PM   +20.11    17 3.125 :4.824  0-7-1

--------------------------------------------------------------

Engine-Match Friday, September 12, 2025 11:44:29 PM
 Tournament Game in 5 Minutes 

Pairing 68/78 :    Stockfish 1%  -  V7P3R_v10.4

PGN-File: C:\Program Files (x86)\Arena\Tournaments\Engine Regression Battle 20250911.pgn

No:  B/W 1/2     W:B       1:2           Time        Value Moves Dep 1:2       1-2-Draws
   8 B 1    1.0:0.0        8.0:0.0       11:47:08 PM    -9.26    19 14.692 :4.000  8-0-0

--------------------------------------------------------------

Engine-Match Friday, September 12, 2025 11:47:09 PM
 Tournament Game in 5 Minutes 

Pairing 69/78 :    V7P3R_v10.5  -  Random_Opponent

PGN-File: C:\Program Files (x86)\Arena\Tournaments\Engine Regression Battle 20250911.pgn

No:  B/W 1/2     W:B       1:2           Time        Value Moves Dep 1:2       1-2-Draws
   8 B 1    1.0:0.0        8.0:0.0       11:49:30 PM  -289.98    16 4.923 :0 8-0-0

--------------------------------------------------------------

Engine-Match Friday, September 12, 2025 11:49:31 PM
 Tournament Game in 5 Minutes 

Pairing 70/78 :    V7P3R_v9.0  -  V7P3R_v10.6

PGN-File: C:\Program Files (x86)\Arena\Tournaments\Engine Regression Battle 20250911.pgn

No:  B/W 1/2     W:B       1:2           Time        Value Moves Dep 1:2       1-2-Draws
   8 W 2    1.0:0.0        0.0:8.0       11:52:23 PM  +295.00    12 6.000 :4.091  0-8-0

--------------------------------------------------------------

Engine-Match Friday, September 12, 2025 11:52:25 PM
 Tournament Game in 5 Minutes 

Pairing 71/78 :    V7P3R_v5.1  -  V7P3R_v8.0

PGN-File: C:\Program Files (x86)\Arena\Tournaments\Engine Regression Battle 20250911.pgn

No:  B/W 1/2     W:B       1:2           Time        Value Moves Dep 1:2       1-2-Draws
   8 W 2    1.0:0.0        0.0:8.0       11:54:26 PM      +M1    11 4.000 :6.000  0-8-0

--------------------------------------------------------------

Engine-Match Friday, September 12, 2025 11:54:27 PM
 Tournament Game in 5 Minutes 

Pairing 72/78 :    V7P3R_v7.0  -  V7P3R_v6.0

PGN-File: C:\Program Files (x86)\Arena\Tournaments\Engine Regression Battle 20250911.pgn

No:  B/W 1/2     W:B       1:2           Time        Value Moves Dep 1:2       1-2-Draws
   8 B 1    1.0:0.0        8.0:0.0       11:58:07 PM   -20.97    11 5.900 :3.000  8-0-0

--------------------------------------------------------------

Engine-Match Friday, September 12, 2025 11:58:08 PM
 Tournament Game in 5 Minutes 

Pairing 73/78 :    V7P3R_v10.2  -  Stockfish 1%

PGN-File: C:\Program Files (x86)\Arena\Tournaments\Engine Regression Battle 20250911.pgn

No:  B/W 1/2     W:B       1:2           Time        Value Moves Dep 1:2       1-2-Draws
   8 W 2    1.0:0.0        0.0:8.0       12:02:28 AM   +10.00   100 4.875 :11.438  0-8-0

--------------------------------------------------------------

Engine-Match Saturday, September 13, 2025 12:02:29 AM
 Tournament Game in 5 Minutes 

Pairing 74/78 :    Random_Opponent  -  V7P3R_v10.3

PGN-File: C:\Program Files (x86)\Arena\Tournaments\Engine Regression Battle 20250911.pgn

No:  B/W 1/2     W:B       1:2           Time        Value Moves Dep 1:2       1-2-Draws
   8 W 2    1.0:0.0        0.0:8.0       12:06:19 AM  +289.97    35 0:3.417  0-8-0

--------------------------------------------------------------

Engine-Match Saturday, September 13, 2025 12:06:26 AM
 Tournament Game in 5 Minutes 

Pairing 75/78 :    V7P3R_v10.4  -  V7P3R_v9.0

PGN-File: C:\Program Files (x86)\Arena\Tournaments\Engine Regression Battle 20250911.pgn

No:  B/W 1/2     W:B       1:2           Time        Value Moves Dep 1:2       1-2-Draws
   8 B 1    1.0:0.0        8.0:0.0       12:08:33 AM   -70.00    12 3.778 :6.000  8-0-0

--------------------------------------------------------------

Engine-Match Saturday, September 13, 2025 12:08:34 AM
 Tournament Game in 5 Minutes 

Pairing 76/78 :    V7P3R_v8.0  -  V7P3R_v10.5

PGN-File: C:\Program Files (x86)\Arena\Tournaments\Engine Regression Battle 20250911.pgn

No:  B/W 1/2     W:B       1:2           Time        Value Moves Dep 1:2       1-2-Draws
   8 W 2    1.0:0.0        0.0:8.0       12:11:39 AM   +10.00    13 5.615 :5.000  0-8-0

--------------------------------------------------------------

Engine-Match Saturday, September 13, 2025 12:11:40 AM
 Tournament Game in 5 Minutes 

Pairing 77/78 :    V7P3R_v10.6  -  V7P3R_v7.0

PGN-File: C:\Program Files (x86)\Arena\Tournaments\Engine Regression Battle 20250911.pgn

No:  B/W 1/2     W:B       1:2           Time        Value Moves Dep 1:2       1-2-Draws
   8 W 2    1.0:0.0        5.0:3.0       12:20:03 AM   +18.05    38 4.133 :5.826  5-3-0

--------------------------------------------------------------

Engine-Match Saturday, September 13, 2025 12:20:05 AM
 Tournament Game in 5 Minutes 

Pairing 78/78 :    V7P3R_v6.0  -  V7P3R_v5.1

PGN-File: C:\Program Files (x86)\Arena\Tournaments\Engine Regression Battle 20250911.pgn

No:  B/W 1/2     W:B       1:2           Time        Value Moves Dep 1:2       1-2-Draws
   8 W 2    1.0:0.0        0.0:8.0       12:23:23 AM   +60.97    14 3.000 :3.357  0-8-0

--------------------------------------------------------------

Engine-Match Saturday, September 13, 2025 12:23:24 AM
 Tournament Game in 5 Minutes 

Pairing 1/78 :    V7P3R_v10.0  -  Random_Opponent

PGN-File: C:\Program Files (x86)\Arena\Tournaments\Engine Regression Battle 20250911.pgn

No:  B/W 1/2     W:B       1:2           Time        Value Moves Dep 1:2       1-2-Draws
   9 W 1    1.0:0.0        9.0:0.0       12:25:37 AM  +289.98    15 5.600 :0 9-0-0

--------------------------------------------------------------

Engine-Match Saturday, September 13, 2025 12:25:39 AM
 Tournament Game in 5 Minutes 

Pairing 2/78 :    V7P3R_v9.0  -  V7P3R_v10.2

PGN-File: C:\Program Files (x86)\Arena\Tournaments\Engine Regression Battle 20250911.pgn

No:  B/W 1/2     W:B       1:2           Time        Value Moves Dep 1:2       1-2-Draws
   9 B 2    1.0:0.0        0.0:9.0       12:27:57 AM  -300.00    12 6.000 :4.800  0-9-0

--------------------------------------------------------------

Engine-Match Saturday, September 13, 2025 12:27:59 AM
 Tournament Game in 5 Minutes 

Pairing 3/78 :    V7P3R_v10.3  -  V7P3R_v8.0

PGN-File: C:\Program Files (x86)\Arena\Tournaments\Engine Regression Battle 20250911.pgn

No:  B/W 1/2     W:B       1:2           Time        Value Moves Dep 1:2       1-2-Draws
   9 W 1    1.0:0.0        9.0:0.0       12:32:17 AM    +M500    16 3.357 :5.750  9-0-0

--------------------------------------------------------------

Engine-Match Saturday, September 13, 2025 12:32:18 AM
 Tournament Game in 5 Minutes 

Pairing 4/78 :    V7P3R_v7.0  -  V7P3R_v10.4

PGN-File: C:\Program Files (x86)\Arena\Tournaments\Engine Regression Battle 20250911.pgn

No:  B/W 1/2     W:B       1:2           Time        Value Moves Dep 1:2       1-2-Draws
   9 W 1    1.0:0.0        4.0:5.0       12:41:15 AM   +25.61    58 5.826 :4.133  4-5-0

--------------------------------------------------------------

Engine-Match Saturday, September 13, 2025 12:41:16 AM
 Tournament Game in 5 Minutes 

Pairing 5/78 :    V7P3R_v10.5  -  V7P3R_v6.0

PGN-File: C:\Program Files (x86)\Arena\Tournaments\Engine Regression Battle 20250911.pgn

No:  B/W 1/2     W:B       1:2           Time        Value Moves Dep 1:2       1-2-Draws
   9 W 1    1.0:0.0        9.0:0.0       12:43:37 AM   +42.38    10 5.250 :3.000  9-0-0

--------------------------------------------------------------

Engine-Match Saturday, September 13, 2025 12:43:39 AM
 Tournament Game in 5 Minutes 

Pairing 6/78 :    V7P3R_v5.1  -  V7P3R_v10.6

PGN-File: C:\Program Files (x86)\Arena\Tournaments\Engine Regression Battle 20250911.pgn

No:  B/W 1/2     W:B       1:2           Time        Value Moves Dep 1:2       1-2-Draws
   9 B 2    2.0:1.0        1.0:8.0       12:47:37 AM   -19.65    18 3.222 :4.077  0-7-2

--------------------------------------------------------------

Engine-Match Saturday, September 13, 2025 12:47:38 AM
 Tournament Game in 5 Minutes 

Pairing 7/78 :    Stockfish 1%  -  V7P3R_v9.0

PGN-File: C:\Program Files (x86)\Arena\Tournaments\Engine Regression Battle 20250911.pgn

No:  B/W 1/2     W:B       1:2           Time        Value Moves Dep 1:2       1-2-Draws
   9 W 1    1.0:0.0        9.0:0.0       12:48:29 AM    +M134    16 12.929 :6.000  9-0-0

--------------------------------------------------------------

Engine-Match Saturday, September 13, 2025 12:48:31 AM
 Tournament Game in 5 Minutes 

Pairing 8/78 :    V7P3R_v8.0  -  V7P3R_v10.0

PGN-File: C:\Program Files (x86)\Arena\Tournaments\Engine Regression Battle 20250911.pgn

No:  B/W 1/2     W:B       1:2           Time        Value Moves Dep 1:2       1-2-Draws
   9 B 2    1.5:0.5        0.5:8.5       12:51:31 AM  -115.00    12 5.833 :5.455  0-8-1

--------------------------------------------------------------

Engine-Match Saturday, September 13, 2025 12:51:32 AM
 Tournament Game in 5 Minutes 

Pairing 9/78 :    V7P3R_v10.2  -  V7P3R_v7.0

PGN-File: C:\Program Files (x86)\Arena\Tournaments\Engine Regression Battle 20250911.pgn

No:  B/W 1/2     W:B       1:2           Time        Value Moves Dep 1:2       1-2-Draws
   9 W 1    1.0:0.0        9.0:0.0       12:56:33 AM    +M234    15 4.917 :5.667  9-0-0

--------------------------------------------------------------

Engine-Match Saturday, September 13, 2025 12:56:34 AM
 Tournament Game in 5 Minutes 

Pairing 10/78 :    V7P3R_v6.0  -  V7P3R_v10.3

PGN-File: C:\Program Files (x86)\Arena\Tournaments\Engine Regression Battle 20250911.pgn

No:  B/W 1/2     W:B       1:2           Time        Value Moves Dep 1:2       1-2-Draws
   9 B 2    1.0:0.0        0.0:9.0       12:59:25 AM   -43.14     9 3.000 :3.714  0-9-0

--------------------------------------------------------------

Engine-Match Saturday, September 13, 2025 12:59:27 AM
 Tournament Game in 5 Minutes 

Pairing 11/78 :    V7P3R_v10.4  -  V7P3R_v5.1

PGN-File: C:\Program Files (x86)\Arena\Tournaments\Engine Regression Battle 20250911.pgn

No:  B/W 1/2     W:B       1:2           Time        Value Moves Dep 1:2       1-2-Draws
   9 W 1    1.0:0.0        9.0:0.0       1:01:10 AM   +44.89     6 4.600 :3.833  9-0-0

--------------------------------------------------------------

Engine-Match Saturday, September 13, 2025 1:01:12 AM
 Tournament Game in 5 Minutes 

Pairing 12/78 :    V7P3R_v10.6  -  V7P3R_v10.5

PGN-File: C:\Program Files (x86)\Arena\Tournaments\Engine Regression Battle 20250911.pgn

No:  B/W 1/2     W:B       1:2           Time        Value Moves Dep 1:2       1-2-Draws
   9 = =    1.0:1.0        6.0:3.0       1:07:42 AM    +9.31    44 3.773 :4.882  5-2-2

--------------------------------------------------------------

Engine-Match Saturday, September 13, 2025 1:07:43 AM
 Tournament Game in 5 Minutes 

Pairing 13/78 :    Random_Opponent  -  V7P3R_v8.0

PGN-File: C:\Program Files (x86)\Arena\Tournaments\Engine Regression Battle 20250911.pgn

No:  B/W 1/2     W:B       1:2           Time        Value Moves Dep 1:2       1-2-Draws
   9 B 2    1.0:0.0        0.0:9.0       1:09:04 AM      -M1    14 0:5.929  0-9-0

--------------------------------------------------------------

Engine-Match Saturday, September 13, 2025 1:09:06 AM
 Tournament Game in 5 Minutes 

Pairing 14/78 :    V7P3R_v7.0  -  Stockfish 1%

PGN-File: C:\Program Files (x86)\Arena\Tournaments\Engine Regression Battle 20250911.pgn

No:  B/W 1/2     W:B       1:2           Time        Value Moves Dep 1:2       1-2-Draws
   9 B 2    1.0:0.0        0.0:9.0       1:11:29 AM  -120.00     8 6.000 :13.143  0-9-0

--------------------------------------------------------------

Engine-Match Saturday, September 13, 2025 1:11:30 AM
 Tournament Game in 5 Minutes 

Pairing 15/78 :    V7P3R_v10.0  -  V7P3R_v6.0

PGN-File: C:\Program Files (x86)\Arena\Tournaments\Engine Regression Battle 20250911.pgn

No:  B/W 1/2     W:B       1:2           Time        Value Moves Dep 1:2       1-2-Draws
   9 W 1    1.0:0.0        9.0:0.0       1:14:56 AM    +M500    11 5.727 :3.000  9-0-0

--------------------------------------------------------------

Engine-Match Saturday, September 13, 2025 1:14:58 AM
 Tournament Game in 5 Minutes 

Pairing 16/78 :    V7P3R_v5.1  -  V7P3R_v10.2

PGN-File: C:\Program Files (x86)\Arena\Tournaments\Engine Regression Battle 20250911.pgn

No:  B/W 1/2     W:B       1:2           Time        Value Moves Dep 1:2       1-2-Draws
   9 B 2    1.0:0.0        0.0:9.0       1:21:53 AM  -289.99    41 3.097 :5.208  0-9-0

--------------------------------------------------------------

Engine-Match Saturday, September 13, 2025 1:22:00 AM
 Tournament Game in 5 Minutes 

Pairing 17/78 :    V7P3R_v10.3  -  V7P3R_v10.6

PGN-File: C:\Program Files (x86)\Arena\Tournaments\Engine Regression Battle 20250911.pgn

No:  B/W 1/2     W:B       1:2           Time        Value Moves Dep 1:2       1-2-Draws
   9 = =    1.5:1.5        2.5:6.5       1:30:35 AM     0.00    64 2.852 :3.440  1-5-3

--------------------------------------------------------------

Engine-Match Saturday, September 13, 2025 1:30:37 AM
 Tournament Game in 5 Minutes 

Pairing 18/78 :    V7P3R_v10.5  -  V7P3R_v10.4

PGN-File: C:\Program Files (x86)\Arena\Tournaments\Engine Regression Battle 20250911.pgn

No:  B/W 1/2     W:B       1:2           Time        Value Moves Dep 1:2       1-2-Draws
   9 B 2    2.0:1.0        2.0:7.0       1:37:01 AM  -289.98    31 4.500 :3.455  1-6-2

--------------------------------------------------------------

Engine-Match Saturday, September 13, 2025 1:37:03 AM
 Tournament Game in 5 Minutes 

Pairing 19/78 :    V7P3R_v9.0  -  V7P3R_v7.0

PGN-File: C:\Program Files (x86)\Arena\Tournaments\Engine Regression Battle 20250911.pgn

No:  B/W 1/2     W:B       1:2           Time        Value Moves Dep 1:2       1-2-Draws
   9 W 1    1.0:0.0        8.0:1.0       1:40:39 AM   +35.00    15 6.000 :5.533  8-1-0

--------------------------------------------------------------

Engine-Match Saturday, September 13, 2025 1:40:40 AM
 Tournament Game in 5 Minutes 

Pairing 20/78 :    V7P3R_v6.0  -  Random_Opponent

PGN-File: C:\Program Files (x86)\Arena\Tournaments\Engine Regression Battle 20250911.pgn

No:  B/W 1/2     W:B       1:2           Time        Value Moves Dep 1:2       1-2-Draws
   9 W 1    1.0:0.0        8.0:1.0       1:42:40 AM     0.00    16 3.000 :0 8-1-0

--------------------------------------------------------------

Engine-Match Saturday, September 13, 2025 1:42:41 AM
 Tournament Game in 5 Minutes 

Pairing 21/78 :    Stockfish 1%  -  V7P3R_v5.1

PGN-File: C:\Program Files (x86)\Arena\Tournaments\Engine Regression Battle 20250911.pgn

No:  B/W 1/2     W:B       1:2           Time        Value Moves Dep 1:2       1-2-Draws
   9 W 1    1.0:0.0        9.0:0.0       1:43:40 AM   +24.84     7 15.000 :3.571  9-0-0

--------------------------------------------------------------

Engine-Match Saturday, September 13, 2025 1:43:41 AM
 Tournament Game in 5 Minutes 

Pairing 22/78 :    V7P3R_v10.6  -  V7P3R_v10.0

PGN-File: C:\Program Files (x86)\Arena\Tournaments\Engine Regression Battle 20250911.pgn

No:  B/W 1/2     W:B       1:2           Time        Value Moves Dep 1:2       1-2-Draws
   9 = =    3.0:3.0        3.0:6.0       1:52:04 AM     0.00    69 3.923 :5.235  0-3-6

--------------------------------------------------------------

Engine-Match Saturday, September 13, 2025 1:52:06 AM
 Tournament Game in 5 Minutes 

Pairing 23/78 :    V7P3R_v10.2  -  V7P3R_v10.5

PGN-File: C:\Program Files (x86)\Arena\Tournaments\Engine Regression Battle 20250911.pgn

No:  B/W 1/2     W:B       1:2           Time        Value Moves Dep 1:2       1-2-Draws
   9 = =    4.5:4.5        4.5:4.5       1:56:17 AM     0.00    41 5.556 :5.000  0-0-9

--------------------------------------------------------------

Engine-Match Saturday, September 13, 2025 1:56:19 AM
 Tournament Game in 5 Minutes 

Pairing 24/78 :    V7P3R_v10.4  -  V7P3R_v10.3

PGN-File: C:\Program Files (x86)\Arena\Tournaments\Engine Regression Battle 20250911.pgn

No:  B/W 1/2     W:B       1:2           Time        Value Moves Dep 1:2       1-2-Draws
   9 W 1    2.5:1.5        6.5:2.5       2:02:39 AM     0.00    29 3.714 :3.160  5-1-3

--------------------------------------------------------------

Engine-Match Saturday, September 13, 2025 2:02:40 AM
 Tournament Game in 5 Minutes 

Pairing 25/78 :    V7P3R_v8.0  -  V7P3R_v6.0

PGN-File: C:\Program Files (x86)\Arena\Tournaments\Engine Regression Battle 20250911.pgn

No:  B/W 1/2     W:B       1:2           Time        Value Moves Dep 1:2       1-2-Draws
   9 W 1    1.0:0.0        9.0:0.0       2:04:41 AM   +36.84    10 6.000 :3.000  9-0-0

--------------------------------------------------------------

Engine-Match Saturday, September 13, 2025 2:04:43 AM
 Tournament Game in 5 Minutes 

Pairing 26/78 :    V7P3R_v5.1  -  V7P3R_v9.0

PGN-File: C:\Program Files (x86)\Arena\Tournaments\Engine Regression Battle 20250911.pgn

No:  B/W 1/2     W:B       1:2           Time        Value Moves Dep 1:2       1-2-Draws
   9 B 2    1.0:0.0        4.0:5.0       2:08:37 AM   -32.75    28 3.179 :6.000  4-5-0

--------------------------------------------------------------

Engine-Match Saturday, September 13, 2025 2:08:38 AM
 Tournament Game in 5 Minutes 

Pairing 27/78 :    Random_Opponent  -  V7P3R_v10.6

PGN-File: C:\Program Files (x86)\Arena\Tournaments\Engine Regression Battle 20250911.pgn

No:  B/W 1/2     W:B       1:2           Time        Value Moves Dep 1:2       1-2-Draws
   9 B 2    1.0:0.0        0.0:9.0       2:09:10 AM  -289.98     3 0:4.667  0-9-0

--------------------------------------------------------------

Engine-Match Saturday, September 13, 2025 2:09:12 AM
 Tournament Game in 5 Minutes 

Pairing 28/78 :    V7P3R_v10.5  -  Stockfish 1%

PGN-File: C:\Program Files (x86)\Arena\Tournaments\Engine Regression Battle 20250911.pgn

No:  B/W 1/2     W:B       1:2           Time        Value Moves Dep 1:2       1-2-Draws
   9 B 2    1.5:0.5        1.5:7.5       2:13:00 AM   -17.50    60 4.394 :12.214  1-7-1

--------------------------------------------------------------

Engine-Match Saturday, September 13, 2025 2:13:01 AM
 Tournament Game in 5 Minutes 

Pairing 29/78 :    V7P3R_v10.0  -  V7P3R_v10.4

PGN-File: C:\Program Files (x86)\Arena\Tournaments\Engine Regression Battle 20250911.pgn

No:  B/W 1/2     W:B       1:2           Time        Value Moves Dep 1:2       1-2-Draws
   9 = =    3.0:3.0        6.0:3.0       2:20:29 AM    +1.20    54 5.565 :4.056  3-0-6

--------------------------------------------------------------

Engine-Match Saturday, September 13, 2025 2:20:30 AM
 Tournament Game in 5 Minutes 

Pairing 30/78 :    V7P3R_v10.3  -  V7P3R_v10.2

PGN-File: C:\Program Files (x86)\Arena\Tournaments\Engine Regression Battle 20250911.pgn

No:  B/W 1/2     W:B       1:2           Time        Value Moves Dep 1:2       1-2-Draws
   9 W 1    1.0:0.0        5.0:4.0       2:26:23 AM  +289.96    28 2.964 :4.650  5-4-0

--------------------------------------------------------------

Engine-Match Saturday, September 13, 2025 2:26:25 AM
 Tournament Game in 5 Minutes 

Pairing 31/78 :    V7P3R_v7.0  -  V7P3R_v5.1

PGN-File: C:\Program Files (x86)\Arena\Tournaments\Engine Regression Battle 20250911.pgn

No:  B/W 1/2     W:B       1:2           Time        Value Moves Dep 1:2       1-2-Draws
   9 W 1    1.5:0.5        6.5:2.5       2:35:18 AM   +11.25    50 5.647 :3.125  6-2-1

--------------------------------------------------------------

Engine-Match Saturday, September 13, 2025 2:35:20 AM
 Tournament Game in 5 Minutes 

Pairing 32/78 :    V7P3R_v10.6  -  V7P3R_v8.0

PGN-File: C:\Program Files (x86)\Arena\Tournaments\Engine Regression Battle 20250911.pgn

No:  B/W 1/2     W:B       1:2           Time        Value Moves Dep 1:2       1-2-Draws
   9 W 1    1.5:0.5        8.5:0.5       2:39:24 AM   +90.00    16 3.917 :5.688  8-0-1

--------------------------------------------------------------

Engine-Match Saturday, September 13, 2025 2:39:26 AM
 Tournament Game in 5 Minutes 

Pairing 33/78 :    V7P3R_v9.0  -  V7P3R_v10.5

PGN-File: C:\Program Files (x86)\Arena\Tournaments\Engine Regression Battle 20250911.pgn

No:  B/W 1/2     W:B       1:2           Time        Value Moves Dep 1:2       1-2-Draws
   9 B 2    1.0:0.0        0.0:9.0       2:40:47 AM  -205.00     8 6.000 :4.600  0-9-0

--------------------------------------------------------------

Engine-Match Saturday, September 13, 2025 2:40:49 AM
 Tournament Game in 5 Minutes 

Pairing 34/78 :    V7P3R_v10.4  -  Random_Opponent

PGN-File: C:\Program Files (x86)\Arena\Tournaments\Engine Regression Battle 20250911.pgn

No:  B/W 1/2     W:B       1:2           Time        Value Moves Dep 1:2       1-2-Draws
   9 W 1    1.0:0.0        9.0:0.0       2:43:31 AM  +289.98    20 4.389 :0 9-0-0

--------------------------------------------------------------

Engine-Match Saturday, September 13, 2025 2:43:32 AM
 Tournament Game in 5 Minutes 

Pairing 35/78 :    Stockfish 1%  -  V7P3R_v10.3

PGN-File: C:\Program Files (x86)\Arena\Tournaments\Engine Regression Battle 20250911.pgn

No:  B/W 1/2     W:B       1:2           Time        Value Moves Dep 1:2       1-2-Draws
   9 W 1    1.0:0.0        9.0:0.0       2:45:58 AM      +M1    12 16.273 :3.500  9-0-0

--------------------------------------------------------------

Engine-Match Saturday, September 13, 2025 2:46:00 AM
 Tournament Game in 5 Minutes 

Pairing 36/78 :    V7P3R_v10.2  -  V7P3R_v10.0

PGN-File: C:\Program Files (x86)\Arena\Tournaments\Engine Regression Battle 20250911.pgn

No:  B/W 1/2     W:B       1:2           Time        Value Moves Dep 1:2       1-2-Draws
   9 = =    4.0:4.0        4.0:5.0       2:53:19 AM   -11.50    54 5.300 :5.357  0-1-8

--------------------------------------------------------------

Engine-Match Saturday, September 13, 2025 2:53:26 AM
 Tournament Game in 5 Minutes 

Pairing 37/78 :    V7P3R_v6.0  -  V7P3R_v10.6

PGN-File: C:\Program Files (x86)\Arena\Tournaments\Engine Regression Battle 20250911.pgn

No:  B/W 1/2     W:B       1:2           Time        Value Moves Dep 1:2       1-2-Draws
   9 B 2    1.0:0.0        0.0:9.0       2:56:37 AM   -35.55    14 3.000 :4.700  0-9-0

--------------------------------------------------------------

Engine-Match Saturday, September 13, 2025 2:56:39 AM
 Tournament Game in 5 Minutes 

Pairing 38/78 :    V7P3R_v10.5  -  V7P3R_v7.0

PGN-File: C:\Program Files (x86)\Arena\Tournaments\Engine Regression Battle 20250911.pgn

No:  B/W 1/2     W:B       1:2           Time        Value Moves Dep 1:2       1-2-Draws
   9 W 1    1.0:0.0        9.0:0.0       3:00:46 AM   +40.00     8 5.167 :5.750  9-0-0

--------------------------------------------------------------

Engine-Match Saturday, September 13, 2025 3:00:47 AM
 Tournament Game in 5 Minutes 

Pairing 39/78 :    V7P3R_v8.0  -  V7P3R_v10.4

PGN-File: C:\Program Files (x86)\Arena\Tournaments\Engine Regression Battle 20250911.pgn

No:  B/W 1/2     W:B       1:2           Time        Value Moves Dep 1:2       1-2-Draws
   9 B 2    1.0:0.0        0.0:9.0       3:04:54 AM    -M500    21 5.810 :4.176  0-9-0

--------------------------------------------------------------

Engine-Match Saturday, September 13, 2025 3:04:55 AM
 Tournament Game in 5 Minutes 

Pairing 40/78 :    V7P3R_v10.3  -  V7P3R_v9.0

PGN-File: C:\Program Files (x86)\Arena\Tournaments\Engine Regression Battle 20250911.pgn

No:  B/W 1/2     W:B       1:2           Time        Value Moves Dep 1:2       1-2-Draws
   9 W 1    1.0:0.0        9.0:0.0       3:10:01 AM    +M500    27 3.148 :6.000  9-0-0

--------------------------------------------------------------

Engine-Match Saturday, September 13, 2025 3:10:03 AM
 Tournament Game in 5 Minutes 

Pairing 41/78 :    Random_Opponent  -  V7P3R_v10.2

PGN-File: C:\Program Files (x86)\Arena\Tournaments\Engine Regression Battle 20250911.pgn

No:  B/W 1/2     W:B       1:2           Time        Value Moves Dep 1:2       1-2-Draws
   9 B 2    1.0:0.0        0.0:9.0       3:12:12 AM  -289.98    16 0:5.333  0-9-0

--------------------------------------------------------------

Engine-Match Saturday, September 13, 2025 3:12:14 AM
 Tournament Game in 5 Minutes 

Pairing 42/78 :    V7P3R_v10.0  -  Stockfish 1%

PGN-File: C:\Program Files (x86)\Arena\Tournaments\Engine Regression Battle 20250911.pgn

No:  B/W 1/2     W:B       1:2           Time        Value Moves Dep 1:2       1-2-Draws
   9 B 2    1.5:0.5        1.5:7.5       3:16:39 AM      -M1    44 4.636 :13.231  1-7-1

--------------------------------------------------------------

Engine-Match Saturday, September 13, 2025 3:16:41 AM
 Tournament Game in 5 Minutes 

Pairing 43/78 :    V7P3R_v5.1  -  V7P3R_v10.5

PGN-File: C:\Program Files (x86)\Arena\Tournaments\Engine Regression Battle 20250911.pgn

No:  B/W 1/2     W:B       1:2           Time        Value Moves Dep 1:2       1-2-Draws
   9 B 2    1.0:0.0        0.0:9.0       3:19:09 AM   -34.19    13 3.231 :4.556  0-9-0

--------------------------------------------------------------

Engine-Match Saturday, September 13, 2025 3:19:11 AM
 Tournament Game in 5 Minutes 

Pairing 44/78 :    V7P3R_v10.4  -  V7P3R_v6.0

PGN-File: C:\Program Files (x86)\Arena\Tournaments\Engine Regression Battle 20250911.pgn

No:  B/W 1/2     W:B       1:2           Time        Value Moves Dep 1:2       1-2-Draws
   9 W 1    1.0:0.0        9.0:0.0       3:22:19 AM   +36.73    13 4.455 :3.000  9-0-0

--------------------------------------------------------------

Engine-Match Saturday, September 13, 2025 3:22:21 AM
 Tournament Game in 5 Minutes 

Pairing 45/78 :    V7P3R_v7.0  -  V7P3R_v10.3

PGN-File: C:\Program Files (x86)\Arena\Tournaments\Engine Regression Battle 20250911.pgn

No:  B/W 1/2     W:B       1:2           Time        Value Moves Dep 1:2       1-2-Draws
   9 B 2    2.0:1.0        1.0:8.0       3:32:25 AM     0.00    81 5.714 :3.278  0-7-2

--------------------------------------------------------------

Engine-Match Saturday, September 13, 2025 3:32:26 AM
 Tournament Game in 5 Minutes 

Pairing 46/78 :    V7P3R_v10.2  -  V7P3R_v8.0

PGN-File: C:\Program Files (x86)\Arena\Tournaments\Engine Regression Battle 20250911.pgn

No:  B/W 1/2     W:B       1:2           Time        Value Moves Dep 1:2       1-2-Draws
   9 W 1    1.0:0.0        9.0:0.0       3:36:33 AM  +230.00    18 5.067 :5.611  9-0-0

--------------------------------------------------------------

Engine-Match Saturday, September 13, 2025 3:36:35 AM
 Tournament Game in 5 Minutes 

Pairing 47/78 :    V7P3R_v9.0  -  V7P3R_v10.0

PGN-File: C:\Program Files (x86)\Arena\Tournaments\Engine Regression Battle 20250911.pgn

No:  B/W 1/2     W:B       1:2           Time        Value Moves Dep 1:2       1-2-Draws
   9 B 2    1.0:0.0        0.0:9.0       3:40:08 AM  -195.00    19 6.000 :5.222  0-9-0

--------------------------------------------------------------

Engine-Match Saturday, September 13, 2025 3:40:10 AM
 Tournament Game in 5 Minutes 

Pairing 48/78 :    Stockfish 1%  -  Random_Opponent

PGN-File: C:\Program Files (x86)\Arena\Tournaments\Engine Regression Battle 20250911.pgn

No:  B/W 1/2     W:B       1:2           Time        Value Moves Dep 1:2       1-2-Draws
   9 W 1    1.0:0.0        9.0:0.0       3:40:32 AM      +M1    49 14.833 :0 9-0-0

--------------------------------------------------------------

Engine-Match Saturday, September 13, 2025 3:40:34 AM
 Tournament Game in 5 Minutes 

Pairing 49/78 :    V7P3R_v10.6  -  V7P3R_v10.4

PGN-File: C:\Program Files (x86)\Arena\Tournaments\Engine Regression Battle 20250911.pgn

No:  B/W 1/2     W:B       1:2           Time        Value Moves Dep 1:2       1-2-Draws
   9 B 2    2.0:1.0        4.0:5.0       3:47:23 AM     0.00    73 3.941 :3.778  3-4-2

--------------------------------------------------------------

Engine-Match Saturday, September 13, 2025 3:47:24 AM
 Tournament Game in 5 Minutes 

Pairing 50/78 :    V7P3R_v10.3  -  V7P3R_v5.1

PGN-File: C:\Program Files (x86)\Arena\Tournaments\Engine Regression Battle 20250911.pgn

No:  B/W 1/2     W:B       1:2           Time        Value Moves Dep 1:2       1-2-Draws
   9 W 1    1.0:0.0        9.0:0.0       3:52:10 AM   +32.54    20 3.278 :3.100  9-0-0

--------------------------------------------------------------

Engine-Match Saturday, September 13, 2025 3:52:11 AM
 Tournament Game in 5 Minutes 

Pairing 51/78 :    V7P3R_v6.0  -  V7P3R_v10.2

PGN-File: C:\Program Files (x86)\Arena\Tournaments\Engine Regression Battle 20250911.pgn

No:  B/W 1/2     W:B       1:2           Time        Value Moves Dep 1:2       1-2-Draws
   9 B 2    1.0:0.0        0.0:9.0       3:54:41 AM   -24.83     9 3.000 :5.714  0-9-0

--------------------------------------------------------------

Engine-Match Saturday, September 13, 2025 3:54:43 AM
 Tournament Game in 5 Minutes 

Pairing 52/78 :    V7P3R_v10.0  -  V7P3R_v7.0

PGN-File: C:\Program Files (x86)\Arena\Tournaments\Engine Regression Battle 20250911.pgn

No:  B/W 1/2     W:B       1:2           Time        Value Moves Dep 1:2       1-2-Draws
   9 W 1    2.0:1.0        8.0:1.0       4:02:29 AM   +20.00    25 4.840 :5.360  7-0-2

--------------------------------------------------------------

Engine-Match Saturday, September 13, 2025 4:02:30 AM
 Tournament Game in 5 Minutes 

Pairing 53/78 :    V7P3R_v8.0  -  Stockfish 1%

PGN-File: C:\Program Files (x86)\Arena\Tournaments\Engine Regression Battle 20250911.pgn

No:  B/W 1/2     W:B       1:2           Time        Value Moves Dep 1:2       1-2-Draws
   9 B 2    1.0:0.0        0.0:9.0       4:03:19 AM  -205.00     8 6.000 :14.571  0-9-0

--------------------------------------------------------------

Engine-Match Saturday, September 13, 2025 4:03:21 AM
 Tournament Game in 5 Minutes 

Pairing 54/78 :    Random_Opponent  -  V7P3R_v9.0

PGN-File: C:\Program Files (x86)\Arena\Tournaments\Engine Regression Battle 20250911.pgn

No:  B/W 1/2     W:B       1:2           Time        Value Moves Dep 1:2       1-2-Draws
   9 B 2    1.0:0.0        0.0:9.0       4:04:08 AM      -M1    15 0:6.000  0-9-0

--------------------------------------------------------------

Engine-Match Saturday, September 13, 2025 4:04:10 AM
 Tournament Game in 5 Minutes 

Pairing 55/78 :    V7P3R_v10.5  -  V7P3R_v10.3

PGN-File: C:\Program Files (x86)\Arena\Tournaments\Engine Regression Battle 20250911.pgn

No:  B/W 1/2     W:B       1:2           Time        Value Moves Dep 1:2       1-2-Draws
   9 W 1    1.0:0.0        9.0:0.0       4:10:26 AM   +15.77    37 4.667 :3.286  9-0-0

--------------------------------------------------------------

Engine-Match Saturday, September 13, 2025 4:10:28 AM
 Tournament Game in 5 Minutes 

Pairing 56/78 :    V7P3R_v10.2  -  V7P3R_v10.6

PGN-File: C:\Program Files (x86)\Arena\Tournaments\Engine Regression Battle 20250911.pgn

No:  B/W 1/2     W:B       1:2           Time        Value Moves Dep 1:2       1-2-Draws
   9 B 2    1.5:0.5        1.5:7.5       4:18:22 AM     0.00    81 4.688 :3.824  1-7-1

--------------------------------------------------------------

Engine-Match Saturday, September 13, 2025 4:18:29 AM
 Tournament Game in 5 Minutes 

Pairing 57/78 :    V7P3R_v5.1  -  V7P3R_v10.0

PGN-File: C:\Program Files (x86)\Arena\Tournaments\Engine Regression Battle 20250911.pgn

No:  B/W 1/2     W:B       1:2           Time        Value Moves Dep 1:2       1-2-Draws
   9 B 2    2.0:1.0        1.0:8.0       4:23:07 AM   -48.99    19 3.188 :5.313  0-7-2

--------------------------------------------------------------

Engine-Match Saturday, September 13, 2025 4:23:08 AM
 Tournament Game in 5 Minutes 

Pairing 58/78 :    Stockfish 1%  -  V7P3R_v6.0

PGN-File: C:\Program Files (x86)\Arena\Tournaments\Engine Regression Battle 20250911.pgn

No:  B/W 1/2     W:B       1:2           Time        Value Moves Dep 1:2       1-2-Draws
   9 W 1    1.0:0.0        9.0:0.0       4:24:22 AM   +23.51     9 15.556 :3.000  9-0-0

--------------------------------------------------------------

Engine-Match Saturday, September 13, 2025 4:24:24 AM
 Tournament Game in 5 Minutes 

Pairing 59/78 :    V7P3R_v7.0  -  Random_Opponent

PGN-File: C:\Program Files (x86)\Arena\Tournaments\Engine Regression Battle 20250911.pgn

No:  B/W 1/2     W:B       1:2           Time        Value Moves Dep 1:2       1-2-Draws
   9 W 1    2.5:1.5        7.5:1.5       4:27:01 AM    +M500     9 5.889 :0 6-0-3

--------------------------------------------------------------

Engine-Match Saturday, September 13, 2025 4:27:02 AM
 Tournament Game in 5 Minutes 

Pairing 60/78 :    V7P3R_v9.0  -  V7P3R_v8.0

PGN-File: C:\Program Files (x86)\Arena\Tournaments\Engine Regression Battle 20250911.pgn

No:  B/W 1/2     W:B       1:2           Time        Value Moves Dep 1:2       1-2-Draws
   9 B 2    1.0:0.0        1.0:8.0       4:28:57 AM    -M500    13 6.000 :5.583  1-8-0

--------------------------------------------------------------

Engine-Match Saturday, September 13, 2025 4:28:58 AM
 Tournament Game in 5 Minutes 

Pairing 61/78 :    V7P3R_v10.4  -  V7P3R_v10.2

PGN-File: C:\Program Files (x86)\Arena\Tournaments\Engine Regression Battle 20250911.pgn

No:  B/W 1/2     W:B       1:2           Time        Value Moves Dep 1:2       1-2-Draws
   9 W 1    2.5:1.5        7.5:1.5       4:34:00 AM     0.00    23 4.182 :5.308  6-0-3

--------------------------------------------------------------

Engine-Match Saturday, September 13, 2025 4:34:01 AM
 Tournament Game in 5 Minutes 

Pairing 62/78 :    V7P3R_v10.0  -  V7P3R_v10.5

PGN-File: C:\Program Files (x86)\Arena\Tournaments\Engine Regression Battle 20250911.pgn

No:  B/W 1/2     W:B       1:2           Time        Value Moves Dep 1:2       1-2-Draws
   9 = =    3.0:3.0        6.0:3.0       4:41:19 AM     0.00    52 5.176 :4.571  3-0-6

--------------------------------------------------------------

Engine-Match Saturday, September 13, 2025 4:41:20 AM
 Tournament Game in 5 Minutes 

Pairing 63/78 :    V7P3R_v10.6  -  Stockfish 1%

PGN-File: C:\Program Files (x86)\Arena\Tournaments\Engine Regression Battle 20250911.pgn

No:  B/W 1/2     W:B       1:2           Time        Value Moves Dep 1:2       1-2-Draws
   9 B 2    2.0:1.0        2.0:7.0       4:44:20 AM   -10.76    24 3.941 :13.538  1-6-2

--------------------------------------------------------------

Engine-Match Saturday, September 13, 2025 4:44:22 AM
 Tournament Game in 5 Minutes 

Pairing 64/78 :    Random_Opponent  -  V7P3R_v5.1

PGN-File: C:\Program Files (x86)\Arena\Tournaments\Engine Regression Battle 20250911.pgn

No:  B/W 1/2     W:B       1:2           Time        Value Moves Dep 1:2       1-2-Draws
   9 B 2    1.0:0.0        0.0:9.0       4:46:48 AM     0.00    20 0:3.400  0-9-0

--------------------------------------------------------------

Engine-Match Saturday, September 13, 2025 4:46:49 AM
 Tournament Game in 5 Minutes 

Pairing 65/78 :    V7P3R_v6.0  -  V7P3R_v9.0

PGN-File: C:\Program Files (x86)\Arena\Tournaments\Engine Regression Battle 20250911.pgn

No:  B/W 1/2     W:B       1:2           Time        Value Moves Dep 1:2       1-2-Draws
   9 B 2    1.0:0.0        0.0:9.0       4:48:39 AM   -25.58    11 3.000 :6.000  0-9-0

--------------------------------------------------------------

Engine-Match Saturday, September 13, 2025 4:48:41 AM
 Tournament Game in 5 Minutes 

Pairing 66/78 :    V7P3R_v8.0  -  V7P3R_v7.0

PGN-File: C:\Program Files (x86)\Arena\Tournaments\Engine Regression Battle 20250911.pgn

No:  B/W 1/2     W:B       1:2           Time        Value Moves Dep 1:2       1-2-Draws
   9 B 2    1.0:0.0        4.0:5.0       4:51:50 AM  -310.00     9 5.778 :5.750  4-5-0

--------------------------------------------------------------

Engine-Match Saturday, September 13, 2025 4:51:52 AM
 Tournament Game in 5 Minutes 

Pairing 67/78 :    V7P3R_v10.3  -  V7P3R_v10.0

PGN-File: C:\Program Files (x86)\Arena\Tournaments\Engine Regression Battle 20250911.pgn

No:  B/W 1/2     W:B       1:2           Time        Value Moves Dep 1:2       1-2-Draws
   9 B 2    1.5:0.5        0.5:8.5       4:59:37 AM   -14.22    37 2.857 :4.667  0-8-1

--------------------------------------------------------------

Engine-Match Saturday, September 13, 2025 4:59:38 AM
 Tournament Game in 5 Minutes 

Pairing 68/78 :    Stockfish 1%  -  V7P3R_v10.4

PGN-File: C:\Program Files (x86)\Arena\Tournaments\Engine Regression Battle 20250911.pgn

No:  B/W 1/2     W:B       1:2           Time        Value Moves Dep 1:2       1-2-Draws
   9 W 1    1.0:0.0        9.0:0.0       5:01:22 AM   +11.84    12 15.455 :4.333  9-0-0

--------------------------------------------------------------

Engine-Match Saturday, September 13, 2025 5:01:24 AM
 Tournament Game in 5 Minutes 

Pairing 69/78 :    V7P3R_v10.5  -  Random_Opponent

PGN-File: C:\Program Files (x86)\Arena\Tournaments\Engine Regression Battle 20250911.pgn

No:  B/W 1/2     W:B       1:2           Time        Value Moves Dep 1:2       1-2-Draws
   9 W 1    1.0:0.0        9.0:0.0       5:03:46 AM  +289.98    16 5.000 :0 9-0-0

--------------------------------------------------------------

Engine-Match Saturday, September 13, 2025 5:03:48 AM
 Tournament Game in 5 Minutes 

Pairing 70/78 :    V7P3R_v9.0  -  V7P3R_v10.6

PGN-File: C:\Program Files (x86)\Arena\Tournaments\Engine Regression Battle 20250911.pgn

No:  B/W 1/2     W:B       1:2           Time        Value Moves Dep 1:2       1-2-Draws
   9 B 2    1.0:0.0        0.0:9.0       5:05:55 AM   -70.00    12 6.000 :3.778  0-9-0

--------------------------------------------------------------

Engine-Match Saturday, September 13, 2025 5:05:56 AM
 Tournament Game in 5 Minutes 

Pairing 71/78 :    V7P3R_v5.1  -  V7P3R_v8.0

PGN-File: C:\Program Files (x86)\Arena\Tournaments\Engine Regression Battle 20250911.pgn

No:  B/W 1/2     W:B       1:2           Time        Value Moves Dep 1:2       1-2-Draws
   9 B 2    1.0:0.0        0.0:9.0       5:08:06 AM   -23.04    11 3.818 :5.900  0-9-0

--------------------------------------------------------------

Engine-Match Saturday, September 13, 2025 5:08:07 AM
 Tournament Game in 5 Minutes 

Pairing 72/78 :    V7P3R_v7.0  -  V7P3R_v6.0

PGN-File: C:\Program Files (x86)\Arena\Tournaments\Engine Regression Battle 20250911.pgn

No:  B/W 1/2     W:B       1:2           Time        Value Moves Dep 1:2       1-2-Draws
   9 W 1    1.0:0.0        9.0:0.0       5:11:24 AM   +34.29     9 5.778 :3.000  9-0-0

--------------------------------------------------------------

Engine-Match Saturday, September 13, 2025 5:11:26 AM
 Tournament Game in 5 Minutes 

Pairing 73/78 :    V7P3R_v10.2  -  Stockfish 1%

PGN-File: C:\Program Files (x86)\Arena\Tournaments\Engine Regression Battle 20250911.pgn

No:  B/W 1/2     W:B       1:2           Time        Value Moves Dep 1:2       1-2-Draws
   9 B 2    1.0:0.0        0.0:9.0       5:16:17 AM   -12.10    73 4.870 :13.462  0-9-0

--------------------------------------------------------------

Engine-Match Saturday, September 13, 2025 5:16:19 AM
 Tournament Game in 5 Minutes 

Pairing 74/78 :    Random_Opponent  -  V7P3R_v10.3

PGN-File: C:\Program Files (x86)\Arena\Tournaments\Engine Regression Battle 20250911.pgn

No:  B/W 1/2     W:B       1:2           Time        Value Moves Dep 1:2       1-2-Draws
   9 B 2    1.0:0.0        0.0:9.0       5:18:34 AM  -289.96    14 0:3.071  0-9-0

--------------------------------------------------------------

Engine-Match Saturday, September 13, 2025 5:18:36 AM
 Tournament Game in 5 Minutes 

Pairing 75/78 :    V7P3R_v10.4  -  V7P3R_v9.0

PGN-File: C:\Program Files (x86)\Arena\Tournaments\Engine Regression Battle 20250911.pgn

No:  B/W 1/2     W:B       1:2           Time        Value Moves Dep 1:2       1-2-Draws
   9 W 1    1.0:0.0        9.0:0.0       5:21:26 AM  +295.00    12 4.091 :6.000  9-0-0

--------------------------------------------------------------

Engine-Match Saturday, September 13, 2025 5:21:27 AM
 Tournament Game in 5 Minutes 

Pairing 76/78 :    V7P3R_v8.0  -  V7P3R_v10.5

PGN-File: C:\Program Files (x86)\Arena\Tournaments\Engine Regression Battle 20250911.pgn

No:  B/W 1/2     W:B       1:2           Time        Value Moves Dep 1:2       1-2-Draws
   9 B 2    1.0:0.0        0.0:9.0       5:23:49 AM  -200.00    11 5.909 :4.750  0-9-0

--------------------------------------------------------------

Engine-Match Saturday, September 13, 2025 5:23:56 AM
 Tournament Game in 5 Minutes 

Pairing 77/78 :    V7P3R_v10.6  -  V7P3R_v7.0

PGN-File: C:\Program Files (x86)\Arena\Tournaments\Engine Regression Battle 20250911.pgn

No:  B/W 1/2     W:B       1:2           Time        Value Moves Dep 1:2       1-2-Draws
   9 W 1    1.0:0.0        6.0:3.0       5:26:27 AM  +110.00     5 4.667 :6.000  6-3-0

--------------------------------------------------------------

Engine-Match Saturday, September 13, 2025 5:26:29 AM
 Tournament Game in 5 Minutes 

Pairing 78/78 :    V7P3R_v6.0  -  V7P3R_v5.1

PGN-File: C:\Program Files (x86)\Arena\Tournaments\Engine Regression Battle 20250911.pgn

No:  B/W 1/2     W:B       1:2           Time        Value Moves Dep 1:2       1-2-Draws
   9 B 2    1.0:0.0        0.0:9.0       5:28:38 AM   -25.94    10 3.000 :3.333  0-9-0

--------------------------------------------------------------

Engine-Match Saturday, September 13, 2025 5:28:39 AM
 Tournament Game in 5 Minutes 

Pairing 1/78 :    V7P3R_v10.0  -  Random_Opponent

PGN-File: C:\Program Files (x86)\Arena\Tournaments\Engine Regression Battle 20250911.pgn

No:  B/W 1/2     W:B       1:2           Time        Value Moves Dep 1:2       1-2-Draws
  10 B 1    1.0:0.0        10.0:0.0      5:31:44 AM  -289.98    16 5.125 :0 10-0-0

--------------------------------------------------------------

Engine-Match Saturday, September 13, 2025 5:31:45 AM
 Tournament Game in 5 Minutes 

Pairing 2/78 :    V7P3R_v9.0  -  V7P3R_v10.2

PGN-File: C:\Program Files (x86)\Arena\Tournaments\Engine Regression Battle 20250911.pgn

No:  B/W 1/2     W:B       1:2           Time        Value Moves Dep 1:2       1-2-Draws
  10 W 2    1.0:0.0        0.0:10.0      5:33:57 AM   +95.00     9 6.000 :4.889  0-10-0

--------------------------------------------------------------

Engine-Match Saturday, September 13, 2025 5:33:59 AM
 Tournament Game in 5 Minutes 

Pairing 3/78 :    V7P3R_v10.3  -  V7P3R_v8.0

PGN-File: C:\Program Files (x86)\Arena\Tournaments\Engine Regression Battle 20250911.pgn

No:  B/W 1/2     W:B       1:2           Time        Value Moves Dep 1:2       1-2-Draws
  10 B 1    1.0:0.0        10.0:0.0      5:35:40 AM  -285.00     7 3.333 :5.571  10-0-0

--------------------------------------------------------------

Engine-Match Saturday, September 13, 2025 5:35:41 AM
 Tournament Game in 5 Minutes 

Pairing 4/78 :    V7P3R_v7.0  -  V7P3R_v10.4

PGN-File: C:\Program Files (x86)\Arena\Tournaments\Engine Regression Battle 20250911.pgn

No:  B/W 1/2     W:B       1:2           Time        Value Moves Dep 1:2       1-2-Draws
  10 W 2    1.0:0.0        4.0:6.0       5:38:14 AM  +110.00     5 6.000 :4.667  4-6-0

--------------------------------------------------------------

Engine-Match Saturday, September 13, 2025 5:38:15 AM
 Tournament Game in 5 Minutes 

Pairing 5/78 :    V7P3R_v10.5  -  V7P3R_v6.0

PGN-File: C:\Program Files (x86)\Arena\Tournaments\Engine Regression Battle 20250911.pgn

No:  B/W 1/2     W:B       1:2           Time        Value Moves Dep 1:2       1-2-Draws
  10 B 1    1.0:0.0        10.0:0.0      5:40:40 AM   -24.87     9 5.000 :3.000  10-0-0

--------------------------------------------------------------

Engine-Match Saturday, September 13, 2025 5:40:41 AM
 Tournament Game in 5 Minutes 

Pairing 6/78 :    V7P3R_v5.1  -  V7P3R_v10.6

PGN-File: C:\Program Files (x86)\Arena\Tournaments\Engine Regression Battle 20250911.pgn

No:  B/W 1/2     W:B       1:2           Time        Value Moves Dep 1:2       1-2-Draws
  10 W 2    2.0:1.0        1.0:9.0       5:42:25 AM   +44.89     6 3.833 :4.600  0-8-2

--------------------------------------------------------------

Engine-Match Saturday, September 13, 2025 5:42:26 AM
 Tournament Game in 5 Minutes 

Pairing 7/78 :    Stockfish 1%  -  V7P3R_v9.0

PGN-File: C:\Program Files (x86)\Arena\Tournaments\Engine Regression Battle 20250911.pgn

No:  B/W 1/2     W:B       1:2           Time        Value Moves Dep 1:2       1-2-Draws
  10 B 1    1.0:0.0        10.0:0.0      5:43:27 AM    -M384    15 14.154 :6.000  10-0-0

--------------------------------------------------------------

Engine-Match Saturday, September 13, 2025 5:43:28 AM
 Tournament Game in 5 Minutes 

Pairing 8/78 :    V7P3R_v8.0  -  V7P3R_v10.0

PGN-File: C:\Program Files (x86)\Arena\Tournaments\Engine Regression Battle 20250911.pgn

No:  B/W 1/2     W:B       1:2           Time        Value Moves Dep 1:2       1-2-Draws
  10 W 2    1.5:0.5        0.5:9.5       5:46:43 AM  +105.00    13 5.692 :5.462  0-9-1

--------------------------------------------------------------

Engine-Match Saturday, September 13, 2025 5:46:44 AM
 Tournament Game in 5 Minutes 

Pairing 9/78 :    V7P3R_v10.2  -  V7P3R_v7.0

PGN-File: C:\Program Files (x86)\Arena\Tournaments\Engine Regression Battle 20250911.pgn

No:  B/W 1/2     W:B       1:2           Time        Value Moves Dep 1:2       1-2-Draws
  10 B 1    1.0:0.0        10.0:0.0      5:52:57 AM  -165.00    19 5.000 :5.368  10-0-0

--------------------------------------------------------------

Engine-Match Saturday, September 13, 2025 5:52:58 AM
 Tournament Game in 5 Minutes 

Pairing 10/78 :    V7P3R_v6.0  -  V7P3R_v10.3

PGN-File: C:\Program Files (x86)\Arena\Tournaments\Engine Regression Battle 20250911.pgn

No:  B/W 1/2     W:B       1:2           Time        Value Moves Dep 1:2       1-2-Draws
  10 W 2    1.0:0.0        0.0:10.0      5:55:23 AM  +289.98     7 3.000 :4.000  0-10-0

--------------------------------------------------------------

Engine-Match Saturday, September 13, 2025 5:55:24 AM
 Tournament Game in 5 Minutes 

Pairing 11/78 :    V7P3R_v10.4  -  V7P3R_v5.1

PGN-File: C:\Program Files (x86)\Arena\Tournaments\Engine Regression Battle 20250911.pgn

No:  B/W 1/2     W:B       1:2           Time        Value Moves Dep 1:2       1-2-Draws
  10 B 1    1.0:0.0        10.0:0.0      5:59:03 AM   -80.89    19 4.500 :3.167  10-0-0

--------------------------------------------------------------

Engine-Match Saturday, September 13, 2025 5:59:05 AM
 Tournament Game in 5 Minutes 

Pairing 12/78 :    V7P3R_v10.6  -  V7P3R_v10.5

PGN-File: C:\Program Files (x86)\Arena\Tournaments\Engine Regression Battle 20250911.pgn

No:  B/W 1/2     W:B       1:2           Time        Value Moves Dep 1:2       1-2-Draws
  10 B 1    2.0:1.0        7.0:3.0       6:05:29 AM  -289.98    31 3.455 :4.500  6-2-2

--------------------------------------------------------------

Engine-Match Saturday, September 13, 2025 6:05:31 AM
 Tournament Game in 5 Minutes 

Pairing 13/78 :    Random_Opponent  -  V7P3R_v8.0

PGN-File: C:\Program Files (x86)\Arena\Tournaments\Engine Regression Battle 20250911.pgn

No:  B/W 1/2     W:B       1:2           Time        Value Moves Dep 1:2       1-2-Draws
  10 W 2    1.0:0.0        0.0:10.0      6:06:42 AM      +M1    17 0:5.824  0-10-0

--------------------------------------------------------------

Engine-Match Saturday, September 13, 2025 6:06:43 AM
 Tournament Game in 5 Minutes 

Pairing 14/78 :    V7P3R_v7.0  -  Stockfish 1%

PGN-File: C:\Program Files (x86)\Arena\Tournaments\Engine Regression Battle 20250911.pgn

No:  B/W 1/2     W:B       1:2           Time        Value Moves Dep 1:2       1-2-Draws
  10 W 2    1.0:0.0        0.0:10.0      6:10:26 AM  +130.00    18 5.444 :13.071  0-10-0

--------------------------------------------------------------

Engine-Match Saturday, September 13, 2025 6:10:28 AM
 Tournament Game in 5 Minutes 

Pairing 15/78 :    V7P3R_v10.0  -  V7P3R_v6.0

PGN-File: C:\Program Files (x86)\Arena\Tournaments\Engine Regression Battle 20250911.pgn

No:  B/W 1/2     W:B       1:2           Time        Value Moves Dep 1:2       1-2-Draws
  10 B 1    1.0:0.0        10.0:0.0      6:13:10 AM   -24.83     9 5.875 :3.000  10-0-0

--------------------------------------------------------------

Engine-Match Saturday, September 13, 2025 6:13:12 AM
 Tournament Game in 5 Minutes 

Pairing 16/78 :    V7P3R_v5.1  -  V7P3R_v10.2

PGN-File: C:\Program Files (x86)\Arena\Tournaments\Engine Regression Battle 20250911.pgn

No:  B/W 1/2     W:B       1:2           Time        Value Moves Dep 1:2       1-2-Draws
  10 W 2    1.0:0.0        0.0:10.0      6:14:45 AM   +45.54     6 4.000 :5.500  0-10-0

--------------------------------------------------------------

Engine-Match Saturday, September 13, 2025 6:14:47 AM
 Tournament Game in 5 Minutes 

Pairing 17/78 :    V7P3R_v10.3  -  V7P3R_v10.6

PGN-File: C:\Program Files (x86)\Arena\Tournaments\Engine Regression Battle 20250911.pgn

No:  B/W 1/2     W:B       1:2           Time        Value Moves Dep 1:2       1-2-Draws
  10 W 2    2.5:1.5        2.5:7.5       6:20:02 AM  +289.97    19 3.176 :3.733  1-6-3

--------------------------------------------------------------

Engine-Match Saturday, September 13, 2025 6:20:03 AM
 Tournament Game in 5 Minutes 

Pairing 18/78 :    V7P3R_v10.5  -  V7P3R_v10.4

PGN-File: C:\Program Files (x86)\Arena\Tournaments\Engine Regression Battle 20250911.pgn

No:  B/W 1/2     W:B       1:2           Time        Value Moves Dep 1:2       1-2-Draws
  10 W 2    2.0:1.0        2.0:8.0       6:26:43 AM   +10.20    45 4.882 :3.773  1-7-2

--------------------------------------------------------------

Engine-Match Saturday, September 13, 2025 6:26:50 AM
 Tournament Game in 5 Minutes 

Pairing 19/78 :    V7P3R_v9.0  -  V7P3R_v7.0

PGN-File: C:\Program Files (x86)\Arena\Tournaments\Engine Regression Battle 20250911.pgn

No:  B/W 1/2     W:B       1:2           Time        Value Moves Dep 1:2       1-2-Draws
  10 B 1    1.0:0.0        9.0:1.0       6:28:59 AM   -55.00     5 6.000 :6.000  9-1-0

--------------------------------------------------------------

Engine-Match Saturday, September 13, 2025 6:29:00 AM
 Tournament Game in 5 Minutes 

Pairing 20/78 :    V7P3R_v6.0  -  Random_Opponent

PGN-File: C:\Program Files (x86)\Arena\Tournaments\Engine Regression Battle 20250911.pgn

No:  B/W 1/2     W:B       1:2           Time        Value Moves Dep 1:2       1-2-Draws
  10 B 1    1.0:0.0        9.0:1.0       6:31:56 AM     0.00    25 3.000 :0 9-1-0

--------------------------------------------------------------

Engine-Match Saturday, September 13, 2025 6:31:57 AM
 Tournament Game in 5 Minutes 

Pairing 21/78 :    Stockfish 1%  -  V7P3R_v5.1

PGN-File: C:\Program Files (x86)\Arena\Tournaments\Engine Regression Battle 20250911.pgn

No:  B/W 1/2     W:B       1:2           Time        Value Moves Dep 1:2       1-2-Draws
  10 B 1    1.0:0.0        10.0:0.0      6:34:31 AM   -15.20    21 14.000 :3.143  10-0-0

--------------------------------------------------------------

Engine-Match Saturday, September 13, 2025 6:34:32 AM
 Tournament Game in 5 Minutes 

Pairing 22/78 :    V7P3R_v10.6  -  V7P3R_v10.0

PGN-File: C:\Program Files (x86)\Arena\Tournaments\Engine Regression Battle 20250911.pgn

No:  B/W 1/2     W:B       1:2           Time        Value Moves Dep 1:2       1-2-Draws
  10 = =    3.5:3.5        3.5:6.5       6:42:03 AM    +1.20    54 4.056 :5.565  0-3-7

--------------------------------------------------------------

Engine-Match Saturday, September 13, 2025 6:42:04 AM
 Tournament Game in 5 Minutes 

Pairing 23/78 :    V7P3R_v10.2  -  V7P3R_v10.5

PGN-File: C:\Program Files (x86)\Arena\Tournaments\Engine Regression Battle 20250911.pgn

No:  B/W 1/2     W:B       1:2           Time        Value Moves Dep 1:2       1-2-Draws
  10 = =    5.0:5.0        5.0:5.0       6:47:02 AM   +12.70    60 5.571 :5.000  0-0-10

--------------------------------------------------------------

Engine-Match Saturday, September 13, 2025 6:47:03 AM
 Tournament Game in 5 Minutes 

Pairing 24/78 :    V7P3R_v10.4  -  V7P3R_v10.3

PGN-File: C:\Program Files (x86)\Arena\Tournaments\Engine Regression Battle 20250911.pgn

No:  B/W 1/2     W:B       1:2           Time        Value Moves Dep 1:2       1-2-Draws
  10 B 1    2.5:1.5        7.5:2.5       6:54:19 AM   -37.83    35 3.500 :2.968  6-1-3

--------------------------------------------------------------

Engine-Match Saturday, September 13, 2025 6:54:21 AM
 Tournament Game in 5 Minutes 

Pairing 25/78 :    V7P3R_v8.0  -  V7P3R_v6.0

PGN-File: C:\Program Files (x86)\Arena\Tournaments\Engine Regression Battle 20250911.pgn

No:  B/W 1/2     W:B       1:2           Time        Value Moves Dep 1:2       1-2-Draws
  10 B 1    1.0:0.0        10.0:0.0      6:56:28 AM   -27.71    10 6.000 :3.000  10-0-0

--------------------------------------------------------------

Engine-Match Saturday, September 13, 2025 6:56:30 AM
 Tournament Game in 5 Minutes 

Pairing 26/78 :    V7P3R_v5.1  -  V7P3R_v9.0

PGN-File: C:\Program Files (x86)\Arena\Tournaments\Engine Regression Battle 20250911.pgn

No:  B/W 1/2     W:B       1:2           Time        Value Moves Dep 1:2       1-2-Draws
  10 B 1    1.0:0.0        5.0:5.0       6:58:18 AM  -221.00    11 3.300 :6.000  5-5-0

--------------------------------------------------------------

Engine-Match Saturday, September 13, 2025 6:58:19 AM
 Tournament Game in 5 Minutes 

Pairing 27/78 :    Random_Opponent  -  V7P3R_v10.6

PGN-File: C:\Program Files (x86)\Arena\Tournaments\Engine Regression Battle 20250911.pgn

No:  B/W 1/2     W:B       1:2           Time        Value Moves Dep 1:2       1-2-Draws
  10 W 2    1.0:0.0        0.0:10.0      7:00:35 AM  +289.98    12 0:4.364  0-10-0

--------------------------------------------------------------

Engine-Match Saturday, September 13, 2025 7:00:36 AM
 Tournament Game in 5 Minutes 

Pairing 28/78 :    V7P3R_v10.5  -  Stockfish 1%

PGN-File: C:\Program Files (x86)\Arena\Tournaments\Engine Regression Battle 20250911.pgn

No:  B/W 1/2     W:B       1:2           Time        Value Moves Dep 1:2       1-2-Draws
  10 W 2    1.5:0.5        1.5:8.5       7:04:04 AM    +9.70    43 4.515 :14.833  1-8-1

--------------------------------------------------------------

Engine-Match Saturday, September 13, 2025 7:04:05 AM
 Tournament Game in 5 Minutes 

Pairing 29/78 :    V7P3R_v10.0  -  V7P3R_v10.4

PGN-File: C:\Program Files (x86)\Arena\Tournaments\Engine Regression Battle 20250911.pgn

No:  B/W 1/2     W:B       1:2           Time        Value Moves Dep 1:2       1-2-Draws
  10 = =    3.5:3.5        6.5:3.5       7:12:01 AM     0.00    51 5.235 :3.923  3-0-7

--------------------------------------------------------------

Engine-Match Saturday, September 13, 2025 7:12:02 AM
 Tournament Game in 5 Minutes 

Pairing 30/78 :    V7P3R_v10.3  -  V7P3R_v10.2

PGN-File: C:\Program Files (x86)\Arena\Tournaments\Engine Regression Battle 20250911.pgn

No:  B/W 1/2     W:B       1:2           Time        Value Moves Dep 1:2       1-2-Draws
  10 W 2    1.0:0.0        5.0:5.0       7:16:27 AM   +21.43    15 3.143 :4.692  5-5-0

--------------------------------------------------------------

Engine-Match Saturday, September 13, 2025 7:16:28 AM
 Tournament Game in 5 Minutes 

Pairing 31/78 :    V7P3R_v7.0  -  V7P3R_v5.1

PGN-File: C:\Program Files (x86)\Arena\Tournaments\Engine Regression Battle 20250911.pgn

No:  B/W 1/2     W:B       1:2           Time        Value Moves Dep 1:2       1-2-Draws
  10 B 1    1.5:0.5        7.5:2.5       7:19:42 AM   -19.60    11 5.400 :3.182  7-2-1

--------------------------------------------------------------

Engine-Match Saturday, September 13, 2025 7:19:43 AM
 Tournament Game in 5 Minutes 

Pairing 32/78 :    V7P3R_v10.6  -  V7P3R_v8.0

PGN-File: C:\Program Files (x86)\Arena\Tournaments\Engine Regression Battle 20250911.pgn

No:  B/W 1/2     W:B       1:2           Time        Value Moves Dep 1:2       1-2-Draws
  10 B 1    1.5:0.5        9.5:0.5       7:23:50 AM    -M500    21 4.176 :5.810  9-0-1

--------------------------------------------------------------

Engine-Match Saturday, September 13, 2025 7:23:51 AM
 Tournament Game in 5 Minutes 

Pairing 33/78 :    V7P3R_v9.0  -  V7P3R_v10.5

PGN-File: C:\Program Files (x86)\Arena\Tournaments\Engine Regression Battle 20250911.pgn

No:  B/W 1/2     W:B       1:2           Time        Value Moves Dep 1:2       1-2-Draws
  10 W 2    1.0:0.0        0.0:10.0      7:26:02 AM  +310.00     9 6.000 :4.750  0-10-0

--------------------------------------------------------------

Engine-Match Saturday, September 13, 2025 7:26:04 AM
 Tournament Game in 5 Minutes 

Pairing 34/78 :    V7P3R_v10.4  -  Random_Opponent

PGN-File: C:\Program Files (x86)\Arena\Tournaments\Engine Regression Battle 20250911.pgn

No:  B/W 1/2     W:B       1:2           Time        Value Moves Dep 1:2       1-2-Draws
  10 B 1    1.0:0.0        10.0:0.0      7:27:34 AM  -289.98    10 4.111 :0 10-0-0

--------------------------------------------------------------

Engine-Match Saturday, September 13, 2025 7:27:35 AM
 Tournament Game in 5 Minutes 

Pairing 35/78 :    Stockfish 1%  -  V7P3R_v10.3

PGN-File: C:\Program Files (x86)\Arena\Tournaments\Engine Regression Battle 20250911.pgn

No:  B/W 1/2     W:B       1:2           Time        Value Moves Dep 1:2       1-2-Draws
  10 B 1    1.0:0.0        10.0:0.0      7:30:47 AM      -M1    22 12.000 :3.350  10-0-0

--------------------------------------------------------------

Engine-Match Saturday, September 13, 2025 7:30:49 AM
 Tournament Game in 5 Minutes 

Pairing 36/78 :    V7P3R_v10.2  -  V7P3R_v10.0

PGN-File: C:\Program Files (x86)\Arena\Tournaments\Engine Regression Battle 20250911.pgn

No:  B/W 1/2     W:B       1:2           Time        Value Moves Dep 1:2       1-2-Draws
  10 = =    4.5:4.5        4.5:5.5       7:37:45 AM    +9.70    59 5.667 :5.375  0-1-9

--------------------------------------------------------------

Engine-Match Saturday, September 13, 2025 7:37:46 AM
 Tournament Game in 5 Minutes 

Pairing 37/78 :    V7P3R_v6.0  -  V7P3R_v10.6

PGN-File: C:\Program Files (x86)\Arena\Tournaments\Engine Regression Battle 20250911.pgn

No:  B/W 1/2     W:B       1:2           Time        Value Moves Dep 1:2       1-2-Draws
  10 W 2    1.0:0.0        0.0:10.0      7:40:55 AM   +36.73    13 3.000 :4.455  0-10-0

--------------------------------------------------------------

Engine-Match Saturday, September 13, 2025 7:40:56 AM
 Tournament Game in 5 Minutes 

Pairing 38/78 :    V7P3R_v10.5  -  V7P3R_v7.0

PGN-File: C:\Program Files (x86)\Arena\Tournaments\Engine Regression Battle 20250911.pgn

No:  B/W 1/2     W:B       1:2           Time        Value Moves Dep 1:2       1-2-Draws
  10 B 1    1.0:0.0        10.0:0.0      7:43:59 AM  -120.00     8 5.167 :6.000  10-0-0

--------------------------------------------------------------

Engine-Match Saturday, September 13, 2025 7:44:06 AM
 Tournament Game in 5 Minutes 

Pairing 39/78 :    V7P3R_v8.0  -  V7P3R_v10.4

PGN-File: C:\Program Files (x86)\Arena\Tournaments\Engine Regression Battle 20250911.pgn

No:  B/W 1/2     W:B       1:2           Time        Value Moves Dep 1:2       1-2-Draws
  10 W 2    1.0:0.0        0.0:10.0      7:47:19 AM   +21.00    15 5.600 :4.091  0-10-0

--------------------------------------------------------------

Engine-Match Saturday, September 13, 2025 7:47:20 AM
 Tournament Game in 5 Minutes 

Pairing 40/78 :    V7P3R_v10.3  -  V7P3R_v9.0

PGN-File: C:\Program Files (x86)\Arena\Tournaments\Engine Regression Battle 20250911.pgn

No:  B/W 1/2     W:B       1:2           Time        Value Moves Dep 1:2       1-2-Draws
  10 B 1    1.0:0.0        10.0:0.0      7:49:17 AM  -230.00     9 3.286 :6.000  10-0-0

--------------------------------------------------------------

Engine-Match Saturday, September 13, 2025 7:49:18 AM
 Tournament Game in 5 Minutes 

Pairing 41/78 :    Random_Opponent  -  V7P3R_v10.2

PGN-File: C:\Program Files (x86)\Arena\Tournaments\Engine Regression Battle 20250911.pgn

No:  B/W 1/2     W:B       1:2           Time        Value Moves Dep 1:2       1-2-Draws
  10 W 2    1.0:0.0        0.0:10.0      7:51:39 AM  +289.99     8 0:5.714  0-10-0

--------------------------------------------------------------

Engine-Match Saturday, September 13, 2025 7:51:41 AM
 Tournament Game in 5 Minutes 

Pairing 42/78 :    V7P3R_v10.0  -  Stockfish 1%

PGN-File: C:\Program Files (x86)\Arena\Tournaments\Engine Regression Battle 20250911.pgn

No:  B/W 1/2     W:B       1:2           Time        Value Moves Dep 1:2       1-2-Draws
  10 W 2    1.5:0.5        1.5:8.5       7:55:41 AM      +M1    35 4.735 :13.923  1-8-1

--------------------------------------------------------------

Engine-Match Saturday, September 13, 2025 7:55:43 AM
 Tournament Game in 5 Minutes 

Pairing 43/78 :    V7P3R_v5.1  -  V7P3R_v10.5

PGN-File: C:\Program Files (x86)\Arena\Tournaments\Engine Regression Battle 20250911.pgn

No:  B/W 1/2     W:B       1:2           Time        Value Moves Dep 1:2       1-2-Draws
  10 W 2    1.0:0.0        0.0:10.0      7:57:23 AM   +17.00     6 3.667 :5.333  0-10-0

--------------------------------------------------------------

Engine-Match Saturday, September 13, 2025 7:57:24 AM
 Tournament Game in 5 Minutes 

Pairing 44/78 :    V7P3R_v10.4  -  V7P3R_v6.0

PGN-File: C:\Program Files (x86)\Arena\Tournaments\Engine Regression Battle 20250911.pgn

No:  B/W 1/2     W:B       1:2           Time        Value Moves Dep 1:2       1-2-Draws
  10 B 1    1.0:0.0        10.0:0.0      8:00:36 AM   -35.55    14 4.700 :3.000  10-0-0

--------------------------------------------------------------

Engine-Match Saturday, September 13, 2025 8:00:38 AM
 Tournament Game in 5 Minutes 

Pairing 45/78 :    V7P3R_v7.0  -  V7P3R_v10.3

PGN-File: C:\Program Files (x86)\Arena\Tournaments\Engine Regression Battle 20250911.pgn

No:  B/W 1/2     W:B       1:2           Time        Value Moves Dep 1:2       1-2-Draws
  10 W 2    2.0:1.0        1.0:9.0       8:03:47 AM  +110.00     9 5.667 :3.375  0-8-2

--------------------------------------------------------------

Engine-Match Saturday, September 13, 2025 8:03:48 AM
 Tournament Game in 5 Minutes 

Pairing 46/78 :    V7P3R_v10.2  -  V7P3R_v8.0

PGN-File: C:\Program Files (x86)\Arena\Tournaments\Engine Regression Battle 20250911.pgn

No:  B/W 1/2     W:B       1:2           Time        Value Moves Dep 1:2       1-2-Draws
  10 B 1    1.0:0.0        10.0:0.0      8:06:23 AM    -9.00    13 5.000 :5.923  10-0-0

--------------------------------------------------------------

Engine-Match Saturday, September 13, 2025 8:06:25 AM
 Tournament Game in 5 Minutes 

Pairing 47/78 :    V7P3R_v9.0  -  V7P3R_v10.0

PGN-File: C:\Program Files (x86)\Arena\Tournaments\Engine Regression Battle 20250911.pgn

No:  B/W 1/2     W:B       1:2           Time        Value Moves Dep 1:2       1-2-Draws
  10 W 2    1.0:0.0        0.0:10.0      8:09:03 AM  +215.00    10 6.000 :5.800  0-10-0

--------------------------------------------------------------

Engine-Match Saturday, September 13, 2025 8:09:04 AM
 Tournament Game in 5 Minutes 

Pairing 48/78 :    Stockfish 1%  -  Random_Opponent

PGN-File: C:\Program Files (x86)\Arena\Tournaments\Engine Regression Battle 20250911.pgn

No:  B/W 1/2     W:B       1:2           Time        Value Moves Dep 1:2       1-2-Draws
  10 B 1    1.0:0.0        10.0:0.0      8:09:18 AM      -M1    25 15.250 :0 10-0-0

--------------------------------------------------------------

Engine-Match Saturday, September 13, 2025 8:09:19 AM
 Tournament Game in 5 Minutes 

Pairing 49/78 :    V7P3R_v10.6  -  V7P3R_v10.4

PGN-File: C:\Program Files (x86)\Arena\Tournaments\Engine Regression Battle 20250911.pgn

No:  B/W 1/2     W:B       1:2           Time        Value Moves Dep 1:2       1-2-Draws
  10 W 2    2.0:1.0        4.0:6.0       8:15:25 AM  +289.99    52 3.556 :3.824  3-5-2

--------------------------------------------------------------

Engine-Match Saturday, September 13, 2025 8:15:27 AM
 Tournament Game in 5 Minutes 

Pairing 50/78 :    V7P3R_v10.3  -  V7P3R_v5.1

PGN-File: C:\Program Files (x86)\Arena\Tournaments\Engine Regression Battle 20250911.pgn

No:  B/W 1/2     W:B       1:2           Time        Value Moves Dep 1:2       1-2-Draws
  10 B 1    1.0:0.0        10.0:0.0      8:20:58 AM   -22.45    21 3.500 :3.143  10-0-0

--------------------------------------------------------------

Engine-Match Saturday, September 13, 2025 8:20:59 AM
 Tournament Game in 5 Minutes 

Pairing 51/78 :    V7P3R_v6.0  -  V7P3R_v10.2

PGN-File: C:\Program Files (x86)\Arena\Tournaments\Engine Regression Battle 20250911.pgn

No:  B/W 1/2     W:B       1:2           Time        Value Moves Dep 1:2       1-2-Draws
  10 W 2    1.0:0.0        0.0:10.0      8:24:00 AM   +39.83    11 3.000 :5.625  0-10-0

--------------------------------------------------------------

Engine-Match Saturday, September 13, 2025 8:24:01 AM
 Tournament Game in 5 Minutes 

Pairing 52/78 :    V7P3R_v10.0  -  V7P3R_v7.0

PGN-File: C:\Program Files (x86)\Arena\Tournaments\Engine Regression Battle 20250911.pgn

No:  B/W 1/2     W:B       1:2           Time        Value Moves Dep 1:2       1-2-Draws
  10 B 1    2.0:1.0        9.0:1.0       8:27:49 AM   -15.00     8 5.571 :5.875  8-0-2

--------------------------------------------------------------

Engine-Match Saturday, September 13, 2025 8:27:50 AM
 Tournament Game in 5 Minutes 

Pairing 53/78 :    V7P3R_v8.0  -  Stockfish 1%

PGN-File: C:\Program Files (x86)\Arena\Tournaments\Engine Regression Battle 20250911.pgn

No:  B/W 1/2     W:B       1:2           Time        Value Moves Dep 1:2       1-2-Draws
  10 W 2    1.0:0.0        0.0:10.0      8:29:23 AM  +107.00    20 5.900 :12.063  0-10-0

--------------------------------------------------------------

Engine-Match Saturday, September 13, 2025 8:29:24 AM
 Tournament Game in 5 Minutes 

Pairing 54/78 :    Random_Opponent  -  V7P3R_v9.0

PGN-File: C:\Program Files (x86)\Arena\Tournaments\Engine Regression Battle 20250911.pgn

No:  B/W 1/2     W:B       1:2           Time        Value Moves Dep 1:2       1-2-Draws
  10 W 2    1.0:0.0        0.0:10.0      8:30:14 AM      +M1    16 0:6.000  0-10-0

--------------------------------------------------------------

Engine-Match Saturday, September 13, 2025 8:30:16 AM
 Tournament Game in 5 Minutes 

Pairing 55/78 :    V7P3R_v10.5  -  V7P3R_v10.3

PGN-File: C:\Program Files (x86)\Arena\Tournaments\Engine Regression Battle 20250911.pgn

No:  B/W 1/2     W:B       1:2           Time        Value Moves Dep 1:2       1-2-Draws
  10 B 1    1.0:0.0        10.0:0.0      8:34:59 AM   -10.59    15 4.636 :3.000  10-0-0

--------------------------------------------------------------

Engine-Match Saturday, September 13, 2025 8:35:01 AM
 Tournament Game in 5 Minutes 

Pairing 56/78 :    V7P3R_v10.2  -  V7P3R_v10.6

PGN-File: C:\Program Files (x86)\Arena\Tournaments\Engine Regression Battle 20250911.pgn

No:  B/W 1/2     W:B       1:2           Time        Value Moves Dep 1:2       1-2-Draws
  10 = =    1.0:1.0        2.0:8.0       8:40:34 AM    -0.20    15 5.200 :3.900  1-7-2

--------------------------------------------------------------

Engine-Match Saturday, September 13, 2025 8:40:35 AM
 Tournament Game in 5 Minutes 

Pairing 57/78 :    V7P3R_v5.1  -  V7P3R_v10.0

PGN-File: C:\Program Files (x86)\Arena\Tournaments\Engine Regression Battle 20250911.pgn

No:  B/W 1/2     W:B       1:2           Time        Value Moves Dep 1:2       1-2-Draws
  10 = =    1.5:1.5        1.5:8.5       8:45:11 AM   +33.20    23 3.182 :5.739  0-7-3

--------------------------------------------------------------

Engine-Match Saturday, September 13, 2025 8:45:13 AM
 Tournament Game in 5 Minutes 

Pairing 58/78 :    Stockfish 1%  -  V7P3R_v6.0

PGN-File: C:\Program Files (x86)\Arena\Tournaments\Engine Regression Battle 20250911.pgn

No:  B/W 1/2     W:B       1:2           Time        Value Moves Dep 1:2       1-2-Draws
  10 B 1    1.0:0.0        10.0:0.0      8:46:27 AM   -24.29     9 15.000 :3.000  10-0-0

--------------------------------------------------------------

Engine-Match Saturday, September 13, 2025 8:46:34 AM
 Tournament Game in 5 Minutes 

Pairing 59/78 :    V7P3R_v7.0  -  Random_Opponent

PGN-File: C:\Program Files (x86)\Arena\Tournaments\Engine Regression Battle 20250911.pgn

No:  B/W 1/2     W:B       1:2           Time        Value Moves Dep 1:2       1-2-Draws
  10 B 1    2.5:1.5        8.5:1.5       8:48:08 AM    -M500     8 5.750 :0 7-0-3

--------------------------------------------------------------

Engine-Match Saturday, September 13, 2025 8:48:10 AM
 Tournament Game in 5 Minutes 

Pairing 60/78 :    V7P3R_v9.0  -  V7P3R_v8.0

PGN-File: C:\Program Files (x86)\Arena\Tournaments\Engine Regression Battle 20250911.pgn

No:  B/W 1/2     W:B       1:2           Time        Value Moves Dep 1:2       1-2-Draws
  10 W 2    1.0:0.0        1.0:9.0       8:49:21 AM  +115.00    10 6.000 :5.500  1-9-0

--------------------------------------------------------------

Engine-Match Saturday, September 13, 2025 8:49:23 AM
 Tournament Game in 5 Minutes 

Pairing 61/78 :    V7P3R_v10.4  -  V7P3R_v10.2

PGN-File: C:\Program Files (x86)\Arena\Tournaments\Engine Regression Battle 20250911.pgn

No:  B/W 1/2     W:B       1:2           Time        Value Moves Dep 1:2       1-2-Draws
  10 B 1    2.5:1.5        8.5:1.5       8:57:18 AM     0.00    81 3.824 :4.688  7-0-3

--------------------------------------------------------------

Engine-Match Saturday, September 13, 2025 8:57:19 AM
 Tournament Game in 5 Minutes 

Pairing 62/78 :    V7P3R_v10.0  -  V7P3R_v10.5

PGN-File: C:\Program Files (x86)\Arena\Tournaments\Engine Regression Battle 20250911.pgn

No:  B/W 1/2     W:B       1:2           Time        Value Moves Dep 1:2       1-2-Draws
  10 B 1    4.0:3.0        7.0:3.0       9:04:08 AM  -289.98    44 5.318 :4.833  4-0-6

--------------------------------------------------------------

Engine-Match Saturday, September 13, 2025 9:04:09 AM
 Tournament Game in 5 Minutes 

Pairing 63/78 :    V7P3R_v10.6  -  Stockfish 1%

PGN-File: C:\Program Files (x86)\Arena\Tournaments\Engine Regression Battle 20250911.pgn

No:  B/W 1/2     W:B       1:2           Time        Value Moves Dep 1:2       1-2-Draws
  10 W 2    2.0:1.0        2.0:8.0       9:06:28 AM    +9.64    20 3.929 :15.000  1-7-2

--------------------------------------------------------------

Engine-Match Saturday, September 13, 2025 9:06:29 AM
 Tournament Game in 5 Minutes 

Pairing 64/78 :    Random_Opponent  -  V7P3R_v5.1

PGN-File: C:\Program Files (x86)\Arena\Tournaments\Engine Regression Battle 20250911.pgn

No:  B/W 1/2     W:B       1:2           Time        Value Moves Dep 1:2       1-2-Draws
  10 W 2    1.0:0.0        0.0:10.0      9:09:57 AM     0.00    34 0:3.231  0-10-0

--------------------------------------------------------------

Engine-Match Saturday, September 13, 2025 9:09:58 AM
 Tournament Game in 5 Minutes 

Pairing 65/78 :    V7P3R_v6.0  -  V7P3R_v9.0

PGN-File: C:\Program Files (x86)\Arena\Tournaments\Engine Regression Battle 20250911.pgn

No:  B/W 1/2     W:B       1:2           Time        Value Moves Dep 1:2       1-2-Draws
  10 W 2    1.0:0.0        0.0:10.0      9:11:05 AM   +19.73     6 3.000 :6.000  0-10-0

--------------------------------------------------------------

Engine-Match Saturday, September 13, 2025 9:11:06 AM
 Tournament Game in 5 Minutes 

Pairing 66/78 :    V7P3R_v8.0  -  V7P3R_v7.0

PGN-File: C:\Program Files (x86)\Arena\Tournaments\Engine Regression Battle 20250911.pgn

No:  B/W 1/2     W:B       1:2           Time        Value Moves Dep 1:2       1-2-Draws
  10 B 1    1.0:0.0        5.0:5.0       9:13:11 AM   -20.00     5 5.500 :6.000  5-5-0

--------------------------------------------------------------

Engine-Match Saturday, September 13, 2025 9:13:13 AM
 Tournament Game in 5 Minutes 

Pairing 67/78 :    V7P3R_v10.3  -  V7P3R_v10.0

PGN-File: C:\Program Files (x86)\Arena\Tournaments\Engine Regression Battle 20250911.pgn

No:  B/W 1/2     W:B       1:2           Time        Value Moves Dep 1:2       1-2-Draws
  10 W 2    1.5:0.5        0.5:9.5       9:19:12 AM   +20.11    17 3.125 :4.824  0-9-1

--------------------------------------------------------------

Engine-Match Saturday, September 13, 2025 9:19:14 AM
 Tournament Game in 5 Minutes 

Pairing 68/78 :    Stockfish 1%  -  V7P3R_v10.4

PGN-File: C:\Program Files (x86)\Arena\Tournaments\Engine Regression Battle 20250911.pgn

No:  B/W 1/2     W:B       1:2           Time        Value Moves Dep 1:2       1-2-Draws
  10 B 1    1.0:0.0        10.0:0.0      9:22:23 AM    -9.12    22 14.429 :4.286  10-0-0

--------------------------------------------------------------

Engine-Match Saturday, September 13, 2025 9:22:24 AM
 Tournament Game in 5 Minutes 

Pairing 69/78 :    V7P3R_v10.5  -  Random_Opponent

PGN-File: C:\Program Files (x86)\Arena\Tournaments\Engine Regression Battle 20250911.pgn

No:  B/W 1/2     W:B       1:2           Time        Value Moves Dep 1:2       1-2-Draws
  10 B 1    1.0:0.0        10.0:0.0      9:24:47 AM     0.00    19 4.706 :0 10-0-0

--------------------------------------------------------------

Engine-Match Saturday, September 13, 2025 9:24:49 AM
 Tournament Game in 5 Minutes 

Pairing 70/78 :    V7P3R_v9.0  -  V7P3R_v10.6

PGN-File: C:\Program Files (x86)\Arena\Tournaments\Engine Regression Battle 20250911.pgn

No:  B/W 1/2     W:B       1:2           Time        Value Moves Dep 1:2       1-2-Draws
  10 W 2    1.0:0.0        0.0:10.0      9:27:39 AM  +295.00    12 6.000 :4.091  0-10-0

--------------------------------------------------------------

Engine-Match Saturday, September 13, 2025 9:27:40 AM
 Tournament Game in 5 Minutes 

Pairing 71/78 :    V7P3R_v5.1  -  V7P3R_v8.0

PGN-File: C:\Program Files (x86)\Arena\Tournaments\Engine Regression Battle 20250911.pgn

No:  B/W 1/2     W:B       1:2           Time        Value Moves Dep 1:2       1-2-Draws
  10 W 2    1.0:0.0        0.0:10.0      9:29:41 AM      +M1    11 4.000 :6.000  0-10-0

--------------------------------------------------------------

Engine-Match Saturday, September 13, 2025 9:29:43 AM
 Tournament Game in 5 Minutes 

Pairing 72/78 :    V7P3R_v7.0  -  V7P3R_v6.0

PGN-File: C:\Program Files (x86)\Arena\Tournaments\Engine Regression Battle 20250911.pgn

No:  B/W 1/2     W:B       1:2           Time        Value Moves Dep 1:2       1-2-Draws
  10 B 1    1.0:0.0        10.0:0.0      9:33:22 AM   -20.97    11 5.900 :3.000  10-0-0

--------------------------------------------------------------

Engine-Match Saturday, September 13, 2025 9:33:23 AM
 Tournament Game in 5 Minutes 

Pairing 73/78 :    V7P3R_v10.2  -  Stockfish 1%

PGN-File: C:\Program Files (x86)\Arena\Tournaments\Engine Regression Battle 20250911.pgn

No:  B/W 1/2     W:B       1:2           Time        Value Moves Dep 1:2       1-2-Draws
  10 W 2    1.0:0.0        0.0:10.0      9:37:26 AM   +12.00    59 5.125 :12.500  0-10-0

--------------------------------------------------------------

Engine-Match Saturday, September 13, 2025 9:37:27 AM
 Tournament Game in 5 Minutes 

Pairing 74/78 :    Random_Opponent  -  V7P3R_v10.3

PGN-File: C:\Program Files (x86)\Arena\Tournaments\Engine Regression Battle 20250911.pgn

No:  B/W 1/2     W:B       1:2           Time        Value Moves Dep 1:2       1-2-Draws
  10 W 2    1.0:0.0        0.0:10.0      9:38:27 AM  +289.98     8 0:3.714  0-10-0

--------------------------------------------------------------

Engine-Match Saturday, September 13, 2025 9:38:28 AM
 Tournament Game in 5 Minutes 

Pairing 75/78 :    V7P3R_v10.4  -  V7P3R_v9.0

PGN-File: C:\Program Files (x86)\Arena\Tournaments\Engine Regression Battle 20250911.pgn

No:  B/W 1/2     W:B       1:2           Time        Value Moves Dep 1:2       1-2-Draws
  10 B 1    1.0:0.0        10.0:0.0      9:40:35 AM   -70.00    12 3.778 :6.000  10-0-0

--------------------------------------------------------------

Engine-Match Saturday, September 13, 2025 9:40:37 AM
 Tournament Game in 5 Minutes 

Pairing 76/78 :    V7P3R_v8.0  -  V7P3R_v10.5

PGN-File: C:\Program Files (x86)\Arena\Tournaments\Engine Regression Battle 20250911.pgn

No:  B/W 1/2     W:B       1:2           Time        Value Moves Dep 1:2       1-2-Draws
  10 W 2    1.0:0.0        0.0:10.0      9:43:41 AM   +10.00    13 5.615 :5.000  0-10-0

--------------------------------------------------------------

Engine-Match Saturday, September 13, 2025 9:43:42 AM
 Tournament Game in 5 Minutes 

Pairing 77/78 :    V7P3R_v10.6  -  V7P3R_v7.0

PGN-File: C:\Program Files (x86)\Arena\Tournaments\Engine Regression Battle 20250911.pgn

No:  B/W 1/2     W:B       1:2           Time        Value Moves Dep 1:2       1-2-Draws
  10 B 1    1.0:0.0        7.0:3.0       9:52:20 AM    -M500    49 4.133 :5.895  7-3-0

--------------------------------------------------------------

Engine-Match Saturday, September 13, 2025 9:52:21 AM
 Tournament Game in 5 Minutes 

Pairing 78/78 :    V7P3R_v6.0  -  V7P3R_v5.1

PGN-File: C:\Program Files (x86)\Arena\Tournaments\Engine Regression Battle 20250911.pgn

No:  B/W 1/2     W:B       1:2           Time        Value Moves Dep 1:2       1-2-Draws
  10 W 2    1.0:0.0        0.0:10.0      9:55:39 AM   +60.97    14 3.000 :3.357  0-10-0
