Engine-Match Wednesday, November 5, 2025 11:04:33 PM
 Blitz 2/1 

Pairing 1/91 :    V7P3R_v14.0  -  VPR_v9.0

PGN-File: C:\Program Files (x86)\Arena\Tournaments\Engine Battle 20251105_2.pgn

No:  B/W 1/2     W:B       1:2           Time        Value Moves Dep 1:2       1-2-Draws
   1 * *     0.0:0.0        0.0:0.0       11:04:47 PM    +0.38     1 5.000 :0 0-0-0

--------------------------------------------------------------

Engine-Match Wednesday, November 5, 2025 11:05:41 PM
 Blitz 2/1 

Pairing 1/55 :    V7P3R_v14.0  -  RandomOpponent

PGN-File: C:\Program Files (x86)\Arena\Tournaments\Engine Battle 20251105_2.pgn

No:  B/W 1/2     W:B       1:2           Time        Value Moves Dep 1:2       1-2-Draws
   1 W 1    1.0:0.0        1.0:0.0       11:06:03 PM     0.00     6 4.200 :0 1-0-0

--------------------------------------------------------------

Engine-Match Wednesday, November 5, 2025 11:06:05 PM
 Blitz 2/1 

Pairing 2/55 :    MaterialOpponent  -  C0BR4_v3.1

PGN-File: C:\Program Files (x86)\Arena\Tournaments\Engine Battle 20251105_2.pgn

No:  B/W 1/2     W:B       1:2           Time        Value Moves Dep 1:2       1-2-Draws
   1 B 2    1.0:0.0        0.0:1.0       11:07:58 PM   -14.90    42 6.000 :4.000  0-1-0

--------------------------------------------------------------

Engine-Match Wednesday, November 5, 2025 11:07:59 PM
 Blitz 2/1 

Pairing 3/55 :    SlowMate_v3.1  -  V7P3R_v12.6

PGN-File: C:\Program Files (x86)\Arena\Tournaments\Engine Battle 20251105_2.pgn

No:  B/W 1/2     W:B       1:2           Time        Value Moves Dep 1:2       1-2-Draws
   1 = =    0.5:0.5        0.5:0.5       11:13:26 PM    -3.17    55 2.618 :2.852  0-0-1

--------------------------------------------------------------

Engine-Match Wednesday, November 5, 2025 11:13:27 PM
 Blitz 2/1 

Pairing 4/55 :    V7P3R_v10.8  -  Stockfish 1%

PGN-File: C:\Program Files (x86)\Arena\Tournaments\Engine Battle 20251105_2.pgn

No:  B/W 1/2     W:B       1:2           Time        Value Moves Dep 1:2       1-2-Draws
   1 B 2    1.0:0.0        0.0:1.0       11:15:45 PM   -25.03    40 3.059 :11.200  0-1-0

--------------------------------------------------------------

Engine-Match Wednesday, November 5, 2025 11:15:47 PM
 Blitz 2/1 

Pairing 5/55 :    VPR_v8.1  -  C0BR4_v2.9

PGN-File: C:\Program Files (x86)\Arena\Tournaments\Engine Battle 20251105_2.pgn

No:  B/W 1/2     W:B       1:2           Time        Value Moves Dep 1:2       1-2-Draws
   1 B 2    1.0:0.0        0.0:1.0       11:16:38 PM  -299.97    19 6.000 :3.882  0-1-0

--------------------------------------------------------------

Engine-Match Wednesday, November 5, 2025 11:16:40 PM
 Blitz 2/1 

Pairing 6/55 :    VPR_v9.0  -  MaterialOpponent

PGN-File: C:\Program Files (x86)\Arena\Tournaments\Engine Battle 20251105_2.pgn

No:  B/W 1/2     W:B       1:2           Time        Value Moves Dep 1:2       1-2-Draws
   1 B 2    1.0:0.0        0.0:1.0       11:18:11 PM   -15.32    17 5.882 :6.000  0-1-0

--------------------------------------------------------------

Engine-Match Wednesday, November 5, 2025 11:18:13 PM
 Blitz 2/1 

Pairing 7/55 :    V7P3R_v12.6  -  V7P3R_v14.0

PGN-File: C:\Program Files (x86)\Arena\Tournaments\Engine Battle 20251105_2.pgn

No:  B/W 1/2     W:B       1:2           Time        Value Moves Dep 1:2       1-2-Draws
   1 B 2    1.0:0.0        0.0:1.0       11:25:05 PM     0.00    94 3.818 :4.053  0-1-0

--------------------------------------------------------------

Engine-Match Wednesday, November 5, 2025 11:25:06 PM
 Blitz 2/1 

Pairing 8/55 :    C0BR4_v3.1  -  V7P3R_v10.8

PGN-File: C:\Program Files (x86)\Arena\Tournaments\Engine Battle 20251105_2.pgn

No:  B/W 1/2     W:B       1:2           Time        Value Moves Dep 1:2       1-2-Draws
   1 W 1    1.0:0.0        1.0:0.0       11:27:35 PM  +299.97    38 4.000 :3.259  1-0-0

--------------------------------------------------------------

Engine-Match Wednesday, November 5, 2025 11:27:36 PM
 Blitz 2/1 

Pairing 9/55 :    C0BR4_v2.9  -  SlowMate_v3.1

PGN-File: C:\Program Files (x86)\Arena\Tournaments\Engine Battle 20251105_2.pgn

No:  B/W 1/2     W:B       1:2           Time        Value Moves Dep 1:2       1-2-Draws
   1 = =    0.5:0.5        0.5:0.5       11:29:31 PM    -1.14    30 4.000 :3.276  0-0-1

--------------------------------------------------------------

Engine-Match Wednesday, November 5, 2025 11:29:33 PM
 Blitz 2/1 

Pairing 10/55 :    Stockfish 1%  -  VPR_v8.1

PGN-File: C:\Program Files (x86)\Arena\Tournaments\Engine Battle 20251105_2.pgn

No:  B/W 1/2     W:B       1:2           Time        Value Moves Dep 1:2       1-2-Draws
   1 W 1    1.0:0.0        1.0:0.0       11:30:32 PM  +299.94    34 11.750 :6.000  1-0-0

--------------------------------------------------------------

Engine-Match Wednesday, November 5, 2025 11:30:34 PM
 Blitz 2/1 

Pairing 11/55 :    RandomOpponent  -  V7P3R_v12.6

PGN-File: C:\Program Files (x86)\Arena\Tournaments\Engine Battle 20251105_2.pgn

No:  B/W 1/2     W:B       1:2           Time        Value Moves Dep 1:2       1-2-Draws
   1 B 2    1.0:0.0        0.0:1.0       11:32:38 PM     0.00    28 0:4.261  0-1-0

--------------------------------------------------------------

Engine-Match Wednesday, November 5, 2025 11:32:40 PM
 Blitz 2/1 

Pairing 12/55 :    V7P3R_v10.8  -  VPR_v9.0

PGN-File: C:\Program Files (x86)\Arena\Tournaments\Engine Battle 20251105_2.pgn

No:  B/W 1/2     W:B       1:2           Time        Value Moves Dep 1:2       1-2-Draws
   1 W 1    1.0:0.0        1.0:0.0       11:37:15 PM     0.00    64 3.333 :6.000  1-0-0

--------------------------------------------------------------

Engine-Match Wednesday, November 5, 2025 11:37:16 PM
 Blitz 2/1 

Pairing 13/55 :    V7P3R_v14.0  -  C0BR4_v2.9

PGN-File: C:\Program Files (x86)\Arena\Tournaments\Engine Battle 20251105_2.pgn

No:  B/W 1/2     W:B       1:2           Time        Value Moves Dep 1:2       1-2-Draws
   1 = =    0.5:0.5        0.5:0.5       11:40:40 PM    -1.23    51 4.000 :4.000  0-0-1

--------------------------------------------------------------

Engine-Match Wednesday, November 5, 2025 11:40:41 PM
 Blitz 2/1 

Pairing 14/55 :    VPR_v8.1  -  C0BR4_v3.1

PGN-File: C:\Program Files (x86)\Arena\Tournaments\Engine Battle 20251105_2.pgn

No:  B/W 1/2     W:B       1:2           Time        Value Moves Dep 1:2       1-2-Draws
   1 B 2    1.0:0.0        0.0:1.0       11:41:36 PM  -299.97    19 6.000 :3.889  0-1-0

--------------------------------------------------------------

Engine-Match Wednesday, November 5, 2025 11:41:38 PM
 Blitz 2/1 

Pairing 15/55 :    SlowMate_v3.1  -  Stockfish 1%

PGN-File: C:\Program Files (x86)\Arena\Tournaments\Engine Battle 20251105_2.pgn

No:  B/W 1/2     W:B       1:2           Time        Value Moves Dep 1:2       1-2-Draws
   1 B 2    1.0:0.0        0.0:1.0       11:43:14 PM      -M1    28 3.107 :11.500  0-1-0

--------------------------------------------------------------

Engine-Match Wednesday, November 5, 2025 11:43:16 PM
 Blitz 2/1 

Pairing 16/55 :    MaterialOpponent  -  V7P3R_v10.8

PGN-File: C:\Program Files (x86)\Arena\Tournaments\Engine Battle 20251105_2.pgn

No:  B/W 1/2     W:B       1:2           Time        Value Moves Dep 1:2       1-2-Draws
   1 = =    0.5:0.5        0.5:0.5       11:46:33 PM     0.00    60 6.000 :3.265  0-0-1

--------------------------------------------------------------

Engine-Match Wednesday, November 5, 2025 11:46:34 PM
 Blitz 2/1 

Pairing 17/55 :    C0BR4_v2.9  -  RandomOpponent

PGN-File: C:\Program Files (x86)\Arena\Tournaments\Engine Battle 20251105_2.pgn

No:  B/W 1/2     W:B       1:2           Time        Value Moves Dep 1:2       1-2-Draws
   1 W 1    1.0:0.0        1.0:0.0       11:46:46 PM  +299.97     8 4.000 :0 1-0-0

--------------------------------------------------------------

Engine-Match Wednesday, November 5, 2025 11:46:48 PM
 Blitz 2/1 

Pairing 18/55 :    VPR_v9.0  -  VPR_v8.1

PGN-File: C:\Program Files (x86)\Arena\Tournaments\Engine Battle 20251105_2.pgn

No:  B/W 1/2     W:B       1:2           Time        Value Moves Dep 1:2       1-2-Draws
   1 B 2    1.0:0.0        0.0:1.0       11:48:12 PM   -18.10    16 5.938 :6.000  0-1-0

--------------------------------------------------------------

Engine-Match Wednesday, November 5, 2025 11:48:14 PM
 Blitz 2/1 

Pairing 19/55 :    Stockfish 1%  -  V7P3R_v14.0

PGN-File: C:\Program Files (x86)\Arena\Tournaments\Engine Battle 20251105_2.pgn

No:  B/W 1/2     W:B       1:2           Time        Value Moves Dep 1:2       1-2-Draws
   1 W 1    1.0:0.0        1.0:0.0       11:50:58 PM   +12.18    50 10.600 :4.167  1-0-0

--------------------------------------------------------------

Engine-Match Wednesday, November 5, 2025 11:50:59 PM
 Blitz 2/1 

Pairing 20/55 :    C0BR4_v3.1  -  SlowMate_v3.1

PGN-File: C:\Program Files (x86)\Arena\Tournaments\Engine Battle 20251105_2.pgn

No:  B/W 1/2     W:B       1:2           Time        Value Moves Dep 1:2       1-2-Draws
   1 W 1    1.0:0.0        1.0:0.0       11:52:20 PM   +36.06    18 4.000 :3.444  1-0-0

--------------------------------------------------------------

Engine-Match Wednesday, November 5, 2025 11:52:28 PM
 Blitz 2/1 

Pairing 21/55 :    V7P3R_v12.6  -  C0BR4_v2.9

PGN-File: C:\Program Files (x86)\Arena\Tournaments\Engine Battle 20251105_2.pgn

No:  B/W 1/2     W:B       1:2           Time        Value Moves Dep 1:2       1-2-Draws
   1 W 1    1.0:0.0        1.0:0.0       11:55:17 PM   +19.53    55 3.850 :4.000  1-0-0

--------------------------------------------------------------

Engine-Match Wednesday, November 5, 2025 11:55:18 PM
 Blitz 2/1 

Pairing 22/55 :    VPR_v8.1  -  MaterialOpponent

PGN-File: C:\Program Files (x86)\Arena\Tournaments\Engine Battle 20251105_2.pgn

No:  B/W 1/2     W:B       1:2           Time        Value Moves Dep 1:2       1-2-Draws
   1 = =    0.5:0.5        0.5:0.5       11:55:27 PM     0.00     7 6.000 :6.000  0-0-1

--------------------------------------------------------------

Engine-Match Wednesday, November 5, 2025 11:55:29 PM
 Blitz 2/1 

Pairing 23/55 :    RandomOpponent  -  Stockfish 1%

PGN-File: C:\Program Files (x86)\Arena\Tournaments\Engine Battle 20251105_2.pgn

No:  B/W 1/2     W:B       1:2           Time        Value Moves Dep 1:2       1-2-Draws
   1 B 2    1.0:0.0        0.0:1.0       11:55:44 PM      -M1    18 0:11.800  0-1-0

--------------------------------------------------------------

Engine-Match Wednesday, November 5, 2025 11:55:45 PM
 Blitz 2/1 

Pairing 24/55 :    SlowMate_v3.1  -  VPR_v9.0

PGN-File: C:\Program Files (x86)\Arena\Tournaments\Engine Battle 20251105_2.pgn

No:  B/W 1/2     W:B       1:2           Time        Value Moves Dep 1:2       1-2-Draws
   1 W 1    1.0:0.0        1.0:0.0       11:57:50 PM   +22.05    16 3.375 :5.875  1-0-0

--------------------------------------------------------------

Engine-Match Wednesday, November 5, 2025 11:57:52 PM
 Blitz 2/1 

Pairing 25/55 :    V7P3R_v14.0  -  C0BR4_v3.1

PGN-File: C:\Program Files (x86)\Arena\Tournaments\Engine Battle 20251105_2.pgn

No:  B/W 1/2     W:B       1:2           Time        Value Moves Dep 1:2       1-2-Draws
   1 W 1    1.0:0.0        1.0:0.0       11:59:42 PM   +13.85    25 4.286 :4.000  1-0-0

--------------------------------------------------------------

Engine-Match Wednesday, November 5, 2025 11:59:43 PM
 Blitz 2/1 

Pairing 26/55 :    V7P3R_v10.8  -  VPR_v8.1

PGN-File: C:\Program Files (x86)\Arena\Tournaments\Engine Battle 20251105_2.pgn

No:  B/W 1/2     W:B       1:2           Time        Value Moves Dep 1:2       1-2-Draws
   1 = =    0.5:0.5        0.5:0.5       12:02:35 AM    +2.29    35 2.686 :6.000  0-0-1

--------------------------------------------------------------

Engine-Match Thursday, November 6, 2025 12:02:37 AM
 Blitz 2/1 

Pairing 27/55 :    Stockfish 1%  -  V7P3R_v12.6

PGN-File: C:\Program Files (x86)\Arena\Tournaments\Engine Battle 20251105_2.pgn

No:  B/W 1/2     W:B       1:2           Time        Value Moves Dep 1:2       1-2-Draws
   1 B 2    1.0:0.0        0.0:1.0       12:06:27 AM     0.00    94 11.250 :3.486  0-1-0

--------------------------------------------------------------

Engine-Match Thursday, November 6, 2025 12:06:29 AM
 Blitz 2/1 

Pairing 28/55 :    MaterialOpponent  -  SlowMate_v3.1

PGN-File: C:\Program Files (x86)\Arena\Tournaments\Engine Battle 20251105_2.pgn

No:  B/W 1/2     W:B       1:2           Time        Value Moves Dep 1:2       1-2-Draws
   1 = =    0.5:0.5        0.5:0.5       12:08:22 AM    -3.61    26 6.000 :3.077  0-0-1

--------------------------------------------------------------

Engine-Match Thursday, November 6, 2025 12:08:23 AM
 Blitz 2/1 

Pairing 29/55 :    C0BR4_v3.1  -  RandomOpponent

PGN-File: C:\Program Files (x86)\Arena\Tournaments\Engine Battle 20251105_2.pgn

No:  B/W 1/2     W:B       1:2           Time        Value Moves Dep 1:2       1-2-Draws
   1 W 1    1.0:0.0        1.0:0.0       12:08:56 AM  +299.97    28 4.000 :0 1-0-0

--------------------------------------------------------------

Engine-Match Thursday, November 6, 2025 12:08:57 AM
 Blitz 2/1 

Pairing 30/55 :    VPR_v9.0  -  V7P3R_v14.0

PGN-File: C:\Program Files (x86)\Arena\Tournaments\Engine Battle 20251105_2.pgn

No:  B/W 1/2     W:B       1:2           Time        Value Moves Dep 1:2       1-2-Draws
   1 B 2    1.0:0.0        0.0:1.0       12:11:39 AM   -26.63    20 5.944 :3.929  0-1-0

--------------------------------------------------------------

Engine-Match Thursday, November 6, 2025 12:11:41 AM
 Blitz 2/1 

Pairing 31/55 :    C0BR4_v2.9  -  Stockfish 1%

PGN-File: C:\Program Files (x86)\Arena\Tournaments\Engine Battle 20251105_2.pgn

No:  B/W 1/2     W:B       1:2           Time        Value Moves Dep 1:2       1-2-Draws
   1 B 2    1.0:0.0        0.0:1.0       12:15:34 AM    -9.49   113 4.000 :12.250  0-1-0

--------------------------------------------------------------

Engine-Match Thursday, November 6, 2025 12:15:35 AM
 Blitz 2/1 

Pairing 32/55 :    SlowMate_v3.1  -  V7P3R_v10.8

PGN-File: C:\Program Files (x86)\Arena\Tournaments\Engine Battle 20251105_2.pgn

No:  B/W 1/2     W:B       1:2           Time        Value Moves Dep 1:2       1-2-Draws
   1 = =    0.5:0.5        0.5:0.5       12:20:13 AM    +1.46    55 3.065 :3.000  0-0-1

--------------------------------------------------------------

Engine-Match Thursday, November 6, 2025 12:20:14 AM
 Blitz 2/1 

Pairing 33/55 :    V7P3R_v12.6  -  C0BR4_v3.1

PGN-File: C:\Program Files (x86)\Arena\Tournaments\Engine Battle 20251105_2.pgn

No:  B/W 1/2     W:B       1:2           Time        Value Moves Dep 1:2       1-2-Draws
   1 W 1    1.0:0.0        1.0:0.0       12:23:09 AM  +299.97    46 3.538 :4.000  1-0-0

--------------------------------------------------------------

Engine-Match Thursday, November 6, 2025 12:23:11 AM
 Blitz 2/1 

Pairing 34/55 :    V7P3R_v14.0  -  MaterialOpponent

PGN-File: C:\Program Files (x86)\Arena\Tournaments\Engine Battle 20251105_2.pgn

No:  B/W 1/2     W:B       1:2           Time        Value Moves Dep 1:2       1-2-Draws
   1 W 1    1.0:0.0        1.0:0.0       12:26:25 AM   +15.15    45 4.115 :6.000  1-0-0

--------------------------------------------------------------

Engine-Match Thursday, November 6, 2025 12:26:27 AM
 Blitz 2/1 

Pairing 35/55 :    RandomOpponent  -  VPR_v9.0

PGN-File: C:\Program Files (x86)\Arena\Tournaments\Engine Battle 20251105_2.pgn

No:  B/W 1/2     W:B       1:2           Time        Value Moves Dep 1:2       1-2-Draws
   1 B 2    1.0:0.0        0.0:1.0       12:27:07 AM  -299.99     8 0:6.000  0-1-0

--------------------------------------------------------------

Engine-Match Thursday, November 6, 2025 12:27:08 AM
 Blitz 2/1 

Pairing 36/55 :    VPR_v8.1  -  SlowMate_v3.1

PGN-File: C:\Program Files (x86)\Arena\Tournaments\Engine Battle 20251105_2.pgn

No:  B/W 1/2     W:B       1:2           Time        Value Moves Dep 1:2       1-2-Draws
   1 = =    0.5:0.5        0.5:0.5       12:29:11 AM    -3.61    26 6.000 :3.077  0-0-1

--------------------------------------------------------------

Engine-Match Thursday, November 6, 2025 12:29:12 AM
 Blitz 2/1 

Pairing 37/55 :    C0BR4_v3.1  -  C0BR4_v2.9

PGN-File: C:\Program Files (x86)\Arena\Tournaments\Engine Battle 20251105_2.pgn

No:  B/W 1/2     W:B       1:2           Time        Value Moves Dep 1:2       1-2-Draws
   1 W 1    1.0:0.0        1.0:0.0       12:29:57 AM  +299.97    31 4.000 :4.000  1-0-0

--------------------------------------------------------------

Engine-Match Thursday, November 6, 2025 12:29:59 AM
 Blitz 2/1 

Pairing 38/55 :    V7P3R_v10.8  -  V7P3R_v14.0

PGN-File: C:\Program Files (x86)\Arena\Tournaments\Engine Battle 20251105_2.pgn

No:  B/W 1/2     W:B       1:2           Time        Value Moves Dep 1:2       1-2-Draws
   1 = =    0.5:0.5        0.5:0.5       12:33:32 AM     0.00    45 3.391 :4.158  0-0-1

--------------------------------------------------------------

Engine-Match Thursday, November 6, 2025 12:33:34 AM
 Blitz 2/1 

Pairing 39/55 :    VPR_v9.0  -  V7P3R_v12.6

PGN-File: C:\Program Files (x86)\Arena\Tournaments\Engine Battle 20251105_2.pgn

No:  B/W 1/2     W:B       1:2           Time        Value Moves Dep 1:2       1-2-Draws
   1 B 2    1.0:0.0        0.0:1.0       12:35:21 AM   -17.17    11 6.000 :3.900  0-1-0

--------------------------------------------------------------

Engine-Match Thursday, November 6, 2025 12:35:22 AM
 Blitz 2/1 

Pairing 40/55 :    MaterialOpponent  -  RandomOpponent

PGN-File: C:\Program Files (x86)\Arena\Tournaments\Engine Battle 20251105_2.pgn

No:  B/W 1/2     W:B       1:2           Time        Value Moves Dep 1:2       1-2-Draws
   1 W 1    1.0:0.0        1.0:0.0       12:36:02 AM  +299.99    21 6.000 :0 1-0-0

--------------------------------------------------------------

Engine-Match Thursday, November 6, 2025 12:36:17 AM
 Blitz 2/1 

Pairing 41/55 :    Stockfish 1%  -  C0BR4_v3.1

PGN-File: C:\Program Files (x86)\Arena\Tournaments\Engine Battle 20251105_2.pgn

No:  B/W 1/2     W:B       1:2           Time        Value Moves Dep 1:2       1-2-Draws
   1 W 1    1.0:0.0        1.0:0.0       12:36:32 AM      +M1    26 11.667 :3.958  1-0-0

--------------------------------------------------------------

Engine-Match Thursday, November 6, 2025 12:36:33 AM
 Blitz 2/1 

Pairing 42/55 :    V7P3R_v14.0  -  VPR_v8.1

PGN-File: C:\Program Files (x86)\Arena\Tournaments\Engine Battle 20251105_2.pgn

No:  B/W 1/2     W:B       1:2           Time        Value Moves Dep 1:2       1-2-Draws
   1 W 1    1.0:0.0        1.0:0.0       12:38:35 AM     0.00    23 4.000 :6.000  1-0-0

--------------------------------------------------------------

Engine-Match Thursday, November 6, 2025 12:38:36 AM
 Blitz 2/1 

Pairing 43/55 :    C0BR4_v2.9  -  VPR_v9.0

PGN-File: C:\Program Files (x86)\Arena\Tournaments\Engine Battle 20251105_2.pgn

No:  B/W 1/2     W:B       1:2           Time        Value Moves Dep 1:2       1-2-Draws
   1 W 1    1.0:0.0        1.0:0.0       12:39:56 AM    +9.96    15 4.000 :6.000  1-0-0

--------------------------------------------------------------

Engine-Match Thursday, November 6, 2025 12:39:58 AM
 Blitz 2/1 

Pairing 44/55 :    RandomOpponent  -  V7P3R_v10.8

PGN-File: C:\Program Files (x86)\Arena\Tournaments\Engine Battle 20251105_2.pgn

No:  B/W 1/2     W:B       1:2           Time        Value Moves Dep 1:2       1-2-Draws
   1 B 2    1.0:0.0        0.0:1.0       12:41:29 AM  -289.96    27 0:3.640  0-1-0

--------------------------------------------------------------

Engine-Match Thursday, November 6, 2025 12:41:30 AM
 Blitz 2/1 

Pairing 45/55 :    V7P3R_v12.6  -  MaterialOpponent

PGN-File: C:\Program Files (x86)\Arena\Tournaments\Engine Battle 20251105_2.pgn

No:  B/W 1/2     W:B       1:2           Time        Value Moves Dep 1:2       1-2-Draws
   1 = =    0.5:0.5        0.5:0.5       12:43:53 AM     0.00    26 3.318 :6.000  0-0-1

--------------------------------------------------------------

Engine-Match Thursday, November 6, 2025 12:43:54 AM
 Blitz 2/1 

Pairing 46/55 :    SlowMate_v3.1  -  V7P3R_v14.0

PGN-File: C:\Program Files (x86)\Arena\Tournaments\Engine Battle 20251105_2.pgn

No:  B/W 1/2     W:B       1:2           Time        Value Moves Dep 1:2       1-2-Draws
   1 = =    0.5:0.5        0.5:0.5       12:49:47 AM    +2.32    72 3.208 :3.867  0-0-1

--------------------------------------------------------------

Engine-Match Thursday, November 6, 2025 12:49:48 AM
 Blitz 2/1 

Pairing 47/55 :    VPR_v9.0  -  Stockfish 1%

PGN-File: C:\Program Files (x86)\Arena\Tournaments\Engine Battle 20251105_2.pgn

No:  B/W 1/2     W:B       1:2           Time        Value Moves Dep 1:2       1-2-Draws
   1 B 2    1.0:0.0        0.0:1.0       12:52:46 AM   -10.27    56 5.974 :11.833  0-1-0

--------------------------------------------------------------

Engine-Match Thursday, November 6, 2025 12:52:47 AM
 Blitz 2/1 

Pairing 48/55 :    VPR_v8.1  -  RandomOpponent

PGN-File: C:\Program Files (x86)\Arena\Tournaments\Engine Battle 20251105_2.pgn

No:  B/W 1/2     W:B       1:2           Time        Value Moves Dep 1:2       1-2-Draws
   1 W 1    1.0:0.0        1.0:0.0       12:53:25 AM  +299.99    27 6.000 :0 1-0-0

--------------------------------------------------------------

Engine-Match Thursday, November 6, 2025 12:53:27 AM
 Blitz 2/1 

Pairing 49/55 :    MaterialOpponent  -  C0BR4_v2.9

PGN-File: C:\Program Files (x86)\Arena\Tournaments\Engine Battle 20251105_2.pgn

No:  B/W 1/2     W:B       1:2           Time        Value Moves Dep 1:2       1-2-Draws
   1 W 1    1.0:0.0        1.0:0.0       12:55:34 AM  +299.99    45 6.000 :3.977  1-0-0

--------------------------------------------------------------

Engine-Match Thursday, November 6, 2025 12:55:35 AM
 Blitz 2/1 

Pairing 50/55 :    V7P3R_v10.8  -  V7P3R_v12.6

PGN-File: C:\Program Files (x86)\Arena\Tournaments\Engine Battle 20251105_2.pgn

No:  B/W 1/2     W:B       1:2           Time        Value Moves Dep 1:2       1-2-Draws
   1 W 1    1.0:0.0        1.0:0.0       12:57:29 AM  +289.97    17 3.133 :3.500  1-0-0

--------------------------------------------------------------

Engine-Match Thursday, November 6, 2025 12:57:31 AM
 Blitz 2/1 

Pairing 51/55 :    C0BR4_v3.1  -  VPR_v9.0

PGN-File: C:\Program Files (x86)\Arena\Tournaments\Engine Battle 20251105_2.pgn

No:  B/W 1/2     W:B       1:2           Time        Value Moves Dep 1:2       1-2-Draws
   1 W 1    1.0:0.0        1.0:0.0       12:58:36 AM  +299.97    15 3.857 :6.000  1-0-0

--------------------------------------------------------------

Engine-Match Thursday, November 6, 2025 12:58:37 AM
 Blitz 2/1 

Pairing 52/55 :    RandomOpponent  -  SlowMate_v3.1

PGN-File: C:\Program Files (x86)\Arena\Tournaments\Engine Battle 20251105_2.pgn

No:  B/W 1/2     W:B       1:2           Time        Value Moves Dep 1:2       1-2-Draws
   1 B 2    1.0:0.0        0.0:1.0       12:59:28 AM   -77.66    13 0:3.462  0-1-0

--------------------------------------------------------------

Engine-Match Thursday, November 6, 2025 12:59:29 AM
 Blitz 2/1 

Pairing 53/55 :    Stockfish 1%  -  MaterialOpponent

PGN-File: C:\Program Files (x86)\Arena\Tournaments\Engine Battle 20251105_2.pgn

No:  B/W 1/2     W:B       1:2           Time        Value Moves Dep 1:2       1-2-Draws
   1 W 1    1.0:0.0        1.0:0.0       1:00:22 AM      +M1    26 12.200 :6.000  1-0-0

--------------------------------------------------------------

Engine-Match Thursday, November 6, 2025 1:00:24 AM
 Blitz 2/1 

Pairing 54/55 :    V7P3R_v12.6  -  VPR_v8.1

PGN-File: C:\Program Files (x86)\Arena\Tournaments\Engine Battle 20251105_2.pgn

No:  B/W 1/2     W:B       1:2           Time        Value Moves Dep 1:2       1-2-Draws
   1 B 2    1.0:0.0        0.0:1.0       1:05:24 AM   -15.04    75 3.159 :6.000  0-1-0

--------------------------------------------------------------

Engine-Match Thursday, November 6, 2025 1:05:26 AM
 Blitz 2/1 

Pairing 55/55 :    C0BR4_v2.9  -  V7P3R_v10.8

PGN-File: C:\Program Files (x86)\Arena\Tournaments\Engine Battle 20251105_2.pgn

No:  B/W 1/2     W:B       1:2           Time        Value Moves Dep 1:2       1-2-Draws
   1 W 1    1.0:0.0        1.0:0.0       1:07:43 AM   +11.68    45 4.000 :3.263  1-0-0

--------------------------------------------------------------

Engine-Match Thursday, November 6, 2025 1:07:44 AM
 Blitz 2/1 

Pairing 1/55 :    V7P3R_v14.0  -  RandomOpponent

PGN-File: C:\Program Files (x86)\Arena\Tournaments\Engine Battle 20251105_2.pgn

No:  B/W 1/2     W:B       1:2           Time        Value Moves Dep 1:2       1-2-Draws
   2 B 1    1.0:0.0        2.0:0.0       1:08:47 AM  -289.99    16 4.200 :0 2-0-0

--------------------------------------------------------------

Engine-Match Thursday, November 6, 2025 1:08:48 AM
 Blitz 2/1 

Pairing 2/55 :    MaterialOpponent  -  C0BR4_v3.1

PGN-File: C:\Program Files (x86)\Arena\Tournaments\Engine Battle 20251105_2.pgn

No:  B/W 1/2     W:B       1:2           Time        Value Moves Dep 1:2       1-2-Draws
   2 B 1    1.0:0.0        1.0:1.0       1:10:34 AM  -299.97    33 6.000 :3.968  1-1-0

--------------------------------------------------------------

Engine-Match Thursday, November 6, 2025 1:10:35 AM
 Blitz 2/1 

Pairing 3/55 :    SlowMate_v3.1  -  V7P3R_v12.6

PGN-File: C:\Program Files (x86)\Arena\Tournaments\Engine Battle 20251105_2.pgn

No:  B/W 1/2     W:B       1:2           Time        Value Moves Dep 1:2       1-2-Draws
   2 W 2    1.5:0.5        0.5:1.5       1:15:48 AM   +13.50    54 2.927 :3.294  0-1-1

--------------------------------------------------------------

Engine-Match Thursday, November 6, 2025 1:15:50 AM
 Blitz 2/1 

Pairing 4/55 :    V7P3R_v10.8  -  Stockfish 1%

PGN-File: C:\Program Files (x86)\Arena\Tournaments\Engine Battle 20251105_2.pgn

No:  B/W 1/2     W:B       1:2           Time        Value Moves Dep 1:2       1-2-Draws
   2 W 2    1.0:0.0        0.0:2.0       1:16:56 AM   +11.99    12 3.667 :11.667  0-2-0

--------------------------------------------------------------

Engine-Match Thursday, November 6, 2025 1:16:58 AM
 Blitz 2/1 

Pairing 5/55 :    VPR_v8.1  -  C0BR4_v2.9

PGN-File: C:\Program Files (x86)\Arena\Tournaments\Engine Battle 20251105_2.pgn

No:  B/W 1/2     W:B       1:2           Time        Value Moves Dep 1:2       1-2-Draws
   2 W 2    1.0:0.0        0.0:2.0       1:18:56 AM  +299.97    36 6.000 :4.000  0-2-0

--------------------------------------------------------------

Engine-Match Thursday, November 6, 2025 1:19:04 AM
 Blitz 2/1 

Pairing 6/55 :    VPR_v9.0  -  MaterialOpponent

PGN-File: C:\Program Files (x86)\Arena\Tournaments\Engine Battle 20251105_2.pgn

No:  B/W 1/2     W:B       1:2           Time        Value Moves Dep 1:2       1-2-Draws
   2 W 2    1.0:0.0        0.0:2.0       1:20:55 AM   +17.00    22 6.000 :6.000  0-2-0

--------------------------------------------------------------

Engine-Match Thursday, November 6, 2025 1:20:57 AM
 Blitz 2/1 

Pairing 7/55 :    V7P3R_v12.6  -  V7P3R_v14.0

PGN-File: C:\Program Files (x86)\Arena\Tournaments\Engine Battle 20251105_2.pgn

No:  B/W 1/2     W:B       1:2           Time        Value Moves Dep 1:2       1-2-Draws
   2 = =    0.5:0.5        0.5:1.5       1:24:12 AM     0.00    29 3.600 :4.167  0-1-1

--------------------------------------------------------------

Engine-Match Thursday, November 6, 2025 1:24:14 AM
 Blitz 2/1 

Pairing 8/55 :    C0BR4_v3.1  -  V7P3R_v10.8

PGN-File: C:\Program Files (x86)\Arena\Tournaments\Engine Battle 20251105_2.pgn

No:  B/W 1/2     W:B       1:2           Time        Value Moves Dep 1:2       1-2-Draws
   2 = =    0.5:0.5        1.5:0.5       1:25:38 AM    +1.12    12 4.000 :3.364  1-0-1

--------------------------------------------------------------

Engine-Match Thursday, November 6, 2025 1:25:39 AM
 Blitz 2/1 

Pairing 9/55 :    C0BR4_v2.9  -  SlowMate_v3.1

PGN-File: C:\Program Files (x86)\Arena\Tournaments\Engine Battle 20251105_2.pgn

No:  B/W 1/2     W:B       1:2           Time        Value Moves Dep 1:2       1-2-Draws
   2 B 1    1.5:0.5        1.5:0.5       1:27:18 AM  -299.97    28 4.000 :3.679  1-0-1

--------------------------------------------------------------

Engine-Match Thursday, November 6, 2025 1:27:19 AM
 Blitz 2/1 

Pairing 10/55 :    Stockfish 1%  -  VPR_v8.1

PGN-File: C:\Program Files (x86)\Arena\Tournaments\Engine Battle 20251105_2.pgn

No:  B/W 1/2     W:B       1:2           Time        Value Moves Dep 1:2       1-2-Draws
   2 B 1    1.0:0.0        2.0:0.0       1:29:16 AM      -M1    49 12.000 :6.000  2-0-0

--------------------------------------------------------------

Engine-Match Thursday, November 6, 2025 1:29:18 AM
 Blitz 2/1 

Pairing 11/55 :    RandomOpponent  -  V7P3R_v12.6

PGN-File: C:\Program Files (x86)\Arena\Tournaments\Engine Battle 20251105_2.pgn

No:  B/W 1/2     W:B       1:2           Time        Value Moves Dep 1:2       1-2-Draws
   2 W 2    1.0:0.0        0.0:2.0       1:30:51 AM  +289.97    18 0:3.889  0-2-0

--------------------------------------------------------------

Engine-Match Thursday, November 6, 2025 1:30:52 AM
 Blitz 2/1 

Pairing 12/55 :    V7P3R_v10.8  -  VPR_v9.0

PGN-File: C:\Program Files (x86)\Arena\Tournaments\Engine Battle 20251105_2.pgn

No:  B/W 1/2     W:B       1:2           Time        Value Moves Dep 1:2       1-2-Draws
   2 B 1    1.0:0.0        2.0:0.0       1:32:36 AM   -17.90    11 3.889 :6.000  2-0-0

--------------------------------------------------------------

Engine-Match Thursday, November 6, 2025 1:32:37 AM
 Blitz 2/1 

Pairing 13/55 :    V7P3R_v14.0  -  C0BR4_v2.9

PGN-File: C:\Program Files (x86)\Arena\Tournaments\Engine Battle 20251105_2.pgn

No:  B/W 1/2     W:B       1:2           Time        Value Moves Dep 1:2       1-2-Draws
   2 B 1    1.5:0.5        1.5:0.5       1:35:47 AM   -22.36    56 3.524 :4.000  1-0-1

--------------------------------------------------------------

Engine-Match Thursday, November 6, 2025 1:35:49 AM
 Blitz 2/1 

Pairing 14/55 :    VPR_v8.1  -  C0BR4_v3.1

PGN-File: C:\Program Files (x86)\Arena\Tournaments\Engine Battle 20251105_2.pgn

No:  B/W 1/2     W:B       1:2           Time        Value Moves Dep 1:2       1-2-Draws
   2 W 2    1.0:0.0        0.0:2.0       1:37:12 AM   +14.30    30 6.000 :4.000  0-2-0

--------------------------------------------------------------

Engine-Match Thursday, November 6, 2025 1:37:13 AM
 Blitz 2/1 

Pairing 15/55 :    SlowMate_v3.1  -  Stockfish 1%

PGN-File: C:\Program Files (x86)\Arena\Tournaments\Engine Battle 20251105_2.pgn

No:  B/W 1/2     W:B       1:2           Time        Value Moves Dep 1:2       1-2-Draws
   2 W 2    1.0:0.0        0.0:2.0       1:38:50 AM      +M1    30 3.345 :11.143  0-2-0

--------------------------------------------------------------

Engine-Match Thursday, November 6, 2025 1:38:51 AM
 Blitz 2/1 

Pairing 16/55 :    MaterialOpponent  -  V7P3R_v10.8

PGN-File: C:\Program Files (x86)\Arena\Tournaments\Engine Battle 20251105_2.pgn

No:  B/W 1/2     W:B       1:2           Time        Value Moves Dep 1:2       1-2-Draws
   2 B 1    1.5:0.5        1.5:0.5       1:42:00 AM    -9.47    35 6.000 :2.829  1-0-1

--------------------------------------------------------------

Engine-Match Thursday, November 6, 2025 1:42:02 AM
 Blitz 2/1 

Pairing 17/55 :    C0BR4_v2.9  -  RandomOpponent

PGN-File: C:\Program Files (x86)\Arena\Tournaments\Engine Battle 20251105_2.pgn

No:  B/W 1/2     W:B       1:2           Time        Value Moves Dep 1:2       1-2-Draws
   2 B 1    1.0:0.0        2.0:0.0       1:42:13 AM  -299.97     8 3.714 :0 2-0-0

--------------------------------------------------------------

Engine-Match Thursday, November 6, 2025 1:42:15 AM
 Blitz 2/1 

Pairing 18/55 :    VPR_v9.0  -  VPR_v8.1

PGN-File: C:\Program Files (x86)\Arena\Tournaments\Engine Battle 20251105_2.pgn

No:  B/W 1/2     W:B       1:2           Time        Value Moves Dep 1:2       1-2-Draws
   2 W 2    1.0:0.0        0.0:2.0       1:43:58 AM   +10.80    18 6.000 :6.000  0-2-0

--------------------------------------------------------------

Engine-Match Thursday, November 6, 2025 1:44:00 AM
 Blitz 2/1 

Pairing 19/55 :    Stockfish 1%  -  V7P3R_v14.0

PGN-File: C:\Program Files (x86)\Arena\Tournaments\Engine Battle 20251105_2.pgn

No:  B/W 1/2     W:B       1:2           Time        Value Moves Dep 1:2       1-2-Draws
   2 B 1    1.0:0.0        2.0:0.0       1:46:31 AM      -M1    48 10.500 :4.000  2-0-0

--------------------------------------------------------------

Engine-Match Thursday, November 6, 2025 1:46:33 AM
 Blitz 2/1 

Pairing 20/55 :    C0BR4_v3.1  -  SlowMate_v3.1

PGN-File: C:\Program Files (x86)\Arena\Tournaments\Engine Battle 20251105_2.pgn

No:  B/W 1/2     W:B       1:2           Time        Value Moves Dep 1:2       1-2-Draws
   2 B 1    1.0:0.0        2.0:0.0       1:48:20 AM  -299.97    29 4.000 :3.414  2-0-0

--------------------------------------------------------------

Engine-Match Thursday, November 6, 2025 1:48:22 AM
 Blitz 2/1 

Pairing 21/55 :    V7P3R_v12.6  -  C0BR4_v2.9

PGN-File: C:\Program Files (x86)\Arena\Tournaments\Engine Battle 20251105_2.pgn

No:  B/W 1/2     W:B       1:2           Time        Value Moves Dep 1:2       1-2-Draws
   2 = =    0.5:0.5        1.5:0.5       1:51:43 AM     0.00    76 3.636 :4.000  1-0-1

--------------------------------------------------------------

Engine-Match Thursday, November 6, 2025 1:51:45 AM
 Blitz 2/1 

Pairing 22/55 :    VPR_v8.1  -  MaterialOpponent

PGN-File: C:\Program Files (x86)\Arena\Tournaments\Engine Battle 20251105_2.pgn

No:  B/W 1/2     W:B       1:2           Time        Value Moves Dep 1:2       1-2-Draws
   2 = =    1.0:1.0        1.0:1.0       1:51:53 AM     0.00     7 6.000 :6.000  0-0-2

--------------------------------------------------------------

Engine-Match Thursday, November 6, 2025 1:51:55 AM
 Blitz 2/1 

Pairing 23/55 :    RandomOpponent  -  Stockfish 1%

PGN-File: C:\Program Files (x86)\Arena\Tournaments\Engine Battle 20251105_2.pgn

No:  B/W 1/2     W:B       1:2           Time        Value Moves Dep 1:2       1-2-Draws
   2 W 2    1.0:0.0        0.0:2.0       1:52:06 AM      +M1     9 0:12.400  0-2-0

--------------------------------------------------------------

Engine-Match Thursday, November 6, 2025 1:52:08 AM
 Blitz 2/1 

Pairing 24/55 :    SlowMate_v3.1  -  VPR_v9.0

PGN-File: C:\Program Files (x86)\Arena\Tournaments\Engine Battle 20251105_2.pgn

No:  B/W 1/2     W:B       1:2           Time        Value Moves Dep 1:2       1-2-Draws
   2 B 1    1.0:0.0        2.0:0.0       1:54:32 AM   -17.41    20 3.579 :6.000  2-0-0

--------------------------------------------------------------

Engine-Match Thursday, November 6, 2025 1:54:34 AM
 Blitz 2/1 

Pairing 25/55 :    V7P3R_v14.0  -  C0BR4_v3.1

PGN-File: C:\Program Files (x86)\Arena\Tournaments\Engine Battle 20251105_2.pgn

No:  B/W 1/2     W:B       1:2           Time        Value Moves Dep 1:2       1-2-Draws
   2 B 1    1.0:0.0        2.0:0.0       1:56:37 AM   -11.10    39 4.222 :4.000  2-0-0

--------------------------------------------------------------

Engine-Match Thursday, November 6, 2025 1:56:49 AM
 Blitz 2/1 

Pairing 26/55 :    V7P3R_v10.8  -  VPR_v8.1

PGN-File: C:\Program Files (x86)\Arena\Tournaments\Engine Battle 20251105_2.pgn

No:  B/W 1/2     W:B       1:2           Time        Value Moves Dep 1:2       1-2-Draws
   2 = =    1.0:1.0        1.0:1.0       2:00:45 AM    +4.40    72 3.029 :6.000  0-0-2

--------------------------------------------------------------

Engine-Match Thursday, November 6, 2025 2:00:46 AM
 Blitz 2/1 

Pairing 27/55 :    Stockfish 1%  -  V7P3R_v12.6

PGN-File: C:\Program Files (x86)\Arena\Tournaments\Engine Battle 20251105_2.pgn

No:  B/W 1/2     W:B       1:2           Time        Value Moves Dep 1:2       1-2-Draws
   2 W 2    1.0:0.0        0.0:2.0       2:03:12 AM     0.00    37 11.333 :3.667  0-2-0

--------------------------------------------------------------

Engine-Match Thursday, November 6, 2025 2:03:13 AM
 Blitz 2/1 

Pairing 28/55 :    MaterialOpponent  -  SlowMate_v3.1

PGN-File: C:\Program Files (x86)\Arena\Tournaments\Engine Battle 20251105_2.pgn

No:  B/W 1/2     W:B       1:2           Time        Value Moves Dep 1:2       1-2-Draws
   2 = =    1.0:1.0        1.0:1.0       2:04:17 AM    +2.21    14 6.000 :2.929  0-0-2

--------------------------------------------------------------

Engine-Match Thursday, November 6, 2025 2:04:19 AM
 Blitz 2/1 

Pairing 29/55 :    C0BR4_v3.1  -  RandomOpponent

PGN-File: C:\Program Files (x86)\Arena\Tournaments\Engine Battle 20251105_2.pgn

No:  B/W 1/2     W:B       1:2           Time        Value Moves Dep 1:2       1-2-Draws
   2 B 1    1.0:0.0        2.0:0.0       2:04:37 AM  -299.97    22 3.900 :0 2-0-0

--------------------------------------------------------------

Engine-Match Thursday, November 6, 2025 2:04:39 AM
 Blitz 2/1 

Pairing 30/55 :    VPR_v9.0  -  V7P3R_v14.0

PGN-File: C:\Program Files (x86)\Arena\Tournaments\Engine Battle 20251105_2.pgn

No:  B/W 1/2     W:B       1:2           Time        Value Moves Dep 1:2       1-2-Draws
   2 W 2    1.0:0.0        0.0:2.0       2:06:15 AM     0.00    14 6.000 :4.300  0-2-0

--------------------------------------------------------------

Engine-Match Thursday, November 6, 2025 2:06:16 AM
 Blitz 2/1 

Pairing 31/55 :    C0BR4_v2.9  -  Stockfish 1%

PGN-File: C:\Program Files (x86)\Arena\Tournaments\Engine Battle 20251105_2.pgn

No:  B/W 1/2     W:B       1:2           Time        Value Moves Dep 1:2       1-2-Draws
   2 W 2    1.0:0.0        0.0:2.0       2:08:02 AM   +10.93   138 4.000 :10.333  0-2-0

--------------------------------------------------------------

Engine-Match Thursday, November 6, 2025 2:08:04 AM
 Blitz 2/1 

Pairing 32/55 :    SlowMate_v3.1  -  V7P3R_v10.8

PGN-File: C:\Program Files (x86)\Arena\Tournaments\Engine Battle 20251105_2.pgn

No:  B/W 1/2     W:B       1:2           Time        Value Moves Dep 1:2       1-2-Draws
   2 = =    1.0:1.0        1.0:1.0       2:12:16 AM    -3.61    45 3.125 :2.839  0-0-2

--------------------------------------------------------------

Engine-Match Thursday, November 6, 2025 2:12:17 AM
 Blitz 2/1 

Pairing 33/55 :    V7P3R_v12.6  -  C0BR4_v3.1

PGN-File: C:\Program Files (x86)\Arena\Tournaments\Engine Battle 20251105_2.pgn

No:  B/W 1/2     W:B       1:2           Time        Value Moves Dep 1:2       1-2-Draws
   2 W 2    1.0:0.0        1.0:1.0       2:14:22 AM   +18.30    29 3.458 :4.000  1-1-0

--------------------------------------------------------------

Engine-Match Thursday, November 6, 2025 2:14:23 AM
 Blitz 2/1 

Pairing 34/55 :    V7P3R_v14.0  -  MaterialOpponent

PGN-File: C:\Program Files (x86)\Arena\Tournaments\Engine Battle 20251105_2.pgn

No:  B/W 1/2     W:B       1:2           Time        Value Moves Dep 1:2       1-2-Draws
   2 = =    0.5:0.5        1.5:0.5       2:16:47 AM    +1.00    28 3.810 :6.000  1-0-1

--------------------------------------------------------------

Engine-Match Thursday, November 6, 2025 2:16:49 AM
 Blitz 2/1 

Pairing 35/55 :    RandomOpponent  -  VPR_v9.0

PGN-File: C:\Program Files (x86)\Arena\Tournaments\Engine Battle 20251105_2.pgn

No:  B/W 1/2     W:B       1:2           Time        Value Moves Dep 1:2       1-2-Draws
   2 W 2    1.0:0.0        0.0:2.0       2:17:40 AM  +299.99    11 0:5.909  0-2-0

--------------------------------------------------------------

Engine-Match Thursday, November 6, 2025 2:17:42 AM
 Blitz 2/1 

Pairing 36/55 :    VPR_v8.1  -  SlowMate_v3.1

PGN-File: C:\Program Files (x86)\Arena\Tournaments\Engine Battle 20251105_2.pgn

No:  B/W 1/2     W:B       1:2           Time        Value Moves Dep 1:2       1-2-Draws
   2 = =    1.0:1.0        1.0:1.0       2:18:52 AM    +2.21    14 6.000 :3.000  0-0-2

--------------------------------------------------------------

Engine-Match Thursday, November 6, 2025 2:18:53 AM
 Blitz 2/1 

Pairing 37/55 :    C0BR4_v3.1  -  C0BR4_v2.9

PGN-File: C:\Program Files (x86)\Arena\Tournaments\Engine Battle 20251105_2.pgn

No:  B/W 1/2     W:B       1:2           Time        Value Moves Dep 1:2       1-2-Draws
   2 = =    0.5:0.5        1.5:0.5       2:19:38 AM    -2.72    48 4.000 :4.000  1-0-1

--------------------------------------------------------------

Engine-Match Thursday, November 6, 2025 2:19:39 AM
 Blitz 2/1 

Pairing 38/55 :    V7P3R_v10.8  -  V7P3R_v14.0

PGN-File: C:\Program Files (x86)\Arena\Tournaments\Engine Battle 20251105_2.pgn

No:  B/W 1/2     W:B       1:2           Time        Value Moves Dep 1:2       1-2-Draws
   2 W 2    1.5:0.5        0.5:1.5       2:23:31 AM     0.00    52 3.300 :4.063  0-1-1

--------------------------------------------------------------

Engine-Match Thursday, November 6, 2025 2:23:33 AM
 Blitz 2/1 

Pairing 39/55 :    VPR_v9.0  -  V7P3R_v12.6

PGN-File: C:\Program Files (x86)\Arena\Tournaments\Engine Battle 20251105_2.pgn

No:  B/W 1/2     W:B       1:2           Time        Value Moves Dep 1:2       1-2-Draws
   2 B 1    1.0:0.0        1.0:1.0       2:30:26 AM     0.00    94 6.000 :3.778  1-1-0

--------------------------------------------------------------

Engine-Match Thursday, November 6, 2025 2:30:27 AM
 Blitz 2/1 

Pairing 40/55 :    MaterialOpponent  -  RandomOpponent

PGN-File: C:\Program Files (x86)\Arena\Tournaments\Engine Battle 20251105_2.pgn

No:  B/W 1/2     W:B       1:2           Time        Value Moves Dep 1:2       1-2-Draws
   2 B 1    1.0:0.0        2.0:0.0       2:31:21 AM  -299.99    32 6.000 :0 2-0-0

--------------------------------------------------------------

Engine-Match Thursday, November 6, 2025 2:31:23 AM
 Blitz 2/1 

Pairing 41/55 :    Stockfish 1%  -  C0BR4_v3.1

PGN-File: C:\Program Files (x86)\Arena\Tournaments\Engine Battle 20251105_2.pgn

No:  B/W 1/2     W:B       1:2           Time        Value Moves Dep 1:2       1-2-Draws
   2 = =    0.5:0.5        1.5:0.5       2:32:17 AM    +9.61    66 11.000 :4.000  1-0-1

--------------------------------------------------------------

Engine-Match Thursday, November 6, 2025 2:32:18 AM
 Blitz 2/1 

Pairing 42/55 :    V7P3R_v14.0  -  VPR_v8.1

PGN-File: C:\Program Files (x86)\Arena\Tournaments\Engine Battle 20251105_2.pgn

No:  B/W 1/2     W:B       1:2           Time        Value Moves Dep 1:2       1-2-Draws
   2 = =    0.5:0.5        1.5:0.5       2:34:21 AM    +1.00    24 3.882 :6.000  1-0-1

--------------------------------------------------------------

Engine-Match Thursday, November 6, 2025 2:34:23 AM
 Blitz 2/1 

Pairing 43/55 :    C0BR4_v2.9  -  VPR_v9.0

PGN-File: C:\Program Files (x86)\Arena\Tournaments\Engine Battle 20251105_2.pgn

No:  B/W 1/2     W:B       1:2           Time        Value Moves Dep 1:2       1-2-Draws
   2 B 1    1.0:0.0        2.0:0.0       2:35:47 AM   -15.62    17 4.000 :6.000  2-0-0

--------------------------------------------------------------

Engine-Match Thursday, November 6, 2025 2:35:49 AM
 Blitz 2/1 

Pairing 44/55 :    RandomOpponent  -  V7P3R_v10.8

PGN-File: C:\Program Files (x86)\Arena\Tournaments\Engine Battle 20251105_2.pgn

No:  B/W 1/2     W:B       1:2           Time        Value Moves Dep 1:2       1-2-Draws
   2 W 2    1.0:0.0        0.0:2.0       2:36:44 AM  +289.96    11 0:3.636  0-2-0

--------------------------------------------------------------

Engine-Match Thursday, November 6, 2025 2:36:45 AM
 Blitz 2/1 

Pairing 45/55 :    V7P3R_v12.6  -  MaterialOpponent

PGN-File: C:\Program Files (x86)\Arena\Tournaments\Engine Battle 20251105_2.pgn

No:  B/W 1/2     W:B       1:2           Time        Value Moves Dep 1:2       1-2-Draws
   2 B 1    1.5:0.5        1.5:0.5       2:40:37 AM  -299.94    72 3.643 :6.000  1-0-1

--------------------------------------------------------------

Engine-Match Thursday, November 6, 2025 2:40:48 AM
 Blitz 2/1 

Pairing 46/55 :    SlowMate_v3.1  -  V7P3R_v14.0

PGN-File: C:\Program Files (x86)\Arena\Tournaments\Engine Battle 20251105_2.pgn

No:  B/W 1/2     W:B       1:2           Time        Value Moves Dep 1:2       1-2-Draws
   2 W 2    1.5:0.5        0.5:1.5       2:45:49 AM   +14.66    55 3.143 :3.944  0-1-1

--------------------------------------------------------------

Engine-Match Thursday, November 6, 2025 2:45:51 AM
 Blitz 2/1 

Pairing 47/55 :    VPR_v9.0  -  Stockfish 1%

PGN-File: C:\Program Files (x86)\Arena\Tournaments\Engine Battle 20251105_2.pgn

No:  B/W 1/2     W:B       1:2           Time        Value Moves Dep 1:2       1-2-Draws
   2 = =    0.5:0.5        0.5:1.5       2:48:59 AM    +8.93    61 5.963 :12.333  0-1-1

--------------------------------------------------------------

Engine-Match Thursday, November 6, 2025 2:49:01 AM
 Blitz 2/1 

Pairing 48/55 :    VPR_v8.1  -  RandomOpponent

PGN-File: C:\Program Files (x86)\Arena\Tournaments\Engine Battle 20251105_2.pgn

No:  B/W 1/2     W:B       1:2           Time        Value Moves Dep 1:2       1-2-Draws
   2 B 1    1.0:0.0        2.0:0.0       2:49:48 AM  -299.99    26 6.000 :0 2-0-0

--------------------------------------------------------------

Engine-Match Thursday, November 6, 2025 2:49:50 AM
 Blitz 2/1 

Pairing 49/55 :    MaterialOpponent  -  C0BR4_v2.9

PGN-File: C:\Program Files (x86)\Arena\Tournaments\Engine Battle 20251105_2.pgn

No:  B/W 1/2     W:B       1:2           Time        Value Moves Dep 1:2       1-2-Draws
   2 = =    0.5:0.5        1.5:0.5       2:50:20 AM    -3.25    15 6.000 :4.000  1-0-1

--------------------------------------------------------------

Engine-Match Thursday, November 6, 2025 2:50:21 AM
 Blitz 2/1 

Pairing 50/55 :    V7P3R_v10.8  -  V7P3R_v12.6

PGN-File: C:\Program Files (x86)\Arena\Tournaments\Engine Battle 20251105_2.pgn

No:  B/W 1/2     W:B       1:2           Time        Value Moves Dep 1:2       1-2-Draws
   2 = =    0.5:0.5        1.5:0.5       2:54:29 AM     0.00    41 2.963 :3.333  1-0-1

--------------------------------------------------------------

Engine-Match Thursday, November 6, 2025 2:54:30 AM
 Blitz 2/1 

Pairing 51/55 :    C0BR4_v3.1  -  VPR_v9.0

PGN-File: C:\Program Files (x86)\Arena\Tournaments\Engine Battle 20251105_2.pgn

No:  B/W 1/2     W:B       1:2           Time        Value Moves Dep 1:2       1-2-Draws
   2 B 1    1.0:0.0        2.0:0.0       2:56:16 AM   -23.91    25 4.000 :5.955  2-0-0

--------------------------------------------------------------

Engine-Match Thursday, November 6, 2025 2:56:17 AM
 Blitz 2/1 

Pairing 52/55 :    RandomOpponent  -  SlowMate_v3.1

PGN-File: C:\Program Files (x86)\Arena\Tournaments\Engine Battle 20251105_2.pgn

No:  B/W 1/2     W:B       1:2           Time        Value Moves Dep 1:2       1-2-Draws
   2 W 2    1.0:0.0        0.0:2.0       2:57:34 AM  +185.90    22 0:3.182  0-2-0

--------------------------------------------------------------

Engine-Match Thursday, November 6, 2025 2:57:35 AM
 Blitz 2/1 

Pairing 53/55 :    Stockfish 1%  -  MaterialOpponent

PGN-File: C:\Program Files (x86)\Arena\Tournaments\Engine Battle 20251105_2.pgn

No:  B/W 1/2     W:B       1:2           Time        Value Moves Dep 1:2       1-2-Draws
   2 B 1    1.0:0.0        2.0:0.0       2:58:37 AM      -M1    35 13.600 :6.000  2-0-0

--------------------------------------------------------------

Engine-Match Thursday, November 6, 2025 2:58:39 AM
 Blitz 2/1 

Pairing 54/55 :    V7P3R_v12.6  -  VPR_v8.1

PGN-File: C:\Program Files (x86)\Arena\Tournaments\Engine Battle 20251105_2.pgn

No:  B/W 1/2     W:B       1:2           Time        Value Moves Dep 1:2       1-2-Draws
   2 = =    0.5:0.5        0.5:1.5       3:03:54 AM    +1.35    77 3.593 :6.000  0-1-1

--------------------------------------------------------------

Engine-Match Thursday, November 6, 2025 3:03:56 AM
 Blitz 2/1 

Pairing 55/55 :    C0BR4_v2.9  -  V7P3R_v10.8

PGN-File: C:\Program Files (x86)\Arena\Tournaments\Engine Battle 20251105_2.pgn

No:  B/W 1/2     W:B       1:2           Time        Value Moves Dep 1:2       1-2-Draws
   2 W 2    1.0:0.0        1.0:1.0       3:06:37 AM  +299.97    65 4.000 :3.455  1-1-0

--------------------------------------------------------------

Engine-Match Thursday, November 6, 2025 3:06:38 AM
 Blitz 2/1 

Pairing 1/55 :    V7P3R_v14.0  -  RandomOpponent

PGN-File: C:\Program Files (x86)\Arena\Tournaments\Engine Battle 20251105_2.pgn

No:  B/W 1/2     W:B       1:2           Time        Value Moves Dep 1:2       1-2-Draws
   3 W 1    1.0:0.0        3.0:0.0       3:07:19 AM  +289.98    10 4.222 :0 3-0-0

--------------------------------------------------------------

Engine-Match Thursday, November 6, 2025 3:07:20 AM
 Blitz 2/1 

Pairing 2/55 :    MaterialOpponent  -  C0BR4_v3.1

PGN-File: C:\Program Files (x86)\Arena\Tournaments\Engine Battle 20251105_2.pgn

No:  B/W 1/2     W:B       1:2           Time        Value Moves Dep 1:2       1-2-Draws
   3 = =    0.5:0.5        1.5:1.5       3:08:34 AM    -0.87    45 6.000 :4.000  1-1-1

--------------------------------------------------------------

Engine-Match Thursday, November 6, 2025 3:08:35 AM
 Blitz 2/1 

Pairing 3/55 :    SlowMate_v3.1  -  V7P3R_v12.6

PGN-File: C:\Program Files (x86)\Arena\Tournaments\Engine Battle 20251105_2.pgn

No:  B/W 1/2     W:B       1:2           Time        Value Moves Dep 1:2       1-2-Draws
   3 = =    1.0:1.0        1.0:2.0       3:13:33 AM    +4.11    49 2.921 :3.171  0-1-2

--------------------------------------------------------------

Engine-Match Thursday, November 6, 2025 3:13:34 AM
 Blitz 2/1 

Pairing 4/55 :    V7P3R_v10.8  -  Stockfish 1%

PGN-File: C:\Program Files (x86)\Arena\Tournaments\Engine Battle 20251105_2.pgn

No:  B/W 1/2     W:B       1:2           Time        Value Moves Dep 1:2       1-2-Draws
   3 W 1    1.0:0.0        1.0:2.0       3:16:04 AM     0.00    49 3.100 :12.000  1-2-0

--------------------------------------------------------------

Engine-Match Thursday, November 6, 2025 3:16:05 AM
 Blitz 2/1 

Pairing 5/55 :    VPR_v8.1  -  C0BR4_v2.9

PGN-File: C:\Program Files (x86)\Arena\Tournaments\Engine Battle 20251105_2.pgn

No:  B/W 1/2     W:B       1:2           Time        Value Moves Dep 1:2       1-2-Draws
   3 B 2    1.0:0.0        0.0:3.0       3:16:51 AM  -299.97    19 6.000 :3.889  0-3-0

--------------------------------------------------------------

Engine-Match Thursday, November 6, 2025 3:16:52 AM
 Blitz 2/1 

Pairing 6/55 :    VPR_v9.0  -  MaterialOpponent

PGN-File: C:\Program Files (x86)\Arena\Tournaments\Engine Battle 20251105_2.pgn

No:  B/W 1/2     W:B       1:2           Time        Value Moves Dep 1:2       1-2-Draws
   3 B 2    1.0:0.0        0.0:3.0       3:18:35 AM   -13.49    22 5.955 :6.000  0-3-0

--------------------------------------------------------------

Engine-Match Thursday, November 6, 2025 3:18:37 AM
 Blitz 2/1 

Pairing 7/55 :    V7P3R_v12.6  -  V7P3R_v14.0

PGN-File: C:\Program Files (x86)\Arena\Tournaments\Engine Battle 20251105_2.pgn

No:  B/W 1/2     W:B       1:2           Time        Value Moves Dep 1:2       1-2-Draws
   3 B 2    1.5:0.5        0.5:2.5       3:23:23 AM     0.00    63 3.813 :4.200  0-2-1

--------------------------------------------------------------

Engine-Match Thursday, November 6, 2025 3:23:25 AM
 Blitz 2/1 

Pairing 8/55 :    C0BR4_v3.1  -  V7P3R_v10.8

PGN-File: C:\Program Files (x86)\Arena\Tournaments\Engine Battle 20251105_2.pgn

No:  B/W 1/2     W:B       1:2           Time        Value Moves Dep 1:2       1-2-Draws
   3 W 1    1.5:0.5        2.5:0.5       3:26:19 AM   +12.40    56 4.000 :3.188  2-0-1

--------------------------------------------------------------

Engine-Match Thursday, November 6, 2025 3:26:20 AM
 Blitz 2/1 

Pairing 9/55 :    C0BR4_v2.9  -  SlowMate_v3.1

PGN-File: C:\Program Files (x86)\Arena\Tournaments\Engine Battle 20251105_2.pgn

No:  B/W 1/2     W:B       1:2           Time        Value Moves Dep 1:2       1-2-Draws
   3 W 1    1.5:0.5        2.5:0.5       3:27:33 AM   +36.06    18 4.000 :3.444  2-0-1

--------------------------------------------------------------

Engine-Match Thursday, November 6, 2025 3:27:35 AM
 Blitz 2/1 

Pairing 10/55 :    Stockfish 1%  -  VPR_v8.1

PGN-File: C:\Program Files (x86)\Arena\Tournaments\Engine Battle 20251105_2.pgn

No:  B/W 1/2     W:B       1:2           Time        Value Moves Dep 1:2       1-2-Draws
   3 W 1    1.0:0.0        3.0:0.0       3:31:04 AM   +16.35    87 12.200 :6.000  3-0-0

--------------------------------------------------------------

Engine-Match Thursday, November 6, 2025 3:31:12 AM
 Blitz 2/1 

Pairing 11/55 :    RandomOpponent  -  V7P3R_v12.6

PGN-File: C:\Program Files (x86)\Arena\Tournaments\Engine Battle 20251105_2.pgn

No:  B/W 1/2     W:B       1:2           Time        Value Moves Dep 1:2       1-2-Draws
   3 B 2    1.0:0.0        0.0:3.0       3:31:36 AM  -289.98     6 0:4.000  0-3-0

--------------------------------------------------------------

Engine-Match Thursday, November 6, 2025 3:31:37 AM
 Blitz 2/1 

Pairing 12/55 :    V7P3R_v10.8  -  VPR_v9.0

PGN-File: C:\Program Files (x86)\Arena\Tournaments\Engine Battle 20251105_2.pgn

No:  B/W 1/2     W:B       1:2           Time        Value Moves Dep 1:2       1-2-Draws
   3 W 1    1.0:0.0        3.0:0.0       3:34:25 AM   +10.69    22 3.278 :6.000  3-0-0

--------------------------------------------------------------

Engine-Match Thursday, November 6, 2025 3:34:26 AM
 Blitz 2/1 

Pairing 13/55 :    V7P3R_v14.0  -  C0BR4_v2.9

PGN-File: C:\Program Files (x86)\Arena\Tournaments\Engine Battle 20251105_2.pgn

No:  B/W 1/2     W:B       1:2           Time        Value Moves Dep 1:2       1-2-Draws
   3 = =    1.0:1.0        2.0:1.0       3:37:49 AM     0.00    70 4.467 :4.000  1-0-2

--------------------------------------------------------------

Engine-Match Thursday, November 6, 2025 3:37:50 AM
 Blitz 2/1 

Pairing 14/55 :    VPR_v8.1  -  C0BR4_v3.1

PGN-File: C:\Program Files (x86)\Arena\Tournaments\Engine Battle 20251105_2.pgn

No:  B/W 1/2     W:B       1:2           Time        Value Moves Dep 1:2       1-2-Draws
   3 B 2    1.0:0.0        0.0:3.0       3:38:41 AM  -299.97    19 6.000 :3.882  0-3-0

--------------------------------------------------------------

Engine-Match Thursday, November 6, 2025 3:38:43 AM
 Blitz 2/1 

Pairing 15/55 :    SlowMate_v3.1  -  Stockfish 1%

PGN-File: C:\Program Files (x86)\Arena\Tournaments\Engine Battle 20251105_2.pgn

No:  B/W 1/2     W:B       1:2           Time        Value Moves Dep 1:2       1-2-Draws
   3 B 2    1.0:0.0        0.0:3.0       3:41:43 AM      -M1    66 3.023 :10.667  0-3-0

--------------------------------------------------------------

Engine-Match Thursday, November 6, 2025 3:41:44 AM
 Blitz 2/1 

Pairing 16/55 :    MaterialOpponent  -  V7P3R_v10.8

PGN-File: C:\Program Files (x86)\Arena\Tournaments\Engine Battle 20251105_2.pgn

No:  B/W 1/2     W:B       1:2           Time        Value Moves Dep 1:2       1-2-Draws
   3 B 2    1.5:0.5        1.5:1.5       3:45:15 AM  -299.96    65 6.000 :3.265  1-1-1

--------------------------------------------------------------

Engine-Match Thursday, November 6, 2025 3:45:17 AM
 Blitz 2/1 

Pairing 17/55 :    C0BR4_v2.9  -  RandomOpponent

PGN-File: C:\Program Files (x86)\Arena\Tournaments\Engine Battle 20251105_2.pgn

No:  B/W 1/2     W:B       1:2           Time        Value Moves Dep 1:2       1-2-Draws
   3 W 1    1.0:0.0        3.0:0.0       3:45:29 AM  +299.97    10 4.000 :0 3-0-0

--------------------------------------------------------------

Engine-Match Thursday, November 6, 2025 3:45:31 AM
 Blitz 2/1 

Pairing 18/55 :    VPR_v9.0  -  VPR_v8.1

PGN-File: C:\Program Files (x86)\Arena\Tournaments\Engine Battle 20251105_2.pgn

No:  B/W 1/2     W:B       1:2           Time        Value Moves Dep 1:2       1-2-Draws
   3 B 2    1.0:0.0        0.0:3.0       3:47:42 AM   -11.99    29 6.000 :6.000  0-3-0

--------------------------------------------------------------

Engine-Match Thursday, November 6, 2025 3:47:43 AM
 Blitz 2/1 

Pairing 19/55 :    Stockfish 1%  -  V7P3R_v14.0

PGN-File: C:\Program Files (x86)\Arena\Tournaments\Engine Battle 20251105_2.pgn

No:  B/W 1/2     W:B       1:2           Time        Value Moves Dep 1:2       1-2-Draws
   3 W 1    1.0:0.0        3.0:0.0       3:50:58 AM   +18.40    73 11.167 :4.200  3-0-0

--------------------------------------------------------------

Engine-Match Thursday, November 6, 2025 3:50:59 AM
 Blitz 2/1 

Pairing 20/55 :    C0BR4_v3.1  -  SlowMate_v3.1

PGN-File: C:\Program Files (x86)\Arena\Tournaments\Engine Battle 20251105_2.pgn

No:  B/W 1/2     W:B       1:2           Time        Value Moves Dep 1:2       1-2-Draws
   3 = =    0.5:0.5        2.5:0.5       3:51:50 AM   +11.31    12 4.000 :3.545  2-0-1

--------------------------------------------------------------

Engine-Match Thursday, November 6, 2025 3:51:51 AM
 Blitz 2/1 

Pairing 21/55 :    V7P3R_v12.6  -  C0BR4_v2.9

PGN-File: C:\Program Files (x86)\Arena\Tournaments\Engine Battle 20251105_2.pgn

No:  B/W 1/2     W:B       1:2           Time        Value Moves Dep 1:2       1-2-Draws
   3 W 1    1.5:0.5        2.5:0.5       3:54:24 AM   +10.33    41 3.941 :4.000  2-0-1

--------------------------------------------------------------

Engine-Match Thursday, November 6, 2025 3:54:26 AM
 Blitz 2/1 

Pairing 22/55 :    VPR_v8.1  -  MaterialOpponent

PGN-File: C:\Program Files (x86)\Arena\Tournaments\Engine Battle 20251105_2.pgn

No:  B/W 1/2     W:B       1:2           Time        Value Moves Dep 1:2       1-2-Draws
   3 = =    1.5:1.5        1.5:1.5       3:54:35 AM     0.00     7 6.000 :6.000  0-0-3

--------------------------------------------------------------

Engine-Match Thursday, November 6, 2025 3:54:36 AM
 Blitz 2/1 

Pairing 23/55 :    RandomOpponent  -  Stockfish 1%

PGN-File: C:\Program Files (x86)\Arena\Tournaments\Engine Battle 20251105_2.pgn

No:  B/W 1/2     W:B       1:2           Time        Value Moves Dep 1:2       1-2-Draws
   3 B 2    1.0:0.0        0.0:3.0       3:54:53 AM      -M1    23 0:12.000  0-3-0

--------------------------------------------------------------

Engine-Match Thursday, November 6, 2025 3:54:54 AM
 Blitz 2/1 

Pairing 24/55 :    SlowMate_v3.1  -  VPR_v9.0

PGN-File: C:\Program Files (x86)\Arena\Tournaments\Engine Battle 20251105_2.pgn

No:  B/W 1/2     W:B       1:2           Time        Value Moves Dep 1:2       1-2-Draws
   3 W 1    1.0:0.0        3.0:0.0       3:56:35 AM   +16.60    13 3.769 :5.846  3-0-0

--------------------------------------------------------------

Engine-Match Thursday, November 6, 2025 3:56:37 AM
 Blitz 2/1 

Pairing 25/55 :    V7P3R_v14.0  -  C0BR4_v3.1

PGN-File: C:\Program Files (x86)\Arena\Tournaments\Engine Battle 20251105_2.pgn

No:  B/W 1/2     W:B       1:2           Time        Value Moves Dep 1:2       1-2-Draws
   3 = =    0.5:0.5        2.5:0.5       3:59:37 AM     0.00    59 4.156 :4.000  2-0-1

--------------------------------------------------------------

Engine-Match Thursday, November 6, 2025 3:59:38 AM
 Blitz 2/1 

Pairing 26/55 :    V7P3R_v10.8  -  VPR_v8.1

PGN-File: C:\Program Files (x86)\Arena\Tournaments\Engine Battle 20251105_2.pgn

No:  B/W 1/2     W:B       1:2           Time        Value Moves Dep 1:2       1-2-Draws
   3 = =    1.5:1.5        1.5:1.5       4:02:29 AM    +2.29    35 2.714 :6.000  0-0-3

--------------------------------------------------------------

Engine-Match Thursday, November 6, 2025 4:02:30 AM
 Blitz 2/1 

Pairing 27/55 :    Stockfish 1%  -  V7P3R_v12.6

PGN-File: C:\Program Files (x86)\Arena\Tournaments\Engine Battle 20251105_2.pgn

No:  B/W 1/2     W:B       1:2           Time        Value Moves Dep 1:2       1-2-Draws
   3 W 1    1.0:0.0        1.0:2.0       4:05:29 AM   +14.90    69 12.167 :3.654  1-2-0

--------------------------------------------------------------

Engine-Match Thursday, November 6, 2025 4:05:30 AM
 Blitz 2/1 

Pairing 28/55 :    MaterialOpponent  -  SlowMate_v3.1

PGN-File: C:\Program Files (x86)\Arena\Tournaments\Engine Battle 20251105_2.pgn

No:  B/W 1/2     W:B       1:2           Time        Value Moves Dep 1:2       1-2-Draws
   3 = =    1.5:1.5        1.5:1.5       4:07:23 AM    -3.61    26 6.000 :3.077  0-0-3

--------------------------------------------------------------

Engine-Match Thursday, November 6, 2025 4:07:24 AM
 Blitz 2/1 

Pairing 29/55 :    C0BR4_v3.1  -  RandomOpponent

PGN-File: C:\Program Files (x86)\Arena\Tournaments\Engine Battle 20251105_2.pgn

No:  B/W 1/2     W:B       1:2           Time        Value Moves Dep 1:2       1-2-Draws
   3 W 1    1.0:0.0        3.0:0.0       4:07:36 AM  +299.97    10 3.750 :0 3-0-0

--------------------------------------------------------------

Engine-Match Thursday, November 6, 2025 4:07:38 AM
 Blitz 2/1 

Pairing 30/55 :    VPR_v9.0  -  V7P3R_v14.0

PGN-File: C:\Program Files (x86)\Arena\Tournaments\Engine Battle 20251105_2.pgn

No:  B/W 1/2     W:B       1:2           Time        Value Moves Dep 1:2       1-2-Draws
   3 B 2    1.0:0.0        0.0:3.0       4:10:20 AM   -14.81    20 6.000 :3.800  0-3-0

--------------------------------------------------------------

Engine-Match Thursday, November 6, 2025 4:10:31 AM
 Blitz 2/1 

Pairing 31/55 :    C0BR4_v2.9  -  Stockfish 1%

PGN-File: C:\Program Files (x86)\Arena\Tournaments\Engine Battle 20251105_2.pgn

No:  B/W 1/2     W:B       1:2           Time        Value Moves Dep 1:2       1-2-Draws
   3 B 2    1.0:0.0        0.0:3.0       4:11:14 AM      -M1    59 4.000 :11.333  0-3-0

--------------------------------------------------------------

Engine-Match Thursday, November 6, 2025 4:11:16 AM
 Blitz 2/1 

Pairing 32/55 :    SlowMate_v3.1  -  V7P3R_v10.8

PGN-File: C:\Program Files (x86)\Arena\Tournaments\Engine Battle 20251105_2.pgn

No:  B/W 1/2     W:B       1:2           Time        Value Moves Dep 1:2       1-2-Draws
   3 = =    1.5:1.5        1.5:1.5       4:15:54 AM    +1.46    55 3.065 :3.000  0-0-3

--------------------------------------------------------------

Engine-Match Thursday, November 6, 2025 4:15:55 AM
 Blitz 2/1 

Pairing 33/55 :    V7P3R_v12.6  -  C0BR4_v3.1

PGN-File: C:\Program Files (x86)\Arena\Tournaments\Engine Battle 20251105_2.pgn

No:  B/W 1/2     W:B       1:2           Time        Value Moves Dep 1:2       1-2-Draws
   3 B 2    1.0:0.0        1.0:2.0       4:17:19 AM  -299.97    21 3.667 :3.900  1-2-0

--------------------------------------------------------------

Engine-Match Thursday, November 6, 2025 4:17:20 AM
 Blitz 2/1 

Pairing 34/55 :    V7P3R_v14.0  -  MaterialOpponent

PGN-File: C:\Program Files (x86)\Arena\Tournaments\Engine Battle 20251105_2.pgn

No:  B/W 1/2     W:B       1:2           Time        Value Moves Dep 1:2       1-2-Draws
   3 B 2    1.5:0.5        1.5:1.5       4:21:56 AM     0.00    65 3.167 :6.000  1-1-1

--------------------------------------------------------------

Engine-Match Thursday, November 6, 2025 4:21:58 AM
 Blitz 2/1 

Pairing 35/55 :    RandomOpponent  -  VPR_v9.0

PGN-File: C:\Program Files (x86)\Arena\Tournaments\Engine Battle 20251105_2.pgn

No:  B/W 1/2     W:B       1:2           Time        Value Moves Dep 1:2       1-2-Draws
   3 B 2    1.0:0.0        0.0:3.0       4:23:24 AM  -299.99    17 0:5.824  0-3-0

--------------------------------------------------------------

Engine-Match Thursday, November 6, 2025 4:23:26 AM
 Blitz 2/1 

Pairing 36/55 :    VPR_v8.1  -  SlowMate_v3.1

PGN-File: C:\Program Files (x86)\Arena\Tournaments\Engine Battle 20251105_2.pgn

No:  B/W 1/2     W:B       1:2           Time        Value Moves Dep 1:2       1-2-Draws
   3 = =    1.5:1.5        1.5:1.5       4:25:28 AM    -3.61    26 6.000 :3.077  0-0-3

--------------------------------------------------------------

Engine-Match Thursday, November 6, 2025 4:25:30 AM
 Blitz 2/1 

Pairing 37/55 :    C0BR4_v3.1  -  C0BR4_v2.9

PGN-File: C:\Program Files (x86)\Arena\Tournaments\Engine Battle 20251105_2.pgn

No:  B/W 1/2     W:B       1:2           Time        Value Moves Dep 1:2       1-2-Draws
   3 = =    1.0:1.0        2.0:1.0       4:26:55 AM    +7.64    82 4.000 :4.000  1-0-2

--------------------------------------------------------------

Engine-Match Thursday, November 6, 2025 4:26:57 AM
 Blitz 2/1 

Pairing 38/55 :    V7P3R_v10.8  -  V7P3R_v14.0

PGN-File: C:\Program Files (x86)\Arena\Tournaments\Engine Battle 20251105_2.pgn

No:  B/W 1/2     W:B       1:2           Time        Value Moves Dep 1:2       1-2-Draws
   3 W 1    1.5:0.5        1.5:1.5       4:31:57 AM   +36.00    72 3.391 :4.158  1-1-1

--------------------------------------------------------------

Engine-Match Thursday, November 6, 2025 4:31:58 AM
 Blitz 2/1 

Pairing 39/55 :    VPR_v9.0  -  V7P3R_v12.6

PGN-File: C:\Program Files (x86)\Arena\Tournaments\Engine Battle 20251105_2.pgn

No:  B/W 1/2     W:B       1:2           Time        Value Moves Dep 1:2       1-2-Draws
   3 B 2    1.0:0.0        1.0:2.0       4:33:08 AM     0.00     9 5.889 :3.857  1-2-0

--------------------------------------------------------------

Engine-Match Thursday, November 6, 2025 4:33:10 AM
 Blitz 2/1 

Pairing 40/55 :    MaterialOpponent  -  RandomOpponent

PGN-File: C:\Program Files (x86)\Arena\Tournaments\Engine Battle 20251105_2.pgn

No:  B/W 1/2     W:B       1:2           Time        Value Moves Dep 1:2       1-2-Draws
   3 W 1    1.0:0.0        3.0:0.0       4:34:00 AM  +299.99    32 6.000 :0 3-0-0

--------------------------------------------------------------

Engine-Match Thursday, November 6, 2025 4:34:01 AM
 Blitz 2/1 

Pairing 41/55 :    Stockfish 1%  -  C0BR4_v3.1

PGN-File: C:\Program Files (x86)\Arena\Tournaments\Engine Battle 20251105_2.pgn

No:  B/W 1/2     W:B       1:2           Time        Value Moves Dep 1:2       1-2-Draws
   3 = =    1.0:1.0        2.0:1.0       4:37:20 AM    +2.86   250 10.500 :4.000  1-0-2

--------------------------------------------------------------

Engine-Match Thursday, November 6, 2025 4:37:22 AM
 Blitz 2/1 

Pairing 42/55 :    V7P3R_v14.0  -  VPR_v8.1

PGN-File: C:\Program Files (x86)\Arena\Tournaments\Engine Battle 20251105_2.pgn

No:  B/W 1/2     W:B       1:2           Time        Value Moves Dep 1:2       1-2-Draws
   3 = =    1.0:1.0        2.0:1.0       4:41:35 AM    -2.40    53 3.514 :6.000  1-0-2

--------------------------------------------------------------

Engine-Match Thursday, November 6, 2025 4:41:37 AM
 Blitz 2/1 

Pairing 43/55 :    C0BR4_v2.9  -  VPR_v9.0

PGN-File: C:\Program Files (x86)\Arena\Tournaments\Engine Battle 20251105_2.pgn

No:  B/W 1/2     W:B       1:2           Time        Value Moves Dep 1:2       1-2-Draws
   3 W 1    1.0:0.0        3.0:0.0       4:43:01 AM    +9.88    15 4.000 :6.000  3-0-0

--------------------------------------------------------------

Engine-Match Thursday, November 6, 2025 4:43:02 AM
 Blitz 2/1 

Pairing 44/55 :    RandomOpponent  -  V7P3R_v10.8

PGN-File: C:\Program Files (x86)\Arena\Tournaments\Engine Battle 20251105_2.pgn

No:  B/W 1/2     W:B       1:2           Time        Value Moves Dep 1:2       1-2-Draws
   3 B 2    1.0:0.0        0.0:3.0       4:44:33 AM  -289.96    24 0:3.500  0-3-0

--------------------------------------------------------------

Engine-Match Thursday, November 6, 2025 4:44:35 AM
 Blitz 2/1 

Pairing 45/55 :    V7P3R_v12.6  -  MaterialOpponent

PGN-File: C:\Program Files (x86)\Arena\Tournaments\Engine Battle 20251105_2.pgn

No:  B/W 1/2     W:B       1:2           Time        Value Moves Dep 1:2       1-2-Draws
   3 B 2    1.5:0.5        1.5:1.5       4:48:08 AM     0.00    29 3.036 :6.000  1-1-1

--------------------------------------------------------------

Engine-Match Thursday, November 6, 2025 4:48:10 AM
 Blitz 2/1 

Pairing 46/55 :    SlowMate_v3.1  -  V7P3R_v14.0

PGN-File: C:\Program Files (x86)\Arena\Tournaments\Engine Battle 20251105_2.pgn

No:  B/W 1/2     W:B       1:2           Time        Value Moves Dep 1:2       1-2-Draws
   3 = =    1.0:1.0        1.0:2.0       4:52:38 AM    +4.59    45 3.208 :3.933  0-1-2

--------------------------------------------------------------

Engine-Match Thursday, November 6, 2025 4:52:39 AM
 Blitz 2/1 

Pairing 47/55 :    VPR_v9.0  -  Stockfish 1%

PGN-File: C:\Program Files (x86)\Arena\Tournaments\Engine Battle 20251105_2.pgn

No:  B/W 1/2     W:B       1:2           Time        Value Moves Dep 1:2       1-2-Draws
   3 B 2    1.5:0.5        0.5:2.5       4:54:42 AM    -9.66    30 5.905 :12.167  0-2-1

--------------------------------------------------------------

Engine-Match Thursday, November 6, 2025 4:54:43 AM
 Blitz 2/1 

Pairing 48/55 :    VPR_v8.1  -  RandomOpponent

PGN-File: C:\Program Files (x86)\Arena\Tournaments\Engine Battle 20251105_2.pgn

No:  B/W 1/2     W:B       1:2           Time        Value Moves Dep 1:2       1-2-Draws
   3 W 1    1.0:0.0        3.0:0.0       4:55:23 AM  +299.99    33 6.000 :0 3-0-0

--------------------------------------------------------------

Engine-Match Thursday, November 6, 2025 4:55:24 AM
 Blitz 2/1 

Pairing 49/55 :    MaterialOpponent  -  C0BR4_v2.9

PGN-File: C:\Program Files (x86)\Arena\Tournaments\Engine Battle 20251105_2.pgn

No:  B/W 1/2     W:B       1:2           Time        Value Moves Dep 1:2       1-2-Draws
   3 = =    1.0:1.0        2.0:1.0       4:56:17 AM    -2.05    17 6.000 :4.000  1-0-2

--------------------------------------------------------------

Engine-Match Thursday, November 6, 2025 4:56:19 AM
 Blitz 2/1 

Pairing 50/55 :    V7P3R_v10.8  -  V7P3R_v12.6

PGN-File: C:\Program Files (x86)\Arena\Tournaments\Engine Battle 20251105_2.pgn

No:  B/W 1/2     W:B       1:2           Time        Value Moves Dep 1:2       1-2-Draws
   3 W 1    1.5:0.5        2.5:0.5       4:58:13 AM  +289.97    17 3.133 :3.500  2-0-1

--------------------------------------------------------------

Engine-Match Thursday, November 6, 2025 4:58:21 AM
 Blitz 2/1 

Pairing 51/55 :    C0BR4_v3.1  -  VPR_v9.0

PGN-File: C:\Program Files (x86)\Arena\Tournaments\Engine Battle 20251105_2.pgn

No:  B/W 1/2     W:B       1:2           Time        Value Moves Dep 1:2       1-2-Draws
   3 W 1    1.0:0.0        3.0:0.0       4:58:49 AM  +299.97     7 3.600 :6.000  3-0-0

--------------------------------------------------------------

Engine-Match Thursday, November 6, 2025 4:58:50 AM
 Blitz 2/1 

Pairing 52/55 :    RandomOpponent  -  SlowMate_v3.1

PGN-File: C:\Program Files (x86)\Arena\Tournaments\Engine Battle 20251105_2.pgn

No:  B/W 1/2     W:B       1:2           Time        Value Moves Dep 1:2       1-2-Draws
   3 B 2    1.0:0.0        0.0:3.0       5:00:39 AM  -113.32    34 0:3.176  0-3-0

--------------------------------------------------------------

Engine-Match Thursday, November 6, 2025 5:00:40 AM
 Blitz 2/1 

Pairing 53/55 :    Stockfish 1%  -  MaterialOpponent

PGN-File: C:\Program Files (x86)\Arena\Tournaments\Engine Battle 20251105_2.pgn

No:  B/W 1/2     W:B       1:2           Time        Value Moves Dep 1:2       1-2-Draws
   3 W 1    1.0:0.0        3.0:0.0       5:02:18 AM      +M1    47 12.600 :6.000  3-0-0

--------------------------------------------------------------

Engine-Match Thursday, November 6, 2025 5:02:19 AM
 Blitz 2/1 

Pairing 54/55 :    V7P3R_v12.6  -  VPR_v8.1

PGN-File: C:\Program Files (x86)\Arena\Tournaments\Engine Battle 20251105_2.pgn

No:  B/W 1/2     W:B       1:2           Time        Value Moves Dep 1:2       1-2-Draws
   3 = =    1.0:1.0        1.0:2.0       5:05:35 AM     0.00    40 3.306 :6.000  0-1-2

--------------------------------------------------------------

Engine-Match Thursday, November 6, 2025 5:05:37 AM
 Blitz 2/1 

Pairing 55/55 :    C0BR4_v2.9  -  V7P3R_v10.8

PGN-File: C:\Program Files (x86)\Arena\Tournaments\Engine Battle 20251105_2.pgn

No:  B/W 1/2     W:B       1:2           Time        Value Moves Dep 1:2       1-2-Draws
   3 W 1    1.0:0.0        2.0:1.0       5:08:22 AM   +12.24    56 4.000 :3.156  2-1-0

--------------------------------------------------------------

Engine-Match Thursday, November 6, 2025 5:08:23 AM
 Blitz 2/1 

Pairing 1/55 :    V7P3R_v14.0  -  RandomOpponent

PGN-File: C:\Program Files (x86)\Arena\Tournaments\Engine Battle 20251105_2.pgn

No:  B/W 1/2     W:B       1:2           Time        Value Moves Dep 1:2       1-2-Draws
   4 B 1    1.0:0.0        4.0:0.0       5:09:50 AM  -289.97    21 4.000 :0 4-0-0

--------------------------------------------------------------

Engine-Match Thursday, November 6, 2025 5:09:51 AM
 Blitz 2/1 

Pairing 2/55 :    MaterialOpponent  -  C0BR4_v3.1

PGN-File: C:\Program Files (x86)\Arena\Tournaments\Engine Battle 20251105_2.pgn

No:  B/W 1/2     W:B       1:2           Time        Value Moves Dep 1:2       1-2-Draws
   4 = =    1.0:1.0        2.0:2.0       5:10:26 AM    -3.25    15 6.000 :4.000  1-1-2

--------------------------------------------------------------

Engine-Match Thursday, November 6, 2025 5:10:28 AM
 Blitz 2/1 

Pairing 3/55 :    SlowMate_v3.1  -  V7P3R_v12.6

PGN-File: C:\Program Files (x86)\Arena\Tournaments\Engine Battle 20251105_2.pgn

No:  B/W 1/2     W:B       1:2           Time        Value Moves Dep 1:2       1-2-Draws
   4 W 2    2.0:1.0        1.0:3.0       5:16:27 AM  +289.99    74 3.231 :3.333  0-2-2

--------------------------------------------------------------

Engine-Match Thursday, November 6, 2025 5:16:28 AM
 Blitz 2/1 

Pairing 4/55 :    V7P3R_v10.8  -  Stockfish 1%

PGN-File: C:\Program Files (x86)\Arena\Tournaments\Engine Battle 20251105_2.pgn

No:  B/W 1/2     W:B       1:2           Time        Value Moves Dep 1:2       1-2-Draws
   4 W 2    1.0:0.0        1.0:3.0       5:17:24 AM   +10.83    12 3.444 :11.667  1-3-0

--------------------------------------------------------------

Engine-Match Thursday, November 6, 2025 5:17:26 AM
 Blitz 2/1 

Pairing 5/55 :    VPR_v8.1  -  C0BR4_v2.9

PGN-File: C:\Program Files (x86)\Arena\Tournaments\Engine Battle 20251105_2.pgn

No:  B/W 1/2     W:B       1:2           Time        Value Moves Dep 1:2       1-2-Draws
   4 = =    0.5:0.5        0.5:3.5       5:18:18 AM    +6.00    28 6.000 :4.000  0-3-1

--------------------------------------------------------------

Engine-Match Thursday, November 6, 2025 5:18:19 AM
 Blitz 2/1 

Pairing 6/55 :    VPR_v9.0  -  MaterialOpponent

PGN-File: C:\Program Files (x86)\Arena\Tournaments\Engine Battle 20251105_2.pgn

No:  B/W 1/2     W:B       1:2           Time        Value Moves Dep 1:2       1-2-Draws
   4 W 2    1.0:0.0        0.0:4.0       5:20:53 AM   +10.61    35 5.964 :6.000  0-4-0

--------------------------------------------------------------

Engine-Match Thursday, November 6, 2025 5:20:54 AM
 Blitz 2/1 

Pairing 7/55 :    V7P3R_v12.6  -  V7P3R_v14.0

PGN-File: C:\Program Files (x86)\Arena\Tournaments\Engine Battle 20251105_2.pgn

No:  B/W 1/2     W:B       1:2           Time        Value Moves Dep 1:2       1-2-Draws
   4 = =    1.0:1.0        1.0:3.0       5:24:41 AM    -0.74    39 3.364 :4.000  0-2-2

--------------------------------------------------------------

Engine-Match Thursday, November 6, 2025 5:24:42 AM
 Blitz 2/1 

Pairing 8/55 :    C0BR4_v3.1  -  V7P3R_v10.8

PGN-File: C:\Program Files (x86)\Arena\Tournaments\Engine Battle 20251105_2.pgn

No:  B/W 1/2     W:B       1:2           Time        Value Moves Dep 1:2       1-2-Draws
   4 = =    1.0:1.0        3.0:1.0       5:27:24 AM    +4.84    61 4.000 :3.059  2-0-2

--------------------------------------------------------------

Engine-Match Thursday, November 6, 2025 5:27:25 AM
 Blitz 2/1 

Pairing 9/55 :    C0BR4_v2.9  -  SlowMate_v3.1

PGN-File: C:\Program Files (x86)\Arena\Tournaments\Engine Battle 20251105_2.pgn

No:  B/W 1/2     W:B       1:2           Time        Value Moves Dep 1:2       1-2-Draws
   4 B 1    1.5:0.5        3.5:0.5       5:30:15 AM    -9.75    51 4.000 :3.286  3-0-1

--------------------------------------------------------------

Engine-Match Thursday, November 6, 2025 5:30:16 AM
 Blitz 2/1 

Pairing 10/55 :    Stockfish 1%  -  VPR_v8.1

PGN-File: C:\Program Files (x86)\Arena\Tournaments\Engine Battle 20251105_2.pgn

No:  B/W 1/2     W:B       1:2           Time        Value Moves Dep 1:2       1-2-Draws
   4 B 1    1.0:0.0        4.0:0.0       5:32:53 AM    -9.05    82 13.000 :6.000  4-0-0

--------------------------------------------------------------

Engine-Match Thursday, November 6, 2025 5:32:54 AM
 Blitz 2/1 

Pairing 11/55 :    RandomOpponent  -  V7P3R_v12.6

PGN-File: C:\Program Files (x86)\Arena\Tournaments\Engine Battle 20251105_2.pgn

No:  B/W 1/2     W:B       1:2           Time        Value Moves Dep 1:2       1-2-Draws
   4 W 2    1.0:0.0        0.0:4.0       5:34:01 AM  +289.97    16 0:3.800  0-4-0

--------------------------------------------------------------

Engine-Match Thursday, November 6, 2025 5:34:02 AM
 Blitz 2/1 

Pairing 12/55 :    V7P3R_v10.8  -  VPR_v9.0

PGN-File: C:\Program Files (x86)\Arena\Tournaments\Engine Battle 20251105_2.pgn

No:  B/W 1/2     W:B       1:2           Time        Value Moves Dep 1:2       1-2-Draws
   4 B 1    1.0:0.0        4.0:0.0       5:35:59 AM   -17.17    11 3.900 :6.000  4-0-0

--------------------------------------------------------------

Engine-Match Thursday, November 6, 2025 5:36:01 AM
 Blitz 2/1 

Pairing 13/55 :    V7P3R_v14.0  -  C0BR4_v2.9

PGN-File: C:\Program Files (x86)\Arena\Tournaments\Engine Battle 20251105_2.pgn

No:  B/W 1/2     W:B       1:2           Time        Value Moves Dep 1:2       1-2-Draws
   4 B 1    2.0:1.0        3.0:1.0       5:38:06 AM   -12.11    39 4.278 :4.000  2-0-2

--------------------------------------------------------------

Engine-Match Thursday, November 6, 2025 5:38:07 AM
 Blitz 2/1 

Pairing 14/55 :    VPR_v8.1  -  C0BR4_v3.1

PGN-File: C:\Program Files (x86)\Arena\Tournaments\Engine Battle 20251105_2.pgn

No:  B/W 1/2     W:B       1:2           Time        Value Moves Dep 1:2       1-2-Draws
   4 B 1    1.0:0.0        1.0:3.0       5:39:57 AM   -11.82    35 6.000 :4.000  1-3-0

--------------------------------------------------------------

Engine-Match Thursday, November 6, 2025 5:39:58 AM
 Blitz 2/1 

Pairing 15/55 :    SlowMate_v3.1  -  Stockfish 1%

PGN-File: C:\Program Files (x86)\Arena\Tournaments\Engine Battle 20251105_2.pgn

No:  B/W 1/2     W:B       1:2           Time        Value Moves Dep 1:2       1-2-Draws
   4 W 2    1.0:0.0        0.0:4.0       5:42:34 AM    +9.38    54 3.043 :11.000  0-4-0

--------------------------------------------------------------

Engine-Match Thursday, November 6, 2025 5:42:42 AM
 Blitz 2/1 

Pairing 16/55 :    MaterialOpponent  -  V7P3R_v10.8

PGN-File: C:\Program Files (x86)\Arena\Tournaments\Engine Battle 20251105_2.pgn

No:  B/W 1/2     W:B       1:2           Time        Value Moves Dep 1:2       1-2-Draws
   4 = =    1.0:1.0        2.0:2.0       5:44:53 AM    -1.95    25 6.000 :2.880  1-1-2

--------------------------------------------------------------

Engine-Match Thursday, November 6, 2025 5:44:54 AM
 Blitz 2/1 

Pairing 17/55 :    C0BR4_v2.9  -  RandomOpponent

PGN-File: C:\Program Files (x86)\Arena\Tournaments\Engine Battle 20251105_2.pgn

No:  B/W 1/2     W:B       1:2           Time        Value Moves Dep 1:2       1-2-Draws
   4 B 1    1.0:0.0        4.0:0.0       5:45:14 AM  -299.97    25 4.000 :0 4-0-0

--------------------------------------------------------------

Engine-Match Thursday, November 6, 2025 5:45:16 AM
 Blitz 2/1 

Pairing 18/55 :    VPR_v9.0  -  VPR_v8.1

PGN-File: C:\Program Files (x86)\Arena\Tournaments\Engine Battle 20251105_2.pgn

No:  B/W 1/2     W:B       1:2           Time        Value Moves Dep 1:2       1-2-Draws
   4 W 2    1.0:0.0        0.0:4.0       5:47:27 AM   +12.38    27 6.000 :6.000  0-4-0

--------------------------------------------------------------

Engine-Match Thursday, November 6, 2025 5:47:29 AM
 Blitz 2/1 

Pairing 19/55 :    Stockfish 1%  -  V7P3R_v14.0

PGN-File: C:\Program Files (x86)\Arena\Tournaments\Engine Battle 20251105_2.pgn

No:  B/W 1/2     W:B       1:2           Time        Value Moves Dep 1:2       1-2-Draws
   4 B 1    1.0:0.0        4.0:0.0       5:49:03 AM      -M1    23 9.571 :3.700  4-0-0

--------------------------------------------------------------

Engine-Match Thursday, November 6, 2025 5:49:04 AM
 Blitz 2/1 

Pairing 20/55 :    C0BR4_v3.1  -  SlowMate_v3.1

PGN-File: C:\Program Files (x86)\Arena\Tournaments\Engine Battle 20251105_2.pgn

No:  B/W 1/2     W:B       1:2           Time        Value Moves Dep 1:2       1-2-Draws
   4 B 1    1.5:0.5        3.5:0.5       5:51:38 AM  -299.97    43 4.000 :3.279  3-0-1

--------------------------------------------------------------

Engine-Match Thursday, November 6, 2025 5:51:40 AM
 Blitz 2/1 

Pairing 21/55 :    V7P3R_v12.6  -  C0BR4_v2.9

PGN-File: C:\Program Files (x86)\Arena\Tournaments\Engine Battle 20251105_2.pgn

No:  B/W 1/2     W:B       1:2           Time        Value Moves Dep 1:2       1-2-Draws
   4 B 1    1.5:0.5        3.5:0.5       5:55:19 AM   -13.67    61 3.080 :4.000  3-0-1

--------------------------------------------------------------

Engine-Match Thursday, November 6, 2025 5:55:20 AM
 Blitz 2/1 

Pairing 22/55 :    VPR_v8.1  -  MaterialOpponent

PGN-File: C:\Program Files (x86)\Arena\Tournaments\Engine Battle 20251105_2.pgn

No:  B/W 1/2     W:B       1:2           Time        Value Moves Dep 1:2       1-2-Draws
   4 = =    2.0:2.0        2.0:2.0       5:55:29 AM     0.00     7 6.000 :6.000  0-0-4

--------------------------------------------------------------

Engine-Match Thursday, November 6, 2025 5:55:30 AM
 Blitz 2/1 

Pairing 23/55 :    RandomOpponent  -  Stockfish 1%

PGN-File: C:\Program Files (x86)\Arena\Tournaments\Engine Battle 20251105_2.pgn

No:  B/W 1/2     W:B       1:2           Time        Value Moves Dep 1:2       1-2-Draws
   4 W 2    1.0:0.0        0.0:4.0       5:55:45 AM      +M1    18 0:12.167  0-4-0

--------------------------------------------------------------

Engine-Match Thursday, November 6, 2025 5:55:47 AM
 Blitz 2/1 

Pairing 24/55 :    SlowMate_v3.1  -  VPR_v9.0

PGN-File: C:\Program Files (x86)\Arena\Tournaments\Engine Battle 20251105_2.pgn

No:  B/W 1/2     W:B       1:2           Time        Value Moves Dep 1:2       1-2-Draws
   4 B 1    1.0:0.0        4.0:0.0       5:57:44 AM   -98.80    14 3.429 :5.786  4-0-0

--------------------------------------------------------------

Engine-Match Thursday, November 6, 2025 5:57:45 AM
 Blitz 2/1 

Pairing 25/55 :    V7P3R_v14.0  -  C0BR4_v3.1

PGN-File: C:\Program Files (x86)\Arena\Tournaments\Engine Battle 20251105_2.pgn

No:  B/W 1/2     W:B       1:2           Time        Value Moves Dep 1:2       1-2-Draws
   4 W 2    1.5:0.5        2.5:1.5       5:58:52 AM  +299.97    18 4.545 :4.000  2-1-1

--------------------------------------------------------------

Engine-Match Thursday, November 6, 2025 5:58:53 AM
 Blitz 2/1 

Pairing 26/55 :    V7P3R_v10.8  -  VPR_v8.1

PGN-File: C:\Program Files (x86)\Arena\Tournaments\Engine Battle 20251105_2.pgn

No:  B/W 1/2     W:B       1:2           Time        Value Moves Dep 1:2       1-2-Draws
   4 W 2    2.5:1.5        1.5:2.5       6:02:33 AM  +299.99    59 3.029 :6.000  0-1-3

--------------------------------------------------------------

Engine-Match Thursday, November 6, 2025 6:02:35 AM
 Blitz 2/1 

Pairing 27/55 :    Stockfish 1%  -  V7P3R_v12.6

PGN-File: C:\Program Files (x86)\Arena\Tournaments\Engine Battle 20251105_2.pgn

No:  B/W 1/2     W:B       1:2           Time        Value Moves Dep 1:2       1-2-Draws
   4 B 1    1.0:0.0        2.0:2.0       6:04:30 AM      -M1    27 11.167 :4.286  2-2-0

--------------------------------------------------------------

Engine-Match Thursday, November 6, 2025 6:04:32 AM
 Blitz 2/1 

Pairing 28/55 :    MaterialOpponent  -  SlowMate_v3.1

PGN-File: C:\Program Files (x86)\Arena\Tournaments\Engine Battle 20251105_2.pgn

No:  B/W 1/2     W:B       1:2           Time        Value Moves Dep 1:2       1-2-Draws
   4 = =    2.0:2.0        2.0:2.0       6:05:35 AM    +2.21    14 6.000 :2.929  0-0-4

--------------------------------------------------------------

Engine-Match Thursday, November 6, 2025 6:05:37 AM
 Blitz 2/1 

Pairing 29/55 :    C0BR4_v3.1  -  RandomOpponent

PGN-File: C:\Program Files (x86)\Arena\Tournaments\Engine Battle 20251105_2.pgn

No:  B/W 1/2     W:B       1:2           Time        Value Moves Dep 1:2       1-2-Draws
   4 B 1    1.0:0.0        4.0:0.0       6:05:53 AM  -299.97    15 3.857 :0 4-0-0

--------------------------------------------------------------

Engine-Match Thursday, November 6, 2025 6:05:54 AM
 Blitz 2/1 

Pairing 30/55 :    VPR_v9.0  -  V7P3R_v14.0

PGN-File: C:\Program Files (x86)\Arena\Tournaments\Engine Battle 20251105_2.pgn

No:  B/W 1/2     W:B       1:2           Time        Value Moves Dep 1:2       1-2-Draws
   4 W 2    1.0:0.0        0.0:4.0       6:06:55 AM  +289.97     7 5.833 :4.000  0-4-0

--------------------------------------------------------------

Engine-Match Thursday, November 6, 2025 6:06:56 AM
 Blitz 2/1 

Pairing 31/55 :    C0BR4_v2.9  -  Stockfish 1%

PGN-File: C:\Program Files (x86)\Arena\Tournaments\Engine Battle 20251105_2.pgn

No:  B/W 1/2     W:B       1:2           Time        Value Moves Dep 1:2       1-2-Draws
   4 W 2    1.0:0.0        0.0:4.0       6:07:47 AM    +9.91    72 4.000 :11.800  0-4-0

--------------------------------------------------------------

Engine-Match Thursday, November 6, 2025 6:07:49 AM
 Blitz 2/1 

Pairing 32/55 :    SlowMate_v3.1  -  V7P3R_v10.8

PGN-File: C:\Program Files (x86)\Arena\Tournaments\Engine Battle 20251105_2.pgn

No:  B/W 1/2     W:B       1:2           Time        Value Moves Dep 1:2       1-2-Draws
   4 = =    2.0:2.0        2.0:2.0       6:11:58 AM    -3.61    45 3.125 :2.806  0-0-4

--------------------------------------------------------------

Engine-Match Thursday, November 6, 2025 6:11:59 AM
 Blitz 2/1 

Pairing 33/55 :    V7P3R_v12.6  -  C0BR4_v3.1

PGN-File: C:\Program Files (x86)\Arena\Tournaments\Engine Battle 20251105_2.pgn

No:  B/W 1/2     W:B       1:2           Time        Value Moves Dep 1:2       1-2-Draws
   4 W 2    1.0:0.0        1.0:3.0       6:14:04 AM   +18.30    29 3.458 :4.000  1-3-0

--------------------------------------------------------------

Engine-Match Thursday, November 6, 2025 6:14:06 AM
 Blitz 2/1 

Pairing 34/55 :    V7P3R_v14.0  -  MaterialOpponent

PGN-File: C:\Program Files (x86)\Arena\Tournaments\Engine Battle 20251105_2.pgn

No:  B/W 1/2     W:B       1:2           Time        Value Moves Dep 1:2       1-2-Draws
   4 W 2    1.5:0.5        1.5:2.5       6:18:47 AM  +299.99    75 3.541 :6.000  1-2-1

--------------------------------------------------------------

Engine-Match Thursday, November 6, 2025 6:18:49 AM
 Blitz 2/1 

Pairing 35/55 :    RandomOpponent  -  VPR_v9.0

PGN-File: C:\Program Files (x86)\Arena\Tournaments\Engine Battle 20251105_2.pgn

No:  B/W 1/2     W:B       1:2           Time        Value Moves Dep 1:2       1-2-Draws
   4 W 2    1.0:0.0        0.0:4.0       6:20:15 AM  +299.99    22 0:6.000  0-4-0

--------------------------------------------------------------

Engine-Match Thursday, November 6, 2025 6:20:26 AM
 Blitz 2/1 

Pairing 36/55 :    VPR_v8.1  -  SlowMate_v3.1

PGN-File: C:\Program Files (x86)\Arena\Tournaments\Engine Battle 20251105_2.pgn

No:  B/W 1/2     W:B       1:2           Time        Value Moves Dep 1:2       1-2-Draws
   4 = =    2.0:2.0        2.0:2.0       6:24:12 AM    -5.81    53 6.000 :3.205  0-0-4

--------------------------------------------------------------

Engine-Match Thursday, November 6, 2025 6:24:13 AM
 Blitz 2/1 

Pairing 37/55 :    C0BR4_v3.1  -  C0BR4_v2.9

PGN-File: C:\Program Files (x86)\Arena\Tournaments\Engine Battle 20251105_2.pgn

No:  B/W 1/2     W:B       1:2           Time        Value Moves Dep 1:2       1-2-Draws
   4 = =    1.5:1.5        2.5:1.5       6:25:38 AM    +7.64    82 4.000 :4.000  1-0-3

--------------------------------------------------------------

Engine-Match Thursday, November 6, 2025 6:25:39 AM
 Blitz 2/1 

Pairing 38/55 :    V7P3R_v10.8  -  V7P3R_v14.0

PGN-File: C:\Program Files (x86)\Arena\Tournaments\Engine Battle 20251105_2.pgn

No:  B/W 1/2     W:B       1:2           Time        Value Moves Dep 1:2       1-2-Draws
   4 W 2    1.5:0.5        1.5:2.5       6:29:32 AM   +14.09    47 3.192 :4.125  1-2-1

--------------------------------------------------------------

Engine-Match Thursday, November 6, 2025 6:29:34 AM
 Blitz 2/1 

Pairing 39/55 :    VPR_v9.0  -  V7P3R_v12.6

PGN-File: C:\Program Files (x86)\Arena\Tournaments\Engine Battle 20251105_2.pgn

No:  B/W 1/2     W:B       1:2           Time        Value Moves Dep 1:2       1-2-Draws
   4 W 2    1.0:0.0        1.0:3.0       6:31:36 AM   +18.91    17 6.000 :3.643  1-3-0

--------------------------------------------------------------

Engine-Match Thursday, November 6, 2025 6:31:37 AM
 Blitz 2/1 

Pairing 40/55 :    MaterialOpponent  -  RandomOpponent

PGN-File: C:\Program Files (x86)\Arena\Tournaments\Engine Battle 20251105_2.pgn

No:  B/W 1/2     W:B       1:2           Time        Value Moves Dep 1:2       1-2-Draws
   4 B 1    1.0:0.0        4.0:0.0       6:32:14 AM  -299.99    24 6.000 :0 4-0-0

--------------------------------------------------------------

Engine-Match Thursday, November 6, 2025 6:32:15 AM
 Blitz 2/1 

Pairing 41/55 :    Stockfish 1%  -  C0BR4_v3.1

PGN-File: C:\Program Files (x86)\Arena\Tournaments\Engine Battle 20251105_2.pgn

No:  B/W 1/2     W:B       1:2           Time        Value Moves Dep 1:2       1-2-Draws
   4 = =    1.5:1.5        2.5:1.5       6:33:42 AM    +1.99   101 11.167 :4.000  1-0-3

--------------------------------------------------------------

Engine-Match Thursday, November 6, 2025 6:33:43 AM
 Blitz 2/1 

Pairing 42/55 :    V7P3R_v14.0  -  VPR_v8.1

PGN-File: C:\Program Files (x86)\Arena\Tournaments\Engine Battle 20251105_2.pgn

No:  B/W 1/2     W:B       1:2           Time        Value Moves Dep 1:2       1-2-Draws
   4 = =    1.5:1.5        2.5:1.5       6:35:46 AM    +1.00    24 3.882 :6.000  1-0-3

--------------------------------------------------------------

Engine-Match Thursday, November 6, 2025 6:35:48 AM
 Blitz 2/1 

Pairing 43/55 :    C0BR4_v2.9  -  VPR_v9.0

PGN-File: C:\Program Files (x86)\Arena\Tournaments\Engine Battle 20251105_2.pgn

No:  B/W 1/2     W:B       1:2           Time        Value Moves Dep 1:2       1-2-Draws
   4 B 1    1.0:0.0        4.0:0.0       6:37:07 AM   -13.47    17 4.000 :5.941  4-0-0

--------------------------------------------------------------

Engine-Match Thursday, November 6, 2025 6:37:08 AM
 Blitz 2/1 

Pairing 44/55 :    RandomOpponent  -  V7P3R_v10.8

PGN-File: C:\Program Files (x86)\Arena\Tournaments\Engine Battle 20251105_2.pgn

No:  B/W 1/2     W:B       1:2           Time        Value Moves Dep 1:2       1-2-Draws
   4 W 2    1.0:0.0        0.0:4.0       6:37:54 AM  +289.97     9 0:3.875  0-4-0

--------------------------------------------------------------

Engine-Match Thursday, November 6, 2025 6:37:55 AM
 Blitz 2/1 

Pairing 45/55 :    V7P3R_v12.6  -  MaterialOpponent

PGN-File: C:\Program Files (x86)\Arena\Tournaments\Engine Battle 20251105_2.pgn

No:  B/W 1/2     W:B       1:2           Time        Value Moves Dep 1:2       1-2-Draws
   4 B 1    1.5:0.5        2.5:1.5       6:42:03 AM   -13.05    61 3.719 :6.000  2-1-1

--------------------------------------------------------------

Engine-Match Thursday, November 6, 2025 6:42:04 AM
 Blitz 2/1 

Pairing 46/55 :    SlowMate_v3.1  -  V7P3R_v14.0

PGN-File: C:\Program Files (x86)\Arena\Tournaments\Engine Battle 20251105_2.pgn

No:  B/W 1/2     W:B       1:2           Time        Value Moves Dep 1:2       1-2-Draws
   4 = =    1.5:1.5        1.5:2.5       6:47:01 AM    -1.86    55 3.143 :3.944  0-1-3

--------------------------------------------------------------

Engine-Match Thursday, November 6, 2025 6:47:02 AM
 Blitz 2/1 

Pairing 47/55 :    VPR_v9.0  -  Stockfish 1%

PGN-File: C:\Program Files (x86)\Arena\Tournaments\Engine Battle 20251105_2.pgn

No:  B/W 1/2     W:B       1:2           Time        Value Moves Dep 1:2       1-2-Draws
   4 W 2    1.5:0.5        0.5:3.5       6:49:31 AM   +10.64    38 6.000 :12.167  0-3-1

--------------------------------------------------------------

Engine-Match Thursday, November 6, 2025 6:49:32 AM
 Blitz 2/1 

Pairing 48/55 :    VPR_v8.1  -  RandomOpponent

PGN-File: C:\Program Files (x86)\Arena\Tournaments\Engine Battle 20251105_2.pgn

No:  B/W 1/2     W:B       1:2           Time        Value Moves Dep 1:2       1-2-Draws
   4 B 1    1.0:0.0        4.0:0.0       6:50:01 AM  -299.99    16 6.000 :0 4-0-0

--------------------------------------------------------------

Engine-Match Thursday, November 6, 2025 6:50:02 AM
 Blitz 2/1 

Pairing 49/55 :    MaterialOpponent  -  C0BR4_v2.9

PGN-File: C:\Program Files (x86)\Arena\Tournaments\Engine Battle 20251105_2.pgn

No:  B/W 1/2     W:B       1:2           Time        Value Moves Dep 1:2       1-2-Draws
   4 = =    1.5:1.5        2.5:1.5       6:50:45 AM    +2.27    27 6.000 :4.000  1-0-3

--------------------------------------------------------------

Engine-Match Thursday, November 6, 2025 6:50:47 AM
 Blitz 2/1 

Pairing 50/55 :    V7P3R_v10.8  -  V7P3R_v12.6

PGN-File: C:\Program Files (x86)\Arena\Tournaments\Engine Battle 20251105_2.pgn

No:  B/W 1/2     W:B       1:2           Time        Value Moves Dep 1:2       1-2-Draws
   4 W 2    1.5:0.5        2.5:1.5       6:55:56 AM     0.00    69 3.098 :3.517  2-1-1

--------------------------------------------------------------

Engine-Match Thursday, November 6, 2025 6:55:57 AM
 Blitz 2/1 

Pairing 51/55 :    C0BR4_v3.1  -  VPR_v9.0

PGN-File: C:\Program Files (x86)\Arena\Tournaments\Engine Battle 20251105_2.pgn

No:  B/W 1/2     W:B       1:2           Time        Value Moves Dep 1:2       1-2-Draws
   4 B 1    1.0:0.0        4.0:0.0       6:57:22 AM   -23.50    17 4.000 :5.824  4-0-0

--------------------------------------------------------------

Engine-Match Thursday, November 6, 2025 6:57:23 AM
 Blitz 2/1 

Pairing 52/55 :    RandomOpponent  -  SlowMate_v3.1

PGN-File: C:\Program Files (x86)\Arena\Tournaments\Engine Battle 20251105_2.pgn

No:  B/W 1/2     W:B       1:2           Time        Value Moves Dep 1:2       1-2-Draws
   4 W 2    1.0:0.0        0.0:4.0       6:58:32 AM  +185.74    19 0:3.053  0-4-0

--------------------------------------------------------------

Engine-Match Thursday, November 6, 2025 6:58:33 AM
 Blitz 2/1 

Pairing 53/55 :    Stockfish 1%  -  MaterialOpponent

PGN-File: C:\Program Files (x86)\Arena\Tournaments\Engine Battle 20251105_2.pgn

No:  B/W 1/2     W:B       1:2           Time        Value Moves Dep 1:2       1-2-Draws
   4 B 1    1.0:0.0        4.0:0.0       6:59:42 AM   -18.05    32 13.200 :6.000  4-0-0

--------------------------------------------------------------

Engine-Match Thursday, November 6, 2025 6:59:43 AM
 Blitz 2/1 

Pairing 54/55 :    V7P3R_v12.6  -  VPR_v8.1

PGN-File: C:\Program Files (x86)\Arena\Tournaments\Engine Battle 20251105_2.pgn

No:  B/W 1/2     W:B       1:2           Time        Value Moves Dep 1:2       1-2-Draws
   4 W 2    2.0:1.0        1.0:3.0       7:04:31 AM   +16.36    71 3.524 :6.000  0-2-2

--------------------------------------------------------------

Engine-Match Thursday, November 6, 2025 7:04:32 AM
 Blitz 2/1 

Pairing 55/55 :    C0BR4_v2.9  -  V7P3R_v10.8

PGN-File: C:\Program Files (x86)\Arena\Tournaments\Engine Battle 20251105_2.pgn

No:  B/W 1/2     W:B       1:2           Time        Value Moves Dep 1:2       1-2-Draws
   4 = =    0.5:0.5        2.5:1.5       7:05:50 AM    +1.12    12 4.000 :3.364  2-1-1

--------------------------------------------------------------

Engine-Match Thursday, November 6, 2025 7:05:58 AM
 Blitz 2/1 

Pairing 1/55 :    V7P3R_v14.0  -  RandomOpponent

PGN-File: C:\Program Files (x86)\Arena\Tournaments\Engine Battle 20251105_2.pgn

No:  B/W 1/2     W:B       1:2           Time        Value Moves Dep 1:2       1-2-Draws
   5 W 1    1.0:0.0        5.0:0.0       7:07:50 AM  +289.97    31 4.259 :0 5-0-0

--------------------------------------------------------------

Engine-Match Thursday, November 6, 2025 7:07:52 AM
 Blitz 2/1 

Pairing 2/55 :    MaterialOpponent  -  C0BR4_v3.1

PGN-File: C:\Program Files (x86)\Arena\Tournaments\Engine Battle 20251105_2.pgn

No:  B/W 1/2     W:B       1:2           Time        Value Moves Dep 1:2       1-2-Draws
   5 = =    1.5:1.5        2.5:2.5       7:09:05 AM    -0.87    45 6.000 :4.000  1-1-3

--------------------------------------------------------------

Engine-Match Thursday, November 6, 2025 7:09:06 AM
 Blitz 2/1 

Pairing 3/55 :    SlowMate_v3.1  -  V7P3R_v12.6

PGN-File: C:\Program Files (x86)\Arena\Tournaments\Engine Battle 20251105_2.pgn

No:  B/W 1/2     W:B       1:2           Time        Value Moves Dep 1:2       1-2-Draws
   5 B 2    2.0:1.0        1.0:4.0       7:12:50 AM  -289.97    33 3.031 :3.250  0-3-2

--------------------------------------------------------------

Engine-Match Thursday, November 6, 2025 7:12:52 AM
 Blitz 2/1 

Pairing 4/55 :    V7P3R_v10.8  -  Stockfish 1%

PGN-File: C:\Program Files (x86)\Arena\Tournaments\Engine Battle 20251105_2.pgn

No:  B/W 1/2     W:B       1:2           Time        Value Moves Dep 1:2       1-2-Draws
   5 = =    0.5:0.5        1.5:3.5       7:15:30 AM     0.00    63 3.444 :11.167  1-3-1

--------------------------------------------------------------

Engine-Match Thursday, November 6, 2025 7:15:31 AM
 Blitz 2/1 

Pairing 5/55 :    VPR_v8.1  -  C0BR4_v2.9

PGN-File: C:\Program Files (x86)\Arena\Tournaments\Engine Battle 20251105_2.pgn

No:  B/W 1/2     W:B       1:2           Time        Value Moves Dep 1:2       1-2-Draws
   5 = =    1.0:1.0        1.0:4.0       7:17:28 AM    -1.20    43 6.000 :4.000  0-3-2

--------------------------------------------------------------

Engine-Match Thursday, November 6, 2025 7:17:29 AM
 Blitz 2/1 

Pairing 6/55 :    VPR_v9.0  -  MaterialOpponent

PGN-File: C:\Program Files (x86)\Arena\Tournaments\Engine Battle 20251105_2.pgn

No:  B/W 1/2     W:B       1:2           Time        Value Moves Dep 1:2       1-2-Draws
   5 = =    0.5:0.5        0.5:4.5       7:18:50 AM    -5.05    23 6.000 :6.000  0-4-1

--------------------------------------------------------------

Engine-Match Thursday, November 6, 2025 7:18:52 AM
 Blitz 2/1 

Pairing 7/55 :    V7P3R_v12.6  -  V7P3R_v14.0

PGN-File: C:\Program Files (x86)\Arena\Tournaments\Engine Battle 20251105_2.pgn

No:  B/W 1/2     W:B       1:2           Time        Value Moves Dep 1:2       1-2-Draws
   5 B 2    2.0:1.0        1.0:4.0       7:24:30 AM     0.00    67 3.828 :4.167  0-3-2

--------------------------------------------------------------

Engine-Match Thursday, November 6, 2025 7:24:31 AM
 Blitz 2/1 

Pairing 8/55 :    C0BR4_v3.1  -  V7P3R_v10.8

PGN-File: C:\Program Files (x86)\Arena\Tournaments\Engine Battle 20251105_2.pgn

No:  B/W 1/2     W:B       1:2           Time        Value Moves Dep 1:2       1-2-Draws
   5 W 1    2.0:1.0        4.0:1.0       7:27:25 AM   +12.40    56 4.000 :3.188  3-0-2

--------------------------------------------------------------

Engine-Match Thursday, November 6, 2025 7:27:26 AM
 Blitz 2/1 

Pairing 9/55 :    C0BR4_v2.9  -  SlowMate_v3.1

PGN-File: C:\Program Files (x86)\Arena\Tournaments\Engine Battle 20251105_2.pgn

No:  B/W 1/2     W:B       1:2           Time        Value Moves Dep 1:2       1-2-Draws
   5 B 2    1.5:0.5        3.5:1.5       7:30:38 AM   -10.22    59 4.000 :3.118  3-1-1

--------------------------------------------------------------

Engine-Match Thursday, November 6, 2025 7:30:39 AM
 Blitz 2/1 

Pairing 10/55 :    Stockfish 1%  -  VPR_v8.1

PGN-File: C:\Program Files (x86)\Arena\Tournaments\Engine Battle 20251105_2.pgn

No:  B/W 1/2     W:B       1:2           Time        Value Moves Dep 1:2       1-2-Draws
   5 W 1    1.0:0.0        5.0:0.0       7:33:22 AM    +9.05   139 12.400 :6.000  5-0-0

--------------------------------------------------------------

Engine-Match Thursday, November 6, 2025 7:33:23 AM
 Blitz 2/1 

Pairing 11/55 :    RandomOpponent  -  V7P3R_v12.6

PGN-File: C:\Program Files (x86)\Arena\Tournaments\Engine Battle 20251105_2.pgn

No:  B/W 1/2     W:B       1:2           Time        Value Moves Dep 1:2       1-2-Draws
   5 B 2    1.0:0.0        0.0:5.0       7:34:05 AM     0.00    11 0:3.889  0-5-0

--------------------------------------------------------------

Engine-Match Thursday, November 6, 2025 7:34:06 AM
 Blitz 2/1 

Pairing 12/55 :    V7P3R_v10.8  -  VPR_v9.0

PGN-File: C:\Program Files (x86)\Arena\Tournaments\Engine Battle 20251105_2.pgn

No:  B/W 1/2     W:B       1:2           Time        Value Moves Dep 1:2       1-2-Draws
   5 W 1    1.0:0.0        5.0:0.0       7:38:38 AM     0.00    64 3.333 :6.000  5-0-0

--------------------------------------------------------------

Engine-Match Thursday, November 6, 2025 7:38:40 AM
 Blitz 2/1 

Pairing 13/55 :    V7P3R_v14.0  -  C0BR4_v2.9

PGN-File: C:\Program Files (x86)\Arena\Tournaments\Engine Battle 20251105_2.pgn

No:  B/W 1/2     W:B       1:2           Time        Value Moves Dep 1:2       1-2-Draws
   5 W 1    2.0:1.0        4.0:1.0       7:41:20 AM   +14.20    46 3.769 :4.000  3-0-2

--------------------------------------------------------------

Engine-Match Thursday, November 6, 2025 7:41:21 AM
 Blitz 2/1 

Pairing 14/55 :    VPR_v8.1  -  C0BR4_v3.1

PGN-File: C:\Program Files (x86)\Arena\Tournaments\Engine Battle 20251105_2.pgn

No:  B/W 1/2     W:B       1:2           Time        Value Moves Dep 1:2       1-2-Draws
   5 B 2    1.0:0.0        1.0:4.0       7:44:05 AM   -21.25    47 5.977 :4.000  1-4-0

--------------------------------------------------------------

Engine-Match Thursday, November 6, 2025 7:44:06 AM
 Blitz 2/1 

Pairing 15/55 :    SlowMate_v3.1  -  Stockfish 1%

PGN-File: C:\Program Files (x86)\Arena\Tournaments\Engine Battle 20251105_2.pgn

No:  B/W 1/2     W:B       1:2           Time        Value Moves Dep 1:2       1-2-Draws
   5 B 2    1.0:0.0        0.0:5.0       7:46:17 AM      -M1    42 3.139 :10.500  0-5-0

--------------------------------------------------------------

Engine-Match Thursday, November 6, 2025 7:46:18 AM
 Blitz 2/1 

Pairing 16/55 :    MaterialOpponent  -  V7P3R_v10.8

PGN-File: C:\Program Files (x86)\Arena\Tournaments\Engine Battle 20251105_2.pgn

No:  B/W 1/2     W:B       1:2           Time        Value Moves Dep 1:2       1-2-Draws
   5 = =    1.5:1.5        2.5:2.5       7:47:43 AM     0.00    19 6.000 :3.571  1-1-3

--------------------------------------------------------------

Engine-Match Thursday, November 6, 2025 7:47:45 AM
 Blitz 2/1 

Pairing 17/55 :    C0BR4_v2.9  -  RandomOpponent

PGN-File: C:\Program Files (x86)\Arena\Tournaments\Engine Battle 20251105_2.pgn

No:  B/W 1/2     W:B       1:2           Time        Value Moves Dep 1:2       1-2-Draws
   5 W 1    1.0:0.0        5.0:0.0       7:47:55 AM  +299.97     7 4.000 :0 5-0-0

--------------------------------------------------------------

Engine-Match Thursday, November 6, 2025 7:47:57 AM
 Blitz 2/1 

Pairing 18/55 :    VPR_v9.0  -  VPR_v8.1

PGN-File: C:\Program Files (x86)\Arena\Tournaments\Engine Battle 20251105_2.pgn

No:  B/W 1/2     W:B       1:2           Time        Value Moves Dep 1:2       1-2-Draws
   5 B 2    1.0:0.0        0.0:5.0       7:49:57 AM   -15.68    18 5.667 :6.000  0-5-0

--------------------------------------------------------------

Engine-Match Thursday, November 6, 2025 7:49:58 AM
 Blitz 2/1 

Pairing 19/55 :    Stockfish 1%  -  V7P3R_v14.0

PGN-File: C:\Program Files (x86)\Arena\Tournaments\Engine Battle 20251105_2.pgn

No:  B/W 1/2     W:B       1:2           Time        Value Moves Dep 1:2       1-2-Draws
   5 B 2    1.0:0.0        4.0:1.0       7:51:44 AM  -289.98    27 10.833 :4.250  4-1-0

--------------------------------------------------------------

Engine-Match Thursday, November 6, 2025 7:51:46 AM
 Blitz 2/1 

Pairing 20/55 :    C0BR4_v3.1  -  SlowMate_v3.1

PGN-File: C:\Program Files (x86)\Arena\Tournaments\Engine Battle 20251105_2.pgn

No:  B/W 1/2     W:B       1:2           Time        Value Moves Dep 1:2       1-2-Draws
   5 W 1    1.5:0.5        4.5:0.5       7:54:39 AM  +299.97    47 4.000 :3.047  4-0-1

--------------------------------------------------------------

Engine-Match Thursday, November 6, 2025 7:54:47 AM
 Blitz 2/1 

Pairing 21/55 :    V7P3R_v12.6  -  C0BR4_v2.9

PGN-File: C:\Program Files (x86)\Arena\Tournaments\Engine Battle 20251105_2.pgn

No:  B/W 1/2     W:B       1:2           Time        Value Moves Dep 1:2       1-2-Draws
   5 B 2    1.5:0.5        3.5:1.5       7:56:11 AM  -299.97    21 3.667 :3.895  3-1-1

--------------------------------------------------------------

Engine-Match Thursday, November 6, 2025 7:56:13 AM
 Blitz 2/1 

Pairing 22/55 :    VPR_v8.1  -  MaterialOpponent

PGN-File: C:\Program Files (x86)\Arena\Tournaments\Engine Battle 20251105_2.pgn

No:  B/W 1/2     W:B       1:2           Time        Value Moves Dep 1:2       1-2-Draws
   5 = =    2.5:2.5        2.5:2.5       7:56:22 AM     0.00     7 6.000 :6.000  0-0-5

--------------------------------------------------------------

Engine-Match Thursday, November 6, 2025 7:56:24 AM
 Blitz 2/1 

Pairing 23/55 :    RandomOpponent  -  Stockfish 1%

PGN-File: C:\Program Files (x86)\Arena\Tournaments\Engine Battle 20251105_2.pgn

No:  B/W 1/2     W:B       1:2           Time        Value Moves Dep 1:2       1-2-Draws
   5 B 2    1.0:0.0        0.0:5.0       7:56:41 AM      -M1    25 0:14.000  0-5-0

--------------------------------------------------------------

Engine-Match Thursday, November 6, 2025 7:56:42 AM
 Blitz 2/1 

Pairing 24/55 :    SlowMate_v3.1  -  VPR_v9.0

PGN-File: C:\Program Files (x86)\Arena\Tournaments\Engine Battle 20251105_2.pgn

No:  B/W 1/2     W:B       1:2           Time        Value Moves Dep 1:2       1-2-Draws
   5 W 1    1.0:0.0        5.0:0.0       7:57:32 AM  +141.23     6 3.667 :5.600  5-0-0

--------------------------------------------------------------

Engine-Match Thursday, November 6, 2025 7:57:34 AM
 Blitz 2/1 

Pairing 25/55 :    V7P3R_v14.0  -  C0BR4_v3.1

PGN-File: C:\Program Files (x86)\Arena\Tournaments\Engine Battle 20251105_2.pgn

No:  B/W 1/2     W:B       1:2           Time        Value Moves Dep 1:2       1-2-Draws
   5 = =    1.0:1.0        3.0:2.0       8:00:16 AM    -5.37    51 4.156 :4.000  2-1-2

--------------------------------------------------------------

Engine-Match Thursday, November 6, 2025 8:00:18 AM
 Blitz 2/1 

Pairing 26/55 :    V7P3R_v10.8  -  VPR_v8.1

PGN-File: C:\Program Files (x86)\Arena\Tournaments\Engine Battle 20251105_2.pgn

No:  B/W 1/2     W:B       1:2           Time        Value Moves Dep 1:2       1-2-Draws
   5 = =    2.0:2.0        2.0:3.0       8:03:02 AM    +2.29    35 2.686 :6.000  0-1-4

--------------------------------------------------------------

Engine-Match Thursday, November 6, 2025 8:03:03 AM
 Blitz 2/1 

Pairing 27/55 :    Stockfish 1%  -  V7P3R_v12.6

PGN-File: C:\Program Files (x86)\Arena\Tournaments\Engine Battle 20251105_2.pgn

No:  B/W 1/2     W:B       1:2           Time        Value Moves Dep 1:2       1-2-Draws
   5 W 1    1.0:0.0        3.0:2.0       8:05:46 AM   +10.92    47 12.000 :3.792  3-2-0

--------------------------------------------------------------

Engine-Match Thursday, November 6, 2025 8:05:48 AM
 Blitz 2/1 

Pairing 28/55 :    MaterialOpponent  -  SlowMate_v3.1

PGN-File: C:\Program Files (x86)\Arena\Tournaments\Engine Battle 20251105_2.pgn

No:  B/W 1/2     W:B       1:2           Time        Value Moves Dep 1:2       1-2-Draws
   5 = =    2.5:2.5        2.5:2.5       8:07:40 AM    -3.61    26 6.000 :3.077  0-0-5

--------------------------------------------------------------

Engine-Match Thursday, November 6, 2025 8:07:41 AM
 Blitz 2/1 

Pairing 29/55 :    C0BR4_v3.1  -  RandomOpponent

PGN-File: C:\Program Files (x86)\Arena\Tournaments\Engine Battle 20251105_2.pgn

No:  B/W 1/2     W:B       1:2           Time        Value Moves Dep 1:2       1-2-Draws
   5 W 1    1.0:0.0        5.0:0.0       8:07:56 AM  +299.97    14 3.846 :0 5-0-0

--------------------------------------------------------------

Engine-Match Thursday, November 6, 2025 8:07:57 AM
 Blitz 2/1 

Pairing 30/55 :    VPR_v9.0  -  V7P3R_v14.0

PGN-File: C:\Program Files (x86)\Arena\Tournaments\Engine Battle 20251105_2.pgn

No:  B/W 1/2     W:B       1:2           Time        Value Moves Dep 1:2       1-2-Draws
   5 B 2    1.0:0.0        0.0:5.0       8:10:26 AM  -299.98    16 6.000 :4.000  0-5-0

--------------------------------------------------------------

Engine-Match Thursday, November 6, 2025 8:10:28 AM
 Blitz 2/1 

Pairing 31/55 :    C0BR4_v2.9  -  Stockfish 1%

PGN-File: C:\Program Files (x86)\Arena\Tournaments\Engine Battle 20251105_2.pgn

No:  B/W 1/2     W:B       1:2           Time        Value Moves Dep 1:2       1-2-Draws
   5 = =    0.5:0.5        0.5:4.5       8:11:14 AM    +4.28    48 4.000 :10.833  0-4-1

--------------------------------------------------------------

Engine-Match Thursday, November 6, 2025 8:11:16 AM
 Blitz 2/1 

Pairing 32/55 :    SlowMate_v3.1  -  V7P3R_v10.8

PGN-File: C:\Program Files (x86)\Arena\Tournaments\Engine Battle 20251105_2.pgn

No:  B/W 1/2     W:B       1:2           Time        Value Moves Dep 1:2       1-2-Draws
   5 B 2    3.0:2.0        2.0:3.0       8:16:39 AM   -15.63    71 3.065 :3.034  0-1-4

--------------------------------------------------------------

Engine-Match Thursday, November 6, 2025 8:16:40 AM
 Blitz 2/1 

Pairing 33/55 :    V7P3R_v12.6  -  C0BR4_v3.1

PGN-File: C:\Program Files (x86)\Arena\Tournaments\Engine Battle 20251105_2.pgn

No:  B/W 1/2     W:B       1:2           Time        Value Moves Dep 1:2       1-2-Draws
   5 B 2    1.0:0.0        1.0:4.0       8:19:01 AM  -299.97    42 3.818 :4.000  1-4-0

--------------------------------------------------------------

Engine-Match Thursday, November 6, 2025 8:19:02 AM
 Blitz 2/1 

Pairing 34/55 :    V7P3R_v14.0  -  MaterialOpponent

PGN-File: C:\Program Files (x86)\Arena\Tournaments\Engine Battle 20251105_2.pgn

No:  B/W 1/2     W:B       1:2           Time        Value Moves Dep 1:2       1-2-Draws
   5 = =    1.0:1.0        2.0:3.0       8:22:47 AM    +3.49    47 3.357 :6.000  1-2-2

--------------------------------------------------------------

Engine-Match Thursday, November 6, 2025 8:22:49 AM
 Blitz 2/1 

Pairing 35/55 :    RandomOpponent  -  VPR_v9.0

PGN-File: C:\Program Files (x86)\Arena\Tournaments\Engine Battle 20251105_2.pgn

No:  B/W 1/2     W:B       1:2           Time        Value Moves Dep 1:2       1-2-Draws
   5 B 2    1.0:0.0        0.0:5.0       8:23:17 AM  -299.99     5 0:6.000  0-5-0

--------------------------------------------------------------

Engine-Match Thursday, November 6, 2025 8:23:18 AM
 Blitz 2/1 

Pairing 36/55 :    VPR_v8.1  -  SlowMate_v3.1

PGN-File: C:\Program Files (x86)\Arena\Tournaments\Engine Battle 20251105_2.pgn

No:  B/W 1/2     W:B       1:2           Time        Value Moves Dep 1:2       1-2-Draws
   5 = =    2.5:2.5        2.5:2.5       8:25:21 AM    -3.61    26 6.000 :3.038  0-0-5

--------------------------------------------------------------

Engine-Match Thursday, November 6, 2025 8:25:22 AM
 Blitz 2/1 

Pairing 37/55 :    C0BR4_v3.1  -  C0BR4_v2.9

PGN-File: C:\Program Files (x86)\Arena\Tournaments\Engine Battle 20251105_2.pgn

No:  B/W 1/2     W:B       1:2           Time        Value Moves Dep 1:2       1-2-Draws
   5 W 1    2.5:1.5        3.5:1.5       8:26:24 AM  +299.97    27 4.000 :3.958  2-0-3

--------------------------------------------------------------

Engine-Match Thursday, November 6, 2025 8:26:25 AM
 Blitz 2/1 

Pairing 38/55 :    V7P3R_v10.8  -  V7P3R_v14.0

PGN-File: C:\Program Files (x86)\Arena\Tournaments\Engine Battle 20251105_2.pgn

No:  B/W 1/2     W:B       1:2           Time        Value Moves Dep 1:2       1-2-Draws
   5 W 1    1.5:0.5        2.5:2.5       8:30:17 AM   +24.40    45 3.333 :4.158  2-2-1

--------------------------------------------------------------

Engine-Match Thursday, November 6, 2025 8:30:18 AM
 Blitz 2/1 

Pairing 39/55 :    VPR_v9.0  -  V7P3R_v12.6

PGN-File: C:\Program Files (x86)\Arena\Tournaments\Engine Battle 20251105_2.pgn

No:  B/W 1/2     W:B       1:2           Time        Value Moves Dep 1:2       1-2-Draws
   5 B 2    1.0:0.0        1.0:4.0       8:33:04 AM  -289.97    17 6.000 :3.765  1-4-0

--------------------------------------------------------------

Engine-Match Thursday, November 6, 2025 8:33:06 AM
 Blitz 2/1 

Pairing 40/55 :    MaterialOpponent  -  RandomOpponent

PGN-File: C:\Program Files (x86)\Arena\Tournaments\Engine Battle 20251105_2.pgn

No:  B/W 1/2     W:B       1:2           Time        Value Moves Dep 1:2       1-2-Draws
   5 W 1    1.0:0.0        5.0:0.0       8:34:04 AM  +299.99    28 6.000 :0 5-0-0

--------------------------------------------------------------

Engine-Match Thursday, November 6, 2025 8:34:19 AM
 Blitz 2/1 

Pairing 41/55 :    Stockfish 1%  -  C0BR4_v3.1

PGN-File: C:\Program Files (x86)\Arena\Tournaments\Engine Battle 20251105_2.pgn

No:  B/W 1/2     W:B       1:2           Time        Value Moves Dep 1:2       1-2-Draws
   5 W 1    2.5:1.5        3.5:1.5       8:35:14 AM    +9.80    92 11.429 :4.000  2-0-3

--------------------------------------------------------------

Engine-Match Thursday, November 6, 2025 8:35:16 AM
 Blitz 2/1 

Pairing 42/55 :    V7P3R_v14.0  -  VPR_v8.1

PGN-File: C:\Program Files (x86)\Arena\Tournaments\Engine Battle 20251105_2.pgn

No:  B/W 1/2     W:B       1:2           Time        Value Moves Dep 1:2       1-2-Draws
   5 = =    2.0:2.0        3.0:2.0       8:39:39 AM     0.00    63 3.514 :6.000  1-0-4

--------------------------------------------------------------

Engine-Match Thursday, November 6, 2025 8:39:40 AM
 Blitz 2/1 

Pairing 43/55 :    C0BR4_v2.9  -  VPR_v9.0

PGN-File: C:\Program Files (x86)\Arena\Tournaments\Engine Battle 20251105_2.pgn

No:  B/W 1/2     W:B       1:2           Time        Value Moves Dep 1:2       1-2-Draws
   5 W 1    1.0:0.0        5.0:0.0       8:41:19 AM  +299.97    20 3.889 :5.789  5-0-0

--------------------------------------------------------------

Engine-Match Thursday, November 6, 2025 8:41:21 AM
 Blitz 2/1 

Pairing 44/55 :    RandomOpponent  -  V7P3R_v10.8

PGN-File: C:\Program Files (x86)\Arena\Tournaments\Engine Battle 20251105_2.pgn

No:  B/W 1/2     W:B       1:2           Time        Value Moves Dep 1:2       1-2-Draws
   5 B 2    1.0:0.0        0.0:5.0       8:42:53 AM  -289.96    21 0:3.737  0-5-0

--------------------------------------------------------------

Engine-Match Thursday, November 6, 2025 8:42:54 AM
 Blitz 2/1 

Pairing 45/55 :    V7P3R_v12.6  -  MaterialOpponent

PGN-File: C:\Program Files (x86)\Arena\Tournaments\Engine Battle 20251105_2.pgn

No:  B/W 1/2     W:B       1:2           Time        Value Moves Dep 1:2       1-2-Draws
   5 = =    1.0:1.0        3.0:2.0       8:45:18 AM     0.00    26 3.318 :6.000  2-1-2

--------------------------------------------------------------

Engine-Match Thursday, November 6, 2025 8:45:19 AM
 Blitz 2/1 

Pairing 46/55 :    SlowMate_v3.1  -  V7P3R_v14.0

PGN-File: C:\Program Files (x86)\Arena\Tournaments\Engine Battle 20251105_2.pgn

No:  B/W 1/2     W:B       1:2           Time        Value Moves Dep 1:2       1-2-Draws
   5 = =    2.0:2.0        2.0:3.0       8:51:11 AM    +2.32    72 3.208 :3.933  0-1-4

--------------------------------------------------------------

Engine-Match Thursday, November 6, 2025 8:51:12 AM
 Blitz 2/1 

Pairing 47/55 :    VPR_v9.0  -  Stockfish 1%

PGN-File: C:\Program Files (x86)\Arena\Tournaments\Engine Battle 20251105_2.pgn

No:  B/W 1/2     W:B       1:2           Time        Value Moves Dep 1:2       1-2-Draws
   5 B 2    1.5:0.5        0.5:4.5       8:52:43 AM   -13.52    18 6.000 :13.000  0-4-1

--------------------------------------------------------------

Engine-Match Thursday, November 6, 2025 8:52:45 AM
 Blitz 2/1 

Pairing 48/55 :    VPR_v8.1  -  RandomOpponent

PGN-File: C:\Program Files (x86)\Arena\Tournaments\Engine Battle 20251105_2.pgn

No:  B/W 1/2     W:B       1:2           Time        Value Moves Dep 1:2       1-2-Draws
   5 W 1    1.0:0.0        5.0:0.0       8:53:35 AM  +299.99    36 6.000 :0 5-0-0

--------------------------------------------------------------

Engine-Match Thursday, November 6, 2025 8:53:36 AM
 Blitz 2/1 

Pairing 49/55 :    MaterialOpponent  -  C0BR4_v2.9

PGN-File: C:\Program Files (x86)\Arena\Tournaments\Engine Battle 20251105_2.pgn

No:  B/W 1/2     W:B       1:2           Time        Value Moves Dep 1:2       1-2-Draws
   5 = =    2.0:2.0        3.0:2.0       8:54:44 AM    -0.87    45 6.000 :4.000  1-0-4

--------------------------------------------------------------

Engine-Match Thursday, November 6, 2025 8:54:45 AM
 Blitz 2/1 

Pairing 50/55 :    V7P3R_v10.8  -  V7P3R_v12.6

PGN-File: C:\Program Files (x86)\Arena\Tournaments\Engine Battle 20251105_2.pgn

No:  B/W 1/2     W:B       1:2           Time        Value Moves Dep 1:2       1-2-Draws
   5 W 1    1.5:0.5        3.5:1.5       8:56:40 AM  +289.97    17 3.133 :3.500  3-1-1

--------------------------------------------------------------

Engine-Match Thursday, November 6, 2025 8:56:41 AM
 Blitz 2/1 

Pairing 51/55 :    C0BR4_v3.1  -  VPR_v9.0

PGN-File: C:\Program Files (x86)\Arena\Tournaments\Engine Battle 20251105_2.pgn

No:  B/W 1/2     W:B       1:2           Time        Value Moves Dep 1:2       1-2-Draws
   5 W 1    1.0:0.0        5.0:0.0       8:58:24 AM   +13.10    28 4.000 :5.960  5-0-0

--------------------------------------------------------------

Engine-Match Thursday, November 6, 2025 8:58:25 AM
 Blitz 2/1 

Pairing 52/55 :    RandomOpponent  -  SlowMate_v3.1

PGN-File: C:\Program Files (x86)\Arena\Tournaments\Engine Battle 20251105_2.pgn

No:  B/W 1/2     W:B       1:2           Time        Value Moves Dep 1:2       1-2-Draws
   5 B 2    1.0:0.0        0.0:5.0       8:58:55 AM   -43.37     7 0:3.286  0-5-0

--------------------------------------------------------------

Engine-Match Thursday, November 6, 2025 8:58:56 AM
 Blitz 2/1 

Pairing 53/55 :    Stockfish 1%  -  MaterialOpponent

PGN-File: C:\Program Files (x86)\Arena\Tournaments\Engine Battle 20251105_2.pgn

No:  B/W 1/2     W:B       1:2           Time        Value Moves Dep 1:2       1-2-Draws
   5 W 1    1.0:0.0        5.0:0.0       9:01:03 AM   +12.90    61 11.500 :6.000  5-0-0

--------------------------------------------------------------

Engine-Match Thursday, November 6, 2025 9:01:05 AM
 Blitz 2/1 

Pairing 54/55 :    V7P3R_v12.6  -  VPR_v8.1

PGN-File: C:\Program Files (x86)\Arena\Tournaments\Engine Battle 20251105_2.pgn

No:  B/W 1/2     W:B       1:2           Time        Value Moves Dep 1:2       1-2-Draws
   5 B 2    2.0:1.0        1.0:4.0       9:05:21 AM  -299.99    36 2.912 :6.000  0-3-2

--------------------------------------------------------------

Engine-Match Thursday, November 6, 2025 9:05:23 AM
 Blitz 2/1 

Pairing 55/55 :    C0BR4_v2.9  -  V7P3R_v10.8

PGN-File: C:\Program Files (x86)\Arena\Tournaments\Engine Battle 20251105_2.pgn

No:  B/W 1/2     W:B       1:2           Time        Value Moves Dep 1:2       1-2-Draws
   5 W 1    1.5:0.5        3.5:1.5       9:07:17 AM   +14.93    32 4.000 :4.077  3-1-1
