Engine-Match Friday, November 21, 2025 4:49:34 PM
 Blitz 1/1 

Pairing 1/36 :    C0BR4_v3.2  -  CaptureOpponent_v3.0

PGN-File: C:\Program Files (x86)\Arena\Tournaments\Engine Battle 20251121_2.pgn

No:  B/W 1/2     W:B       1:2           Time        Value Moves Dep 1:2       1-2-Draws
   1 W 1    1.0:0.0        1.0:0.0       4:49:45 PM  +299.97    15 3.846 :2.000  1-0-0

--------------------------------------------------------------

Engine-Match Friday, November 21, 2025 4:49:46 PM
 Blitz 1/1 

Pairing 2/36 :    CoverageOpponent_v2.0  -  SlowMate_v3.1

PGN-File: C:\Program Files (x86)\Arena\Tournaments\Engine Battle 20251121_2.pgn

No:  B/W 1/2     W:B       1:2           Time        Value Moves Dep 1:2       1-2-Draws
   1 B 2    1.0:0.0        0.0:1.0       4:52:36 PM  -177.29    33 6.212 :2.606  0-1-0

--------------------------------------------------------------

Engine-Match Friday, November 21, 2025 4:52:37 PM
 Blitz 1/1 

Pairing 3/36 :    Stockfish 1%  -  PositionalOpponent_v2.0

PGN-File: C:\Program Files (x86)\Arena\Tournaments\Engine Battle 20251121_2.pgn

No:  B/W 1/2     W:B       1:2           Time        Value Moves Dep 1:2       1-2-Draws
   1 W 1    1.0:0.0        1.0:0.0       4:53:45 PM      +M1    14 8.500 :6.846  1-0-0

--------------------------------------------------------------

Engine-Match Friday, November 21, 2025 4:53:46 PM
 Blitz 1/1 

Pairing 4/36 :    MaterialOpponent_v2.0  -  V7P3R_v17.1

PGN-File: C:\Program Files (x86)\Arena\Tournaments\Engine Battle 20251121_2.pgn

No:  B/W 1/2     W:B       1:2           Time        Value Moves Dep 1:2       1-2-Draws
   1 B 2    1.0:0.0        0.0:1.0       4:55:28 PM   -12.10    14 8.071 :3.923  0-1-0

--------------------------------------------------------------

Engine-Match Friday, November 21, 2025 4:55:29 PM
 Blitz 1/1 

Pairing 5/36 :    RandomOpponent  -  CoverageOpponent_v2.0

PGN-File: C:\Program Files (x86)\Arena\Tournaments\Engine Battle 20251121_2.pgn

No:  B/W 1/2     W:B       1:2           Time        Value Moves Dep 1:2       1-2-Draws
   1 B 2    1.0:0.0        0.0:1.0       4:57:51 PM  -299.99    57 0:5.500  0-1-0

--------------------------------------------------------------

Engine-Match Friday, November 21, 2025 4:57:52 PM
 Blitz 1/1 

Pairing 6/36 :    PositionalOpponent_v2.0  -  C0BR4_v3.2

PGN-File: C:\Program Files (x86)\Arena\Tournaments\Engine Battle 20251121_2.pgn

No:  B/W 1/2     W:B       1:2           Time        Value Moves Dep 1:2       1-2-Draws
   1 B 2    1.0:0.0        0.0:1.0       4:59:17 PM  -299.98    16 7.000 :4.000  0-1-0

--------------------------------------------------------------

Engine-Match Friday, November 21, 2025 4:59:18 PM
 Blitz 1/1 

Pairing 7/36 :    SlowMate_v3.1  -  MaterialOpponent_v2.0

PGN-File: C:\Program Files (x86)\Arena\Tournaments\Engine Battle 20251121_2.pgn

No:  B/W 1/2     W:B       1:2           Time        Value Moves Dep 1:2       1-2-Draws
   1 W 1    1.0:0.0        1.0:0.0       5:00:14 PM  +108.95     7 3.857 :9.000  1-0-0

--------------------------------------------------------------

Engine-Match Friday, November 21, 2025 5:00:15 PM
 Blitz 1/1 

Pairing 8/36 :    V7P3R_v17.1  -  Stockfish 1%

PGN-File: C:\Program Files (x86)\Arena\Tournaments\Engine Battle 20251121_2.pgn

No:  B/W 1/2     W:B       1:2           Time        Value Moves Dep 1:2       1-2-Draws
   1 B 2    1.0:0.0        0.0:1.0       5:02:38 PM   -11.96    71 4.111 :0 0-1-0

--------------------------------------------------------------

Engine-Match Friday, November 21, 2025 5:02:40 PM
 Blitz 1/1 

Pairing 9/36 :    CaptureOpponent_v3.0  -  PositionalOpponent_v2.0

PGN-File: C:\Program Files (x86)\Arena\Tournaments\Engine Battle 20251121_2.pgn

No:  B/W 1/2     W:B       1:2           Time        Value Moves Dep 1:2       1-2-Draws
   1 B 2    1.0:0.0        0.0:1.0       5:03:04 PM    -M500     5 2.000 :6.500  0-1-0

--------------------------------------------------------------

Engine-Match Friday, November 21, 2025 5:03:05 PM
 Blitz 1/1 

Pairing 10/36 :    MaterialOpponent_v2.0  -  RandomOpponent

PGN-File: C:\Program Files (x86)\Arena\Tournaments\Engine Battle 20251121_2.pgn

No:  B/W 1/2     W:B       1:2           Time        Value Moves Dep 1:2       1-2-Draws
   1 W 1    1.0:0.0        1.0:0.0       5:04:53 PM  +299.99    30 7.733 :0 1-0-0

--------------------------------------------------------------

Engine-Match Friday, November 21, 2025 5:04:54 PM
 Blitz 1/1 

Pairing 11/36 :    C0BR4_v3.2  -  V7P3R_v17.1

PGN-File: C:\Program Files (x86)\Arena\Tournaments\Engine Battle 20251121_2.pgn

No:  B/W 1/2     W:B       1:2           Time        Value Moves Dep 1:2       1-2-Draws
   1 B 2    1.0:0.0        0.0:1.0       5:06:48 PM  -289.98    35 4.000 :3.893  0-1-0

--------------------------------------------------------------

Engine-Match Friday, November 21, 2025 5:06:49 PM
 Blitz 1/1 

Pairing 12/36 :    Stockfish 1%  -  SlowMate_v3.1

PGN-File: C:\Program Files (x86)\Arena\Tournaments\Engine Battle 20251121_2.pgn

No:  B/W 1/2     W:B       1:2           Time        Value Moves Dep 1:2       1-2-Draws
   1 W 1    1.0:0.0        1.0:0.0       5:08:01 PM      +M1    31 0:2.833  1-0-0

--------------------------------------------------------------

Engine-Match Friday, November 21, 2025 5:08:03 PM
 Blitz 1/1 

Pairing 13/36 :    CoverageOpponent_v2.0  -  MaterialOpponent_v2.0

PGN-File: C:\Program Files (x86)\Arena\Tournaments\Engine Battle 20251121_2.pgn

No:  B/W 1/2     W:B       1:2           Time        Value Moves Dep 1:2       1-2-Draws
   1 B 2    1.0:0.0        0.0:1.0       5:11:25 PM  -299.99    37 5.720 :8.042  0-1-0

--------------------------------------------------------------

Engine-Match Friday, November 21, 2025 5:11:27 PM
 Blitz 1/1 

Pairing 14/36 :    V7P3R_v17.1  -  CaptureOpponent_v3.0

PGN-File: C:\Program Files (x86)\Arena\Tournaments\Engine Battle 20251121_2.pgn

No:  B/W 1/2     W:B       1:2           Time        Value Moves Dep 1:2       1-2-Draws
   1 W 1    1.0:0.0        1.0:0.0       5:12:12 PM  +289.98    15 4.143 :2.000  1-0-0

--------------------------------------------------------------

Engine-Match Friday, November 21, 2025 5:12:13 PM
 Blitz 1/1 

Pairing 15/36 :    RandomOpponent  -  Stockfish 1%

PGN-File: C:\Program Files (x86)\Arena\Tournaments\Engine Battle 20251121_2.pgn

No:  B/W 1/2     W:B       1:2           Time        Value Moves Dep 1:2       1-2-Draws
   1 B 2    1.0:0.0        0.0:1.0       5:12:30 PM      -M1    24 0:6.500  0-1-0

--------------------------------------------------------------

Engine-Match Friday, November 21, 2025 5:12:32 PM
 Blitz 1/1 

Pairing 16/36 :    SlowMate_v3.1  -  C0BR4_v3.2

PGN-File: C:\Program Files (x86)\Arena\Tournaments\Engine Battle 20251121_2.pgn

No:  B/W 1/2     W:B       1:2           Time        Value Moves Dep 1:2       1-2-Draws
   1 = =    0.5:0.5        0.5:0.5       5:13:24 PM    +1.61    14 2.500 :4.000  0-0-1

--------------------------------------------------------------

Engine-Match Friday, November 21, 2025 5:13:25 PM
 Blitz 1/1 

Pairing 17/36 :    PositionalOpponent_v2.0  -  V7P3R_v17.1

PGN-File: C:\Program Files (x86)\Arena\Tournaments\Engine Battle 20251121_2.pgn

No:  B/W 1/2     W:B       1:2           Time        Value Moves Dep 1:2       1-2-Draws
   1 B 2    1.0:0.0        0.0:1.0       5:15:11 PM   -16.20    18 6.667 :4.235  0-1-0

--------------------------------------------------------------

Engine-Match Friday, November 21, 2025 5:15:12 PM
 Blitz 1/1 

Pairing 18/36 :    Stockfish 1%  -  CoverageOpponent_v2.0

PGN-File: C:\Program Files (x86)\Arena\Tournaments\Engine Battle 20251121_2.pgn

No:  B/W 1/2     W:B       1:2           Time        Value Moves Dep 1:2       1-2-Draws
   1 W 1    1.0:0.0        1.0:0.0       5:17:17 PM      +M1    43 0:6.048  1-0-0

--------------------------------------------------------------

Engine-Match Friday, November 21, 2025 5:17:18 PM
 Blitz 1/1 

Pairing 19/36 :    CaptureOpponent_v3.0  -  SlowMate_v3.1

PGN-File: C:\Program Files (x86)\Arena\Tournaments\Engine Battle 20251121_2.pgn

No:  B/W 1/2     W:B       1:2           Time        Value Moves Dep 1:2       1-2-Draws
   1 B 2    1.0:0.0        0.0:1.0       5:17:52 PM  -139.47    10 2.000 :3.400  0-1-0

--------------------------------------------------------------

Engine-Match Friday, November 21, 2025 5:17:53 PM
 Blitz 1/1 

Pairing 20/36 :    C0BR4_v3.2  -  RandomOpponent

PGN-File: C:\Program Files (x86)\Arena\Tournaments\Engine Battle 20251121_2.pgn

No:  B/W 1/2     W:B       1:2           Time        Value Moves Dep 1:2       1-2-Draws
   1 W 1    1.0:0.0        1.0:0.0       5:18:06 PM  +299.97     9 3.714 :0 1-0-0

--------------------------------------------------------------

Engine-Match Friday, November 21, 2025 5:18:16 PM
 Blitz 1/1 

Pairing 21/36 :    MaterialOpponent_v2.0  -  Stockfish 1%

PGN-File: C:\Program Files (x86)\Arena\Tournaments\Engine Battle 20251121_2.pgn

No:  B/W 1/2     W:B       1:2           Time        Value Moves Dep 1:2       1-2-Draws
   1 B 2    1.0:0.0        0.0:1.0       5:20:03 PM      -M1    35 7.343 :8.000  0-1-0

--------------------------------------------------------------

Engine-Match Friday, November 21, 2025 5:20:04 PM
 Blitz 1/1 

Pairing 22/36 :    SlowMate_v3.1  -  PositionalOpponent_v2.0

PGN-File: C:\Program Files (x86)\Arena\Tournaments\Engine Battle 20251121_2.pgn

No:  B/W 1/2     W:B       1:2           Time        Value Moves Dep 1:2       1-2-Draws
   1 W 1    1.0:0.0        1.0:0.0       5:21:39 PM   +17.40    13 3.077 :5.769  1-0-0

--------------------------------------------------------------

Engine-Match Friday, November 21, 2025 5:21:40 PM
 Blitz 1/1 

Pairing 23/36 :    CoverageOpponent_v2.0  -  C0BR4_v3.2

PGN-File: C:\Program Files (x86)\Arena\Tournaments\Engine Battle 20251121_2.pgn

No:  B/W 1/2     W:B       1:2           Time        Value Moves Dep 1:2       1-2-Draws
   1 B 2    1.0:0.0        0.0:1.0       5:23:13 PM  -299.97    21 6.095 :4.000  0-1-0

--------------------------------------------------------------

Engine-Match Friday, November 21, 2025 5:23:14 PM
 Blitz 1/1 

Pairing 24/36 :    RandomOpponent  -  CaptureOpponent_v3.0

PGN-File: C:\Program Files (x86)\Arena\Tournaments\Engine Battle 20251121_2.pgn

No:  B/W 1/2     W:B       1:2           Time        Value Moves Dep 1:2       1-2-Draws
   1 = =    0.5:0.5        0.5:0.5       5:23:42 PM     0.00    56 0:2.000  0-0-1

--------------------------------------------------------------

Engine-Match Friday, November 21, 2025 5:23:43 PM
 Blitz 1/1 

Pairing 25/36 :    V7P3R_v17.1  -  SlowMate_v3.1

PGN-File: C:\Program Files (x86)\Arena\Tournaments\Engine Battle 20251121_2.pgn

No:  B/W 1/2     W:B       1:2           Time        Value Moves Dep 1:2       1-2-Draws
   1 W 1    1.0:0.0        1.0:0.0       5:26:02 PM  +289.97    31 3.621 :2.800  1-0-0

--------------------------------------------------------------

Engine-Match Friday, November 21, 2025 5:26:03 PM
 Blitz 1/1 

Pairing 26/36 :    C0BR4_v3.2  -  MaterialOpponent_v2.0

PGN-File: C:\Program Files (x86)\Arena\Tournaments\Engine Battle 20251121_2.pgn

No:  B/W 1/2     W:B       1:2           Time        Value Moves Dep 1:2       1-2-Draws
   1 W 1    1.0:0.0        1.0:0.0       5:27:01 PM  +299.97    11 3.800 :8.200  1-0-0

--------------------------------------------------------------

Engine-Match Friday, November 21, 2025 5:27:02 PM
 Blitz 1/1 

Pairing 27/36 :    PositionalOpponent_v2.0  -  RandomOpponent

PGN-File: C:\Program Files (x86)\Arena\Tournaments\Engine Battle 20251121_2.pgn

No:  B/W 1/2     W:B       1:2           Time        Value Moves Dep 1:2       1-2-Draws
   1 W 1    1.0:0.0        1.0:0.0       5:27:41 PM  +299.99     6 6.833 :0 1-0-0

--------------------------------------------------------------

Engine-Match Friday, November 21, 2025 5:27:42 PM
 Blitz 1/1 

Pairing 28/36 :    CaptureOpponent_v3.0  -  CoverageOpponent_v2.0

PGN-File: C:\Program Files (x86)\Arena\Tournaments\Engine Battle 20251121_2.pgn

No:  B/W 1/2     W:B       1:2           Time        Value Moves Dep 1:2       1-2-Draws
   1 = =    0.5:0.5        0.5:0.5       5:29:58 PM    +M500    49 2.000 :6.412  0-0-1

--------------------------------------------------------------

Engine-Match Friday, November 21, 2025 5:30:00 PM
 Blitz 1/1 

Pairing 29/36 :    Stockfish 1%  -  C0BR4_v3.2

PGN-File: C:\Program Files (x86)\Arena\Tournaments\Engine Battle 20251121_2.pgn

No:  B/W 1/2     W:B       1:2           Time        Value Moves Dep 1:2       1-2-Draws
   1 = =    0.5:0.5        0.5:0.5       5:31:02 PM     0.00    85 7.500 :4.000  0-0-1

--------------------------------------------------------------

Engine-Match Friday, November 21, 2025 5:31:04 PM
 Blitz 1/1 

Pairing 30/36 :    RandomOpponent  -  V7P3R_v17.1

PGN-File: C:\Program Files (x86)\Arena\Tournaments\Engine Battle 20251121_2.pgn

No:  B/W 1/2     W:B       1:2           Time        Value Moves Dep 1:2       1-2-Draws
   1 B 2    1.0:0.0        0.0:1.0       5:31:45 PM  -289.98    18 0:4.111  0-1-0

--------------------------------------------------------------

Engine-Match Friday, November 21, 2025 5:31:47 PM
 Blitz 1/1 

Pairing 31/36 :    MaterialOpponent_v2.0  -  CaptureOpponent_v3.0

PGN-File: C:\Program Files (x86)\Arena\Tournaments\Engine Battle 20251121_2.pgn

No:  B/W 1/2     W:B       1:2           Time        Value Moves Dep 1:2       1-2-Draws
   1 W 1    1.0:0.0        1.0:0.0       5:33:05 PM  +299.99    17 8.059 :2.000  1-0-0

--------------------------------------------------------------

Engine-Match Friday, November 21, 2025 5:33:06 PM
 Blitz 1/1 

Pairing 32/36 :    CoverageOpponent_v2.0  -  PositionalOpponent_v2.0

PGN-File: C:\Program Files (x86)\Arena\Tournaments\Engine Battle 20251121_2.pgn

No:  B/W 1/2     W:B       1:2           Time        Value Moves Dep 1:2       1-2-Draws
   1 B 2    1.0:0.0        0.0:1.0       5:36:28 PM  -299.99    33 6.059 :6.063  0-1-0

--------------------------------------------------------------

Engine-Match Friday, November 21, 2025 5:36:30 PM
 Blitz 1/1 

Pairing 33/36 :    SlowMate_v3.1  -  RandomOpponent

PGN-File: C:\Program Files (x86)\Arena\Tournaments\Engine Battle 20251121_2.pgn

No:  B/W 1/2     W:B       1:2           Time        Value Moves Dep 1:2       1-2-Draws
   1 W 1    1.0:0.0        1.0:0.0       5:37:15 PM  +142.74    13 3.308 :0 1-0-0

--------------------------------------------------------------

Engine-Match Friday, November 21, 2025 5:37:16 PM
 Blitz 1/1 

Pairing 34/36 :    CaptureOpponent_v3.0  -  Stockfish 1%

PGN-File: C:\Program Files (x86)\Arena\Tournaments\Engine Battle 20251121_2.pgn

No:  B/W 1/2     W:B       1:2           Time        Value Moves Dep 1:2       1-2-Draws
   1 B 2    1.0:0.0        0.0:1.0       5:37:43 PM      -M1    50 2.000 :10.000  0-1-0

--------------------------------------------------------------

Engine-Match Friday, November 21, 2025 5:37:45 PM
 Blitz 1/1 

Pairing 35/36 :    V7P3R_v17.1  -  CoverageOpponent_v2.0

PGN-File: C:\Program Files (x86)\Arena\Tournaments\Engine Battle 20251121_2.pgn

No:  B/W 1/2     W:B       1:2           Time        Value Moves Dep 1:2       1-2-Draws
   1 W 1    1.0:0.0        1.0:0.0       5:38:46 PM  +289.98     9 4.571 :6.750  1-0-0

--------------------------------------------------------------

Engine-Match Friday, November 21, 2025 5:38:48 PM
 Blitz 1/1 

Pairing 36/36 :    PositionalOpponent_v2.0  -  MaterialOpponent_v2.0

PGN-File: C:\Program Files (x86)\Arena\Tournaments\Engine Battle 20251121_2.pgn

No:  B/W 1/2     W:B       1:2           Time        Value Moves Dep 1:2       1-2-Draws
   1 B 2    1.0:0.0        0.0:1.0       5:41:14 PM  -299.99    18 6.611 :7.833  0-1-0

--------------------------------------------------------------

Engine-Match Friday, November 21, 2025 5:41:15 PM
 Blitz 1/1 

Pairing 1/36 :    C0BR4_v3.2  -  CaptureOpponent_v3.0

PGN-File: C:\Program Files (x86)\Arena\Tournaments\Engine Battle 20251121_2.pgn

No:  B/W 1/2     W:B       1:2           Time        Value Moves Dep 1:2       1-2-Draws
   2 B 1    1.0:0.0        2.0:0.0       5:41:39 PM  -299.97    22 4.000 :2.000  2-0-0

--------------------------------------------------------------

Engine-Match Friday, November 21, 2025 5:41:40 PM
 Blitz 1/1 

Pairing 2/36 :    CoverageOpponent_v2.0  -  SlowMate_v3.1

PGN-File: C:\Program Files (x86)\Arena\Tournaments\Engine Battle 20251121_2.pgn

No:  B/W 1/2     W:B       1:2           Time        Value Moves Dep 1:2       1-2-Draws
   2 W 2    1.0:0.0        0.0:2.0       5:44:25 PM  +195.52    32 5.968 :2.781  0-2-0

--------------------------------------------------------------

Engine-Match Friday, November 21, 2025 5:44:27 PM
 Blitz 1/1 

Pairing 3/36 :    Stockfish 1%  -  PositionalOpponent_v2.0

PGN-File: C:\Program Files (x86)\Arena\Tournaments\Engine Battle 20251121_2.pgn

No:  B/W 1/2     W:B       1:2           Time        Value Moves Dep 1:2       1-2-Draws
   2 B 1    1.0:0.0        2.0:0.0       5:45:24 PM      -M1    10 7.500 :6.700  2-0-0

--------------------------------------------------------------

Engine-Match Friday, November 21, 2025 5:45:25 PM
 Blitz 1/1 

Pairing 4/36 :    MaterialOpponent_v2.0  -  V7P3R_v17.1

PGN-File: C:\Program Files (x86)\Arena\Tournaments\Engine Battle 20251121_2.pgn

No:  B/W 1/2     W:B       1:2           Time        Value Moves Dep 1:2       1-2-Draws
   2 W 2    1.0:0.0        0.0:2.0       5:46:40 PM  +289.97    11 8.500 :4.000  0-2-0

--------------------------------------------------------------

Engine-Match Friday, November 21, 2025 5:46:51 PM
 Blitz 1/1 

Pairing 5/36 :    RandomOpponent  -  CoverageOpponent_v2.0

PGN-File: C:\Program Files (x86)\Arena\Tournaments\Engine Battle 20251121_2.pgn

No:  B/W 1/2     W:B       1:2           Time        Value Moves Dep 1:2       1-2-Draws
   2 W 2    1.0:0.0        0.0:2.0       5:48:13 PM  +299.99    22 0:5.636  0-2-0

--------------------------------------------------------------

Engine-Match Friday, November 21, 2025 5:48:15 PM
 Blitz 1/1 

Pairing 6/36 :    PositionalOpponent_v2.0  -  C0BR4_v3.2

PGN-File: C:\Program Files (x86)\Arena\Tournaments\Engine Battle 20251121_2.pgn

No:  B/W 1/2     W:B       1:2           Time        Value Moves Dep 1:2       1-2-Draws
   2 W 2    1.0:0.0        0.0:2.0       5:49:32 PM   +21.30    14 6.214 :4.000  0-2-0

--------------------------------------------------------------

Engine-Match Friday, November 21, 2025 5:49:34 PM
 Blitz 1/1 

Pairing 7/36 :    SlowMate_v3.1  -  MaterialOpponent_v2.0

PGN-File: C:\Program Files (x86)\Arena\Tournaments\Engine Battle 20251121_2.pgn

No:  B/W 1/2     W:B       1:2           Time        Value Moves Dep 1:2       1-2-Draws
   2 B 1    1.0:0.0        2.0:0.0       5:51:34 PM   -25.00    19 3.235 :8.222  2-0-0

--------------------------------------------------------------

Engine-Match Friday, November 21, 2025 5:51:35 PM
 Blitz 1/1 

Pairing 8/36 :    V7P3R_v17.1  -  Stockfish 1%

PGN-File: C:\Program Files (x86)\Arena\Tournaments\Engine Battle 20251121_2.pgn

No:  B/W 1/2     W:B       1:2           Time        Value Moves Dep 1:2       1-2-Draws
   2 B 1    1.0:0.0        1.0:1.0       5:53:03 PM  -289.98    41 4.059 :8.200  1-1-0

--------------------------------------------------------------

Engine-Match Friday, November 21, 2025 5:53:04 PM
 Blitz 1/1 

Pairing 9/36 :    CaptureOpponent_v3.0  -  PositionalOpponent_v2.0

PGN-File: C:\Program Files (x86)\Arena\Tournaments\Engine Battle 20251121_2.pgn

No:  B/W 1/2     W:B       1:2           Time        Value Moves Dep 1:2       1-2-Draws
   2 = =    0.5:0.5        0.5:1.5       5:54:58 PM    -M500    40 2.000 :6.353  0-1-1

--------------------------------------------------------------

Engine-Match Friday, November 21, 2025 5:55:00 PM
 Blitz 1/1 

Pairing 10/36 :    MaterialOpponent_v2.0  -  RandomOpponent

PGN-File: C:\Program Files (x86)\Arena\Tournaments\Engine Battle 20251121_2.pgn

No:  B/W 1/2     W:B       1:2           Time        Value Moves Dep 1:2       1-2-Draws
   2 B 1    1.0:0.0        2.0:0.0       5:56:57 PM  -299.99    36 8.222 :0 2-0-0

--------------------------------------------------------------

Engine-Match Friday, November 21, 2025 5:56:59 PM
 Blitz 1/1 

Pairing 11/36 :    C0BR4_v3.2  -  V7P3R_v17.1

PGN-File: C:\Program Files (x86)\Arena\Tournaments\Engine Battle 20251121_2.pgn

No:  B/W 1/2     W:B       1:2           Time        Value Moves Dep 1:2       1-2-Draws
   2 W 2    1.0:0.0        0.0:2.0       5:59:13 PM   +13.72    58 4.000 :4.185  0-2-0

--------------------------------------------------------------

Engine-Match Friday, November 21, 2025 5:59:15 PM
 Blitz 1/1 

Pairing 12/36 :    Stockfish 1%  -  SlowMate_v3.1

PGN-File: C:\Program Files (x86)\Arena\Tournaments\Engine Battle 20251121_2.pgn

No:  B/W 1/2     W:B       1:2           Time        Value Moves Dep 1:2       1-2-Draws
   2 = =    0.5:0.5        1.5:0.5       6:00:33 PM     0.00    34 8.000 :2.882  1-0-1

--------------------------------------------------------------

Engine-Match Friday, November 21, 2025 6:00:34 PM
 Blitz 1/1 

Pairing 13/36 :    CoverageOpponent_v2.0  -  MaterialOpponent_v2.0

PGN-File: C:\Program Files (x86)\Arena\Tournaments\Engine Battle 20251121_2.pgn

No:  B/W 1/2     W:B       1:2           Time        Value Moves Dep 1:2       1-2-Draws
   2 W 2    1.0:0.0        0.0:2.0       6:03:21 PM  +299.99    25 5.958 :7.800  0-2-0

--------------------------------------------------------------

Engine-Match Friday, November 21, 2025 6:03:22 PM
 Blitz 1/1 

Pairing 14/36 :    V7P3R_v17.1  -  CaptureOpponent_v3.0

PGN-File: C:\Program Files (x86)\Arena\Tournaments\Engine Battle 20251121_2.pgn

No:  B/W 1/2     W:B       1:2           Time        Value Moves Dep 1:2       1-2-Draws
   2 B 1    1.0:0.0        2.0:0.0       6:04:25 PM  -289.98    20 4.150 :2.000  2-0-0

--------------------------------------------------------------

Engine-Match Friday, November 21, 2025 6:04:27 PM
 Blitz 1/1 

Pairing 15/36 :    RandomOpponent  -  Stockfish 1%

PGN-File: C:\Program Files (x86)\Arena\Tournaments\Engine Battle 20251121_2.pgn

No:  B/W 1/2     W:B       1:2           Time        Value Moves Dep 1:2       1-2-Draws
   2 W 2    1.0:0.0        0.0:2.0       6:04:54 PM      +M1    54 0:7.200  0-2-0

--------------------------------------------------------------

Engine-Match Friday, November 21, 2025 6:04:55 PM
 Blitz 1/1 

Pairing 16/36 :    SlowMate_v3.1  -  C0BR4_v3.2

PGN-File: C:\Program Files (x86)\Arena\Tournaments\Engine Battle 20251121_2.pgn

No:  B/W 1/2     W:B       1:2           Time        Value Moves Dep 1:2       1-2-Draws
   2 = =    1.0:1.0        1.0:1.0       6:06:17 PM    -2.33    29 3.034 :4.000  0-0-2

--------------------------------------------------------------

Engine-Match Friday, November 21, 2025 6:06:19 PM
 Blitz 1/1 

Pairing 17/36 :    PositionalOpponent_v2.0  -  V7P3R_v17.1

PGN-File: C:\Program Files (x86)\Arena\Tournaments\Engine Battle 20251121_2.pgn

No:  B/W 1/2     W:B       1:2           Time        Value Moves Dep 1:2       1-2-Draws
   2 W 2    1.0:0.0        0.0:2.0       6:07:23 PM   +14.10    10 6.400 :4.000  0-2-0

--------------------------------------------------------------

Engine-Match Friday, November 21, 2025 6:07:24 PM
 Blitz 1/1 

Pairing 18/36 :    Stockfish 1%  -  CoverageOpponent_v2.0

PGN-File: C:\Program Files (x86)\Arena\Tournaments\Engine Battle 20251121_2.pgn

No:  B/W 1/2     W:B       1:2           Time        Value Moves Dep 1:2       1-2-Draws
   2 B 1    1.0:0.0        2.0:0.0       6:09:33 PM      -M1    46 8.750 :5.619  2-0-0

--------------------------------------------------------------

Engine-Match Friday, November 21, 2025 6:09:35 PM
 Blitz 1/1 

Pairing 19/36 :    CaptureOpponent_v3.0  -  SlowMate_v3.1

PGN-File: C:\Program Files (x86)\Arena\Tournaments\Engine Battle 20251121_2.pgn

No:  B/W 1/2     W:B       1:2           Time        Value Moves Dep 1:2       1-2-Draws
   2 W 2    1.0:0.0        0.0:2.0       6:10:37 PM  +191.25    23 2.000 :3.294  0-2-0

--------------------------------------------------------------

Engine-Match Friday, November 21, 2025 6:10:39 PM
 Blitz 1/1 

Pairing 20/36 :    C0BR4_v3.2  -  RandomOpponent

PGN-File: C:\Program Files (x86)\Arena\Tournaments\Engine Battle 20251121_2.pgn

No:  B/W 1/2     W:B       1:2           Time        Value Moves Dep 1:2       1-2-Draws
   2 B 1    1.0:0.0        2.0:0.0       6:11:02 PM  -299.97    19 4.000 :0 2-0-0

--------------------------------------------------------------

Engine-Match Friday, November 21, 2025 6:11:04 PM
 Blitz 1/1 

Pairing 21/36 :    MaterialOpponent_v2.0  -  Stockfish 1%

PGN-File: C:\Program Files (x86)\Arena\Tournaments\Engine Battle 20251121_2.pgn

No:  B/W 1/2     W:B       1:2           Time        Value Moves Dep 1:2       1-2-Draws
   2 W 2    1.0:0.0        0.0:2.0       6:12:05 PM      +M1    12 8.000 :0 0-2-0

--------------------------------------------------------------

Engine-Match Friday, November 21, 2025 6:12:06 PM
 Blitz 1/1 

Pairing 22/36 :    SlowMate_v3.1  -  PositionalOpponent_v2.0

PGN-File: C:\Program Files (x86)\Arena\Tournaments\Engine Battle 20251121_2.pgn

No:  B/W 1/2     W:B       1:2           Time        Value Moves Dep 1:2       1-2-Draws
   2 B 1    1.0:0.0        2.0:0.0       6:13:53 PM   -16.20    16 3.000 :6.375  2-0-0

--------------------------------------------------------------

Engine-Match Friday, November 21, 2025 6:13:55 PM
 Blitz 1/1 

Pairing 23/36 :    CoverageOpponent_v2.0  -  C0BR4_v3.2

PGN-File: C:\Program Files (x86)\Arena\Tournaments\Engine Battle 20251121_2.pgn

No:  B/W 1/2     W:B       1:2           Time        Value Moves Dep 1:2       1-2-Draws
   2 W 2    1.0:0.0        0.0:2.0       6:17:17 PM  +299.97    61 5.828 :4.000  0-2-0

--------------------------------------------------------------

Engine-Match Friday, November 21, 2025 6:17:18 PM
 Blitz 1/1 

Pairing 24/36 :    RandomOpponent  -  CaptureOpponent_v3.0

PGN-File: C:\Program Files (x86)\Arena\Tournaments\Engine Battle 20251121_2.pgn

No:  B/W 1/2     W:B       1:2           Time        Value Moves Dep 1:2       1-2-Draws
   2 = =    1.0:1.0        1.0:1.0       6:17:44 PM     0.00    48 0:2.000  0-0-2

--------------------------------------------------------------

Engine-Match Friday, November 21, 2025 6:17:58 PM
 Blitz 1/1 

Pairing 25/36 :    V7P3R_v17.1  -  SlowMate_v3.1

PGN-File: C:\Program Files (x86)\Arena\Tournaments\Engine Battle 20251121_2.pgn

No:  B/W 1/2     W:B       1:2           Time        Value Moves Dep 1:2       1-2-Draws
   2 = =    0.5:0.5        1.5:0.5       6:21:34 PM    +1.74    63 3.824 :3.059  1-0-1

--------------------------------------------------------------

Engine-Match Friday, November 21, 2025 6:21:36 PM
 Blitz 1/1 

Pairing 26/36 :    C0BR4_v3.2  -  MaterialOpponent_v2.0

PGN-File: C:\Program Files (x86)\Arena\Tournaments\Engine Battle 20251121_2.pgn

No:  B/W 1/2     W:B       1:2           Time        Value Moves Dep 1:2       1-2-Draws
   2 B 1    1.0:0.0        2.0:0.0       6:22:35 PM  -299.97    11 3.778 :8.364  2-0-0

--------------------------------------------------------------

Engine-Match Friday, November 21, 2025 6:22:36 PM
 Blitz 1/1 

Pairing 27/36 :    PositionalOpponent_v2.0  -  RandomOpponent

PGN-File: C:\Program Files (x86)\Arena\Tournaments\Engine Battle 20251121_2.pgn

No:  B/W 1/2     W:B       1:2           Time        Value Moves Dep 1:2       1-2-Draws
   2 B 1    1.0:0.0        2.0:0.0       6:24:07 PM  -299.99    23 5.826 :0 2-0-0

--------------------------------------------------------------

Engine-Match Friday, November 21, 2025 6:24:08 PM
 Blitz 1/1 

Pairing 28/36 :    CaptureOpponent_v3.0  -  CoverageOpponent_v2.0

PGN-File: C:\Program Files (x86)\Arena\Tournaments\Engine Battle 20251121_2.pgn

No:  B/W 1/2     W:B       1:2           Time        Value Moves Dep 1:2       1-2-Draws
   2 = =    1.0:1.0        1.0:1.0       6:26:24 PM    -0.41    48 2.000 :6.125  0-0-2

--------------------------------------------------------------

Engine-Match Friday, November 21, 2025 6:26:25 PM
 Blitz 1/1 

Pairing 29/36 :    Stockfish 1%  -  C0BR4_v3.2

PGN-File: C:\Program Files (x86)\Arena\Tournaments\Engine Battle 20251121_2.pgn

No:  B/W 1/2     W:B       1:2           Time        Value Moves Dep 1:2       1-2-Draws
   2 B 1    1.5:0.5        1.5:0.5       6:27:28 PM      -M1    45 6.500 :4.000  1-0-1

--------------------------------------------------------------

Engine-Match Friday, November 21, 2025 6:27:29 PM
 Blitz 1/1 

Pairing 30/36 :    RandomOpponent  -  V7P3R_v17.1

PGN-File: C:\Program Files (x86)\Arena\Tournaments\Engine Battle 20251121_2.pgn

No:  B/W 1/2     W:B       1:2           Time        Value Moves Dep 1:2       1-2-Draws
   2 W 2    1.0:0.0        0.0:2.0       6:28:06 PM  +289.98    16 0:3.786  0-2-0

--------------------------------------------------------------

Engine-Match Friday, November 21, 2025 6:28:07 PM
 Blitz 1/1 

Pairing 31/36 :    MaterialOpponent_v2.0  -  CaptureOpponent_v3.0

PGN-File: C:\Program Files (x86)\Arena\Tournaments\Engine Battle 20251121_2.pgn

No:  B/W 1/2     W:B       1:2           Time        Value Moves Dep 1:2       1-2-Draws
   2 B 1    1.0:0.0        2.0:0.0       6:29:47 PM  -299.99    27 8.227 :2.000  2-0-0

--------------------------------------------------------------

Engine-Match Friday, November 21, 2025 6:29:48 PM
 Blitz 1/1 

Pairing 32/36 :    CoverageOpponent_v2.0  -  PositionalOpponent_v2.0

PGN-File: C:\Program Files (x86)\Arena\Tournaments\Engine Battle 20251121_2.pgn

No:  B/W 1/2     W:B       1:2           Time        Value Moves Dep 1:2       1-2-Draws
   2 B 1    1.0:0.0        1.0:1.0       6:32:20 PM  -299.99    18 5.889 :6.222  1-1-0

--------------------------------------------------------------

Engine-Match Friday, November 21, 2025 6:32:21 PM
 Blitz 1/1 

Pairing 33/36 :    SlowMate_v3.1  -  RandomOpponent

PGN-File: C:\Program Files (x86)\Arena\Tournaments\Engine Battle 20251121_2.pgn

No:  B/W 1/2     W:B       1:2           Time        Value Moves Dep 1:2       1-2-Draws
   2 B 1    1.0:0.0        2.0:0.0       6:33:11 PM  -141.93    15 3.133 :0 2-0-0

--------------------------------------------------------------

Engine-Match Friday, November 21, 2025 6:33:13 PM
 Blitz 1/1 

Pairing 34/36 :    CaptureOpponent_v3.0  -  Stockfish 1%

PGN-File: C:\Program Files (x86)\Arena\Tournaments\Engine Battle 20251121_2.pgn

No:  B/W 1/2     W:B       1:2           Time        Value Moves Dep 1:2       1-2-Draws
   2 W 2    1.0:0.0        0.0:2.0       6:33:22 PM    +M500     5 2.000 :0 0-2-0

--------------------------------------------------------------

Engine-Match Friday, November 21, 2025 6:33:24 PM
 Blitz 1/1 

Pairing 35/36 :    V7P3R_v17.1  -  CoverageOpponent_v2.0

PGN-File: C:\Program Files (x86)\Arena\Tournaments\Engine Battle 20251121_2.pgn

No:  B/W 1/2     W:B       1:2           Time        Value Moves Dep 1:2       1-2-Draws
   2 B 1    1.0:0.0        2.0:0.0       6:35:03 PM  -289.98    14 3.714 :5.857  2-0-0

--------------------------------------------------------------

Engine-Match Friday, November 21, 2025 6:35:04 PM
 Blitz 1/1 

Pairing 36/36 :    PositionalOpponent_v2.0  -  MaterialOpponent_v2.0

PGN-File: C:\Program Files (x86)\Arena\Tournaments\Engine Battle 20251121_2.pgn

No:  B/W 1/2     W:B       1:2           Time        Value Moves Dep 1:2       1-2-Draws
   2 W 2    1.0:0.0        0.0:2.0       6:37:39 PM   +21.70    20 6.650 :8.300  0-2-0

--------------------------------------------------------------

Engine-Match Friday, November 21, 2025 6:37:41 PM
 Blitz 1/1 

Pairing 1/36 :    C0BR4_v3.2  -  CaptureOpponent_v3.0

PGN-File: C:\Program Files (x86)\Arena\Tournaments\Engine Battle 20251121_2.pgn

No:  B/W 1/2     W:B       1:2           Time        Value Moves Dep 1:2       1-2-Draws
   3 W 1    1.0:0.0        3.0:0.0       6:38:03 PM  +299.97    14 4.000 :2.000  3-0-0

--------------------------------------------------------------

Engine-Match Friday, November 21, 2025 6:38:04 PM
 Blitz 1/1 

Pairing 2/36 :    CoverageOpponent_v2.0  -  SlowMate_v3.1

PGN-File: C:\Program Files (x86)\Arena\Tournaments\Engine Battle 20251121_2.pgn

No:  B/W 1/2     W:B       1:2           Time        Value Moves Dep 1:2       1-2-Draws
   3 = =    0.5:0.5        0.5:2.5       6:41:06 PM  -200.00    37 6.387 :2.667  0-2-1

--------------------------------------------------------------

Engine-Match Friday, November 21, 2025 6:41:07 PM
 Blitz 1/1 

Pairing 3/36 :    Stockfish 1%  -  PositionalOpponent_v2.0

PGN-File: C:\Program Files (x86)\Arena\Tournaments\Engine Battle 20251121_2.pgn

No:  B/W 1/2     W:B       1:2           Time        Value Moves Dep 1:2       1-2-Draws
   3 W 1    1.0:0.0        3.0:0.0       6:42:21 PM   +10.40    15 7.000 :5.800  3-0-0

--------------------------------------------------------------

Engine-Match Friday, November 21, 2025 6:42:22 PM
 Blitz 1/1 

Pairing 4/36 :    MaterialOpponent_v2.0  -  V7P3R_v17.1

PGN-File: C:\Program Files (x86)\Arena\Tournaments\Engine Battle 20251121_2.pgn

No:  B/W 1/2     W:B       1:2           Time        Value Moves Dep 1:2       1-2-Draws
   3 B 2    1.0:0.0        0.0:3.0       6:43:28 PM  -289.98     8 8.500 :4.125  0-3-0

--------------------------------------------------------------

Engine-Match Friday, November 21, 2025 6:43:29 PM
 Blitz 1/1 

Pairing 5/36 :    RandomOpponent  -  CoverageOpponent_v2.0

PGN-File: C:\Program Files (x86)\Arena\Tournaments\Engine Battle 20251121_2.pgn

No:  B/W 1/2     W:B       1:2           Time        Value Moves Dep 1:2       1-2-Draws
   3 B 2    1.0:0.0        0.0:3.0       6:44:58 PM  -299.99    22 0:6.318  0-3-0

--------------------------------------------------------------

Engine-Match Friday, November 21, 2025 6:45:00 PM
 Blitz 1/1 

Pairing 6/36 :    PositionalOpponent_v2.0  -  C0BR4_v3.2

PGN-File: C:\Program Files (x86)\Arena\Tournaments\Engine Battle 20251121_2.pgn

No:  B/W 1/2     W:B       1:2           Time        Value Moves Dep 1:2       1-2-Draws
   3 B 2    1.0:0.0        0.0:3.0       6:46:37 PM   -14.40    20 6.350 :4.000  0-3-0

--------------------------------------------------------------

Engine-Match Friday, November 21, 2025 6:46:39 PM
 Blitz 1/1 

Pairing 7/36 :    SlowMate_v3.1  -  MaterialOpponent_v2.0

PGN-File: C:\Program Files (x86)\Arena\Tournaments\Engine Battle 20251121_2.pgn

No:  B/W 1/2     W:B       1:2           Time        Value Moves Dep 1:2       1-2-Draws
   3 W 1    1.0:0.0        3.0:0.0       6:47:35 PM  +108.95     7 3.714 :9.000  3-0-0

--------------------------------------------------------------

Engine-Match Friday, November 21, 2025 6:47:37 PM
 Blitz 1/1 

Pairing 8/36 :    V7P3R_v17.1  -  Stockfish 1%

PGN-File: C:\Program Files (x86)\Arena\Tournaments\Engine Battle 20251121_2.pgn

No:  B/W 1/2     W:B       1:2           Time        Value Moves Dep 1:2       1-2-Draws
   3 W 1    1.0:0.0        2.0:1.0       6:49:04 PM  +289.98    35 3.786 :7.500  2-1-0

--------------------------------------------------------------

Engine-Match Friday, November 21, 2025 6:49:11 PM
 Blitz 1/1 

Pairing 9/36 :    CaptureOpponent_v3.0  -  PositionalOpponent_v2.0

PGN-File: C:\Program Files (x86)\Arena\Tournaments\Engine Battle 20251121_2.pgn

No:  B/W 1/2     W:B       1:2           Time        Value Moves Dep 1:2       1-2-Draws
   3 B 2    1.5:0.5        0.5:2.5       6:49:34 PM    -M500     5 2.000 :6.500  0-2-1

--------------------------------------------------------------

Engine-Match Friday, November 21, 2025 6:49:36 PM
 Blitz 1/1 

Pairing 10/36 :    MaterialOpponent_v2.0  -  RandomOpponent

PGN-File: C:\Program Files (x86)\Arena\Tournaments\Engine Battle 20251121_2.pgn

No:  B/W 1/2     W:B       1:2           Time        Value Moves Dep 1:2       1-2-Draws
   3 W 1    1.0:0.0        3.0:0.0       6:51:13 PM  +299.99    24 8.250 :0 3-0-0

--------------------------------------------------------------

Engine-Match Friday, November 21, 2025 6:51:15 PM
 Blitz 1/1 

Pairing 11/36 :    C0BR4_v3.2  -  V7P3R_v17.1

PGN-File: C:\Program Files (x86)\Arena\Tournaments\Engine Battle 20251121_2.pgn

No:  B/W 1/2     W:B       1:2           Time        Value Moves Dep 1:2       1-2-Draws
   3 W 1    1.0:0.0        1.0:2.0       6:53:29 PM   +12.60    50 4.000 :3.667  1-2-0

--------------------------------------------------------------

Engine-Match Friday, November 21, 2025 6:53:31 PM
 Blitz 1/1 

Pairing 12/36 :    Stockfish 1%  -  SlowMate_v3.1

PGN-File: C:\Program Files (x86)\Arena\Tournaments\Engine Battle 20251121_2.pgn

No:  B/W 1/2     W:B       1:2           Time        Value Moves Dep 1:2       1-2-Draws
   3 W 1    1.5:0.5        2.5:0.5       6:54:42 PM      +M1    31 6.167 :2.767  2-0-1

--------------------------------------------------------------

Engine-Match Friday, November 21, 2025 6:54:43 PM
 Blitz 1/1 

Pairing 13/36 :    CoverageOpponent_v2.0  -  MaterialOpponent_v2.0

PGN-File: C:\Program Files (x86)\Arena\Tournaments\Engine Battle 20251121_2.pgn

No:  B/W 1/2     W:B       1:2           Time        Value Moves Dep 1:2       1-2-Draws
   3 B 2    1.0:0.0        0.0:3.0       6:57:47 PM  -299.99    30 6.130 :8.409  0-3-0

--------------------------------------------------------------

Engine-Match Friday, November 21, 2025 6:57:48 PM
 Blitz 1/1 

Pairing 14/36 :    V7P3R_v17.1  -  CaptureOpponent_v3.0

PGN-File: C:\Program Files (x86)\Arena\Tournaments\Engine Battle 20251121_2.pgn

No:  B/W 1/2     W:B       1:2           Time        Value Moves Dep 1:2       1-2-Draws
   3 W 1    1.0:0.0        3.0:0.0       6:58:31 PM  +289.98    15 4.143 :2.000  3-0-0

--------------------------------------------------------------

Engine-Match Friday, November 21, 2025 6:58:33 PM
 Blitz 1/1 

Pairing 15/36 :    RandomOpponent  -  Stockfish 1%

PGN-File: C:\Program Files (x86)\Arena\Tournaments\Engine Battle 20251121_2.pgn

No:  B/W 1/2     W:B       1:2           Time        Value Moves Dep 1:2       1-2-Draws
   3 B 2    1.0:0.0        0.0:3.0       6:58:50 PM      -M1    28 0:6.750  0-3-0

--------------------------------------------------------------

Engine-Match Friday, November 21, 2025 6:58:52 PM
 Blitz 1/1 

Pairing 16/36 :    SlowMate_v3.1  -  C0BR4_v3.2

PGN-File: C:\Program Files (x86)\Arena\Tournaments\Engine Battle 20251121_2.pgn

No:  B/W 1/2     W:B       1:2           Time        Value Moves Dep 1:2       1-2-Draws
   3 = =    1.5:1.5        1.5:1.5       7:00:54 PM    +7.91    49 2.842 :4.000  0-0-3

--------------------------------------------------------------

Engine-Match Friday, November 21, 2025 7:00:55 PM
 Blitz 1/1 

Pairing 17/36 :    PositionalOpponent_v2.0  -  V7P3R_v17.1

PGN-File: C:\Program Files (x86)\Arena\Tournaments\Engine Battle 20251121_2.pgn

No:  B/W 1/2     W:B       1:2           Time        Value Moves Dep 1:2       1-2-Draws
   3 B 2    1.0:0.0        0.0:3.0       7:01:59 PM   -11.70    10 6.400 :3.875  0-3-0

--------------------------------------------------------------

Engine-Match Friday, November 21, 2025 7:02:00 PM
 Blitz 1/1 

Pairing 18/36 :    Stockfish 1%  -  CoverageOpponent_v2.0

PGN-File: C:\Program Files (x86)\Arena\Tournaments\Engine Battle 20251121_2.pgn

No:  B/W 1/2     W:B       1:2           Time        Value Moves Dep 1:2       1-2-Draws
   3 W 1    1.0:0.0        3.0:0.0       7:03:19 PM      +M1    18 10.250 :6.294  3-0-0

--------------------------------------------------------------

Engine-Match Friday, November 21, 2025 7:03:20 PM
 Blitz 1/1 

Pairing 19/36 :    CaptureOpponent_v3.0  -  SlowMate_v3.1

PGN-File: C:\Program Files (x86)\Arena\Tournaments\Engine Battle 20251121_2.pgn

No:  B/W 1/2     W:B       1:2           Time        Value Moves Dep 1:2       1-2-Draws
   3 B 2    1.0:0.0        0.0:3.0       7:03:54 PM  -139.47    10 2.000 :3.400  0-3-0

--------------------------------------------------------------

Engine-Match Friday, November 21, 2025 7:03:56 PM
 Blitz 1/1 

Pairing 20/36 :    C0BR4_v3.2  -  RandomOpponent

PGN-File: C:\Program Files (x86)\Arena\Tournaments\Engine Battle 20251121_2.pgn

No:  B/W 1/2     W:B       1:2           Time        Value Moves Dep 1:2       1-2-Draws
   3 W 1    1.0:0.0        3.0:0.0       7:04:19 PM  +299.97    20 3.889 :0 3-0-0

--------------------------------------------------------------

Engine-Match Friday, November 21, 2025 7:04:21 PM
 Blitz 1/1 

Pairing 21/36 :    MaterialOpponent_v2.0  -  Stockfish 1%

PGN-File: C:\Program Files (x86)\Arena\Tournaments\Engine Battle 20251121_2.pgn

No:  B/W 1/2     W:B       1:2           Time        Value Moves Dep 1:2       1-2-Draws
   3 B 2    1.0:0.0        0.0:3.0       7:06:19 PM    -9.00    39 6.744 :6.800  0-3-0

--------------------------------------------------------------

Engine-Match Friday, November 21, 2025 7:06:20 PM
 Blitz 1/1 

Pairing 22/36 :    SlowMate_v3.1  -  PositionalOpponent_v2.0

PGN-File: C:\Program Files (x86)\Arena\Tournaments\Engine Battle 20251121_2.pgn

No:  B/W 1/2     W:B       1:2           Time        Value Moves Dep 1:2       1-2-Draws
   3 W 1    1.0:0.0        3.0:0.0       7:07:55 PM   +14.50    13 3.077 :6.077  3-0-0

--------------------------------------------------------------

Engine-Match Friday, November 21, 2025 7:07:56 PM
 Blitz 1/1 

Pairing 23/36 :    CoverageOpponent_v2.0  -  C0BR4_v3.2

PGN-File: C:\Program Files (x86)\Arena\Tournaments\Engine Battle 20251121_2.pgn

No:  B/W 1/2     W:B       1:2           Time        Value Moves Dep 1:2       1-2-Draws
   3 B 2    1.0:0.0        0.0:3.0       7:09:15 PM  -299.97    15 6.067 :4.000  0-3-0

--------------------------------------------------------------

Engine-Match Friday, November 21, 2025 7:09:17 PM
 Blitz 1/1 

Pairing 24/36 :    RandomOpponent  -  CaptureOpponent_v3.0

PGN-File: C:\Program Files (x86)\Arena\Tournaments\Engine Battle 20251121_2.pgn

No:  B/W 1/2     W:B       1:2           Time        Value Moves Dep 1:2       1-2-Draws
   3 = =    1.5:1.5        1.5:1.5       7:09:44 PM     0.00    56 0:2.000  0-0-3

--------------------------------------------------------------

Engine-Match Friday, November 21, 2025 7:09:45 PM
 Blitz 1/1 

Pairing 25/36 :    V7P3R_v17.1  -  SlowMate_v3.1

PGN-File: C:\Program Files (x86)\Arena\Tournaments\Engine Battle 20251121_2.pgn

No:  B/W 1/2     W:B       1:2           Time        Value Moves Dep 1:2       1-2-Draws
   3 W 1    1.5:0.5        2.5:0.5       7:12:05 PM  +289.97    31 3.655 :2.867  2-0-1

--------------------------------------------------------------

Engine-Match Friday, November 21, 2025 7:12:07 PM
 Blitz 1/1 

Pairing 26/36 :    C0BR4_v3.2  -  MaterialOpponent_v2.0

PGN-File: C:\Program Files (x86)\Arena\Tournaments\Engine Battle 20251121_2.pgn

No:  B/W 1/2     W:B       1:2           Time        Value Moves Dep 1:2       1-2-Draws
   3 W 1    1.0:0.0        3.0:0.0       7:13:21 PM  +299.97    15 4.000 :7.929  3-0-0

--------------------------------------------------------------

Engine-Match Friday, November 21, 2025 7:13:23 PM
 Blitz 1/1 

Pairing 27/36 :    PositionalOpponent_v2.0  -  RandomOpponent

PGN-File: C:\Program Files (x86)\Arena\Tournaments\Engine Battle 20251121_2.pgn

No:  B/W 1/2     W:B       1:2           Time        Value Moves Dep 1:2       1-2-Draws
   3 W 1    1.0:0.0        3.0:0.0       7:14:42 PM  +299.99    18 6.667 :0 3-0-0

--------------------------------------------------------------

Engine-Match Friday, November 21, 2025 7:14:44 PM
 Blitz 1/1 

Pairing 28/36 :    CaptureOpponent_v3.0  -  CoverageOpponent_v2.0

PGN-File: C:\Program Files (x86)\Arena\Tournaments\Engine Battle 20251121_2.pgn

No:  B/W 1/2     W:B       1:2           Time        Value Moves Dep 1:2       1-2-Draws
   3 B 2    2.0:1.0        1.0:2.0       7:16:14 PM  -299.99    20 2.000 :5.700  0-1-2

--------------------------------------------------------------

Engine-Match Friday, November 21, 2025 7:16:29 PM
 Blitz 1/1 

Pairing 29/36 :    Stockfish 1%  -  C0BR4_v3.2

PGN-File: C:\Program Files (x86)\Arena\Tournaments\Engine Battle 20251121_2.pgn

No:  B/W 1/2     W:B       1:2           Time        Value Moves Dep 1:2       1-2-Draws
   3 W 1    1.5:0.5        2.5:0.5       7:17:08 PM      +M1    32 7.500 :3.966  2-0-1

--------------------------------------------------------------

Engine-Match Friday, November 21, 2025 7:17:10 PM
 Blitz 1/1 

Pairing 30/36 :    RandomOpponent  -  V7P3R_v17.1

PGN-File: C:\Program Files (x86)\Arena\Tournaments\Engine Battle 20251121_2.pgn

No:  B/W 1/2     W:B       1:2           Time        Value Moves Dep 1:2       1-2-Draws
   3 B 2    1.0:0.0        0.0:3.0       7:17:40 PM  -289.98    12 0:4.333  0-3-0

--------------------------------------------------------------

Engine-Match Friday, November 21, 2025 7:17:41 PM
 Blitz 1/1 

Pairing 31/36 :    MaterialOpponent_v2.0  -  CaptureOpponent_v3.0

PGN-File: C:\Program Files (x86)\Arena\Tournaments\Engine Battle 20251121_2.pgn

No:  B/W 1/2     W:B       1:2           Time        Value Moves Dep 1:2       1-2-Draws
   3 W 1    1.0:0.0        3.0:0.0       7:18:59 PM  +299.99    17 8.118 :2.000  3-0-0

--------------------------------------------------------------

Engine-Match Friday, November 21, 2025 7:19:01 PM
 Blitz 1/1 

Pairing 32/36 :    CoverageOpponent_v2.0  -  PositionalOpponent_v2.0

PGN-File: C:\Program Files (x86)\Arena\Tournaments\Engine Battle 20251121_2.pgn

No:  B/W 1/2     W:B       1:2           Time        Value Moves Dep 1:2       1-2-Draws
   3 B 2    1.0:0.0        1.0:2.0       7:22:54 PM  -299.99    45 6.273 :6.619  1-2-0

--------------------------------------------------------------

Engine-Match Friday, November 21, 2025 7:22:56 PM
 Blitz 1/1 

Pairing 33/36 :    SlowMate_v3.1  -  RandomOpponent

PGN-File: C:\Program Files (x86)\Arena\Tournaments\Engine Battle 20251121_2.pgn

No:  B/W 1/2     W:B       1:2           Time        Value Moves Dep 1:2       1-2-Draws
   3 W 1    1.0:0.0        3.0:0.0       7:23:58 PM  +194.30    21 3.333 :0 3-0-0

--------------------------------------------------------------

Engine-Match Friday, November 21, 2025 7:23:59 PM
 Blitz 1/1 

Pairing 34/36 :    CaptureOpponent_v3.0  -  Stockfish 1%

PGN-File: C:\Program Files (x86)\Arena\Tournaments\Engine Battle 20251121_2.pgn

No:  B/W 1/2     W:B       1:2           Time        Value Moves Dep 1:2       1-2-Draws
   3 B 2    1.0:0.0        0.0:3.0       7:24:14 PM      -M1    19 2.000 :6.200  0-3-0

--------------------------------------------------------------

Engine-Match Friday, November 21, 2025 7:24:16 PM
 Blitz 1/1 

Pairing 35/36 :    V7P3R_v17.1  -  CoverageOpponent_v2.0

PGN-File: C:\Program Files (x86)\Arena\Tournaments\Engine Battle 20251121_2.pgn

No:  B/W 1/2     W:B       1:2           Time        Value Moves Dep 1:2       1-2-Draws
   3 W 1    1.0:0.0        3.0:0.0       7:25:17 PM  +289.98     9 4.571 :6.750  3-0-0

--------------------------------------------------------------

Engine-Match Friday, November 21, 2025 7:25:19 PM
 Blitz 1/1 

Pairing 36/36 :    PositionalOpponent_v2.0  -  MaterialOpponent_v2.0

PGN-File: C:\Program Files (x86)\Arena\Tournaments\Engine Battle 20251121_2.pgn

No:  B/W 1/2     W:B       1:2           Time        Value Moves Dep 1:2       1-2-Draws
   3 B 2    1.0:0.0        0.0:3.0       7:28:03 PM   -18.20    23 6.438 :8.000  0-3-0

--------------------------------------------------------------

Engine-Match Friday, November 21, 2025 7:28:05 PM
 Blitz 1/1 

Pairing 1/36 :    C0BR4_v3.2  -  CaptureOpponent_v3.0

PGN-File: C:\Program Files (x86)\Arena\Tournaments\Engine Battle 20251121_2.pgn

No:  B/W 1/2     W:B       1:2           Time        Value Moves Dep 1:2       1-2-Draws
   4 B 1    1.0:0.0        4.0:0.0       7:28:22 PM  -299.97    11 4.000 :2.000  4-0-0

--------------------------------------------------------------

Engine-Match Friday, November 21, 2025 7:28:24 PM
 Blitz 1/1 

Pairing 2/36 :    CoverageOpponent_v2.0  -  SlowMate_v3.1

PGN-File: C:\Program Files (x86)\Arena\Tournaments\Engine Battle 20251121_2.pgn

No:  B/W 1/2     W:B       1:2           Time        Value Moves Dep 1:2       1-2-Draws
   4 W 2    1.5:0.5        0.5:3.5       7:30:53 PM  +195.98    27 6.429 :3.190  0-3-1

--------------------------------------------------------------

Engine-Match Friday, November 21, 2025 7:30:54 PM
 Blitz 1/1 

Pairing 3/36 :    Stockfish 1%  -  PositionalOpponent_v2.0

PGN-File: C:\Program Files (x86)\Arena\Tournaments\Engine Battle 20251121_2.pgn

No:  B/W 1/2     W:B       1:2           Time        Value Moves Dep 1:2       1-2-Draws
   4 B 1    1.0:0.0        4.0:0.0       7:32:05 PM   -10.10    14 8.750 :6.571  4-0-0

--------------------------------------------------------------

Engine-Match Friday, November 21, 2025 7:32:06 PM
 Blitz 1/1 

Pairing 4/36 :    MaterialOpponent_v2.0  -  V7P3R_v17.1

PGN-File: C:\Program Files (x86)\Arena\Tournaments\Engine Battle 20251121_2.pgn

No:  B/W 1/2     W:B       1:2           Time        Value Moves Dep 1:2       1-2-Draws
   4 W 2    1.0:0.0        0.0:4.0       7:33:38 PM   +15.45    13 8.077 :4.000  0-4-0

--------------------------------------------------------------

Engine-Match Friday, November 21, 2025 7:33:39 PM
 Blitz 1/1 

Pairing 5/36 :    RandomOpponent  -  CoverageOpponent_v2.0

PGN-File: C:\Program Files (x86)\Arena\Tournaments\Engine Battle 20251121_2.pgn

No:  B/W 1/2     W:B       1:2           Time        Value Moves Dep 1:2       1-2-Draws
   4 W 2    1.0:0.0        0.0:4.0       7:35:24 PM  +299.99    31 0:5.774  0-4-0

--------------------------------------------------------------

Engine-Match Friday, November 21, 2025 7:35:25 PM
 Blitz 1/1 

Pairing 6/36 :    PositionalOpponent_v2.0  -  C0BR4_v3.2

PGN-File: C:\Program Files (x86)\Arena\Tournaments\Engine Battle 20251121_2.pgn

No:  B/W 1/2     W:B       1:2           Time        Value Moves Dep 1:2       1-2-Draws
   4 W 2    1.0:0.0        0.0:4.0       7:36:46 PM  +299.97    16 6.733 :4.000  0-4-0

--------------------------------------------------------------

Engine-Match Friday, November 21, 2025 7:36:47 PM
 Blitz 1/1 

Pairing 7/36 :    SlowMate_v3.1  -  MaterialOpponent_v2.0

PGN-File: C:\Program Files (x86)\Arena\Tournaments\Engine Battle 20251121_2.pgn

No:  B/W 1/2     W:B       1:2           Time        Value Moves Dep 1:2       1-2-Draws
   4 B 1    1.0:0.0        4.0:0.0       7:38:39 PM   -13.15    17 3.125 :8.529  4-0-0

--------------------------------------------------------------

Engine-Match Friday, November 21, 2025 7:38:40 PM
 Blitz 1/1 

Pairing 8/36 :    V7P3R_v17.1  -  Stockfish 1%

PGN-File: C:\Program Files (x86)\Arena\Tournaments\Engine Battle 20251121_2.pgn

No:  B/W 1/2     W:B       1:2           Time        Value Moves Dep 1:2       1-2-Draws
   4 W 2    1.0:0.0        2.0:2.0       7:39:19 PM      +M1    16 3.750 :13.250  2-2-0

--------------------------------------------------------------

Engine-Match Friday, November 21, 2025 7:39:21 PM
 Blitz 1/1 

Pairing 9/36 :    CaptureOpponent_v3.0  -  PositionalOpponent_v2.0

PGN-File: C:\Program Files (x86)\Arena\Tournaments\Engine Battle 20251121_2.pgn

No:  B/W 1/2     W:B       1:2           Time        Value Moves Dep 1:2       1-2-Draws
   4 W 2    1.5:0.5        0.5:3.5       7:41:18 PM  +299.99    42 2.000 :6.176  0-3-1

--------------------------------------------------------------

Engine-Match Friday, November 21, 2025 7:41:19 PM
 Blitz 1/1 

Pairing 10/36 :    MaterialOpponent_v2.0  -  RandomOpponent

PGN-File: C:\Program Files (x86)\Arena\Tournaments\Engine Battle 20251121_2.pgn

No:  B/W 1/2     W:B       1:2           Time        Value Moves Dep 1:2       1-2-Draws
   4 B 1    1.0:0.0        4.0:0.0       7:43:11 PM  -299.99    32 7.813 :0 4-0-0

--------------------------------------------------------------

Engine-Match Friday, November 21, 2025 7:43:12 PM
 Blitz 1/1 

Pairing 11/36 :    C0BR4_v3.2  -  V7P3R_v17.1

PGN-File: C:\Program Files (x86)\Arena\Tournaments\Engine Battle 20251121_2.pgn

No:  B/W 1/2     W:B       1:2           Time        Value Moves Dep 1:2       1-2-Draws
   4 W 2    1.0:0.0        1.0:3.0       7:45:23 PM  +289.98    53 4.000 :4.111  1-3-0

--------------------------------------------------------------

Engine-Match Friday, November 21, 2025 7:45:25 PM
 Blitz 1/1 

Pairing 12/36 :    Stockfish 1%  -  SlowMate_v3.1

PGN-File: C:\Program Files (x86)\Arena\Tournaments\Engine Battle 20251121_2.pgn

No:  B/W 1/2     W:B       1:2           Time        Value Moves Dep 1:2       1-2-Draws
   4 B 1    1.5:0.5        3.5:0.5       7:48:45 PM   -11.33   109 8.000 :3.080  3-0-1

--------------------------------------------------------------

Engine-Match Friday, November 21, 2025 7:48:52 PM
 Blitz 1/1 

Pairing 13/36 :    CoverageOpponent_v2.0  -  MaterialOpponent_v2.0

PGN-File: C:\Program Files (x86)\Arena\Tournaments\Engine Battle 20251121_2.pgn

No:  B/W 1/2     W:B       1:2           Time        Value Moves Dep 1:2       1-2-Draws
   4 W 2    1.0:0.0        0.0:4.0       7:53:02 PM  +299.99    57 5.500 :7.886  0-4-0

--------------------------------------------------------------

Engine-Match Friday, November 21, 2025 7:53:04 PM
 Blitz 1/1 

Pairing 14/36 :    V7P3R_v17.1  -  CaptureOpponent_v3.0

PGN-File: C:\Program Files (x86)\Arena\Tournaments\Engine Battle 20251121_2.pgn

No:  B/W 1/2     W:B       1:2           Time        Value Moves Dep 1:2       1-2-Draws
   4 B 1    1.0:0.0        4.0:0.0       7:54:08 PM  -289.98    20 4.250 :2.000  4-0-0

--------------------------------------------------------------

Engine-Match Friday, November 21, 2025 7:54:09 PM
 Blitz 1/1 

Pairing 15/36 :    RandomOpponent  -  Stockfish 1%

PGN-File: C:\Program Files (x86)\Arena\Tournaments\Engine Battle 20251121_2.pgn

No:  B/W 1/2     W:B       1:2           Time        Value Moves Dep 1:2       1-2-Draws
   4 W 2    1.0:0.0        0.0:4.0       7:54:22 PM      +M1    16 0:8.750  0-4-0

--------------------------------------------------------------

Engine-Match Friday, November 21, 2025 7:54:24 PM
 Blitz 1/1 

Pairing 16/36 :    SlowMate_v3.1  -  C0BR4_v3.2

PGN-File: C:\Program Files (x86)\Arena\Tournaments\Engine Battle 20251121_2.pgn

No:  B/W 1/2     W:B       1:2           Time        Value Moves Dep 1:2       1-2-Draws
   4 W 2    2.5:1.5        1.5:2.5       7:55:20 PM  +299.97    18 3.059 :4.000  0-1-3

--------------------------------------------------------------

Engine-Match Friday, November 21, 2025 7:55:22 PM
 Blitz 1/1 

Pairing 17/36 :    PositionalOpponent_v2.0  -  V7P3R_v17.1

PGN-File: C:\Program Files (x86)\Arena\Tournaments\Engine Battle 20251121_2.pgn

No:  B/W 1/2     W:B       1:2           Time        Value Moves Dep 1:2       1-2-Draws
   4 W 2    1.0:0.0        0.0:4.0       7:56:25 PM   +14.10    10 6.400 :4.000  0-4-0

--------------------------------------------------------------

Engine-Match Friday, November 21, 2025 7:56:27 PM
 Blitz 1/1 

Pairing 18/36 :    Stockfish 1%  -  CoverageOpponent_v2.0

PGN-File: C:\Program Files (x86)\Arena\Tournaments\Engine Battle 20251121_2.pgn

No:  B/W 1/2     W:B       1:2           Time        Value Moves Dep 1:2       1-2-Draws
   4 B 1    1.0:0.0        4.0:0.0       7:58:02 PM      -M1    25 6.600 :5.960  4-0-0

--------------------------------------------------------------

Engine-Match Friday, November 21, 2025 7:58:04 PM
 Blitz 1/1 

Pairing 19/36 :    CaptureOpponent_v3.0  -  SlowMate_v3.1

PGN-File: C:\Program Files (x86)\Arena\Tournaments\Engine Battle 20251121_2.pgn

No:  B/W 1/2     W:B       1:2           Time        Value Moves Dep 1:2       1-2-Draws
   4 W 2    1.0:0.0        0.0:4.0       7:59:05 PM  +191.25    23 2.000 :3.353  0-4-0

--------------------------------------------------------------

Engine-Match Friday, November 21, 2025 7:59:07 PM
 Blitz 1/1 

Pairing 20/36 :    C0BR4_v3.2  -  RandomOpponent

PGN-File: C:\Program Files (x86)\Arena\Tournaments\Engine Battle 20251121_2.pgn

No:  B/W 1/2     W:B       1:2           Time        Value Moves Dep 1:2       1-2-Draws
   4 B 1    1.0:0.0        4.0:0.0       7:59:32 PM  -299.97    21 4.000 :0 4-0-0

--------------------------------------------------------------

Engine-Match Friday, November 21, 2025 7:59:33 PM
 Blitz 1/1 

Pairing 21/36 :    MaterialOpponent_v2.0  -  Stockfish 1%

PGN-File: C:\Program Files (x86)\Arena\Tournaments\Engine Battle 20251121_2.pgn

No:  B/W 1/2     W:B       1:2           Time        Value Moves Dep 1:2       1-2-Draws
   4 W 2    1.0:0.0        0.0:4.0       8:00:22 PM      +M1     9 8.500 :6.500  0-4-0

--------------------------------------------------------------

Engine-Match Friday, November 21, 2025 8:00:24 PM
 Blitz 1/1 

Pairing 22/36 :    SlowMate_v3.1  -  PositionalOpponent_v2.0

PGN-File: C:\Program Files (x86)\Arena\Tournaments\Engine Battle 20251121_2.pgn

No:  B/W 1/2     W:B       1:2           Time        Value Moves Dep 1:2       1-2-Draws
   4 B 1    1.0:0.0        4.0:0.0       8:01:56 PM   -12.70    13 3.250 :6.385  4-0-0

--------------------------------------------------------------

Engine-Match Friday, November 21, 2025 8:01:57 PM
 Blitz 1/1 

Pairing 23/36 :    CoverageOpponent_v2.0  -  C0BR4_v3.2

PGN-File: C:\Program Files (x86)\Arena\Tournaments\Engine Battle 20251121_2.pgn

No:  B/W 1/2     W:B       1:2           Time        Value Moves Dep 1:2       1-2-Draws
   4 W 2    1.0:0.0        0.0:4.0       8:03:37 PM  +299.97    23 6.053 :4.000  0-4-0

--------------------------------------------------------------

Engine-Match Friday, November 21, 2025 8:03:38 PM
 Blitz 1/1 

Pairing 24/36 :    RandomOpponent  -  CaptureOpponent_v3.0

PGN-File: C:\Program Files (x86)\Arena\Tournaments\Engine Battle 20251121_2.pgn

No:  B/W 1/2     W:B       1:2           Time        Value Moves Dep 1:2       1-2-Draws
   4 = =    2.0:2.0        2.0:2.0       8:04:05 PM     0.00    52 0:2.000  0-0-4

--------------------------------------------------------------

Engine-Match Friday, November 21, 2025 8:04:06 PM
 Blitz 1/1 

Pairing 25/36 :    V7P3R_v17.1  -  SlowMate_v3.1

PGN-File: C:\Program Files (x86)\Arena\Tournaments\Engine Battle 20251121_2.pgn

No:  B/W 1/2     W:B       1:2           Time        Value Moves Dep 1:2       1-2-Draws
   4 B 1    1.5:0.5        3.5:0.5       8:06:40 PM  -289.98    32 3.438 :2.844  3-0-1

--------------------------------------------------------------

Engine-Match Friday, November 21, 2025 8:06:41 PM
 Blitz 1/1 

Pairing 26/36 :    C0BR4_v3.2  -  MaterialOpponent_v2.0

PGN-File: C:\Program Files (x86)\Arena\Tournaments\Engine Battle 20251121_2.pgn

No:  B/W 1/2     W:B       1:2           Time        Value Moves Dep 1:2       1-2-Draws
   4 B 1    1.0:0.0        4.0:0.0       8:07:48 PM   -24.40    14 4.000 :8.286  4-0-0

--------------------------------------------------------------

Engine-Match Friday, November 21, 2025 8:07:50 PM
 Blitz 1/1 

Pairing 27/36 :    PositionalOpponent_v2.0  -  RandomOpponent

PGN-File: C:\Program Files (x86)\Arena\Tournaments\Engine Battle 20251121_2.pgn

No:  B/W 1/2     W:B       1:2           Time        Value Moves Dep 1:2       1-2-Draws
   4 B 1    1.0:0.0        4.0:0.0       8:08:59 PM  -299.99    14 6.071 :0 4-0-0

--------------------------------------------------------------

Engine-Match Friday, November 21, 2025 8:09:01 PM
 Blitz 1/1 

Pairing 28/36 :    CaptureOpponent_v3.0  -  CoverageOpponent_v2.0

PGN-File: C:\Program Files (x86)\Arena\Tournaments\Engine Battle 20251121_2.pgn

No:  B/W 1/2     W:B       1:2           Time        Value Moves Dep 1:2       1-2-Draws
   4 W 2    2.0:1.0        1.0:3.0       8:10:29 PM  +299.99    19 2.000 :5.842  0-2-2

--------------------------------------------------------------

Engine-Match Friday, November 21, 2025 8:10:30 PM
 Blitz 1/1 

Pairing 29/36 :    Stockfish 1%  -  C0BR4_v3.2

PGN-File: C:\Program Files (x86)\Arena\Tournaments\Engine Battle 20251121_2.pgn

No:  B/W 1/2     W:B       1:2           Time        Value Moves Dep 1:2       1-2-Draws
   4 B 1    1.5:0.5        3.5:0.5       8:11:52 PM   -10.20   114 5.833 :4.000  3-0-1

--------------------------------------------------------------

Engine-Match Friday, November 21, 2025 8:11:54 PM
 Blitz 1/1 

Pairing 30/36 :    RandomOpponent  -  V7P3R_v17.1

PGN-File: C:\Program Files (x86)\Arena\Tournaments\Engine Battle 20251121_2.pgn

No:  B/W 1/2     W:B       1:2           Time        Value Moves Dep 1:2       1-2-Draws
   4 W 2    1.0:0.0        0.0:4.0       8:13:03 PM  +289.98    28 0:3.852  0-4-0

--------------------------------------------------------------

Engine-Match Friday, November 21, 2025 8:13:04 PM
 Blitz 1/1 

Pairing 31/36 :    MaterialOpponent_v2.0  -  CaptureOpponent_v3.0

PGN-File: C:\Program Files (x86)\Arena\Tournaments\Engine Battle 20251121_2.pgn

No:  B/W 1/2     W:B       1:2           Time        Value Moves Dep 1:2       1-2-Draws
   4 W 2    1.0:0.0        3.0:1.0       8:14:11 PM    +9.05    13 9.538 :2.000  3-1-0

--------------------------------------------------------------

Engine-Match Friday, November 21, 2025 8:14:12 PM
 Blitz 1/1 

Pairing 32/36 :    CoverageOpponent_v2.0  -  PositionalOpponent_v2.0

PGN-File: C:\Program Files (x86)\Arena\Tournaments\Engine Battle 20251121_2.pgn

No:  B/W 1/2     W:B       1:2           Time        Value Moves Dep 1:2       1-2-Draws
   4 W 2    1.0:0.0        1.0:3.0       8:17:12 PM  +299.99    26 6.143 :6.318  1-3-0

--------------------------------------------------------------

Engine-Match Friday, November 21, 2025 8:17:27 PM
 Blitz 1/1 

Pairing 33/36 :    SlowMate_v3.1  -  RandomOpponent

PGN-File: C:\Program Files (x86)\Arena\Tournaments\Engine Battle 20251121_2.pgn

No:  B/W 1/2     W:B       1:2           Time        Value Moves Dep 1:2       1-2-Draws
   4 B 1    1.0:0.0        4.0:0.0       8:17:43 PM  -100.48     5 3.600 :0 4-0-0

--------------------------------------------------------------

Engine-Match Friday, November 21, 2025 8:17:44 PM
 Blitz 1/1 

Pairing 34/36 :    CaptureOpponent_v3.0  -  Stockfish 1%

PGN-File: C:\Program Files (x86)\Arena\Tournaments\Engine Battle 20251121_2.pgn

No:  B/W 1/2     W:B       1:2           Time        Value Moves Dep 1:2       1-2-Draws
   4 W 2    1.0:0.0        0.0:4.0       8:17:54 PM    +M500     5 2.000 :7.667  0-4-0

--------------------------------------------------------------

Engine-Match Friday, November 21, 2025 8:17:55 PM
 Blitz 1/1 

Pairing 35/36 :    V7P3R_v17.1  -  CoverageOpponent_v2.0

PGN-File: C:\Program Files (x86)\Arena\Tournaments\Engine Battle 20251121_2.pgn

No:  B/W 1/2     W:B       1:2           Time        Value Moves Dep 1:2       1-2-Draws
   4 B 1    1.0:0.0        4.0:0.0       8:19:34 PM  -289.98    13 3.769 :6.154  4-0-0

--------------------------------------------------------------

Engine-Match Friday, November 21, 2025 8:19:36 PM
 Blitz 1/1 

Pairing 36/36 :    PositionalOpponent_v2.0  -  MaterialOpponent_v2.0

PGN-File: C:\Program Files (x86)\Arena\Tournaments\Engine Battle 20251121_2.pgn

No:  B/W 1/2     W:B       1:2           Time        Value Moves Dep 1:2       1-2-Draws
   4 W 2    1.0:0.0        0.0:4.0       8:21:37 PM   +11.60    13 6.538 :8.923  0-4-0

--------------------------------------------------------------

Engine-Match Friday, November 21, 2025 8:21:38 PM
 Blitz 1/1 

Pairing 1/36 :    C0BR4_v3.2  -  CaptureOpponent_v3.0

PGN-File: C:\Program Files (x86)\Arena\Tournaments\Engine Battle 20251121_2.pgn

No:  B/W 1/2     W:B       1:2           Time        Value Moves Dep 1:2       1-2-Draws
   5 W 1    1.0:0.0        5.0:0.0       8:21:58 PM  +299.97    12 3.800 :2.000  5-0-0

--------------------------------------------------------------

Engine-Match Friday, November 21, 2025 8:21:59 PM
 Blitz 1/1 

Pairing 2/36 :    CoverageOpponent_v2.0  -  SlowMate_v3.1

PGN-File: C:\Program Files (x86)\Arena\Tournaments\Engine Battle 20251121_2.pgn

No:  B/W 1/2     W:B       1:2           Time        Value Moves Dep 1:2       1-2-Draws
   5 B 2    1.5:0.5        0.5:4.5       8:24:19 PM  -165.38    24 6.091 :2.667  0-4-1

--------------------------------------------------------------

Engine-Match Friday, November 21, 2025 8:24:21 PM
 Blitz 1/1 

Pairing 3/36 :    Stockfish 1%  -  PositionalOpponent_v2.0

PGN-File: C:\Program Files (x86)\Arena\Tournaments\Engine Battle 20251121_2.pgn

No:  B/W 1/2     W:B       1:2           Time        Value Moves Dep 1:2       1-2-Draws
   5 W 1    1.0:0.0        5.0:0.0       8:25:39 PM   +14.50    17 7.200 :6.882  5-0-0

--------------------------------------------------------------

Engine-Match Friday, November 21, 2025 8:25:41 PM
 Blitz 1/1 

Pairing 4/36 :    MaterialOpponent_v2.0  -  V7P3R_v17.1

PGN-File: C:\Program Files (x86)\Arena\Tournaments\Engine Battle 20251121_2.pgn

No:  B/W 1/2     W:B       1:2           Time        Value Moves Dep 1:2       1-2-Draws
   5 B 2    1.0:0.0        0.0:5.0       8:28:09 PM   -13.25    25 7.706 :3.941  0-5-0

--------------------------------------------------------------

Engine-Match Friday, November 21, 2025 8:28:10 PM
 Blitz 1/1 

Pairing 5/36 :    RandomOpponent  -  CoverageOpponent_v2.0

PGN-File: C:\Program Files (x86)\Arena\Tournaments\Engine Battle 20251121_2.pgn

No:  B/W 1/2     W:B       1:2           Time        Value Moves Dep 1:2       1-2-Draws
   5 B 2    1.0:0.0        0.0:5.0       8:29:41 PM  -299.99    23 0:5.739  0-5-0

--------------------------------------------------------------

Engine-Match Friday, November 21, 2025 8:29:43 PM
 Blitz 1/1 

Pairing 6/36 :    PositionalOpponent_v2.0  -  C0BR4_v3.2

PGN-File: C:\Program Files (x86)\Arena\Tournaments\Engine Battle 20251121_2.pgn

No:  B/W 1/2     W:B       1:2           Time        Value Moves Dep 1:2       1-2-Draws
   5 B 2    1.0:0.0        0.0:5.0       8:31:05 PM  -299.97    16 6.563 :3.857  0-5-0

--------------------------------------------------------------

Engine-Match Friday, November 21, 2025 8:31:07 PM
 Blitz 1/1 

Pairing 7/36 :    SlowMate_v3.1  -  MaterialOpponent_v2.0

PGN-File: C:\Program Files (x86)\Arena\Tournaments\Engine Battle 20251121_2.pgn

No:  B/W 1/2     W:B       1:2           Time        Value Moves Dep 1:2       1-2-Draws
   5 W 1    1.0:0.0        5.0:0.0       8:32:03 PM  +108.95     7 3.857 :9.000  5-0-0

--------------------------------------------------------------

Engine-Match Friday, November 21, 2025 8:32:05 PM
 Blitz 1/1 

Pairing 8/36 :    V7P3R_v17.1  -  Stockfish 1%

PGN-File: C:\Program Files (x86)\Arena\Tournaments\Engine Battle 20251121_2.pgn

No:  B/W 1/2     W:B       1:2           Time        Value Moves Dep 1:2       1-2-Draws
   5 W 1    1.0:0.0        3.0:2.0       8:33:47 PM  +289.99    49 3.763 :8.250  3-2-0

--------------------------------------------------------------

Engine-Match Friday, November 21, 2025 8:33:48 PM
 Blitz 1/1 

Pairing 9/36 :    CaptureOpponent_v3.0  -  PositionalOpponent_v2.0

PGN-File: C:\Program Files (x86)\Arena\Tournaments\Engine Battle 20251121_2.pgn

No:  B/W 1/2     W:B       1:2           Time        Value Moves Dep 1:2       1-2-Draws
   5 W 1    1.5:0.5        1.5:3.5       8:34:55 PM   +13.70    15 2.000 :6.667  1-3-1

--------------------------------------------------------------

Engine-Match Friday, November 21, 2025 8:34:57 PM
 Blitz 1/1 

Pairing 10/36 :    MaterialOpponent_v2.0  -  RandomOpponent

PGN-File: C:\Program Files (x86)\Arena\Tournaments\Engine Battle 20251121_2.pgn

No:  B/W 1/2     W:B       1:2           Time        Value Moves Dep 1:2       1-2-Draws
   5 W 1    1.0:0.0        5.0:0.0       8:36:54 PM  +299.99    36 8.000 :0 5-0-0

--------------------------------------------------------------

Engine-Match Friday, November 21, 2025 8:36:56 PM
 Blitz 1/1 

Pairing 11/36 :    C0BR4_v3.2  -  V7P3R_v17.1

PGN-File: C:\Program Files (x86)\Arena\Tournaments\Engine Battle 20251121_2.pgn

No:  B/W 1/2     W:B       1:2           Time        Value Moves Dep 1:2       1-2-Draws
   5 = =    0.5:0.5        1.5:3.5       8:38:29 PM    -0.32    40 4.000 :3.824  1-3-1

--------------------------------------------------------------

Engine-Match Friday, November 21, 2025 8:38:31 PM
 Blitz 1/1 

Pairing 12/36 :    Stockfish 1%  -  SlowMate_v3.1

PGN-File: C:\Program Files (x86)\Arena\Tournaments\Engine Battle 20251121_2.pgn

No:  B/W 1/2     W:B       1:2           Time        Value Moves Dep 1:2       1-2-Draws
   5 W 1    1.5:0.5        4.5:0.5       8:39:51 PM      +M1    36 8.200 :2.600  4-0-1

--------------------------------------------------------------

Engine-Match Friday, November 21, 2025 8:39:52 PM
 Blitz 1/1 

Pairing 13/36 :    CoverageOpponent_v2.0  -  MaterialOpponent_v2.0

PGN-File: C:\Program Files (x86)\Arena\Tournaments\Engine Battle 20251121_2.pgn

No:  B/W 1/2     W:B       1:2           Time        Value Moves Dep 1:2       1-2-Draws
   5 B 2    1.0:0.0        0.0:5.0       8:43:07 PM  -299.99    34 6.125 :8.435  0-5-0

--------------------------------------------------------------

Engine-Match Friday, November 21, 2025 8:43:09 PM
 Blitz 1/1 

Pairing 14/36 :    V7P3R_v17.1  -  CaptureOpponent_v3.0

PGN-File: C:\Program Files (x86)\Arena\Tournaments\Engine Battle 20251121_2.pgn

No:  B/W 1/2     W:B       1:2           Time        Value Moves Dep 1:2       1-2-Draws
   5 W 1    1.0:0.0        5.0:0.0       8:43:51 PM  +289.98    15 4.143 :2.000  5-0-0

--------------------------------------------------------------

Engine-Match Friday, November 21, 2025 8:43:53 PM
 Blitz 1/1 

Pairing 15/36 :    RandomOpponent  -  Stockfish 1%

PGN-File: C:\Program Files (x86)\Arena\Tournaments\Engine Battle 20251121_2.pgn

No:  B/W 1/2     W:B       1:2           Time        Value Moves Dep 1:2       1-2-Draws
   5 B 2    1.0:0.0        0.0:5.0       8:44:11 PM      -M1    29 0:8.750  0-5-0

--------------------------------------------------------------

Engine-Match Friday, November 21, 2025 8:44:12 PM
 Blitz 1/1 

Pairing 16/36 :    SlowMate_v3.1  -  C0BR4_v3.2

PGN-File: C:\Program Files (x86)\Arena\Tournaments\Engine Battle 20251121_2.pgn

No:  B/W 1/2     W:B       1:2           Time        Value Moves Dep 1:2       1-2-Draws
   5 = =    2.0:2.0        2.0:3.0       8:45:44 PM    -3.00    30 3.095 :4.000  0-1-4

--------------------------------------------------------------

Engine-Match Friday, November 21, 2025 8:45:51 PM
 Blitz 1/1 

Pairing 17/36 :    PositionalOpponent_v2.0  -  V7P3R_v17.1

PGN-File: C:\Program Files (x86)\Arena\Tournaments\Engine Battle 20251121_2.pgn

No:  B/W 1/2     W:B       1:2           Time        Value Moves Dep 1:2       1-2-Draws
   5 B 2    1.0:0.0        0.0:5.0       8:47:43 PM   -15.40    19 6.105 :4.056  0-5-0

--------------------------------------------------------------

Engine-Match Friday, November 21, 2025 8:47:45 PM
 Blitz 1/1 

Pairing 18/36 :    Stockfish 1%  -  CoverageOpponent_v2.0

PGN-File: C:\Program Files (x86)\Arena\Tournaments\Engine Battle 20251121_2.pgn

No:  B/W 1/2     W:B       1:2           Time        Value Moves Dep 1:2       1-2-Draws
   5 W 1    1.0:0.0        5.0:0.0       8:50:36 PM      +M1    78 12.000 :6.067  5-0-0

--------------------------------------------------------------

Engine-Match Friday, November 21, 2025 8:50:37 PM
 Blitz 1/1 

Pairing 19/36 :    CaptureOpponent_v3.0  -  SlowMate_v3.1

PGN-File: C:\Program Files (x86)\Arena\Tournaments\Engine Battle 20251121_2.pgn

No:  B/W 1/2     W:B       1:2           Time        Value Moves Dep 1:2       1-2-Draws
   5 B 2    1.0:0.0        0.0:5.0       8:51:12 PM  -139.47    10 2.000 :3.400  0-5-0

--------------------------------------------------------------

Engine-Match Friday, November 21, 2025 8:51:13 PM
 Blitz 1/1 

Pairing 20/36 :    C0BR4_v3.2  -  RandomOpponent

PGN-File: C:\Program Files (x86)\Arena\Tournaments\Engine Battle 20251121_2.pgn

No:  B/W 1/2     W:B       1:2           Time        Value Moves Dep 1:2       1-2-Draws
   5 W 1    1.0:0.0        5.0:0.0       8:51:29 PM  +299.97    15 3.846 :0 5-0-0

--------------------------------------------------------------

Engine-Match Friday, November 21, 2025 8:51:30 PM
 Blitz 1/1 

Pairing 21/36 :    MaterialOpponent_v2.0  -  Stockfish 1%

PGN-File: C:\Program Files (x86)\Arena\Tournaments\Engine Battle 20251121_2.pgn

No:  B/W 1/2     W:B       1:2           Time        Value Moves Dep 1:2       1-2-Draws
   5 B 2    1.0:0.0        0.0:5.0       8:53:04 PM      -M1    24 7.250 :9.667  0-5-0

--------------------------------------------------------------

Engine-Match Friday, November 21, 2025 8:53:05 PM
 Blitz 1/1 

Pairing 22/36 :    SlowMate_v3.1  -  PositionalOpponent_v2.0

PGN-File: C:\Program Files (x86)\Arena\Tournaments\Engine Battle 20251121_2.pgn

No:  B/W 1/2     W:B       1:2           Time        Value Moves Dep 1:2       1-2-Draws
   5 W 1    1.0:0.0        5.0:0.0       8:55:07 PM   +21.00    19 2.895 :6.211  5-0-0

--------------------------------------------------------------

Engine-Match Friday, November 21, 2025 8:55:08 PM
 Blitz 1/1 

Pairing 23/36 :    CoverageOpponent_v2.0  -  C0BR4_v3.2

PGN-File: C:\Program Files (x86)\Arena\Tournaments\Engine Battle 20251121_2.pgn

No:  B/W 1/2     W:B       1:2           Time        Value Moves Dep 1:2       1-2-Draws
   5 B 2    1.0:0.0        0.0:5.0       8:56:52 PM  -299.97    25 6.000 :4.000  0-5-0

--------------------------------------------------------------

Engine-Match Friday, November 21, 2025 8:56:54 PM
 Blitz 1/1 

Pairing 24/36 :    RandomOpponent  -  CaptureOpponent_v3.0

PGN-File: C:\Program Files (x86)\Arena\Tournaments\Engine Battle 20251121_2.pgn

No:  B/W 1/2     W:B       1:2           Time        Value Moves Dep 1:2       1-2-Draws
   5 = =    2.5:2.5        2.5:2.5       8:57:24 PM     0.00    64 0:2.000  0-0-5

--------------------------------------------------------------

Engine-Match Friday, November 21, 2025 8:57:26 PM
 Blitz 1/1 

Pairing 25/36 :    V7P3R_v17.1  -  SlowMate_v3.1

PGN-File: C:\Program Files (x86)\Arena\Tournaments\Engine Battle 20251121_2.pgn

No:  B/W 1/2     W:B       1:2           Time        Value Moves Dep 1:2       1-2-Draws
   5 W 1    1.5:0.5        4.5:0.5       8:59:48 PM   +11.49    32 3.560 :2.741  4-0-1

--------------------------------------------------------------

Engine-Match Friday, November 21, 2025 8:59:50 PM
 Blitz 1/1 

Pairing 26/36 :    C0BR4_v3.2  -  MaterialOpponent_v2.0

PGN-File: C:\Program Files (x86)\Arena\Tournaments\Engine Battle 20251121_2.pgn

No:  B/W 1/2     W:B       1:2           Time        Value Moves Dep 1:2       1-2-Draws
   5 W 1    1.0:0.0        5.0:0.0       9:01:06 PM   +19.05    15 4.000 :7.600  5-0-0

--------------------------------------------------------------

Engine-Match Friday, November 21, 2025 9:01:07 PM
 Blitz 1/1 

Pairing 27/36 :    PositionalOpponent_v2.0  -  RandomOpponent

PGN-File: C:\Program Files (x86)\Arena\Tournaments\Engine Battle 20251121_2.pgn

No:  B/W 1/2     W:B       1:2           Time        Value Moves Dep 1:2       1-2-Draws
   5 W 1    1.0:0.0        5.0:0.0       9:02:27 PM  +299.99    18 6.111 :0 5-0-0

--------------------------------------------------------------

Engine-Match Friday, November 21, 2025 9:02:28 PM
 Blitz 1/1 

Pairing 28/36 :    CaptureOpponent_v3.0  -  CoverageOpponent_v2.0

PGN-File: C:\Program Files (x86)\Arena\Tournaments\Engine Battle 20251121_2.pgn

No:  B/W 1/2     W:B       1:2           Time        Value Moves Dep 1:2       1-2-Draws
   5 = =    1.5:1.5        1.5:3.5       9:04:54 PM    -0.33    62 2.000 :6.333  0-2-3

--------------------------------------------------------------

Engine-Match Friday, November 21, 2025 9:04:56 PM
 Blitz 1/1 

Pairing 29/36 :    Stockfish 1%  -  C0BR4_v3.2

PGN-File: C:\Program Files (x86)\Arena\Tournaments\Engine Battle 20251121_2.pgn

No:  B/W 1/2     W:B       1:2           Time        Value Moves Dep 1:2       1-2-Draws
   5 W 1    1.5:0.5        4.5:0.5       9:05:26 PM      +M1    32 9.000 :3.966  4-0-1

--------------------------------------------------------------

Engine-Match Friday, November 21, 2025 9:05:27 PM
 Blitz 1/1 

Pairing 30/36 :    RandomOpponent  -  V7P3R_v17.1

PGN-File: C:\Program Files (x86)\Arena\Tournaments\Engine Battle 20251121_2.pgn

No:  B/W 1/2     W:B       1:2           Time        Value Moves Dep 1:2       1-2-Draws
   5 B 2    1.0:0.0        0.0:5.0       9:06:09 PM  -289.97    15 0:3.800  0-5-0

--------------------------------------------------------------

Engine-Match Friday, November 21, 2025 9:06:10 PM
 Blitz 1/1 

Pairing 31/36 :    MaterialOpponent_v2.0  -  CaptureOpponent_v3.0

PGN-File: C:\Program Files (x86)\Arena\Tournaments\Engine Battle 20251121_2.pgn

No:  B/W 1/2     W:B       1:2           Time        Value Moves Dep 1:2       1-2-Draws
   5 W 1    1.0:0.0        4.0:1.0       9:07:28 PM  +299.99    17 8.118 :2.000  4-1-0

--------------------------------------------------------------

Engine-Match Friday, November 21, 2025 9:07:29 PM
 Blitz 1/1 

Pairing 32/36 :    CoverageOpponent_v2.0  -  PositionalOpponent_v2.0

PGN-File: C:\Program Files (x86)\Arena\Tournaments\Engine Battle 20251121_2.pgn

No:  B/W 1/2     W:B       1:2           Time        Value Moves Dep 1:2       1-2-Draws
   5 W 1    1.0:0.0        2.0:3.0       9:08:48 PM  +299.99     7 6.571 :6.833  2-3-0

--------------------------------------------------------------

Engine-Match Friday, November 21, 2025 9:08:49 PM
 Blitz 1/1 

Pairing 33/36 :    SlowMate_v3.1  -  RandomOpponent

PGN-File: C:\Program Files (x86)\Arena\Tournaments\Engine Battle 20251121_2.pgn

No:  B/W 1/2     W:B       1:2           Time        Value Moves Dep 1:2       1-2-Draws
   5 W 1    1.0:0.0        5.0:0.0       9:09:45 PM  +151.44    18 3.278 :0 5-0-0

--------------------------------------------------------------

Engine-Match Friday, November 21, 2025 9:09:47 PM
 Blitz 1/1 

Pairing 34/36 :    CaptureOpponent_v3.0  -  Stockfish 1%

PGN-File: C:\Program Files (x86)\Arena\Tournaments\Engine Battle 20251121_2.pgn

No:  B/W 1/2     W:B       1:2           Time        Value Moves Dep 1:2       1-2-Draws
   5 B 2    1.0:0.0        0.0:5.0       9:10:08 PM      -M1    36 2.000 :10.000  0-5-0

--------------------------------------------------------------

Engine-Match Friday, November 21, 2025 9:10:10 PM
 Blitz 1/1 

Pairing 35/36 :    V7P3R_v17.1  -  CoverageOpponent_v2.0

PGN-File: C:\Program Files (x86)\Arena\Tournaments\Engine Battle 20251121_2.pgn

No:  B/W 1/2     W:B       1:2           Time        Value Moves Dep 1:2       1-2-Draws
   5 W 1    1.0:0.0        5.0:0.0       9:11:12 PM  +289.98     9 4.571 :6.750  5-0-0

--------------------------------------------------------------

Engine-Match Friday, November 21, 2025 9:11:13 PM
 Blitz 1/1 

Pairing 36/36 :    PositionalOpponent_v2.0  -  MaterialOpponent_v2.0

PGN-File: C:\Program Files (x86)\Arena\Tournaments\Engine Battle 20251121_2.pgn

No:  B/W 1/2     W:B       1:2           Time        Value Moves Dep 1:2       1-2-Draws
   5 = =    0.5:0.5        0.5:4.5       9:14:57 PM   -11.35    45 6.000 :8.000  0-4-1

--------------------------------------------------------------

Engine-Match Friday, November 21, 2025 9:15:11 PM
 Blitz 1/1 

Pairing 1/36 :    C0BR4_v3.2  -  CaptureOpponent_v3.0

PGN-File: C:\Program Files (x86)\Arena\Tournaments\Engine Battle 20251121_2.pgn

No:  B/W 1/2     W:B       1:2           Time        Value Moves Dep 1:2       1-2-Draws
   6 B 1    1.0:0.0        6.0:0.0       9:15:19 PM  -299.97    11 4.000 :2.000  6-0-0

--------------------------------------------------------------

Engine-Match Friday, November 21, 2025 9:15:21 PM
 Blitz 1/1 

Pairing 2/36 :    CoverageOpponent_v2.0  -  SlowMate_v3.1

PGN-File: C:\Program Files (x86)\Arena\Tournaments\Engine Battle 20251121_2.pgn

No:  B/W 1/2     W:B       1:2           Time        Value Moves Dep 1:2       1-2-Draws
   6 W 2    1.5:0.5        0.5:5.5       9:17:57 PM  +166.79    29 6.313 :3.313  0-5-1

--------------------------------------------------------------

Engine-Match Friday, November 21, 2025 9:17:58 PM
 Blitz 1/1 

Pairing 3/36 :    Stockfish 1%  -  PositionalOpponent_v2.0

PGN-File: C:\Program Files (x86)\Arena\Tournaments\Engine Battle 20251121_2.pgn

No:  B/W 1/2     W:B       1:2           Time        Value Moves Dep 1:2       1-2-Draws
   6 B 1    1.0:0.0        6.0:0.0       9:18:47 PM      -M1     8 7.667 :6.250  6-0-0

--------------------------------------------------------------

Engine-Match Friday, November 21, 2025 9:18:49 PM
 Blitz 1/1 

Pairing 4/36 :    MaterialOpponent_v2.0  -  V7P3R_v17.1

PGN-File: C:\Program Files (x86)\Arena\Tournaments\Engine Battle 20251121_2.pgn

No:  B/W 1/2     W:B       1:2           Time        Value Moves Dep 1:2       1-2-Draws
   6 W 2    1.0:0.0        0.0:6.0       9:21:14 PM  +289.97    25 7.083 :3.458  0-6-0

--------------------------------------------------------------

Engine-Match Friday, November 21, 2025 9:21:16 PM
 Blitz 1/1 

Pairing 5/36 :    RandomOpponent  -  CoverageOpponent_v2.0

PGN-File: C:\Program Files (x86)\Arena\Tournaments\Engine Battle 20251121_2.pgn

No:  B/W 1/2     W:B       1:2           Time        Value Moves Dep 1:2       1-2-Draws
   6 W 2    1.0:0.0        0.0:6.0       9:22:36 PM  +299.99    18 0:5.722  0-6-0

--------------------------------------------------------------

Engine-Match Friday, November 21, 2025 9:22:37 PM
 Blitz 1/1 

Pairing 6/36 :    PositionalOpponent_v2.0  -  C0BR4_v3.2

PGN-File: C:\Program Files (x86)\Arena\Tournaments\Engine Battle 20251121_2.pgn

No:  B/W 1/2     W:B       1:2           Time        Value Moves Dep 1:2       1-2-Draws
   6 W 2    1.0:0.0        0.0:6.0       9:23:58 PM   +23.00    15 6.267 :4.000  0-6-0

--------------------------------------------------------------

Engine-Match Friday, November 21, 2025 9:24:00 PM
 Blitz 1/1 

Pairing 7/36 :    SlowMate_v3.1  -  MaterialOpponent_v2.0

PGN-File: C:\Program Files (x86)\Arena\Tournaments\Engine Battle 20251121_2.pgn

No:  B/W 1/2     W:B       1:2           Time        Value Moves Dep 1:2       1-2-Draws
   6 B 1    1.0:0.0        6.0:0.0       9:25:51 PM   -13.15    17 3.125 :8.529  6-0-0

--------------------------------------------------------------

Engine-Match Friday, November 21, 2025 9:25:53 PM
 Blitz 1/1 

Pairing 8/36 :    V7P3R_v17.1  -  Stockfish 1%

PGN-File: C:\Program Files (x86)\Arena\Tournaments\Engine Battle 20251121_2.pgn

No:  B/W 1/2     W:B       1:2           Time        Value Moves Dep 1:2       1-2-Draws
   6 B 1    1.0:0.0        4.0:2.0       9:27:27 PM  -289.98    45 3.639 :6.750  4-2-0

--------------------------------------------------------------

Engine-Match Friday, November 21, 2025 9:27:28 PM
 Blitz 1/1 

Pairing 9/36 :    CaptureOpponent_v3.0  -  PositionalOpponent_v2.0

PGN-File: C:\Program Files (x86)\Arena\Tournaments\Engine Battle 20251121_2.pgn

No:  B/W 1/2     W:B       1:2           Time        Value Moves Dep 1:2       1-2-Draws
   6 W 2    1.5:0.5        1.5:4.5       9:28:27 PM  +299.99    12 2.000 :6.750  1-4-1

--------------------------------------------------------------

Engine-Match Friday, November 21, 2025 9:28:28 PM
 Blitz 1/1 

Pairing 10/36 :    MaterialOpponent_v2.0  -  RandomOpponent

PGN-File: C:\Program Files (x86)\Arena\Tournaments\Engine Battle 20251121_2.pgn

No:  B/W 1/2     W:B       1:2           Time        Value Moves Dep 1:2       1-2-Draws
   6 B 1    1.0:0.0        6.0:0.0       9:30:08 PM  -299.99    25 7.760 :0 6-0-0

--------------------------------------------------------------

Engine-Match Friday, November 21, 2025 9:30:09 PM
 Blitz 1/1 

Pairing 11/36 :    C0BR4_v3.2  -  V7P3R_v17.1

PGN-File: C:\Program Files (x86)\Arena\Tournaments\Engine Battle 20251121_2.pgn

No:  B/W 1/2     W:B       1:2           Time        Value Moves Dep 1:2       1-2-Draws
   6 = =    1.0:1.0        2.0:4.0       9:32:51 PM    -5.79    56 4.000 :4.053  1-3-2

--------------------------------------------------------------

Engine-Match Friday, November 21, 2025 9:32:52 PM
 Blitz 1/1 

Pairing 12/36 :    Stockfish 1%  -  SlowMate_v3.1

PGN-File: C:\Program Files (x86)\Arena\Tournaments\Engine Battle 20251121_2.pgn

No:  B/W 1/2     W:B       1:2           Time        Value Moves Dep 1:2       1-2-Draws
   6 B 1    1.5:0.5        5.5:0.5       9:35:20 PM   -15.14    73 0:2.960  5-0-1

--------------------------------------------------------------

Engine-Match Friday, November 21, 2025 9:35:22 PM
 Blitz 1/1 

Pairing 13/36 :    CoverageOpponent_v2.0  -  MaterialOpponent_v2.0

PGN-File: C:\Program Files (x86)\Arena\Tournaments\Engine Battle 20251121_2.pgn

No:  B/W 1/2     W:B       1:2           Time        Value Moves Dep 1:2       1-2-Draws
   6 W 2    1.0:0.0        0.0:6.0       9:38:12 PM  +299.99    26 5.368 :7.450  0-6-0

--------------------------------------------------------------

Engine-Match Friday, November 21, 2025 9:38:13 PM
 Blitz 1/1 

Pairing 14/36 :    V7P3R_v17.1  -  CaptureOpponent_v3.0

PGN-File: C:\Program Files (x86)\Arena\Tournaments\Engine Battle 20251121_2.pgn

No:  B/W 1/2     W:B       1:2           Time        Value Moves Dep 1:2       1-2-Draws
   6 B 1    1.0:0.0        6.0:0.0       9:39:15 PM  -289.98    20 4.150 :2.000  6-0-0

--------------------------------------------------------------

Engine-Match Friday, November 21, 2025 9:39:17 PM
 Blitz 1/1 

Pairing 15/36 :    RandomOpponent  -  Stockfish 1%

PGN-File: C:\Program Files (x86)\Arena\Tournaments\Engine Battle 20251121_2.pgn

No:  B/W 1/2     W:B       1:2           Time        Value Moves Dep 1:2       1-2-Draws
   6 W 2    1.0:0.0        0.0:6.0       9:39:29 PM      +M1    12 0:0 0-6-0

--------------------------------------------------------------

Engine-Match Friday, November 21, 2025 9:39:30 PM
 Blitz 1/1 

Pairing 16/36 :    SlowMate_v3.1  -  C0BR4_v3.2

PGN-File: C:\Program Files (x86)\Arena\Tournaments\Engine Battle 20251121_2.pgn

No:  B/W 1/2     W:B       1:2           Time        Value Moves Dep 1:2       1-2-Draws
   6 W 2    3.0:2.0        2.0:4.0       9:40:30 PM  +299.97    18 3.059 :4.000  0-2-4

--------------------------------------------------------------

Engine-Match Friday, November 21, 2025 9:40:32 PM
 Blitz 1/1 

Pairing 17/36 :    PositionalOpponent_v2.0  -  V7P3R_v17.1

PGN-File: C:\Program Files (x86)\Arena\Tournaments\Engine Battle 20251121_2.pgn

No:  B/W 1/2     W:B       1:2           Time        Value Moves Dep 1:2       1-2-Draws
   6 W 2    1.0:0.0        0.0:6.0       9:41:40 PM   +11.60    10 6.800 :4.333  0-6-0

--------------------------------------------------------------

Engine-Match Friday, November 21, 2025 9:41:42 PM
 Blitz 1/1 

Pairing 18/36 :    Stockfish 1%  -  CoverageOpponent_v2.0

PGN-File: C:\Program Files (x86)\Arena\Tournaments\Engine Battle 20251121_2.pgn

No:  B/W 1/2     W:B       1:2           Time        Value Moves Dep 1:2       1-2-Draws
   6 B 1    1.0:0.0        6.0:0.0       9:43:24 PM      -M1    28 0:5.714  6-0-0

--------------------------------------------------------------

Engine-Match Friday, November 21, 2025 9:43:25 PM
 Blitz 1/1 

Pairing 19/36 :    CaptureOpponent_v3.0  -  SlowMate_v3.1

PGN-File: C:\Program Files (x86)\Arena\Tournaments\Engine Battle 20251121_2.pgn

No:  B/W 1/2     W:B       1:2           Time        Value Moves Dep 1:2       1-2-Draws
   6 W 2    1.0:0.0        0.0:6.0       9:44:27 PM  +191.25    23 2.000 :3.235  0-6-0

--------------------------------------------------------------

Engine-Match Friday, November 21, 2025 9:44:29 PM
 Blitz 1/1 

Pairing 20/36 :    C0BR4_v3.2  -  RandomOpponent

PGN-File: C:\Program Files (x86)\Arena\Tournaments\Engine Battle 20251121_2.pgn

No:  B/W 1/2     W:B       1:2           Time        Value Moves Dep 1:2       1-2-Draws
   6 B 1    1.0:0.0        6.0:0.0       9:44:41 PM  -299.97     8 4.000 :0 6-0-0

--------------------------------------------------------------

Engine-Match Friday, November 21, 2025 9:44:51 PM
 Blitz 1/1 

Pairing 21/36 :    MaterialOpponent_v2.0  -  Stockfish 1%

PGN-File: C:\Program Files (x86)\Arena\Tournaments\Engine Battle 20251121_2.pgn

No:  B/W 1/2     W:B       1:2           Time        Value Moves Dep 1:2       1-2-Draws
   6 W 2    1.0:0.0        0.0:6.0       9:46:15 PM      +M1    23 7.545 :7.800  0-6-0

--------------------------------------------------------------

Engine-Match Friday, November 21, 2025 9:46:17 PM
 Blitz 1/1 

Pairing 22/36 :    SlowMate_v3.1  -  PositionalOpponent_v2.0

PGN-File: C:\Program Files (x86)\Arena\Tournaments\Engine Battle 20251121_2.pgn

No:  B/W 1/2     W:B       1:2           Time        Value Moves Dep 1:2       1-2-Draws
   6 B 1    1.0:0.0        6.0:0.0       9:48:35 PM   -11.40    24 3.429 :6.364  6-0-0

--------------------------------------------------------------

Engine-Match Friday, November 21, 2025 9:48:36 PM
 Blitz 1/1 

Pairing 23/36 :    CoverageOpponent_v2.0  -  C0BR4_v3.2

PGN-File: C:\Program Files (x86)\Arena\Tournaments\Engine Battle 20251121_2.pgn

No:  B/W 1/2     W:B       1:2           Time        Value Moves Dep 1:2       1-2-Draws
   6 W 2    1.0:0.0        0.0:6.0       9:49:42 PM  +299.97    13 6.333 :4.000  0-6-0

--------------------------------------------------------------

Engine-Match Friday, November 21, 2025 9:49:44 PM
 Blitz 1/1 

Pairing 24/36 :    RandomOpponent  -  CaptureOpponent_v3.0

PGN-File: C:\Program Files (x86)\Arena\Tournaments\Engine Battle 20251121_2.pgn

No:  B/W 1/2     W:B       1:2           Time        Value Moves Dep 1:2       1-2-Draws
   6 = =    3.0:3.0        3.0:3.0       9:50:16 PM    +M500    68 0:2.000  0-0-6

--------------------------------------------------------------

Engine-Match Friday, November 21, 2025 9:50:18 PM
 Blitz 1/1 

Pairing 25/36 :    V7P3R_v17.1  -  SlowMate_v3.1

PGN-File: C:\Program Files (x86)\Arena\Tournaments\Engine Battle 20251121_2.pgn

No:  B/W 1/2     W:B       1:2           Time        Value Moves Dep 1:2       1-2-Draws
   6 B 1    1.5:0.5        5.5:0.5       9:52:25 PM   -16.40    27 3.577 :2.704  5-0-1

--------------------------------------------------------------

Engine-Match Friday, November 21, 2025 9:52:26 PM
 Blitz 1/1 

Pairing 26/36 :    C0BR4_v3.2  -  MaterialOpponent_v2.0

PGN-File: C:\Program Files (x86)\Arena\Tournaments\Engine Battle 20251121_2.pgn

No:  B/W 1/2     W:B       1:2           Time        Value Moves Dep 1:2       1-2-Draws
   6 B 1    1.0:0.0        6.0:0.0       9:53:50 PM   -19.10    17 4.000 :7.941  6-0-0

--------------------------------------------------------------

Engine-Match Friday, November 21, 2025 9:53:52 PM
 Blitz 1/1 

Pairing 27/36 :    PositionalOpponent_v2.0  -  RandomOpponent

PGN-File: C:\Program Files (x86)\Arena\Tournaments\Engine Battle 20251121_2.pgn

No:  B/W 1/2     W:B       1:2           Time        Value Moves Dep 1:2       1-2-Draws
   6 B 1    1.0:0.0        6.0:0.0       9:55:07 PM  -299.99    16 6.875 :0 6-0-0

--------------------------------------------------------------

Engine-Match Friday, November 21, 2025 9:55:08 PM
 Blitz 1/1 

Pairing 28/36 :    CaptureOpponent_v3.0  -  CoverageOpponent_v2.0

PGN-File: C:\Program Files (x86)\Arena\Tournaments\Engine Battle 20251121_2.pgn

No:  B/W 1/2     W:B       1:2           Time        Value Moves Dep 1:2       1-2-Draws
   6 = =    2.0:2.0        2.0:4.0       9:57:05 PM    -0.18    36 2.000 :6.308  0-2-4

--------------------------------------------------------------

Engine-Match Friday, November 21, 2025 9:57:07 PM
 Blitz 1/1 

Pairing 29/36 :    Stockfish 1%  -  C0BR4_v3.2

PGN-File: C:\Program Files (x86)\Arena\Tournaments\Engine Battle 20251121_2.pgn

No:  B/W 1/2     W:B       1:2           Time        Value Moves Dep 1:2       1-2-Draws
   6 B 1    1.5:0.5        5.5:0.5       10:00:49 PM     0.00   105 0:4.000  5-0-1

--------------------------------------------------------------

Engine-Match Friday, November 21, 2025 10:00:51 PM
 Blitz 1/1 

Pairing 30/36 :    RandomOpponent  -  V7P3R_v17.1

PGN-File: C:\Program Files (x86)\Arena\Tournaments\Engine Battle 20251121_2.pgn

No:  B/W 1/2     W:B       1:2           Time        Value Moves Dep 1:2       1-2-Draws
   6 W 2    1.0:0.0        0.0:6.0       10:01:03 PM  +289.98     5 0:4.250  0-6-0

--------------------------------------------------------------

Engine-Match Friday, November 21, 2025 10:01:04 PM
 Blitz 1/1 

Pairing 31/36 :    MaterialOpponent_v2.0  -  CaptureOpponent_v3.0

PGN-File: C:\Program Files (x86)\Arena\Tournaments\Engine Battle 20251121_2.pgn

No:  B/W 1/2     W:B       1:2           Time        Value Moves Dep 1:2       1-2-Draws
   6 = =    0.5:0.5        4.5:1.5       10:02:34 PM    +M500    23 8.273 :2.000  4-1-1

--------------------------------------------------------------

Engine-Match Friday, November 21, 2025 10:02:36 PM
 Blitz 1/1 

Pairing 32/36 :    CoverageOpponent_v2.0  -  PositionalOpponent_v2.0

PGN-File: C:\Program Files (x86)\Arena\Tournaments\Engine Battle 20251121_2.pgn

No:  B/W 1/2     W:B       1:2           Time        Value Moves Dep 1:2       1-2-Draws
   6 W 2    1.0:0.0        2.0:4.0       10:05:56 PM  +299.99    33 6.357 :6.714  2-4-0

--------------------------------------------------------------

Engine-Match Friday, November 21, 2025 10:05:58 PM
 Blitz 1/1 

Pairing 33/36 :    SlowMate_v3.1  -  RandomOpponent

PGN-File: C:\Program Files (x86)\Arena\Tournaments\Engine Battle 20251121_2.pgn

No:  B/W 1/2     W:B       1:2           Time        Value Moves Dep 1:2       1-2-Draws
   6 B 1    1.0:0.0        6.0:0.0       10:07:12 PM  -193.11    27 2.852 :0 6-0-0

--------------------------------------------------------------

Engine-Match Friday, November 21, 2025 10:07:13 PM
 Blitz 1/1 

Pairing 34/36 :    CaptureOpponent_v3.0  -  Stockfish 1%

PGN-File: C:\Program Files (x86)\Arena\Tournaments\Engine Battle 20251121_2.pgn

No:  B/W 1/2     W:B       1:2           Time        Value Moves Dep 1:2       1-2-Draws
   6 W 2    1.0:0.0        0.0:6.0       10:07:23 PM    +M500     5 2.000 :0 0-6-0

--------------------------------------------------------------

Engine-Match Friday, November 21, 2025 10:07:25 PM
 Blitz 1/1 

Pairing 35/36 :    V7P3R_v17.1  -  CoverageOpponent_v2.0

PGN-File: C:\Program Files (x86)\Arena\Tournaments\Engine Battle 20251121_2.pgn

No:  B/W 1/2     W:B       1:2           Time        Value Moves Dep 1:2       1-2-Draws
   6 B 1    1.0:0.0        6.0:0.0       10:09:33 PM  -289.97    20 3.750 :6.100  6-0-0

--------------------------------------------------------------

Engine-Match Friday, November 21, 2025 10:09:34 PM
 Blitz 1/1 

Pairing 36/36 :    PositionalOpponent_v2.0  -  MaterialOpponent_v2.0

PGN-File: C:\Program Files (x86)\Arena\Tournaments\Engine Battle 20251121_2.pgn

No:  B/W 1/2     W:B       1:2           Time        Value Moves Dep 1:2       1-2-Draws
   6 W 2    1.5:0.5        0.5:5.5       10:13:02 PM   +13.50    37 5.875 :7.882  0-5-1

--------------------------------------------------------------

Engine-Match Friday, November 21, 2025 10:13:04 PM
 Blitz 1/1 

Pairing 1/36 :    C0BR4_v3.2  -  CaptureOpponent_v3.0

PGN-File: C:\Program Files (x86)\Arena\Tournaments\Engine Battle 20251121_2.pgn

No:  B/W 1/2     W:B       1:2           Time        Value Moves Dep 1:2       1-2-Draws
   7 W 1    1.0:0.0        7.0:0.0       10:13:19 PM  +299.97     5 3.333 :2.000  7-0-0

--------------------------------------------------------------

Engine-Match Friday, November 21, 2025 10:13:20 PM
 Blitz 1/1 

Pairing 2/36 :    CoverageOpponent_v2.0  -  SlowMate_v3.1

PGN-File: C:\Program Files (x86)\Arena\Tournaments\Engine Battle 20251121_2.pgn

No:  B/W 1/2     W:B       1:2           Time        Value Moves Dep 1:2       1-2-Draws
   7 B 2    1.5:0.5        0.5:6.5       10:16:29 PM  -299.98    40 6.063 :2.548  0-6-1

--------------------------------------------------------------

Engine-Match Friday, November 21, 2025 10:16:31 PM
 Blitz 1/1 

Pairing 3/36 :    Stockfish 1%  -  PositionalOpponent_v2.0

PGN-File: C:\Program Files (x86)\Arena\Tournaments\Engine Battle 20251121_2.pgn

No:  B/W 1/2     W:B       1:2           Time        Value Moves Dep 1:2       1-2-Draws
   7 W 1    1.0:0.0        7.0:0.0       10:17:35 PM   +10.20    12 8.750 :6.667  7-0-0

--------------------------------------------------------------

Engine-Match Friday, November 21, 2025 10:17:36 PM
 Blitz 1/1 

Pairing 4/36 :    MaterialOpponent_v2.0  -  V7P3R_v17.1

PGN-File: C:\Program Files (x86)\Arena\Tournaments\Engine Battle 20251121_2.pgn

No:  B/W 1/2     W:B       1:2           Time        Value Moves Dep 1:2       1-2-Draws
   7 B 2    1.0:0.0        0.0:7.0       10:20:03 PM   -13.25    25 7.706 :3.941  0-7-0

--------------------------------------------------------------

Engine-Match Friday, November 21, 2025 10:20:14 PM
 Blitz 1/1 

Pairing 5/36 :    RandomOpponent  -  CoverageOpponent_v2.0

PGN-File: C:\Program Files (x86)\Arena\Tournaments\Engine Battle 20251121_2.pgn

No:  B/W 1/2     W:B       1:2           Time        Value Moves Dep 1:2       1-2-Draws
   7 B 2    1.0:0.0        0.0:7.0       10:21:37 PM  -299.99    22 0:5.682  0-7-0

--------------------------------------------------------------

Engine-Match Friday, November 21, 2025 10:21:38 PM
 Blitz 1/1 

Pairing 6/36 :    PositionalOpponent_v2.0  -  C0BR4_v3.2

PGN-File: C:\Program Files (x86)\Arena\Tournaments\Engine Battle 20251121_2.pgn

No:  B/W 1/2     W:B       1:2           Time        Value Moves Dep 1:2       1-2-Draws
   7 B 2    1.0:0.0        0.0:7.0       10:23:01 PM   -13.20    16 6.688 :4.000  0-7-0

--------------------------------------------------------------

Engine-Match Friday, November 21, 2025 10:23:02 PM
 Blitz 1/1 

Pairing 7/36 :    SlowMate_v3.1  -  MaterialOpponent_v2.0

PGN-File: C:\Program Files (x86)\Arena\Tournaments\Engine Battle 20251121_2.pgn

No:  B/W 1/2     W:B       1:2           Time        Value Moves Dep 1:2       1-2-Draws
   7 W 1    1.0:0.0        7.0:0.0       10:23:58 PM  +108.95     7 3.857 :9.000  7-0-0

--------------------------------------------------------------

Engine-Match Friday, November 21, 2025 10:24:00 PM
 Blitz 1/1 

Pairing 8/36 :    V7P3R_v17.1  -  Stockfish 1%

PGN-File: C:\Program Files (x86)\Arena\Tournaments\Engine Battle 20251121_2.pgn

No:  B/W 1/2     W:B       1:2           Time        Value Moves Dep 1:2       1-2-Draws
   7 = =    0.5:0.5        4.5:2.5       10:25:45 PM    +0.60    51 4.188 :8.667  4-2-1

--------------------------------------------------------------

Engine-Match Friday, November 21, 2025 10:25:46 PM
 Blitz 1/1 

Pairing 9/36 :    CaptureOpponent_v3.0  -  PositionalOpponent_v2.0

PGN-File: C:\Program Files (x86)\Arena\Tournaments\Engine Battle 20251121_2.pgn

No:  B/W 1/2     W:B       1:2           Time        Value Moves Dep 1:2       1-2-Draws
   7 = =    1.0:1.0        2.0:5.0       10:27:51 PM    +M500    50 2.000 :6.455  1-4-2

--------------------------------------------------------------

Engine-Match Friday, November 21, 2025 10:27:53 PM
 Blitz 1/1 

Pairing 10/36 :    MaterialOpponent_v2.0  -  RandomOpponent

PGN-File: C:\Program Files (x86)\Arena\Tournaments\Engine Battle 20251121_2.pgn

No:  B/W 1/2     W:B       1:2           Time        Value Moves Dep 1:2       1-2-Draws
   7 W 1    1.0:0.0        7.0:0.0       10:29:34 PM  +299.99    26 8.115 :0 7-0-0

--------------------------------------------------------------

Engine-Match Friday, November 21, 2025 10:29:35 PM
 Blitz 1/1 

Pairing 11/36 :    C0BR4_v3.2  -  V7P3R_v17.1

PGN-File: C:\Program Files (x86)\Arena\Tournaments\Engine Battle 20251121_2.pgn

No:  B/W 1/2     W:B       1:2           Time        Value Moves Dep 1:2       1-2-Draws
   7 = =    1.5:1.5        2.5:4.5       10:31:50 PM    +1.10    55 4.000 :4.000  1-3-3

--------------------------------------------------------------

Engine-Match Friday, November 21, 2025 10:31:52 PM
 Blitz 1/1 

Pairing 12/36 :    Stockfish 1%  -  SlowMate_v3.1

PGN-File: C:\Program Files (x86)\Arena\Tournaments\Engine Battle 20251121_2.pgn

No:  B/W 1/2     W:B       1:2           Time        Value Moves Dep 1:2       1-2-Draws
   7 W 1    1.5:0.5        6.5:0.5       10:32:53 PM      +M1    26 8.600 :2.960  6-0-1

--------------------------------------------------------------

Engine-Match Friday, November 21, 2025 10:32:54 PM
 Blitz 1/1 

Pairing 13/36 :    CoverageOpponent_v2.0  -  MaterialOpponent_v2.0

PGN-File: C:\Program Files (x86)\Arena\Tournaments\Engine Battle 20251121_2.pgn

No:  B/W 1/2     W:B       1:2           Time        Value Moves Dep 1:2       1-2-Draws
   7 B 2    1.0:0.0        0.0:7.0       10:35:36 PM  -299.99    23 6.318 :8.333  0-7-0

--------------------------------------------------------------

Engine-Match Friday, November 21, 2025 10:35:37 PM
 Blitz 1/1 

Pairing 14/36 :    V7P3R_v17.1  -  CaptureOpponent_v3.0

PGN-File: C:\Program Files (x86)\Arena\Tournaments\Engine Battle 20251121_2.pgn

No:  B/W 1/2     W:B       1:2           Time        Value Moves Dep 1:2       1-2-Draws
   7 W 1    1.0:0.0        7.0:0.0       10:36:21 PM  +289.98    15 4.143 :2.000  7-0-0

--------------------------------------------------------------

Engine-Match Friday, November 21, 2025 10:36:22 PM
 Blitz 1/1 

Pairing 15/36 :    RandomOpponent  -  Stockfish 1%

PGN-File: C:\Program Files (x86)\Arena\Tournaments\Engine Battle 20251121_2.pgn

No:  B/W 1/2     W:B       1:2           Time        Value Moves Dep 1:2       1-2-Draws
   7 B 2    1.0:0.0        0.0:7.0       10:36:34 PM      -M1    10 0:9.400  0-7-0

--------------------------------------------------------------

Engine-Match Friday, November 21, 2025 10:36:35 PM
 Blitz 1/1 

Pairing 16/36 :    SlowMate_v3.1  -  C0BR4_v3.2

PGN-File: C:\Program Files (x86)\Arena\Tournaments\Engine Battle 20251121_2.pgn

No:  B/W 1/2     W:B       1:2           Time        Value Moves Dep 1:2       1-2-Draws
   7 = =    2.5:2.5        2.5:4.5       10:38:28 PM    -2.32    40 2.722 :4.000  0-2-5

--------------------------------------------------------------

Engine-Match Friday, November 21, 2025 10:38:30 PM
 Blitz 1/1 

Pairing 17/36 :    PositionalOpponent_v2.0  -  V7P3R_v17.1

PGN-File: C:\Program Files (x86)\Arena\Tournaments\Engine Battle 20251121_2.pgn

No:  B/W 1/2     W:B       1:2           Time        Value Moves Dep 1:2       1-2-Draws
   7 B 2    1.0:0.0        0.0:7.0       10:39:47 PM   -16.80    12 6.083 :3.909  0-7-0

--------------------------------------------------------------

Engine-Match Friday, November 21, 2025 10:39:49 PM
 Blitz 1/1 

Pairing 18/36 :    Stockfish 1%  -  CoverageOpponent_v2.0

PGN-File: C:\Program Files (x86)\Arena\Tournaments\Engine Battle 20251121_2.pgn

No:  B/W 1/2     W:B       1:2           Time        Value Moves Dep 1:2       1-2-Draws
   7 W 1    1.0:0.0        7.0:0.0       10:41:17 PM      +M1    22 9.750 :5.571  7-0-0

--------------------------------------------------------------

Engine-Match Friday, November 21, 2025 10:41:18 PM
 Blitz 1/1 

Pairing 19/36 :    CaptureOpponent_v3.0  -  SlowMate_v3.1

PGN-File: C:\Program Files (x86)\Arena\Tournaments\Engine Battle 20251121_2.pgn

No:  B/W 1/2     W:B       1:2           Time        Value Moves Dep 1:2       1-2-Draws
   7 B 2    1.0:0.0        0.0:7.0       10:41:52 PM  -139.47    10 2.000 :3.400  0-7-0

--------------------------------------------------------------

Engine-Match Friday, November 21, 2025 10:41:53 PM
 Blitz 1/1 

Pairing 20/36 :    C0BR4_v3.2  -  RandomOpponent

PGN-File: C:\Program Files (x86)\Arena\Tournaments\Engine Battle 20251121_2.pgn

No:  B/W 1/2     W:B       1:2           Time        Value Moves Dep 1:2       1-2-Draws
   7 W 1    1.0:0.0        7.0:0.0       10:42:12 PM  +299.97    16 4.000 :0 7-0-0

--------------------------------------------------------------

Engine-Match Friday, November 21, 2025 10:42:13 PM
 Blitz 1/1 

Pairing 21/36 :    MaterialOpponent_v2.0  -  Stockfish 1%

PGN-File: C:\Program Files (x86)\Arena\Tournaments\Engine Battle 20251121_2.pgn

No:  B/W 1/2     W:B       1:2           Time        Value Moves Dep 1:2       1-2-Draws
   7 B 2    1.0:0.0        0.0:7.0       10:43:39 PM      -M1    20 7.750 :8.750  0-7-0

--------------------------------------------------------------

Engine-Match Friday, November 21, 2025 10:43:40 PM
 Blitz 1/1 

Pairing 22/36 :    SlowMate_v3.1  -  PositionalOpponent_v2.0

PGN-File: C:\Program Files (x86)\Arena\Tournaments\Engine Battle 20251121_2.pgn

No:  B/W 1/2     W:B       1:2           Time        Value Moves Dep 1:2       1-2-Draws
   7 W 1    1.0:0.0        7.0:0.0       10:45:15 PM   +19.50    13 3.077 :5.769  7-0-0

--------------------------------------------------------------

Engine-Match Friday, November 21, 2025 10:45:16 PM
 Blitz 1/1 

Pairing 23/36 :    CoverageOpponent_v2.0  -  C0BR4_v3.2

PGN-File: C:\Program Files (x86)\Arena\Tournaments\Engine Battle 20251121_2.pgn

No:  B/W 1/2     W:B       1:2           Time        Value Moves Dep 1:2       1-2-Draws
   7 B 2    1.0:0.0        0.0:7.0       10:47:06 PM  -299.97    28 6.185 :4.000  0-7-0

--------------------------------------------------------------

Engine-Match Friday, November 21, 2025 10:47:07 PM
 Blitz 1/1 

Pairing 24/36 :    RandomOpponent  -  CaptureOpponent_v3.0

PGN-File: C:\Program Files (x86)\Arena\Tournaments\Engine Battle 20251121_2.pgn

No:  B/W 1/2     W:B       1:2           Time        Value Moves Dep 1:2       1-2-Draws
   7 = =    3.5:3.5        3.5:3.5       10:47:32 PM     0.00    50 0:2.000  0-0-7

--------------------------------------------------------------

Engine-Match Friday, November 21, 2025 10:47:47 PM
 Blitz 1/1 

Pairing 25/36 :    V7P3R_v17.1  -  SlowMate_v3.1

PGN-File: C:\Program Files (x86)\Arena\Tournaments\Engine Battle 20251121_2.pgn

No:  B/W 1/2     W:B       1:2           Time        Value Moves Dep 1:2       1-2-Draws
   7 W 1    1.5:0.5        6.5:0.5       10:49:52 PM  +178.67    30 3.679 :2.933  6-0-1

--------------------------------------------------------------

Engine-Match Friday, November 21, 2025 10:49:53 PM
 Blitz 1/1 

Pairing 26/36 :    C0BR4_v3.2  -  MaterialOpponent_v2.0

PGN-File: C:\Program Files (x86)\Arena\Tournaments\Engine Battle 20251121_2.pgn

No:  B/W 1/2     W:B       1:2           Time        Value Moves Dep 1:2       1-2-Draws
   7 W 1    1.0:0.0        7.0:0.0       10:51:25 PM    +9.05    20 4.000 :7.600  7-0-0

--------------------------------------------------------------

Engine-Match Friday, November 21, 2025 10:51:26 PM
 Blitz 1/1 

Pairing 27/36 :    PositionalOpponent_v2.0  -  RandomOpponent

PGN-File: C:\Program Files (x86)\Arena\Tournaments\Engine Battle 20251121_2.pgn

No:  B/W 1/2     W:B       1:2           Time        Value Moves Dep 1:2       1-2-Draws
   7 W 1    1.0:0.0        7.0:0.0       10:53:23 PM  +299.99    39 6.310 :0 7-0-0

--------------------------------------------------------------

Engine-Match Friday, November 21, 2025 10:53:24 PM
 Blitz 1/1 

Pairing 28/36 :    CaptureOpponent_v3.0  -  CoverageOpponent_v2.0

PGN-File: C:\Program Files (x86)\Arena\Tournaments\Engine Battle 20251121_2.pgn

No:  B/W 1/2     W:B       1:2           Time        Value Moves Dep 1:2       1-2-Draws
   7 = =    2.5:2.5        2.5:4.5       10:55:30 PM    +M500    42 2.000 :6.714  0-2-5

--------------------------------------------------------------

Engine-Match Friday, November 21, 2025 10:55:32 PM
 Blitz 1/1 

Pairing 29/36 :    Stockfish 1%  -  C0BR4_v3.2

PGN-File: C:\Program Files (x86)\Arena\Tournaments\Engine Battle 20251121_2.pgn

No:  B/W 1/2     W:B       1:2           Time        Value Moves Dep 1:2       1-2-Draws
   7 = =    1.0:1.0        6.0:1.0       10:57:38 PM    +4.89   155 6.667 :4.000  5-0-2

--------------------------------------------------------------

Engine-Match Friday, November 21, 2025 10:57:40 PM
 Blitz 1/1 

Pairing 30/36 :    RandomOpponent  -  V7P3R_v17.1

PGN-File: C:\Program Files (x86)\Arena\Tournaments\Engine Battle 20251121_2.pgn

No:  B/W 1/2     W:B       1:2           Time        Value Moves Dep 1:2       1-2-Draws
   7 B 2    1.0:0.0        0.0:7.0       10:58:40 PM  -289.98    24 0:4.125  0-7-0

--------------------------------------------------------------

Engine-Match Friday, November 21, 2025 10:58:41 PM
 Blitz 1/1 

Pairing 31/36 :    MaterialOpponent_v2.0  -  CaptureOpponent_v3.0

PGN-File: C:\Program Files (x86)\Arena\Tournaments\Engine Battle 20251121_2.pgn

No:  B/W 1/2     W:B       1:2           Time        Value Moves Dep 1:2       1-2-Draws
   7 = =    1.0:1.0        5.0:2.0       11:00:27 PM     0.00    32 8.389 :2.000  4-1-2

--------------------------------------------------------------

Engine-Match Friday, November 21, 2025 11:00:29 PM
 Blitz 1/1 

Pairing 32/36 :    CoverageOpponent_v2.0  -  PositionalOpponent_v2.0

PGN-File: C:\Program Files (x86)\Arena\Tournaments\Engine Battle 20251121_2.pgn

No:  B/W 1/2     W:B       1:2           Time        Value Moves Dep 1:2       1-2-Draws
   7 B 2    1.0:0.0        2.0:5.0       11:04:32 PM  -299.99    49 6.462 :6.846  2-5-0

--------------------------------------------------------------

Engine-Match Friday, November 21, 2025 11:04:33 PM
 Blitz 1/1 

Pairing 33/36 :    SlowMate_v3.1  -  RandomOpponent

PGN-File: C:\Program Files (x86)\Arena\Tournaments\Engine Battle 20251121_2.pgn

No:  B/W 1/2     W:B       1:2           Time        Value Moves Dep 1:2       1-2-Draws
   7 W 1    1.0:0.0        7.0:0.0       11:05:04 PM   +73.63     7 3.571 :0 7-0-0

--------------------------------------------------------------

Engine-Match Friday, November 21, 2025 11:05:06 PM
 Blitz 1/1 

Pairing 34/36 :    CaptureOpponent_v3.0  -  Stockfish 1%

PGN-File: C:\Program Files (x86)\Arena\Tournaments\Engine Battle 20251121_2.pgn

No:  B/W 1/2     W:B       1:2           Time        Value Moves Dep 1:2       1-2-Draws
   7 B 2    1.0:0.0        0.0:7.0       11:05:20 PM      -M1    18 2.000 :8.500  0-7-0

--------------------------------------------------------------

Engine-Match Friday, November 21, 2025 11:05:22 PM
 Blitz 1/1 

Pairing 35/36 :    V7P3R_v17.1  -  CoverageOpponent_v2.0

PGN-File: C:\Program Files (x86)\Arena\Tournaments\Engine Battle 20251121_2.pgn

No:  B/W 1/2     W:B       1:2           Time        Value Moves Dep 1:2       1-2-Draws
   7 W 1    1.0:0.0        7.0:0.0       11:06:30 PM  +289.98    10 4.625 :7.000  7-0-0

--------------------------------------------------------------

Engine-Match Friday, November 21, 2025 11:06:31 PM
 Blitz 1/1 

Pairing 36/36 :    PositionalOpponent_v2.0  -  MaterialOpponent_v2.0

PGN-File: C:\Program Files (x86)\Arena\Tournaments\Engine Battle 20251121_2.pgn

No:  B/W 1/2     W:B       1:2           Time        Value Moves Dep 1:2       1-2-Draws
   7 B 2    1.5:0.5        0.5:6.5       11:09:35 PM   -17.80    29 6.045 :7.619  0-6-1

--------------------------------------------------------------

Engine-Match Friday, November 21, 2025 11:09:36 PM
 Blitz 1/1 

Pairing 1/36 :    C0BR4_v3.2  -  CaptureOpponent_v3.0

PGN-File: C:\Program Files (x86)\Arena\Tournaments\Engine Battle 20251121_2.pgn

No:  B/W 1/2     W:B       1:2           Time        Value Moves Dep 1:2       1-2-Draws
   8 B 1    1.0:0.0        8.0:0.0       11:10:00 PM  -299.97    22 4.000 :2.000  8-0-0

--------------------------------------------------------------

Engine-Match Friday, November 21, 2025 11:10:01 PM
 Blitz 1/1 

Pairing 2/36 :    CoverageOpponent_v2.0  -  SlowMate_v3.1

PGN-File: C:\Program Files (x86)\Arena\Tournaments\Engine Battle 20251121_2.pgn

No:  B/W 1/2     W:B       1:2           Time        Value Moves Dep 1:2       1-2-Draws
   8 W 2    1.5:0.5        0.5:7.5       11:13:20 PM  +104.42    43 5.889 :3.071  0-7-1

--------------------------------------------------------------

Engine-Match Friday, November 21, 2025 11:13:21 PM
 Blitz 1/1 

Pairing 3/36 :    Stockfish 1%  -  PositionalOpponent_v2.0

PGN-File: C:\Program Files (x86)\Arena\Tournaments\Engine Battle 20251121_2.pgn

No:  B/W 1/2     W:B       1:2           Time        Value Moves Dep 1:2       1-2-Draws
   8 B 1    1.0:0.0        8.0:0.0       11:14:44 PM   -11.50    19 10.500 :6.789  8-0-0

--------------------------------------------------------------

Engine-Match Friday, November 21, 2025 11:14:45 PM
 Blitz 1/1 

Pairing 4/36 :    MaterialOpponent_v2.0  -  V7P3R_v17.1

PGN-File: C:\Program Files (x86)\Arena\Tournaments\Engine Battle 20251121_2.pgn

No:  B/W 1/2     W:B       1:2           Time        Value Moves Dep 1:2       1-2-Draws
   8 W 2    1.0:0.0        0.0:8.0       11:16:48 PM  +289.98    21 8.000 :4.050  0-8-0

--------------------------------------------------------------

Engine-Match Friday, November 21, 2025 11:16:49 PM
 Blitz 1/1 

Pairing 5/36 :    RandomOpponent  -  CoverageOpponent_v2.0

PGN-File: C:\Program Files (x86)\Arena\Tournaments\Engine Battle 20251121_2.pgn

No:  B/W 1/2     W:B       1:2           Time        Value Moves Dep 1:2       1-2-Draws
   8 W 2    1.0:0.0        0.0:8.0       11:18:04 PM  +299.99    16 0:6.125  0-8-0

--------------------------------------------------------------

Engine-Match Friday, November 21, 2025 11:18:05 PM
 Blitz 1/1 

Pairing 6/36 :    PositionalOpponent_v2.0  -  C0BR4_v3.2

PGN-File: C:\Program Files (x86)\Arena\Tournaments\Engine Battle 20251121_2.pgn

No:  B/W 1/2     W:B       1:2           Time        Value Moves Dep 1:2       1-2-Draws
   8 W 2    1.0:0.0        0.0:8.0       11:19:22 PM   +13.90    14 6.500 :4.000  0-8-0

--------------------------------------------------------------

Engine-Match Friday, November 21, 2025 11:19:24 PM
 Blitz 1/1 

Pairing 7/36 :    SlowMate_v3.1  -  MaterialOpponent_v2.0

PGN-File: C:\Program Files (x86)\Arena\Tournaments\Engine Battle 20251121_2.pgn

No:  B/W 1/2     W:B       1:2           Time        Value Moves Dep 1:2       1-2-Draws
   8 B 1    1.0:0.0        8.0:0.0       11:21:19 PM   -12.00    18 2.882 :7.722  8-0-0

--------------------------------------------------------------

Engine-Match Friday, November 21, 2025 11:21:20 PM
 Blitz 1/1 

Pairing 8/36 :    V7P3R_v17.1  -  Stockfish 1%

PGN-File: C:\Program Files (x86)\Arena\Tournaments\Engine Battle 20251121_2.pgn

No:  B/W 1/2     W:B       1:2           Time        Value Moves Dep 1:2       1-2-Draws
   8 W 2    1.5:0.5        4.5:3.5       11:23:01 PM      +M1    48 3.353 :6.500  4-3-1

--------------------------------------------------------------

Engine-Match Friday, November 21, 2025 11:23:08 PM
 Blitz 1/1 

Pairing 9/36 :    CaptureOpponent_v3.0  -  PositionalOpponent_v2.0

PGN-File: C:\Program Files (x86)\Arena\Tournaments\Engine Battle 20251121_2.pgn

No:  B/W 1/2     W:B       1:2           Time        Value Moves Dep 1:2       1-2-Draws
   8 W 2    2.0:1.0        2.0:6.0       11:24:43 PM  +299.99    29 2.000 :7.143  1-5-2

--------------------------------------------------------------

Engine-Match Friday, November 21, 2025 11:24:45 PM
 Blitz 1/1 

Pairing 10/36 :    MaterialOpponent_v2.0  -  RandomOpponent

PGN-File: C:\Program Files (x86)\Arena\Tournaments\Engine Battle 20251121_2.pgn

No:  B/W 1/2     W:B       1:2           Time        Value Moves Dep 1:2       1-2-Draws
   8 B 1    1.0:0.0        8.0:0.0       11:26:37 PM  -299.99    33 8.000 :0 8-0-0

--------------------------------------------------------------

Engine-Match Friday, November 21, 2025 11:26:39 PM
 Blitz 1/1 

Pairing 11/36 :    C0BR4_v3.2  -  V7P3R_v17.1

PGN-File: C:\Program Files (x86)\Arena\Tournaments\Engine Battle 20251121_2.pgn

No:  B/W 1/2     W:B       1:2           Time        Value Moves Dep 1:2       1-2-Draws
   8 W 2    2.5:1.5        2.5:5.5       11:28:13 PM  +299.97    38 4.000 :4.125  1-4-3

--------------------------------------------------------------

Engine-Match Friday, November 21, 2025 11:28:15 PM
 Blitz 1/1 

Pairing 12/36 :    Stockfish 1%  -  SlowMate_v3.1

PGN-File: C:\Program Files (x86)\Arena\Tournaments\Engine Battle 20251121_2.pgn

No:  B/W 1/2     W:B       1:2           Time        Value Moves Dep 1:2       1-2-Draws
   8 B 1    1.5:0.5        7.5:0.5       11:29:23 PM      -M1    29 6.500 :2.897  7-0-1

--------------------------------------------------------------

Engine-Match Friday, November 21, 2025 11:29:25 PM
 Blitz 1/1 

Pairing 13/36 :    CoverageOpponent_v2.0  -  MaterialOpponent_v2.0

PGN-File: C:\Program Files (x86)\Arena\Tournaments\Engine Battle 20251121_2.pgn

No:  B/W 1/2     W:B       1:2           Time        Value Moves Dep 1:2       1-2-Draws
   8 W 2    1.0:0.0        0.0:8.0       11:32:30 PM  +299.99    31 5.185 :7.214  0-8-0

--------------------------------------------------------------

Engine-Match Friday, November 21, 2025 11:32:31 PM
 Blitz 1/1 

Pairing 14/36 :    V7P3R_v17.1  -  CaptureOpponent_v3.0

PGN-File: C:\Program Files (x86)\Arena\Tournaments\Engine Battle 20251121_2.pgn

No:  B/W 1/2     W:B       1:2           Time        Value Moves Dep 1:2       1-2-Draws
   8 B 1    1.0:0.0        8.0:0.0       11:33:34 PM  -289.98    20 4.250 :2.000  8-0-0

--------------------------------------------------------------

Engine-Match Friday, November 21, 2025 11:33:35 PM
 Blitz 1/1 

Pairing 15/36 :    RandomOpponent  -  Stockfish 1%

PGN-File: C:\Program Files (x86)\Arena\Tournaments\Engine Battle 20251121_2.pgn

No:  B/W 1/2     W:B       1:2           Time        Value Moves Dep 1:2       1-2-Draws
   8 W 2    1.0:0.0        0.0:8.0       11:34:04 PM      +M1    58 0:7.000  0-8-0

--------------------------------------------------------------

Engine-Match Friday, November 21, 2025 11:34:05 PM
 Blitz 1/1 

Pairing 16/36 :    SlowMate_v3.1  -  C0BR4_v3.2

PGN-File: C:\Program Files (x86)\Arena\Tournaments\Engine Battle 20251121_2.pgn

No:  B/W 1/2     W:B       1:2           Time        Value Moves Dep 1:2       1-2-Draws
   8 = =    3.0:3.0        3.0:5.0       11:36:26 PM    -7.62    59 3.172 :4.000  0-2-6

--------------------------------------------------------------

Engine-Match Friday, November 21, 2025 11:36:27 PM
 Blitz 1/1 

Pairing 17/36 :    PositionalOpponent_v2.0  -  V7P3R_v17.1

PGN-File: C:\Program Files (x86)\Arena\Tournaments\Engine Battle 20251121_2.pgn

No:  B/W 1/2     W:B       1:2           Time        Value Moves Dep 1:2       1-2-Draws
   8 W 2    1.0:0.0        0.0:8.0       11:37:31 PM   +14.10    10 6.400 :4.000  0-8-0

--------------------------------------------------------------

Engine-Match Friday, November 21, 2025 11:37:32 PM
 Blitz 1/1 

Pairing 18/36 :    Stockfish 1%  -  CoverageOpponent_v2.0

PGN-File: C:\Program Files (x86)\Arena\Tournaments\Engine Battle 20251121_2.pgn

No:  B/W 1/2     W:B       1:2           Time        Value Moves Dep 1:2       1-2-Draws
   8 B 1    1.0:0.0        8.0:0.0       11:40:32 PM  -299.92    85 9.000 :6.391  8-0-0

--------------------------------------------------------------

Engine-Match Friday, November 21, 2025 11:40:33 PM
 Blitz 1/1 

Pairing 19/36 :    CaptureOpponent_v3.0  -  SlowMate_v3.1

PGN-File: C:\Program Files (x86)\Arena\Tournaments\Engine Battle 20251121_2.pgn

No:  B/W 1/2     W:B       1:2           Time        Value Moves Dep 1:2       1-2-Draws
   8 W 2    1.0:0.0        0.0:8.0       11:41:45 PM  +189.51    28 2.000 :3.450  0-8-0

--------------------------------------------------------------

Engine-Match Friday, November 21, 2025 11:41:46 PM
 Blitz 1/1 

Pairing 20/36 :    C0BR4_v3.2  -  RandomOpponent

PGN-File: C:\Program Files (x86)\Arena\Tournaments\Engine Battle 20251121_2.pgn

No:  B/W 1/2     W:B       1:2           Time        Value Moves Dep 1:2       1-2-Draws
   8 B 1    1.0:0.0        8.0:0.0       11:42:16 PM  -299.97    26 4.000 :0 8-0-0

--------------------------------------------------------------

Engine-Match Friday, November 21, 2025 11:42:17 PM
 Blitz 1/1 

Pairing 21/36 :    MaterialOpponent_v2.0  -  Stockfish 1%

PGN-File: C:\Program Files (x86)\Arena\Tournaments\Engine Battle 20251121_2.pgn

No:  B/W 1/2     W:B       1:2           Time        Value Moves Dep 1:2       1-2-Draws
   8 W 2    1.0:0.0        0.0:8.0       11:43:10 PM      +M1    10 8.222 :7.000  0-8-0

--------------------------------------------------------------

Engine-Match Friday, November 21, 2025 11:43:11 PM
 Blitz 1/1 

Pairing 22/36 :    SlowMate_v3.1  -  PositionalOpponent_v2.0

PGN-File: C:\Program Files (x86)\Arena\Tournaments\Engine Battle 20251121_2.pgn

No:  B/W 1/2     W:B       1:2           Time        Value Moves Dep 1:2       1-2-Draws
   8 B 1    1.0:0.0        8.0:0.0       11:44:58 PM   -14.80    16 3.000 :6.375  8-0-0

--------------------------------------------------------------

Engine-Match Friday, November 21, 2025 11:44:59 PM
 Blitz 1/1 

Pairing 23/36 :    CoverageOpponent_v2.0  -  C0BR4_v3.2

PGN-File: C:\Program Files (x86)\Arena\Tournaments\Engine Battle 20251121_2.pgn

No:  B/W 1/2     W:B       1:2           Time        Value Moves Dep 1:2       1-2-Draws
   8 W 2    1.0:0.0        0.0:8.0       11:46:45 PM  +299.97    27 6.048 :4.000  0-8-0

--------------------------------------------------------------

Engine-Match Friday, November 21, 2025 11:46:47 PM
 Blitz 1/1 

Pairing 24/36 :    RandomOpponent  -  CaptureOpponent_v3.0

PGN-File: C:\Program Files (x86)\Arena\Tournaments\Engine Battle 20251121_2.pgn

No:  B/W 1/2     W:B       1:2           Time        Value Moves Dep 1:2       1-2-Draws
   8 = =    4.0:4.0        4.0:4.0       11:47:03 PM    +M500    24 0:2.000  0-0-8

--------------------------------------------------------------

Engine-Match Friday, November 21, 2025 11:47:04 PM
 Blitz 1/1 

Pairing 25/36 :    V7P3R_v17.1  -  SlowMate_v3.1

PGN-File: C:\Program Files (x86)\Arena\Tournaments\Engine Battle 20251121_2.pgn

No:  B/W 1/2     W:B       1:2           Time        Value Moves Dep 1:2       1-2-Draws
   8 B 1    1.5:0.5        7.5:0.5       11:49:32 PM  -289.97    31 3.393 :2.828  7-0-1

--------------------------------------------------------------

Engine-Match Friday, November 21, 2025 11:49:33 PM
 Blitz 1/1 

Pairing 26/36 :    C0BR4_v3.2  -  MaterialOpponent_v2.0

PGN-File: C:\Program Files (x86)\Arena\Tournaments\Engine Battle 20251121_2.pgn

No:  B/W 1/2     W:B       1:2           Time        Value Moves Dep 1:2       1-2-Draws
   8 B 1    1.0:0.0        8.0:0.0       11:51:05 PM   -14.10    21 4.000 :7.714  8-0-0

--------------------------------------------------------------

Engine-Match Friday, November 21, 2025 11:51:06 PM
 Blitz 1/1 

Pairing 27/36 :    PositionalOpponent_v2.0  -  RandomOpponent

PGN-File: C:\Program Files (x86)\Arena\Tournaments\Engine Battle 20251121_2.pgn

No:  B/W 1/2     W:B       1:2           Time        Value Moves Dep 1:2       1-2-Draws
   8 B 1    1.0:0.0        8.0:0.0       11:52:55 PM  -299.99    34 5.724 :0 8-0-0

--------------------------------------------------------------

Engine-Match Friday, November 21, 2025 11:52:57 PM
 Blitz 1/1 

Pairing 28/36 :    CaptureOpponent_v3.0  -  CoverageOpponent_v2.0

PGN-File: C:\Program Files (x86)\Arena\Tournaments\Engine Battle 20251121_2.pgn

No:  B/W 1/2     W:B       1:2           Time        Value Moves Dep 1:2       1-2-Draws
   8 = =    3.0:3.0        3.0:5.0       11:54:58 PM    -M500    38 2.000 :6.188  0-2-6

--------------------------------------------------------------

Engine-Match Friday, November 21, 2025 11:55:11 PM
 Blitz 1/1 

Pairing 29/36 :    Stockfish 1%  -  C0BR4_v3.2

PGN-File: C:\Program Files (x86)\Arena\Tournaments\Engine Battle 20251121_2.pgn

No:  B/W 1/2     W:B       1:2           Time        Value Moves Dep 1:2       1-2-Draws
   8 = =    1.5:1.5        6.5:1.5       11:57:00 PM    -3.41   172 5.000 :4.000  5-0-3

--------------------------------------------------------------

Engine-Match Friday, November 21, 2025 11:57:01 PM
 Blitz 1/1 

Pairing 30/36 :    RandomOpponent  -  V7P3R_v17.1

PGN-File: C:\Program Files (x86)\Arena\Tournaments\Engine Battle 20251121_2.pgn

No:  B/W 1/2     W:B       1:2           Time        Value Moves Dep 1:2       1-2-Draws
   8 W 2    1.0:0.0        0.0:8.0       11:57:38 PM  +289.98    17 0:4.200  0-8-0

--------------------------------------------------------------

Engine-Match Friday, November 21, 2025 11:57:39 PM
 Blitz 1/1 

Pairing 31/36 :    MaterialOpponent_v2.0  -  CaptureOpponent_v3.0

PGN-File: C:\Program Files (x86)\Arena\Tournaments\Engine Battle 20251121_2.pgn

No:  B/W 1/2     W:B       1:2           Time        Value Moves Dep 1:2       1-2-Draws
   8 = =    1.5:1.5        5.5:2.5       11:59:40 PM    +M500    51 8.867 :2.000  4-1-3

--------------------------------------------------------------

Engine-Match Friday, November 21, 2025 11:59:42 PM
 Blitz 1/1 

Pairing 32/36 :    CoverageOpponent_v2.0  -  PositionalOpponent_v2.0

PGN-File: C:\Program Files (x86)\Arena\Tournaments\Engine Battle 20251121_2.pgn

No:  B/W 1/2     W:B       1:2           Time        Value Moves Dep 1:2       1-2-Draws
   8 B 1    1.0:0.0        3.0:5.0       12:02:11 AM   -10.00    18 6.176 :6.500  3-5-0

--------------------------------------------------------------

Engine-Match Saturday, November 22, 2025 12:02:12 AM
 Blitz 1/1 

Pairing 33/36 :    SlowMate_v3.1  -  RandomOpponent

PGN-File: C:\Program Files (x86)\Arena\Tournaments\Engine Battle 20251121_2.pgn

No:  B/W 1/2     W:B       1:2           Time        Value Moves Dep 1:2       1-2-Draws
   8 B 1    1.0:0.0        8.0:0.0       12:03:11 AM  -192.30    19 2.579 :0 8-0-0

--------------------------------------------------------------

Engine-Match Saturday, November 22, 2025 12:03:12 AM
 Blitz 1/1 

Pairing 34/36 :    CaptureOpponent_v3.0  -  Stockfish 1%

PGN-File: C:\Program Files (x86)\Arena\Tournaments\Engine Battle 20251121_2.pgn

No:  B/W 1/2     W:B       1:2           Time        Value Moves Dep 1:2       1-2-Draws
   8 W 2    1.0:0.0        0.0:8.0       12:03:22 AM    +M500     5 2.000 :6.000  0-8-0

--------------------------------------------------------------

Engine-Match Saturday, November 22, 2025 12:03:23 AM
 Blitz 1/1 

Pairing 35/36 :    V7P3R_v17.1  -  CoverageOpponent_v2.0

PGN-File: C:\Program Files (x86)\Arena\Tournaments\Engine Battle 20251121_2.pgn

No:  B/W 1/2     W:B       1:2           Time        Value Moves Dep 1:2       1-2-Draws
   8 B 1    1.0:0.0        8.0:0.0       12:04:40 AM  -289.97    11 3.818 :6.727  8-0-0

--------------------------------------------------------------

Engine-Match Saturday, November 22, 2025 12:04:42 AM
 Blitz 1/1 

Pairing 36/36 :    PositionalOpponent_v2.0  -  MaterialOpponent_v2.0

PGN-File: C:\Program Files (x86)\Arena\Tournaments\Engine Battle 20251121_2.pgn

No:  B/W 1/2     W:B       1:2           Time        Value Moves Dep 1:2       1-2-Draws
   8 W 2    1.5:0.5        0.5:7.5       12:07:41 AM   +15.20    27 6.222 :8.278  0-7-1

--------------------------------------------------------------

Engine-Match Saturday, November 22, 2025 12:07:43 AM
 Blitz 1/1 

Pairing 1/36 :    C0BR4_v3.2  -  CaptureOpponent_v3.0

PGN-File: C:\Program Files (x86)\Arena\Tournaments\Engine Battle 20251121_2.pgn

No:  B/W 1/2     W:B       1:2           Time        Value Moves Dep 1:2       1-2-Draws
   9 W 1    1.0:0.0        9.0:0.0       12:07:57 AM  +299.97     5 3.333 :2.000  9-0-0

--------------------------------------------------------------

Engine-Match Saturday, November 22, 2025 12:07:58 AM
 Blitz 1/1 

Pairing 2/36 :    CoverageOpponent_v2.0  -  SlowMate_v3.1

PGN-File: C:\Program Files (x86)\Arena\Tournaments\Engine Battle 20251121_2.pgn

No:  B/W 1/2     W:B       1:2           Time        Value Moves Dep 1:2       1-2-Draws
   9 B 2    1.5:0.5        0.5:8.5       12:10:11 AM   -90.82    22 6.136 :3.045  0-8-1

--------------------------------------------------------------

Engine-Match Saturday, November 22, 2025 12:10:13 AM
 Blitz 1/1 

Pairing 3/36 :    Stockfish 1%  -  PositionalOpponent_v2.0

PGN-File: C:\Program Files (x86)\Arena\Tournaments\Engine Battle 20251121_2.pgn

No:  B/W 1/2     W:B       1:2           Time        Value Moves Dep 1:2       1-2-Draws
   9 W 1    1.0:0.0        9.0:0.0       12:11:34 AM      +M1    19 7.000 :7.056  9-0-0

--------------------------------------------------------------

Engine-Match Saturday, November 22, 2025 12:11:35 AM
 Blitz 1/1 

Pairing 4/36 :    MaterialOpponent_v2.0  -  V7P3R_v17.1

PGN-File: C:\Program Files (x86)\Arena\Tournaments\Engine Battle 20251121_2.pgn

No:  B/W 1/2     W:B       1:2           Time        Value Moves Dep 1:2       1-2-Draws
   9 B 2    1.0:0.0        0.0:9.0       12:13:12 AM  -289.98    14 8.214 :4.071  0-9-0

--------------------------------------------------------------

Engine-Match Saturday, November 22, 2025 12:13:13 AM
 Blitz 1/1 

Pairing 5/36 :    RandomOpponent  -  CoverageOpponent_v2.0

PGN-File: C:\Program Files (x86)\Arena\Tournaments\Engine Battle 20251121_2.pgn

No:  B/W 1/2     W:B       1:2           Time        Value Moves Dep 1:2       1-2-Draws
   9 B 2    1.0:0.0        0.0:9.0       12:15:00 AM  -299.99    32 0:5.594  0-9-0

--------------------------------------------------------------

Engine-Match Saturday, November 22, 2025 12:15:01 AM
 Blitz 1/1 

Pairing 6/36 :    PositionalOpponent_v2.0  -  C0BR4_v3.2

PGN-File: C:\Program Files (x86)\Arena\Tournaments\Engine Battle 20251121_2.pgn

No:  B/W 1/2     W:B       1:2           Time        Value Moves Dep 1:2       1-2-Draws
   9 B 2    1.0:0.0        0.0:9.0       12:15:59 AM  -299.97     9 6.556 :3.714  0-9-0

--------------------------------------------------------------

Engine-Match Saturday, November 22, 2025 12:16:01 AM
 Blitz 1/1 

Pairing 7/36 :    SlowMate_v3.1  -  MaterialOpponent_v2.0

PGN-File: C:\Program Files (x86)\Arena\Tournaments\Engine Battle 20251121_2.pgn

No:  B/W 1/2     W:B       1:2           Time        Value Moves Dep 1:2       1-2-Draws
   9 W 1    1.0:0.0        9.0:0.0       12:18:10 AM   +11.15    21 3.095 :7.762  9-0-0

--------------------------------------------------------------

Engine-Match Saturday, November 22, 2025 12:18:11 AM
 Blitz 1/1 

Pairing 8/36 :    V7P3R_v17.1  -  Stockfish 1%

PGN-File: C:\Program Files (x86)\Arena\Tournaments\Engine Battle 20251121_2.pgn

No:  B/W 1/2     W:B       1:2           Time        Value Moves Dep 1:2       1-2-Draws
   9 B 2    1.5:0.5        4.5:4.5       12:19:10 AM      -M1    24 4.000 :7.500  4-4-1

--------------------------------------------------------------

Engine-Match Saturday, November 22, 2025 12:19:12 AM
 Blitz 1/1 

Pairing 9/36 :    CaptureOpponent_v3.0  -  PositionalOpponent_v2.0

PGN-File: C:\Program Files (x86)\Arena\Tournaments\Engine Battle 20251121_2.pgn

No:  B/W 1/2     W:B       1:2           Time        Value Moves Dep 1:2       1-2-Draws
   9 B 2    2.0:1.0        2.0:7.0       12:19:36 AM    -M500     5 2.000 :6.250  1-6-2

--------------------------------------------------------------

Engine-Match Saturday, November 22, 2025 12:19:37 AM
 Blitz 1/1 

Pairing 10/36 :    MaterialOpponent_v2.0  -  RandomOpponent

PGN-File: C:\Program Files (x86)\Arena\Tournaments\Engine Battle 20251121_2.pgn

No:  B/W 1/2     W:B       1:2           Time        Value Moves Dep 1:2       1-2-Draws
   9 W 1    1.0:0.0        9.0:0.0       12:21:25 AM  +299.99    30 8.100 :0 9-0-0

--------------------------------------------------------------

Engine-Match Saturday, November 22, 2025 12:21:26 AM
 Blitz 1/1 

Pairing 11/36 :    C0BR4_v3.2  -  V7P3R_v17.1

PGN-File: C:\Program Files (x86)\Arena\Tournaments\Engine Battle 20251121_2.pgn

No:  B/W 1/2     W:B       1:2           Time        Value Moves Dep 1:2       1-2-Draws
   9 W 1    2.5:1.5        3.5:5.5       12:22:59 AM  +299.97    32 4.000 :4.000  2-4-3

--------------------------------------------------------------

Engine-Match Saturday, November 22, 2025 12:23:01 AM
 Blitz 1/1 

Pairing 12/36 :    Stockfish 1%  -  SlowMate_v3.1

PGN-File: C:\Program Files (x86)\Arena\Tournaments\Engine Battle 20251121_2.pgn

No:  B/W 1/2     W:B       1:2           Time        Value Moves Dep 1:2       1-2-Draws
   9 W 1    1.5:0.5        8.5:0.5       12:25:05 AM      +M1    61 7.500 :2.583  8-0-1

--------------------------------------------------------------

Engine-Match Saturday, November 22, 2025 12:25:11 AM
 Blitz 1/1 

Pairing 13/36 :    CoverageOpponent_v2.0  -  MaterialOpponent_v2.0

PGN-File: C:\Program Files (x86)\Arena\Tournaments\Engine Battle 20251121_2.pgn

No:  B/W 1/2     W:B       1:2           Time        Value Moves Dep 1:2       1-2-Draws
   9 B 2    1.0:0.0        0.0:9.0       12:27:52 AM  -299.99    23 6.043 :8.174  0-9-0

--------------------------------------------------------------

Engine-Match Saturday, November 22, 2025 12:27:53 AM
 Blitz 1/1 

Pairing 14/36 :    V7P3R_v17.1  -  CaptureOpponent_v3.0

PGN-File: C:\Program Files (x86)\Arena\Tournaments\Engine Battle 20251121_2.pgn

No:  B/W 1/2     W:B       1:2           Time        Value Moves Dep 1:2       1-2-Draws
   9 W 1    1.0:0.0        9.0:0.0       12:28:35 AM  +289.98    15 4.143 :2.000  9-0-0

--------------------------------------------------------------

Engine-Match Saturday, November 22, 2025 12:28:36 AM
 Blitz 1/1 

Pairing 15/36 :    RandomOpponent  -  Stockfish 1%

PGN-File: C:\Program Files (x86)\Arena\Tournaments\Engine Battle 20251121_2.pgn

No:  B/W 1/2     W:B       1:2           Time        Value Moves Dep 1:2       1-2-Draws
   9 B 2    1.0:0.0        0.0:9.0       12:28:48 AM      -M1    13 0:9.000  0-9-0

--------------------------------------------------------------

Engine-Match Saturday, November 22, 2025 12:28:50 AM
 Blitz 1/1 

Pairing 16/36 :    SlowMate_v3.1  -  C0BR4_v3.2

PGN-File: C:\Program Files (x86)\Arena\Tournaments\Engine Battle 20251121_2.pgn

No:  B/W 1/2     W:B       1:2           Time        Value Moves Dep 1:2       1-2-Draws
   9 B 2    4.0:3.0        3.0:6.0       12:30:04 AM   -10.36    27 3.296 :4.000  0-3-6

--------------------------------------------------------------

Engine-Match Saturday, November 22, 2025 12:30:05 AM
 Blitz 1/1 

Pairing 17/36 :    PositionalOpponent_v2.0  -  V7P3R_v17.1

PGN-File: C:\Program Files (x86)\Arena\Tournaments\Engine Battle 20251121_2.pgn

No:  B/W 1/2     W:B       1:2           Time        Value Moves Dep 1:2       1-2-Draws
   9 B 2    1.0:0.0        0.0:9.0       12:30:52 AM  -289.98     7 6.571 :4.000  0-9-0

--------------------------------------------------------------

Engine-Match Saturday, November 22, 2025 12:30:53 AM
 Blitz 1/1 

Pairing 18/36 :    Stockfish 1%  -  CoverageOpponent_v2.0

PGN-File: C:\Program Files (x86)\Arena\Tournaments\Engine Battle 20251121_2.pgn

No:  B/W 1/2     W:B       1:2           Time        Value Moves Dep 1:2       1-2-Draws
   9 W 1    1.0:0.0        9.0:0.0       12:32:32 AM      +M1    28 9.000 :6.296  9-0-0

--------------------------------------------------------------

Engine-Match Saturday, November 22, 2025 12:32:33 AM
 Blitz 1/1 

Pairing 19/36 :    CaptureOpponent_v3.0  -  SlowMate_v3.1

PGN-File: C:\Program Files (x86)\Arena\Tournaments\Engine Battle 20251121_2.pgn

No:  B/W 1/2     W:B       1:2           Time        Value Moves Dep 1:2       1-2-Draws
   9 B 2    1.0:0.0        0.0:9.0       12:33:27 AM  -193.47    19 2.000 :3.421  0-9-0

--------------------------------------------------------------

Engine-Match Saturday, November 22, 2025 12:33:28 AM
 Blitz 1/1 

Pairing 20/36 :    C0BR4_v3.2  -  RandomOpponent

PGN-File: C:\Program Files (x86)\Arena\Tournaments\Engine Battle 20251121_2.pgn

No:  B/W 1/2     W:B       1:2           Time        Value Moves Dep 1:2       1-2-Draws
   9 W 1    1.0:0.0        9.0:0.0       12:33:44 AM  +299.97    15 4.000 :0 9-0-0

--------------------------------------------------------------

Engine-Match Saturday, November 22, 2025 12:33:45 AM
 Blitz 1/1 

Pairing 21/36 :    MaterialOpponent_v2.0  -  Stockfish 1%

PGN-File: C:\Program Files (x86)\Arena\Tournaments\Engine Battle 20251121_2.pgn

No:  B/W 1/2     W:B       1:2           Time        Value Moves Dep 1:2       1-2-Draws
   9 B 2    1.0:0.0        0.0:9.0       12:35:49 AM      -M1    43 7.395 :8.000  0-9-0

--------------------------------------------------------------

Engine-Match Saturday, November 22, 2025 12:35:50 AM
 Blitz 1/1 

Pairing 22/36 :    SlowMate_v3.1  -  PositionalOpponent_v2.0

PGN-File: C:\Program Files (x86)\Arena\Tournaments\Engine Battle 20251121_2.pgn

No:  B/W 1/2     W:B       1:2           Time        Value Moves Dep 1:2       1-2-Draws
   9 W 1    1.0:0.0        9.0:0.0       12:37:52 AM   +15.60    19 3.357 :6.786  9-0-0

--------------------------------------------------------------

Engine-Match Saturday, November 22, 2025 12:37:53 AM
 Blitz 1/1 

Pairing 23/36 :    CoverageOpponent_v2.0  -  C0BR4_v3.2

PGN-File: C:\Program Files (x86)\Arena\Tournaments\Engine Battle 20251121_2.pgn

No:  B/W 1/2     W:B       1:2           Time        Value Moves Dep 1:2       1-2-Draws
   9 B 2    1.0:0.0        0.0:9.0       12:39:06 AM  -299.97    14 6.286 :4.000  0-9-0

--------------------------------------------------------------

Engine-Match Saturday, November 22, 2025 12:39:07 AM
 Blitz 1/1 

Pairing 24/36 :    RandomOpponent  -  CaptureOpponent_v3.0

PGN-File: C:\Program Files (x86)\Arena\Tournaments\Engine Battle 20251121_2.pgn

No:  B/W 1/2     W:B       1:2           Time        Value Moves Dep 1:2       1-2-Draws
   9 = =    4.5:4.5        4.5:4.5       12:39:30 AM     0.00    41 0:2.000  0-0-9

--------------------------------------------------------------

Engine-Match Saturday, November 22, 2025 12:39:31 AM
 Blitz 1/1 

Pairing 25/36 :    V7P3R_v17.1  -  SlowMate_v3.1

PGN-File: C:\Program Files (x86)\Arena\Tournaments\Engine Battle 20251121_2.pgn

No:  B/W 1/2     W:B       1:2           Time        Value Moves Dep 1:2       1-2-Draws
   9 W 1    1.5:0.5        8.5:0.5       12:41:51 AM  +289.97    31 3.724 :2.867  8-0-1

--------------------------------------------------------------

Engine-Match Saturday, November 22, 2025 12:41:52 AM
 Blitz 1/1 

Pairing 26/36 :    C0BR4_v3.2  -  MaterialOpponent_v2.0

PGN-File: C:\Program Files (x86)\Arena\Tournaments\Engine Battle 20251121_2.pgn

No:  B/W 1/2     W:B       1:2           Time        Value Moves Dep 1:2       1-2-Draws
   9 W 1    1.0:0.0        9.0:0.0       12:43:39 AM   +17.25    28 4.000 :7.571  9-0-0

--------------------------------------------------------------

Engine-Match Saturday, November 22, 2025 12:43:40 AM
 Blitz 1/1 

Pairing 27/36 :    PositionalOpponent_v2.0  -  RandomOpponent

PGN-File: C:\Program Files (x86)\Arena\Tournaments\Engine Battle 20251121_2.pgn

No:  B/W 1/2     W:B       1:2           Time        Value Moves Dep 1:2       1-2-Draws
   9 W 1    1.0:0.0        9.0:0.0       12:44:49 AM  +299.99    14 6.929 :0 9-0-0

--------------------------------------------------------------

Engine-Match Saturday, November 22, 2025 12:44:51 AM
 Blitz 1/1 

Pairing 28/36 :    CaptureOpponent_v3.0  -  CoverageOpponent_v2.0

PGN-File: C:\Program Files (x86)\Arena\Tournaments\Engine Battle 20251121_2.pgn

No:  B/W 1/2     W:B       1:2           Time        Value Moves Dep 1:2       1-2-Draws
   9 B 2    4.0:3.0        3.0:6.0       12:46:51 AM  -299.99    37 2.000 :5.189  0-3-6

--------------------------------------------------------------

Engine-Match Saturday, November 22, 2025 12:46:52 AM
 Blitz 1/1 

Pairing 29/36 :    Stockfish 1%  -  C0BR4_v3.2

PGN-File: C:\Program Files (x86)\Arena\Tournaments\Engine Battle 20251121_2.pgn

No:  B/W 1/2     W:B       1:2           Time        Value Moves Dep 1:2       1-2-Draws
   9 W 1    2.5:1.5        7.5:1.5       12:47:25 AM   +12.75    26 10.000 :4.000  6-0-3

--------------------------------------------------------------

Engine-Match Saturday, November 22, 2025 12:47:27 AM
 Blitz 1/1 

Pairing 30/36 :    RandomOpponent  -  V7P3R_v17.1

PGN-File: C:\Program Files (x86)\Arena\Tournaments\Engine Battle 20251121_2.pgn

No:  B/W 1/2     W:B       1:2           Time        Value Moves Dep 1:2       1-2-Draws
   9 B 2    1.0:0.0        0.0:9.0       12:47:44 AM  -289.98     7 0:4.000  0-9-0

--------------------------------------------------------------

Engine-Match Saturday, November 22, 2025 12:47:46 AM
 Blitz 1/1 

Pairing 31/36 :    MaterialOpponent_v2.0  -  CaptureOpponent_v3.0

PGN-File: C:\Program Files (x86)\Arena\Tournaments\Engine Battle 20251121_2.pgn

No:  B/W 1/2     W:B       1:2           Time        Value Moves Dep 1:2       1-2-Draws
   9 = =    2.0:2.0        6.0:3.0       12:49:29 AM    +7.05    30 8.333 :2.000  4-1-4

--------------------------------------------------------------

Engine-Match Saturday, November 22, 2025 12:49:30 AM
 Blitz 1/1 

Pairing 32/36 :    CoverageOpponent_v2.0  -  PositionalOpponent_v2.0

PGN-File: C:\Program Files (x86)\Arena\Tournaments\Engine Battle 20251121_2.pgn

No:  B/W 1/2     W:B       1:2           Time        Value Moves Dep 1:2       1-2-Draws
   9 B 2    1.0:0.0        3.0:6.0       12:52:28 AM  -299.99    25 6.056 :6.611  3-6-0

--------------------------------------------------------------

Engine-Match Saturday, November 22, 2025 12:52:42 AM
 Blitz 1/1 

Pairing 33/36 :    SlowMate_v3.1  -  RandomOpponent

PGN-File: C:\Program Files (x86)\Arena\Tournaments\Engine Battle 20251121_2.pgn

No:  B/W 1/2     W:B       1:2           Time        Value Moves Dep 1:2       1-2-Draws
   9 W 1    1.0:0.0        9.0:0.0       12:53:18 AM  +134.47    14 3.357 :0 9-0-0

--------------------------------------------------------------

Engine-Match Saturday, November 22, 2025 12:53:19 AM
 Blitz 1/1 

Pairing 34/36 :    CaptureOpponent_v3.0  -  Stockfish 1%

PGN-File: C:\Program Files (x86)\Arena\Tournaments\Engine Battle 20251121_2.pgn

No:  B/W 1/2     W:B       1:2           Time        Value Moves Dep 1:2       1-2-Draws
   9 B 2    1.0:0.0        0.0:9.0       12:53:41 AM      -M1    36 2.000 :9.667  0-9-0

--------------------------------------------------------------

Engine-Match Saturday, November 22, 2025 12:53:42 AM
 Blitz 1/1 

Pairing 35/36 :    V7P3R_v17.1  -  CoverageOpponent_v2.0

PGN-File: C:\Program Files (x86)\Arena\Tournaments\Engine Battle 20251121_2.pgn

No:  B/W 1/2     W:B       1:2           Time        Value Moves Dep 1:2       1-2-Draws
   9 W 1    1.0:0.0        9.0:0.0       12:55:04 AM  +289.97    12 3.909 :6.545  9-0-0

--------------------------------------------------------------

Engine-Match Saturday, November 22, 2025 12:55:05 AM
 Blitz 1/1 

Pairing 36/36 :    PositionalOpponent_v2.0  -  MaterialOpponent_v2.0

PGN-File: C:\Program Files (x86)\Arena\Tournaments\Engine Battle 20251121_2.pgn

No:  B/W 1/2     W:B       1:2           Time        Value Moves Dep 1:2       1-2-Draws
   9 B 2    1.5:0.5        0.5:8.5       12:58:32 AM    -9.20    37 6.353 :8.118  0-8-1

--------------------------------------------------------------

Engine-Match Saturday, November 22, 2025 12:58:33 AM
 Blitz 1/1 

Pairing 1/36 :    C0BR4_v3.2  -  CaptureOpponent_v3.0

PGN-File: C:\Program Files (x86)\Arena\Tournaments\Engine Battle 20251121_2.pgn

No:  B/W 1/2     W:B       1:2           Time        Value Moves Dep 1:2       1-2-Draws
  10 B 1    1.0:0.0        10.0:0.0      12:58:50 AM  -299.97     9 4.000 :2.000  10-0-0

--------------------------------------------------------------

Engine-Match Saturday, November 22, 2025 12:58:51 AM
 Blitz 1/1 

Pairing 2/36 :    CoverageOpponent_v2.0  -  SlowMate_v3.1

PGN-File: C:\Program Files (x86)\Arena\Tournaments\Engine Battle 20251121_2.pgn

No:  B/W 1/2     W:B       1:2           Time        Value Moves Dep 1:2       1-2-Draws
  10 W 2    1.5:0.5        0.5:9.5       1:02:05 AM  +299.96    41 5.875 :2.875  0-9-1

--------------------------------------------------------------

Engine-Match Saturday, November 22, 2025 1:02:06 AM
 Blitz 1/1 

Pairing 3/36 :    Stockfish 1%  -  PositionalOpponent_v2.0

PGN-File: C:\Program Files (x86)\Arena\Tournaments\Engine Battle 20251121_2.pgn

No:  B/W 1/2     W:B       1:2           Time        Value Moves Dep 1:2       1-2-Draws
  10 B 1    1.0:0.0        10.0:0.0      1:03:27 AM      -M1    18 9.000 :6.500  10-0-0

--------------------------------------------------------------

Engine-Match Saturday, November 22, 2025 1:03:28 AM
 Blitz 1/1 

Pairing 4/36 :    MaterialOpponent_v2.0  -  V7P3R_v17.1

PGN-File: C:\Program Files (x86)\Arena\Tournaments\Engine Battle 20251121_2.pgn

No:  B/W 1/2     W:B       1:2           Time        Value Moves Dep 1:2       1-2-Draws
  10 W 2    1.0:0.0        0.0:10.0      1:05:31 AM  +289.98    21 8.000 :4.050  0-10-0

--------------------------------------------------------------

Engine-Match Saturday, November 22, 2025 1:05:33 AM
 Blitz 1/1 

Pairing 5/36 :    RandomOpponent  -  CoverageOpponent_v2.0

PGN-File: C:\Program Files (x86)\Arena\Tournaments\Engine Battle 20251121_2.pgn

No:  B/W 1/2     W:B       1:2           Time        Value Moves Dep 1:2       1-2-Draws
  10 W 2    1.0:0.0        0.0:10.0      1:07:09 AM  +299.99    26 0:5.808  0-10-0

--------------------------------------------------------------

Engine-Match Saturday, November 22, 2025 1:07:10 AM
 Blitz 1/1 

Pairing 6/36 :    PositionalOpponent_v2.0  -  C0BR4_v3.2

PGN-File: C:\Program Files (x86)\Arena\Tournaments\Engine Battle 20251121_2.pgn

No:  B/W 1/2     W:B       1:2           Time        Value Moves Dep 1:2       1-2-Draws
  10 W 2    1.0:0.0        0.0:10.0      1:08:49 AM  +299.97    24 6.533 :4.000  0-10-0

--------------------------------------------------------------

Engine-Match Saturday, November 22, 2025 1:08:51 AM
 Blitz 1/1 

Pairing 7/36 :    SlowMate_v3.1  -  MaterialOpponent_v2.0

PGN-File: C:\Program Files (x86)\Arena\Tournaments\Engine Battle 20251121_2.pgn

No:  B/W 1/2     W:B       1:2           Time        Value Moves Dep 1:2       1-2-Draws
  10 B 1    1.0:0.0        10.0:0.0      1:10:46 AM   -12.00    18 2.882 :7.722  10-0-0

--------------------------------------------------------------

Engine-Match Saturday, November 22, 2025 1:10:47 AM
 Blitz 1/1 

Pairing 8/36 :    V7P3R_v17.1  -  Stockfish 1%

PGN-File: C:\Program Files (x86)\Arena\Tournaments\Engine Battle 20251121_2.pgn

No:  B/W 1/2     W:B       1:2           Time        Value Moves Dep 1:2       1-2-Draws
  10 B 1    1.5:0.5        5.5:4.5       1:12:28 AM  -289.98    49 4.038 :7.000  5-4-1

--------------------------------------------------------------

Engine-Match Saturday, November 22, 2025 1:12:30 AM
 Blitz 1/1 

Pairing 9/36 :    CaptureOpponent_v3.0  -  PositionalOpponent_v2.0

PGN-File: C:\Program Files (x86)\Arena\Tournaments\Engine Battle 20251121_2.pgn

No:  B/W 1/2     W:B       1:2           Time        Value Moves Dep 1:2       1-2-Draws
  10 W 2    2.0:1.0        2.0:8.0       1:14:25 AM  +299.99    41 2.000 :7.143  1-7-2

--------------------------------------------------------------

Engine-Match Saturday, November 22, 2025 1:14:26 AM
 Blitz 1/1 

Pairing 10/36 :    MaterialOpponent_v2.0  -  RandomOpponent

PGN-File: C:\Program Files (x86)\Arena\Tournaments\Engine Battle 20251121_2.pgn

No:  B/W 1/2     W:B       1:2           Time        Value Moves Dep 1:2       1-2-Draws
  10 B 1    1.0:0.0        10.0:0.0      1:16:07 AM  -299.99    26 7.538 :0 10-0-0

--------------------------------------------------------------

Engine-Match Saturday, November 22, 2025 1:16:08 AM
 Blitz 1/1 

Pairing 11/36 :    C0BR4_v3.2  -  V7P3R_v17.1

PGN-File: C:\Program Files (x86)\Arena\Tournaments\Engine Battle 20251121_2.pgn

No:  B/W 1/2     W:B       1:2           Time        Value Moves Dep 1:2       1-2-Draws
  10 W 2    2.5:1.5        3.5:6.5       1:17:44 AM  +299.97    38 4.000 :4.125  2-5-3

--------------------------------------------------------------

Engine-Match Saturday, November 22, 2025 1:17:46 AM
 Blitz 1/1 

Pairing 12/36 :    Stockfish 1%  -  SlowMate_v3.1

PGN-File: C:\Program Files (x86)\Arena\Tournaments\Engine Battle 20251121_2.pgn

No:  B/W 1/2     W:B       1:2           Time        Value Moves Dep 1:2       1-2-Draws
  10 B 1    1.5:0.5        9.5:0.5       1:19:01 AM      -M1    33 7.000 :3.219  9-0-1

--------------------------------------------------------------

Engine-Match Saturday, November 22, 2025 1:19:02 AM
 Blitz 1/1 

Pairing 13/36 :    CoverageOpponent_v2.0  -  MaterialOpponent_v2.0

PGN-File: C:\Program Files (x86)\Arena\Tournaments\Engine Battle 20251121_2.pgn

No:  B/W 1/2     W:B       1:2           Time        Value Moves Dep 1:2       1-2-Draws
  10 W 2    1.0:0.0        0.0:10.0      1:22:21 AM  +299.99    36 5.474 :7.579  0-10-0

--------------------------------------------------------------

Engine-Match Saturday, November 22, 2025 1:22:22 AM
 Blitz 1/1 

Pairing 14/36 :    V7P3R_v17.1  -  CaptureOpponent_v3.0

PGN-File: C:\Program Files (x86)\Arena\Tournaments\Engine Battle 20251121_2.pgn

No:  B/W 1/2     W:B       1:2           Time        Value Moves Dep 1:2       1-2-Draws
  10 B 1    1.0:0.0        10.0:0.0      1:23:29 AM  -289.98    20 4.300 :2.000  10-0-0

--------------------------------------------------------------

Engine-Match Saturday, November 22, 2025 1:23:30 AM
 Blitz 1/1 

Pairing 15/36 :    RandomOpponent  -  Stockfish 1%

PGN-File: C:\Program Files (x86)\Arena\Tournaments\Engine Battle 20251121_2.pgn

No:  B/W 1/2     W:B       1:2           Time        Value Moves Dep 1:2       1-2-Draws
  10 W 2    1.0:0.0        0.0:10.0      1:23:40 AM      +M1     5 0:10.500  0-10-0

--------------------------------------------------------------

Engine-Match Saturday, November 22, 2025 1:23:41 AM
 Blitz 1/1 

Pairing 16/36 :    SlowMate_v3.1  -  C0BR4_v3.2

PGN-File: C:\Program Files (x86)\Arena\Tournaments\Engine Battle 20251121_2.pgn

No:  B/W 1/2     W:B       1:2           Time        Value Moves Dep 1:2       1-2-Draws
  10 W 2    4.0:3.0        3.0:7.0       1:24:38 AM  +299.97    18 3.059 :4.000  0-4-6

--------------------------------------------------------------

Engine-Match Saturday, November 22, 2025 1:24:45 AM
 Blitz 1/1 

Pairing 17/36 :    PositionalOpponent_v2.0  -  V7P3R_v17.1

PGN-File: C:\Program Files (x86)\Arena\Tournaments\Engine Battle 20251121_2.pgn

No:  B/W 1/2     W:B       1:2           Time        Value Moves Dep 1:2       1-2-Draws
  10 W 2    1.0:0.0        0.0:10.0      1:25:47 AM   +14.10    10 6.400 :4.000  0-10-0

--------------------------------------------------------------

Engine-Match Saturday, November 22, 2025 1:25:48 AM
 Blitz 1/1 

Pairing 18/36 :    Stockfish 1%  -  CoverageOpponent_v2.0

PGN-File: C:\Program Files (x86)\Arena\Tournaments\Engine Battle 20251121_2.pgn

No:  B/W 1/2     W:B       1:2           Time        Value Moves Dep 1:2       1-2-Draws
  10 B 1    1.0:0.0        10.0:0.0      1:27:14 AM      -M1    20 7.750 :6.000  10-0-0

--------------------------------------------------------------

Engine-Match Saturday, November 22, 2025 1:27:15 AM
 Blitz 1/1 

Pairing 19/36 :    CaptureOpponent_v3.0  -  SlowMate_v3.1

PGN-File: C:\Program Files (x86)\Arena\Tournaments\Engine Battle 20251121_2.pgn

No:  B/W 1/2     W:B       1:2           Time        Value Moves Dep 1:2       1-2-Draws
  10 W 2    1.0:0.0        0.0:10.0      1:28:17 AM  +191.25    23 2.000 :3.353  0-10-0

--------------------------------------------------------------

Engine-Match Saturday, November 22, 2025 1:28:18 AM
 Blitz 1/1 

Pairing 20/36 :    C0BR4_v3.2  -  RandomOpponent

PGN-File: C:\Program Files (x86)\Arena\Tournaments\Engine Battle 20251121_2.pgn

No:  B/W 1/2     W:B       1:2           Time        Value Moves Dep 1:2       1-2-Draws
  10 B 1    1.0:0.0        10.0:0.0      1:28:37 AM  -299.97    25 4.000 :0 10-0-0

--------------------------------------------------------------

Engine-Match Saturday, November 22, 2025 1:28:39 AM
 Blitz 1/1 

Pairing 21/36 :    MaterialOpponent_v2.0  -  Stockfish 1%

PGN-File: C:\Program Files (x86)\Arena\Tournaments\Engine Battle 20251121_2.pgn

No:  B/W 1/2     W:B       1:2           Time        Value Moves Dep 1:2       1-2-Draws
  10 W 2    1.0:0.0        0.0:10.0      1:30:08 AM      +M1    23 8.182 :7.500  0-10-0

--------------------------------------------------------------

Engine-Match Saturday, November 22, 2025 1:30:10 AM
 Blitz 1/1 

Pairing 22/36 :    SlowMate_v3.1  -  PositionalOpponent_v2.0

PGN-File: C:\Program Files (x86)\Arena\Tournaments\Engine Battle 20251121_2.pgn

No:  B/W 1/2     W:B       1:2           Time        Value Moves Dep 1:2       1-2-Draws
  10 B 1    1.0:0.0        10.0:0.0      1:31:47 AM   -12.20    14 3.000 :6.571  10-0-0

--------------------------------------------------------------

Engine-Match Saturday, November 22, 2025 1:31:49 AM
 Blitz 1/1 

Pairing 23/36 :    CoverageOpponent_v2.0  -  C0BR4_v3.2

PGN-File: C:\Program Files (x86)\Arena\Tournaments\Engine Battle 20251121_2.pgn

No:  B/W 1/2     W:B       1:2           Time        Value Moves Dep 1:2       1-2-Draws
  10 W 2    1.0:0.0        0.0:10.0      1:33:18 AM  +299.97    20 6.158 :3.889  0-10-0

--------------------------------------------------------------

Engine-Match Saturday, November 22, 2025 1:33:19 AM
 Blitz 1/1 

Pairing 24/36 :    RandomOpponent  -  CaptureOpponent_v3.0

PGN-File: C:\Program Files (x86)\Arena\Tournaments\Engine Battle 20251121_2.pgn

No:  B/W 1/2     W:B       1:2           Time        Value Moves Dep 1:2       1-2-Draws
  10 = =    5.0:5.0        5.0:5.0       1:33:49 AM     0.00    59 0:2.000  0-0-10

--------------------------------------------------------------

Engine-Match Saturday, November 22, 2025 1:33:50 AM
 Blitz 1/1 

Pairing 25/36 :    V7P3R_v17.1  -  SlowMate_v3.1

PGN-File: C:\Program Files (x86)\Arena\Tournaments\Engine Battle 20251121_2.pgn

No:  B/W 1/2     W:B       1:2           Time        Value Moves Dep 1:2       1-2-Draws
  10 B 1    1.5:0.5        9.5:0.5       1:36:17 AM  -289.97    31 3.393 :2.828  9-0-1

--------------------------------------------------------------

Engine-Match Saturday, November 22, 2025 1:36:18 AM
 Blitz 1/1 

Pairing 26/36 :    C0BR4_v3.2  -  MaterialOpponent_v2.0

PGN-File: C:\Program Files (x86)\Arena\Tournaments\Engine Battle 20251121_2.pgn

No:  B/W 1/2     W:B       1:2           Time        Value Moves Dep 1:2       1-2-Draws
  10 B 1    1.0:0.0        10.0:0.0      1:37:15 AM  -299.97    11 4.000 :8.909  10-0-0

--------------------------------------------------------------

Engine-Match Saturday, November 22, 2025 1:37:16 AM
 Blitz 1/1 

Pairing 27/36 :    PositionalOpponent_v2.0  -  RandomOpponent

PGN-File: C:\Program Files (x86)\Arena\Tournaments\Engine Battle 20251121_2.pgn

No:  B/W 1/2     W:B       1:2           Time        Value Moves Dep 1:2       1-2-Draws
  10 B 1    1.0:0.0        10.0:0.0      1:38:26 AM  -299.99    14 6.571 :0 10-0-0

--------------------------------------------------------------

Engine-Match Saturday, November 22, 2025 1:38:27 AM
 Blitz 1/1 

Pairing 28/36 :    CaptureOpponent_v3.0  -  CoverageOpponent_v2.0

PGN-File: C:\Program Files (x86)\Arena\Tournaments\Engine Battle 20251121_2.pgn

No:  B/W 1/2     W:B       1:2           Time        Value Moves Dep 1:2       1-2-Draws
  10 = =    3.5:3.5        3.5:6.5       1:40:50 AM    +0.36    54 2.000 :6.133  0-3-7

--------------------------------------------------------------

Engine-Match Saturday, November 22, 2025 1:40:52 AM
 Blitz 1/1 

Pairing 29/36 :    Stockfish 1%  -  C0BR4_v3.2

PGN-File: C:\Program Files (x86)\Arena\Tournaments\Engine Battle 20251121_2.pgn

No:  B/W 1/2     W:B       1:2           Time        Value Moves Dep 1:2       1-2-Draws
  10 B 1    2.5:1.5        8.5:1.5       1:41:41 AM      -M1    35 8.000 :3.970  7-0-3

--------------------------------------------------------------

Engine-Match Saturday, November 22, 2025 1:41:43 AM
 Blitz 1/1 

Pairing 30/36 :    RandomOpponent  -  V7P3R_v17.1

PGN-File: C:\Program Files (x86)\Arena\Tournaments\Engine Battle 20251121_2.pgn

No:  B/W 1/2     W:B       1:2           Time        Value Moves Dep 1:2       1-2-Draws
  10 W 2    1.0:0.0        0.0:10.0      1:42:12 AM  +289.98    13 0:4.083  0-10-0

--------------------------------------------------------------

Engine-Match Saturday, November 22, 2025 1:42:13 AM
 Blitz 1/1 

Pairing 31/36 :    MaterialOpponent_v2.0  -  CaptureOpponent_v3.0

PGN-File: C:\Program Files (x86)\Arena\Tournaments\Engine Battle 20251121_2.pgn

No:  B/W 1/2     W:B       1:2           Time        Value Moves Dep 1:2       1-2-Draws
  10 W 2    3.0:2.0        6.0:4.0       1:44:04 AM   +11.00    35 8.750 :2.000  4-2-4

--------------------------------------------------------------

Engine-Match Saturday, November 22, 2025 1:44:05 AM
 Blitz 1/1 

Pairing 32/36 :    CoverageOpponent_v2.0  -  PositionalOpponent_v2.0

PGN-File: C:\Program Files (x86)\Arena\Tournaments\Engine Battle 20251121_2.pgn

No:  B/W 1/2     W:B       1:2           Time        Value Moves Dep 1:2       1-2-Draws
  10 W 2    1.0:0.0        3.0:7.0       1:47:37 AM  +299.99    37 5.824 :6.176  3-7-0

--------------------------------------------------------------

Engine-Match Saturday, November 22, 2025 1:47:38 AM
 Blitz 1/1 

Pairing 33/36 :    SlowMate_v3.1  -  RandomOpponent

PGN-File: C:\Program Files (x86)\Arena\Tournaments\Engine Battle 20251121_2.pgn

No:  B/W 1/2     W:B       1:2           Time        Value Moves Dep 1:2       1-2-Draws
  10 B 1    1.0:0.0        10.0:0.0      1:48:36 AM  -188.61    19 3.211 :0 10-0-0

--------------------------------------------------------------

Engine-Match Saturday, November 22, 2025 1:48:37 AM
 Blitz 1/1 

Pairing 34/36 :    CaptureOpponent_v3.0  -  Stockfish 1%

PGN-File: C:\Program Files (x86)\Arena\Tournaments\Engine Battle 20251121_2.pgn

No:  B/W 1/2     W:B       1:2           Time        Value Moves Dep 1:2       1-2-Draws
  10 W 2    1.0:0.0        0.0:10.0      1:48:46 AM    +M500     5 2.000 :6.500  0-10-0

--------------------------------------------------------------

Engine-Match Saturday, November 22, 2025 1:48:48 AM
 Blitz 1/1 

Pairing 35/36 :    V7P3R_v17.1  -  CoverageOpponent_v2.0

PGN-File: C:\Program Files (x86)\Arena\Tournaments\Engine Battle 20251121_2.pgn

No:  B/W 1/2     W:B       1:2           Time        Value Moves Dep 1:2       1-2-Draws
  10 B 1    1.0:0.0        10.0:0.0      1:50:05 AM  -289.97    11 3.818 :6.727  10-0-0

--------------------------------------------------------------

Engine-Match Saturday, November 22, 2025 1:50:06 AM
 Blitz 1/1 

Pairing 36/36 :    PositionalOpponent_v2.0  -  MaterialOpponent_v2.0

PGN-File: C:\Program Files (x86)\Arena\Tournaments\Engine Battle 20251121_2.pgn

No:  B/W 1/2     W:B       1:2           Time        Value Moves Dep 1:2       1-2-Draws
  10 W 2    1.5:0.5        0.5:9.5       1:53:13 AM  +299.99    30 6.222 :8.278  0-9-1
