Engine-Match Wednesday, November 19, 2025 7:47:09 PM
 Tournament Game in 5 Minutes 

Pairing 1/36 :    V7P3R_v16.0  -  CaptureOpponent

PGN-File: C:\Program Files (x86)\Arena\Tournaments\Engine Battle 20251119_3.pgn

No:  B/W 1/2     W:B       1:2           Time        Value Moves Dep 1:2       1-2-Draws
   1 W 1    1.0:0.0        1.0:0.0       7:50:18 PM  +299.99    19 2.222 :4.889  1-0-0

--------------------------------------------------------------

Engine-Match Wednesday, November 19, 2025 7:50:19 PM
 Tournament Game in 5 Minutes 

Pairing 2/36 :    RandomOpponent  -  C0BR4_v3.2

PGN-File: C:\Program Files (x86)\Arena\Tournaments\Engine Battle 20251119_3.pgn

No:  B/W 1/2     W:B       1:2           Time        Value Moves Dep 1:2       1-2-Draws
   1 B 2    1.0:0.0        0.0:1.0       7:50:35 PM  -299.97    11 0:3.778  0-1-0

--------------------------------------------------------------

Engine-Match Wednesday, November 19, 2025 7:50:36 PM
 Tournament Game in 5 Minutes 

Pairing 3/36 :    C0BR4_v3.1  -  PositionalOpponent

PGN-File: C:\Program Files (x86)\Arena\Tournaments\Engine Battle 20251119_3.pgn

No:  B/W 1/2     W:B       1:2           Time        Value Moves Dep 1:2       1-2-Draws
   1 B 2    1.0:0.0        0.0:1.0       7:56:04 PM     0.00     1 0:0 0-1-0

--------------------------------------------------------------

Engine-Match Wednesday, November 19, 2025 7:56:06 PM
 Tournament Game in 5 Minutes 

Pairing 4/36 :    MaterialOpponent  -  CoverageOpponent

PGN-File: C:\Program Files (x86)\Arena\Tournaments\Engine Battle 20251119_3.pgn

No:  B/W 1/2     W:B       1:2           Time        Value Moves Dep 1:2       1-2-Draws
   1 W 1    1.0:0.0        1.0:0.0       8:00:21 PM  +299.99    31 6.000 :5.967  1-0-0

--------------------------------------------------------------

Engine-Match Wednesday, November 19, 2025 8:00:22 PM
 Tournament Game in 5 Minutes 

Pairing 5/36 :    V7P3R_v14.1  -  RandomOpponent

PGN-File: C:\Program Files (x86)\Arena\Tournaments\Engine Battle 20251119_3.pgn

No:  B/W 1/2     W:B       1:2           Time        Value Moves Dep 1:2       1-2-Draws
   1 W 1    1.0:0.0        1.0:0.0       8:03:04 PM     0.00    29 4.417 :0 1-0-0

--------------------------------------------------------------

Engine-Match Wednesday, November 19, 2025 8:03:05 PM
 Tournament Game in 5 Minutes 

Pairing 6/36 :    PositionalOpponent  -  V7P3R_v16.0

PGN-File: C:\Program Files (x86)\Arena\Tournaments\Engine Battle 20251119_3.pgn

No:  B/W 1/2     W:B       1:2           Time        Value Moves Dep 1:2       1-2-Draws
   1 B 2    1.0:0.0        0.0:1.0       8:05:54 PM   -11.40    29 6.000 :2.143  0-1-0

--------------------------------------------------------------

Engine-Match Wednesday, November 19, 2025 8:05:56 PM
 Tournament Game in 5 Minutes 

Pairing 7/36 :    C0BR4_v3.2  -  MaterialOpponent

PGN-File: C:\Program Files (x86)\Arena\Tournaments\Engine Battle 20251119_3.pgn

No:  B/W 1/2     W:B       1:2           Time        Value Moves Dep 1:2       1-2-Draws
   1 = =    0.5:0.5        0.5:0.5       8:06:25 PM    -3.25    15 4.000 :6.000  0-0-1

--------------------------------------------------------------

Engine-Match Wednesday, November 19, 2025 8:06:27 PM
 Tournament Game in 5 Minutes 

Pairing 8/36 :    CoverageOpponent  -  C0BR4_v3.1

PGN-File: C:\Program Files (x86)\Arena\Tournaments\Engine Battle 20251119_3.pgn

No:  B/W 1/2     W:B       1:2           Time        Value Moves Dep 1:2       1-2-Draws
   1 W 1    1.0:0.0        1.0:0.0       8:11:57 PM     0.00     1 6.000 :0 1-0-0

--------------------------------------------------------------

Engine-Match Wednesday, November 19, 2025 8:11:58 PM
 Tournament Game in 5 Minutes 

Pairing 9/36 :    CaptureOpponent  -  PositionalOpponent

PGN-File: C:\Program Files (x86)\Arena\Tournaments\Engine Battle 20251119_3.pgn

No:  B/W 1/2     W:B       1:2           Time        Value Moves Dep 1:2       1-2-Draws
   1 B 2    1.0:0.0        0.0:1.0       8:15:02 PM  -299.99    13 6.154 :6.000  0-1-0

--------------------------------------------------------------

Engine-Match Wednesday, November 19, 2025 8:15:04 PM
 Tournament Game in 5 Minutes 

Pairing 10/36 :    MaterialOpponent  -  V7P3R_v14.1

PGN-File: C:\Program Files (x86)\Arena\Tournaments\Engine Battle 20251119_3.pgn

No:  B/W 1/2     W:B       1:2           Time        Value Moves Dep 1:2       1-2-Draws
   1 B 2    1.0:0.0        0.0:1.0       8:20:58 PM   -14.10    77 6.000 :3.675  0-1-0

--------------------------------------------------------------

Engine-Match Wednesday, November 19, 2025 8:21:00 PM
 Tournament Game in 5 Minutes 

Pairing 11/36 :    V7P3R_v16.0  -  CoverageOpponent

PGN-File: C:\Program Files (x86)\Arena\Tournaments\Engine Battle 20251119_3.pgn

No:  B/W 1/2     W:B       1:2           Time        Value Moves Dep 1:2       1-2-Draws
   1 B 2    1.0:0.0        0.0:1.0       8:24:49 PM    -0.10    50 2.095 :6.000  0-1-0

--------------------------------------------------------------

Engine-Match Wednesday, November 19, 2025 8:24:51 PM
 Tournament Game in 5 Minutes 

Pairing 12/36 :    C0BR4_v3.1  -  C0BR4_v3.2

PGN-File: C:\Program Files (x86)\Arena\Tournaments\Engine Battle 20251119_3.pgn

No:  B/W 1/2     W:B       1:2           Time        Value Moves Dep 1:2       1-2-Draws
   1 B 2    1.0:0.0        0.0:1.0       8:30:19 PM     0.00     1 0:0 0-1-0

--------------------------------------------------------------

Engine-Match Wednesday, November 19, 2025 8:30:20 PM
 Tournament Game in 5 Minutes 

Pairing 13/36 :    RandomOpponent  -  MaterialOpponent

PGN-File: C:\Program Files (x86)\Arena\Tournaments\Engine Battle 20251119_3.pgn

No:  B/W 1/2     W:B       1:2           Time        Value Moves Dep 1:2       1-2-Draws
   1 B 2    1.0:0.0        0.0:1.0       8:30:53 PM  -299.99    21 0:6.000  0-1-0

--------------------------------------------------------------

Engine-Match Wednesday, November 19, 2025 8:30:55 PM
 Tournament Game in 5 Minutes 

Pairing 14/36 :    CoverageOpponent  -  CaptureOpponent

PGN-File: C:\Program Files (x86)\Arena\Tournaments\Engine Battle 20251119_3.pgn

No:  B/W 1/2     W:B       1:2           Time        Value Moves Dep 1:2       1-2-Draws
   1 W 1    1.0:0.0        1.0:0.0       8:40:31 PM   +10.75    43 5.651 :4.233  1-0-0

--------------------------------------------------------------

Engine-Match Wednesday, November 19, 2025 8:40:32 PM
 Tournament Game in 5 Minutes 

Pairing 15/36 :    V7P3R_v14.1  -  C0BR4_v3.1

PGN-File: C:\Program Files (x86)\Arena\Tournaments\Engine Battle 20251119_3.pgn

No:  B/W 1/2     W:B       1:2           Time        Value Moves Dep 1:2       1-2-Draws
   1 W 1    1.0:0.0        1.0:0.0       8:46:06 PM     0.00     1 4.000 :0 1-0-0

--------------------------------------------------------------

Engine-Match Wednesday, November 19, 2025 8:46:08 PM
 Tournament Game in 5 Minutes 

Pairing 16/36 :    C0BR4_v3.2  -  V7P3R_v16.0

PGN-File: C:\Program Files (x86)\Arena\Tournaments\Engine Battle 20251119_3.pgn

No:  B/W 1/2     W:B       1:2           Time        Value Moves Dep 1:2       1-2-Draws
   1 W 1    1.0:0.0        1.0:0.0       8:46:31 PM  +299.97    28 4.000 :2.346  1-0-0

--------------------------------------------------------------

Engine-Match Wednesday, November 19, 2025 8:46:32 PM
 Tournament Game in 5 Minutes 

Pairing 17/36 :    PositionalOpponent  -  CoverageOpponent

PGN-File: C:\Program Files (x86)\Arena\Tournaments\Engine Battle 20251119_3.pgn

No:  B/W 1/2     W:B       1:2           Time        Value Moves Dep 1:2       1-2-Draws
   1 B 2    1.0:0.0        0.0:1.0       8:50:06 PM  -299.98    26 6.000 :6.000  0-1-0

--------------------------------------------------------------

Engine-Match Wednesday, November 19, 2025 8:50:07 PM
 Tournament Game in 5 Minutes 

Pairing 18/36 :    C0BR4_v3.1  -  RandomOpponent

PGN-File: C:\Program Files (x86)\Arena\Tournaments\Engine Battle 20251119_3.pgn

No:  B/W 1/2     W:B       1:2           Time        Value Moves Dep 1:2       1-2-Draws
   1 B 2    1.0:0.0        0.0:1.0       8:55:41 PM     0.00     1 0:0 0-1-0

--------------------------------------------------------------

Engine-Match Wednesday, November 19, 2025 8:55:42 PM
 Tournament Game in 5 Minutes 

Pairing 19/36 :    CaptureOpponent  -  C0BR4_v3.2

PGN-File: C:\Program Files (x86)\Arena\Tournaments\Engine Battle 20251119_3.pgn

No:  B/W 1/2     W:B       1:2           Time        Value Moves Dep 1:2       1-2-Draws
   1 B 2    1.0:0.0        0.0:1.0       8:58:42 PM  -299.97    18 6.222 :4.000  0-1-0

--------------------------------------------------------------

Engine-Match Wednesday, November 19, 2025 8:58:44 PM
 Tournament Game in 5 Minutes 

Pairing 20/36 :    V7P3R_v16.0  -  V7P3R_v14.1

PGN-File: C:\Program Files (x86)\Arena\Tournaments\Engine Battle 20251119_3.pgn

No:  B/W 1/2     W:B       1:2           Time        Value Moves Dep 1:2       1-2-Draws
   1 B 2    1.0:0.0        0.0:1.0       9:00:26 PM   -12.26    23 2.250 :4.063  0-1-0

--------------------------------------------------------------

Engine-Match Wednesday, November 19, 2025 9:00:37 PM
 Tournament Game in 5 Minutes 

Pairing 21/36 :    MaterialOpponent  -  C0BR4_v3.1

PGN-File: C:\Program Files (x86)\Arena\Tournaments\Engine Battle 20251119_3.pgn

No:  B/W 1/2     W:B       1:2           Time        Value Moves Dep 1:2       1-2-Draws
   1 W 1    1.0:0.0        1.0:0.0       9:06:00 PM     0.00     1 6.000 :0 1-0-0

--------------------------------------------------------------

Engine-Match Wednesday, November 19, 2025 9:06:01 PM
 Tournament Game in 5 Minutes 

Pairing 22/36 :    C0BR4_v3.2  -  PositionalOpponent

PGN-File: C:\Program Files (x86)\Arena\Tournaments\Engine Battle 20251119_3.pgn

No:  B/W 1/2     W:B       1:2           Time        Value Moves Dep 1:2       1-2-Draws
   1 * *     0.0:0.0        0.0:0.0       9:09:11 PM    +1.47    31 4.000 :6.000  0-0-0

--------------------------------------------------------------

Engine-Match Wednesday, November 19, 2025 9:12:07 PM
 Tournament Game in 5 Minutes 

Pairing 1/36 :    V7P3R_v16.0  -  CaptureOpponent

PGN-File: C:\Program Files (x86)\Arena\Tournaments\Engine Battle 20251119_3.pgn

No:  B/W 1/2     W:B       1:2           Time        Value Moves Dep 1:2       1-2-Draws
   1 W 1    1.0:0.0        1.0:0.0       9:13:17 PM  +103.65     6 2.000 :4.500  1-0-0

--------------------------------------------------------------

Engine-Match Wednesday, November 19, 2025 9:13:19 PM
 Tournament Game in 5 Minutes 

Pairing 2/36 :    RandomOpponent  -  C0BR4_v3.2

PGN-File: C:\Program Files (x86)\Arena\Tournaments\Engine Battle 20251119_3.pgn

No:  B/W 1/2     W:B       1:2           Time        Value Moves Dep 1:2       1-2-Draws
   1 B 2    1.0:0.0        0.0:1.0       9:13:40 PM  -299.97    26 0:4.000  0-1-0

--------------------------------------------------------------

Engine-Match Wednesday, November 19, 2025 9:13:42 PM
 Tournament Game in 5 Minutes 

Pairing 3/36 :    C0BR4_v3.1  -  PositionalOpponent

PGN-File: C:\Program Files (x86)\Arena\Tournaments\Engine Battle 20251119_3.pgn

No:  B/W 1/2     W:B       1:2           Time        Value Moves Dep 1:2       1-2-Draws
   1 W 1    1.0:0.0        1.0:0.0       9:16:53 PM   +13.10    29 4.000 :6.000  1-0-0

--------------------------------------------------------------

Engine-Match Wednesday, November 19, 2025 9:16:54 PM
 Tournament Game in 5 Minutes 

Pairing 4/36 :    MaterialOpponent  -  CoverageOpponent

PGN-File: C:\Program Files (x86)\Arena\Tournaments\Engine Battle 20251119_3.pgn

No:  B/W 1/2     W:B       1:2           Time        Value Moves Dep 1:2       1-2-Draws
   1 W 1    1.0:0.0        1.0:0.0       9:21:19 PM  +299.99    42 6.000 :6.000  1-0-0

--------------------------------------------------------------

Engine-Match Wednesday, November 19, 2025 9:21:20 PM
 Tournament Game in 5 Minutes 

Pairing 5/36 :    V7P3R_v14.1  -  RandomOpponent

PGN-File: C:\Program Files (x86)\Arena\Tournaments\Engine Battle 20251119_3.pgn

No:  B/W 1/2     W:B       1:2           Time        Value Moves Dep 1:2       1-2-Draws
   1 W 1    1.0:0.0        1.0:0.0       9:23:29 PM  +289.98    20 4.300 :0 1-0-0

--------------------------------------------------------------

Engine-Match Wednesday, November 19, 2025 9:23:30 PM
 Tournament Game in 5 Minutes 

Pairing 6/36 :    PositionalOpponent  -  V7P3R_v16.0

PGN-File: C:\Program Files (x86)\Arena\Tournaments\Engine Battle 20251119_3.pgn

No:  B/W 1/2     W:B       1:2           Time        Value Moves Dep 1:2       1-2-Draws
   1 W 1    1.0:0.0        1.0:0.0       9:25:26 PM    +0.80    16 6.000 :2.133  1-0-0

--------------------------------------------------------------

Engine-Match Wednesday, November 19, 2025 9:25:27 PM
 Tournament Game in 5 Minutes 

Pairing 7/36 :    C0BR4_v3.2  -  MaterialOpponent

PGN-File: C:\Program Files (x86)\Arena\Tournaments\Engine Battle 20251119_3.pgn

No:  B/W 1/2     W:B       1:2           Time        Value Moves Dep 1:2       1-2-Draws
   1 B 2    1.0:0.0        0.0:1.0       9:27:18 PM  -299.97    33 3.968 :6.000  0-1-0

--------------------------------------------------------------

Engine-Match Wednesday, November 19, 2025 9:27:19 PM
 Tournament Game in 5 Minutes 

Pairing 8/36 :    CoverageOpponent  -  C0BR4_v3.1

PGN-File: C:\Program Files (x86)\Arena\Tournaments\Engine Battle 20251119_3.pgn

No:  B/W 1/2     W:B       1:2           Time        Value Moves Dep 1:2       1-2-Draws
   1 B 2    1.0:0.0        0.0:1.0       9:30:43 PM  -299.97    33 6.000 :4.000  0-1-0

--------------------------------------------------------------

Engine-Match Wednesday, November 19, 2025 9:30:45 PM
 Tournament Game in 5 Minutes 

Pairing 9/36 :    CaptureOpponent  -  PositionalOpponent

PGN-File: C:\Program Files (x86)\Arena\Tournaments\Engine Battle 20251119_3.pgn

No:  B/W 1/2     W:B       1:2           Time        Value Moves Dep 1:2       1-2-Draws
   1 B 2    1.0:0.0        0.0:1.0       9:34:21 PM  -299.99    12 4.750 :6.000  0-1-0

--------------------------------------------------------------

Engine-Match Wednesday, November 19, 2025 9:34:22 PM
 Tournament Game in 5 Minutes 

Pairing 10/36 :    MaterialOpponent  -  V7P3R_v14.1

PGN-File: C:\Program Files (x86)\Arena\Tournaments\Engine Battle 20251119_3.pgn

No:  B/W 1/2     W:B       1:2           Time        Value Moves Dep 1:2       1-2-Draws
   1 = =    0.5:0.5        0.5:0.5       9:40:32 PM    -5.93    56 6.000 :3.288  0-0-1

--------------------------------------------------------------

Engine-Match Wednesday, November 19, 2025 9:40:34 PM
 Tournament Game in 5 Minutes 

Pairing 11/36 :    V7P3R_v16.0  -  CoverageOpponent

PGN-File: C:\Program Files (x86)\Arena\Tournaments\Engine Battle 20251119_3.pgn

No:  B/W 1/2     W:B       1:2           Time        Value Moves Dep 1:2       1-2-Draws
   1 W 1    1.0:0.0        1.0:0.0       9:43:44 PM  +299.99    23 2.000 :5.955  1-0-0

--------------------------------------------------------------

Engine-Match Wednesday, November 19, 2025 9:43:45 PM
 Tournament Game in 5 Minutes 

Pairing 12/36 :    C0BR4_v3.1  -  C0BR4_v3.2

PGN-File: C:\Program Files (x86)\Arena\Tournaments\Engine Battle 20251119_3.pgn

No:  B/W 1/2     W:B       1:2           Time        Value Moves Dep 1:2       1-2-Draws
   1 = =    0.5:0.5        0.5:0.5       9:44:22 PM    +5.14    32 4.000 :4.000  0-0-1

--------------------------------------------------------------

Engine-Match Wednesday, November 19, 2025 9:44:23 PM
 Tournament Game in 5 Minutes 

Pairing 13/36 :    RandomOpponent  -  MaterialOpponent

PGN-File: C:\Program Files (x86)\Arena\Tournaments\Engine Battle 20251119_3.pgn

No:  B/W 1/2     W:B       1:2           Time        Value Moves Dep 1:2       1-2-Draws
   1 B 2    1.0:0.0        0.0:1.0       9:45:06 PM  -299.99    25 0:6.000  0-1-0

--------------------------------------------------------------

Engine-Match Wednesday, November 19, 2025 9:45:07 PM
 Tournament Game in 5 Minutes 

Pairing 14/36 :    CoverageOpponent  -  CaptureOpponent

PGN-File: C:\Program Files (x86)\Arena\Tournaments\Engine Battle 20251119_3.pgn

No:  B/W 1/2     W:B       1:2           Time        Value Moves Dep 1:2       1-2-Draws
   1 W 1    1.0:0.0        1.0:0.0       9:47:24 PM   +99.25     7 5.857 :4.286  1-0-0

--------------------------------------------------------------

Engine-Match Wednesday, November 19, 2025 9:47:26 PM
 Tournament Game in 5 Minutes 

Pairing 15/36 :    V7P3R_v14.1  -  C0BR4_v3.1

PGN-File: C:\Program Files (x86)\Arena\Tournaments\Engine Battle 20251119_3.pgn

No:  B/W 1/2     W:B       1:2           Time        Value Moves Dep 1:2       1-2-Draws
   1 = =    0.5:0.5        0.5:0.5       9:50:08 PM   -10.20    38 4.273 :4.000  0-0-1

--------------------------------------------------------------

Engine-Match Wednesday, November 19, 2025 9:50:09 PM
 Tournament Game in 5 Minutes 

Pairing 16/36 :    C0BR4_v3.2  -  V7P3R_v16.0

PGN-File: C:\Program Files (x86)\Arena\Tournaments\Engine Battle 20251119_3.pgn

No:  B/W 1/2     W:B       1:2           Time        Value Moves Dep 1:2       1-2-Draws
   1 W 1    1.0:0.0        1.0:0.0       9:50:34 PM  +299.97    28 4.000 :2.346  1-0-0

--------------------------------------------------------------

Engine-Match Wednesday, November 19, 2025 9:50:35 PM
 Tournament Game in 5 Minutes 

Pairing 17/36 :    PositionalOpponent  -  CoverageOpponent

PGN-File: C:\Program Files (x86)\Arena\Tournaments\Engine Battle 20251119_3.pgn

No:  B/W 1/2     W:B       1:2           Time        Value Moves Dep 1:2       1-2-Draws
   1 W 1    1.0:0.0        1.0:0.0       9:55:44 PM  +299.99    41 6.000 :6.000  1-0-0

--------------------------------------------------------------

Engine-Match Wednesday, November 19, 2025 9:55:45 PM
 Tournament Game in 5 Minutes 

Pairing 18/36 :    C0BR4_v3.1  -  RandomOpponent

PGN-File: C:\Program Files (x86)\Arena\Tournaments\Engine Battle 20251119_3.pgn

No:  B/W 1/2     W:B       1:2           Time        Value Moves Dep 1:2       1-2-Draws
   1 W 1    1.0:0.0        1.0:0.0       9:56:14 PM  +299.97    22 4.000 :0 1-0-0

--------------------------------------------------------------

Engine-Match Wednesday, November 19, 2025 9:56:15 PM
 Tournament Game in 5 Minutes 

Pairing 19/36 :    CaptureOpponent  -  C0BR4_v3.2

PGN-File: C:\Program Files (x86)\Arena\Tournaments\Engine Battle 20251119_3.pgn

No:  B/W 1/2     W:B       1:2           Time        Value Moves Dep 1:2       1-2-Draws
   1 B 2    1.0:0.0        0.0:1.0       9:58:29 PM  -299.97    12 4.833 :4.000  0-1-0

--------------------------------------------------------------

Engine-Match Wednesday, November 19, 2025 9:58:31 PM
 Tournament Game in 5 Minutes 

Pairing 20/36 :    V7P3R_v16.0  -  V7P3R_v14.1

PGN-File: C:\Program Files (x86)\Arena\Tournaments\Engine Battle 20251119_3.pgn

No:  B/W 1/2     W:B       1:2           Time        Value Moves Dep 1:2       1-2-Draws
   1 B 2    1.0:0.0        0.0:1.0       10:00:23 PM   -17.40    24 2.261 :4.000  0-1-0

--------------------------------------------------------------

Engine-Match Wednesday, November 19, 2025 10:00:34 PM
 Tournament Game in 5 Minutes 

Pairing 21/36 :    MaterialOpponent  -  C0BR4_v3.1

PGN-File: C:\Program Files (x86)\Arena\Tournaments\Engine Battle 20251119_3.pgn

No:  B/W 1/2     W:B       1:2           Time        Value Moves Dep 1:2       1-2-Draws
   1 = =    0.5:0.5        0.5:0.5       10:01:23 PM   -10.67    27 6.000 :4.000  0-0-1

--------------------------------------------------------------

Engine-Match Wednesday, November 19, 2025 10:01:24 PM
 Tournament Game in 5 Minutes 

Pairing 22/36 :    C0BR4_v3.2  -  PositionalOpponent

PGN-File: C:\Program Files (x86)\Arena\Tournaments\Engine Battle 20251119_3.pgn

No:  B/W 1/2     W:B       1:2           Time        Value Moves Dep 1:2       1-2-Draws
   1 = =    0.5:0.5        0.5:0.5       10:03:00 PM    +1.60    16 4.000 :6.000  0-0-1

--------------------------------------------------------------

Engine-Match Wednesday, November 19, 2025 10:03:01 PM
 Tournament Game in 5 Minutes 

Pairing 23/36 :    RandomOpponent  -  V7P3R_v16.0

PGN-File: C:\Program Files (x86)\Arena\Tournaments\Engine Battle 20251119_3.pgn

No:  B/W 1/2     W:B       1:2           Time        Value Moves Dep 1:2       1-2-Draws
   1 B 2    1.0:0.0        0.0:1.0       10:03:18 PM  -299.99    21 0:2.000  0-1-0

--------------------------------------------------------------

Engine-Match Wednesday, November 19, 2025 10:03:19 PM
 Tournament Game in 5 Minutes 

Pairing 24/36 :    V7P3R_v14.1  -  CaptureOpponent

PGN-File: C:\Program Files (x86)\Arena\Tournaments\Engine Battle 20251119_3.pgn

No:  B/W 1/2     W:B       1:2           Time        Value Moves Dep 1:2       1-2-Draws
   1 W 1    1.0:0.0        1.0:0.0       10:06:40 PM  +131.70    12 4.083 :4.833  1-0-0

--------------------------------------------------------------

Engine-Match Wednesday, November 19, 2025 10:06:41 PM
 Tournament Game in 5 Minutes 

Pairing 25/36 :    CoverageOpponent  -  C0BR4_v3.2

PGN-File: C:\Program Files (x86)\Arena\Tournaments\Engine Battle 20251119_3.pgn

No:  B/W 1/2     W:B       1:2           Time        Value Moves Dep 1:2       1-2-Draws
   1 B 2    1.0:0.0        0.0:1.0       10:11:00 PM  -299.97    40 5.974 :4.000  0-1-0

--------------------------------------------------------------

Engine-Match Wednesday, November 19, 2025 10:11:01 PM
 Tournament Game in 5 Minutes 

Pairing 26/36 :    V7P3R_v16.0  -  MaterialOpponent

PGN-File: C:\Program Files (x86)\Arena\Tournaments\Engine Battle 20251119_3.pgn

No:  B/W 1/2     W:B       1:2           Time        Value Moves Dep 1:2       1-2-Draws
   1 B 2    1.0:0.0        0.0:1.0       10:12:45 PM    -2.30    40 2.051 :6.000  0-1-0

--------------------------------------------------------------

Engine-Match Wednesday, November 19, 2025 10:12:46 PM
 Tournament Game in 5 Minutes 

Pairing 27/36 :    PositionalOpponent  -  V7P3R_v14.1

PGN-File: C:\Program Files (x86)\Arena\Tournaments\Engine Battle 20251119_3.pgn

No:  B/W 1/2     W:B       1:2           Time        Value Moves Dep 1:2       1-2-Draws
   1 B 2    1.0:0.0        0.0:1.0       10:17:45 PM   -14.90    27 6.000 :4.095  0-1-0

--------------------------------------------------------------

Engine-Match Wednesday, November 19, 2025 10:17:46 PM
 Tournament Game in 5 Minutes 

Pairing 28/36 :    CaptureOpponent  -  RandomOpponent

PGN-File: C:\Program Files (x86)\Arena\Tournaments\Engine Battle 20251119_3.pgn

No:  B/W 1/2     W:B       1:2           Time        Value Moves Dep 1:2       1-2-Draws
   1 B 2    1.0:0.0        0.0:1.0       10:22:45 PM     0.00    41 3.439 :0 0-1-0

--------------------------------------------------------------

Engine-Match Wednesday, November 19, 2025 10:22:46 PM
 Tournament Game in 5 Minutes 

Pairing 29/36 :    C0BR4_v3.1  -  V7P3R_v16.0

PGN-File: C:\Program Files (x86)\Arena\Tournaments\Engine Battle 20251119_3.pgn

No:  B/W 1/2     W:B       1:2           Time        Value Moves Dep 1:2       1-2-Draws
   1 W 1    1.0:0.0        1.0:0.0       10:23:24 PM  +299.97    38 4.000 :2.226  1-0-0

--------------------------------------------------------------

Engine-Match Wednesday, November 19, 2025 10:23:25 PM
 Tournament Game in 5 Minutes 

Pairing 30/36 :    V7P3R_v14.1  -  CoverageOpponent

PGN-File: C:\Program Files (x86)\Arena\Tournaments\Engine Battle 20251119_3.pgn

No:  B/W 1/2     W:B       1:2           Time        Value Moves Dep 1:2       1-2-Draws
   1 W 1    1.0:0.0        1.0:0.0       10:28:35 PM     0.00    43 3.913 :6.000  1-0-0

--------------------------------------------------------------

Engine-Match Wednesday, November 19, 2025 10:28:37 PM
 Tournament Game in 5 Minutes 

Pairing 31/36 :    MaterialOpponent  -  CaptureOpponent

PGN-File: C:\Program Files (x86)\Arena\Tournaments\Engine Battle 20251119_3.pgn

No:  B/W 1/2     W:B       1:2           Time        Value Moves Dep 1:2       1-2-Draws
   1 W 1    1.0:0.0        1.0:0.0       10:32:57 PM   +43.45    26 6.000 :4.269  1-0-0

--------------------------------------------------------------

Engine-Match Wednesday, November 19, 2025 10:32:58 PM
 Tournament Game in 5 Minutes 

Pairing 32/36 :    RandomOpponent  -  PositionalOpponent

PGN-File: C:\Program Files (x86)\Arena\Tournaments\Engine Battle 20251119_3.pgn

No:  B/W 1/2     W:B       1:2           Time        Value Moves Dep 1:2       1-2-Draws
   1 B 2    1.0:0.0        0.0:1.0       10:34:10 PM  -299.99    11 0:6.000  0-1-0

--------------------------------------------------------------

Engine-Match Wednesday, November 19, 2025 10:34:11 PM
 Tournament Game in 5 Minutes 

Pairing 33/36 :    C0BR4_v3.2  -  V7P3R_v14.1

PGN-File: C:\Program Files (x86)\Arena\Tournaments\Engine Battle 20251119_3.pgn

No:  B/W 1/2     W:B       1:2           Time        Value Moves Dep 1:2       1-2-Draws
   1 * *     0.0:0.0        0.0:0.0       10:36:23 PM    +2.35    25 4.000 :4.222  0-0-0

--------------------------------------------------------------

Engine-Match Wednesday, November 19, 2025 10:37:38 PM
 Tournament Game in 5 Minutes 

Pairing 1/105 :    V7P3R_v16.0  -  Stockfish 1%

PGN-File: C:\Program Files (x86)\Arena\Tournaments\Engine Battle 20251119_3.pgn

No:  B/W 1/2     W:B       1:2           Time        Value Moves Dep 1:2       1-2-Draws
   1 B 2    1.0:0.0        0.0:1.0       10:38:12 PM    -6.37    54 2.293 :13.846  0-1-0

--------------------------------------------------------------

Engine-Match Wednesday, November 19, 2025 10:38:14 PM
 Tournament Game in 5 Minutes 

Pairing 2/105 :    PositionalOpponent_v2.0  -  C0BR4_v3.2

PGN-File: C:\Program Files (x86)\Arena\Tournaments\Engine Battle 20251119_3.pgn

No:  B/W 1/2     W:B       1:2           Time        Value Moves Dep 1:2       1-2-Draws
   1 B 2    1.0:0.0        0.0:1.0       10:41:21 PM   -18.90    19 7.647 :4.000  0-1-0

--------------------------------------------------------------

Engine-Match Wednesday, November 19, 2025 10:41:22 PM
 Tournament Game in 5 Minutes 

Pairing 3/105 :    C0BR4_v3.1  -  MaterialOpponent_v2.0

PGN-File: C:\Program Files (x86)\Arena\Tournaments\Engine Battle 20251119_3.pgn

No:  B/W 1/2     W:B       1:2           Time        Value Moves Dep 1:2       1-2-Draws
   1 W 1    1.0:0.0        1.0:0.0       10:43:30 PM  +299.97    12 4.000 :8.091  1-0-0

--------------------------------------------------------------

Engine-Match Wednesday, November 19, 2025 10:43:31 PM
 Tournament Game in 5 Minutes 

Pairing 4/105 :    CoverageOpponent_v2.0  -  CoverageOpponent

PGN-File: C:\Program Files (x86)\Arena\Tournaments\Engine Battle 20251119_3.pgn

No:  B/W 1/2     W:B       1:2           Time        Value Moves Dep 1:2       1-2-Draws
   1 B 2    1.0:0.0        0.0:1.0       10:49:31 PM  -299.99    25 6.950 :6.000  0-1-0

--------------------------------------------------------------

Engine-Match Wednesday, November 19, 2025 10:49:33 PM
 Tournament Game in 5 Minutes 

Pairing 5/105 :    MaterialOpponent  -  CaptureOpponent_v2.0

PGN-File: C:\Program Files (x86)\Arena\Tournaments\Engine Battle 20251119_3.pgn

No:  B/W 1/2     W:B       1:2           Time        Value Moves Dep 1:2       1-2-Draws
   1 W 1    1.0:0.0        1.0:0.0       10:54:34 PM  +203.65    34 6.000 :4.382  1-0-0

--------------------------------------------------------------

Engine-Match Wednesday, November 19, 2025 10:54:35 PM
 Tournament Game in 5 Minutes 

Pairing 8/105 :    SlowMate_v3.1  -  PositionalOpponent_v2.0

PGN-File: C:\Program Files (x86)\Arena\Tournaments\Engine Battle 20251119_3.pgn

No:  B/W 1/2     W:B       1:2           Time        Value Moves Dep 1:2       1-2-Draws
   1 W 1    1.0:0.0        1.0:0.0       10:58:34 PM   +14.10    14 3.571 :7.143  1-0-0

--------------------------------------------------------------

Engine-Match Wednesday, November 19, 2025 10:58:36 PM
 Tournament Game in 5 Minutes 

Pairing 9/105 :    MaterialOpponent_v2.0  -  V7P3R_v16.0

PGN-File: C:\Program Files (x86)\Arena\Tournaments\Engine Battle 20251119_3.pgn

No:  B/W 1/2     W:B       1:2           Time        Value Moves Dep 1:2       1-2-Draws
   1 B 2    1.0:0.0        0.0:1.0       11:01:11 PM   -10.10    15 8.400 :2.000  0-1-0

--------------------------------------------------------------

Engine-Match Wednesday, November 19, 2025 11:01:12 PM
 Tournament Game in 5 Minutes 

Pairing 10/105 :    C0BR4_v3.2  -  CoverageOpponent_v2.0

PGN-File: C:\Program Files (x86)\Arena\Tournaments\Engine Battle 20251119_3.pgn

No:  B/W 1/2     W:B       1:2           Time        Value Moves Dep 1:2       1-2-Draws
   1 W 1    1.0:0.0        1.0:0.0       11:04:46 PM  +299.97    22 3.900 :7.000  1-0-0

--------------------------------------------------------------

Engine-Match Wednesday, November 19, 2025 11:04:47 PM
 Tournament Game in 5 Minutes 

Pairing 11/105 :    CaptureOpponent_v2.0  -  C0BR4_v3.1

PGN-File: C:\Program Files (x86)\Arena\Tournaments\Engine Battle 20251119_3.pgn

No:  B/W 1/2     W:B       1:2           Time        Value Moves Dep 1:2       1-2-Draws
   1 * *     0.0:0.0        0.0:0.0       11:07:18 PM   -30.74    13 5.154 :4.000  0-0-0

--------------------------------------------------------------

Engine-Match Wednesday, November 19, 2025 11:07:38 PM
 Blitz 1/1 

Pairing 11/105 :    CaptureOpponent_v2.0  -  C0BR4_v3.1

PGN-File: C:\Program Files (x86)\Arena\Tournaments\Engine Battle 20251119_3.pgn

No:  B/W 1/2     W:B       1:2           Time        Value Moves Dep 1:2       1-2-Draws
   1 B 2    1.0:0.0        0.0:1.0       11:08:01 PM  -299.97     5 4.800 :4.000  0-1-0

--------------------------------------------------------------

Engine-Match Wednesday, November 19, 2025 11:08:03 PM
 Blitz 1/1 

Pairing 15/105 :    Stockfish 1%  -  MaterialOpponent_v2.0

PGN-File: C:\Program Files (x86)\Arena\Tournaments\Engine Battle 20251119_3.pgn

No:  B/W 1/2     W:B       1:2           Time        Value Moves Dep 1:2       1-2-Draws
   1 W 1    1.0:0.0        1.0:0.0       11:10:09 PM   +11.20    45 8.500 :7.622  1-0-0

--------------------------------------------------------------

Engine-Match Wednesday, November 19, 2025 11:10:11 PM
 Blitz 1/1 

Pairing 16/105 :    CoverageOpponent_v2.0  -  SlowMate_v3.1

PGN-File: C:\Program Files (x86)\Arena\Tournaments\Engine Battle 20251119_3.pgn

No:  B/W 1/2     W:B       1:2           Time        Value Moves Dep 1:2       1-2-Draws
   1 B 2    1.0:0.0        0.0:1.0       11:12:28 PM  -193.76    23 6.087 :2.783  0-1-0

--------------------------------------------------------------

Engine-Match Wednesday, November 19, 2025 11:12:29 PM
 Blitz 1/1 

Pairing 17/105 :    V7P3R_v16.0  -  CaptureOpponent_v2.0

PGN-File: C:\Program Files (x86)\Arena\Tournaments\Engine Battle 20251119_3.pgn

No:  B/W 1/2     W:B       1:2           Time        Value Moves Dep 1:2       1-2-Draws
   1 W 1    1.0:0.0        1.0:0.0       11:13:09 PM  +119.25     6 2.000 :4.167  1-0-0

--------------------------------------------------------------

Engine-Match Wednesday, November 19, 2025 11:13:10 PM
 Blitz 1/1 

Pairing 18/105 :    V7P3R_v14.1  -  C0BR4_v3.2

PGN-File: C:\Program Files (x86)\Arena\Tournaments\Engine Battle 20251119_3.pgn

No:  B/W 1/2     W:B       1:2           Time        Value Moves Dep 1:2       1-2-Draws
   1 = =    0.5:0.5        0.5:0.5       11:15:16 PM    -3.87    55 3.057 :4.000  0-0-1

--------------------------------------------------------------

Engine-Match Wednesday, November 19, 2025 11:15:17 PM
 Blitz 1/1 

Pairing 19/105 :    C0BR4_v3.1  -  CaptureOpponent

PGN-File: C:\Program Files (x86)\Arena\Tournaments\Engine Battle 20251119_3.pgn

No:  B/W 1/2     W:B       1:2           Time        Value Moves Dep 1:2       1-2-Draws
   1 W 1    1.0:0.0        1.0:0.0       11:15:53 PM  +299.97     6 3.500 :4.000  1-0-0

--------------------------------------------------------------

Engine-Match Wednesday, November 19, 2025 11:15:54 PM
 Blitz 1/1 

Pairing 20/105 :    RandomOpponent  -  CoverageOpponent

PGN-File: C:\Program Files (x86)\Arena\Tournaments\Engine Battle 20251119_3.pgn

No:  B/W 1/2     W:B       1:2           Time        Value Moves Dep 1:2       1-2-Draws
   1 B 2    1.0:0.0        0.0:1.0       11:18:01 PM  -299.99    47 0:5.429  0-1-0

--------------------------------------------------------------

Engine-Match Wednesday, November 19, 2025 11:18:03 PM
 Blitz 1/1 

Pairing 21/105 :    MaterialOpponent  -  PositionalOpponent

PGN-File: C:\Program Files (x86)\Arena\Tournaments\Engine Battle 20251119_3.pgn

No:  B/W 1/2     W:B       1:2           Time        Value Moves Dep 1:2       1-2-Draws
   1 W 1    1.0:0.0        1.0:0.0       11:19:34 PM   +12.80    16 6.000 :5.875  1-0-0

--------------------------------------------------------------

Engine-Match Wednesday, November 19, 2025 11:19:36 PM
 Blitz 1/1 

Pairing 22/105 :    PositionalOpponent_v2.0  -  CoverageOpponent_v2.0

PGN-File: C:\Program Files (x86)\Arena\Tournaments\Engine Battle 20251119_3.pgn

No:  B/W 1/2     W:B       1:2           Time        Value Moves Dep 1:2       1-2-Draws
   1 W 1    1.0:0.0        1.0:0.0       11:22:42 PM  +299.99    28 6.333 :6.071  1-0-0

--------------------------------------------------------------

Engine-Match Wednesday, November 19, 2025 11:22:44 PM
 Blitz 1/1 

Pairing 23/105 :    CaptureOpponent_v2.0  -  Stockfish 1%

PGN-File: C:\Program Files (x86)\Arena\Tournaments\Engine Battle 20251119_3.pgn

No:  B/W 1/2     W:B       1:2           Time        Value Moves Dep 1:2       1-2-Draws
   1 B 2    1.0:0.0        0.0:1.0       11:23:59 PM      -M1    14 4.786 :9.500  0-1-0

--------------------------------------------------------------

Engine-Match Wednesday, November 19, 2025 11:24:01 PM
 Blitz 1/1 

Pairing 24/105 :    SlowMate_v3.1  -  V7P3R_v14.1

PGN-File: C:\Program Files (x86)\Arena\Tournaments\Engine Battle 20251119_3.pgn

No:  B/W 1/2     W:B       1:2           Time        Value Moves Dep 1:2       1-2-Draws
   1 = =    0.5:0.5        0.5:0.5       11:26:31 PM   -19.23    39 3.121 :3.370  0-0-1

--------------------------------------------------------------

Engine-Match Wednesday, November 19, 2025 11:26:33 PM
 Blitz 1/1 

Pairing 29/105 :    MaterialOpponent_v2.0  -  CaptureOpponent_v2.0

PGN-File: C:\Program Files (x86)\Arena\Tournaments\Engine Battle 20251119_3.pgn

No:  B/W 1/2     W:B       1:2           Time        Value Moves Dep 1:2       1-2-Draws
   1 W 1    1.0:0.0        1.0:0.0       11:29:50 PM   +77.00    33 7.394 :3.879  1-0-0

--------------------------------------------------------------

Engine-Match Wednesday, November 19, 2025 11:29:52 PM
 Blitz 1/1 

Pairing 30/105 :    V7P3R_v14.1  -  PositionalOpponent_v2.0

PGN-File: C:\Program Files (x86)\Arena\Tournaments\Engine Battle 20251119_3.pgn

No:  B/W 1/2     W:B       1:2           Time        Value Moves Dep 1:2       1-2-Draws
   1 W 1    1.0:0.0        1.0:0.0       11:31:12 PM   +10.70    12 3.182 :6.500  1-0-0

--------------------------------------------------------------

Engine-Match Wednesday, November 19, 2025 11:31:14 PM
 Blitz 1/1 

Pairing 31/105 :    Stockfish 1%  -  CaptureOpponent

PGN-File: C:\Program Files (x86)\Arena\Tournaments\Engine Battle 20251119_3.pgn

No:  B/W 1/2     W:B       1:2           Time        Value Moves Dep 1:2       1-2-Draws
   1 W 1    1.0:0.0        1.0:0.0       11:32:32 PM  +123.65    15 6.800 :3.867  1-0-0

--------------------------------------------------------------

Engine-Match Wednesday, November 19, 2025 11:32:34 PM
 Blitz 1/1 

Pairing 32/105 :    RandomOpponent  -  SlowMate_v3.1

PGN-File: C:\Program Files (x86)\Arena\Tournaments\Engine Battle 20251119_3.pgn

No:  B/W 1/2     W:B       1:2           Time        Value Moves Dep 1:2       1-2-Draws
   1 B 2    1.0:0.0        0.0:1.0       11:34:39 PM  -185.03    58 0:3.115  0-1-0

--------------------------------------------------------------

Engine-Match Wednesday, November 19, 2025 11:34:41 PM
 Blitz 1/1 

Pairing 36/105 :    CoverageOpponent_v2.0  -  V7P3R_v14.1

PGN-File: C:\Program Files (x86)\Arena\Tournaments\Engine Battle 20251119_3.pgn

No:  B/W 1/2     W:B       1:2           Time        Value Moves Dep 1:2       1-2-Draws
   1 B 2    1.0:0.0        0.0:1.0       11:36:51 PM  -289.98    24 6.526 :3.176  0-1-0

--------------------------------------------------------------

Engine-Match Wednesday, November 19, 2025 11:36:53 PM
 Blitz 1/1 

Pairing 37/105 :    CaptureOpponent  -  MaterialOpponent_v2.0

PGN-File: C:\Program Files (x86)\Arena\Tournaments\Engine Battle 20251119_3.pgn

No:  B/W 1/2     W:B       1:2           Time        Value Moves Dep 1:2       1-2-Draws
   1 B 2    1.0:0.0        0.0:1.0       11:39:57 PM  -299.99    27 4.963 :8.111  0-1-0

--------------------------------------------------------------

Engine-Match Wednesday, November 19, 2025 11:39:59 PM
 Blitz 1/1 

Pairing 38/105 :    PositionalOpponent_v2.0  -  RandomOpponent

PGN-File: C:\Program Files (x86)\Arena\Tournaments\Engine Battle 20251119_3.pgn

No:  B/W 1/2     W:B       1:2           Time        Value Moves Dep 1:2       1-2-Draws
   1 W 1    1.0:0.0        1.0:0.0       11:41:36 PM  +299.99    24 6.375 :0 1-0-0

--------------------------------------------------------------

Engine-Match Wednesday, November 19, 2025 11:41:38 PM
 Blitz 1/1 

Pairing 39/105 :    PositionalOpponent  -  Stockfish 1%

PGN-File: C:\Program Files (x86)\Arena\Tournaments\Engine Battle 20251119_3.pgn

No:  B/W 1/2     W:B       1:2           Time        Value Moves Dep 1:2       1-2-Draws
   1 B 2    1.0:0.0        0.0:1.0       11:43:01 PM    -9.50    20 6.000 :7.750  0-1-0

--------------------------------------------------------------

Engine-Match Wednesday, November 19, 2025 11:43:02 PM
 Blitz 1/1 

Pairing 40/105 :    SlowMate_v3.1  -  MaterialOpponent

PGN-File: C:\Program Files (x86)\Arena\Tournaments\Engine Battle 20251119_3.pgn

No:  B/W 1/2     W:B       1:2           Time        Value Moves Dep 1:2       1-2-Draws
   1 B 2    1.0:0.0        0.0:1.0       11:44:53 PM  -143.30    33 2.840 :6.000  0-1-0

--------------------------------------------------------------

Engine-Match Wednesday, November 19, 2025 11:45:05 PM
 Blitz 1/1 

Pairing 43/105 :    CaptureOpponent_v2.0  -  CaptureOpponent

PGN-File: C:\Program Files (x86)\Arena\Tournaments\Engine Battle 20251119_3.pgn

No:  B/W 1/2     W:B       1:2           Time        Value Moves Dep 1:2       1-2-Draws
   1 W 1    1.0:0.0        1.0:0.0       11:47:16 PM   +66.40    16 4.625 :4.563  1-0-0

--------------------------------------------------------------

Engine-Match Wednesday, November 19, 2025 11:47:18 PM
 Blitz 1/1 

Pairing 44/105 :    RandomOpponent  -  CoverageOpponent_v2.0

PGN-File: C:\Program Files (x86)\Arena\Tournaments\Engine Battle 20251119_3.pgn

No:  B/W 1/2     W:B       1:2           Time        Value Moves Dep 1:2       1-2-Draws
   1 B 2    1.0:0.0        0.0:1.0       11:48:32 PM  -299.99    14 0:5.857  0-1-0

--------------------------------------------------------------

Engine-Match Wednesday, November 19, 2025 11:48:34 PM
 Blitz 1/1 

Pairing 45/105 :    MaterialOpponent_v2.0  -  PositionalOpponent

PGN-File: C:\Program Files (x86)\Arena\Tournaments\Engine Battle 20251119_3.pgn

No:  B/W 1/2     W:B       1:2           Time        Value Moves Dep 1:2       1-2-Draws
   1 W 1    1.0:0.0        1.0:0.0       11:51:11 PM   +18.70    20 7.750 :5.800  1-0-0

--------------------------------------------------------------

Engine-Match Wednesday, November 19, 2025 11:51:13 PM
 Blitz 1/1 

Pairing 46/105 :    MaterialOpponent  -  PositionalOpponent_v2.0

PGN-File: C:\Program Files (x86)\Arena\Tournaments\Engine Battle 20251119_3.pgn

No:  B/W 1/2     W:B       1:2           Time        Value Moves Dep 1:2       1-2-Draws
   1 W 1    1.0:0.0        1.0:0.0       11:52:58 PM   +17.40    17 6.000 :6.471  1-0-0

--------------------------------------------------------------

Engine-Match Wednesday, November 19, 2025 11:52:59 PM
 Blitz 1/1 

Pairing 47/105 :    Stockfish 1%  -  CoverageOpponent

PGN-File: C:\Program Files (x86)\Arena\Tournaments\Engine Battle 20251119_3.pgn

No:  B/W 1/2     W:B       1:2           Time        Value Moves Dep 1:2       1-2-Draws
   1 = =    0.5:0.5        0.5:0.5       11:56:40 PM    +0.15   158 7.200 :5.800  0-0-1

--------------------------------------------------------------

Engine-Match Wednesday, November 19, 2025 11:56:41 PM
 Blitz 1/1 

Pairing 48/105 :    C0BR4_v3.1  -  SlowMate_v3.1

PGN-File: C:\Program Files (x86)\Arena\Tournaments\Engine Battle 20251119_3.pgn

No:  B/W 1/2     W:B       1:2           Time        Value Moves Dep 1:2       1-2-Draws
   1 W 1    1.0:0.0        1.0:0.0       11:57:40 PM  +299.97    18 4.000 :3.059  1-0-0

--------------------------------------------------------------

Engine-Match Wednesday, November 19, 2025 11:57:41 PM
 Blitz 1/1 

Pairing 51/105 :    PositionalOpponent  -  CaptureOpponent_v2.0

PGN-File: C:\Program Files (x86)\Arena\Tournaments\Engine Battle 20251119_3.pgn

No:  B/W 1/2     W:B       1:2           Time        Value Moves Dep 1:2       1-2-Draws
   1 W 1    1.0:0.0        1.0:0.0       11:59:02 PM   +59.25     8 5.875 :4.625  1-0-0

--------------------------------------------------------------

Engine-Match Wednesday, November 19, 2025 11:59:03 PM
 Blitz 1/1 

Pairing 52/105 :    CoverageOpponent_v2.0  -  MaterialOpponent

PGN-File: C:\Program Files (x86)\Arena\Tournaments\Engine Battle 20251119_3.pgn

No:  B/W 1/2     W:B       1:2           Time        Value Moves Dep 1:2       1-2-Draws
   1 B 2    1.0:0.0        0.0:1.0       12:01:26 AM  -299.99    31 5.710 :6.000  0-1-0

--------------------------------------------------------------

Engine-Match Thursday, November 20, 2025 12:01:27 AM
 Blitz 1/1 

Pairing 53/105 :    CoverageOpponent  -  MaterialOpponent_v2.0

PGN-File: C:\Program Files (x86)\Arena\Tournaments\Engine Battle 20251119_3.pgn

No:  B/W 1/2     W:B       1:2           Time        Value Moves Dep 1:2       1-2-Draws
   1 W 1    1.0:0.0        1.0:0.0       12:04:58 AM  +299.99    43 5.519 :7.731  1-0-0

--------------------------------------------------------------

Engine-Match Thursday, November 20, 2025 12:05:00 AM
 Blitz 1/1 

Pairing 54/105 :    PositionalOpponent_v2.0  -  C0BR4_v3.1

PGN-File: C:\Program Files (x86)\Arena\Tournaments\Engine Battle 20251119_3.pgn

No:  B/W 1/2     W:B       1:2           Time        Value Moves Dep 1:2       1-2-Draws
   1 B 2    1.0:0.0        0.0:1.0       12:06:19 AM   -15.40    15 6.400 :4.000  0-1-0

--------------------------------------------------------------

Engine-Match Thursday, November 20, 2025 12:06:21 AM
 Blitz 1/1 

Pairing 55/105 :    C0BR4_v3.2  -  Stockfish 1%

PGN-File: C:\Program Files (x86)\Arena\Tournaments\Engine Battle 20251119_3.pgn

No:  B/W 1/2     W:B       1:2           Time        Value Moves Dep 1:2       1-2-Draws
   1 B 2    1.0:0.0        0.0:1.0       12:06:46 AM      -M1    26 3.958 :8.667  0-1-0

--------------------------------------------------------------

Engine-Match Thursday, November 20, 2025 12:06:48 AM
 Blitz 1/1 

Pairing 56/105 :    SlowMate_v3.1  -  V7P3R_v16.0

PGN-File: C:\Program Files (x86)\Arena\Tournaments\Engine Battle 20251119_3.pgn

No:  B/W 1/2     W:B       1:2           Time        Value Moves Dep 1:2       1-2-Draws
   1 W 1    1.0:0.0        1.0:0.0       12:07:33 AM  +150.27    17 2.824 :2.250  1-0-0

--------------------------------------------------------------

Engine-Match Thursday, November 20, 2025 12:07:34 AM
 Blitz 1/1 

Pairing 59/105 :    CaptureOpponent_v2.0  -  CoverageOpponent

PGN-File: C:\Program Files (x86)\Arena\Tournaments\Engine Battle 20251119_3.pgn

No:  B/W 1/2     W:B       1:2           Time        Value Moves Dep 1:2       1-2-Draws
   1 B 2    1.0:0.0        0.0:1.0       12:10:29 AM  -299.99    27 3.370 :5.296  0-1-0

--------------------------------------------------------------

Engine-Match Thursday, November 20, 2025 12:10:30 AM
 Blitz 1/1 

Pairing 60/105 :    C0BR4_v3.1  -  CoverageOpponent_v2.0

PGN-File: C:\Program Files (x86)\Arena\Tournaments\Engine Battle 20251119_3.pgn

No:  B/W 1/2     W:B       1:2           Time        Value Moves Dep 1:2       1-2-Draws
   1 W 1    1.0:0.0        1.0:0.0       12:12:07 AM  +299.97    22 4.000 :6.125  1-0-0

--------------------------------------------------------------

Engine-Match Thursday, November 20, 2025 12:12:09 AM
 Blitz 1/1 

Pairing 61/105 :    MaterialOpponent_v2.0  -  C0BR4_v3.2

PGN-File: C:\Program Files (x86)\Arena\Tournaments\Engine Battle 20251119_3.pgn

No:  B/W 1/2     W:B       1:2           Time        Value Moves Dep 1:2       1-2-Draws
   1 B 2    1.0:0.0        0.0:1.0       12:13:07 AM  -299.97    10 9.000 :3.778  0-1-0

--------------------------------------------------------------

Engine-Match Thursday, November 20, 2025 12:13:09 AM
 Blitz 1/1 

Pairing 62/105 :    V7P3R_v16.0  -  PositionalOpponent_v2.0

PGN-File: C:\Program Files (x86)\Arena\Tournaments\Engine Battle 20251119_3.pgn

No:  B/W 1/2     W:B       1:2           Time        Value Moves Dep 1:2       1-2-Draws
   1 W 1    1.0:0.0        1.0:0.0       12:14:19 AM   +15.20    14 2.000 :6.357  1-0-0

--------------------------------------------------------------

Engine-Match Thursday, November 20, 2025 12:14:21 AM
 Blitz 1/1 

Pairing 63/105 :    Stockfish 1%  -  SlowMate_v3.1

PGN-File: C:\Program Files (x86)\Arena\Tournaments\Engine Battle 20251119_3.pgn

No:  B/W 1/2     W:B       1:2           Time        Value Moves Dep 1:2       1-2-Draws
   1 W 1    1.0:0.0        1.0:0.0       12:15:38 AM      +M1    31 7.400 :2.700  1-0-0

--------------------------------------------------------------

Engine-Match Thursday, November 20, 2025 12:15:39 AM
 Blitz 1/1 

Pairing 67/105 :    C0BR4_v3.2  -  CaptureOpponent_v2.0

PGN-File: C:\Program Files (x86)\Arena\Tournaments\Engine Battle 20251119_3.pgn

No:  B/W 1/2     W:B       1:2           Time        Value Moves Dep 1:2       1-2-Draws
   1 W 1    1.0:0.0        1.0:0.0       12:17:05 AM  +160.90    18 4.000 :3.833  1-0-0

--------------------------------------------------------------

Engine-Match Thursday, November 20, 2025 12:17:06 AM
 Blitz 1/1 

Pairing 68/105 :    CoverageOpponent_v2.0  -  V7P3R_v16.0

PGN-File: C:\Program Files (x86)\Arena\Tournaments\Engine Battle 20251119_3.pgn

No:  B/W 1/2     W:B       1:2           Time        Value Moves Dep 1:2       1-2-Draws
   1 B 2    1.0:0.0        0.0:1.0       12:18:50 AM  -299.99    28 5.643 :2.143  0-1-0

--------------------------------------------------------------

Engine-Match Thursday, November 20, 2025 12:18:51 AM
 Blitz 1/1 

Pairing 69/105 :    SlowMate_v3.1  -  MaterialOpponent_v2.0

PGN-File: C:\Program Files (x86)\Arena\Tournaments\Engine Battle 20251119_3.pgn

No:  B/W 1/2     W:B       1:2           Time        Value Moves Dep 1:2       1-2-Draws
   1 W 1    1.0:0.0        1.0:0.0       12:19:48 AM  +108.95     7 3.857 :9.000  1-0-0

--------------------------------------------------------------

Engine-Match Thursday, November 20, 2025 12:20:00 AM
 Blitz 1/1 

Pairing 70/105 :    PositionalOpponent_v2.0  -  Stockfish 1%

PGN-File: C:\Program Files (x86)\Arena\Tournaments\Engine Battle 20251119_3.pgn

No:  B/W 1/2     W:B       1:2           Time        Value Moves Dep 1:2       1-2-Draws
   1 B 2    1.0:0.0        0.0:1.0       12:21:07 AM   -11.80    15 6.400 :10.000  0-1-0

--------------------------------------------------------------

Engine-Match Thursday, November 20, 2025 12:21:09 AM
 Blitz 1/1 

Pairing 75/105 :    CaptureOpponent_v2.0  -  SlowMate_v3.1

PGN-File: C:\Program Files (x86)\Arena\Tournaments\Engine Battle 20251119_3.pgn

No:  B/W 1/2     W:B       1:2           Time        Value Moves Dep 1:2       1-2-Draws
   1 B 2    1.0:0.0        0.0:1.0       12:22:22 AM  -190.63     9 4.444 :3.222  0-1-0

--------------------------------------------------------------

Engine-Match Thursday, November 20, 2025 12:22:24 AM
 Blitz 1/1 

Pairing 76/105 :    Stockfish 1%  -  CoverageOpponent_v2.0

PGN-File: C:\Program Files (x86)\Arena\Tournaments\Engine Battle 20251119_3.pgn

No:  B/W 1/2     W:B       1:2           Time        Value Moves Dep 1:2       1-2-Draws
   1 W 1    1.0:0.0        1.0:0.0       12:23:54 AM      +M1    23 8.000 :6.227  1-0-0

--------------------------------------------------------------

Engine-Match Thursday, November 20, 2025 12:23:55 AM
 Blitz 1/1 

Pairing 77/105 :    MaterialOpponent_v2.0  -  PositionalOpponent_v2.0

PGN-File: C:\Program Files (x86)\Arena\Tournaments\Engine Battle 20251119_3.pgn

No:  B/W 1/2     W:B       1:2           Time        Value Moves Dep 1:2       1-2-Draws
   1 W 1    1.0:0.0        1.0:0.0       12:25:57 AM   +13.00    13 8.769 :6.308  1-0-0

--------------------------------------------------------------

Engine-Match Thursday, November 20, 2025 12:25:58 AM
 Blitz 1/1 

Pairing 81/105 :    SlowMate_v3.1  -  CaptureOpponent

PGN-File: C:\Program Files (x86)\Arena\Tournaments\Engine Battle 20251119_3.pgn

No:  B/W 1/2     W:B       1:2           Time        Value Moves Dep 1:2       1-2-Draws
   1 W 1    1.0:0.0        1.0:0.0       12:27:12 AM   +19.25     8 2.875 :4.250  1-0-0

--------------------------------------------------------------

Engine-Match Thursday, November 20, 2025 12:27:13 AM
 Blitz 1/1 

Pairing 82/105 :    V7P3R_v14.1  -  Stockfish 1%

PGN-File: C:\Program Files (x86)\Arena\Tournaments\Engine Battle 20251119_3.pgn

No:  B/W 1/2     W:B       1:2           Time        Value Moves Dep 1:2       1-2-Draws
   1 B 2    1.0:0.0        0.0:1.0       12:28:06 AM      -M1    22 2.905 :7.167  0-1-0

--------------------------------------------------------------

Engine-Match Thursday, November 20, 2025 12:28:08 AM
 Blitz 1/1 

Pairing 83/105 :    PositionalOpponent_v2.0  -  CaptureOpponent_v2.0

PGN-File: C:\Program Files (x86)\Arena\Tournaments\Engine Battle 20251119_3.pgn

No:  B/W 1/2     W:B       1:2           Time        Value Moves Dep 1:2       1-2-Draws
   1 W 1    1.0:0.0        1.0:0.0       12:29:50 AM  +119.25    10 6.300 :4.200  1-0-0

--------------------------------------------------------------

Engine-Match Thursday, November 20, 2025 12:29:51 AM
 Blitz 1/1 

Pairing 84/105 :    CoverageOpponent_v2.0  -  MaterialOpponent_v2.0

PGN-File: C:\Program Files (x86)\Arena\Tournaments\Engine Battle 20251119_3.pgn

No:  B/W 1/2     W:B       1:2           Time        Value Moves Dep 1:2       1-2-Draws
   1 W 1    1.0:0.0        1.0:0.0       12:32:39 AM   +14.10    22 5.727 :7.773  1-0-0

--------------------------------------------------------------

Engine-Match Thursday, November 20, 2025 12:32:41 AM
 Blitz 1/1 

Pairing 87/105 :    PositionalOpponent  -  SlowMate_v3.1

PGN-File: C:\Program Files (x86)\Arena\Tournaments\Engine Battle 20251119_3.pgn

No:  B/W 1/2     W:B       1:2           Time        Value Moves Dep 1:2       1-2-Draws
   1 B 2    1.0:0.0        0.0:1.0       12:34:27 AM  -299.94    15 5.933 :2.929  0-1-0

--------------------------------------------------------------

Engine-Match Thursday, November 20, 2025 12:34:28 AM
 Blitz 1/1 

Pairing 88/105 :    Stockfish 1%  -  RandomOpponent

PGN-File: C:\Program Files (x86)\Arena\Tournaments\Engine Battle 20251119_3.pgn

No:  B/W 1/2     W:B       1:2           Time        Value Moves Dep 1:2       1-2-Draws
   1 W 1    1.0:0.0        1.0:0.0       12:34:39 AM      +M1    10 9.000 :0 1-0-0

--------------------------------------------------------------

Engine-Match Thursday, November 20, 2025 12:34:41 AM
 Blitz 1/1 

Pairing 89/105 :    CaptureOpponent  -  PositionalOpponent_v2.0

PGN-File: C:\Program Files (x86)\Arena\Tournaments\Engine Battle 20251119_3.pgn

No:  B/W 1/2     W:B       1:2           Time        Value Moves Dep 1:2       1-2-Draws
   1 B 2    1.0:0.0        0.0:1.0       12:36:48 AM  -299.99    14 4.286 :6.500  0-1-0

--------------------------------------------------------------

Engine-Match Thursday, November 20, 2025 12:36:49 AM
 Blitz 1/1 

Pairing 90/105 :    MaterialOpponent_v2.0  -  V7P3R_v14.1

PGN-File: C:\Program Files (x86)\Arena\Tournaments\Engine Battle 20251119_3.pgn

No:  B/W 1/2     W:B       1:2           Time        Value Moves Dep 1:2       1-2-Draws
   1 B 2    1.0:0.0        0.0:1.0       12:39:02 AM   -13.35    22 8.000 :3.350  0-1-0

--------------------------------------------------------------

Engine-Match Thursday, November 20, 2025 12:39:03 AM
 Blitz 1/1 

Pairing 91/105 :    CaptureOpponent_v2.0  -  CoverageOpponent_v2.0

PGN-File: C:\Program Files (x86)\Arena\Tournaments\Engine Battle 20251119_3.pgn

No:  B/W 1/2     W:B       1:2           Time        Value Moves Dep 1:2       1-2-Draws
   1 B 2    1.0:0.0        0.0:1.0       12:42:05 AM  -299.99    26 3.417 :5.435  0-1-0

--------------------------------------------------------------

Engine-Match Thursday, November 20, 2025 12:42:06 AM
 Blitz 1/1 

Pairing 93/105 :    SlowMate_v3.1  -  CoverageOpponent

PGN-File: C:\Program Files (x86)\Arena\Tournaments\Engine Battle 20251119_3.pgn

No:  B/W 1/2     W:B       1:2           Time        Value Moves Dep 1:2       1-2-Draws
   1 W 1    1.0:0.0        1.0:0.0       12:45:36 AM  +188.32    46 2.952 :5.850  1-0-0

--------------------------------------------------------------

Engine-Match Thursday, November 20, 2025 12:45:37 AM
 Blitz 1/1 

Pairing 94/105 :    MaterialOpponent  -  Stockfish 1%

PGN-File: C:\Program Files (x86)\Arena\Tournaments\Engine Battle 20251119_3.pgn

No:  B/W 1/2     W:B       1:2           Time        Value Moves Dep 1:2       1-2-Draws
   1 B 2    1.0:0.0        0.0:1.0       12:46:34 AM  -299.94    29 6.000 :8.200  0-1-0

--------------------------------------------------------------

Engine-Match Thursday, November 20, 2025 12:46:36 AM
 Blitz 1/1 

Pairing 95/105 :    PositionalOpponent_v2.0  -  PositionalOpponent

PGN-File: C:\Program Files (x86)\Arena\Tournaments\Engine Battle 20251119_3.pgn

No:  B/W 1/2     W:B       1:2           Time        Value Moves Dep 1:2       1-2-Draws
   1 B 2    1.0:0.0        0.0:1.0       12:49:31 AM  -299.99    29 6.556 :6.000  0-1-0

--------------------------------------------------------------

Engine-Match Thursday, November 20, 2025 12:49:33 AM
 Blitz 1/1 

Pairing 96/105 :    RandomOpponent  -  MaterialOpponent_v2.0

PGN-File: C:\Program Files (x86)\Arena\Tournaments\Engine Battle 20251119_3.pgn

No:  B/W 1/2     W:B       1:2           Time        Value Moves Dep 1:2       1-2-Draws
   1 B 2    1.0:0.0        0.0:1.0       12:52:02 AM  -299.99    59 0:7.886  0-1-0

--------------------------------------------------------------

Engine-Match Thursday, November 20, 2025 12:52:04 AM
 Blitz 1/1 

Pairing 97/105 :    CoverageOpponent_v2.0  -  CaptureOpponent

PGN-File: C:\Program Files (x86)\Arena\Tournaments\Engine Battle 20251119_3.pgn

No:  B/W 1/2     W:B       1:2           Time        Value Moves Dep 1:2       1-2-Draws
   1 W 1    1.0:0.0        1.0:0.0       12:53:36 AM   +59.25     8 5.750 :4.125  1-0-0

--------------------------------------------------------------

Engine-Match Thursday, November 20, 2025 12:53:37 AM
 Blitz 1/1 

Pairing 98/105 :    V7P3R_v14.1  -  CaptureOpponent_v2.0

PGN-File: C:\Program Files (x86)\Arena\Tournaments\Engine Battle 20251119_3.pgn

No:  B/W 1/2     W:B       1:2           Time        Value Moves Dep 1:2       1-2-Draws
   1 W 1    1.0:0.0        1.0:0.0       12:55:34 AM  +205.30    19 3.158 :3.895  1-0-0

--------------------------------------------------------------

Engine-Match Thursday, November 20, 2025 12:55:35 AM
 Blitz 1/1 

Pairing 99/105 :    C0BR4_v3.2  -  SlowMate_v3.1

PGN-File: C:\Program Files (x86)\Arena\Tournaments\Engine Battle 20251119_3.pgn

No:  B/W 1/2     W:B       1:2           Time        Value Moves Dep 1:2       1-2-Draws
   1 W 1    1.0:0.0        1.0:0.0       12:57:43 AM  +299.97    44 3.952 :2.674  1-0-0

--------------------------------------------------------------

Engine-Match Thursday, November 20, 2025 12:57:51 AM
 Blitz 1/1 

Pairing 100/105 :    Stockfish 1%  -  C0BR4_v3.1

PGN-File: C:\Program Files (x86)\Arena\Tournaments\Engine Battle 20251119_3.pgn

No:  B/W 1/2     W:B       1:2           Time        Value Moves Dep 1:2       1-2-Draws
   1 W 1    1.0:0.0        1.0:0.0       12:58:22 AM      +M1    53 10.000 :3.980  1-0-0

--------------------------------------------------------------

Engine-Match Thursday, November 20, 2025 12:58:23 AM
 Blitz 1/1 

Pairing 101/105 :    CoverageOpponent  -  PositionalOpponent_v2.0

PGN-File: C:\Program Files (x86)\Arena\Tournaments\Engine Battle 20251119_3.pgn

No:  B/W 1/2     W:B       1:2           Time        Value Moves Dep 1:2       1-2-Draws
   1 W 1    1.0:0.0        1.0:0.0       1:00:45 AM  +299.99    19 5.947 :6.444  1-0-0

--------------------------------------------------------------

Engine-Match Thursday, November 20, 2025 1:00:46 AM
 Blitz 1/1 

Pairing 102/105 :    MaterialOpponent_v2.0  -  MaterialOpponent

PGN-File: C:\Program Files (x86)\Arena\Tournaments\Engine Battle 20251119_3.pgn

No:  B/W 1/2     W:B       1:2           Time        Value Moves Dep 1:2       1-2-Draws
   1 B 2    1.0:0.0        0.0:1.0       1:02:19 AM   -11.35    17 9.000 :6.000  0-1-0

--------------------------------------------------------------

Engine-Match Thursday, November 20, 2025 1:02:20 AM
 Blitz 1/1 

Pairing 103/105 :    PositionalOpponent  -  CoverageOpponent_v2.0

PGN-File: C:\Program Files (x86)\Arena\Tournaments\Engine Battle 20251119_3.pgn

No:  B/W 1/2     W:B       1:2           Time        Value Moves Dep 1:2       1-2-Draws
   1 W 1    1.0:0.0        1.0:0.0       1:05:16 AM  +299.99    27 5.895 :5.895  1-0-0

--------------------------------------------------------------

Engine-Match Thursday, November 20, 2025 1:05:17 AM
 Blitz 1/1 

Pairing 104/105 :    CaptureOpponent_v2.0  -  RandomOpponent

PGN-File: C:\Program Files (x86)\Arena\Tournaments\Engine Battle 20251119_3.pgn

No:  B/W 1/2     W:B       1:2           Time        Value Moves Dep 1:2       1-2-Draws
   1 B 2    1.0:0.0        0.0:1.0       1:07:43 AM     0.00    56 3.019 :0 0-1-0

--------------------------------------------------------------

Engine-Match Thursday, November 20, 2025 1:07:45 AM
 Blitz 1/1 

Pairing 1/105 :    V7P3R_v16.0  -  Stockfish 1%

PGN-File: C:\Program Files (x86)\Arena\Tournaments\Engine Battle 20251119_3.pgn

No:  B/W 1/2     W:B       1:2           Time        Value Moves Dep 1:2       1-2-Draws
   2 W 2    1.0:0.0        0.0:2.0       1:08:14 AM    +6.19    40 2.103 :8.600  0-2-0

--------------------------------------------------------------

Engine-Match Thursday, November 20, 2025 1:08:15 AM
 Blitz 1/1 

Pairing 2/105 :    PositionalOpponent_v2.0  -  C0BR4_v3.2

PGN-File: C:\Program Files (x86)\Arena\Tournaments\Engine Battle 20251119_3.pgn

No:  B/W 1/2     W:B       1:2           Time        Value Moves Dep 1:2       1-2-Draws
   2 W 2    1.0:0.0        0.0:2.0       1:09:05 AM  +299.97    10 6.667 :4.000  0-2-0

--------------------------------------------------------------

Engine-Match Thursday, November 20, 2025 1:09:06 AM
 Blitz 1/1 

Pairing 3/105 :    C0BR4_v3.1  -  MaterialOpponent_v2.0

PGN-File: C:\Program Files (x86)\Arena\Tournaments\Engine Battle 20251119_3.pgn

No:  B/W 1/2     W:B       1:2           Time        Value Moves Dep 1:2       1-2-Draws
   2 B 1    1.0:0.0        2.0:0.0       1:10:25 AM  -299.98    15 4.000 :8.133  2-0-0

--------------------------------------------------------------

Engine-Match Thursday, November 20, 2025 1:10:26 AM
 Blitz 1/1 

Pairing 4/105 :    CoverageOpponent_v2.0  -  CoverageOpponent

PGN-File: C:\Program Files (x86)\Arena\Tournaments\Engine Battle 20251119_3.pgn

No:  B/W 1/2     W:B       1:2           Time        Value Moves Dep 1:2       1-2-Draws
   2 W 2    1.0:0.0        0.0:2.0       1:12:23 AM  +299.99    15 7.214 :6.000  0-2-0

--------------------------------------------------------------

Engine-Match Thursday, November 20, 2025 1:12:25 AM
 Blitz 1/1 

Pairing 5/105 :    MaterialOpponent  -  CaptureOpponent_v2.0

PGN-File: C:\Program Files (x86)\Arena\Tournaments\Engine Battle 20251119_3.pgn

No:  B/W 1/2     W:B       1:2           Time        Value Moves Dep 1:2       1-2-Draws
   2 B 1    1.0:0.0        2.0:0.0       1:13:48 AM  -299.99    14 6.000 :4.929  2-0-0

--------------------------------------------------------------

Engine-Match Thursday, November 20, 2025 1:13:50 AM
 Blitz 1/1 

Pairing 6/105 :    V7P3R_v14.1  -  PositionalOpponent

PGN-File: C:\Program Files (x86)\Arena\Tournaments\Engine Battle 20251119_3.pgn

No:  B/W 1/2     W:B       1:2           Time        Value Moves Dep 1:2       1-2-Draws
   2 B 1    1.0:0.0        2.0:0.0       1:14:59 AM   -13.70    11 3.000 :6.000  2-0-0

--------------------------------------------------------------

Engine-Match Thursday, November 20, 2025 1:15:01 AM
 Blitz 1/1 

Pairing 7/105 :    RandomOpponent  -  CaptureOpponent

PGN-File: C:\Program Files (x86)\Arena\Tournaments\Engine Battle 20251119_3.pgn

No:  B/W 1/2     W:B       1:2           Time        Value Moves Dep 1:2       1-2-Draws
   2 B 1    1.0:0.0        2.0:0.0       1:18:17 AM   -34.55    94 0:3.821  2-0-0

--------------------------------------------------------------

Engine-Match Thursday, November 20, 2025 1:18:19 AM
 Blitz 1/1 

Pairing 8/105 :    SlowMate_v3.1  -  PositionalOpponent_v2.0

PGN-File: C:\Program Files (x86)\Arena\Tournaments\Engine Battle 20251119_3.pgn

No:  B/W 1/2     W:B       1:2           Time        Value Moves Dep 1:2       1-2-Draws
   2 B 1    1.0:0.0        2.0:0.0       1:19:47 AM   -11.90    11 3.200 :6.727  2-0-0

--------------------------------------------------------------

Engine-Match Thursday, November 20, 2025 1:19:49 AM
 Blitz 1/1 

Pairing 9/105 :    MaterialOpponent_v2.0  -  V7P3R_v16.0

PGN-File: C:\Program Files (x86)\Arena\Tournaments\Engine Battle 20251119_3.pgn

No:  B/W 1/2     W:B       1:2           Time        Value Moves Dep 1:2       1-2-Draws
   2 W 2    1.0:0.0        0.0:2.0       1:20:54 AM  +299.99    13 7.333 :2.167  0-2-0

--------------------------------------------------------------

Engine-Match Thursday, November 20, 2025 1:20:55 AM
 Blitz 1/1 

Pairing 10/105 :    C0BR4_v3.2  -  CoverageOpponent_v2.0

PGN-File: C:\Program Files (x86)\Arena\Tournaments\Engine Battle 20251119_3.pgn

No:  B/W 1/2     W:B       1:2           Time        Value Moves Dep 1:2       1-2-Draws
   2 B 1    1.0:0.0        2.0:0.0       1:22:13 AM  -299.97    16 4.000 :6.313  2-0-0

--------------------------------------------------------------

Engine-Match Thursday, November 20, 2025 1:22:15 AM
 Blitz 1/1 

Pairing 11/105 :    CaptureOpponent_v2.0  -  C0BR4_v3.1

PGN-File: C:\Program Files (x86)\Arena\Tournaments\Engine Battle 20251119_3.pgn

No:  B/W 1/2     W:B       1:2           Time        Value Moves Dep 1:2       1-2-Draws
   2 W 2    1.0:0.0        0.0:2.0       1:22:41 AM  +299.97     5 4.750 :4.000  0-2-0

--------------------------------------------------------------

Engine-Match Thursday, November 20, 2025 1:22:43 AM
 Blitz 1/1 

Pairing 12/105 :    CoverageOpponent  -  V7P3R_v14.1

PGN-File: C:\Program Files (x86)\Arena\Tournaments\Engine Battle 20251119_3.pgn

No:  B/W 1/2     W:B       1:2           Time        Value Moves Dep 1:2       1-2-Draws
   2 W 2    1.0:0.0        0.0:2.0       1:25:09 AM  +289.97    30 5.731 :3.364  0-2-0

--------------------------------------------------------------

Engine-Match Thursday, November 20, 2025 1:25:10 AM
 Blitz 1/1 

Pairing 13/105 :    CaptureOpponent  -  MaterialOpponent

PGN-File: C:\Program Files (x86)\Arena\Tournaments\Engine Battle 20251119_3.pgn

No:  B/W 1/2     W:B       1:2           Time        Value Moves Dep 1:2       1-2-Draws
   2 = =    0.5:0.5        0.5:1.5       1:27:24 AM     0.00    31 4.000 :6.000  0-1-1

--------------------------------------------------------------

Engine-Match Thursday, November 20, 2025 1:27:26 AM
 Blitz 1/1 

Pairing 14/105 :    PositionalOpponent  -  RandomOpponent

PGN-File: C:\Program Files (x86)\Arena\Tournaments\Engine Battle 20251119_3.pgn

No:  B/W 1/2     W:B       1:2           Time        Value Moves Dep 1:2       1-2-Draws
   2 B 1    1.0:0.0        2.0:0.0       1:28:48 AM  -299.99    18 5.722 :0 2-0-0

--------------------------------------------------------------

Engine-Match Thursday, November 20, 2025 1:28:50 AM
 Blitz 1/1 

Pairing 15/105 :    Stockfish 1%  -  MaterialOpponent_v2.0

PGN-File: C:\Program Files (x86)\Arena\Tournaments\Engine Battle 20251119_3.pgn

No:  B/W 1/2     W:B       1:2           Time        Value Moves Dep 1:2       1-2-Draws
   2 B 1    1.0:0.0        2.0:0.0       1:30:08 AM   -10.00    15 9.500 :8.267  2-0-0

--------------------------------------------------------------

Engine-Match Thursday, November 20, 2025 1:30:19 AM
 Blitz 1/1 

Pairing 16/105 :    CoverageOpponent_v2.0  -  SlowMate_v3.1

PGN-File: C:\Program Files (x86)\Arena\Tournaments\Engine Battle 20251119_3.pgn

No:  B/W 1/2     W:B       1:2           Time        Value Moves Dep 1:2       1-2-Draws
   2 W 2    1.0:0.0        0.0:2.0       1:33:18 AM  +134.45    38 5.800 :3.000  0-2-0

--------------------------------------------------------------

Engine-Match Thursday, November 20, 2025 1:33:20 AM
 Blitz 1/1 

Pairing 17/105 :    V7P3R_v16.0  -  CaptureOpponent_v2.0

PGN-File: C:\Program Files (x86)\Arena\Tournaments\Engine Battle 20251119_3.pgn

No:  B/W 1/2     W:B       1:2           Time        Value Moves Dep 1:2       1-2-Draws
   2 B 1    1.0:0.0        2.0:0.0       1:34:43 AM  -299.99    19 2.000 :4.368  2-0-0

--------------------------------------------------------------

Engine-Match Thursday, November 20, 2025 1:34:45 AM
 Blitz 1/1 

Pairing 18/105 :    V7P3R_v14.1  -  C0BR4_v3.2

PGN-File: C:\Program Files (x86)\Arena\Tournaments\Engine Battle 20251119_3.pgn

No:  B/W 1/2     W:B       1:2           Time        Value Moves Dep 1:2       1-2-Draws
   2 = =    1.0:1.0        1.0:1.0       1:36:48 AM    +8.24    58 3.162 :4.000  0-0-2

--------------------------------------------------------------

Engine-Match Thursday, November 20, 2025 1:36:49 AM
 Blitz 1/1 

Pairing 19/105 :    C0BR4_v3.1  -  CaptureOpponent

PGN-File: C:\Program Files (x86)\Arena\Tournaments\Engine Battle 20251119_3.pgn

No:  B/W 1/2     W:B       1:2           Time        Value Moves Dep 1:2       1-2-Draws
   2 B 1    1.0:0.0        2.0:0.0       1:38:06 AM  -299.97    16 4.000 :4.625  2-0-0

--------------------------------------------------------------

Engine-Match Thursday, November 20, 2025 1:38:08 AM
 Blitz 1/1 

Pairing 20/105 :    RandomOpponent  -  CoverageOpponent

PGN-File: C:\Program Files (x86)\Arena\Tournaments\Engine Battle 20251119_3.pgn

No:  B/W 1/2     W:B       1:2           Time        Value Moves Dep 1:2       1-2-Draws
   2 W 2    1.0:0.0        0.0:2.0       1:39:30 AM  +299.99    20 0:5.200  0-2-0

--------------------------------------------------------------

Engine-Match Thursday, November 20, 2025 1:39:32 AM
 Blitz 1/1 

Pairing 21/105 :    MaterialOpponent  -  PositionalOpponent

PGN-File: C:\Program Files (x86)\Arena\Tournaments\Engine Battle 20251119_3.pgn

No:  B/W 1/2     W:B       1:2           Time        Value Moves Dep 1:2       1-2-Draws
   2 B 1    1.0:0.0        2.0:0.0       1:42:03 AM   -15.90    33 6.000 :5.567  2-0-0

--------------------------------------------------------------

Engine-Match Thursday, November 20, 2025 1:42:05 AM
 Blitz 1/1 

Pairing 22/105 :    PositionalOpponent_v2.0  -  CoverageOpponent_v2.0

PGN-File: C:\Program Files (x86)\Arena\Tournaments\Engine Battle 20251119_3.pgn

No:  B/W 1/2     W:B       1:2           Time        Value Moves Dep 1:2       1-2-Draws
   2 B 1    1.0:0.0        2.0:0.0       1:45:56 AM  -299.99    48 6.429 :6.143  2-0-0

--------------------------------------------------------------

Engine-Match Thursday, November 20, 2025 1:45:58 AM
 Blitz 1/1 

Pairing 23/105 :    CaptureOpponent_v2.0  -  Stockfish 1%

PGN-File: C:\Program Files (x86)\Arena\Tournaments\Engine Battle 20251119_3.pgn

No:  B/W 1/2     W:B       1:2           Time        Value Moves Dep 1:2       1-2-Draws
   2 W 2    1.0:0.0        0.0:2.0       1:47:04 AM  +111.70    11 3.727 :7.750  0-2-0

--------------------------------------------------------------

Engine-Match Thursday, November 20, 2025 1:47:05 AM
 Blitz 1/1 

Pairing 24/105 :    SlowMate_v3.1  -  V7P3R_v14.1

PGN-File: C:\Program Files (x86)\Arena\Tournaments\Engine Battle 20251119_3.pgn

No:  B/W 1/2     W:B       1:2           Time        Value Moves Dep 1:2       1-2-Draws
   2 = =    1.0:1.0        1.0:1.0       1:51:11 AM    -2.94    77 3.136 :3.316  0-0-2

--------------------------------------------------------------

Engine-Match Thursday, November 20, 2025 1:51:12 AM
 Blitz 1/1 

Pairing 25/105 :    CaptureOpponent  -  V7P3R_v16.0

PGN-File: C:\Program Files (x86)\Arena\Tournaments\Engine Battle 20251119_3.pgn

No:  B/W 1/2     W:B       1:2           Time        Value Moves Dep 1:2       1-2-Draws
   2 W 2    1.0:0.0        0.0:2.0       1:51:52 AM  +119.25     6 4.167 :2.000  0-2-0

--------------------------------------------------------------

Engine-Match Thursday, November 20, 2025 1:51:53 AM
 Blitz 1/1 

Pairing 26/105 :    C0BR4_v3.2  -  RandomOpponent

PGN-File: C:\Program Files (x86)\Arena\Tournaments\Engine Battle 20251119_3.pgn

No:  B/W 1/2     W:B       1:2           Time        Value Moves Dep 1:2       1-2-Draws
   2 B 1    1.0:0.0        2.0:0.0       1:52:13 AM  -299.97    24 3.913 :0 2-0-0

--------------------------------------------------------------

Engine-Match Thursday, November 20, 2025 1:52:14 AM
 Blitz 1/1 

Pairing 27/105 :    PositionalOpponent  -  C0BR4_v3.1

PGN-File: C:\Program Files (x86)\Arena\Tournaments\Engine Battle 20251119_3.pgn

No:  B/W 1/2     W:B       1:2           Time        Value Moves Dep 1:2       1-2-Draws
   2 W 2    1.0:0.0        0.0:2.0       1:53:10 AM   +19.70    11 6.000 :4.000  0-2-0

--------------------------------------------------------------

Engine-Match Thursday, November 20, 2025 1:53:11 AM
 Blitz 1/1 

Pairing 28/105 :    CoverageOpponent  -  MaterialOpponent

PGN-File: C:\Program Files (x86)\Arena\Tournaments\Engine Battle 20251119_3.pgn

No:  B/W 1/2     W:B       1:2           Time        Value Moves Dep 1:2       1-2-Draws
   2 W 2    1.0:0.0        0.0:2.0       1:54:54 AM  +299.99    23 5.955 :6.000  0-2-0

--------------------------------------------------------------

Engine-Match Thursday, November 20, 2025 1:54:56 AM
 Blitz 1/1 

Pairing 29/105 :    MaterialOpponent_v2.0  -  CaptureOpponent_v2.0

PGN-File: C:\Program Files (x86)\Arena\Tournaments\Engine Battle 20251119_3.pgn

No:  B/W 1/2     W:B       1:2           Time        Value Moves Dep 1:2       1-2-Draws
   2 B 1    1.0:0.0        2.0:0.0       1:57:49 AM  -299.99    24 8.458 :5.250  2-0-0

--------------------------------------------------------------

Engine-Match Thursday, November 20, 2025 1:57:50 AM
 Blitz 1/1 

Pairing 30/105 :    V7P3R_v14.1  -  PositionalOpponent_v2.0

PGN-File: C:\Program Files (x86)\Arena\Tournaments\Engine Battle 20251119_3.pgn

No:  B/W 1/2     W:B       1:2           Time        Value Moves Dep 1:2       1-2-Draws
   2 B 1    1.0:0.0        2.0:0.0       1:59:21 AM   -15.50    14 3.417 :6.286  2-0-0

--------------------------------------------------------------

Engine-Match Thursday, November 20, 2025 1:59:23 AM
 Blitz 1/1 

Pairing 31/105 :    Stockfish 1%  -  CaptureOpponent

PGN-File: C:\Program Files (x86)\Arena\Tournaments\Engine Battle 20251119_3.pgn

No:  B/W 1/2     W:B       1:2           Time        Value Moves Dep 1:2       1-2-Draws
   2 B 1    1.0:0.0        2.0:0.0       2:01:27 AM      -M1    40 9.000 :4.250  2-0-0

--------------------------------------------------------------

Engine-Match Thursday, November 20, 2025 2:01:29 AM
 Blitz 1/1 

Pairing 32/105 :    RandomOpponent  -  SlowMate_v3.1

PGN-File: C:\Program Files (x86)\Arena\Tournaments\Engine Battle 20251119_3.pgn

No:  B/W 1/2     W:B       1:2           Time        Value Moves Dep 1:2       1-2-Draws
   2 W 2    1.0:0.0        0.0:2.0       2:02:30 AM  +192.61    23 0:2.870  0-2-0

--------------------------------------------------------------

Engine-Match Thursday, November 20, 2025 2:02:32 AM
 Blitz 1/1 

Pairing 33/105 :    V7P3R_v16.0  -  PositionalOpponent

PGN-File: C:\Program Files (x86)\Arena\Tournaments\Engine Battle 20251119_3.pgn

No:  B/W 1/2     W:B       1:2           Time        Value Moves Dep 1:2       1-2-Draws
   2 B 1    1.0:0.0        1.0:1.0       2:03:31 AM   -11.90    12 2.000 :6.000  1-1-0

--------------------------------------------------------------

Engine-Match Thursday, November 20, 2025 2:03:33 AM
 Blitz 1/1 

Pairing 34/105 :    MaterialOpponent  -  C0BR4_v3.2

PGN-File: C:\Program Files (x86)\Arena\Tournaments\Engine Battle 20251119_3.pgn

No:  B/W 1/2     W:B       1:2           Time        Value Moves Dep 1:2       1-2-Draws
   2 B 1    1.0:0.0        2.0:0.0       2:05:37 AM  -299.99    36 6.000 :3.971  2-0-0

--------------------------------------------------------------

Engine-Match Thursday, November 20, 2025 2:05:39 AM
 Blitz 1/1 

Pairing 35/105 :    C0BR4_v3.1  -  CoverageOpponent

PGN-File: C:\Program Files (x86)\Arena\Tournaments\Engine Battle 20251119_3.pgn

No:  B/W 1/2     W:B       1:2           Time        Value Moves Dep 1:2       1-2-Draws
   2 B 1    1.0:0.0        2.0:0.0       2:07:06 AM  -299.97    18 4.000 :5.833  2-0-0

--------------------------------------------------------------

Engine-Match Thursday, November 20, 2025 2:07:17 AM
 Blitz 1/1 

Pairing 36/105 :    CoverageOpponent_v2.0  -  V7P3R_v14.1

PGN-File: C:\Program Files (x86)\Arena\Tournaments\Engine Battle 20251119_3.pgn

No:  B/W 1/2     W:B       1:2           Time        Value Moves Dep 1:2       1-2-Draws
   2 W 2    1.0:0.0        0.0:2.0       2:09:08 AM  +289.97    21 6.050 :3.400  0-2-0

--------------------------------------------------------------

Engine-Match Thursday, November 20, 2025 2:09:09 AM
 Blitz 1/1 

Pairing 37/105 :    CaptureOpponent  -  MaterialOpponent_v2.0

PGN-File: C:\Program Files (x86)\Arena\Tournaments\Engine Battle 20251119_3.pgn

No:  B/W 1/2     W:B       1:2           Time        Value Moves Dep 1:2       1-2-Draws
   2 W 2    1.0:0.0        0.0:2.0       2:11:54 AM  +143.95    21 4.095 :8.000  0-2-0

--------------------------------------------------------------

Engine-Match Thursday, November 20, 2025 2:11:55 AM
 Blitz 1/1 

Pairing 38/105 :    PositionalOpponent_v2.0  -  RandomOpponent

PGN-File: C:\Program Files (x86)\Arena\Tournaments\Engine Battle 20251119_3.pgn

No:  B/W 1/2     W:B       1:2           Time        Value Moves Dep 1:2       1-2-Draws
   2 B 1    1.0:0.0        2.0:0.0       2:13:07 AM  -299.99    13 6.462 :0 2-0-0

--------------------------------------------------------------

Engine-Match Thursday, November 20, 2025 2:13:08 AM
 Blitz 1/1 

Pairing 39/105 :    PositionalOpponent  -  Stockfish 1%

PGN-File: C:\Program Files (x86)\Arena\Tournaments\Engine Battle 20251119_3.pgn

No:  B/W 1/2     W:B       1:2           Time        Value Moves Dep 1:2       1-2-Draws
   2 = =    0.5:0.5        0.5:1.5       2:15:46 AM     0.00   105 5.700 :8.400  0-1-1

--------------------------------------------------------------

Engine-Match Thursday, November 20, 2025 2:15:48 AM
 Blitz 1/1 

Pairing 40/105 :    SlowMate_v3.1  -  MaterialOpponent

PGN-File: C:\Program Files (x86)\Arena\Tournaments\Engine Battle 20251119_3.pgn

No:  B/W 1/2     W:B       1:2           Time        Value Moves Dep 1:2       1-2-Draws
   2 = =    0.5:0.5        0.5:1.5       2:16:43 AM    -3.77    14 2.643 :6.000  0-1-1

--------------------------------------------------------------

Engine-Match Thursday, November 20, 2025 2:16:44 AM
 Blitz 1/1 

Pairing 41/105 :    CoverageOpponent  -  V7P3R_v16.0

PGN-File: C:\Program Files (x86)\Arena\Tournaments\Engine Battle 20251119_3.pgn

No:  B/W 1/2     W:B       1:2           Time        Value Moves Dep 1:2       1-2-Draws
   2 W 2    1.0:0.0        0.0:2.0       2:18:59 AM  +299.98    58 5.900 :2.000  0-2-0

--------------------------------------------------------------

Engine-Match Thursday, November 20, 2025 2:19:00 AM
 Blitz 1/1 

Pairing 42/105 :    C0BR4_v3.2  -  C0BR4_v3.1

PGN-File: C:\Program Files (x86)\Arena\Tournaments\Engine Battle 20251119_3.pgn

No:  B/W 1/2     W:B       1:2           Time        Value Moves Dep 1:2       1-2-Draws
   2 = =    1.0:1.0        1.0:1.0       2:19:34 AM    +1.70    27 4.000 :4.000  0-0-2

--------------------------------------------------------------

Engine-Match Thursday, November 20, 2025 2:19:36 AM
 Blitz 1/1 

Pairing 43/105 :    CaptureOpponent_v2.0  -  CaptureOpponent

PGN-File: C:\Program Files (x86)\Arena\Tournaments\Engine Battle 20251119_3.pgn

No:  B/W 1/2     W:B       1:2           Time        Value Moves Dep 1:2       1-2-Draws
   2 W 2    1.0:0.0        1.0:1.0       2:22:13 AM   +72.45    22 4.318 :4.364  1-1-0

--------------------------------------------------------------

Engine-Match Thursday, November 20, 2025 2:22:15 AM
 Blitz 1/1 

Pairing 44/105 :    RandomOpponent  -  CoverageOpponent_v2.0

PGN-File: C:\Program Files (x86)\Arena\Tournaments\Engine Battle 20251119_3.pgn

No:  B/W 1/2     W:B       1:2           Time        Value Moves Dep 1:2       1-2-Draws
   2 W 2    1.0:0.0        0.0:2.0       2:24:21 AM  +299.99    42 0:5.306  0-2-0

--------------------------------------------------------------

Engine-Match Thursday, November 20, 2025 2:24:23 AM
 Blitz 1/1 

Pairing 45/105 :    MaterialOpponent_v2.0  -  PositionalOpponent

PGN-File: C:\Program Files (x86)\Arena\Tournaments\Engine Battle 20251119_3.pgn

No:  B/W 1/2     W:B       1:2           Time        Value Moves Dep 1:2       1-2-Draws
   2 = =    0.5:0.5        1.5:0.5       2:27:31 AM    -0.80    32 8.176 :6.000  1-0-1

--------------------------------------------------------------

Engine-Match Thursday, November 20, 2025 2:27:32 AM
 Blitz 1/1 

Pairing 46/105 :    MaterialOpponent  -  PositionalOpponent_v2.0

PGN-File: C:\Program Files (x86)\Arena\Tournaments\Engine Battle 20251119_3.pgn

No:  B/W 1/2     W:B       1:2           Time        Value Moves Dep 1:2       1-2-Draws
   2 B 1    1.0:0.0        2.0:0.0       2:29:12 AM   -20.10    18 6.000 :6.611  2-0-0

--------------------------------------------------------------

Engine-Match Thursday, November 20, 2025 2:29:14 AM
 Blitz 1/1 

Pairing 47/105 :    Stockfish 1%  -  CoverageOpponent

PGN-File: C:\Program Files (x86)\Arena\Tournaments\Engine Battle 20251119_3.pgn

No:  B/W 1/2     W:B       1:2           Time        Value Moves Dep 1:2       1-2-Draws
   2 B 1    1.5:0.5        1.5:0.5       2:31:16 AM      -M1    39 9.500 :5.282  1-0-1

--------------------------------------------------------------

Engine-Match Thursday, November 20, 2025 2:31:17 AM
 Blitz 1/1 

Pairing 48/105 :    C0BR4_v3.1  -  SlowMate_v3.1

PGN-File: C:\Program Files (x86)\Arena\Tournaments\Engine Battle 20251119_3.pgn

No:  B/W 1/2     W:B       1:2           Time        Value Moves Dep 1:2       1-2-Draws
   2 B 1    1.0:0.0        2.0:0.0       2:33:09 AM  -299.97    38 4.000 :2.895  2-0-0

--------------------------------------------------------------

Engine-Match Thursday, November 20, 2025 2:33:10 AM
 Blitz 1/1 

Pairing 49/105 :    V7P3R_v16.0  -  C0BR4_v3.2

PGN-File: C:\Program Files (x86)\Arena\Tournaments\Engine Battle 20251119_3.pgn

No:  B/W 1/2     W:B       1:2           Time        Value Moves Dep 1:2       1-2-Draws
   2 W 2    1.0:0.0        0.0:2.0       2:33:38 AM  +299.97    38 2.226 :4.000  0-2-0

--------------------------------------------------------------

Engine-Match Thursday, November 20, 2025 2:33:39 AM
 Blitz 1/1 

Pairing 50/105 :    V7P3R_v14.1  -  RandomOpponent

PGN-File: C:\Program Files (x86)\Arena\Tournaments\Engine Battle 20251119_3.pgn

No:  B/W 1/2     W:B       1:2           Time        Value Moves Dep 1:2       1-2-Draws
   2 B 1    1.0:0.0        2.0:0.0       2:34:16 AM     0.00    20 3.333 :0 2-0-0

--------------------------------------------------------------

Engine-Match Thursday, November 20, 2025 2:34:18 AM
 Blitz 1/1 

Pairing 51/105 :    PositionalOpponent  -  CaptureOpponent_v2.0

PGN-File: C:\Program Files (x86)\Arena\Tournaments\Engine Battle 20251119_3.pgn

No:  B/W 1/2     W:B       1:2           Time        Value Moves Dep 1:2       1-2-Draws
   2 B 1    1.0:0.0        2.0:0.0       2:36:53 AM  -299.99    19 5.789 :3.579  2-0-0

--------------------------------------------------------------

Engine-Match Thursday, November 20, 2025 2:36:54 AM
 Blitz 1/1 

Pairing 52/105 :    CoverageOpponent_v2.0  -  MaterialOpponent

PGN-File: C:\Program Files (x86)\Arena\Tournaments\Engine Battle 20251119_3.pgn

No:  B/W 1/2     W:B       1:2           Time        Value Moves Dep 1:2       1-2-Draws
   2 W 2    1.0:0.0        0.0:2.0       2:38:58 AM  +299.99    29 5.857 :6.000  0-2-0

--------------------------------------------------------------

Engine-Match Thursday, November 20, 2025 2:38:59 AM
 Blitz 1/1 

Pairing 53/105 :    CoverageOpponent  -  MaterialOpponent_v2.0

PGN-File: C:\Program Files (x86)\Arena\Tournaments\Engine Battle 20251119_3.pgn

No:  B/W 1/2     W:B       1:2           Time        Value Moves Dep 1:2       1-2-Draws
   2 = =    0.5:0.5        1.5:0.5       2:42:00 AM    +0.19    28 5.900 :8.400  1-0-1

--------------------------------------------------------------

Engine-Match Thursday, November 20, 2025 2:42:02 AM
 Blitz 1/1 

Pairing 54/105 :    PositionalOpponent_v2.0  -  C0BR4_v3.1

PGN-File: C:\Program Files (x86)\Arena\Tournaments\Engine Battle 20251119_3.pgn

No:  B/W 1/2     W:B       1:2           Time        Value Moves Dep 1:2       1-2-Draws
   2 W 2    1.0:0.0        0.0:2.0       2:43:05 AM   +15.80    10 6.900 :4.000  0-2-0

--------------------------------------------------------------

Engine-Match Thursday, November 20, 2025 2:43:07 AM
 Blitz 1/1 

Pairing 55/105 :    C0BR4_v3.2  -  Stockfish 1%

PGN-File: C:\Program Files (x86)\Arena\Tournaments\Engine Battle 20251119_3.pgn

No:  B/W 1/2     W:B       1:2           Time        Value Moves Dep 1:2       1-2-Draws
   2 = =    0.5:0.5        0.5:1.5       2:44:08 AM   -65.33    81 4.000 :8.250  0-1-1

--------------------------------------------------------------

Engine-Match Thursday, November 20, 2025 2:44:16 AM
 Blitz 1/1 

Pairing 56/105 :    SlowMate_v3.1  -  V7P3R_v16.0

PGN-File: C:\Program Files (x86)\Arena\Tournaments\Engine Battle 20251119_3.pgn

No:  B/W 1/2     W:B       1:2           Time        Value Moves Dep 1:2       1-2-Draws
   2 B 1    1.0:0.0        2.0:0.0       2:45:20 AM  -299.98    26 2.520 :2.800  2-0-0

--------------------------------------------------------------

Engine-Match Thursday, November 20, 2025 2:45:21 AM
 Blitz 1/1 

Pairing 57/105 :    CaptureOpponent  -  PositionalOpponent

PGN-File: C:\Program Files (x86)\Arena\Tournaments\Engine Battle 20251119_3.pgn

No:  B/W 1/2     W:B       1:2           Time        Value Moves Dep 1:2       1-2-Draws
   2 W 2    1.0:0.0        0.0:2.0       2:46:42 AM   +59.25     8 4.625 :5.875  0-2-0

--------------------------------------------------------------

Engine-Match Thursday, November 20, 2025 2:46:44 AM
 Blitz 1/1 

Pairing 58/105 :    MaterialOpponent  -  V7P3R_v14.1

PGN-File: C:\Program Files (x86)\Arena\Tournaments\Engine Battle 20251119_3.pgn

No:  B/W 1/2     W:B       1:2           Time        Value Moves Dep 1:2       1-2-Draws
   2 = =    1.0:1.0        1.0:1.0       2:48:51 AM    +3.46    30 6.000 :2.900  0-0-2

--------------------------------------------------------------

Engine-Match Thursday, November 20, 2025 2:48:53 AM
 Blitz 1/1 

Pairing 59/105 :    CaptureOpponent_v2.0  -  CoverageOpponent

PGN-File: C:\Program Files (x86)\Arena\Tournaments\Engine Battle 20251119_3.pgn

No:  B/W 1/2     W:B       1:2           Time        Value Moves Dep 1:2       1-2-Draws
   2 W 2    1.0:0.0        0.0:2.0       2:50:22 AM   +79.25     8 4.250 :5.500  0-2-0

--------------------------------------------------------------

Engine-Match Thursday, November 20, 2025 2:50:23 AM
 Blitz 1/1 

Pairing 60/105 :    C0BR4_v3.1  -  CoverageOpponent_v2.0

PGN-File: C:\Program Files (x86)\Arena\Tournaments\Engine Battle 20251119_3.pgn

No:  B/W 1/2     W:B       1:2           Time        Value Moves Dep 1:2       1-2-Draws
   2 B 1    1.0:0.0        2.0:0.0       2:51:41 AM  -299.97    14 3.846 :6.214  2-0-0

--------------------------------------------------------------

Engine-Match Thursday, November 20, 2025 2:51:43 AM
 Blitz 1/1 

Pairing 61/105 :    MaterialOpponent_v2.0  -  C0BR4_v3.2

PGN-File: C:\Program Files (x86)\Arena\Tournaments\Engine Battle 20251119_3.pgn

No:  B/W 1/2     W:B       1:2           Time        Value Moves Dep 1:2       1-2-Draws
   2 W 2    1.0:0.0        0.0:2.0       2:52:53 AM  +299.97    13 8.000 :4.000  0-2-0

--------------------------------------------------------------

Engine-Match Thursday, November 20, 2025 2:52:55 AM
 Blitz 1/1 

Pairing 62/105 :    V7P3R_v16.0  -  PositionalOpponent_v2.0

PGN-File: C:\Program Files (x86)\Arena\Tournaments\Engine Battle 20251119_3.pgn

No:  B/W 1/2     W:B       1:2           Time        Value Moves Dep 1:2       1-2-Draws
   2 B 1    1.0:0.0        2.0:0.0       2:54:03 AM  -299.99    13 2.308 :6.615  2-0-0

--------------------------------------------------------------

Engine-Match Thursday, November 20, 2025 2:54:05 AM
 Blitz 1/1 

Pairing 63/105 :    Stockfish 1%  -  SlowMate_v3.1

PGN-File: C:\Program Files (x86)\Arena\Tournaments\Engine Battle 20251119_3.pgn

No:  B/W 1/2     W:B       1:2           Time        Value Moves Dep 1:2       1-2-Draws
   2 B 1    1.0:0.0        2.0:0.0       2:57:10 AM    -9.13    96 7.500 :2.700  2-0-0

--------------------------------------------------------------

Engine-Match Thursday, November 20, 2025 2:57:12 AM
 Blitz 1/1 

Pairing 64/105 :    RandomOpponent  -  MaterialOpponent

PGN-File: C:\Program Files (x86)\Arena\Tournaments\Engine Battle 20251119_3.pgn

No:  B/W 1/2     W:B       1:2           Time        Value Moves Dep 1:2       1-2-Draws
   2 W 2    1.0:0.0        0.0:2.0       2:57:56 AM  +299.99    36 0:6.000  0-2-0

--------------------------------------------------------------

Engine-Match Thursday, November 20, 2025 2:57:57 AM
 Blitz 1/1 

Pairing 65/105 :    CoverageOpponent  -  CaptureOpponent

PGN-File: C:\Program Files (x86)\Arena\Tournaments\Engine Battle 20251119_3.pgn

No:  B/W 1/2     W:B       1:2           Time        Value Moves Dep 1:2       1-2-Draws
   2 B 1    1.0:0.0        2.0:0.0       3:00:33 AM  -299.99    19 5.737 :3.526  2-0-0

--------------------------------------------------------------

Engine-Match Thursday, November 20, 2025 3:00:35 AM
 Blitz 1/1 

Pairing 66/105 :    V7P3R_v14.1  -  C0BR4_v3.1

PGN-File: C:\Program Files (x86)\Arena\Tournaments\Engine Battle 20251119_3.pgn

No:  B/W 1/2     W:B       1:2           Time        Value Moves Dep 1:2       1-2-Draws
   2 W 2    1.5:0.5        0.5:1.5       3:01:44 AM   +42.02    28 3.250 :4.000  0-1-1

--------------------------------------------------------------

Engine-Match Thursday, November 20, 2025 3:01:45 AM
 Blitz 1/1 

Pairing 67/105 :    C0BR4_v3.2  -  CaptureOpponent_v2.0

PGN-File: C:\Program Files (x86)\Arena\Tournaments\Engine Battle 20251119_3.pgn

No:  B/W 1/2     W:B       1:2           Time        Value Moves Dep 1:2       1-2-Draws
   2 B 1    1.0:0.0        2.0:0.0       3:02:35 AM  -299.97     8 3.714 :4.125  2-0-0

--------------------------------------------------------------

Engine-Match Thursday, November 20, 2025 3:02:37 AM
 Blitz 1/1 

Pairing 68/105 :    CoverageOpponent_v2.0  -  V7P3R_v16.0

PGN-File: C:\Program Files (x86)\Arena\Tournaments\Engine Battle 20251119_3.pgn

No:  B/W 1/2     W:B       1:2           Time        Value Moves Dep 1:2       1-2-Draws
   2 W 2    1.0:0.0        0.0:2.0       3:04:05 AM  +299.99    21 6.050 :2.200  0-2-0

--------------------------------------------------------------

Engine-Match Thursday, November 20, 2025 3:04:07 AM
 Blitz 1/1 

Pairing 69/105 :    SlowMate_v3.1  -  MaterialOpponent_v2.0

PGN-File: C:\Program Files (x86)\Arena\Tournaments\Engine Battle 20251119_3.pgn

No:  B/W 1/2     W:B       1:2           Time        Value Moves Dep 1:2       1-2-Draws
   2 B 1    1.0:0.0        2.0:0.0       3:06:11 AM   -26.05    20 3.167 :8.053  2-0-0

--------------------------------------------------------------

Engine-Match Thursday, November 20, 2025 3:06:12 AM
 Blitz 1/1 

Pairing 70/105 :    PositionalOpponent_v2.0  -  Stockfish 1%

PGN-File: C:\Program Files (x86)\Arena\Tournaments\Engine Battle 20251119_3.pgn

No:  B/W 1/2     W:B       1:2           Time        Value Moves Dep 1:2       1-2-Draws
   2 W 2    1.0:0.0        0.0:2.0       3:07:36 AM      +M1    20 6.421 :9.750  0-2-0

--------------------------------------------------------------

Engine-Match Thursday, November 20, 2025 3:07:37 AM
 Blitz 1/1 

Pairing 71/105 :    PositionalOpponent  -  CoverageOpponent

PGN-File: C:\Program Files (x86)\Arena\Tournaments\Engine Battle 20251119_3.pgn

No:  B/W 1/2     W:B       1:2           Time        Value Moves Dep 1:2       1-2-Draws
   2 B 1    1.0:0.0        2.0:0.0       3:10:49 AM  -299.99    33 5.739 :5.826  2-0-0

--------------------------------------------------------------

Engine-Match Thursday, November 20, 2025 3:10:51 AM
 Blitz 1/1 

Pairing 72/105 :    C0BR4_v3.1  -  RandomOpponent

PGN-File: C:\Program Files (x86)\Arena\Tournaments\Engine Battle 20251119_3.pgn

No:  B/W 1/2     W:B       1:2           Time        Value Moves Dep 1:2       1-2-Draws
   2 B 1    1.0:0.0        2.0:0.0       3:11:18 AM  -299.97    19 3.882 :0 2-0-0

--------------------------------------------------------------

Engine-Match Thursday, November 20, 2025 3:11:20 AM
 Blitz 1/1 

Pairing 73/105 :    CaptureOpponent  -  C0BR4_v3.2

PGN-File: C:\Program Files (x86)\Arena\Tournaments\Engine Battle 20251119_3.pgn

No:  B/W 1/2     W:B       1:2           Time        Value Moves Dep 1:2       1-2-Draws
   2 W 2    1.0:0.0        0.0:2.0       3:11:55 AM  +299.97     6 4.400 :4.000  0-2-0

--------------------------------------------------------------

Engine-Match Thursday, November 20, 2025 3:11:57 AM
 Blitz 1/1 

Pairing 74/105 :    V7P3R_v16.0  -  V7P3R_v14.1

PGN-File: C:\Program Files (x86)\Arena\Tournaments\Engine Battle 20251119_3.pgn

No:  B/W 1/2     W:B       1:2           Time        Value Moves Dep 1:2       1-2-Draws
   2 W 2    1.0:0.0        0.0:2.0       3:13:30 AM    +9.80    54 2.029 :3.185  0-2-0

--------------------------------------------------------------

Engine-Match Thursday, November 20, 2025 3:13:31 AM
 Blitz 1/1 

Pairing 75/105 :    CaptureOpponent_v2.0  -  SlowMate_v3.1

PGN-File: C:\Program Files (x86)\Arena\Tournaments\Engine Battle 20251119_3.pgn

No:  B/W 1/2     W:B       1:2           Time        Value Moves Dep 1:2       1-2-Draws
   2 W 2    1.0:0.0        0.0:2.0       3:14:40 AM   +19.25     8 4.250 :2.875  0-2-0

--------------------------------------------------------------

Engine-Match Thursday, November 20, 2025 3:14:51 AM
 Blitz 1/1 

Pairing 76/105 :    Stockfish 1%  -  CoverageOpponent_v2.0

PGN-File: C:\Program Files (x86)\Arena\Tournaments\Engine Battle 20251119_3.pgn

No:  B/W 1/2     W:B       1:2           Time        Value Moves Dep 1:2       1-2-Draws
   2 B 1    1.0:0.0        2.0:0.0       3:16:01 AM      -M1    16 10.000 :5.875  2-0-0

--------------------------------------------------------------

Engine-Match Thursday, November 20, 2025 3:16:02 AM
 Blitz 1/1 

Pairing 77/105 :    MaterialOpponent_v2.0  -  PositionalOpponent_v2.0

PGN-File: C:\Program Files (x86)\Arena\Tournaments\Engine Battle 20251119_3.pgn

No:  B/W 1/2     W:B       1:2           Time        Value Moves Dep 1:2       1-2-Draws
   2 W 2    1.0:0.0        1.0:1.0       3:18:35 AM  +299.99    20 8.583 :6.538  1-1-0

--------------------------------------------------------------

Engine-Match Thursday, November 20, 2025 3:18:37 AM
 Blitz 1/1 

Pairing 78/105 :    MaterialOpponent  -  C0BR4_v3.1

PGN-File: C:\Program Files (x86)\Arena\Tournaments\Engine Battle 20251119_3.pgn

No:  B/W 1/2     W:B       1:2           Time        Value Moves Dep 1:2       1-2-Draws
   2 = =    1.0:1.0        1.0:1.0       3:19:13 AM    -3.25    15 6.000 :4.000  0-0-2

--------------------------------------------------------------

Engine-Match Thursday, November 20, 2025 3:19:15 AM
 Blitz 1/1 

Pairing 79/105 :    C0BR4_v3.2  -  PositionalOpponent

PGN-File: C:\Program Files (x86)\Arena\Tournaments\Engine Battle 20251119_3.pgn

No:  B/W 1/2     W:B       1:2           Time        Value Moves Dep 1:2       1-2-Draws
   2 B 1    1.5:0.5        1.5:0.5       3:21:02 AM  -299.94    51 4.000 :6.000  1-0-1

--------------------------------------------------------------

Engine-Match Thursday, November 20, 2025 3:21:04 AM
 Blitz 1/1 

Pairing 80/105 :    RandomOpponent  -  V7P3R_v16.0

PGN-File: C:\Program Files (x86)\Arena\Tournaments\Engine Battle 20251119_3.pgn

No:  B/W 1/2     W:B       1:2           Time        Value Moves Dep 1:2       1-2-Draws
   2 W 2    1.0:0.0        0.0:2.0       3:21:15 AM  +299.99    12 0:2.000  0-2-0

--------------------------------------------------------------

Engine-Match Thursday, November 20, 2025 3:21:17 AM
 Blitz 1/1 

Pairing 81/105 :    SlowMate_v3.1  -  CaptureOpponent

PGN-File: C:\Program Files (x86)\Arena\Tournaments\Engine Battle 20251119_3.pgn

No:  B/W 1/2     W:B       1:2           Time        Value Moves Dep 1:2       1-2-Draws
   2 = =    0.5:0.5        1.5:0.5       3:23:36 AM  +103.25    24 3.087 :5.083  1-0-1

--------------------------------------------------------------

Engine-Match Thursday, November 20, 2025 3:23:38 AM
 Blitz 1/1 

Pairing 82/105 :    V7P3R_v14.1  -  Stockfish 1%

PGN-File: C:\Program Files (x86)\Arena\Tournaments\Engine Battle 20251119_3.pgn

No:  B/W 1/2     W:B       1:2           Time        Value Moves Dep 1:2       1-2-Draws
   2 W 2    1.0:0.0        0.0:2.0       3:24:09 AM      +M1    16 3.000 :8.500  0-2-0

--------------------------------------------------------------

Engine-Match Thursday, November 20, 2025 3:24:11 AM
 Blitz 1/1 

Pairing 83/105 :    PositionalOpponent_v2.0  -  CaptureOpponent_v2.0

PGN-File: C:\Program Files (x86)\Arena\Tournaments\Engine Battle 20251119_3.pgn

No:  B/W 1/2     W:B       1:2           Time        Value Moves Dep 1:2       1-2-Draws
   2 B 1    1.0:0.0        2.0:0.0       3:25:46 AM  -299.99     9 6.556 :3.889  2-0-0

--------------------------------------------------------------

Engine-Match Thursday, November 20, 2025 3:25:47 AM
 Blitz 1/1 

Pairing 84/105 :    CoverageOpponent_v2.0  -  MaterialOpponent_v2.0

PGN-File: C:\Program Files (x86)\Arena\Tournaments\Engine Battle 20251119_3.pgn

No:  B/W 1/2     W:B       1:2           Time        Value Moves Dep 1:2       1-2-Draws
   2 W 2    1.0:0.0        1.0:1.0       3:28:30 AM  +299.99    21 5.950 :8.000  1-1-0

--------------------------------------------------------------

Engine-Match Thursday, November 20, 2025 3:28:31 AM
 Blitz 1/1 

Pairing 85/105 :    CoverageOpponent  -  C0BR4_v3.2

PGN-File: C:\Program Files (x86)\Arena\Tournaments\Engine Battle 20251119_3.pgn

No:  B/W 1/2     W:B       1:2           Time        Value Moves Dep 1:2       1-2-Draws
   2 W 2    1.0:0.0        0.0:2.0       3:29:57 AM  +299.97    17 5.688 :4.000  0-2-0

--------------------------------------------------------------

Engine-Match Thursday, November 20, 2025 3:29:59 AM
 Blitz 1/1 

Pairing 86/105 :    V7P3R_v16.0  -  MaterialOpponent

PGN-File: C:\Program Files (x86)\Arena\Tournaments\Engine Battle 20251119_3.pgn

No:  B/W 1/2     W:B       1:2           Time        Value Moves Dep 1:2       1-2-Draws
   2 W 2    1.0:0.0        0.0:2.0       3:31:13 AM  +299.99    32 2.129 :6.000  0-2-0

--------------------------------------------------------------

Engine-Match Thursday, November 20, 2025 3:31:15 AM
 Blitz 1/1 

Pairing 87/105 :    PositionalOpponent  -  SlowMate_v3.1

PGN-File: C:\Program Files (x86)\Arena\Tournaments\Engine Battle 20251119_3.pgn

No:  B/W 1/2     W:B       1:2           Time        Value Moves Dep 1:2       1-2-Draws
   2 W 2    1.0:0.0        0.0:2.0       3:32:50 AM   +17.40    13 5.769 :3.000  0-2-0

--------------------------------------------------------------

Engine-Match Thursday, November 20, 2025 3:32:52 AM
 Blitz 1/1 

Pairing 88/105 :    Stockfish 1%  -  RandomOpponent

PGN-File: C:\Program Files (x86)\Arena\Tournaments\Engine Battle 20251119_3.pgn

No:  B/W 1/2     W:B       1:2           Time        Value Moves Dep 1:2       1-2-Draws
   2 B 1    1.0:0.0        2.0:0.0       3:33:05 AM      -M1    13 10.000 :0 2-0-0

--------------------------------------------------------------

Engine-Match Thursday, November 20, 2025 3:33:06 AM
 Blitz 1/1 

Pairing 89/105 :    CaptureOpponent  -  PositionalOpponent_v2.0

PGN-File: C:\Program Files (x86)\Arena\Tournaments\Engine Battle 20251119_3.pgn

No:  B/W 1/2     W:B       1:2           Time        Value Moves Dep 1:2       1-2-Draws
   2 W 2    1.0:0.0        0.0:2.0       3:36:09 AM   +67.05    28 3.964 :6.357  0-2-0

--------------------------------------------------------------

Engine-Match Thursday, November 20, 2025 3:36:10 AM
 Blitz 1/1 

Pairing 90/105 :    MaterialOpponent_v2.0  -  V7P3R_v14.1

PGN-File: C:\Program Files (x86)\Arena\Tournaments\Engine Battle 20251119_3.pgn

No:  B/W 1/2     W:B       1:2           Time        Value Moves Dep 1:2       1-2-Draws
   2 W 2    1.0:0.0        0.0:2.0       3:37:15 AM  +289.97    10 9.444 :3.400  0-2-0

--------------------------------------------------------------

Engine-Match Thursday, November 20, 2025 3:37:17 AM
 Blitz 1/1 

Pairing 91/105 :    CaptureOpponent_v2.0  -  CoverageOpponent_v2.0

PGN-File: C:\Program Files (x86)\Arena\Tournaments\Engine Battle 20251119_3.pgn

No:  B/W 1/2     W:B       1:2           Time        Value Moves Dep 1:2       1-2-Draws
   2 W 2    1.0:0.0        0.0:2.0       3:38:49 AM  +119.25     8 4.125 :5.750  0-2-0

--------------------------------------------------------------

Engine-Match Thursday, November 20, 2025 3:38:50 AM
 Blitz 1/1 

Pairing 92/105 :    C0BR4_v3.1  -  V7P3R_v16.0

PGN-File: C:\Program Files (x86)\Arena\Tournaments\Engine Battle 20251119_3.pgn

No:  B/W 1/2     W:B       1:2           Time        Value Moves Dep 1:2       1-2-Draws
   2 = =    0.5:0.5        1.5:0.5       3:39:22 AM    +0.98    28 4.000 :2.111  1-0-1

--------------------------------------------------------------

Engine-Match Thursday, November 20, 2025 3:39:24 AM
 Blitz 1/1 

Pairing 93/105 :    SlowMate_v3.1  -  CoverageOpponent

PGN-File: C:\Program Files (x86)\Arena\Tournaments\Engine Battle 20251119_3.pgn

No:  B/W 1/2     W:B       1:2           Time        Value Moves Dep 1:2       1-2-Draws
   2 B 1    1.0:0.0        2.0:0.0       3:42:01 AM  -299.98    33 2.952 :5.864  2-0-0

--------------------------------------------------------------

Engine-Match Thursday, November 20, 2025 3:42:03 AM
 Blitz 1/1 

Pairing 94/105 :    MaterialOpponent  -  Stockfish 1%

PGN-File: C:\Program Files (x86)\Arena\Tournaments\Engine Battle 20251119_3.pgn

No:  B/W 1/2     W:B       1:2           Time        Value Moves Dep 1:2       1-2-Draws
   2 W 2    1.0:0.0        0.0:2.0       3:44:15 AM  +299.96    57 6.000 :7.333  0-2-0

--------------------------------------------------------------

Engine-Match Thursday, November 20, 2025 3:44:17 AM
 Blitz 1/1 

Pairing 95/105 :    PositionalOpponent_v2.0  -  PositionalOpponent

PGN-File: C:\Program Files (x86)\Arena\Tournaments\Engine Battle 20251119_3.pgn

No:  B/W 1/2     W:B       1:2           Time        Value Moves Dep 1:2       1-2-Draws
   2 W 2    1.0:0.0        0.0:2.0       3:45:51 AM   +13.20    10 6.400 :6.000  0-2-0

--------------------------------------------------------------

Engine-Match Thursday, November 20, 2025 3:46:06 AM
 Blitz 1/1 

Pairing 96/105 :    RandomOpponent  -  MaterialOpponent_v2.0

PGN-File: C:\Program Files (x86)\Arena\Tournaments\Engine Battle 20251119_3.pgn

No:  B/W 1/2     W:B       1:2           Time        Value Moves Dep 1:2       1-2-Draws
   2 W 2    1.0:0.0        0.0:2.0       3:47:33 AM  +299.99    24 0:8.083  0-2-0

--------------------------------------------------------------

Engine-Match Thursday, November 20, 2025 3:47:34 AM
 Blitz 1/1 

Pairing 97/105 :    CoverageOpponent_v2.0  -  CaptureOpponent

PGN-File: C:\Program Files (x86)\Arena\Tournaments\Engine Battle 20251119_3.pgn

No:  B/W 1/2     W:B       1:2           Time        Value Moves Dep 1:2       1-2-Draws
   2 B 1    1.0:0.0        2.0:0.0       3:49:57 AM  -299.99    16 5.875 :3.438  2-0-0

--------------------------------------------------------------

Engine-Match Thursday, November 20, 2025 3:49:59 AM
 Blitz 1/1 

Pairing 98/105 :    V7P3R_v14.1  -  CaptureOpponent_v2.0

PGN-File: C:\Program Files (x86)\Arena\Tournaments\Engine Battle 20251119_3.pgn

No:  B/W 1/2     W:B       1:2           Time        Value Moves Dep 1:2       1-2-Draws
   2 B 1    1.0:0.0        2.0:0.0       3:51:05 AM  -289.98     9 3.250 :4.556  2-0-0

--------------------------------------------------------------

Engine-Match Thursday, November 20, 2025 3:51:07 AM
 Blitz 1/1 

Pairing 99/105 :    C0BR4_v3.2  -  SlowMate_v3.1

PGN-File: C:\Program Files (x86)\Arena\Tournaments\Engine Battle 20251119_3.pgn

No:  B/W 1/2     W:B       1:2           Time        Value Moves Dep 1:2       1-2-Draws
   2 B 1    1.0:0.0        2.0:0.0       3:52:21 AM   -10.54    23 4.000 :2.870  2-0-0

--------------------------------------------------------------

Engine-Match Thursday, November 20, 2025 3:52:22 AM
 Blitz 1/1 

Pairing 100/105 :    Stockfish 1%  -  C0BR4_v3.1

PGN-File: C:\Program Files (x86)\Arena\Tournaments\Engine Battle 20251119_3.pgn

No:  B/W 1/2     W:B       1:2           Time        Value Moves Dep 1:2       1-2-Draws
   2 W 2    1.0:0.0        1.0:1.0       3:52:42 AM  +299.97    31 7.000 :3.931  1-1-0

--------------------------------------------------------------

Engine-Match Thursday, November 20, 2025 3:52:44 AM
 Blitz 1/1 

Pairing 101/105 :    CoverageOpponent  -  PositionalOpponent_v2.0

PGN-File: C:\Program Files (x86)\Arena\Tournaments\Engine Battle 20251119_3.pgn

No:  B/W 1/2     W:B       1:2           Time        Value Moves Dep 1:2       1-2-Draws
   2 W 2    1.0:0.0        1.0:1.0       3:56:27 AM  +299.99    50 5.714 :6.733  1-1-0

--------------------------------------------------------------

Engine-Match Thursday, November 20, 2025 3:56:29 AM
 Blitz 1/1 

Pairing 102/105 :    MaterialOpponent_v2.0  -  MaterialOpponent

PGN-File: C:\Program Files (x86)\Arena\Tournaments\Engine Battle 20251119_3.pgn

No:  B/W 1/2     W:B       1:2           Time        Value Moves Dep 1:2       1-2-Draws
   2 = =    0.5:0.5        0.5:1.5       3:57:16 AM     0.00     7 9.571 :6.000  0-1-1

--------------------------------------------------------------

Engine-Match Thursday, November 20, 2025 3:57:17 AM
 Blitz 1/1 

Pairing 103/105 :    PositionalOpponent  -  CoverageOpponent_v2.0

PGN-File: C:\Program Files (x86)\Arena\Tournaments\Engine Battle 20251119_3.pgn

No:  B/W 1/2     W:B       1:2           Time        Value Moves Dep 1:2       1-2-Draws
   2 B 1    1.0:0.0        2.0:0.0       4:00:14 AM  -299.99    27 6.000 :6.214  2-0-0

--------------------------------------------------------------

Engine-Match Thursday, November 20, 2025 4:00:15 AM
 Blitz 1/1 

Pairing 104/105 :    CaptureOpponent_v2.0  -  RandomOpponent

PGN-File: C:\Program Files (x86)\Arena\Tournaments\Engine Battle 20251119_3.pgn

No:  B/W 1/2     W:B       1:2           Time        Value Moves Dep 1:2       1-2-Draws
   2 W 2    1.0:0.0        0.0:2.0       4:01:55 AM  +122.55    25 4.080 :0 0-2-0

--------------------------------------------------------------

Engine-Match Thursday, November 20, 2025 4:01:57 AM
 Blitz 1/1 

Pairing 105/105 :    CaptureOpponent  -  V7P3R_v14.1

PGN-File: C:\Program Files (x86)\Arena\Tournaments\Engine Battle 20251119_3.pgn

No:  B/W 1/2     W:B       1:2           Time        Value Moves Dep 1:2       1-2-Draws
   2 W 2    1.0:0.0        0.0:2.0       4:04:14 AM  +254.35    25 3.880 :3.208  0-2-0
