Engine-Match Saturday, November 8, 2025 3:32:35 PM
 Blitz 90/1 

Pairing 1/136 :    C0BR4_v2.9  -  VPR_v8.1

PGN-File: C:\Program Files (x86)\Arena\Tournaments\Ultimate Engine Battle 20251108.pgn

No:  B/W 1/2     W:B       1:2           Time        Value Moves Dep 1:2       1-2-Draws
   1 B 2    1.0:0.0        0.0:1.0       3:34:42 PM   -11.61    43 4.000 :6.000  0-1-0

--------------------------------------------------------------

Engine-Match Saturday, November 8, 2025 3:34:43 PM
 Blitz 90/1 

Pairing 2/136 :    V7P3R_v14.3  -  C0BR4_v3.1

PGN-File: C:\Program Files (x86)\Arena\Tournaments\Ultimate Engine Battle 20251108.pgn

No:  B/W 1/2     W:B       1:2           Time        Value Moves Dep 1:2       1-2-Draws
   1 W 1    1.0:0.0        1.0:0.0       3:42:58 PM  +299.97    63 5.304 :4.000  1-0-0

--------------------------------------------------------------

Engine-Match Saturday, November 8, 2025 3:43:00 PM
 Blitz 90/1 

Pairing 3/136 :    CaptureOpponent  -  V7P3R_v14.2

PGN-File: C:\Program Files (x86)\Arena\Tournaments\Ultimate Engine Battle 20251108.pgn

No:  B/W 1/2     W:B       1:2           Time        Value Moves Dep 1:2       1-2-Draws
   1 B 2    1.0:0.0        0.0:1.0       3:54:48 PM  -289.99    18 7.333 :5.188  0-1-0

--------------------------------------------------------------

Engine-Match Saturday, November 8, 2025 3:54:49 PM
 Blitz 90/1 

Pairing 4/136 :    V7P3R_v14.1  -  CoverageOpponent

PGN-File: C:\Program Files (x86)\Arena\Tournaments\Ultimate Engine Battle 20251108.pgn

No:  B/W 1/2     W:B       1:2           Time        Value Moves Dep 1:2       1-2-Draws
   1 B 2    1.0:0.0        0.0:1.0       4:02:33 PM  -299.99    20 4.706 :6.000  0-1-0

--------------------------------------------------------------

Engine-Match Saturday, November 8, 2025 4:02:34 PM
 Blitz 90/1 

Pairing 5/136 :    MaterialOpponent  -  V7P3R_v14.0

PGN-File: C:\Program Files (x86)\Arena\Tournaments\Ultimate Engine Battle 20251108.pgn

No:  B/W 1/2     W:B       1:2           Time        Value Moves Dep 1:2       1-2-Draws
   1 B 2    1.0:0.0        0.0:1.0       4:17:48 PM    -9.95    43 6.000 :5.393  0-1-0

--------------------------------------------------------------

Engine-Match Saturday, November 8, 2025 4:17:49 PM
 Blitz 90/1 

Pairing 6/136 :    V7P3R_v12.6  -  PositionalOpponent

PGN-File: C:\Program Files (x86)\Arena\Tournaments\Ultimate Engine Battle 20251108.pgn

No:  B/W 1/2     W:B       1:2           Time        Value Moves Dep 1:2       1-2-Draws
   1 B 2    1.0:0.0        0.0:1.0       4:29:36 PM  -299.99    25 5.059 :6.000  0-1-0

--------------------------------------------------------------

Engine-Match Saturday, November 8, 2025 4:29:37 PM
 Blitz 90/1 

Pairing 7/136 :    RandomOpponent  -  V7P3R_v10.8

PGN-File: C:\Program Files (x86)\Arena\Tournaments\Ultimate Engine Battle 20251108.pgn

No:  B/W 1/2     W:B       1:2           Time        Value Moves Dep 1:2       1-2-Draws
   1 B 2    1.0:0.0        0.0:1.0       4:32:54 PM  -289.98    18 0:4.533  0-1-0

--------------------------------------------------------------

Engine-Match Saturday, November 8, 2025 4:32:55 PM
 Blitz 90/1 

Pairing 8/136 :    Stockfish 1%  -  SlowMate_v3.1

PGN-File: C:\Program Files (x86)\Arena\Tournaments\Ultimate Engine Battle 20251108.pgn

No:  B/W 1/2     W:B       1:2           Time        Value Moves Dep 1:2       1-2-Draws
   1 W 1    1.0:0.0        1.0:0.0       5:04:55 PM      +M1    20 25.350 :5.211  1-0-0

--------------------------------------------------------------

Engine-Match Saturday, November 8, 2025 5:04:57 PM
 Blitz 90/1 

Pairing 9/136 :    VPR_v9.0  -  V7P3R_v14.3

PGN-File: C:\Program Files (x86)\Arena\Tournaments\Ultimate Engine Battle 20251108.pgn

No:  B/W 1/2     W:B       1:2           Time        Value Moves Dep 1:2       1-2-Draws
   1 W 1    1.0:0.0        1.0:0.0       5:12:32 PM  +299.99    36 6.000 :5.389  1-0-0

--------------------------------------------------------------

Engine-Match Saturday, November 8, 2025 5:12:33 PM
 Blitz 90/1 

Pairing 10/136 :    V7P3R_v14.2  -  C0BR4_v2.9

PGN-File: C:\Program Files (x86)\Arena\Tournaments\Ultimate Engine Battle 20251108.pgn

No:  B/W 1/2     W:B       1:2           Time        Value Moves Dep 1:2       1-2-Draws
   1 = =    0.5:0.5        0.5:0.5       5:18:52 PM    -3.35    41 5.000 :4.000  0-0-1

--------------------------------------------------------------

Engine-Match Saturday, November 8, 2025 5:18:53 PM
 Blitz 90/1 

Pairing 11/136 :    C0BR4_v3.1  -  V7P3R_v14.1

PGN-File: C:\Program Files (x86)\Arena\Tournaments\Ultimate Engine Battle 20251108.pgn

No:  B/W 1/2     W:B       1:2           Time        Value Moves Dep 1:2       1-2-Draws
   1 B 2    1.0:0.0        0.0:1.0       5:26:01 PM   -11.01    47 4.000 :4.731  0-1-0

--------------------------------------------------------------

Engine-Match Saturday, November 8, 2025 5:26:03 PM
 Blitz 90/1 

Pairing 12/136 :    V7P3R_v14.0  -  CaptureOpponent

PGN-File: C:\Program Files (x86)\Arena\Tournaments\Ultimate Engine Battle 20251108.pgn

No:  B/W 1/2     W:B       1:2           Time        Value Moves Dep 1:2       1-2-Draws
   1 W 1    1.0:0.0        1.0:0.0       5:32:22 PM  +289.99     8 5.250 :7.714  1-0-0

--------------------------------------------------------------

Engine-Match Saturday, November 8, 2025 5:32:23 PM
 Blitz 90/1 

Pairing 13/136 :    CoverageOpponent  -  V7P3R_v12.6

PGN-File: C:\Program Files (x86)\Arena\Tournaments\Ultimate Engine Battle 20251108.pgn

No:  B/W 1/2     W:B       1:2           Time        Value Moves Dep 1:2       1-2-Draws
   1 = =    0.5:0.5        0.5:0.5       5:54:43 PM     0.00    45 6.000 :5.091  0-0-1

--------------------------------------------------------------

Engine-Match Saturday, November 8, 2025 5:54:45 PM
 Blitz 90/1 

Pairing 14/136 :    V7P3R_v10.8  -  MaterialOpponent

PGN-File: C:\Program Files (x86)\Arena\Tournaments\Ultimate Engine Battle 20251108.pgn

No:  B/W 1/2     W:B       1:2           Time        Value Moves Dep 1:2       1-2-Draws
   1 = =    0.5:0.5        0.5:0.5       6:09:25 PM    +2.25    78 3.865 :6.000  0-0-1

--------------------------------------------------------------

Engine-Match Saturday, November 8, 2025 6:09:27 PM
 Blitz 90/1 

Pairing 15/136 :    PositionalOpponent  -  Stockfish 1%

PGN-File: C:\Program Files (x86)\Arena\Tournaments\Ultimate Engine Battle 20251108.pgn

No:  B/W 1/2     W:B       1:2           Time        Value Moves Dep 1:2       1-2-Draws
   1 B 2    1.0:0.0        0.0:1.0       6:13:17 PM      -M1    30 6.000 :30.793  0-1-0

--------------------------------------------------------------

Engine-Match Saturday, November 8, 2025 6:13:18 PM
 Blitz 90/1 

Pairing 16/136 :    SlowMate_v3.1  -  RandomOpponent

PGN-File: C:\Program Files (x86)\Arena\Tournaments\Ultimate Engine Battle 20251108.pgn

No:  B/W 1/2     W:B       1:2           Time        Value Moves Dep 1:2       1-2-Draws
   1 = =    0.5:0.5        0.5:0.5       7:25:11 PM     0.00    68 4.500 :0 0-0-1

--------------------------------------------------------------

Engine-Match Saturday, November 8, 2025 7:25:13 PM
 Blitz 90/1 

Pairing 17/136 :    VPR_v8.1  -  V7P3R_v14.2

PGN-File: C:\Program Files (x86)\Arena\Tournaments\Ultimate Engine Battle 20251108.pgn

No:  B/W 1/2     W:B       1:2           Time        Value Moves Dep 1:2       1-2-Draws
   1 W 1    1.0:0.0        1.0:0.0       7:37:09 PM    +9.61    56 6.000 :4.966  1-0-0

--------------------------------------------------------------

Engine-Match Saturday, November 8, 2025 7:37:10 PM
 Blitz 90/1 

Pairing 18/136 :    V7P3R_v14.1  -  VPR_v9.0

PGN-File: C:\Program Files (x86)\Arena\Tournaments\Ultimate Engine Battle 20251108.pgn

No:  B/W 1/2     W:B       1:2           Time        Value Moves Dep 1:2       1-2-Draws
   1 = =    0.5:0.5        0.5:0.5       7:53:49 PM   +14.05    63 4.781 :6.000  0-0-1

--------------------------------------------------------------

Engine-Match Saturday, November 8, 2025 7:53:51 PM
 Blitz 90/1 

Pairing 19/136 :    C0BR4_v2.9  -  V7P3R_v14.0

PGN-File: C:\Program Files (x86)\Arena\Tournaments\Ultimate Engine Battle 20251108.pgn

No:  B/W 1/2     W:B       1:2           Time        Value Moves Dep 1:2       1-2-Draws
   1 = =    0.5:0.5        0.5:0.5       8:04:23 PM    +0.59    51 4.000 :5.545  0-0-1

--------------------------------------------------------------

Engine-Match Saturday, November 8, 2025 8:04:25 PM
 Blitz 90/1 

Pairing 20/136 :    V7P3R_v12.6  -  C0BR4_v3.1

PGN-File: C:\Program Files (x86)\Arena\Tournaments\Ultimate Engine Battle 20251108.pgn

No:  B/W 1/2     W:B       1:2           Time        Value Moves Dep 1:2       1-2-Draws
   1 = =    0.5:0.5        0.5:0.5       8:13:00 PM   +16.05    26 4.667 :4.000  0-0-1

--------------------------------------------------------------

Engine-Match Saturday, November 8, 2025 8:13:09 PM
 Blitz 90/1 

Pairing 21/136 :    CaptureOpponent  -  V7P3R_v10.8

PGN-File: C:\Program Files (x86)\Arena\Tournaments\Ultimate Engine Battle 20251108.pgn

No:  B/W 1/2     W:B       1:2           Time        Value Moves Dep 1:2       1-2-Draws
   1 B 2    1.0:0.0        0.0:1.0       8:27:50 PM  -299.92    25 7.120 :4.632  0-1-0

--------------------------------------------------------------

Engine-Match Saturday, November 8, 2025 8:27:52 PM
 Blitz 90/1 

Pairing 22/136 :    Stockfish 1%  -  CoverageOpponent

PGN-File: C:\Program Files (x86)\Arena\Tournaments\Ultimate Engine Battle 20251108.pgn

No:  B/W 1/2     W:B       1:2           Time        Value Moves Dep 1:2       1-2-Draws
   1 W 1    1.0:0.0        1.0:0.0       8:32:06 PM      +M1    28 36.500 :6.000  1-0-0

--------------------------------------------------------------

Engine-Match Saturday, November 8, 2025 8:32:07 PM
 Blitz 90/1 

Pairing 23/136 :    MaterialOpponent  -  SlowMate_v3.1

PGN-File: C:\Program Files (x86)\Arena\Tournaments\Ultimate Engine Battle 20251108.pgn

No:  B/W 1/2     W:B       1:2           Time        Value Moves Dep 1:2       1-2-Draws
   1 = =    0.5:0.5        0.5:0.5       9:31:31 PM    +2.52    46 6.000 :5.345  0-0-1

--------------------------------------------------------------

Engine-Match Saturday, November 8, 2025 9:31:32 PM
 Blitz 90/1 

Pairing 24/136 :    RandomOpponent  -  PositionalOpponent

PGN-File: C:\Program Files (x86)\Arena\Tournaments\Ultimate Engine Battle 20251108.pgn

No:  B/W 1/2     W:B       1:2           Time        Value Moves Dep 1:2       1-2-Draws
   1 B 2    1.0:0.0        0.0:1.0       9:32:24 PM  -299.99    10 0:6.000  0-1-0

--------------------------------------------------------------

Engine-Match Saturday, November 8, 2025 9:32:26 PM
 Blitz 90/1 

Pairing 25/136 :    V7P3R_v14.3  -  V7P3R_v14.1

PGN-File: C:\Program Files (x86)\Arena\Tournaments\Ultimate Engine Battle 20251108.pgn

No:  B/W 1/2     W:B       1:2           Time        Value Moves Dep 1:2       1-2-Draws
   1 = =    0.5:0.5        0.5:0.5       9:46:47 PM    +0.26    75 5.619 :5.294  0-0-1

--------------------------------------------------------------

Engine-Match Saturday, November 8, 2025 9:46:48 PM
 Blitz 90/1 

Pairing 26/136 :    V7P3R_v14.0  -  VPR_v8.1

PGN-File: C:\Program Files (x86)\Arena\Tournaments\Ultimate Engine Battle 20251108.pgn

No:  B/W 1/2     W:B       1:2           Time        Value Moves Dep 1:2       1-2-Draws
   1 = =    0.5:0.5        0.5:0.5       9:59:17 PM    +3.19    29 4.500 :6.000  0-0-1

--------------------------------------------------------------

Engine-Match Saturday, November 8, 2025 9:59:18 PM
 Blitz 90/1 

Pairing 27/136 :    VPR_v9.0  -  V7P3R_v12.6

PGN-File: C:\Program Files (x86)\Arena\Tournaments\Ultimate Engine Battle 20251108.pgn

No:  B/W 1/2     W:B       1:2           Time        Value Moves Dep 1:2       1-2-Draws
   1 B 2    1.0:0.0        0.0:1.0       10:21:03 PM  -299.98    55 6.000 :5.160  0-1-0

--------------------------------------------------------------

Engine-Match Saturday, November 8, 2025 10:21:04 PM
 Blitz 90/1 

Pairing 28/136 :    V7P3R_v10.8  -  C0BR4_v2.9

PGN-File: C:\Program Files (x86)\Arena\Tournaments\Ultimate Engine Battle 20251108.pgn

No:  B/W 1/2     W:B       1:2           Time        Value Moves Dep 1:2       1-2-Draws
   1 B 2    1.0:0.0        0.0:1.0       10:27:46 PM   -28.15    67 4.333 :4.000  0-1-0

--------------------------------------------------------------

Engine-Match Saturday, November 8, 2025 10:27:47 PM
 Blitz 90/1 

Pairing 29/136 :    C0BR4_v3.1  -  Stockfish 1%

PGN-File: C:\Program Files (x86)\Arena\Tournaments\Ultimate Engine Battle 20251108.pgn

No:  B/W 1/2     W:B       1:2           Time        Value Moves Dep 1:2       1-2-Draws
   1 B 2    1.0:0.0        0.0:1.0       10:28:44 PM      -M1    33 4.000 :23.759  0-1-0

--------------------------------------------------------------

Engine-Match Saturday, November 8, 2025 10:28:45 PM
 Blitz 90/1 

Pairing 30/136 :    SlowMate_v3.1  -  CaptureOpponent

PGN-File: C:\Program Files (x86)\Arena\Tournaments\Ultimate Engine Battle 20251108.pgn

No:  B/W 1/2     W:B       1:2           Time        Value Moves Dep 1:2       1-2-Draws
   1 W 1    1.0:0.0        1.0:0.0       10:53:44 PM   +12.65    11 6.364 :7.545  1-0-0

--------------------------------------------------------------

Engine-Match Saturday, November 8, 2025 10:53:45 PM
 Blitz 90/1 

Pairing 31/136 :    CoverageOpponent  -  RandomOpponent

PGN-File: C:\Program Files (x86)\Arena\Tournaments\Ultimate Engine Battle 20251108.pgn

No:  B/W 1/2     W:B       1:2           Time        Value Moves Dep 1:2       1-2-Draws
   1 W 1    1.0:0.0        1.0:0.0       10:57:20 PM  +299.99    14 6.000 :0 1-0-0

--------------------------------------------------------------

Engine-Match Saturday, November 8, 2025 10:57:22 PM
 Blitz 90/1 

Pairing 32/136 :    PositionalOpponent  -  MaterialOpponent

PGN-File: C:\Program Files (x86)\Arena\Tournaments\Ultimate Engine Battle 20251108.pgn

No:  B/W 1/2     W:B       1:2           Time        Value Moves Dep 1:2       1-2-Draws
   1 W 1    1.0:0.0        1.0:0.0       11:04:50 PM  +299.99    37 6.000 :6.000  1-0-0

--------------------------------------------------------------

Engine-Match Saturday, November 8, 2025 11:04:52 PM
 Blitz 90/1 

Pairing 33/136 :    V7P3R_v14.2  -  V7P3R_v14.0

PGN-File: C:\Program Files (x86)\Arena\Tournaments\Ultimate Engine Battle 20251108.pgn

No:  B/W 1/2     W:B       1:2           Time        Value Moves Dep 1:2       1-2-Draws
   1 W 1    1.0:0.0        1.0:0.0       11:23:22 PM  +289.99    46 5.103 :5.480  1-0-0

--------------------------------------------------------------

Engine-Match Saturday, November 8, 2025 11:23:23 PM
 Blitz 90/1 

Pairing 34/136 :    V7P3R_v12.6  -  V7P3R_v14.3

PGN-File: C:\Program Files (x86)\Arena\Tournaments\Ultimate Engine Battle 20251108.pgn

No:  B/W 1/2     W:B       1:2           Time        Value Moves Dep 1:2       1-2-Draws
   1 = =    0.5:0.5        0.5:0.5       11:39:09 PM    -6.10    39 5.438 :5.650  0-0-1

--------------------------------------------------------------

Engine-Match Saturday, November 8, 2025 11:39:10 PM
 Blitz 90/1 

Pairing 35/136 :    VPR_v8.1  -  V7P3R_v10.8

PGN-File: C:\Program Files (x86)\Arena\Tournaments\Ultimate Engine Battle 20251108.pgn

No:  B/W 1/2     W:B       1:2           Time        Value Moves Dep 1:2       1-2-Draws
   1 = =    0.5:0.5        0.5:0.5       11:50:12 PM    +4.00    68 6.000 :3.946  0-0-1

--------------------------------------------------------------

Engine-Match Saturday, November 8, 2025 11:50:13 PM
 Blitz 90/1 

Pairing 36/136 :    Stockfish 1%  -  VPR_v9.0

PGN-File: C:\Program Files (x86)\Arena\Tournaments\Ultimate Engine Battle 20251108.pgn

No:  B/W 1/2     W:B       1:2           Time        Value Moves Dep 1:2       1-2-Draws
   1 W 1    1.0:0.0        1.0:0.0       11:52:58 PM      +M1    29 35.793 :6.000  1-0-0

--------------------------------------------------------------

Engine-Match Saturday, November 8, 2025 11:52:59 PM
 Blitz 90/1 

Pairing 37/136 :    C0BR4_v2.9  -  SlowMate_v3.1

PGN-File: C:\Program Files (x86)\Arena\Tournaments\Ultimate Engine Battle 20251108.pgn

No:  B/W 1/2     W:B       1:2           Time        Value Moves Dep 1:2       1-2-Draws
   1 W 1    1.0:0.0        1.0:0.0       12:24:46 AM  +299.97    20 3.889 :5.526  1-0-0

--------------------------------------------------------------

Engine-Match Sunday, November 9, 2025 12:24:48 AM
 Blitz 90/1 

Pairing 38/136 :    RandomOpponent  -  C0BR4_v3.1

PGN-File: C:\Program Files (x86)\Arena\Tournaments\Ultimate Engine Battle 20251108.pgn

No:  B/W 1/2     W:B       1:2           Time        Value Moves Dep 1:2       1-2-Draws
   1 B 2    1.0:0.0        0.0:1.0       12:24:56 AM  -299.97    11 0:4.000  0-1-0

--------------------------------------------------------------

Engine-Match Sunday, November 9, 2025 12:24:57 AM
 Blitz 90/1 

Pairing 39/136 :    CaptureOpponent  -  PositionalOpponent

PGN-File: C:\Program Files (x86)\Arena\Tournaments\Ultimate Engine Battle 20251108.pgn

No:  B/W 1/2     W:B       1:2           Time        Value Moves Dep 1:2       1-2-Draws
   1 B 2    1.0:0.0        0.0:1.0       12:30:42 AM  -299.99    11 6.727 :6.000  0-1-0

--------------------------------------------------------------

Engine-Match Sunday, November 9, 2025 12:30:44 AM
 Blitz 90/1 

Pairing 40/136 :    MaterialOpponent  -  CoverageOpponent

PGN-File: C:\Program Files (x86)\Arena\Tournaments\Ultimate Engine Battle 20251108.pgn

No:  B/W 1/2     W:B       1:2           Time        Value Moves Dep 1:2       1-2-Draws
   1 = =    0.5:0.5        0.5:0.5       12:37:37 AM    -3.05    27 6.000 :6.000  0-0-1

--------------------------------------------------------------

Engine-Match Sunday, November 9, 2025 12:37:53 AM
 Blitz 90/1 

Pairing 41/136 :    V7P3R_v14.1  -  V7P3R_v12.6

PGN-File: C:\Program Files (x86)\Arena\Tournaments\Ultimate Engine Battle 20251108.pgn

No:  B/W 1/2     W:B       1:2           Time        Value Moves Dep 1:2       1-2-Draws
   1 W 1    1.0:0.0        1.0:0.0       12:50:53 AM     0.00    25 4.824 :4.625  1-0-0

--------------------------------------------------------------

Engine-Match Sunday, November 9, 2025 12:50:54 AM
 Blitz 90/1 

Pairing 42/136 :    V7P3R_v10.8  -  V7P3R_v14.2

PGN-File: C:\Program Files (x86)\Arena\Tournaments\Ultimate Engine Battle 20251108.pgn

No:  B/W 1/2     W:B       1:2           Time        Value Moves Dep 1:2       1-2-Draws
   1 B 2    1.0:0.0        0.0:1.0       1:13:11 AM     0.00    69 4.029 :4.722  0-1-0

--------------------------------------------------------------

Engine-Match Sunday, November 9, 2025 1:13:13 AM
 Blitz 90/1 

Pairing 43/136 :    V7P3R_v14.3  -  Stockfish 1%

PGN-File: C:\Program Files (x86)\Arena\Tournaments\Ultimate Engine Battle 20251108.pgn

No:  B/W 1/2     W:B       1:2           Time        Value Moves Dep 1:2       1-2-Draws
   1 B 2    1.0:0.0        0.0:1.0       1:16:24 AM      -M1    19 5.071 :35.737  0-1-0

--------------------------------------------------------------

Engine-Match Sunday, November 9, 2025 1:16:26 AM
 Blitz 90/1 

Pairing 44/136 :    SlowMate_v3.1  -  VPR_v8.1

PGN-File: C:\Program Files (x86)\Arena\Tournaments\Ultimate Engine Battle 20251108.pgn

No:  B/W 1/2     W:B       1:2           Time        Value Moves Dep 1:2       1-2-Draws
   1 = =    0.5:0.5        0.5:0.5       1:42:32 AM    +2.51    15 5.267 :6.000  0-0-1

--------------------------------------------------------------

Engine-Match Sunday, November 9, 2025 1:42:33 AM
 Blitz 90/1 

Pairing 45/136 :    VPR_v9.0  -  RandomOpponent

PGN-File: C:\Program Files (x86)\Arena\Tournaments\Ultimate Engine Battle 20251108.pgn

No:  B/W 1/2     W:B       1:2           Time        Value Moves Dep 1:2       1-2-Draws
   1 W 1    1.0:0.0        1.0:0.0       1:44:22 AM  +299.99    15 6.000 :0 1-0-0

--------------------------------------------------------------

Engine-Match Sunday, November 9, 2025 1:44:23 AM
 Blitz 90/1 

Pairing 46/136 :    PositionalOpponent  -  C0BR4_v2.9

PGN-File: C:\Program Files (x86)\Arena\Tournaments\Ultimate Engine Battle 20251108.pgn

No:  B/W 1/2     W:B       1:2           Time        Value Moves Dep 1:2       1-2-Draws
   1 = =    0.5:0.5        0.5:0.5       1:48:10 AM    -3.78    33 6.000 :4.000  0-0-1

--------------------------------------------------------------

Engine-Match Sunday, November 9, 2025 1:48:11 AM
 Blitz 90/1 

Pairing 47/136 :    C0BR4_v3.1  -  MaterialOpponent

PGN-File: C:\Program Files (x86)\Arena\Tournaments\Ultimate Engine Battle 20251108.pgn

No:  B/W 1/2     W:B       1:2           Time        Value Moves Dep 1:2       1-2-Draws
   1 B 2    1.0:0.0        0.0:1.0       1:49:49 AM  -299.97    33 3.968 :6.000  0-1-0

--------------------------------------------------------------

Engine-Match Sunday, November 9, 2025 1:49:51 AM
 Blitz 90/1 

Pairing 48/136 :    CoverageOpponent  -  CaptureOpponent

PGN-File: C:\Program Files (x86)\Arena\Tournaments\Ultimate Engine Battle 20251108.pgn

No:  B/W 1/2     W:B       1:2           Time        Value Moves Dep 1:2       1-2-Draws
   1 W 1    1.0:0.0        1.0:0.0       2:09:36 AM  +299.99    28 6.000 :6.704  1-0-0

--------------------------------------------------------------

Engine-Match Sunday, November 9, 2025 2:09:37 AM
 Blitz 90/1 

Pairing 49/136 :    V7P3R_v14.0  -  V7P3R_v10.8

PGN-File: C:\Program Files (x86)\Arena\Tournaments\Ultimate Engine Battle 20251108.pgn

No:  B/W 1/2     W:B       1:2           Time        Value Moves Dep 1:2       1-2-Draws
   1 W 1    1.0:0.0        1.0:0.0       2:24:35 AM     0.00    33 5.263 :3.947  1-0-0

--------------------------------------------------------------

Engine-Match Sunday, November 9, 2025 2:24:36 AM
 Blitz 90/1 

Pairing 50/136 :    Stockfish 1%  -  V7P3R_v14.1

PGN-File: C:\Program Files (x86)\Arena\Tournaments\Ultimate Engine Battle 20251108.pgn

No:  B/W 1/2     W:B       1:2           Time        Value Moves Dep 1:2       1-2-Draws
   1 W 1    1.0:0.0        1.0:0.0       2:27:36 AM      +M1    20 29.150 :4.909  1-0-0

--------------------------------------------------------------

Engine-Match Sunday, November 9, 2025 2:27:37 AM
 Blitz 90/1 

Pairing 51/136 :    V7P3R_v14.2  -  SlowMate_v3.1

PGN-File: C:\Program Files (x86)\Arena\Tournaments\Ultimate Engine Battle 20251108.pgn

No:  B/W 1/2     W:B       1:2           Time        Value Moves Dep 1:2       1-2-Draws
   1 = =    0.5:0.5        0.5:0.5       3:08:53 AM  -200.00    25 5.214 :5.440  0-0-1

--------------------------------------------------------------

Engine-Match Sunday, November 9, 2025 3:08:55 AM
 Blitz 90/1 

Pairing 52/136 :    RandomOpponent  -  V7P3R_v14.3

PGN-File: C:\Program Files (x86)\Arena\Tournaments\Ultimate Engine Battle 20251108.pgn

No:  B/W 1/2     W:B       1:2           Time        Value Moves Dep 1:2       1-2-Draws
   1 B 2    1.0:0.0        0.0:1.0       3:11:49 AM  -289.99    20 0:5.429  0-1-0

--------------------------------------------------------------

Engine-Match Sunday, November 9, 2025 3:11:50 AM
 Blitz 90/1 

Pairing 53/136 :    VPR_v8.1  -  PositionalOpponent

PGN-File: C:\Program Files (x86)\Arena\Tournaments\Ultimate Engine Battle 20251108.pgn

No:  B/W 1/2     W:B       1:2           Time        Value Moves Dep 1:2       1-2-Draws
   1 B 2    1.0:0.0        0.0:1.0       3:20:40 AM  -299.94    42 6.000 :6.000  0-1-0

--------------------------------------------------------------

Engine-Match Sunday, November 9, 2025 3:20:42 AM
 Blitz 90/1 

Pairing 54/136 :    MaterialOpponent  -  VPR_v9.0

PGN-File: C:\Program Files (x86)\Arena\Tournaments\Ultimate Engine Battle 20251108.pgn

No:  B/W 1/2     W:B       1:2           Time        Value Moves Dep 1:2       1-2-Draws
   1 B 2    1.0:0.0        0.0:1.0       3:24:25 AM   -10.30    51 6.000 :6.000  0-1-0

--------------------------------------------------------------

Engine-Match Sunday, November 9, 2025 3:24:27 AM
 Blitz 90/1 

Pairing 55/136 :    C0BR4_v2.9  -  CoverageOpponent

PGN-File: C:\Program Files (x86)\Arena\Tournaments\Ultimate Engine Battle 20251108.pgn

No:  B/W 1/2     W:B       1:2           Time        Value Moves Dep 1:2       1-2-Draws
   1 = =    0.5:0.5        0.5:0.5       3:27:27 AM    +5.22    36 4.000 :6.000  0-0-1

--------------------------------------------------------------

Engine-Match Sunday, November 9, 2025 3:27:28 AM
 Blitz 90/1 

Pairing 56/136 :    CaptureOpponent  -  C0BR4_v3.1

PGN-File: C:\Program Files (x86)\Arena\Tournaments\Ultimate Engine Battle 20251108.pgn

No:  B/W 1/2     W:B       1:2           Time        Value Moves Dep 1:2       1-2-Draws
   1 B 2    1.0:0.0        0.0:1.0       3:37:49 AM  -299.97    23 6.478 :4.000  0-1-0

--------------------------------------------------------------

Engine-Match Sunday, November 9, 2025 3:37:51 AM
 Blitz 90/1 

Pairing 57/136 :    V7P3R_v12.6  -  Stockfish 1%

PGN-File: C:\Program Files (x86)\Arena\Tournaments\Ultimate Engine Battle 20251108.pgn

No:  B/W 1/2     W:B       1:2           Time        Value Moves Dep 1:2       1-2-Draws
   1 B 2    1.0:0.0        0.0:1.0       3:56:24 AM      -M1    48 4.806 :22.550  0-1-0

--------------------------------------------------------------

Engine-Match Sunday, November 9, 2025 3:56:25 AM
 Blitz 90/1 

Pairing 58/136 :    SlowMate_v3.1  -  V7P3R_v14.0

PGN-File: C:\Program Files (x86)\Arena\Tournaments\Ultimate Engine Battle 20251108.pgn

No:  B/W 1/2     W:B       1:2           Time        Value Moves Dep 1:2       1-2-Draws
   1 B 2    1.0:0.0        0.0:1.0       4:38:51 AM  -289.99    21 5.476 :5.471  0-1-0

--------------------------------------------------------------

Engine-Match Sunday, November 9, 2025 4:38:53 AM
 Blitz 90/1 

Pairing 59/136 :    V7P3R_v14.1  -  RandomOpponent

PGN-File: C:\Program Files (x86)\Arena\Tournaments\Ultimate Engine Battle 20251108.pgn

No:  B/W 1/2     W:B       1:2           Time        Value Moves Dep 1:2       1-2-Draws
   1 W 1    1.0:0.0        1.0:0.0       4:40:52 AM  +289.99     9 4.875 :0 1-0-0

--------------------------------------------------------------

Engine-Match Sunday, November 9, 2025 4:40:53 AM
 Blitz 90/1 

Pairing 60/136 :    PositionalOpponent  -  V7P3R_v14.2

PGN-File: C:\Program Files (x86)\Arena\Tournaments\Ultimate Engine Battle 20251108.pgn

No:  B/W 1/2     W:B       1:2           Time        Value Moves Dep 1:2       1-2-Draws
   1 = =    0.5:0.5        0.5:0.5       4:51:52 AM     0.00    37 6.000 :5.000  0-0-1

--------------------------------------------------------------

Engine-Match Sunday, November 9, 2025 4:52:08 AM
 Blitz 90/1 

Pairing 61/136 :    V7P3R_v14.3  -  MaterialOpponent

PGN-File: C:\Program Files (x86)\Arena\Tournaments\Ultimate Engine Battle 20251108.pgn

No:  B/W 1/2     W:B       1:2           Time        Value Moves Dep 1:2       1-2-Draws
   1 = =    0.5:0.5        0.5:0.5       5:01:20 AM    -0.20    33 5.304 :6.000  0-0-1

--------------------------------------------------------------

Engine-Match Sunday, November 9, 2025 5:01:21 AM
 Blitz 90/1 

Pairing 62/136 :    CoverageOpponent  -  VPR_v8.1

PGN-File: C:\Program Files (x86)\Arena\Tournaments\Ultimate Engine Battle 20251108.pgn

No:  B/W 1/2     W:B       1:2           Time        Value Moves Dep 1:2       1-2-Draws
   1 W 1    1.0:0.0        1.0:0.0       5:14:20 AM  +299.99    47 6.000 :6.000  1-0-0

--------------------------------------------------------------

Engine-Match Sunday, November 9, 2025 5:14:21 AM
 Blitz 90/1 

Pairing 63/136 :    VPR_v9.0  -  CaptureOpponent

PGN-File: C:\Program Files (x86)\Arena\Tournaments\Ultimate Engine Battle 20251108.pgn

No:  B/W 1/2     W:B       1:2           Time        Value Moves Dep 1:2       1-2-Draws
   1 W 1    1.0:0.0        1.0:0.0       5:19:04 AM  +299.99     8 6.000 :6.571  1-0-0

--------------------------------------------------------------

Engine-Match Sunday, November 9, 2025 5:19:06 AM
 Blitz 90/1 

Pairing 64/136 :    C0BR4_v3.1  -  C0BR4_v2.9

PGN-File: C:\Program Files (x86)\Arena\Tournaments\Ultimate Engine Battle 20251108.pgn

No:  B/W 1/2     W:B       1:2           Time        Value Moves Dep 1:2       1-2-Draws
   1 = =    0.5:0.5        0.5:0.5       5:20:13 AM    +1.60    42 4.000 :4.000  0-0-1

--------------------------------------------------------------

Engine-Match Sunday, November 9, 2025 5:20:14 AM
 Blitz 90/1 

Pairing 65/136 :    V7P3R_v10.8  -  SlowMate_v3.1

PGN-File: C:\Program Files (x86)\Arena\Tournaments\Ultimate Engine Battle 20251108.pgn

No:  B/W 1/2     W:B       1:2           Time        Value Moves Dep 1:2       1-2-Draws
   1 B 2    1.0:0.0        0.0:1.0       6:32:40 AM   -22.02    58 4.071 :5.333  0-1-0

--------------------------------------------------------------

Engine-Match Sunday, November 9, 2025 6:32:41 AM
 Blitz 90/1 

Pairing 66/136 :    RandomOpponent  -  V7P3R_v12.6

PGN-File: C:\Program Files (x86)\Arena\Tournaments\Ultimate Engine Battle 20251108.pgn

No:  B/W 1/2     W:B       1:2           Time        Value Moves Dep 1:2       1-2-Draws
   1 B 2    1.0:0.0        0.0:1.0       6:43:20 AM     0.00    25 0:5.429  0-1-0

--------------------------------------------------------------

Engine-Match Sunday, November 9, 2025 6:43:22 AM
 Blitz 90/1 

Pairing 67/136 :    V7P3R_v14.0  -  PositionalOpponent

PGN-File: C:\Program Files (x86)\Arena\Tournaments\Ultimate Engine Battle 20251108.pgn

No:  B/W 1/2     W:B       1:2           Time        Value Moves Dep 1:2       1-2-Draws
   1 B 2    1.0:0.0        0.0:1.0       6:52:46 AM  -299.99    19 5.167 :6.000  0-1-0

--------------------------------------------------------------

Engine-Match Sunday, November 9, 2025 6:52:47 AM
 Blitz 90/1 

Pairing 68/136 :    MaterialOpponent  -  V7P3R_v14.1

PGN-File: C:\Program Files (x86)\Arena\Tournaments\Ultimate Engine Battle 20251108.pgn

No:  B/W 1/2     W:B       1:2           Time        Value Moves Dep 1:2       1-2-Draws
   1 = =    0.5:0.5        0.5:0.5       7:05:01 AM     0.00    93 6.000 :4.952  0-0-1

--------------------------------------------------------------

Engine-Match Sunday, November 9, 2025 7:05:02 AM
 Blitz 90/1 

Pairing 69/136 :    V7P3R_v14.2  -  CoverageOpponent

PGN-File: C:\Program Files (x86)\Arena\Tournaments\Ultimate Engine Battle 20251108.pgn

No:  B/W 1/2     W:B       1:2           Time        Value Moves Dep 1:2       1-2-Draws
   1 W 1    1.0:0.0        1.0:0.0       7:25:39 AM     0.00    68 4.714 :6.000  1-0-0

--------------------------------------------------------------

Engine-Match Sunday, November 9, 2025 7:25:41 AM
 Blitz 90/1 

Pairing 70/136 :    CaptureOpponent  -  V7P3R_v14.3

PGN-File: C:\Program Files (x86)\Arena\Tournaments\Ultimate Engine Battle 20251108.pgn

No:  B/W 1/2     W:B       1:2           Time        Value Moves Dep 1:2       1-2-Draws
   1 B 2    1.0:0.0        0.0:1.0       7:36:17 AM  -289.99    16 7.188 :5.333  0-1-0

--------------------------------------------------------------

Engine-Match Sunday, November 9, 2025 7:36:18 AM
 Blitz 90/1 

Pairing 71/136 :    VPR_v8.1  -  C0BR4_v3.1

PGN-File: C:\Program Files (x86)\Arena\Tournaments\Ultimate Engine Battle 20251108.pgn

No:  B/W 1/2     W:B       1:2           Time        Value Moves Dep 1:2       1-2-Draws
   1 = =    0.5:0.5        0.5:0.5       7:37:40 AM    +1.25    30 6.000 :4.000  0-0-1

--------------------------------------------------------------

Engine-Match Sunday, November 9, 2025 7:37:41 AM
 Blitz 90/1 

Pairing 72/136 :    C0BR4_v2.9  -  VPR_v9.0

PGN-File: C:\Program Files (x86)\Arena\Tournaments\Ultimate Engine Battle 20251108.pgn

No:  B/W 1/2     W:B       1:2           Time        Value Moves Dep 1:2       1-2-Draws
   1 = =    0.5:0.5        0.5:0.5       7:38:45 AM    +1.17    16 4.000 :6.000  0-0-1

--------------------------------------------------------------

Engine-Match Sunday, November 9, 2025 7:38:47 AM
 Blitz 90/1 

Pairing 73/136 :    Stockfish 1%  -  RandomOpponent

PGN-File: C:\Program Files (x86)\Arena\Tournaments\Ultimate Engine Battle 20251108.pgn

No:  B/W 1/2     W:B       1:2           Time        Value Moves Dep 1:2       1-2-Draws
   1 W 1    1.0:0.0        1.0:0.0       7:39:08 AM      +M1    14 37.000 :0 1-0-0

--------------------------------------------------------------

Engine-Match Sunday, November 9, 2025 7:39:09 AM
 Blitz 90/1 

Pairing 74/136 :    PositionalOpponent  -  V7P3R_v10.8

PGN-File: C:\Program Files (x86)\Arena\Tournaments\Ultimate Engine Battle 20251108.pgn

No:  B/W 1/2     W:B       1:2           Time        Value Moves Dep 1:2       1-2-Draws
   1 W 1    1.0:0.0        1.0:0.0       7:48:45 AM  +299.99    54 6.000 :4.133  1-0-0

--------------------------------------------------------------

Engine-Match Sunday, November 9, 2025 7:48:47 AM
 Blitz 90/1 

Pairing 75/136 :    V7P3R_v12.6  -  MaterialOpponent

PGN-File: C:\Program Files (x86)\Arena\Tournaments\Ultimate Engine Battle 20251108.pgn

No:  B/W 1/2     W:B       1:2           Time        Value Moves Dep 1:2       1-2-Draws
   1 = =    0.5:0.5        0.5:0.5       8:05:01 AM    +4.63    27 4.636 :6.000  0-0-1

--------------------------------------------------------------

Engine-Match Sunday, November 9, 2025 8:05:03 AM
 Blitz 90/1 

Pairing 76/136 :    CoverageOpponent  -  V7P3R_v14.0

PGN-File: C:\Program Files (x86)\Arena\Tournaments\Ultimate Engine Battle 20251108.pgn

No:  B/W 1/2     W:B       1:2           Time        Value Moves Dep 1:2       1-2-Draws
   1 B 2    1.0:0.0        0.0:1.0       8:29:04 AM  -289.99    50 6.000 :5.200  0-1-0

--------------------------------------------------------------

Engine-Match Sunday, November 9, 2025 8:29:05 AM
 Blitz 90/1 

Pairing 77/136 :    V7P3R_v14.1  -  CaptureOpponent

PGN-File: C:\Program Files (x86)\Arena\Tournaments\Ultimate Engine Battle 20251108.pgn

No:  B/W 1/2     W:B       1:2           Time        Value Moves Dep 1:2       1-2-Draws
   1 W 1    1.0:0.0        1.0:0.0       8:41:14 AM  +289.99    17 4.813 :6.938  1-0-0

--------------------------------------------------------------

Engine-Match Sunday, November 9, 2025 8:41:16 AM
 Blitz 90/1 

Pairing 78/136 :    C0BR4_v3.1  -  V7P3R_v14.2

PGN-File: C:\Program Files (x86)\Arena\Tournaments\Ultimate Engine Battle 20251108.pgn

No:  B/W 1/2     W:B       1:2           Time        Value Moves Dep 1:2       1-2-Draws
   1 B 2    1.0:0.0        0.0:1.0       8:48:43 AM   -12.89    61 4.000 :4.786  0-1-0

--------------------------------------------------------------

Engine-Match Sunday, November 9, 2025 8:48:44 AM
 Blitz 90/1 

Pairing 79/136 :    V7P3R_v14.3  -  C0BR4_v2.9

PGN-File: C:\Program Files (x86)\Arena\Tournaments\Ultimate Engine Battle 20251108.pgn

No:  B/W 1/2     W:B       1:2           Time        Value Moves Dep 1:2       1-2-Draws
   1 B 2    1.0:0.0        0.0:1.0       8:53:05 AM   -10.47    26 5.176 :4.000  0-1-0

--------------------------------------------------------------

Engine-Match Sunday, November 9, 2025 8:53:06 AM
 Blitz 90/1 

Pairing 80/136 :    VPR_v9.0  -  VPR_v8.1

PGN-File: C:\Program Files (x86)\Arena\Tournaments\Ultimate Engine Battle 20251108.pgn

No:  B/W 1/2     W:B       1:2           Time        Value Moves Dep 1:2       1-2-Draws
   1 W 1    1.0:0.0        1.0:0.0       8:58:54 AM   +10.15    47 6.000 :6.000  1-0-0

--------------------------------------------------------------

Engine-Match Sunday, November 9, 2025 8:59:02 AM
 Blitz 90/1 

Pairing 81/136 :    SlowMate_v3.1  -  PositionalOpponent

PGN-File: C:\Program Files (x86)\Arena\Tournaments\Ultimate Engine Battle 20251108.pgn

No:  B/W 1/2     W:B       1:2           Time        Value Moves Dep 1:2       1-2-Draws
   1 = =    0.5:0.5        0.5:0.5       9:56:42 AM   -10.10    37 5.189 :6.000  0-0-1

--------------------------------------------------------------

Engine-Match Sunday, November 9, 2025 9:56:44 AM
 Blitz 90/1 

Pairing 82/136 :    MaterialOpponent  -  Stockfish 1%

PGN-File: C:\Program Files (x86)\Arena\Tournaments\Ultimate Engine Battle 20251108.pgn

No:  B/W 1/2     W:B       1:2           Time        Value Moves Dep 1:2       1-2-Draws
   1 B 2    1.0:0.0        0.0:1.0       9:57:39 AM      -M1    21 6.000 :37.190  0-1-0

--------------------------------------------------------------

Engine-Match Sunday, November 9, 2025 9:57:41 AM
 Blitz 90/1 

Pairing 83/136 :    V7P3R_v10.8  -  CoverageOpponent

PGN-File: C:\Program Files (x86)\Arena\Tournaments\Ultimate Engine Battle 20251108.pgn

No:  B/W 1/2     W:B       1:2           Time        Value Moves Dep 1:2       1-2-Draws
   1 B 2    1.0:0.0        0.0:1.0       10:08:00 AM  -299.99    44 4.286 :6.000  0-1-0

--------------------------------------------------------------

Engine-Match Sunday, November 9, 2025 10:08:01 AM
 Blitz 90/1 

Pairing 84/136 :    CaptureOpponent  -  V7P3R_v12.6

PGN-File: C:\Program Files (x86)\Arena\Tournaments\Ultimate Engine Battle 20251108.pgn

No:  B/W 1/2     W:B       1:2           Time        Value Moves Dep 1:2       1-2-Draws
   1 B 2    1.0:0.0        0.0:1.0       10:16:36 AM  -289.99    10 7.000 :5.000  0-1-0

--------------------------------------------------------------

Engine-Match Sunday, November 9, 2025 10:16:37 AM
 Blitz 90/1 

Pairing 85/136 :    V7P3R_v14.0  -  C0BR4_v3.1

PGN-File: C:\Program Files (x86)\Arena\Tournaments\Ultimate Engine Battle 20251108.pgn

No:  B/W 1/2     W:B       1:2           Time        Value Moves Dep 1:2       1-2-Draws
   1 W 1    1.0:0.0        1.0:0.0       10:40:40 AM   +15.75    70 5.242 :4.000  1-0-0

--------------------------------------------------------------

Engine-Match Sunday, November 9, 2025 10:40:42 AM
 Blitz 90/1 

Pairing 86/136 :    C0BR4_v2.9  -  V7P3R_v14.1

PGN-File: C:\Program Files (x86)\Arena\Tournaments\Ultimate Engine Battle 20251108.pgn

No:  B/W 1/2     W:B       1:2           Time        Value Moves Dep 1:2       1-2-Draws
   1 B 2    1.0:0.0        0.0:1.0       10:45:20 AM   -14.76    30 4.000 :4.600  0-1-0

--------------------------------------------------------------

Engine-Match Sunday, November 9, 2025 10:45:21 AM
 Blitz 90/1 

Pairing 87/136 :    V7P3R_v14.2  -  VPR_v9.0

PGN-File: C:\Program Files (x86)\Arena\Tournaments\Ultimate Engine Battle 20251108.pgn

No:  B/W 1/2     W:B       1:2           Time        Value Moves Dep 1:2       1-2-Draws
   1 W 1    1.0:0.0        1.0:0.0       10:58:08 AM    +9.68    48 4.826 :6.000  1-0-0

--------------------------------------------------------------

Engine-Match Sunday, November 9, 2025 10:58:10 AM
 Blitz 90/1 

Pairing 88/136 :    VPR_v8.1  -  V7P3R_v14.3

PGN-File: C:\Program Files (x86)\Arena\Tournaments\Ultimate Engine Battle 20251108.pgn

No:  B/W 1/2     W:B       1:2           Time        Value Moves Dep 1:2       1-2-Draws
   1 B 2    1.0:0.0        0.0:1.0       11:10:41 AM  -299.98    56 6.000 :4.857  0-1-0

--------------------------------------------------------------

Engine-Match Sunday, November 9, 2025 11:10:42 AM
 Blitz 90/1 

Pairing 89/136 :    RandomOpponent  -  MaterialOpponent

PGN-File: C:\Program Files (x86)\Arena\Tournaments\Ultimate Engine Battle 20251108.pgn

No:  B/W 1/2     W:B       1:2           Time        Value Moves Dep 1:2       1-2-Draws
   1 B 2    1.0:0.0        0.0:1.0       11:11:19 AM  -299.99    29 0:6.000  0-1-0

--------------------------------------------------------------

Engine-Match Sunday, November 9, 2025 11:11:21 AM
 Blitz 90/1 

Pairing 90/136 :    CoverageOpponent  -  SlowMate_v3.1

PGN-File: C:\Program Files (x86)\Arena\Tournaments\Ultimate Engine Battle 20251108.pgn

No:  B/W 1/2     W:B       1:2           Time        Value Moves Dep 1:2       1-2-Draws
   1 = =    0.5:0.5        0.5:0.5       12:15:56 PM    -8.19    49 6.000 :5.826  0-0-1

--------------------------------------------------------------

Engine-Match Sunday, November 9, 2025 12:15:57 PM
 Blitz 90/1 

Pairing 91/136 :    Stockfish 1%  -  CaptureOpponent

PGN-File: C:\Program Files (x86)\Arena\Tournaments\Ultimate Engine Battle 20251108.pgn

No:  B/W 1/2     W:B       1:2           Time        Value Moves Dep 1:2       1-2-Draws
   1 W 1    1.0:0.0        1.0:0.0       12:24:02 PM      +M1    16 30.438 :7.133  1-0-0

--------------------------------------------------------------

Engine-Match Sunday, November 9, 2025 12:24:04 PM
 Blitz 90/1 

Pairing 92/136 :    C0BR4_v3.1  -  V7P3R_v10.8

PGN-File: C:\Program Files (x86)\Arena\Tournaments\Ultimate Engine Battle 20251108.pgn

No:  B/W 1/2     W:B       1:2           Time        Value Moves Dep 1:2       1-2-Draws
   1 = =    0.5:0.5        0.5:0.5       12:32:46 PM    +5.88    68 4.000 :4.077  0-0-1

--------------------------------------------------------------

Engine-Match Sunday, November 9, 2025 12:32:48 PM
 Blitz 90/1 

Pairing 93/136 :    V7P3R_v12.6  -  C0BR4_v2.9

PGN-File: C:\Program Files (x86)\Arena\Tournaments\Ultimate Engine Battle 20251108.pgn

No:  B/W 1/2     W:B       1:2           Time        Value Moves Dep 1:2       1-2-Draws
   1 B 2    1.0:0.0        0.0:1.0       12:41:17 PM  -299.97    34 5.100 :4.000  0-1-0

--------------------------------------------------------------

Engine-Match Sunday, November 9, 2025 12:41:19 PM
 Blitz 90/1 

Pairing 94/136 :    VPR_v9.0  -  V7P3R_v14.0

PGN-File: C:\Program Files (x86)\Arena\Tournaments\Ultimate Engine Battle 20251108.pgn

No:  B/W 1/2     W:B       1:2           Time        Value Moves Dep 1:2       1-2-Draws
   1 B 2    1.0:0.0        0.0:1.0       1:04:13 PM   -21.12    49 6.000 :5.111  0-1-0

--------------------------------------------------------------

Engine-Match Sunday, November 9, 2025 1:04:14 PM
 Blitz 90/1 

Pairing 95/136 :    V7P3R_v14.1  -  VPR_v8.1

PGN-File: C:\Program Files (x86)\Arena\Tournaments\Ultimate Engine Battle 20251108.pgn

No:  B/W 1/2     W:B       1:2           Time        Value Moves Dep 1:2       1-2-Draws
   1 = =    0.5:0.5        0.5:0.5       1:17:56 PM    +6.58    57 4.429 :6.000  0-0-1

--------------------------------------------------------------

Engine-Match Sunday, November 9, 2025 1:17:58 PM
 Blitz 90/1 

Pairing 96/136 :    V7P3R_v14.3  -  V7P3R_v14.2

PGN-File: C:\Program Files (x86)\Arena\Tournaments\Ultimate Engine Battle 20251108.pgn

No:  B/W 1/2     W:B       1:2           Time        Value Moves Dep 1:2       1-2-Draws
   1 B 2    1.0:0.0        0.0:1.0       1:29:53 PM  -289.99    45 5.333 :4.909  0-1-0

--------------------------------------------------------------

Engine-Match Sunday, November 9, 2025 1:29:54 PM
 Blitz 90/1 

Pairing 97/136 :    PositionalOpponent  -  CoverageOpponent

PGN-File: C:\Program Files (x86)\Arena\Tournaments\Ultimate Engine Battle 20251108.pgn

No:  B/W 1/2     W:B       1:2           Time        Value Moves Dep 1:2       1-2-Draws
   1 W 1    1.0:0.0        1.0:0.0       1:35:51 PM  +299.99    46 6.000 :6.000  1-0-0

--------------------------------------------------------------

Engine-Match Sunday, November 9, 2025 1:35:53 PM
 Blitz 90/1 

Pairing 98/136 :    CaptureOpponent  -  RandomOpponent

PGN-File: C:\Program Files (x86)\Arena\Tournaments\Ultimate Engine Battle 20251108.pgn

No:  B/W 1/2     W:B       1:2           Time        Value Moves Dep 1:2       1-2-Draws
   1 W 1    1.0:0.0        1.0:0.0       1:41:35 PM  +299.99    12 7.583 :0 1-0-0

--------------------------------------------------------------

Engine-Match Sunday, November 9, 2025 1:41:36 PM
 Blitz 90/1 

Pairing 99/136 :    SlowMate_v3.1  -  C0BR4_v3.1

PGN-File: C:\Program Files (x86)\Arena\Tournaments\Ultimate Engine Battle 20251108.pgn

No:  B/W 1/2     W:B       1:2           Time        Value Moves Dep 1:2       1-2-Draws
   1 W 1    1.0:0.0        1.0:0.0       2:34:58 PM   +13.67    40 5.548 :4.000  1-0-0

--------------------------------------------------------------

Engine-Match Sunday, November 9, 2025 2:35:00 PM
 Blitz 90/1 

Pairing 100/136 :    C0BR4_v2.9  -  Stockfish 1%

PGN-File: C:\Program Files (x86)\Arena\Tournaments\Ultimate Engine Battle 20251108.pgn

No:  B/W 1/2     W:B       1:2           Time        Value Moves Dep 1:2       1-2-Draws
   1 B 2    1.0:0.0        0.0:1.0       2:35:24 PM      -M1    13 3.909 :36.154  0-1-0

--------------------------------------------------------------

Engine-Match Sunday, November 9, 2025 2:35:31 PM
 Blitz 90/1 

Pairing 101/136 :    V7P3R_v10.8  -  VPR_v9.0

PGN-File: C:\Program Files (x86)\Arena\Tournaments\Ultimate Engine Battle 20251108.pgn

No:  B/W 1/2     W:B       1:2           Time        Value Moves Dep 1:2       1-2-Draws
   1 B 2    1.0:0.0        0.0:1.0       2:50:06 PM   -18.79    70 4.135 :6.000  0-1-0

--------------------------------------------------------------

Engine-Match Sunday, November 9, 2025 2:50:08 PM
 Blitz 90/1 

Pairing 102/136 :    VPR_v8.1  -  V7P3R_v12.6

PGN-File: C:\Program Files (x86)\Arena\Tournaments\Ultimate Engine Battle 20251108.pgn

No:  B/W 1/2     W:B       1:2           Time        Value Moves Dep 1:2       1-2-Draws
   1 W 1    1.0:0.0        1.0:0.0       3:17:06 PM  +299.99    84 6.000 :4.767  1-0-0

--------------------------------------------------------------

Engine-Match Sunday, November 9, 2025 3:17:08 PM
 Blitz 90/1 

Pairing 103/136 :    V7P3R_v14.0  -  V7P3R_v14.3

PGN-File: C:\Program Files (x86)\Arena\Tournaments\Ultimate Engine Battle 20251108.pgn

No:  B/W 1/2     W:B       1:2           Time        Value Moves Dep 1:2       1-2-Draws
   1 W 1    1.0:0.0        1.0:0.0       3:38:19 PM  +289.98    66 5.520 :5.304  1-0-0

--------------------------------------------------------------

Engine-Match Sunday, November 9, 2025 3:38:21 PM
 Blitz 90/1 

Pairing 104/136 :    V7P3R_v14.2  -  V7P3R_v14.1

PGN-File: C:\Program Files (x86)\Arena\Tournaments\Ultimate Engine Battle 20251108.pgn

No:  B/W 1/2     W:B       1:2           Time        Value Moves Dep 1:2       1-2-Draws
   1 = =    0.5:0.5        0.5:0.5       3:52:26 PM     0.00    76 4.875 :5.091  0-0-1

--------------------------------------------------------------

Engine-Match Sunday, November 9, 2025 3:52:27 PM
 Blitz 90/1 

Pairing 105/136 :    MaterialOpponent  -  CaptureOpponent

PGN-File: C:\Program Files (x86)\Arena\Tournaments\Ultimate Engine Battle 20251108.pgn

No:  B/W 1/2     W:B       1:2           Time        Value Moves Dep 1:2       1-2-Draws
   1 W 1    1.0:0.0        1.0:0.0       4:07:14 PM   +10.95    28 6.000 :6.321  1-0-0

--------------------------------------------------------------

Engine-Match Sunday, November 9, 2025 4:07:15 PM
 Blitz 90/1 

Pairing 106/136 :    C0BR4_v3.1  -  PositionalOpponent

PGN-File: C:\Program Files (x86)\Arena\Tournaments\Ultimate Engine Battle 20251108.pgn

No:  B/W 1/2     W:B       1:2           Time        Value Moves Dep 1:2       1-2-Draws
   1 B 2    1.0:0.0        0.0:1.0       4:10:43 PM  -299.99    30 3.966 :6.000  0-1-0

--------------------------------------------------------------

Engine-Match Sunday, November 9, 2025 4:10:44 PM
 Blitz 90/1 

Pairing 107/136 :    RandomOpponent  -  C0BR4_v2.9

PGN-File: C:\Program Files (x86)\Arena\Tournaments\Ultimate Engine Battle 20251108.pgn

No:  B/W 1/2     W:B       1:2           Time        Value Moves Dep 1:2       1-2-Draws
   1 B 2    1.0:0.0        0.0:1.0       4:10:57 PM  -299.97    12 0:4.000  0-1-0

--------------------------------------------------------------

Engine-Match Sunday, November 9, 2025 4:10:59 PM
 Blitz 90/1 

Pairing 108/136 :    VPR_v9.0  -  SlowMate_v3.1

PGN-File: C:\Program Files (x86)\Arena\Tournaments\Ultimate Engine Battle 20251108.pgn

No:  B/W 1/2     W:B       1:2           Time        Value Moves Dep 1:2       1-2-Draws
   1 = =    0.5:0.5        0.5:0.5       5:00:47 PM    -2.45    31 6.000 :5.323  0-0-1

--------------------------------------------------------------

Engine-Match Sunday, November 9, 2025 5:00:49 PM
 Blitz 90/1 

Pairing 109/136 :    Stockfish 1%  -  VPR_v8.1

PGN-File: C:\Program Files (x86)\Arena\Tournaments\Ultimate Engine Battle 20251108.pgn

No:  B/W 1/2     W:B       1:2           Time        Value Moves Dep 1:2       1-2-Draws
   1 W 1    1.0:0.0        1.0:0.0       5:02:41 PM      +M1    23 39.000 :6.000  1-0-0

--------------------------------------------------------------

Engine-Match Sunday, November 9, 2025 5:02:43 PM
 Blitz 90/1 

Pairing 110/136 :    V7P3R_v14.3  -  V7P3R_v10.8

PGN-File: C:\Program Files (x86)\Arena\Tournaments\Ultimate Engine Battle 20251108.pgn

No:  B/W 1/2     W:B       1:2           Time        Value Moves Dep 1:2       1-2-Draws
   1 B 2    1.0:0.0        0.0:1.0       5:13:54 PM     0.00    31 5.391 :4.190  0-1-0

--------------------------------------------------------------

Engine-Match Sunday, November 9, 2025 5:13:55 PM
 Blitz 90/1 

Pairing 111/136 :    V7P3R_v12.6  -  V7P3R_v14.2

PGN-File: C:\Program Files (x86)\Arena\Tournaments\Ultimate Engine Battle 20251108.pgn

No:  B/W 1/2     W:B       1:2           Time        Value Moves Dep 1:2       1-2-Draws
   1 = =    0.5:0.5        0.5:0.5       5:29:32 PM     0.00    33 5.111 :4.857  0-0-1

--------------------------------------------------------------

Engine-Match Sunday, November 9, 2025 5:29:34 PM
 Blitz 90/1 

Pairing 112/136 :    V7P3R_v14.1  -  V7P3R_v14.0

PGN-File: C:\Program Files (x86)\Arena\Tournaments\Ultimate Engine Battle 20251108.pgn

No:  B/W 1/2     W:B       1:2           Time        Value Moves Dep 1:2       1-2-Draws
   1 B 2    1.0:0.0        0.0:1.0       5:42:42 PM     0.00    34 4.529 :4.941  0-1-0

--------------------------------------------------------------

Engine-Match Sunday, November 9, 2025 5:42:44 PM
 Blitz 90/1 

Pairing 113/136 :    CoverageOpponent  -  C0BR4_v3.1

PGN-File: C:\Program Files (x86)\Arena\Tournaments\Ultimate Engine Battle 20251108.pgn

No:  B/W 1/2     W:B       1:2           Time        Value Moves Dep 1:2       1-2-Draws
   1 W 1    1.0:0.0        1.0:0.0       5:47:59 PM  +299.99    29 6.000 :3.963  1-0-0

--------------------------------------------------------------

Engine-Match Sunday, November 9, 2025 5:48:00 PM
 Blitz 90/1 

Pairing 114/136 :    C0BR4_v2.9  -  MaterialOpponent

PGN-File: C:\Program Files (x86)\Arena\Tournaments\Ultimate Engine Battle 20251108.pgn

No:  B/W 1/2     W:B       1:2           Time        Value Moves Dep 1:2       1-2-Draws
   1 B 2    1.0:0.0        0.0:1.0       5:49:39 PM  -299.97    33 3.968 :6.000  0-1-0

--------------------------------------------------------------

Engine-Match Sunday, November 9, 2025 5:49:40 PM
 Blitz 90/1 

Pairing 115/136 :    PositionalOpponent  -  VPR_v9.0

PGN-File: C:\Program Files (x86)\Arena\Tournaments\Ultimate Engine Battle 20251108.pgn

No:  B/W 1/2     W:B       1:2           Time        Value Moves Dep 1:2       1-2-Draws
   1 W 1    1.0:0.0        1.0:0.0       6:05:47 PM  +299.99    61 6.000 :6.000  1-0-0

--------------------------------------------------------------

Engine-Match Sunday, November 9, 2025 6:05:49 PM
 Blitz 90/1 

Pairing 116/136 :    VPR_v8.1  -  RandomOpponent

PGN-File: C:\Program Files (x86)\Arena\Tournaments\Ultimate Engine Battle 20251108.pgn

No:  B/W 1/2     W:B       1:2           Time        Value Moves Dep 1:2       1-2-Draws
   1 W 1    1.0:0.0        1.0:0.0       6:07:11 PM  +299.99    42 6.000 :0 1-0-0

--------------------------------------------------------------

Engine-Match Sunday, November 9, 2025 6:07:12 PM
 Blitz 90/1 

Pairing 117/136 :    SlowMate_v3.1  -  V7P3R_v14.3

PGN-File: C:\Program Files (x86)\Arena\Tournaments\Ultimate Engine Battle 20251108.pgn

No:  B/W 1/2     W:B       1:2           Time        Value Moves Dep 1:2       1-2-Draws
   1 B 2    1.0:0.0        0.0:1.0       6:59:17 PM  -289.99    30 5.267 :5.000  0-1-0

--------------------------------------------------------------

Engine-Match Sunday, November 9, 2025 6:59:19 PM
 Blitz 90/1 

Pairing 118/136 :    V7P3R_v14.2  -  Stockfish 1%

PGN-File: C:\Program Files (x86)\Arena\Tournaments\Ultimate Engine Battle 20251108.pgn

No:  B/W 1/2     W:B       1:2           Time        Value Moves Dep 1:2       1-2-Draws
   1 B 2    1.0:0.0        0.0:1.0       7:03:24 PM      -M1    25 5.267 :34.880  0-1-0

--------------------------------------------------------------

Engine-Match Sunday, November 9, 2025 7:03:25 PM
 Blitz 90/1 

Pairing 119/136 :    V7P3R_v10.8  -  V7P3R_v14.1

PGN-File: C:\Program Files (x86)\Arena\Tournaments\Ultimate Engine Battle 20251108.pgn

No:  B/W 1/2     W:B       1:2           Time        Value Moves Dep 1:2       1-2-Draws
   1 = =    0.5:0.5        0.5:0.5       7:15:57 PM     0.00    43 4.000 :4.654  0-0-1

--------------------------------------------------------------

Engine-Match Sunday, November 9, 2025 7:15:59 PM
 Blitz 90/1 

Pairing 120/136 :    V7P3R_v14.0  -  V7P3R_v12.6

PGN-File: C:\Program Files (x86)\Arena\Tournaments\Ultimate Engine Battle 20251108.pgn

No:  B/W 1/2     W:B       1:2           Time        Value Moves Dep 1:2       1-2-Draws
   1 W 1    1.0:0.0        1.0:0.0       7:36:57 PM   +13.81    44 5.000 :4.789  1-0-0

--------------------------------------------------------------

Engine-Match Sunday, November 9, 2025 7:37:09 PM
 Blitz 90/1 

Pairing 121/136 :    CaptureOpponent  -  C0BR4_v2.9

PGN-File: C:\Program Files (x86)\Arena\Tournaments\Ultimate Engine Battle 20251108.pgn

No:  B/W 1/2     W:B       1:2           Time        Value Moves Dep 1:2       1-2-Draws
   1 B 2    1.0:0.0        0.0:1.0       7:44:17 PM  -299.97    14 6.429 :4.000  0-1-0

--------------------------------------------------------------

Engine-Match Sunday, November 9, 2025 7:44:19 PM
 Blitz 90/1 

Pairing 122/136 :    VPR_v9.0  -  CoverageOpponent

PGN-File: C:\Program Files (x86)\Arena\Tournaments\Ultimate Engine Battle 20251108.pgn

No:  B/W 1/2     W:B       1:2           Time        Value Moves Dep 1:2       1-2-Draws
   1 = =    0.5:0.5        0.5:0.5       7:50:36 PM    +3.70    30 6.000 :6.000  0-0-1

--------------------------------------------------------------

Engine-Match Sunday, November 9, 2025 7:50:38 PM
 Blitz 90/1 

Pairing 123/136 :    MaterialOpponent  -  VPR_v8.1

PGN-File: C:\Program Files (x86)\Arena\Tournaments\Ultimate Engine Battle 20251108.pgn

No:  B/W 1/2     W:B       1:2           Time        Value Moves Dep 1:2       1-2-Draws
   1 = =    0.5:0.5        0.5:0.5       7:50:52 PM     0.00     7 6.000 :6.000  0-0-1

--------------------------------------------------------------

Engine-Match Sunday, November 9, 2025 7:50:53 PM
 Blitz 90/1 

Pairing 124/136 :    V7P3R_v14.3  -  PositionalOpponent

PGN-File: C:\Program Files (x86)\Arena\Tournaments\Ultimate Engine Battle 20251108.pgn

No:  B/W 1/2     W:B       1:2           Time        Value Moves Dep 1:2       1-2-Draws
   1 B 2    1.0:0.0        0.0:1.0       8:01:40 PM  -299.99    33 5.000 :6.000  0-1-0

--------------------------------------------------------------

Engine-Match Sunday, November 9, 2025 8:01:41 PM
 Blitz 90/1 

Pairing 125/136 :    RandomOpponent  -  V7P3R_v14.2

PGN-File: C:\Program Files (x86)\Arena\Tournaments\Ultimate Engine Battle 20251108.pgn

No:  B/W 1/2     W:B       1:2           Time        Value Moves Dep 1:2       1-2-Draws
   1 B 2    1.0:0.0        0.0:1.0       8:06:04 PM  -289.98    16 0:5.267  0-1-0

--------------------------------------------------------------

Engine-Match Sunday, November 9, 2025 8:06:05 PM
 Blitz 90/1 

Pairing 126/136 :    V7P3R_v14.1  -  SlowMate_v3.1

PGN-File: C:\Program Files (x86)\Arena\Tournaments\Ultimate Engine Battle 20251108.pgn

No:  B/W 1/2     W:B       1:2           Time        Value Moves Dep 1:2       1-2-Draws
   1 = =    0.5:0.5        0.5:0.5       9:28:21 PM    -5.11    64 4.667 :5.324  0-0-1

--------------------------------------------------------------

Engine-Match Sunday, November 9, 2025 9:28:22 PM
 Blitz 90/1 

Pairing 127/136 :    Stockfish 1%  -  V7P3R_v14.0

PGN-File: C:\Program Files (x86)\Arena\Tournaments\Ultimate Engine Battle 20251108.pgn

No:  B/W 1/2     W:B       1:2           Time        Value Moves Dep 1:2       1-2-Draws
   1 W 1    1.0:0.0        1.0:0.0       9:38:55 PM      +M1    25 32.280 :5.250  1-0-0

--------------------------------------------------------------

Engine-Match Sunday, November 9, 2025 9:38:56 PM
 Blitz 90/1 

Pairing 128/136 :    V7P3R_v12.6  -  V7P3R_v10.8

PGN-File: C:\Program Files (x86)\Arena\Tournaments\Ultimate Engine Battle 20251108.pgn

No:  B/W 1/2     W:B       1:2           Time        Value Moves Dep 1:2       1-2-Draws
   1 = =    0.5:0.5        0.5:0.5       9:52:24 PM    -0.02    41 5.067 :4.059  0-0-1

--------------------------------------------------------------

Engine-Match Sunday, November 9, 2025 9:52:26 PM
 Blitz 90/1 

Pairing 129/136 :    C0BR4_v3.1  -  VPR_v9.0

PGN-File: C:\Program Files (x86)\Arena\Tournaments\Ultimate Engine Battle 20251108.pgn

No:  B/W 1/2     W:B       1:2           Time        Value Moves Dep 1:2       1-2-Draws
   1 B 2    1.0:0.0        0.0:1.0       9:56:29 PM   -10.15    42 4.000 :6.000  0-1-0

--------------------------------------------------------------

Engine-Match Sunday, November 9, 2025 9:56:31 PM
 Blitz 90/1 

Pairing 130/136 :    VPR_v8.1  -  CaptureOpponent

PGN-File: C:\Program Files (x86)\Arena\Tournaments\Ultimate Engine Battle 20251108.pgn

No:  B/W 1/2     W:B       1:2           Time        Value Moves Dep 1:2       1-2-Draws
   1 W 1    1.0:0.0        1.0:0.0       10:06:01 PM  +299.99    18 6.000 :6.471  1-0-0

--------------------------------------------------------------

Engine-Match Sunday, November 9, 2025 10:06:03 PM
 Blitz 90/1 

Pairing 131/136 :    CoverageOpponent  -  V7P3R_v14.3

PGN-File: C:\Program Files (x86)\Arena\Tournaments\Ultimate Engine Battle 20251108.pgn

No:  B/W 1/2     W:B       1:2           Time        Value Moves Dep 1:2       1-2-Draws
   1 = =    0.5:0.5        0.5:0.5       10:12:14 PM   -16.57    22 6.000 :5.211  0-0-1

--------------------------------------------------------------

Engine-Match Sunday, November 9, 2025 10:12:15 PM
 Blitz 90/1 

Pairing 132/136 :    V7P3R_v14.2  -  MaterialOpponent

PGN-File: C:\Program Files (x86)\Arena\Tournaments\Ultimate Engine Battle 20251108.pgn

No:  B/W 1/2     W:B       1:2           Time        Value Moves Dep 1:2       1-2-Draws
   1 = =    0.5:0.5        0.5:0.5       10:14:55 PM    -1.25    14 4.700 :6.000  0-0-1

--------------------------------------------------------------

Engine-Match Sunday, November 9, 2025 10:14:57 PM
 Blitz 90/1 

Pairing 133/136 :    PositionalOpponent  -  V7P3R_v14.1

PGN-File: C:\Program Files (x86)\Arena\Tournaments\Ultimate Engine Battle 20251108.pgn

No:  B/W 1/2     W:B       1:2           Time        Value Moves Dep 1:2       1-2-Draws
   1 W 1    1.0:0.0        1.0:0.0       10:25:59 PM  +299.99    48 6.000 :4.889  1-0-0

--------------------------------------------------------------

Engine-Match Sunday, November 9, 2025 10:26:00 PM
 Blitz 90/1 

Pairing 134/136 :    V7P3R_v14.0  -  RandomOpponent

PGN-File: C:\Program Files (x86)\Arena\Tournaments\Ultimate Engine Battle 20251108.pgn

No:  B/W 1/2     W:B       1:2           Time        Value Moves Dep 1:2       1-2-Draws
   1 W 1    1.0:0.0        1.0:0.0       10:28:41 PM  +289.99     7 6.000 :0 1-0-0

--------------------------------------------------------------

Engine-Match Sunday, November 9, 2025 10:28:43 PM
 Blitz 90/1 

Pairing 135/136 :    SlowMate_v3.1  -  V7P3R_v12.6

PGN-File: C:\Program Files (x86)\Arena\Tournaments\Ultimate Engine Battle 20251108.pgn

No:  B/W 1/2     W:B       1:2           Time        Value Moves Dep 1:2       1-2-Draws
   1 = =    0.5:0.5        0.5:0.5       11:55:57 PM    -4.89    64 5.295 :4.643  0-0-1

--------------------------------------------------------------

Engine-Match Sunday, November 9, 2025 11:55:58 PM
 Blitz 90/1 

Pairing 136/136 :    V7P3R_v10.8  -  Stockfish 1%

PGN-File: C:\Program Files (x86)\Arena\Tournaments\Ultimate Engine Battle 20251108.pgn

No:  B/W 1/2     W:B       1:2           Time        Value Moves Dep 1:2       1-2-Draws
   1 B 2    1.0:0.0        0.0:1.0       12:00:25 AM      -M1    28 3.864 :31.963  0-1-0

--------------------------------------------------------------

Engine-Match Monday, November 10, 2025 12:00:26 AM
 Blitz 90/1 

Pairing 1/136 :    C0BR4_v2.9  -  VPR_v8.1

PGN-File: C:\Program Files (x86)\Arena\Tournaments\Ultimate Engine Battle 20251108.pgn

No:  B/W 1/2     W:B       1:2           Time        Value Moves Dep 1:2       1-2-Draws
   2 = =    0.5:0.5        0.5:1.5       12:01:37 AM    +1.25    30 4.000 :6.000  0-1-1

--------------------------------------------------------------

Engine-Match Monday, November 10, 2025 12:01:38 AM
 Blitz 90/1 

Pairing 2/136 :    V7P3R_v14.3  -  C0BR4_v3.1

PGN-File: C:\Program Files (x86)\Arena\Tournaments\Ultimate Engine Battle 20251108.pgn

No:  B/W 1/2     W:B       1:2           Time        Value Moves Dep 1:2       1-2-Draws
   2 W 2    1.0:0.0        1.0:1.0       12:04:52 AM  +299.97    20 5.000 :4.000  1-1-0

--------------------------------------------------------------

Engine-Match Monday, November 10, 2025 12:04:54 AM
 Blitz 90/1 

Pairing 3/136 :    CaptureOpponent  -  V7P3R_v14.2

PGN-File: C:\Program Files (x86)\Arena\Tournaments\Ultimate Engine Battle 20251108.pgn

No:  B/W 1/2     W:B       1:2           Time        Value Moves Dep 1:2       1-2-Draws
   2 W 2    1.0:0.0        0.0:2.0       12:22:49 AM  +289.99    25 6.250 :4.458  0-2-0

--------------------------------------------------------------

Engine-Match Monday, November 10, 2025 12:22:51 AM
 Blitz 90/1 

Pairing 4/136 :    V7P3R_v14.1  -  CoverageOpponent

PGN-File: C:\Program Files (x86)\Arena\Tournaments\Ultimate Engine Battle 20251108.pgn

No:  B/W 1/2     W:B       1:2           Time        Value Moves Dep 1:2       1-2-Draws
   2 = =    0.5:0.5        0.5:1.5       12:29:44 AM     0.00    24 4.611 :6.000  0-1-1

--------------------------------------------------------------

Engine-Match Monday, November 10, 2025 12:29:59 AM
 Blitz 90/1 

Pairing 5/136 :    MaterialOpponent  -  V7P3R_v14.0

PGN-File: C:\Program Files (x86)\Arena\Tournaments\Ultimate Engine Battle 20251108.pgn

No:  B/W 1/2     W:B       1:2           Time        Value Moves Dep 1:2       1-2-Draws
   2 W 2    1.0:0.0        0.0:2.0       12:53:23 AM   +10.90    75 6.000 :4.660  0-2-0

--------------------------------------------------------------

Engine-Match Monday, November 10, 2025 12:53:25 AM
 Blitz 90/1 

Pairing 6/136 :    V7P3R_v12.6  -  PositionalOpponent

PGN-File: C:\Program Files (x86)\Arena\Tournaments\Ultimate Engine Battle 20251108.pgn

No:  B/W 1/2     W:B       1:2           Time        Value Moves Dep 1:2       1-2-Draws
   2 B 1    1.0:0.0        1.0:1.0       1:05:40 AM   -12.80    49 4.563 :6.000  1-1-0

--------------------------------------------------------------

Engine-Match Monday, November 10, 2025 1:05:41 AM
 Blitz 90/1 

Pairing 7/136 :    RandomOpponent  -  V7P3R_v10.8

PGN-File: C:\Program Files (x86)\Arena\Tournaments\Ultimate Engine Battle 20251108.pgn

No:  B/W 1/2     W:B       1:2           Time        Value Moves Dep 1:2       1-2-Draws
   2 W 2    1.0:0.0        0.0:2.0       1:10:59 AM  +289.98    21 0:4.737  0-2-0

--------------------------------------------------------------

Engine-Match Monday, November 10, 2025 1:11:00 AM
 Blitz 90/1 

Pairing 8/136 :    Stockfish 1%  -  SlowMate_v3.1

PGN-File: C:\Program Files (x86)\Arena\Tournaments\Ultimate Engine Battle 20251108.pgn

No:  B/W 1/2     W:B       1:2           Time        Value Moves Dep 1:2       1-2-Draws
   2 B 1    1.0:0.0        2.0:0.0       1:46:38 AM      -M1    22 27.136 :5.227  2-0-0

--------------------------------------------------------------

Engine-Match Monday, November 10, 2025 1:46:40 AM
 Blitz 90/1 

Pairing 9/136 :    VPR_v9.0  -  V7P3R_v14.3

PGN-File: C:\Program Files (x86)\Arena\Tournaments\Ultimate Engine Battle 20251108.pgn

No:  B/W 1/2     W:B       1:2           Time        Value Moves Dep 1:2       1-2-Draws
   2 = =    0.5:0.5        1.5:0.5       2:08:44 AM    -1.05    70 6.000 :4.897  1-0-1

--------------------------------------------------------------

Engine-Match Monday, November 10, 2025 2:08:46 AM
 Blitz 90/1 

Pairing 10/136 :    V7P3R_v14.2  -  C0BR4_v2.9

PGN-File: C:\Program Files (x86)\Arena\Tournaments\Ultimate Engine Battle 20251108.pgn

No:  B/W 1/2     W:B       1:2           Time        Value Moves Dep 1:2       1-2-Draws
   2 B 1    1.5:0.5        1.5:0.5       2:16:08 AM   -10.89    46 5.167 :4.000  1-0-1

--------------------------------------------------------------

Engine-Match Monday, November 10, 2025 2:16:09 AM
 Blitz 90/1 

Pairing 11/136 :    C0BR4_v3.1  -  V7P3R_v14.1

PGN-File: C:\Program Files (x86)\Arena\Tournaments\Ultimate Engine Battle 20251108.pgn

No:  B/W 1/2     W:B       1:2           Time        Value Moves Dep 1:2       1-2-Draws
   2 = =    0.5:0.5        0.5:1.5       2:23:40 AM    -1.97    50 4.000 :4.955  0-1-1

--------------------------------------------------------------

Engine-Match Monday, November 10, 2025 2:23:42 AM
 Blitz 90/1 

Pairing 12/136 :    V7P3R_v14.0  -  CaptureOpponent

PGN-File: C:\Program Files (x86)\Arena\Tournaments\Ultimate Engine Battle 20251108.pgn

No:  B/W 1/2     W:B       1:2           Time        Value Moves Dep 1:2       1-2-Draws
   2 B 1    1.0:0.0        2.0:0.0       2:42:16 AM     0.00    21 6.000 :7.286  2-0-0

--------------------------------------------------------------

Engine-Match Monday, November 10, 2025 2:42:18 AM
 Blitz 90/1 

Pairing 13/136 :    CoverageOpponent  -  V7P3R_v12.6

PGN-File: C:\Program Files (x86)\Arena\Tournaments\Ultimate Engine Battle 20251108.pgn

No:  B/W 1/2     W:B       1:2           Time        Value Moves Dep 1:2       1-2-Draws
   2 W 2    1.5:0.5        0.5:1.5       3:04:11 AM  +289.99    76 6.000 :5.500  0-1-1

--------------------------------------------------------------

Engine-Match Monday, November 10, 2025 3:04:12 AM
 Blitz 90/1 

Pairing 14/136 :    V7P3R_v10.8  -  MaterialOpponent

PGN-File: C:\Program Files (x86)\Arena\Tournaments\Ultimate Engine Battle 20251108.pgn

No:  B/W 1/2     W:B       1:2           Time        Value Moves Dep 1:2       1-2-Draws
   2 W 2    1.5:0.5        0.5:1.5       3:11:51 AM   +21.08    65 4.000 :6.000  0-1-1

--------------------------------------------------------------

Engine-Match Monday, November 10, 2025 3:11:52 AM
 Blitz 90/1 

Pairing 15/136 :    PositionalOpponent  -  Stockfish 1%

PGN-File: C:\Program Files (x86)\Arena\Tournaments\Ultimate Engine Battle 20251108.pgn

No:  B/W 1/2     W:B       1:2           Time        Value Moves Dep 1:2       1-2-Draws
   2 W 2    1.0:0.0        0.0:2.0       3:15:35 AM      +M1    26 6.000 :34.808  0-2-0

--------------------------------------------------------------

Engine-Match Monday, November 10, 2025 3:15:36 AM
 Blitz 90/1 

Pairing 16/136 :    SlowMate_v3.1  -  RandomOpponent

PGN-File: C:\Program Files (x86)\Arena\Tournaments\Ultimate Engine Battle 20251108.pgn

No:  B/W 1/2     W:B       1:2           Time        Value Moves Dep 1:2       1-2-Draws
   2 = =    1.0:1.0        1.0:1.0       4:04:12 AM  -200.00    34 5.176 :0 0-0-2

--------------------------------------------------------------

Engine-Match Monday, November 10, 2025 4:04:14 AM
 Blitz 90/1 

Pairing 17/136 :    VPR_v8.1  -  V7P3R_v14.2

PGN-File: C:\Program Files (x86)\Arena\Tournaments\Ultimate Engine Battle 20251108.pgn

No:  B/W 1/2     W:B       1:2           Time        Value Moves Dep 1:2       1-2-Draws
   2 = =    0.5:0.5        1.5:0.5       4:06:57 AM    -1.25    14 6.000 :4.700  1-0-1

--------------------------------------------------------------

Engine-Match Monday, November 10, 2025 4:06:58 AM
 Blitz 90/1 

Pairing 18/136 :    V7P3R_v14.1  -  VPR_v9.0

PGN-File: C:\Program Files (x86)\Arena\Tournaments\Ultimate Engine Battle 20251108.pgn

No:  B/W 1/2     W:B       1:2           Time        Value Moves Dep 1:2       1-2-Draws
   2 = =    1.0:1.0        1.0:1.0       4:23:43 AM    +1.87    69 4.762 :6.000  0-0-2

--------------------------------------------------------------

Engine-Match Monday, November 10, 2025 4:23:45 AM
 Blitz 90/1 

Pairing 19/136 :    C0BR4_v2.9  -  V7P3R_v14.0

PGN-File: C:\Program Files (x86)\Arena\Tournaments\Ultimate Engine Battle 20251108.pgn

No:  B/W 1/2     W:B       1:2           Time        Value Moves Dep 1:2       1-2-Draws
   2 = =    1.0:1.0        1.0:1.0       4:31:31 AM    +1.32    33 4.000 :5.091  0-0-2

--------------------------------------------------------------

Engine-Match Monday, November 10, 2025 4:31:32 AM
 Blitz 90/1 

Pairing 20/136 :    V7P3R_v12.6  -  C0BR4_v3.1

PGN-File: C:\Program Files (x86)\Arena\Tournaments\Ultimate Engine Battle 20251108.pgn

No:  B/W 1/2     W:B       1:2           Time        Value Moves Dep 1:2       1-2-Draws
   2 B 1    1.5:0.5        1.5:0.5       4:41:45 AM  -289.99    45 5.000 :4.000  1-0-1

--------------------------------------------------------------

Engine-Match Monday, November 10, 2025 4:41:46 AM
 Blitz 90/1 

Pairing 21/136 :    CaptureOpponent  -  V7P3R_v10.8

PGN-File: C:\Program Files (x86)\Arena\Tournaments\Ultimate Engine Battle 20251108.pgn

No:  B/W 1/2     W:B       1:2           Time        Value Moves Dep 1:2       1-2-Draws
   2 W 2    1.0:0.0        0.0:2.0       4:47:14 AM  +289.98     9 7.000 :4.444  0-2-0

--------------------------------------------------------------

Engine-Match Monday, November 10, 2025 4:47:15 AM
 Blitz 90/1 

Pairing 22/136 :    Stockfish 1%  -  CoverageOpponent

PGN-File: C:\Program Files (x86)\Arena\Tournaments\Ultimate Engine Battle 20251108.pgn

No:  B/W 1/2     W:B       1:2           Time        Value Moves Dep 1:2       1-2-Draws
   2 B 1    1.0:0.0        2.0:0.0       4:50:33 AM      -M1    25 32.955 :6.000  2-0-0

--------------------------------------------------------------

Engine-Match Monday, November 10, 2025 4:50:34 AM
 Blitz 90/1 

Pairing 23/136 :    MaterialOpponent  -  SlowMate_v3.1

PGN-File: C:\Program Files (x86)\Arena\Tournaments\Ultimate Engine Battle 20251108.pgn

No:  B/W 1/2     W:B       1:2           Time        Value Moves Dep 1:2       1-2-Draws
   2 = =    1.0:1.0        1.0:1.0       5:16:37 AM    +2.51    15 6.000 :5.267  0-0-2

--------------------------------------------------------------

Engine-Match Monday, November 10, 2025 5:16:39 AM
 Blitz 90/1 

Pairing 24/136 :    RandomOpponent  -  PositionalOpponent

PGN-File: C:\Program Files (x86)\Arena\Tournaments\Ultimate Engine Battle 20251108.pgn

No:  B/W 1/2     W:B       1:2           Time        Value Moves Dep 1:2       1-2-Draws
   2 W 2    1.0:0.0        0.0:2.0       5:20:09 AM  +299.99    23 0:6.000  0-2-0

--------------------------------------------------------------

Engine-Match Monday, November 10, 2025 5:20:24 AM
 Blitz 90/1 

Pairing 25/136 :    V7P3R_v14.3  -  V7P3R_v14.1

PGN-File: C:\Program Files (x86)\Arena\Tournaments\Ultimate Engine Battle 20251108.pgn

No:  B/W 1/2     W:B       1:2           Time        Value Moves Dep 1:2       1-2-Draws
   2 W 2    1.5:0.5        0.5:1.5       5:36:48 AM     0.00    61 5.417 :5.080  0-1-1

--------------------------------------------------------------

Engine-Match Monday, November 10, 2025 5:36:50 AM
 Blitz 90/1 

Pairing 26/136 :    V7P3R_v14.0  -  VPR_v8.1

PGN-File: C:\Program Files (x86)\Arena\Tournaments\Ultimate Engine Battle 20251108.pgn

No:  B/W 1/2     W:B       1:2           Time        Value Moves Dep 1:2       1-2-Draws
   2 B 1    1.5:0.5        1.5:0.5       5:49:00 AM   -10.95    42 5.320 :6.000  1-0-1

--------------------------------------------------------------

Engine-Match Monday, November 10, 2025 5:49:02 AM
 Blitz 90/1 

Pairing 27/136 :    VPR_v9.0  -  V7P3R_v12.6

PGN-File: C:\Program Files (x86)\Arena\Tournaments\Ultimate Engine Battle 20251108.pgn

No:  B/W 1/2     W:B       1:2           Time        Value Moves Dep 1:2       1-2-Draws
   2 B 1    1.0:0.0        1.0:1.0       6:18:43 AM   -11.48    67 6.000 :4.952  1-1-0

--------------------------------------------------------------

Engine-Match Monday, November 10, 2025 6:18:45 AM
 Blitz 90/1 

Pairing 28/136 :    V7P3R_v10.8  -  C0BR4_v2.9

PGN-File: C:\Program Files (x86)\Arena\Tournaments\Ultimate Engine Battle 20251108.pgn

No:  B/W 1/2     W:B       1:2           Time        Value Moves Dep 1:2       1-2-Draws
   2 = =    0.5:0.5        0.5:1.5       6:23:30 AM   +20.69    43 4.333 :4.000  0-1-1

--------------------------------------------------------------

Engine-Match Monday, November 10, 2025 6:23:32 AM
 Blitz 90/1 

Pairing 29/136 :    C0BR4_v3.1  -  Stockfish 1%

PGN-File: C:\Program Files (x86)\Arena\Tournaments\Ultimate Engine Battle 20251108.pgn

No:  B/W 1/2     W:B       1:2           Time        Value Moves Dep 1:2       1-2-Draws
   2 W 2    1.0:0.0        0.0:2.0       6:24:08 AM      +M1    15 3.917 :37.200  0-2-0

--------------------------------------------------------------

Engine-Match Monday, November 10, 2025 6:24:10 AM
 Blitz 90/1 

Pairing 30/136 :    SlowMate_v3.1  -  CaptureOpponent

PGN-File: C:\Program Files (x86)\Arena\Tournaments\Ultimate Engine Battle 20251108.pgn

No:  B/W 1/2     W:B       1:2           Time        Value Moves Dep 1:2       1-2-Draws
   2 B 1    1.0:0.0        2.0:0.0       7:03:15 AM  -299.96    20 5.737 :7.300  2-0-0

--------------------------------------------------------------

Engine-Match Monday, November 10, 2025 7:03:17 AM
 Blitz 90/1 

Pairing 31/136 :    CoverageOpponent  -  RandomOpponent

PGN-File: C:\Program Files (x86)\Arena\Tournaments\Ultimate Engine Battle 20251108.pgn

No:  B/W 1/2     W:B       1:2           Time        Value Moves Dep 1:2       1-2-Draws
   2 B 1    1.0:0.0        2.0:0.0       7:06:44 AM  -299.99    16 6.000 :0 2-0-0

--------------------------------------------------------------

Engine-Match Monday, November 10, 2025 7:06:45 AM
 Blitz 90/1 

Pairing 32/136 :    PositionalOpponent  -  MaterialOpponent

PGN-File: C:\Program Files (x86)\Arena\Tournaments\Ultimate Engine Battle 20251108.pgn

No:  B/W 1/2     W:B       1:2           Time        Value Moves Dep 1:2       1-2-Draws
   2 = =    0.5:0.5        1.5:0.5       7:18:16 AM   -12.90    49 6.000 :6.000  1-0-1

--------------------------------------------------------------

Engine-Match Monday, November 10, 2025 7:18:17 AM
 Blitz 90/1 

Pairing 33/136 :    V7P3R_v14.2  -  V7P3R_v14.0

PGN-File: C:\Program Files (x86)\Arena\Tournaments\Ultimate Engine Battle 20251108.pgn

No:  B/W 1/2     W:B       1:2           Time        Value Moves Dep 1:2       1-2-Draws
   2 = =    0.5:0.5        1.5:0.5       7:42:30 AM     0.00    78 4.655 :5.280  1-0-1

--------------------------------------------------------------

Engine-Match Monday, November 10, 2025 7:42:31 AM
 Blitz 90/1 

Pairing 34/136 :    V7P3R_v12.6  -  V7P3R_v14.3

PGN-File: C:\Program Files (x86)\Arena\Tournaments\Ultimate Engine Battle 20251108.pgn

No:  B/W 1/2     W:B       1:2           Time        Value Moves Dep 1:2       1-2-Draws
   2 = =    1.0:1.0        1.0:1.0       8:03:39 AM    +3.50    55 5.238 :5.190  0-0-2

--------------------------------------------------------------

Engine-Match Monday, November 10, 2025 8:03:40 AM
 Blitz 90/1 

Pairing 35/136 :    VPR_v8.1  -  V7P3R_v10.8

PGN-File: C:\Program Files (x86)\Arena\Tournaments\Ultimate Engine Battle 20251108.pgn

No:  B/W 1/2     W:B       1:2           Time        Value Moves Dep 1:2       1-2-Draws
   2 = =    1.0:1.0        1.0:1.0       8:19:50 AM   +13.95    62 6.000 :3.805  0-0-2

--------------------------------------------------------------

Engine-Match Monday, November 10, 2025 8:19:51 AM
 Blitz 90/1 

Pairing 36/136 :    Stockfish 1%  -  VPR_v9.0

PGN-File: C:\Program Files (x86)\Arena\Tournaments\Ultimate Engine Battle 20251108.pgn

No:  B/W 1/2     W:B       1:2           Time        Value Moves Dep 1:2       1-2-Draws
   2 B 1    1.0:0.0        2.0:0.0       8:23:16 AM      -M1    27 38.259 :6.000  2-0-0

--------------------------------------------------------------

Engine-Match Monday, November 10, 2025 8:23:18 AM
 Blitz 90/1 

Pairing 37/136 :    C0BR4_v2.9  -  SlowMate_v3.1

PGN-File: C:\Program Files (x86)\Arena\Tournaments\Ultimate Engine Battle 20251108.pgn

No:  B/W 1/2     W:B       1:2           Time        Value Moves Dep 1:2       1-2-Draws
   2 W 2    1.0:0.0        1.0:1.0       9:16:28 AM   +13.67    40 4.000 :5.531  1-1-0

--------------------------------------------------------------

Engine-Match Monday, November 10, 2025 9:16:30 AM
 Blitz 90/1 

Pairing 38/136 :    RandomOpponent  -  C0BR4_v3.1

PGN-File: C:\Program Files (x86)\Arena\Tournaments\Ultimate Engine Battle 20251108.pgn

No:  B/W 1/2     W:B       1:2           Time        Value Moves Dep 1:2       1-2-Draws
   2 W 2    1.0:0.0        0.0:2.0       9:16:37 AM  +299.97    10 0:3.750  0-2-0

--------------------------------------------------------------

Engine-Match Monday, November 10, 2025 9:16:39 AM
 Blitz 90/1 

Pairing 39/136 :    CaptureOpponent  -  PositionalOpponent

PGN-File: C:\Program Files (x86)\Arena\Tournaments\Ultimate Engine Battle 20251108.pgn

No:  B/W 1/2     W:B       1:2           Time        Value Moves Dep 1:2       1-2-Draws
   2 W 2    1.0:0.0        0.0:2.0       9:26:03 AM  +299.99    17 6.813 :6.000  0-2-0

--------------------------------------------------------------

Engine-Match Monday, November 10, 2025 9:26:05 AM
 Blitz 90/1 

Pairing 40/136 :    MaterialOpponent  -  CoverageOpponent

PGN-File: C:\Program Files (x86)\Arena\Tournaments\Ultimate Engine Battle 20251108.pgn

No:  B/W 1/2     W:B       1:2           Time        Value Moves Dep 1:2       1-2-Draws
   2 W 2    1.5:0.5        0.5:1.5       9:35:57 AM  +299.94    40 6.000 :6.000  0-1-1

--------------------------------------------------------------

Engine-Match Monday, November 10, 2025 9:35:58 AM
 Blitz 90/1 

Pairing 41/136 :    V7P3R_v14.1  -  V7P3R_v12.6

PGN-File: C:\Program Files (x86)\Arena\Tournaments\Ultimate Engine Battle 20251108.pgn

No:  B/W 1/2     W:B       1:2           Time        Value Moves Dep 1:2       1-2-Draws
   2 B 1    1.0:0.0        2.0:0.0       9:55:01 AM     0.00    58 5.316 :5.333  2-0-0

--------------------------------------------------------------

Engine-Match Monday, November 10, 2025 9:55:02 AM
 Blitz 90/1 

Pairing 42/136 :    V7P3R_v10.8  -  V7P3R_v14.2

PGN-File: C:\Program Files (x86)\Arena\Tournaments\Ultimate Engine Battle 20251108.pgn

No:  B/W 1/2     W:B       1:2           Time        Value Moves Dep 1:2       1-2-Draws
   2 B 1    1.0:0.0        1.0:1.0       10:05:41 AM     0.00    35 3.714 :4.478  1-1-0

--------------------------------------------------------------

Engine-Match Monday, November 10, 2025 10:05:43 AM
 Blitz 90/1 

Pairing 43/136 :    V7P3R_v14.3  -  Stockfish 1%

PGN-File: C:\Program Files (x86)\Arena\Tournaments\Ultimate Engine Battle 20251108.pgn

No:  B/W 1/2     W:B       1:2           Time        Value Moves Dep 1:2       1-2-Draws
   2 W 2    1.0:0.0        0.0:2.0       10:10:09 AM      +M1    21 5.267 :36.238  0-2-0

--------------------------------------------------------------

Engine-Match Monday, November 10, 2025 10:10:11 AM
 Blitz 90/1 

Pairing 44/136 :    SlowMate_v3.1  -  VPR_v8.1

PGN-File: C:\Program Files (x86)\Arena\Tournaments\Ultimate Engine Battle 20251108.pgn

No:  B/W 1/2     W:B       1:2           Time        Value Moves Dep 1:2       1-2-Draws
   2 W 2    1.5:0.5        0.5:1.5       10:50:34 AM  +299.99    26 5.120 :6.000  0-1-1

--------------------------------------------------------------

Engine-Match Monday, November 10, 2025 10:50:42 AM
 Blitz 90/1 

Pairing 45/136 :    VPR_v9.0  -  RandomOpponent

PGN-File: C:\Program Files (x86)\Arena\Tournaments\Ultimate Engine Battle 20251108.pgn

No:  B/W 1/2     W:B       1:2           Time        Value Moves Dep 1:2       1-2-Draws
   2 B 1    1.0:0.0        2.0:0.0       10:52:08 AM  -299.99    19 6.000 :0 2-0-0

--------------------------------------------------------------

Engine-Match Monday, November 10, 2025 10:52:09 AM
 Blitz 90/1 

Pairing 46/136 :    PositionalOpponent  -  C0BR4_v2.9

PGN-File: C:\Program Files (x86)\Arena\Tournaments\Ultimate Engine Battle 20251108.pgn

No:  B/W 1/2     W:B       1:2           Time        Value Moves Dep 1:2       1-2-Draws
   2 B 1    1.5:0.5        1.5:0.5       10:55:00 AM  -299.99    26 6.000 :3.958  1-0-1

--------------------------------------------------------------

Engine-Match Monday, November 10, 2025 10:55:02 AM
 Blitz 90/1 

Pairing 47/136 :    C0BR4_v3.1  -  MaterialOpponent

PGN-File: C:\Program Files (x86)\Arena\Tournaments\Ultimate Engine Battle 20251108.pgn

No:  B/W 1/2     W:B       1:2           Time        Value Moves Dep 1:2       1-2-Draws
   2 W 2    1.0:0.0        0.0:2.0       10:57:05 AM  +299.99    45 3.977 :6.000  0-2-0

--------------------------------------------------------------

Engine-Match Monday, November 10, 2025 10:57:06 AM
 Blitz 90/1 

Pairing 48/136 :    CoverageOpponent  -  CaptureOpponent

PGN-File: C:\Program Files (x86)\Arena\Tournaments\Ultimate Engine Battle 20251108.pgn

No:  B/W 1/2     W:B       1:2           Time        Value Moves Dep 1:2       1-2-Draws
   2 B 1    1.0:0.0        2.0:0.0       11:03:59 AM  -299.99    11 6.000 :6.727  2-0-0

--------------------------------------------------------------

Engine-Match Monday, November 10, 2025 11:04:01 AM
 Blitz 90/1 

Pairing 49/136 :    V7P3R_v14.0  -  V7P3R_v10.8

PGN-File: C:\Program Files (x86)\Arena\Tournaments\Ultimate Engine Battle 20251108.pgn

No:  B/W 1/2     W:B       1:2           Time        Value Moves Dep 1:2       1-2-Draws
   2 B 1    1.0:0.0        2.0:0.0       11:26:03 AM     0.00    49 4.960 :4.088  2-0-0

--------------------------------------------------------------

Engine-Match Monday, November 10, 2025 11:26:04 AM
 Blitz 90/1 

Pairing 50/136 :    Stockfish 1%  -  V7P3R_v14.1

PGN-File: C:\Program Files (x86)\Arena\Tournaments\Ultimate Engine Battle 20251108.pgn

No:  B/W 1/2     W:B       1:2           Time        Value Moves Dep 1:2       1-2-Draws
   2 B 1    1.0:0.0        2.0:0.0       11:29:53 AM      -M1    22 32.955 :4.643  2-0-0

--------------------------------------------------------------

Engine-Match Monday, November 10, 2025 11:29:54 AM
 Blitz 90/1 

Pairing 51/136 :    V7P3R_v14.2  -  SlowMate_v3.1

PGN-File: C:\Program Files (x86)\Arena\Tournaments\Ultimate Engine Battle 20251108.pgn

No:  B/W 1/2     W:B       1:2           Time        Value Moves Dep 1:2       1-2-Draws
   2 B 1    1.5:0.5        1.5:0.5       12:35:40 PM     0.00    45 4.385 :5.152  1-0-1

--------------------------------------------------------------

Engine-Match Monday, November 10, 2025 12:35:41 PM
 Blitz 90/1 

Pairing 52/136 :    RandomOpponent  -  V7P3R_v14.3

PGN-File: C:\Program Files (x86)\Arena\Tournaments\Ultimate Engine Battle 20251108.pgn

No:  B/W 1/2     W:B       1:2           Time        Value Moves Dep 1:2       1-2-Draws
   2 W 2    1.0:0.0        0.0:2.0       12:39:05 PM     0.00    21 0:5.500  0-2-0

--------------------------------------------------------------

Engine-Match Monday, November 10, 2025 12:39:06 PM
 Blitz 90/1 

Pairing 53/136 :    VPR_v8.1  -  PositionalOpponent

PGN-File: C:\Program Files (x86)\Arena\Tournaments\Ultimate Engine Battle 20251108.pgn

No:  B/W 1/2     W:B       1:2           Time        Value Moves Dep 1:2       1-2-Draws
   2 W 2    1.0:0.0        0.0:2.0       12:46:57 PM  +299.98    37 6.000 :6.000  0-2-0

--------------------------------------------------------------

Engine-Match Monday, November 10, 2025 12:46:59 PM
 Blitz 90/1 

Pairing 54/136 :    MaterialOpponent  -  VPR_v9.0

PGN-File: C:\Program Files (x86)\Arena\Tournaments\Ultimate Engine Battle 20251108.pgn

No:  B/W 1/2     W:B       1:2           Time        Value Moves Dep 1:2       1-2-Draws
   2 = =    0.5:0.5        0.5:1.5       12:51:13 PM    +0.95    25 6.000 :6.000  0-1-1

--------------------------------------------------------------

Engine-Match Monday, November 10, 2025 12:51:14 PM
 Blitz 90/1 

Pairing 55/136 :    C0BR4_v2.9  -  CoverageOpponent

PGN-File: C:\Program Files (x86)\Arena\Tournaments\Ultimate Engine Battle 20251108.pgn

No:  B/W 1/2     W:B       1:2           Time        Value Moves Dep 1:2       1-2-Draws
   2 = =    1.0:1.0        1.0:1.0       12:56:27 PM   -16.47    42 4.000 :6.000  0-0-2

--------------------------------------------------------------

Engine-Match Monday, November 10, 2025 12:56:29 PM
 Blitz 90/1 

Pairing 56/136 :    CaptureOpponent  -  C0BR4_v3.1

PGN-File: C:\Program Files (x86)\Arena\Tournaments\Ultimate Engine Battle 20251108.pgn

No:  B/W 1/2     W:B       1:2           Time        Value Moves Dep 1:2       1-2-Draws
   2 W 2    1.0:0.0        0.0:2.0       1:03:10 PM  +299.97    14 6.846 :3.833  0-2-0

--------------------------------------------------------------

Engine-Match Monday, November 10, 2025 1:03:11 PM
 Blitz 90/1 

Pairing 57/136 :    V7P3R_v12.6  -  Stockfish 1%

PGN-File: C:\Program Files (x86)\Arena\Tournaments\Ultimate Engine Battle 20251108.pgn

No:  B/W 1/2     W:B       1:2           Time        Value Moves Dep 1:2       1-2-Draws
   2 W 2    1.0:0.0        0.0:2.0       1:10:57 PM      +M1    24 4.824 :36.917  0-2-0

--------------------------------------------------------------

Engine-Match Monday, November 10, 2025 1:10:59 PM
 Blitz 90/1 

Pairing 58/136 :    SlowMate_v3.1  -  V7P3R_v14.0

PGN-File: C:\Program Files (x86)\Arena\Tournaments\Ultimate Engine Battle 20251108.pgn

No:  B/W 1/2     W:B       1:2           Time        Value Moves Dep 1:2       1-2-Draws
   2 = =    0.5:0.5        0.5:1.5       2:11:02 PM  -289.96    36 5.343 :5.037  0-1-1

--------------------------------------------------------------

Engine-Match Monday, November 10, 2025 2:11:03 PM
 Blitz 90/1 

Pairing 59/136 :    V7P3R_v14.1  -  RandomOpponent

PGN-File: C:\Program Files (x86)\Arena\Tournaments\Ultimate Engine Battle 20251108.pgn

No:  B/W 1/2     W:B       1:2           Time        Value Moves Dep 1:2       1-2-Draws
   2 B 1    1.0:0.0        2.0:0.0       2:14:28 PM  -289.99    18 4.813 :0 2-0-0

--------------------------------------------------------------

Engine-Match Monday, November 10, 2025 2:14:30 PM
 Blitz 90/1 

Pairing 60/136 :    PositionalOpponent  -  V7P3R_v14.2

PGN-File: C:\Program Files (x86)\Arena\Tournaments\Ultimate Engine Battle 20251108.pgn

No:  B/W 1/2     W:B       1:2           Time        Value Moves Dep 1:2       1-2-Draws
   2 B 1    1.5:0.5        1.5:0.5       2:22:45 PM  -299.99    28 6.000 :4.889  1-0-1

--------------------------------------------------------------

Engine-Match Monday, November 10, 2025 2:22:46 PM
 Blitz 90/1 

Pairing 61/136 :    V7P3R_v14.3  -  MaterialOpponent

PGN-File: C:\Program Files (x86)\Arena\Tournaments\Ultimate Engine Battle 20251108.pgn

No:  B/W 1/2     W:B       1:2           Time        Value Moves Dep 1:2       1-2-Draws
   2 B 1    1.5:0.5        1.5:0.5       2:34:39 PM  -299.98    56 4.857 :6.000  1-0-1

--------------------------------------------------------------

Engine-Match Monday, November 10, 2025 2:34:41 PM
 Blitz 90/1 

Pairing 62/136 :    CoverageOpponent  -  VPR_v8.1

PGN-File: C:\Program Files (x86)\Arena\Tournaments\Ultimate Engine Battle 20251108.pgn

No:  B/W 1/2     W:B       1:2           Time        Value Moves Dep 1:2       1-2-Draws
   2 = =    0.5:0.5        1.5:0.5       2:46:16 PM   +13.15    43 6.000 :6.000  1-0-1

--------------------------------------------------------------

Engine-Match Monday, November 10, 2025 2:46:17 PM
 Blitz 90/1 

Pairing 63/136 :    VPR_v9.0  -  CaptureOpponent

PGN-File: C:\Program Files (x86)\Arena\Tournaments\Ultimate Engine Battle 20251108.pgn

No:  B/W 1/2     W:B       1:2           Time        Value Moves Dep 1:2       1-2-Draws
   2 B 1    1.0:0.0        2.0:0.0       2:55:04 PM  -299.99    20 6.000 :7.650  2-0-0

--------------------------------------------------------------

Engine-Match Monday, November 10, 2025 2:55:05 PM
 Blitz 90/1 

Pairing 64/136 :    C0BR4_v3.1  -  C0BR4_v2.9

PGN-File: C:\Program Files (x86)\Arena\Tournaments\Ultimate Engine Battle 20251108.pgn

No:  B/W 1/2     W:B       1:2           Time        Value Moves Dep 1:2       1-2-Draws
   2 W 2    1.5:0.5        0.5:1.5       2:55:35 PM   +10.23    30 4.000 :4.000  0-1-1

--------------------------------------------------------------

Engine-Match Monday, November 10, 2025 2:55:43 PM
 Blitz 90/1 

Pairing 65/136 :    V7P3R_v10.8  -  SlowMate_v3.1

PGN-File: C:\Program Files (x86)\Arena\Tournaments\Ultimate Engine Battle 20251108.pgn

No:  B/W 1/2     W:B       1:2           Time        Value Moves Dep 1:2       1-2-Draws
   2 W 2    1.0:0.0        0.0:2.0       3:30:05 PM   +25.75    19 4.000 :5.105  0-2-0

--------------------------------------------------------------

Engine-Match Monday, November 10, 2025 3:30:07 PM
 Blitz 90/1 

Pairing 66/136 :    RandomOpponent  -  V7P3R_v12.6

PGN-File: C:\Program Files (x86)\Arena\Tournaments\Ultimate Engine Battle 20251108.pgn

No:  B/W 1/2     W:B       1:2           Time        Value Moves Dep 1:2       1-2-Draws
   2 W 2    1.0:0.0        0.0:2.0       3:33:20 PM  +289.99     4 0:5.750  0-2-0

--------------------------------------------------------------

Engine-Match Monday, November 10, 2025 3:33:21 PM
 Blitz 90/1 

Pairing 67/136 :    V7P3R_v14.0  -  PositionalOpponent

PGN-File: C:\Program Files (x86)\Arena\Tournaments\Ultimate Engine Battle 20251108.pgn

No:  B/W 1/2     W:B       1:2           Time        Value Moves Dep 1:2       1-2-Draws
   2 W 2    1.0:0.0        0.0:2.0       3:58:32 PM  +299.99    61 5.111 :6.000  0-2-0

--------------------------------------------------------------

Engine-Match Monday, November 10, 2025 3:58:33 PM
 Blitz 90/1 

Pairing 68/136 :    MaterialOpponent  -  V7P3R_v14.1

PGN-File: C:\Program Files (x86)\Arena\Tournaments\Ultimate Engine Battle 20251108.pgn

No:  B/W 1/2     W:B       1:2           Time        Value Moves Dep 1:2       1-2-Draws
   2 W 2    1.5:0.5        0.5:1.5       4:05:20 PM    +9.10    34 6.000 :4.875  0-1-1

--------------------------------------------------------------

Engine-Match Monday, November 10, 2025 4:05:21 PM
 Blitz 90/1 

Pairing 69/136 :    V7P3R_v14.2  -  CoverageOpponent

PGN-File: C:\Program Files (x86)\Arena\Tournaments\Ultimate Engine Battle 20251108.pgn

No:  B/W 1/2     W:B       1:2           Time        Value Moves Dep 1:2       1-2-Draws
   2 B 1    1.0:0.0        2.0:0.0       4:16:31 PM     0.00    52 4.667 :6.000  2-0-0

--------------------------------------------------------------

Engine-Match Monday, November 10, 2025 4:16:32 PM
 Blitz 90/1 

Pairing 70/136 :    CaptureOpponent  -  V7P3R_v14.3

PGN-File: C:\Program Files (x86)\Arena\Tournaments\Ultimate Engine Battle 20251108.pgn

No:  B/W 1/2     W:B       1:2           Time        Value Moves Dep 1:2       1-2-Draws
   2 W 2    1.0:0.0        0.0:2.0       4:32:08 PM   +17.70    22 6.955 :5.471  0-2-0

--------------------------------------------------------------

Engine-Match Monday, November 10, 2025 4:32:09 PM
 Blitz 90/1 

Pairing 71/136 :    VPR_v8.1  -  C0BR4_v3.1

PGN-File: C:\Program Files (x86)\Arena\Tournaments\Ultimate Engine Battle 20251108.pgn

No:  B/W 1/2     W:B       1:2           Time        Value Moves Dep 1:2       1-2-Draws
   2 W 2    1.5:0.5        0.5:1.5       4:34:14 PM  +299.97    34 6.000 :4.000  0-1-1

--------------------------------------------------------------

Engine-Match Monday, November 10, 2025 4:34:15 PM
 Blitz 90/1 

Pairing 72/136 :    C0BR4_v2.9  -  VPR_v9.0

PGN-File: C:\Program Files (x86)\Arena\Tournaments\Ultimate Engine Battle 20251108.pgn

No:  B/W 1/2     W:B       1:2           Time        Value Moves Dep 1:2       1-2-Draws
   2 W 2    1.5:0.5        0.5:1.5       4:36:05 PM   +10.10    16 4.000 :6.000  0-1-1

--------------------------------------------------------------

Engine-Match Monday, November 10, 2025 4:36:06 PM
 Blitz 90/1 

Pairing 73/136 :    Stockfish 1%  -  RandomOpponent

PGN-File: C:\Program Files (x86)\Arena\Tournaments\Ultimate Engine Battle 20251108.pgn

No:  B/W 1/2     W:B       1:2           Time        Value Moves Dep 1:2       1-2-Draws
   2 B 1    1.0:0.0        2.0:0.0       4:36:14 PM      -M1     5 40.600 :0 2-0-0

--------------------------------------------------------------

Engine-Match Monday, November 10, 2025 4:36:16 PM
 Blitz 90/1 

Pairing 74/136 :    PositionalOpponent  -  V7P3R_v10.8

PGN-File: C:\Program Files (x86)\Arena\Tournaments\Ultimate Engine Battle 20251108.pgn

No:  B/W 1/2     W:B       1:2           Time        Value Moves Dep 1:2       1-2-Draws
   2 B 1    1.0:0.0        2.0:0.0       4:41:44 PM  -299.99    23 6.000 :4.214  2-0-0

--------------------------------------------------------------

Engine-Match Monday, November 10, 2025 4:41:46 PM
 Blitz 90/1 

Pairing 75/136 :    V7P3R_v12.6  -  MaterialOpponent

PGN-File: C:\Program Files (x86)\Arena\Tournaments\Ultimate Engine Battle 20251108.pgn

No:  B/W 1/2     W:B       1:2           Time        Value Moves Dep 1:2       1-2-Draws
   2 = =    1.0:1.0        1.0:1.0       5:06:39 PM    +6.56    72 5.125 :6.000  0-0-2

--------------------------------------------------------------

Engine-Match Monday, November 10, 2025 5:06:41 PM
 Blitz 90/1 

Pairing 76/136 :    CoverageOpponent  -  V7P3R_v14.0

PGN-File: C:\Program Files (x86)\Arena\Tournaments\Ultimate Engine Battle 20251108.pgn

No:  B/W 1/2     W:B       1:2           Time        Value Moves Dep 1:2       1-2-Draws
   2 W 2    1.0:0.0        0.0:2.0       5:28:39 PM  +289.99    46 6.000 :5.276  0-2-0

--------------------------------------------------------------

Engine-Match Monday, November 10, 2025 5:28:41 PM
 Blitz 90/1 

Pairing 77/136 :    V7P3R_v14.1  -  CaptureOpponent

PGN-File: C:\Program Files (x86)\Arena\Tournaments\Ultimate Engine Battle 20251108.pgn

No:  B/W 1/2     W:B       1:2           Time        Value Moves Dep 1:2       1-2-Draws
   2 B 1    1.0:0.0        2.0:0.0       5:40:17 PM     0.00    17 5.385 :6.941  2-0-0

--------------------------------------------------------------

Engine-Match Monday, November 10, 2025 5:40:18 PM
 Blitz 90/1 

Pairing 78/136 :    C0BR4_v3.1  -  V7P3R_v14.2

PGN-File: C:\Program Files (x86)\Arena\Tournaments\Ultimate Engine Battle 20251108.pgn

No:  B/W 1/2     W:B       1:2           Time        Value Moves Dep 1:2       1-2-Draws
   2 = =    0.5:0.5        0.5:1.5       5:48:49 PM    -1.10    49 4.000 :5.188  0-1-1

--------------------------------------------------------------

Engine-Match Monday, November 10, 2025 5:48:50 PM
 Blitz 90/1 

Pairing 79/136 :    V7P3R_v14.3  -  C0BR4_v2.9

PGN-File: C:\Program Files (x86)\Arena\Tournaments\Ultimate Engine Battle 20251108.pgn

No:  B/W 1/2     W:B       1:2           Time        Value Moves Dep 1:2       1-2-Draws
   2 B 1    1.0:0.0        1.0:1.0       5:54:17 PM   -14.53    36 5.400 :4.000  1-1-0

--------------------------------------------------------------

Engine-Match Monday, November 10, 2025 5:54:18 PM
 Blitz 90/1 

Pairing 80/136 :    VPR_v9.0  -  VPR_v8.1

PGN-File: C:\Program Files (x86)\Arena\Tournaments\Ultimate Engine Battle 20251108.pgn

No:  B/W 1/2     W:B       1:2           Time        Value Moves Dep 1:2       1-2-Draws
   2 = =    0.5:0.5        1.5:0.5       5:57:17 PM    -4.38    29 6.000 :6.000  1-0-1

--------------------------------------------------------------

Engine-Match Monday, November 10, 2025 5:57:19 PM
 Blitz 90/1 

Pairing 81/136 :    SlowMate_v3.1  -  PositionalOpponent

PGN-File: C:\Program Files (x86)\Arena\Tournaments\Ultimate Engine Battle 20251108.pgn

No:  B/W 1/2     W:B       1:2           Time        Value Moves Dep 1:2       1-2-Draws
   2 W 2    1.5:0.5        0.5:1.5       6:30:28 PM  +299.99    20 5.421 :6.000  0-1-1

--------------------------------------------------------------

Engine-Match Monday, November 10, 2025 6:30:29 PM
 Blitz 90/1 

Pairing 82/136 :    MaterialOpponent  -  Stockfish 1%

PGN-File: C:\Program Files (x86)\Arena\Tournaments\Ultimate Engine Battle 20251108.pgn

No:  B/W 1/2     W:B       1:2           Time        Value Moves Dep 1:2       1-2-Draws
   2 W 2    1.0:0.0        0.0:2.0       6:31:34 PM      +M1    23 6.000 :36.174  0-2-0

--------------------------------------------------------------

Engine-Match Monday, November 10, 2025 6:31:36 PM
 Blitz 90/1 

Pairing 83/136 :    V7P3R_v10.8  -  CoverageOpponent

PGN-File: C:\Program Files (x86)\Arena\Tournaments\Ultimate Engine Battle 20251108.pgn

No:  B/W 1/2     W:B       1:2           Time        Value Moves Dep 1:2       1-2-Draws
   2 = =    0.5:0.5        0.5:1.5       6:38:45 PM    +0.06    29 4.300 :6.000  0-1-1

--------------------------------------------------------------

Engine-Match Monday, November 10, 2025 6:38:46 PM
 Blitz 90/1 

Pairing 84/136 :    CaptureOpponent  -  V7P3R_v12.6

PGN-File: C:\Program Files (x86)\Arena\Tournaments\Ultimate Engine Battle 20251108.pgn

No:  B/W 1/2     W:B       1:2           Time        Value Moves Dep 1:2       1-2-Draws
   2 W 2    1.0:0.0        0.0:2.0       6:56:10 PM  +299.98    18 6.333 :4.667  0-2-0

--------------------------------------------------------------

Engine-Match Monday, November 10, 2025 6:56:22 PM
 Blitz 90/1 

Pairing 85/136 :    V7P3R_v14.0  -  C0BR4_v3.1

PGN-File: C:\Program Files (x86)\Arena\Tournaments\Ultimate Engine Battle 20251108.pgn

No:  B/W 1/2     W:B       1:2           Time        Value Moves Dep 1:2       1-2-Draws
   2 B 1    1.0:0.0        2.0:0.0       7:04:54 PM     0.00    33 5.235 :4.000  2-0-0

--------------------------------------------------------------

Engine-Match Monday, November 10, 2025 7:04:55 PM
 Blitz 90/1 

Pairing 86/136 :    C0BR4_v2.9  -  V7P3R_v14.1

PGN-File: C:\Program Files (x86)\Arena\Tournaments\Ultimate Engine Battle 20251108.pgn

No:  B/W 1/2     W:B       1:2           Time        Value Moves Dep 1:2       1-2-Draws
   2 W 2    1.0:0.0        0.0:2.0       7:13:38 PM  +289.98    41 4.000 :4.800  0-2-0

--------------------------------------------------------------

Engine-Match Monday, November 10, 2025 7:13:39 PM
 Blitz 90/1 

Pairing 87/136 :    V7P3R_v14.2  -  VPR_v9.0

PGN-File: C:\Program Files (x86)\Arena\Tournaments\Ultimate Engine Battle 20251108.pgn

No:  B/W 1/2     W:B       1:2           Time        Value Moves Dep 1:2       1-2-Draws
   2 W 2    1.0:0.0        1.0:1.0       7:24:59 PM  +299.99    35 5.000 :6.000  1-1-0

--------------------------------------------------------------

Engine-Match Monday, November 10, 2025 7:25:00 PM
 Blitz 90/1 

Pairing 88/136 :    VPR_v8.1  -  V7P3R_v14.3

PGN-File: C:\Program Files (x86)\Arena\Tournaments\Ultimate Engine Battle 20251108.pgn

No:  B/W 1/2     W:B       1:2           Time        Value Moves Dep 1:2       1-2-Draws
   2 W 2    1.0:0.0        0.0:2.0       7:38:56 PM  +299.94    66 6.000 :5.436  0-2-0

--------------------------------------------------------------

Engine-Match Monday, November 10, 2025 7:38:57 PM
 Blitz 90/1 

Pairing 89/136 :    RandomOpponent  -  MaterialOpponent

PGN-File: C:\Program Files (x86)\Arena\Tournaments\Ultimate Engine Battle 20251108.pgn

No:  B/W 1/2     W:B       1:2           Time        Value Moves Dep 1:2       1-2-Draws
   2 W 2    1.0:0.0        0.0:2.0       7:39:34 PM  +299.99    23 0:6.000  0-2-0

--------------------------------------------------------------

Engine-Match Monday, November 10, 2025 7:39:35 PM
 Blitz 90/1 

Pairing 90/136 :    CoverageOpponent  -  SlowMate_v3.1

PGN-File: C:\Program Files (x86)\Arena\Tournaments\Ultimate Engine Battle 20251108.pgn

No:  B/W 1/2     W:B       1:2           Time        Value Moves Dep 1:2       1-2-Draws
   2 = =    1.0:1.0        1.0:1.0       8:40:19 PM    +5.97    45 6.000 :5.429  0-0-2

--------------------------------------------------------------

Engine-Match Monday, November 10, 2025 8:40:21 PM
 Blitz 90/1 

Pairing 91/136 :    Stockfish 1%  -  CaptureOpponent

PGN-File: C:\Program Files (x86)\Arena\Tournaments\Ultimate Engine Battle 20251108.pgn

No:  B/W 1/2     W:B       1:2           Time        Value Moves Dep 1:2       1-2-Draws
   2 B 1    1.0:0.0        2.0:0.0       8:49:09 PM      -M1    19 41.526 :7.000  2-0-0

--------------------------------------------------------------

Engine-Match Monday, November 10, 2025 8:49:11 PM
 Blitz 90/1 

Pairing 92/136 :    C0BR4_v3.1  -  V7P3R_v10.8

PGN-File: C:\Program Files (x86)\Arena\Tournaments\Ultimate Engine Battle 20251108.pgn

No:  B/W 1/2     W:B       1:2           Time        Value Moves Dep 1:2       1-2-Draws
   2 W 2    1.5:0.5        0.5:1.5       8:55:07 PM     0.00    46 3.977 :4.310  0-1-1

--------------------------------------------------------------

Engine-Match Monday, November 10, 2025 8:55:09 PM
 Blitz 90/1 

Pairing 93/136 :    V7P3R_v12.6  -  C0BR4_v2.9

PGN-File: C:\Program Files (x86)\Arena\Tournaments\Ultimate Engine Battle 20251108.pgn

No:  B/W 1/2     W:B       1:2           Time        Value Moves Dep 1:2       1-2-Draws
   2 B 1    1.0:0.0        1.0:1.0       9:11:12 PM   -19.10    67 4.950 :4.000  1-1-0

--------------------------------------------------------------

Engine-Match Monday, November 10, 2025 9:11:13 PM
 Blitz 90/1 

Pairing 94/136 :    VPR_v9.0  -  V7P3R_v14.0

PGN-File: C:\Program Files (x86)\Arena\Tournaments\Ultimate Engine Battle 20251108.pgn

No:  B/W 1/2     W:B       1:2           Time        Value Moves Dep 1:2       1-2-Draws
   2 W 2    1.0:0.0        0.0:2.0       9:28:37 PM   +18.31    30 6.000 :5.000  0-2-0

--------------------------------------------------------------

Engine-Match Monday, November 10, 2025 9:28:38 PM
 Blitz 90/1 

Pairing 95/136 :    V7P3R_v14.1  -  VPR_v8.1

PGN-File: C:\Program Files (x86)\Arena\Tournaments\Ultimate Engine Battle 20251108.pgn

No:  B/W 1/2     W:B       1:2           Time        Value Moves Dep 1:2       1-2-Draws
   2 = =    1.0:1.0        1.0:1.0       9:36:31 PM     0.00    37 5.000 :6.000  0-0-2

--------------------------------------------------------------

Engine-Match Monday, November 10, 2025 9:36:33 PM
 Blitz 90/1 

Pairing 96/136 :    V7P3R_v14.3  -  V7P3R_v14.2

PGN-File: C:\Program Files (x86)\Arena\Tournaments\Ultimate Engine Battle 20251108.pgn

No:  B/W 1/2     W:B       1:2           Time        Value Moves Dep 1:2       1-2-Draws
   2 W 2    1.0:0.0        0.0:2.0       9:48:37 PM   +48.63    70 5.136 :4.909  0-2-0

--------------------------------------------------------------

Engine-Match Monday, November 10, 2025 9:48:38 PM
 Blitz 90/1 

Pairing 97/136 :    PositionalOpponent  -  CoverageOpponent

PGN-File: C:\Program Files (x86)\Arena\Tournaments\Ultimate Engine Battle 20251108.pgn

No:  B/W 1/2     W:B       1:2           Time        Value Moves Dep 1:2       1-2-Draws
   2 B 1    1.0:0.0        2.0:0.0       9:55:31 PM  -299.99    35 6.000 :6.000  2-0-0

--------------------------------------------------------------

Engine-Match Monday, November 10, 2025 9:55:33 PM
 Blitz 90/1 

Pairing 98/136 :    CaptureOpponent  -  RandomOpponent

PGN-File: C:\Program Files (x86)\Arena\Tournaments\Ultimate Engine Battle 20251108.pgn

No:  B/W 1/2     W:B       1:2           Time        Value Moves Dep 1:2       1-2-Draws
   2 B 1    1.0:0.0        2.0:0.0       10:28:10 PM  -299.99    64 5.547 :0 2-0-0

--------------------------------------------------------------

Engine-Match Monday, November 10, 2025 10:28:12 PM
 Blitz 90/1 

Pairing 99/136 :    SlowMate_v3.1  -  C0BR4_v3.1

PGN-File: C:\Program Files (x86)\Arena\Tournaments\Ultimate Engine Battle 20251108.pgn

No:  B/W 1/2     W:B       1:2           Time        Value Moves Dep 1:2       1-2-Draws
   2 B 1    1.0:0.0        2.0:0.0       11:26:11 PM   -10.64    46 5.000 :4.000  2-0-0

--------------------------------------------------------------

Engine-Match Monday, November 10, 2025 11:26:13 PM
 Blitz 90/1 

Pairing 100/136 :    C0BR4_v2.9  -  Stockfish 1%

PGN-File: C:\Program Files (x86)\Arena\Tournaments\Ultimate Engine Battle 20251108.pgn

No:  B/W 1/2     W:B       1:2           Time        Value Moves Dep 1:2       1-2-Draws
   2 W 2    1.0:0.0        0.0:2.0       11:26:55 PM  +299.97    29 4.000 :22.842  0-2-0

--------------------------------------------------------------

Engine-Match Monday, November 10, 2025 11:26:57 PM
 Blitz 90/1 

Pairing 101/136 :    V7P3R_v10.8  -  VPR_v9.0

PGN-File: C:\Program Files (x86)\Arena\Tournaments\Ultimate Engine Battle 20251108.pgn

No:  B/W 1/2     W:B       1:2           Time        Value Moves Dep 1:2       1-2-Draws
   2 W 2    1.0:0.0        0.0:2.0       11:36:47 PM  +299.99    56 4.200 :6.000  0-2-0

--------------------------------------------------------------

Engine-Match Monday, November 10, 2025 11:36:48 PM
 Blitz 90/1 

Pairing 102/136 :    VPR_v8.1  -  V7P3R_v12.6

PGN-File: C:\Program Files (x86)\Arena\Tournaments\Ultimate Engine Battle 20251108.pgn

No:  B/W 1/2     W:B       1:2           Time        Value Moves Dep 1:2       1-2-Draws
   2 = =    0.5:0.5        1.5:0.5       12:11:55 AM    +4.75   110 6.000 :4.451  1-0-1

--------------------------------------------------------------

Engine-Match Tuesday, November 11, 2025 12:11:56 AM
 Blitz 90/1 

Pairing 103/136 :    V7P3R_v14.0  -  V7P3R_v14.3

PGN-File: C:\Program Files (x86)\Arena\Tournaments\Ultimate Engine Battle 20251108.pgn

No:  B/W 1/2     W:B       1:2           Time        Value Moves Dep 1:2       1-2-Draws
   2 B 1    1.0:0.0        2.0:0.0       12:29:29 AM     0.00    56 5.421 :5.409  2-0-0

--------------------------------------------------------------

Engine-Match Tuesday, November 11, 2025 12:29:30 AM
 Blitz 90/1 

Pairing 104/136 :    V7P3R_v14.2  -  V7P3R_v14.1

PGN-File: C:\Program Files (x86)\Arena\Tournaments\Ultimate Engine Battle 20251108.pgn

No:  B/W 1/2     W:B       1:2           Time        Value Moves Dep 1:2       1-2-Draws
   2 W 2    1.5:0.5        0.5:1.5       12:41:05 AM  +289.98    37 4.840 :5.045  0-1-1

--------------------------------------------------------------

Engine-Match Tuesday, November 11, 2025 12:41:20 AM
 Blitz 90/1 

Pairing 105/136 :    MaterialOpponent  -  CaptureOpponent

PGN-File: C:\Program Files (x86)\Arena\Tournaments\Ultimate Engine Battle 20251108.pgn

No:  B/W 1/2     W:B       1:2           Time        Value Moves Dep 1:2       1-2-Draws
   2 B 1    1.0:0.0        2.0:0.0       12:53:19 AM  -299.99    24 6.000 :6.917  2-0-0

--------------------------------------------------------------

Engine-Match Tuesday, November 11, 2025 12:53:20 AM
 Blitz 90/1 

Pairing 106/136 :    C0BR4_v3.1  -  PositionalOpponent

PGN-File: C:\Program Files (x86)\Arena\Tournaments\Ultimate Engine Battle 20251108.pgn

No:  B/W 1/2     W:B       1:2           Time        Value Moves Dep 1:2       1-2-Draws
   2 W 2    1.0:0.0        0.0:2.0       12:58:46 AM  +299.99    57 4.000 :6.000  0-2-0

--------------------------------------------------------------

Engine-Match Tuesday, November 11, 2025 12:58:48 AM
 Blitz 90/1 

Pairing 107/136 :    RandomOpponent  -  C0BR4_v2.9

PGN-File: C:\Program Files (x86)\Arena\Tournaments\Ultimate Engine Battle 20251108.pgn

No:  B/W 1/2     W:B       1:2           Time        Value Moves Dep 1:2       1-2-Draws
   2 W 2    1.0:0.0        0.0:2.0       12:59:02 AM  +299.97    13 0:3.818  0-2-0

--------------------------------------------------------------

Engine-Match Tuesday, November 11, 2025 12:59:03 AM
 Blitz 90/1 

Pairing 108/136 :    VPR_v9.0  -  SlowMate_v3.1

PGN-File: C:\Program Files (x86)\Arena\Tournaments\Ultimate Engine Battle 20251108.pgn

No:  B/W 1/2     W:B       1:2           Time        Value Moves Dep 1:2       1-2-Draws
   2 B 1    1.5:0.5        1.5:0.5       1:58:56 AM   -11.40    41 6.000 :5.258  1-0-1

--------------------------------------------------------------

Engine-Match Tuesday, November 11, 2025 1:58:58 AM
 Blitz 90/1 

Pairing 109/136 :    Stockfish 1%  -  VPR_v8.1

PGN-File: C:\Program Files (x86)\Arena\Tournaments\Ultimate Engine Battle 20251108.pgn

No:  B/W 1/2     W:B       1:2           Time        Value Moves Dep 1:2       1-2-Draws
   2 B 1    1.0:0.0        2.0:0.0       2:00:12 AM      -M1    24 35.083 :6.000  2-0-0

--------------------------------------------------------------

Engine-Match Tuesday, November 11, 2025 2:00:13 AM
 Blitz 90/1 

Pairing 110/136 :    V7P3R_v14.3  -  V7P3R_v10.8

PGN-File: C:\Program Files (x86)\Arena\Tournaments\Ultimate Engine Battle 20251108.pgn

No:  B/W 1/2     W:B       1:2           Time        Value Moves Dep 1:2       1-2-Draws
   2 B 1    1.0:0.0        1.0:1.0       2:14:21 AM     0.00    58 5.143 :4.158  1-1-0

--------------------------------------------------------------

Engine-Match Tuesday, November 11, 2025 2:14:22 AM
 Blitz 90/1 

Pairing 111/136 :    V7P3R_v12.6  -  V7P3R_v14.2

PGN-File: C:\Program Files (x86)\Arena\Tournaments\Ultimate Engine Battle 20251108.pgn

No:  B/W 1/2     W:B       1:2           Time        Value Moves Dep 1:2       1-2-Draws
   2 W 2    1.5:0.5        0.5:1.5       2:25:08 AM  +289.99    28 5.125 :5.000  0-1-1

--------------------------------------------------------------

Engine-Match Tuesday, November 11, 2025 2:25:10 AM
 Blitz 90/1 

Pairing 112/136 :    V7P3R_v14.1  -  V7P3R_v14.0

PGN-File: C:\Program Files (x86)\Arena\Tournaments\Ultimate Engine Battle 20251108.pgn

No:  B/W 1/2     W:B       1:2           Time        Value Moves Dep 1:2       1-2-Draws
   2 B 1    1.0:0.0        1.0:1.0       2:40:20 AM     0.00    62 4.933 :5.286  1-1-0

--------------------------------------------------------------

Engine-Match Tuesday, November 11, 2025 2:40:22 AM
 Blitz 90/1 

Pairing 113/136 :    CoverageOpponent  -  C0BR4_v3.1

PGN-File: C:\Program Files (x86)\Arena\Tournaments\Ultimate Engine Battle 20251108.pgn

No:  B/W 1/2     W:B       1:2           Time        Value Moves Dep 1:2       1-2-Draws
   2 = =    0.5:0.5        1.5:0.5       2:43:29 AM    +5.22    36 6.000 :4.000  1-0-1

--------------------------------------------------------------

Engine-Match Tuesday, November 11, 2025 2:43:31 AM
 Blitz 90/1 

Pairing 114/136 :    C0BR4_v2.9  -  MaterialOpponent

PGN-File: C:\Program Files (x86)\Arena\Tournaments\Ultimate Engine Battle 20251108.pgn

No:  B/W 1/2     W:B       1:2           Time        Value Moves Dep 1:2       1-2-Draws
   2 = =    0.5:0.5        0.5:1.5       2:44:43 AM    +0.05    37 4.000 :6.000  0-1-1

--------------------------------------------------------------

Engine-Match Tuesday, November 11, 2025 2:44:44 AM
 Blitz 90/1 

Pairing 115/136 :    PositionalOpponent  -  VPR_v9.0

PGN-File: C:\Program Files (x86)\Arena\Tournaments\Ultimate Engine Battle 20251108.pgn

No:  B/W 1/2     W:B       1:2           Time        Value Moves Dep 1:2       1-2-Draws
   2 B 1    1.0:0.0        2.0:0.0       2:54:23 AM  -299.99    42 6.000 :6.000  2-0-0

--------------------------------------------------------------

Engine-Match Tuesday, November 11, 2025 2:54:24 AM
 Blitz 90/1 

Pairing 116/136 :    VPR_v8.1  -  RandomOpponent

PGN-File: C:\Program Files (x86)\Arena\Tournaments\Ultimate Engine Battle 20251108.pgn

No:  B/W 1/2     W:B       1:2           Time        Value Moves Dep 1:2       1-2-Draws
   2 B 1    1.0:0.0        2.0:0.0       2:55:08 AM  -299.99    21 6.000 :0 2-0-0

--------------------------------------------------------------

Engine-Match Tuesday, November 11, 2025 2:55:10 AM
 Blitz 90/1 

Pairing 117/136 :    SlowMate_v3.1  -  V7P3R_v14.3

PGN-File: C:\Program Files (x86)\Arena\Tournaments\Ultimate Engine Battle 20251108.pgn

No:  B/W 1/2     W:B       1:2           Time        Value Moves Dep 1:2       1-2-Draws
   2 W 2    1.0:0.0        0.0:2.0       3:31:15 AM  +289.99    21 4.950 :4.867  0-2-0

--------------------------------------------------------------

Engine-Match Tuesday, November 11, 2025 3:31:17 AM
 Blitz 90/1 

Pairing 118/136 :    V7P3R_v14.2  -  Stockfish 1%

PGN-File: C:\Program Files (x86)\Arena\Tournaments\Ultimate Engine Battle 20251108.pgn

No:  B/W 1/2     W:B       1:2           Time        Value Moves Dep 1:2       1-2-Draws
   2 W 2    1.0:0.0        0.0:2.0       3:35:04 AM      +M1    23 5.200 :44.217  0-2-0

--------------------------------------------------------------

Engine-Match Tuesday, November 11, 2025 3:35:05 AM
 Blitz 90/1 

Pairing 119/136 :    V7P3R_v10.8  -  V7P3R_v14.1

PGN-File: C:\Program Files (x86)\Arena\Tournaments\Ultimate Engine Battle 20251108.pgn

No:  B/W 1/2     W:B       1:2           Time        Value Moves Dep 1:2       1-2-Draws
   2 B 1    1.5:0.5        1.5:0.5       3:48:12 AM  -289.98    78 3.957 :5.000  1-0-1

--------------------------------------------------------------

Engine-Match Tuesday, November 11, 2025 3:48:13 AM
 Blitz 90/1 

Pairing 120/136 :    V7P3R_v14.0  -  V7P3R_v12.6

PGN-File: C:\Program Files (x86)\Arena\Tournaments\Ultimate Engine Battle 20251108.pgn

No:  B/W 1/2     W:B       1:2           Time        Value Moves Dep 1:2       1-2-Draws
   2 W 2    1.0:0.0        1.0:1.0       4:17:52 AM     0.00    81 4.750 :4.731  1-1-0

--------------------------------------------------------------

Engine-Match Tuesday, November 11, 2025 4:17:53 AM
 Blitz 90/1 

Pairing 121/136 :    CaptureOpponent  -  C0BR4_v2.9

PGN-File: C:\Program Files (x86)\Arena\Tournaments\Ultimate Engine Battle 20251108.pgn

No:  B/W 1/2     W:B       1:2           Time        Value Moves Dep 1:2       1-2-Draws
   2 W 2    1.0:0.0        0.0:2.0       4:29:16 AM   +16.30    22 6.818 :4.000  0-2-0

--------------------------------------------------------------

Engine-Match Tuesday, November 11, 2025 4:29:17 AM
 Blitz 90/1 

Pairing 122/136 :    VPR_v9.0  -  CoverageOpponent

PGN-File: C:\Program Files (x86)\Arena\Tournaments\Ultimate Engine Battle 20251108.pgn

No:  B/W 1/2     W:B       1:2           Time        Value Moves Dep 1:2       1-2-Draws
   2 W 2    1.5:0.5        0.5:1.5       4:37:23 AM  +299.99    37 6.000 :6.000  0-1-1

--------------------------------------------------------------

Engine-Match Tuesday, November 11, 2025 4:37:25 AM
 Blitz 90/1 

Pairing 123/136 :    MaterialOpponent  -  VPR_v8.1

PGN-File: C:\Program Files (x86)\Arena\Tournaments\Ultimate Engine Battle 20251108.pgn

No:  B/W 1/2     W:B       1:2           Time        Value Moves Dep 1:2       1-2-Draws
   2 = =    1.0:1.0        1.0:1.0       4:37:39 AM     0.00     7 6.000 :6.000  0-0-2

--------------------------------------------------------------

Engine-Match Tuesday, November 11, 2025 4:37:40 AM
 Blitz 90/1 

Pairing 124/136 :    V7P3R_v14.3  -  PositionalOpponent

PGN-File: C:\Program Files (x86)\Arena\Tournaments\Ultimate Engine Battle 20251108.pgn

No:  B/W 1/2     W:B       1:2           Time        Value Moves Dep 1:2       1-2-Draws
   2 W 2    1.0:0.0        0.0:2.0       4:44:20 AM  +299.99    21 5.231 :6.000  0-2-0

--------------------------------------------------------------

Engine-Match Tuesday, November 11, 2025 4:44:36 AM
 Blitz 90/1 

Pairing 125/136 :    RandomOpponent  -  V7P3R_v14.2

PGN-File: C:\Program Files (x86)\Arena\Tournaments\Ultimate Engine Battle 20251108.pgn

No:  B/W 1/2     W:B       1:2           Time        Value Moves Dep 1:2       1-2-Draws
   2 W 2    1.0:0.0        0.0:2.0       4:46:59 AM  +289.98    17 0:4.923  0-2-0

--------------------------------------------------------------

Engine-Match Tuesday, November 11, 2025 4:47:00 AM
 Blitz 90/1 

Pairing 126/136 :    V7P3R_v14.1  -  SlowMate_v3.1

PGN-File: C:\Program Files (x86)\Arena\Tournaments\Ultimate Engine Battle 20251108.pgn

No:  B/W 1/2     W:B       1:2           Time        Value Moves Dep 1:2       1-2-Draws
   2 B 1    1.5:0.5        1.5:0.5       6:08:41 AM  -289.99    76 5.176 :5.833  1-0-1

--------------------------------------------------------------

Engine-Match Tuesday, November 11, 2025 6:08:43 AM
 Blitz 90/1 

Pairing 127/136 :    Stockfish 1%  -  V7P3R_v14.0

PGN-File: C:\Program Files (x86)\Arena\Tournaments\Ultimate Engine Battle 20251108.pgn

No:  B/W 1/2     W:B       1:2           Time        Value Moves Dep 1:2       1-2-Draws
   2 B 1    1.0:0.0        2.0:0.0       6:15:52 AM      -M1    33 23.500 :5.417  2-0-0

--------------------------------------------------------------

Engine-Match Tuesday, November 11, 2025 6:15:54 AM
 Blitz 90/1 

Pairing 128/136 :    V7P3R_v12.6  -  V7P3R_v10.8

PGN-File: C:\Program Files (x86)\Arena\Tournaments\Ultimate Engine Battle 20251108.pgn

No:  B/W 1/2     W:B       1:2           Time        Value Moves Dep 1:2       1-2-Draws
   2 B 1    1.5:0.5        1.5:0.5       6:30:37 AM     0.00    40 4.682 :4.040  1-0-1

--------------------------------------------------------------

Engine-Match Tuesday, November 11, 2025 6:30:38 AM
 Blitz 90/1 

Pairing 129/136 :    C0BR4_v3.1  -  VPR_v9.0

PGN-File: C:\Program Files (x86)\Arena\Tournaments\Ultimate Engine Battle 20251108.pgn

No:  B/W 1/2     W:B       1:2           Time        Value Moves Dep 1:2       1-2-Draws
   2 = =    0.5:0.5        0.5:1.5       6:34:03 AM    +1.91    42 4.000 :6.000  0-1-1

--------------------------------------------------------------

Engine-Match Tuesday, November 11, 2025 6:34:05 AM
 Blitz 90/1 

Pairing 130/136 :    VPR_v8.1  -  CaptureOpponent

PGN-File: C:\Program Files (x86)\Arena\Tournaments\Ultimate Engine Battle 20251108.pgn

No:  B/W 1/2     W:B       1:2           Time        Value Moves Dep 1:2       1-2-Draws
   2 B 1    1.0:0.0        2.0:0.0       6:46:57 AM  -299.99    28 6.000 :7.143  2-0-0

--------------------------------------------------------------

Engine-Match Tuesday, November 11, 2025 6:46:59 AM
 Blitz 90/1 

Pairing 131/136 :    CoverageOpponent  -  V7P3R_v14.3

PGN-File: C:\Program Files (x86)\Arena\Tournaments\Ultimate Engine Battle 20251108.pgn

No:  B/W 1/2     W:B       1:2           Time        Value Moves Dep 1:2       1-2-Draws
   2 W 2    1.5:0.5        0.5:1.5       6:58:26 AM  +299.98    49 6.000 :5.182  0-1-1

--------------------------------------------------------------

Engine-Match Tuesday, November 11, 2025 6:58:28 AM
 Blitz 90/1 

Pairing 132/136 :    V7P3R_v14.2  -  MaterialOpponent

PGN-File: C:\Program Files (x86)\Arena\Tournaments\Ultimate Engine Battle 20251108.pgn

No:  B/W 1/2     W:B       1:2           Time        Value Moves Dep 1:2       1-2-Draws
   2 W 2    1.5:0.5        0.5:1.5       7:06:00 AM  +299.99    39 4.958 :6.000  0-1-1

--------------------------------------------------------------

Engine-Match Tuesday, November 11, 2025 7:06:01 AM
 Blitz 90/1 

Pairing 133/136 :    PositionalOpponent  -  V7P3R_v14.1

PGN-File: C:\Program Files (x86)\Arena\Tournaments\Ultimate Engine Battle 20251108.pgn

No:  B/W 1/2     W:B       1:2           Time        Value Moves Dep 1:2       1-2-Draws
   2 B 1    1.0:0.0        2.0:0.0       7:18:54 AM  -299.99    31 6.000 :4.500  2-0-0

--------------------------------------------------------------

Engine-Match Tuesday, November 11, 2025 7:18:56 AM
 Blitz 90/1 

Pairing 134/136 :    V7P3R_v14.0  -  RandomOpponent

PGN-File: C:\Program Files (x86)\Arena\Tournaments\Ultimate Engine Battle 20251108.pgn

No:  B/W 1/2     W:B       1:2           Time        Value Moves Dep 1:2       1-2-Draws
   2 B 1    1.0:0.0        2.0:0.0       7:26:22 AM     0.00    13 5.636 :0 2-0-0

--------------------------------------------------------------

Engine-Match Tuesday, November 11, 2025 7:26:23 AM
 Blitz 90/1 

Pairing 135/136 :    SlowMate_v3.1  -  V7P3R_v12.6

PGN-File: C:\Program Files (x86)\Arena\Tournaments\Ultimate Engine Battle 20251108.pgn

No:  B/W 1/2     W:B       1:2           Time        Value Moves Dep 1:2       1-2-Draws
   2 W 2    1.5:0.5        0.5:1.5       8:02:58 AM  +289.99    19 5.722 :5.167  0-1-1

--------------------------------------------------------------

Engine-Match Tuesday, November 11, 2025 8:02:59 AM
 Blitz 90/1 

Pairing 136/136 :    V7P3R_v10.8  -  Stockfish 1%

PGN-File: C:\Program Files (x86)\Arena\Tournaments\Ultimate Engine Battle 20251108.pgn

No:  B/W 1/2     W:B       1:2           Time        Value Moves Dep 1:2       1-2-Draws
   2 W 2    1.0:0.0        0.0:2.0       8:07:08 AM      +M1    35 4.429 :30.543  0-2-0

--------------------------------------------------------------

Engine-Match Tuesday, November 11, 2025 8:07:09 AM
 Blitz 90/1 

Pairing 1/136 :    C0BR4_v2.9  -  VPR_v8.1

PGN-File: C:\Program Files (x86)\Arena\Tournaments\Ultimate Engine Battle 20251108.pgn

No:  B/W 1/2     W:B       1:2           Time        Value Moves Dep 1:2       1-2-Draws
   3 B 2    1.5:0.5        0.5:2.5       8:09:04 AM   -11.61    43 4.000 :6.000  0-2-1

--------------------------------------------------------------

Engine-Match Tuesday, November 11, 2025 8:09:05 AM
 Blitz 90/1 

Pairing 2/136 :    V7P3R_v14.3  -  C0BR4_v3.1

PGN-File: C:\Program Files (x86)\Arena\Tournaments\Ultimate Engine Battle 20251108.pgn

No:  B/W 1/2     W:B       1:2           Time        Value Moves Dep 1:2       1-2-Draws
   3 W 1    1.0:0.0        2.0:1.0       8:14:49 AM   +13.51    45 5.522 :4.000  2-1-0

--------------------------------------------------------------

Engine-Match Tuesday, November 11, 2025 8:14:51 AM
 Blitz 90/1 

Pairing 3/136 :    CaptureOpponent  -  V7P3R_v14.2

PGN-File: C:\Program Files (x86)\Arena\Tournaments\Ultimate Engine Battle 20251108.pgn

No:  B/W 1/2     W:B       1:2           Time        Value Moves Dep 1:2       1-2-Draws
   3 B 2    1.0:0.0        0.0:3.0       8:22:51 AM  -289.99    12 7.167 :4.917  0-3-0

--------------------------------------------------------------

Engine-Match Tuesday, November 11, 2025 8:22:53 AM
 Blitz 90/1 

Pairing 4/136 :    V7P3R_v14.1  -  CoverageOpponent

PGN-File: C:\Program Files (x86)\Arena\Tournaments\Ultimate Engine Battle 20251108.pgn

No:  B/W 1/2     W:B       1:2           Time        Value Moves Dep 1:2       1-2-Draws
   3 B 2    1.5:0.5        0.5:2.5       8:30:37 AM  -299.99    20 4.706 :6.000  0-2-1

--------------------------------------------------------------

Engine-Match Tuesday, November 11, 2025 8:30:38 AM
 Blitz 90/1 

Pairing 5/136 :    MaterialOpponent  -  V7P3R_v14.0

PGN-File: C:\Program Files (x86)\Arena\Tournaments\Ultimate Engine Battle 20251108.pgn

No:  B/W 1/2     W:B       1:2           Time        Value Moves Dep 1:2       1-2-Draws
   3 B 2    1.0:0.0        0.0:3.0       8:44:15 AM   -13.00    44 6.000 :5.407  0-3-0

--------------------------------------------------------------

Engine-Match Tuesday, November 11, 2025 8:44:16 AM
 Blitz 90/1 

Pairing 6/136 :    V7P3R_v12.6  -  PositionalOpponent

PGN-File: C:\Program Files (x86)\Arena\Tournaments\Ultimate Engine Battle 20251108.pgn

No:  B/W 1/2     W:B       1:2           Time        Value Moves Dep 1:2       1-2-Draws
   3 B 2    1.0:0.0        1.0:2.0       8:55:49 AM  -299.99    25 5.059 :6.000  1-2-0

--------------------------------------------------------------

Engine-Match Tuesday, November 11, 2025 8:55:50 AM
 Blitz 90/1 

Pairing 7/136 :    RandomOpponent  -  V7P3R_v10.8

PGN-File: C:\Program Files (x86)\Arena\Tournaments\Ultimate Engine Battle 20251108.pgn

No:  B/W 1/2     W:B       1:2           Time        Value Moves Dep 1:2       1-2-Draws
   3 B 2    1.0:0.0        0.0:3.0       9:00:40 AM     0.00    23 0:4.524  0-3-0

--------------------------------------------------------------

Engine-Match Tuesday, November 11, 2025 9:00:41 AM
 Blitz 90/1 

Pairing 8/136 :    Stockfish 1%  -  SlowMate_v3.1

PGN-File: C:\Program Files (x86)\Arena\Tournaments\Ultimate Engine Battle 20251108.pgn

No:  B/W 1/2     W:B       1:2           Time        Value Moves Dep 1:2       1-2-Draws
   3 W 1    1.0:0.0        3.0:0.0       9:29:53 AM      +M1    18 27.833 :5.118  3-0-0

--------------------------------------------------------------

Engine-Match Tuesday, November 11, 2025 9:30:01 AM
 Blitz 90/1 

Pairing 9/136 :    VPR_v9.0  -  V7P3R_v14.3

PGN-File: C:\Program Files (x86)\Arena\Tournaments\Ultimate Engine Battle 20251108.pgn

No:  B/W 1/2     W:B       1:2           Time        Value Moves Dep 1:2       1-2-Draws
   3 W 1    1.5:0.5        2.5:0.5       9:37:53 AM  +299.99    36 6.000 :5.444  2-0-1

--------------------------------------------------------------

Engine-Match Tuesday, November 11, 2025 9:37:55 AM
 Blitz 90/1 

Pairing 10/136 :    V7P3R_v14.2  -  C0BR4_v2.9

PGN-File: C:\Program Files (x86)\Arena\Tournaments\Ultimate Engine Battle 20251108.pgn

No:  B/W 1/2     W:B       1:2           Time        Value Moves Dep 1:2       1-2-Draws
   3 = =    1.0:1.0        2.0:1.0       9:44:29 AM    -3.35    41 5.000 :4.000  1-0-2

--------------------------------------------------------------

Engine-Match Tuesday, November 11, 2025 9:44:31 AM
 Blitz 90/1 

Pairing 11/136 :    C0BR4_v3.1  -  V7P3R_v14.1

PGN-File: C:\Program Files (x86)\Arena\Tournaments\Ultimate Engine Battle 20251108.pgn

No:  B/W 1/2     W:B       1:2           Time        Value Moves Dep 1:2       1-2-Draws
   3 B 2    1.5:0.5        0.5:2.5       9:52:52 AM   -20.97    57 4.000 :4.667  0-2-1

--------------------------------------------------------------

Engine-Match Tuesday, November 11, 2025 9:52:54 AM
 Blitz 90/1 

Pairing 12/136 :    V7P3R_v14.0  -  CaptureOpponent

PGN-File: C:\Program Files (x86)\Arena\Tournaments\Ultimate Engine Battle 20251108.pgn

No:  B/W 1/2     W:B       1:2           Time        Value Moves Dep 1:2       1-2-Draws
   3 W 1    1.0:0.0        3.0:0.0       10:11:50 AM    +9.35    20 5.632 :7.150  3-0-0

--------------------------------------------------------------

Engine-Match Tuesday, November 11, 2025 10:11:51 AM
 Blitz 90/1 

Pairing 13/136 :    CoverageOpponent  -  V7P3R_v12.6

PGN-File: C:\Program Files (x86)\Arena\Tournaments\Ultimate Engine Battle 20251108.pgn

No:  B/W 1/2     W:B       1:2           Time        Value Moves Dep 1:2       1-2-Draws
   3 = =    1.0:1.0        1.0:2.0       10:34:01 AM     0.00    45 6.000 :5.091  0-1-2

--------------------------------------------------------------

Engine-Match Tuesday, November 11, 2025 10:34:02 AM
 Blitz 90/1 

Pairing 14/136 :    V7P3R_v10.8  -  MaterialOpponent

PGN-File: C:\Program Files (x86)\Arena\Tournaments\Ultimate Engine Battle 20251108.pgn

No:  B/W 1/2     W:B       1:2           Time        Value Moves Dep 1:2       1-2-Draws
   3 W 1    1.5:0.5        1.5:1.5       10:45:37 AM   +10.10    52 3.947 :6.000  1-1-1

--------------------------------------------------------------

Engine-Match Tuesday, November 11, 2025 10:45:39 AM
 Blitz 90/1 

Pairing 15/136 :    PositionalOpponent  -  Stockfish 1%

PGN-File: C:\Program Files (x86)\Arena\Tournaments\Ultimate Engine Battle 20251108.pgn

No:  B/W 1/2     W:B       1:2           Time        Value Moves Dep 1:2       1-2-Draws
   3 B 2    1.0:0.0        0.0:3.0       10:49:37 AM   -15.50    46 6.000 :23.040  0-3-0

--------------------------------------------------------------

Engine-Match Tuesday, November 11, 2025 10:49:38 AM
 Blitz 90/1 

Pairing 16/136 :    SlowMate_v3.1  -  RandomOpponent

PGN-File: C:\Program Files (x86)\Arena\Tournaments\Ultimate Engine Battle 20251108.pgn

No:  B/W 1/2     W:B       1:2           Time        Value Moves Dep 1:2       1-2-Draws
   3 W 1    2.0:1.0        2.0:1.0       11:15:23 AM  +142.07    15 5.733 :0 1-0-2

--------------------------------------------------------------

Engine-Match Tuesday, November 11, 2025 11:15:25 AM
 Blitz 90/1 

Pairing 17/136 :    VPR_v8.1  -  V7P3R_v14.2

PGN-File: C:\Program Files (x86)\Arena\Tournaments\Ultimate Engine Battle 20251108.pgn

No:  B/W 1/2     W:B       1:2           Time        Value Moves Dep 1:2       1-2-Draws
   3 W 1    1.5:0.5        2.5:0.5       11:27:21 AM    +9.61    56 6.000 :4.966  2-0-1

--------------------------------------------------------------

Engine-Match Tuesday, November 11, 2025 11:27:22 AM
 Blitz 90/1 

Pairing 18/136 :    V7P3R_v14.1  -  VPR_v9.0

PGN-File: C:\Program Files (x86)\Arena\Tournaments\Ultimate Engine Battle 20251108.pgn

No:  B/W 1/2     W:B       1:2           Time        Value Moves Dep 1:2       1-2-Draws
   3 = =    1.5:1.5        1.5:1.5       11:39:02 AM    +8.62    31 4.762 :6.000  0-0-3

--------------------------------------------------------------

Engine-Match Tuesday, November 11, 2025 11:39:04 AM
 Blitz 90/1 

Pairing 19/136 :    C0BR4_v2.9  -  V7P3R_v14.0

PGN-File: C:\Program Files (x86)\Arena\Tournaments\Ultimate Engine Battle 20251108.pgn

No:  B/W 1/2     W:B       1:2           Time        Value Moves Dep 1:2       1-2-Draws
   3 = =    1.5:1.5        1.5:1.5       11:47:33 AM    -4.68    34 4.000 :5.235  0-0-3

--------------------------------------------------------------

Engine-Match Tuesday, November 11, 2025 11:47:34 AM
 Blitz 90/1 

Pairing 20/136 :    V7P3R_v12.6  -  C0BR4_v3.1

PGN-File: C:\Program Files (x86)\Arena\Tournaments\Ultimate Engine Battle 20251108.pgn

No:  B/W 1/2     W:B       1:2           Time        Value Moves Dep 1:2       1-2-Draws
   3 W 1    1.5:0.5        2.5:0.5       11:59:05 AM     0.00    31 5.174 :4.000  2-0-1

--------------------------------------------------------------

Engine-Match Tuesday, November 11, 2025 11:59:07 AM
 Blitz 90/1 

Pairing 21/136 :    CaptureOpponent  -  V7P3R_v10.8

PGN-File: C:\Program Files (x86)\Arena\Tournaments\Ultimate Engine Battle 20251108.pgn

No:  B/W 1/2     W:B       1:2           Time        Value Moves Dep 1:2       1-2-Draws
   3 B 2    1.0:0.0        0.0:3.0       12:13:31 PM     0.00    24 7.125 :4.500  0-3-0

--------------------------------------------------------------

Engine-Match Tuesday, November 11, 2025 12:13:32 PM
 Blitz 90/1 

Pairing 22/136 :    Stockfish 1%  -  CoverageOpponent

PGN-File: C:\Program Files (x86)\Arena\Tournaments\Ultimate Engine Battle 20251108.pgn

No:  B/W 1/2     W:B       1:2           Time        Value Moves Dep 1:2       1-2-Draws
   3 W 1    1.0:0.0        3.0:0.0       12:18:41 PM      +M1    27 31.625 :6.000  3-0-0

--------------------------------------------------------------

Engine-Match Tuesday, November 11, 2025 12:18:42 PM
 Blitz 90/1 

Pairing 23/136 :    MaterialOpponent  -  SlowMate_v3.1

PGN-File: C:\Program Files (x86)\Arena\Tournaments\Ultimate Engine Battle 20251108.pgn

No:  B/W 1/2     W:B       1:2           Time        Value Moves Dep 1:2       1-2-Draws
   3 = =    1.5:1.5        1.5:1.5       1:06:02 PM    +7.10    33 6.000 :5.188  0-0-3

--------------------------------------------------------------

Engine-Match Tuesday, November 11, 2025 1:06:04 PM
 Blitz 90/1 

Pairing 24/136 :    RandomOpponent  -  PositionalOpponent

PGN-File: C:\Program Files (x86)\Arena\Tournaments\Ultimate Engine Battle 20251108.pgn

No:  B/W 1/2     W:B       1:2           Time        Value Moves Dep 1:2       1-2-Draws
   3 B 2    1.0:0.0        0.0:3.0       1:08:21 PM  -299.99    17 0:6.000  0-3-0

--------------------------------------------------------------

Engine-Match Tuesday, November 11, 2025 1:08:22 PM
 Blitz 90/1 

Pairing 25/136 :    V7P3R_v14.3  -  V7P3R_v14.1

PGN-File: C:\Program Files (x86)\Arena\Tournaments\Ultimate Engine Battle 20251108.pgn

No:  B/W 1/2     W:B       1:2           Time        Value Moves Dep 1:2       1-2-Draws
   3 = =    1.0:1.0        1.0:2.0       1:23:34 PM     0.00    60 5.038 :4.680  0-1-2

--------------------------------------------------------------

Engine-Match Tuesday, November 11, 2025 1:23:36 PM
 Blitz 90/1 

Pairing 26/136 :    V7P3R_v14.0  -  VPR_v8.1

PGN-File: C:\Program Files (x86)\Arena\Tournaments\Ultimate Engine Battle 20251108.pgn

No:  B/W 1/2     W:B       1:2           Time        Value Moves Dep 1:2       1-2-Draws
   3 = =    1.0:1.0        2.0:1.0       1:32:53 PM    +3.34    25 4.889 :6.000  1-0-2

--------------------------------------------------------------

Engine-Match Tuesday, November 11, 2025 1:32:55 PM
 Blitz 90/1 

Pairing 27/136 :    VPR_v9.0  -  V7P3R_v12.6

PGN-File: C:\Program Files (x86)\Arena\Tournaments\Ultimate Engine Battle 20251108.pgn

No:  B/W 1/2     W:B       1:2           Time        Value Moves Dep 1:2       1-2-Draws
   3 B 2    1.0:0.0        1.0:2.0       1:51:32 PM  -299.96    54 6.000 :5.083  1-2-0

--------------------------------------------------------------

Engine-Match Tuesday, November 11, 2025 1:51:33 PM
 Blitz 90/1 

Pairing 28/136 :    V7P3R_v10.8  -  C0BR4_v2.9

PGN-File: C:\Program Files (x86)\Arena\Tournaments\Ultimate Engine Battle 20251108.pgn

No:  B/W 1/2     W:B       1:2           Time        Value Moves Dep 1:2       1-2-Draws
   3 B 2    1.5:0.5        0.5:2.5       2:02:16 PM  -299.97    65 3.969 :4.000  0-2-1

--------------------------------------------------------------

Engine-Match Tuesday, November 11, 2025 2:02:24 PM
 Blitz 90/1 

Pairing 29/136 :    C0BR4_v3.1  -  Stockfish 1%

PGN-File: C:\Program Files (x86)\Arena\Tournaments\Ultimate Engine Battle 20251108.pgn

No:  B/W 1/2     W:B       1:2           Time        Value Moves Dep 1:2       1-2-Draws
   3 B 2    1.0:0.0        0.0:3.0       2:02:57 PM      -M1    20 3.947 :43.800  0-3-0

--------------------------------------------------------------

Engine-Match Tuesday, November 11, 2025 2:02:59 PM
 Blitz 90/1 

Pairing 30/136 :    SlowMate_v3.1  -  CaptureOpponent

PGN-File: C:\Program Files (x86)\Arena\Tournaments\Ultimate Engine Battle 20251108.pgn

No:  B/W 1/2     W:B       1:2           Time        Value Moves Dep 1:2       1-2-Draws
   3 W 1    1.0:0.0        3.0:0.0       2:35:47 PM   +10.50    15 5.600 :7.533  3-0-0

--------------------------------------------------------------

Engine-Match Tuesday, November 11, 2025 2:35:49 PM
 Blitz 90/1 

Pairing 31/136 :    CoverageOpponent  -  RandomOpponent

PGN-File: C:\Program Files (x86)\Arena\Tournaments\Ultimate Engine Battle 20251108.pgn

No:  B/W 1/2     W:B       1:2           Time        Value Moves Dep 1:2       1-2-Draws
   3 W 1    1.0:0.0        3.0:0.0       2:37:25 PM  +299.99    12 6.000 :0 3-0-0

--------------------------------------------------------------

Engine-Match Tuesday, November 11, 2025 2:37:26 PM
 Blitz 90/1 

Pairing 32/136 :    PositionalOpponent  -  MaterialOpponent

PGN-File: C:\Program Files (x86)\Arena\Tournaments\Ultimate Engine Battle 20251108.pgn

No:  B/W 1/2     W:B       1:2           Time        Value Moves Dep 1:2       1-2-Draws
   3 W 1    1.5:0.5        2.5:0.5       2:44:53 PM  +299.99    37 6.000 :6.000  2-0-1

--------------------------------------------------------------

Engine-Match Tuesday, November 11, 2025 2:44:54 PM
 Blitz 90/1 

Pairing 33/136 :    V7P3R_v14.2  -  V7P3R_v14.0

PGN-File: C:\Program Files (x86)\Arena\Tournaments\Ultimate Engine Battle 20251108.pgn

No:  B/W 1/2     W:B       1:2           Time        Value Moves Dep 1:2       1-2-Draws
   3 W 1    1.5:0.5        2.5:0.5       3:03:21 PM  +289.99    46 5.103 :5.480  2-0-1

--------------------------------------------------------------

Engine-Match Tuesday, November 11, 2025 3:03:23 PM
 Blitz 90/1 

Pairing 34/136 :    V7P3R_v12.6  -  V7P3R_v14.3

PGN-File: C:\Program Files (x86)\Arena\Tournaments\Ultimate Engine Battle 20251108.pgn

No:  B/W 1/2     W:B       1:2           Time        Value Moves Dep 1:2       1-2-Draws
   3 B 2    2.0:1.0        1.0:2.0       3:21:43 PM   -13.11    64 5.500 :5.480  0-1-2

--------------------------------------------------------------

Engine-Match Tuesday, November 11, 2025 3:21:44 PM
 Blitz 90/1 

Pairing 35/136 :    VPR_v8.1  -  V7P3R_v10.8

PGN-File: C:\Program Files (x86)\Arena\Tournaments\Ultimate Engine Battle 20251108.pgn

No:  B/W 1/2     W:B       1:2           Time        Value Moves Dep 1:2       1-2-Draws
   3 = =    1.5:1.5        1.5:1.5       3:34:41 PM    -4.85    61 6.000 :3.957  0-0-3

--------------------------------------------------------------

Engine-Match Tuesday, November 11, 2025 3:34:42 PM
 Blitz 90/1 

Pairing 36/136 :    Stockfish 1%  -  VPR_v9.0

PGN-File: C:\Program Files (x86)\Arena\Tournaments\Ultimate Engine Battle 20251108.pgn

No:  B/W 1/2     W:B       1:2           Time        Value Moves Dep 1:2       1-2-Draws
   3 W 1    1.0:0.0        3.0:0.0       3:37:48 PM      +M1    27 40.222 :6.000  3-0-0

--------------------------------------------------------------

Engine-Match Tuesday, November 11, 2025 3:37:50 PM
 Blitz 90/1 

Pairing 37/136 :    C0BR4_v2.9  -  SlowMate_v3.1

PGN-File: C:\Program Files (x86)\Arena\Tournaments\Ultimate Engine Battle 20251108.pgn

No:  B/W 1/2     W:B       1:2           Time        Value Moves Dep 1:2       1-2-Draws
   3 W 1    1.0:0.0        2.0:1.0       4:11:49 PM  +299.97    22 4.000 :5.571  2-1-0

--------------------------------------------------------------

Engine-Match Tuesday, November 11, 2025 4:11:50 PM
 Blitz 90/1 

Pairing 38/136 :    RandomOpponent  -  C0BR4_v3.1

PGN-File: C:\Program Files (x86)\Arena\Tournaments\Ultimate Engine Battle 20251108.pgn

No:  B/W 1/2     W:B       1:2           Time        Value Moves Dep 1:2       1-2-Draws
   3 B 2    1.0:0.0        0.0:3.0       4:12:03 PM  -299.97    15 0:3.846  0-3-0

--------------------------------------------------------------

Engine-Match Tuesday, November 11, 2025 4:12:04 PM
 Blitz 90/1 

Pairing 39/136 :    CaptureOpponent  -  PositionalOpponent

PGN-File: C:\Program Files (x86)\Arena\Tournaments\Ultimate Engine Battle 20251108.pgn

No:  B/W 1/2     W:B       1:2           Time        Value Moves Dep 1:2       1-2-Draws
   3 B 2    1.0:0.0        0.0:3.0       4:19:39 PM  -299.99    14 6.500 :6.000  0-3-0

--------------------------------------------------------------

Engine-Match Tuesday, November 11, 2025 4:19:41 PM
 Blitz 90/1 

Pairing 40/136 :    MaterialOpponent  -  CoverageOpponent

PGN-File: C:\Program Files (x86)\Arena\Tournaments\Ultimate Engine Battle 20251108.pgn

No:  B/W 1/2     W:B       1:2           Time        Value Moves Dep 1:2       1-2-Draws
   3 = =    1.0:1.0        1.0:2.0       4:26:31 PM    -3.05    27 6.000 :6.000  0-1-2

--------------------------------------------------------------

Engine-Match Tuesday, November 11, 2025 4:26:32 PM
 Blitz 90/1 

Pairing 41/136 :    V7P3R_v14.1  -  V7P3R_v12.6

PGN-File: C:\Program Files (x86)\Arena\Tournaments\Ultimate Engine Battle 20251108.pgn

No:  B/W 1/2     W:B       1:2           Time        Value Moves Dep 1:2       1-2-Draws
   3 B 2    1.0:0.0        2.0:1.0       4:41:57 PM     0.00    40 4.850 :4.684  2-1-0

--------------------------------------------------------------

Engine-Match Tuesday, November 11, 2025 4:41:58 PM
 Blitz 90/1 

Pairing 42/136 :    V7P3R_v10.8  -  V7P3R_v14.2

PGN-File: C:\Program Files (x86)\Arena\Tournaments\Ultimate Engine Battle 20251108.pgn

No:  B/W 1/2     W:B       1:2           Time        Value Moves Dep 1:2       1-2-Draws
   3 B 2    1.0:0.0        1.0:2.0       5:04:17 PM  -289.99    73 3.971 :4.686  1-2-0

--------------------------------------------------------------

Engine-Match Tuesday, November 11, 2025 5:04:18 PM
 Blitz 90/1 

Pairing 43/136 :    V7P3R_v14.3  -  Stockfish 1%

PGN-File: C:\Program Files (x86)\Arena\Tournaments\Ultimate Engine Battle 20251108.pgn

No:  B/W 1/2     W:B       1:2           Time        Value Moves Dep 1:2       1-2-Draws
   3 B 2    1.0:0.0        0.0:3.0       5:07:30 PM      -M1    19 5.071 :35.579  0-3-0

--------------------------------------------------------------

Engine-Match Tuesday, November 11, 2025 5:07:31 PM
 Blitz 90/1 

Pairing 44/136 :    SlowMate_v3.1  -  VPR_v8.1

PGN-File: C:\Program Files (x86)\Arena\Tournaments\Ultimate Engine Battle 20251108.pgn

No:  B/W 1/2     W:B       1:2           Time        Value Moves Dep 1:2       1-2-Draws
   3 = =    1.0:1.0        1.0:2.0       5:33:36 PM    +2.51    15 5.267 :6.000  0-1-2

--------------------------------------------------------------

Engine-Match Tuesday, November 11, 2025 5:33:37 PM
 Blitz 90/1 

Pairing 45/136 :    VPR_v9.0  -  RandomOpponent

PGN-File: C:\Program Files (x86)\Arena\Tournaments\Ultimate Engine Battle 20251108.pgn

No:  B/W 1/2     W:B       1:2           Time        Value Moves Dep 1:2       1-2-Draws
   3 W 1    1.0:0.0        3.0:0.0       5:36:24 PM  +299.99    15 6.000 :0 3-0-0

--------------------------------------------------------------

Engine-Match Tuesday, November 11, 2025 5:36:25 PM
 Blitz 90/1 

Pairing 46/136 :    PositionalOpponent  -  C0BR4_v2.9

PGN-File: C:\Program Files (x86)\Arena\Tournaments\Ultimate Engine Battle 20251108.pgn

No:  B/W 1/2     W:B       1:2           Time        Value Moves Dep 1:2       1-2-Draws
   3 = =    1.0:1.0        2.0:1.0       5:40:03 PM   -13.41    34 6.000 :4.000  1-0-2

--------------------------------------------------------------

Engine-Match Tuesday, November 11, 2025 5:40:04 PM
 Blitz 90/1 

Pairing 47/136 :    C0BR4_v3.1  -  MaterialOpponent

PGN-File: C:\Program Files (x86)\Arena\Tournaments\Ultimate Engine Battle 20251108.pgn

No:  B/W 1/2     W:B       1:2           Time        Value Moves Dep 1:2       1-2-Draws
   3 = =    0.5:0.5        0.5:2.5       5:40:34 PM    -3.25    15 4.000 :6.000  0-2-1

--------------------------------------------------------------

Engine-Match Tuesday, November 11, 2025 5:40:35 PM
 Blitz 90/1 

Pairing 48/136 :    CoverageOpponent  -  CaptureOpponent

PGN-File: C:\Program Files (x86)\Arena\Tournaments\Ultimate Engine Battle 20251108.pgn

No:  B/W 1/2     W:B       1:2           Time        Value Moves Dep 1:2       1-2-Draws
   3 W 1    1.0:0.0        3.0:0.0       5:55:37 PM   +11.30    20 6.000 :6.100  3-0-0

--------------------------------------------------------------

Engine-Match Tuesday, November 11, 2025 5:55:52 PM
 Blitz 90/1 

Pairing 49/136 :    V7P3R_v14.0  -  V7P3R_v10.8

PGN-File: C:\Program Files (x86)\Arena\Tournaments\Ultimate Engine Battle 20251108.pgn

No:  B/W 1/2     W:B       1:2           Time        Value Moves Dep 1:2       1-2-Draws
   3 W 1    1.0:0.0        3.0:0.0       6:14:09 PM     0.00    52 5.188 :3.941  3-0-0

--------------------------------------------------------------

Engine-Match Tuesday, November 11, 2025 6:14:11 PM
 Blitz 90/1 

Pairing 50/136 :    Stockfish 1%  -  V7P3R_v14.1

PGN-File: C:\Program Files (x86)\Arena\Tournaments\Ultimate Engine Battle 20251108.pgn

No:  B/W 1/2     W:B       1:2           Time        Value Moves Dep 1:2       1-2-Draws
   3 W 1    1.0:0.0        3.0:0.0       6:17:11 PM      +M1    20 29.200 :4.909  3-0-0

--------------------------------------------------------------

Engine-Match Tuesday, November 11, 2025 6:17:13 PM
 Blitz 90/1 

Pairing 51/136 :    V7P3R_v14.2  -  SlowMate_v3.1

PGN-File: C:\Program Files (x86)\Arena\Tournaments\Ultimate Engine Battle 20251108.pgn

No:  B/W 1/2     W:B       1:2           Time        Value Moves Dep 1:2       1-2-Draws
   3 = =    1.0:1.0        2.0:1.0       6:58:26 PM  -200.00    25 5.214 :5.440  1-0-2

--------------------------------------------------------------

Engine-Match Tuesday, November 11, 2025 6:58:28 PM
 Blitz 90/1 

Pairing 52/136 :    RandomOpponent  -  V7P3R_v14.3

PGN-File: C:\Program Files (x86)\Arena\Tournaments\Ultimate Engine Battle 20251108.pgn

No:  B/W 1/2     W:B       1:2           Time        Value Moves Dep 1:2       1-2-Draws
   3 B 2    1.0:0.0        0.0:3.0       7:00:50 PM     0.00    16 0:5.538  0-3-0

--------------------------------------------------------------

Engine-Match Tuesday, November 11, 2025 7:00:51 PM
 Blitz 90/1 

Pairing 53/136 :    VPR_v8.1  -  PositionalOpponent

PGN-File: C:\Program Files (x86)\Arena\Tournaments\Ultimate Engine Battle 20251108.pgn

No:  B/W 1/2     W:B       1:2           Time        Value Moves Dep 1:2       1-2-Draws
   3 B 2    1.0:0.0        0.0:3.0       7:09:42 PM  -299.94    42 6.000 :6.000  0-3-0

--------------------------------------------------------------

Engine-Match Tuesday, November 11, 2025 7:09:44 PM
 Blitz 90/1 

Pairing 54/136 :    MaterialOpponent  -  VPR_v9.0

PGN-File: C:\Program Files (x86)\Arena\Tournaments\Ultimate Engine Battle 20251108.pgn

No:  B/W 1/2     W:B       1:2           Time        Value Moves Dep 1:2       1-2-Draws
   3 B 2    1.5:0.5        0.5:2.5       7:13:29 PM   -10.30    51 6.000 :6.000  0-2-1

--------------------------------------------------------------

Engine-Match Tuesday, November 11, 2025 7:13:30 PM
 Blitz 90/1 

Pairing 55/136 :    C0BR4_v2.9  -  CoverageOpponent

PGN-File: C:\Program Files (x86)\Arena\Tournaments\Ultimate Engine Battle 20251108.pgn

No:  B/W 1/2     W:B       1:2           Time        Value Moves Dep 1:2       1-2-Draws
   3 = =    1.5:1.5        1.5:1.5       7:17:49 PM    +0.22    30 4.000 :6.000  0-0-3

--------------------------------------------------------------

Engine-Match Tuesday, November 11, 2025 7:17:50 PM
 Blitz 90/1 

Pairing 56/136 :    CaptureOpponent  -  C0BR4_v3.1

PGN-File: C:\Program Files (x86)\Arena\Tournaments\Ultimate Engine Battle 20251108.pgn

No:  B/W 1/2     W:B       1:2           Time        Value Moves Dep 1:2       1-2-Draws
   3 B 2    1.0:0.0        0.0:3.0       7:28:17 PM  -299.97    22 7.273 :4.000  0-3-0

--------------------------------------------------------------

Engine-Match Tuesday, November 11, 2025 7:28:19 PM
 Blitz 90/1 

Pairing 57/136 :    V7P3R_v12.6  -  Stockfish 1%

PGN-File: C:\Program Files (x86)\Arena\Tournaments\Ultimate Engine Battle 20251108.pgn

No:  B/W 1/2     W:B       1:2           Time        Value Moves Dep 1:2       1-2-Draws
   3 B 2    1.0:0.0        0.0:3.0       7:46:48 PM      -M1    49 4.815 :22.697  0-3-0

--------------------------------------------------------------

Engine-Match Tuesday, November 11, 2025 7:46:50 PM
 Blitz 90/1 

Pairing 58/136 :    SlowMate_v3.1  -  V7P3R_v14.0

PGN-File: C:\Program Files (x86)\Arena\Tournaments\Ultimate Engine Battle 20251108.pgn

No:  B/W 1/2     W:B       1:2           Time        Value Moves Dep 1:2       1-2-Draws
   3 = =    1.0:1.0        1.0:2.0       8:42:37 PM    +0.59    31 5.667 :5.400  0-1-2

--------------------------------------------------------------

Engine-Match Tuesday, November 11, 2025 8:42:39 PM
 Blitz 90/1 

Pairing 59/136 :    V7P3R_v14.1  -  RandomOpponent

PGN-File: C:\Program Files (x86)\Arena\Tournaments\Ultimate Engine Battle 20251108.pgn

No:  B/W 1/2     W:B       1:2           Time        Value Moves Dep 1:2       1-2-Draws
   3 W 1    1.0:0.0        3.0:0.0       8:48:05 PM     0.00    25 4.857 :0 3-0-0

--------------------------------------------------------------

Engine-Match Tuesday, November 11, 2025 8:48:06 PM
 Blitz 90/1 

Pairing 60/136 :    PositionalOpponent  -  V7P3R_v14.2

PGN-File: C:\Program Files (x86)\Arena\Tournaments\Ultimate Engine Battle 20251108.pgn

No:  B/W 1/2     W:B       1:2           Time        Value Moves Dep 1:2       1-2-Draws
   3 B 2    1.5:0.5        1.5:1.5       9:00:18 PM  -299.96    43 6.000 :4.962  1-1-1

--------------------------------------------------------------

Engine-Match Tuesday, November 11, 2025 9:00:20 PM
 Blitz 90/1 

Pairing 61/136 :    V7P3R_v14.3  -  MaterialOpponent

PGN-File: C:\Program Files (x86)\Arena\Tournaments\Ultimate Engine Battle 20251108.pgn

No:  B/W 1/2     W:B       1:2           Time        Value Moves Dep 1:2       1-2-Draws
   3 = =    1.0:1.0        2.0:1.0       9:09:51 PM    -0.20    33 5.304 :6.000  1-0-2

--------------------------------------------------------------

Engine-Match Tuesday, November 11, 2025 9:09:53 PM
 Blitz 90/1 

Pairing 62/136 :    CoverageOpponent  -  VPR_v8.1

PGN-File: C:\Program Files (x86)\Arena\Tournaments\Ultimate Engine Battle 20251108.pgn

No:  B/W 1/2     W:B       1:2           Time        Value Moves Dep 1:2       1-2-Draws
   3 W 1    1.5:0.5        2.5:0.5       9:22:56 PM  +299.99    47 6.000 :6.000  2-0-1

--------------------------------------------------------------

Engine-Match Tuesday, November 11, 2025 9:22:58 PM
 Blitz 90/1 

Pairing 63/136 :    VPR_v9.0  -  CaptureOpponent

PGN-File: C:\Program Files (x86)\Arena\Tournaments\Ultimate Engine Battle 20251108.pgn

No:  B/W 1/2     W:B       1:2           Time        Value Moves Dep 1:2       1-2-Draws
   3 W 1    1.0:0.0        3.0:0.0       9:31:59 PM  +299.99    14 6.000 :6.385  3-0-0

--------------------------------------------------------------

Engine-Match Tuesday, November 11, 2025 9:32:00 PM
 Blitz 90/1 

Pairing 64/136 :    C0BR4_v3.1  -  C0BR4_v2.9

PGN-File: C:\Program Files (x86)\Arena\Tournaments\Ultimate Engine Battle 20251108.pgn

No:  B/W 1/2     W:B       1:2           Time        Value Moves Dep 1:2       1-2-Draws
   3 B 2    1.5:0.5        0.5:2.5       9:33:04 PM  -299.97    70 4.000 :4.000  0-2-1

--------------------------------------------------------------

Engine-Match Tuesday, November 11, 2025 9:33:06 PM
 Blitz 90/1 

Pairing 65/136 :    V7P3R_v10.8  -  SlowMate_v3.1

PGN-File: C:\Program Files (x86)\Arena\Tournaments\Ultimate Engine Battle 20251108.pgn

No:  B/W 1/2     W:B       1:2           Time        Value Moves Dep 1:2       1-2-Draws
   3 = =    0.5:0.5        0.5:2.5       11:08:09 PM     0.00   107 4.077 :5.333  0-2-1

--------------------------------------------------------------

Engine-Match Tuesday, November 11, 2025 11:08:10 PM
 Blitz 90/1 

Pairing 66/136 :    RandomOpponent  -  V7P3R_v12.6

PGN-File: C:\Program Files (x86)\Arena\Tournaments\Ultimate Engine Battle 20251108.pgn

No:  B/W 1/2     W:B       1:2           Time        Value Moves Dep 1:2       1-2-Draws
   3 B 2    1.0:0.0        0.0:3.0       11:15:43 PM     0.00    12 0:5.364  0-3-0

--------------------------------------------------------------

Engine-Match Tuesday, November 11, 2025 11:15:44 PM
 Blitz 90/1 

Pairing 67/136 :    V7P3R_v14.0  -  PositionalOpponent

PGN-File: C:\Program Files (x86)\Arena\Tournaments\Ultimate Engine Battle 20251108.pgn

No:  B/W 1/2     W:B       1:2           Time        Value Moves Dep 1:2       1-2-Draws
   3 B 2    1.0:0.0        0.0:3.0       11:25:10 PM  -299.99    19 5.167 :6.000  0-3-0

--------------------------------------------------------------

Engine-Match Tuesday, November 11, 2025 11:25:12 PM
 Blitz 90/1 

Pairing 68/136 :    MaterialOpponent  -  V7P3R_v14.1

PGN-File: C:\Program Files (x86)\Arena\Tournaments\Ultimate Engine Battle 20251108.pgn

No:  B/W 1/2     W:B       1:2           Time        Value Moves Dep 1:2       1-2-Draws
   3 = =    1.0:1.0        1.0:2.0       11:37:15 PM     0.00    93 6.000 :4.952  0-1-2

--------------------------------------------------------------

Engine-Match Tuesday, November 11, 2025 11:37:30 PM
 Blitz 90/1 

Pairing 69/136 :    V7P3R_v14.2  -  CoverageOpponent

PGN-File: C:\Program Files (x86)\Arena\Tournaments\Ultimate Engine Battle 20251108.pgn

No:  B/W 1/2     W:B       1:2           Time        Value Moves Dep 1:2       1-2-Draws
   3 B 2    1.0:0.0        2.0:1.0       11:52:37 PM  -299.99    46 4.829 :6.000  2-1-0

--------------------------------------------------------------

Engine-Match Tuesday, November 11, 2025 11:52:39 PM
 Blitz 90/1 

Pairing 70/136 :    CaptureOpponent  -  V7P3R_v14.3

PGN-File: C:\Program Files (x86)\Arena\Tournaments\Ultimate Engine Battle 20251108.pgn

No:  B/W 1/2     W:B       1:2           Time        Value Moves Dep 1:2       1-2-Draws
   3 B 2    1.0:0.0        0.0:3.0       12:05:16 AM     0.00    20 7.200 :5.438  0-3-0

--------------------------------------------------------------

Engine-Match Wednesday, November 12, 2025 12:05:17 AM
 Blitz 90/1 

Pairing 71/136 :    VPR_v8.1  -  C0BR4_v3.1

PGN-File: C:\Program Files (x86)\Arena\Tournaments\Ultimate Engine Battle 20251108.pgn

No:  B/W 1/2     W:B       1:2           Time        Value Moves Dep 1:2       1-2-Draws
   3 = =    1.0:1.0        1.0:2.0       12:07:56 AM    -4.76    49 6.000 :4.000  0-1-2

--------------------------------------------------------------

Engine-Match Wednesday, November 12, 2025 12:07:57 AM
 Blitz 90/1 

Pairing 72/136 :    C0BR4_v2.9  -  VPR_v9.0

PGN-File: C:\Program Files (x86)\Arena\Tournaments\Ultimate Engine Battle 20251108.pgn

No:  B/W 1/2     W:B       1:2           Time        Value Moves Dep 1:2       1-2-Draws
   3 B 2    1.5:0.5        0.5:2.5       12:14:00 AM  -299.99    40 3.974 :6.000  0-2-1

--------------------------------------------------------------

Engine-Match Wednesday, November 12, 2025 12:14:01 AM
 Blitz 90/1 

Pairing 73/136 :    Stockfish 1%  -  RandomOpponent

PGN-File: C:\Program Files (x86)\Arena\Tournaments\Ultimate Engine Battle 20251108.pgn

No:  B/W 1/2     W:B       1:2           Time        Value Moves Dep 1:2       1-2-Draws
   3 W 1    1.0:0.0        3.0:0.0       12:14:19 AM      +M1    10 34.200 :0 3-0-0

--------------------------------------------------------------

Engine-Match Wednesday, November 12, 2025 12:14:20 AM
 Blitz 90/1 

Pairing 74/136 :    PositionalOpponent  -  V7P3R_v10.8

PGN-File: C:\Program Files (x86)\Arena\Tournaments\Ultimate Engine Battle 20251108.pgn

No:  B/W 1/2     W:B       1:2           Time        Value Moves Dep 1:2       1-2-Draws
   3 W 1    1.0:0.0        3.0:0.0       12:23:55 AM  +299.99    54 6.000 :4.133  3-0-0

--------------------------------------------------------------

Engine-Match Wednesday, November 12, 2025 12:23:56 AM
 Blitz 90/1 

Pairing 75/136 :    V7P3R_v12.6  -  MaterialOpponent

PGN-File: C:\Program Files (x86)\Arena\Tournaments\Ultimate Engine Battle 20251108.pgn

No:  B/W 1/2     W:B       1:2           Time        Value Moves Dep 1:2       1-2-Draws
   3 W 1    2.0:1.0        2.0:1.0       12:42:21 AM     0.00    48 4.654 :6.000  1-0-2

--------------------------------------------------------------

Engine-Match Wednesday, November 12, 2025 12:42:22 AM
 Blitz 90/1 

Pairing 76/136 :    CoverageOpponent  -  V7P3R_v14.0

PGN-File: C:\Program Files (x86)\Arena\Tournaments\Ultimate Engine Battle 20251108.pgn

No:  B/W 1/2     W:B       1:2           Time        Value Moves Dep 1:2       1-2-Draws
   3 B 2    1.0:0.0        0.0:3.0       1:03:41 AM     0.00    35 6.000 :5.462  0-3-0

--------------------------------------------------------------

Engine-Match Wednesday, November 12, 2025 1:03:42 AM
 Blitz 90/1 

Pairing 77/136 :    V7P3R_v14.1  -  CaptureOpponent

PGN-File: C:\Program Files (x86)\Arena\Tournaments\Ultimate Engine Battle 20251108.pgn

No:  B/W 1/2     W:B       1:2           Time        Value Moves Dep 1:2       1-2-Draws
   3 W 1    1.0:0.0        3.0:0.0       1:17:42 AM  +299.96    19 5.118 :6.737  3-0-0

--------------------------------------------------------------

Engine-Match Wednesday, November 12, 2025 1:17:44 AM
 Blitz 90/1 

Pairing 78/136 :    C0BR4_v3.1  -  V7P3R_v14.2

PGN-File: C:\Program Files (x86)\Arena\Tournaments\Ultimate Engine Battle 20251108.pgn

No:  B/W 1/2     W:B       1:2           Time        Value Moves Dep 1:2       1-2-Draws
   3 W 1    1.5:0.5        1.5:1.5       1:22:55 AM  +299.97    43 4.000 :5.133  1-1-1

--------------------------------------------------------------

Engine-Match Wednesday, November 12, 2025 1:22:56 AM
 Blitz 90/1 

Pairing 79/136 :    V7P3R_v14.3  -  C0BR4_v2.9

PGN-File: C:\Program Files (x86)\Arena\Tournaments\Ultimate Engine Battle 20251108.pgn

No:  B/W 1/2     W:B       1:2           Time        Value Moves Dep 1:2       1-2-Draws
   3 = =    0.5:0.5        1.5:1.5       1:34:53 AM   +10.24    68 4.891 :4.000  1-1-1

--------------------------------------------------------------

Engine-Match Wednesday, November 12, 2025 1:34:55 AM
 Blitz 90/1 

Pairing 80/136 :    VPR_v9.0  -  VPR_v8.1

PGN-File: C:\Program Files (x86)\Arena\Tournaments\Ultimate Engine Battle 20251108.pgn

No:  B/W 1/2     W:B       1:2           Time        Value Moves Dep 1:2       1-2-Draws
   3 W 1    1.5:0.5        2.5:0.5       1:40:44 AM   +10.15    47 6.000 :6.000  2-0-1

--------------------------------------------------------------

Engine-Match Wednesday, November 12, 2025 1:40:45 AM
 Blitz 90/1 

Pairing 81/136 :    SlowMate_v3.1  -  PositionalOpponent

PGN-File: C:\Program Files (x86)\Arena\Tournaments\Ultimate Engine Battle 20251108.pgn

No:  B/W 1/2     W:B       1:2           Time        Value Moves Dep 1:2       1-2-Draws
   3 = =    1.0:1.0        1.0:2.0       2:38:25 AM   -10.10    37 5.189 :6.000  0-1-2

--------------------------------------------------------------

Engine-Match Wednesday, November 12, 2025 2:38:27 AM
 Blitz 90/1 

Pairing 82/136 :    MaterialOpponent  -  Stockfish 1%

PGN-File: C:\Program Files (x86)\Arena\Tournaments\Ultimate Engine Battle 20251108.pgn

No:  B/W 1/2     W:B       1:2           Time        Value Moves Dep 1:2       1-2-Draws
   3 B 2    1.0:0.0        0.0:3.0       2:39:37 AM      -M1    25 6.000 :38.040  0-3-0

--------------------------------------------------------------

Engine-Match Wednesday, November 12, 2025 2:39:38 AM
 Blitz 90/1 

Pairing 83/136 :    V7P3R_v10.8  -  CoverageOpponent

PGN-File: C:\Program Files (x86)\Arena\Tournaments\Ultimate Engine Battle 20251108.pgn

No:  B/W 1/2     W:B       1:2           Time        Value Moves Dep 1:2       1-2-Draws
   3 B 2    1.5:0.5        0.5:2.5       2:49:57 AM  -299.99    44 4.286 :6.000  0-2-1

--------------------------------------------------------------

Engine-Match Wednesday, November 12, 2025 2:49:58 AM
 Blitz 90/1 

Pairing 84/136 :    CaptureOpponent  -  V7P3R_v12.6

PGN-File: C:\Program Files (x86)\Arena\Tournaments\Ultimate Engine Battle 20251108.pgn

No:  B/W 1/2     W:B       1:2           Time        Value Moves Dep 1:2       1-2-Draws
   3 B 2    1.0:0.0        0.0:3.0       2:58:32 AM  -289.99    10 7.000 :5.000  0-3-0

--------------------------------------------------------------

Engine-Match Wednesday, November 12, 2025 2:58:33 AM
 Blitz 90/1 

Pairing 85/136 :    V7P3R_v14.0  -  C0BR4_v3.1

PGN-File: C:\Program Files (x86)\Arena\Tournaments\Ultimate Engine Battle 20251108.pgn

No:  B/W 1/2     W:B       1:2           Time        Value Moves Dep 1:2       1-2-Draws
   3 W 1    1.0:0.0        3.0:0.0       3:11:16 AM  +289.99    40 5.211 :4.000  3-0-0

--------------------------------------------------------------

Engine-Match Wednesday, November 12, 2025 3:11:18 AM
 Blitz 90/1 

Pairing 86/136 :    C0BR4_v2.9  -  V7P3R_v14.1

PGN-File: C:\Program Files (x86)\Arena\Tournaments\Ultimate Engine Battle 20251108.pgn

No:  B/W 1/2     W:B       1:2           Time        Value Moves Dep 1:2       1-2-Draws
   3 = =    0.5:0.5        0.5:2.5       3:19:12 AM    -2.91    72 4.000 :4.750  0-2-1

--------------------------------------------------------------

Engine-Match Wednesday, November 12, 2025 3:19:14 AM
 Blitz 90/1 

Pairing 87/136 :    V7P3R_v14.2  -  VPR_v9.0

PGN-File: C:\Program Files (x86)\Arena\Tournaments\Ultimate Engine Battle 20251108.pgn

No:  B/W 1/2     W:B       1:2           Time        Value Moves Dep 1:2       1-2-Draws
   3 = =    0.5:0.5        1.5:1.5       3:34:43 AM    -6.69    69 5.095 :6.000  1-1-1

--------------------------------------------------------------

Engine-Match Wednesday, November 12, 2025 3:34:45 AM
 Blitz 90/1 

Pairing 88/136 :    VPR_v8.1  -  V7P3R_v14.3

PGN-File: C:\Program Files (x86)\Arena\Tournaments\Ultimate Engine Battle 20251108.pgn

No:  B/W 1/2     W:B       1:2           Time        Value Moves Dep 1:2       1-2-Draws
   3 B 2    1.0:0.0        0.0:3.0       3:47:37 AM  -299.98    56 6.000 :4.857  0-3-0

--------------------------------------------------------------

Engine-Match Wednesday, November 12, 2025 3:47:49 AM
 Blitz 90/1 

Pairing 89/136 :    RandomOpponent  -  MaterialOpponent

PGN-File: C:\Program Files (x86)\Arena\Tournaments\Ultimate Engine Battle 20251108.pgn

No:  B/W 1/2     W:B       1:2           Time        Value Moves Dep 1:2       1-2-Draws
   3 B 2    1.0:0.0        0.0:3.0       3:48:21 AM  -299.99    31 0:6.000  0-3-0

--------------------------------------------------------------

Engine-Match Wednesday, November 12, 2025 3:48:23 AM
 Blitz 90/1 

Pairing 90/136 :    CoverageOpponent  -  SlowMate_v3.1

PGN-File: C:\Program Files (x86)\Arena\Tournaments\Ultimate Engine Battle 20251108.pgn

No:  B/W 1/2     W:B       1:2           Time        Value Moves Dep 1:2       1-2-Draws
   3 = =    1.5:1.5        1.5:1.5       4:52:58 AM    -8.19    49 6.000 :5.826  0-0-3

--------------------------------------------------------------

Engine-Match Wednesday, November 12, 2025 4:52:59 AM
 Blitz 90/1 

Pairing 91/136 :    Stockfish 1%  -  CaptureOpponent

PGN-File: C:\Program Files (x86)\Arena\Tournaments\Ultimate Engine Battle 20251108.pgn

No:  B/W 1/2     W:B       1:2           Time        Value Moves Dep 1:2       1-2-Draws
   3 W 1    1.0:0.0        3.0:0.0       5:00:33 AM   +10.30    14 23.500 :7.000  3-0-0

--------------------------------------------------------------

Engine-Match Wednesday, November 12, 2025 5:00:34 AM
 Blitz 90/1 

Pairing 92/136 :    C0BR4_v3.1  -  V7P3R_v10.8

PGN-File: C:\Program Files (x86)\Arena\Tournaments\Ultimate Engine Battle 20251108.pgn

No:  B/W 1/2     W:B       1:2           Time        Value Moves Dep 1:2       1-2-Draws
   3 = =    1.0:1.0        1.0:2.0       5:06:20 AM    -6.52    30 4.000 :4.400  0-1-2

--------------------------------------------------------------

Engine-Match Wednesday, November 12, 2025 5:06:21 AM
 Blitz 90/1 

Pairing 93/136 :    V7P3R_v12.6  -  C0BR4_v2.9

PGN-File: C:\Program Files (x86)\Arena\Tournaments\Ultimate Engine Battle 20251108.pgn

No:  B/W 1/2     W:B       1:2           Time        Value Moves Dep 1:2       1-2-Draws
   3 W 1    1.0:0.0        2.0:1.0       5:12:39 AM   +14.55    19 5.167 :4.000  2-1-0

--------------------------------------------------------------

Engine-Match Wednesday, November 12, 2025 5:12:41 AM
 Blitz 90/1 

Pairing 94/136 :    VPR_v9.0  -  V7P3R_v14.0

PGN-File: C:\Program Files (x86)\Arena\Tournaments\Ultimate Engine Battle 20251108.pgn

No:  B/W 1/2     W:B       1:2           Time        Value Moves Dep 1:2       1-2-Draws
   3 = =    0.5:0.5        0.5:2.5       5:31:16 AM    -5.96    38 6.000 :5.103  0-2-1

--------------------------------------------------------------

Engine-Match Wednesday, November 12, 2025 5:31:17 AM
 Blitz 90/1 

Pairing 95/136 :    V7P3R_v14.1  -  VPR_v8.1

PGN-File: C:\Program Files (x86)\Arena\Tournaments\Ultimate Engine Battle 20251108.pgn

No:  B/W 1/2     W:B       1:2           Time        Value Moves Dep 1:2       1-2-Draws
   3 = =    1.5:1.5        1.5:1.5       5:44:57 AM    +6.58    57 4.429 :6.000  0-0-3

--------------------------------------------------------------

Engine-Match Wednesday, November 12, 2025 5:44:59 AM
 Blitz 90/1 

Pairing 96/136 :    V7P3R_v14.3  -  V7P3R_v14.2

PGN-File: C:\Program Files (x86)\Arena\Tournaments\Ultimate Engine Battle 20251108.pgn

No:  B/W 1/2     W:B       1:2           Time        Value Moves Dep 1:2       1-2-Draws
   3 W 1    1.0:0.0        1.0:2.0       5:54:02 AM   +32.35    58 5.643 :4.800  1-2-0

--------------------------------------------------------------

Engine-Match Wednesday, November 12, 2025 5:54:04 AM
 Blitz 90/1 

Pairing 97/136 :    PositionalOpponent  -  CoverageOpponent

PGN-File: C:\Program Files (x86)\Arena\Tournaments\Ultimate Engine Battle 20251108.pgn

No:  B/W 1/2     W:B       1:2           Time        Value Moves Dep 1:2       1-2-Draws
   3 W 1    1.0:0.0        3.0:0.0       6:00:03 AM  +299.99    46 6.000 :6.000  3-0-0

--------------------------------------------------------------

Engine-Match Wednesday, November 12, 2025 6:00:04 AM
 Blitz 90/1 

Pairing 98/136 :    CaptureOpponent  -  RandomOpponent

PGN-File: C:\Program Files (x86)\Arena\Tournaments\Ultimate Engine Battle 20251108.pgn

No:  B/W 1/2     W:B       1:2           Time        Value Moves Dep 1:2       1-2-Draws
   3 = =    0.5:0.5        2.5:0.5       6:22:12 AM   +47.15    79 6.208 :0 2-0-1

--------------------------------------------------------------

Engine-Match Wednesday, November 12, 2025 6:22:13 AM
 Blitz 90/1 

Pairing 99/136 :    SlowMate_v3.1  -  C0BR4_v3.1

PGN-File: C:\Program Files (x86)\Arena\Tournaments\Ultimate Engine Battle 20251108.pgn

No:  B/W 1/2     W:B       1:2           Time        Value Moves Dep 1:2       1-2-Draws
   3 B 2    1.0:0.0        2.0:1.0       7:05:06 AM  -299.97    28 5.667 :4.000  2-1-0

--------------------------------------------------------------

Engine-Match Wednesday, November 12, 2025 7:05:08 AM
 Blitz 90/1 

Pairing 100/136 :    C0BR4_v2.9  -  Stockfish 1%

PGN-File: C:\Program Files (x86)\Arena\Tournaments\Ultimate Engine Battle 20251108.pgn

No:  B/W 1/2     W:B       1:2           Time        Value Moves Dep 1:2       1-2-Draws
   3 B 2    1.0:0.0        0.0:3.0       7:05:30 AM      -M1    13 3.909 :35.308  0-3-0

--------------------------------------------------------------

Engine-Match Wednesday, November 12, 2025 7:05:32 AM
 Blitz 90/1 

Pairing 101/136 :    V7P3R_v10.8  -  VPR_v9.0

PGN-File: C:\Program Files (x86)\Arena\Tournaments\Ultimate Engine Battle 20251108.pgn

No:  B/W 1/2     W:B       1:2           Time        Value Moves Dep 1:2       1-2-Draws
   3 B 2    1.0:0.0        0.0:3.0       7:20:04 AM   -18.79    70 4.135 :6.000  0-3-0

--------------------------------------------------------------

Engine-Match Wednesday, November 12, 2025 7:20:06 AM
 Blitz 90/1 

Pairing 102/136 :    VPR_v8.1  -  V7P3R_v12.6

PGN-File: C:\Program Files (x86)\Arena\Tournaments\Ultimate Engine Battle 20251108.pgn

No:  B/W 1/2     W:B       1:2           Time        Value Moves Dep 1:2       1-2-Draws
   3 W 1    1.5:0.5        2.5:0.5       7:47:11 AM  +299.99    84 6.000 :4.767  2-0-1

--------------------------------------------------------------

Engine-Match Wednesday, November 12, 2025 7:47:13 AM
 Blitz 90/1 

Pairing 103/136 :    V7P3R_v14.0  -  V7P3R_v14.3

PGN-File: C:\Program Files (x86)\Arena\Tournaments\Ultimate Engine Battle 20251108.pgn

No:  B/W 1/2     W:B       1:2           Time        Value Moves Dep 1:2       1-2-Draws
   3 W 1    1.0:0.0        3.0:0.0       8:08:08 AM    +9.71    58 5.520 :5.304  3-0-0

--------------------------------------------------------------

Engine-Match Wednesday, November 12, 2025 8:08:09 AM
 Blitz 90/1 

Pairing 104/136 :    V7P3R_v14.2  -  V7P3R_v14.1

PGN-File: C:\Program Files (x86)\Arena\Tournaments\Ultimate Engine Battle 20251108.pgn

No:  B/W 1/2     W:B       1:2           Time        Value Moves Dep 1:2       1-2-Draws
   3 = =    1.0:1.0        1.0:2.0       8:22:14 AM     0.00    76 4.875 :5.091  0-1-2

--------------------------------------------------------------

Engine-Match Wednesday, November 12, 2025 8:22:16 AM
 Blitz 90/1 

Pairing 105/136 :    MaterialOpponent  -  CaptureOpponent

PGN-File: C:\Program Files (x86)\Arena\Tournaments\Ultimate Engine Battle 20251108.pgn

No:  B/W 1/2     W:B       1:2           Time        Value Moves Dep 1:2       1-2-Draws
   3 W 1    1.0:0.0        3.0:0.0       8:36:54 AM   +18.05    28 6.000 :6.786  3-0-0

--------------------------------------------------------------

Engine-Match Wednesday, November 12, 2025 8:36:56 AM
 Blitz 90/1 

Pairing 106/136 :    C0BR4_v3.1  -  PositionalOpponent

PGN-File: C:\Program Files (x86)\Arena\Tournaments\Ultimate Engine Battle 20251108.pgn

No:  B/W 1/2     W:B       1:2           Time        Value Moves Dep 1:2       1-2-Draws
   3 B 2    1.0:0.0        0.0:3.0       8:42:57 AM  -299.99    38 4.000 :6.000  0-3-0

--------------------------------------------------------------

Engine-Match Wednesday, November 12, 2025 8:42:58 AM
 Blitz 90/1 

Pairing 107/136 :    RandomOpponent  -  C0BR4_v2.9

PGN-File: C:\Program Files (x86)\Arena\Tournaments\Ultimate Engine Battle 20251108.pgn

No:  B/W 1/2     W:B       1:2           Time        Value Moves Dep 1:2       1-2-Draws
   3 B 2    1.0:0.0        0.0:3.0       8:43:10 AM  -299.97     9 0:3.714  0-3-0

--------------------------------------------------------------

Engine-Match Wednesday, November 12, 2025 8:43:12 AM
 Blitz 90/1 

Pairing 108/136 :    VPR_v9.0  -  SlowMate_v3.1

PGN-File: C:\Program Files (x86)\Arena\Tournaments\Ultimate Engine Battle 20251108.pgn

No:  B/W 1/2     W:B       1:2           Time        Value Moves Dep 1:2       1-2-Draws
   3 = =    1.0:1.0        2.0:1.0       9:32:56 AM    -2.45    31 6.000 :5.355  1-0-2

--------------------------------------------------------------

Engine-Match Wednesday, November 12, 2025 9:33:05 AM
 Blitz 90/1 

Pairing 109/136 :    Stockfish 1%  -  VPR_v8.1

PGN-File: C:\Program Files (x86)\Arena\Tournaments\Ultimate Engine Battle 20251108.pgn

No:  B/W 1/2     W:B       1:2           Time        Value Moves Dep 1:2       1-2-Draws
   3 W 1    1.0:0.0        3.0:0.0       9:34:56 AM      +M1    23 39.478 :6.000  3-0-0

--------------------------------------------------------------

Engine-Match Wednesday, November 12, 2025 9:34:57 AM
 Blitz 90/1 

Pairing 110/136 :    V7P3R_v14.3  -  V7P3R_v10.8

PGN-File: C:\Program Files (x86)\Arena\Tournaments\Ultimate Engine Battle 20251108.pgn

No:  B/W 1/2     W:B       1:2           Time        Value Moves Dep 1:2       1-2-Draws
   3 B 2    1.0:0.0        1.0:2.0       9:46:01 AM     0.00    31 5.391 :4.190  1-2-0

--------------------------------------------------------------

Engine-Match Wednesday, November 12, 2025 9:46:02 AM
 Blitz 90/1 

Pairing 111/136 :    V7P3R_v12.6  -  V7P3R_v14.2

PGN-File: C:\Program Files (x86)\Arena\Tournaments\Ultimate Engine Battle 20251108.pgn

No:  B/W 1/2     W:B       1:2           Time        Value Moves Dep 1:2       1-2-Draws
   3 W 1    1.5:0.5        1.5:1.5       9:59:26 AM     0.00    33 5.059 :4.737  1-1-1

--------------------------------------------------------------

Engine-Match Wednesday, November 12, 2025 9:59:27 AM
 Blitz 90/1 

Pairing 112/136 :    V7P3R_v14.1  -  V7P3R_v14.0

PGN-File: C:\Program Files (x86)\Arena\Tournaments\Ultimate Engine Battle 20251108.pgn

No:  B/W 1/2     W:B       1:2           Time        Value Moves Dep 1:2       1-2-Draws
   3 B 2    1.0:0.0        1.0:2.0       10:12:39 AM     0.00    34 4.529 :4.941  1-2-0

--------------------------------------------------------------

Engine-Match Wednesday, November 12, 2025 10:12:40 AM
 Blitz 90/1 

Pairing 113/136 :    CoverageOpponent  -  C0BR4_v3.1

PGN-File: C:\Program Files (x86)\Arena\Tournaments\Ultimate Engine Battle 20251108.pgn

No:  B/W 1/2     W:B       1:2           Time        Value Moves Dep 1:2       1-2-Draws
   3 B 2    1.5:0.5        1.5:1.5       10:18:39 AM  -299.97    47 6.000 :4.000  1-1-1

--------------------------------------------------------------

Engine-Match Wednesday, November 12, 2025 10:18:40 AM
 Blitz 90/1 

Pairing 114/136 :    C0BR4_v2.9  -  MaterialOpponent

PGN-File: C:\Program Files (x86)\Arena\Tournaments\Ultimate Engine Battle 20251108.pgn

No:  B/W 1/2     W:B       1:2           Time        Value Moves Dep 1:2       1-2-Draws
   3 = =    1.0:1.0        1.0:2.0       10:20:20 AM    +3.05    45 4.000 :6.000  0-1-2

--------------------------------------------------------------

Engine-Match Wednesday, November 12, 2025 10:20:21 AM
 Blitz 90/1 

Pairing 115/136 :    PositionalOpponent  -  VPR_v9.0

PGN-File: C:\Program Files (x86)\Arena\Tournaments\Ultimate Engine Battle 20251108.pgn

No:  B/W 1/2     W:B       1:2           Time        Value Moves Dep 1:2       1-2-Draws
   3 W 1    1.0:0.0        3.0:0.0       10:36:29 AM  +299.99    61 6.000 :6.000  3-0-0

--------------------------------------------------------------

Engine-Match Wednesday, November 12, 2025 10:36:30 AM
 Blitz 90/1 

Pairing 116/136 :    VPR_v8.1  -  RandomOpponent

PGN-File: C:\Program Files (x86)\Arena\Tournaments\Ultimate Engine Battle 20251108.pgn

No:  B/W 1/2     W:B       1:2           Time        Value Moves Dep 1:2       1-2-Draws
   3 W 1    1.0:0.0        3.0:0.0       10:37:28 AM  +299.99    33 6.000 :0 3-0-0

--------------------------------------------------------------

Engine-Match Wednesday, November 12, 2025 10:37:29 AM
 Blitz 90/1 

Pairing 117/136 :    SlowMate_v3.1  -  V7P3R_v14.3

PGN-File: C:\Program Files (x86)\Arena\Tournaments\Ultimate Engine Battle 20251108.pgn

No:  B/W 1/2     W:B       1:2           Time        Value Moves Dep 1:2       1-2-Draws
   3 B 2    1.0:0.0        0.0:3.0       11:29:58 AM  -289.99    30 5.267 :5.000  0-3-0

--------------------------------------------------------------

Engine-Match Wednesday, November 12, 2025 11:30:00 AM
 Blitz 90/1 

Pairing 118/136 :    V7P3R_v14.2  -  Stockfish 1%

PGN-File: C:\Program Files (x86)\Arena\Tournaments\Ultimate Engine Battle 20251108.pgn

No:  B/W 1/2     W:B       1:2           Time        Value Moves Dep 1:2       1-2-Draws
   3 B 2    1.0:0.0        0.0:3.0       11:34:33 AM      -M1    25 5.118 :35.160  0-3-0

--------------------------------------------------------------

Engine-Match Wednesday, November 12, 2025 11:34:34 AM
 Blitz 90/1 

Pairing 119/136 :    V7P3R_v10.8  -  V7P3R_v14.1

PGN-File: C:\Program Files (x86)\Arena\Tournaments\Ultimate Engine Battle 20251108.pgn

No:  B/W 1/2     W:B       1:2           Time        Value Moves Dep 1:2       1-2-Draws
   3 = =    1.0:1.0        2.0:1.0       11:47:06 AM     0.00    43 4.000 :4.654  1-0-2

--------------------------------------------------------------

Engine-Match Wednesday, November 12, 2025 11:47:08 AM
 Blitz 90/1 

Pairing 120/136 :    V7P3R_v14.0  -  V7P3R_v12.6

PGN-File: C:\Program Files (x86)\Arena\Tournaments\Ultimate Engine Battle 20251108.pgn

No:  B/W 1/2     W:B       1:2           Time        Value Moves Dep 1:2       1-2-Draws
   3 W 1    1.0:0.0        2.0:1.0       12:08:03 PM   +13.81    44 5.000 :4.789  2-1-0

--------------------------------------------------------------

Engine-Match Wednesday, November 12, 2025 12:08:04 PM
 Blitz 90/1 

Pairing 121/136 :    CaptureOpponent  -  C0BR4_v2.9

PGN-File: C:\Program Files (x86)\Arena\Tournaments\Ultimate Engine Battle 20251108.pgn

No:  B/W 1/2     W:B       1:2           Time        Value Moves Dep 1:2       1-2-Draws
   3 B 2    1.0:0.0        0.0:3.0       12:12:46 PM  -299.97     9 7.000 :3.750  0-3-0

--------------------------------------------------------------

Engine-Match Wednesday, November 12, 2025 12:12:48 PM
 Blitz 90/1 

Pairing 122/136 :    VPR_v9.0  -  CoverageOpponent

PGN-File: C:\Program Files (x86)\Arena\Tournaments\Ultimate Engine Battle 20251108.pgn

No:  B/W 1/2     W:B       1:2           Time        Value Moves Dep 1:2       1-2-Draws
   3 = =    1.0:1.0        1.0:2.0       12:19:02 PM    +3.70    30 6.000 :6.000  0-1-2

--------------------------------------------------------------

Engine-Match Wednesday, November 12, 2025 12:19:03 PM
 Blitz 90/1 

Pairing 123/136 :    MaterialOpponent  -  VPR_v8.1

PGN-File: C:\Program Files (x86)\Arena\Tournaments\Ultimate Engine Battle 20251108.pgn

No:  B/W 1/2     W:B       1:2           Time        Value Moves Dep 1:2       1-2-Draws
   3 = =    1.5:1.5        1.5:1.5       12:19:18 PM     0.00     7 6.000 :6.000  0-0-3

--------------------------------------------------------------

Engine-Match Wednesday, November 12, 2025 12:19:19 PM
 Blitz 90/1 

Pairing 124/136 :    V7P3R_v14.3  -  PositionalOpponent

PGN-File: C:\Program Files (x86)\Arena\Tournaments\Ultimate Engine Battle 20251108.pgn

No:  B/W 1/2     W:B       1:2           Time        Value Moves Dep 1:2       1-2-Draws
   3 B 2    1.0:0.0        0.0:3.0       12:30:04 PM  -299.99    33 5.000 :6.000  0-3-0

--------------------------------------------------------------

Engine-Match Wednesday, November 12, 2025 12:30:05 PM
 Blitz 90/1 

Pairing 125/136 :    RandomOpponent  -  V7P3R_v14.2

PGN-File: C:\Program Files (x86)\Arena\Tournaments\Ultimate Engine Battle 20251108.pgn

No:  B/W 1/2     W:B       1:2           Time        Value Moves Dep 1:2       1-2-Draws
   3 B 2    1.0:0.0        0.0:3.0       12:31:56 PM  -289.99    10 0:4.778  0-3-0

--------------------------------------------------------------

Engine-Match Wednesday, November 12, 2025 12:31:58 PM
 Blitz 90/1 

Pairing 126/136 :    V7P3R_v14.1  -  SlowMate_v3.1

PGN-File: C:\Program Files (x86)\Arena\Tournaments\Ultimate Engine Battle 20251108.pgn

No:  B/W 1/2     W:B       1:2           Time        Value Moves Dep 1:2       1-2-Draws
   3 = =    1.0:1.0        2.0:1.0       1:54:10 PM    -5.11    64 4.667 :5.324  1-0-2

--------------------------------------------------------------

Engine-Match Wednesday, November 12, 2025 1:54:11 PM
 Blitz 90/1 

Pairing 127/136 :    Stockfish 1%  -  V7P3R_v14.0

PGN-File: C:\Program Files (x86)\Arena\Tournaments\Ultimate Engine Battle 20251108.pgn

No:  B/W 1/2     W:B       1:2           Time        Value Moves Dep 1:2       1-2-Draws
   3 W 1    1.0:0.0        3.0:0.0       2:05:24 PM      +M1    29 23.160 :5.278  3-0-0

--------------------------------------------------------------

Engine-Match Wednesday, November 12, 2025 2:05:26 PM
 Blitz 90/1 

Pairing 128/136 :    V7P3R_v12.6  -  V7P3R_v10.8

PGN-File: C:\Program Files (x86)\Arena\Tournaments\Ultimate Engine Battle 20251108.pgn

No:  B/W 1/2     W:B       1:2           Time        Value Moves Dep 1:2       1-2-Draws
   3 = =    1.0:1.0        2.0:1.0       2:18:57 PM    -0.02    41 5.067 :4.059  1-0-2

--------------------------------------------------------------

Engine-Match Wednesday, November 12, 2025 2:19:04 PM
 Blitz 90/1 

Pairing 129/136 :    C0BR4_v3.1  -  VPR_v9.0

PGN-File: C:\Program Files (x86)\Arena\Tournaments\Ultimate Engine Battle 20251108.pgn

No:  B/W 1/2     W:B       1:2           Time        Value Moves Dep 1:2       1-2-Draws
   3 B 2    1.5:0.5        0.5:2.5       2:23:07 PM   -10.15    42 4.000 :6.000  0-2-1

--------------------------------------------------------------

Engine-Match Wednesday, November 12, 2025 2:23:09 PM
 Blitz 90/1 

Pairing 130/136 :    VPR_v8.1  -  CaptureOpponent

PGN-File: C:\Program Files (x86)\Arena\Tournaments\Ultimate Engine Battle 20251108.pgn

No:  B/W 1/2     W:B       1:2           Time        Value Moves Dep 1:2       1-2-Draws
   3 W 1    1.0:0.0        3.0:0.0       2:33:06 PM  +299.92    21 6.000 :7.190  3-0-0

--------------------------------------------------------------

Engine-Match Wednesday, November 12, 2025 2:33:08 PM
 Blitz 90/1 

Pairing 131/136 :    CoverageOpponent  -  V7P3R_v14.3

PGN-File: C:\Program Files (x86)\Arena\Tournaments\Ultimate Engine Battle 20251108.pgn

No:  B/W 1/2     W:B       1:2           Time        Value Moves Dep 1:2       1-2-Draws
   3 = =    1.0:1.0        1.0:2.0       2:39:19 PM   -16.57    22 6.000 :5.211  0-1-2

--------------------------------------------------------------

Engine-Match Wednesday, November 12, 2025 2:39:21 PM
 Blitz 90/1 

Pairing 132/136 :    V7P3R_v14.2  -  MaterialOpponent

PGN-File: C:\Program Files (x86)\Arena\Tournaments\Ultimate Engine Battle 20251108.pgn

No:  B/W 1/2     W:B       1:2           Time        Value Moves Dep 1:2       1-2-Draws
   3 = =    1.0:1.0        1.0:2.0       2:41:59 PM    -1.25    14 4.700 :6.000  0-1-2

--------------------------------------------------------------

Engine-Match Wednesday, November 12, 2025 2:42:00 PM
 Blitz 90/1 

Pairing 133/136 :    PositionalOpponent  -  V7P3R_v14.1

PGN-File: C:\Program Files (x86)\Arena\Tournaments\Ultimate Engine Battle 20251108.pgn

No:  B/W 1/2     W:B       1:2           Time        Value Moves Dep 1:2       1-2-Draws
   3 W 1    1.0:0.0        3.0:0.0       2:53:01 PM  +299.99    48 6.000 :4.889  3-0-0

--------------------------------------------------------------

Engine-Match Wednesday, November 12, 2025 2:53:02 PM
 Blitz 90/1 

Pairing 134/136 :    V7P3R_v14.0  -  RandomOpponent

PGN-File: C:\Program Files (x86)\Arena\Tournaments\Ultimate Engine Battle 20251108.pgn

No:  B/W 1/2     W:B       1:2           Time        Value Moves Dep 1:2       1-2-Draws
   3 W 1    1.0:0.0        3.0:0.0       3:00:19 PM  +289.98    19 5.389 :0 3-0-0

--------------------------------------------------------------

Engine-Match Wednesday, November 12, 2025 3:00:20 PM
 Blitz 90/1 

Pairing 135/136 :    SlowMate_v3.1  -  V7P3R_v12.6

PGN-File: C:\Program Files (x86)\Arena\Tournaments\Ultimate Engine Battle 20251108.pgn

No:  B/W 1/2     W:B       1:2           Time        Value Moves Dep 1:2       1-2-Draws
   3 B 2    1.5:0.5        0.5:2.5       4:06:05 PM  -289.99    38 5.528 :4.857  0-2-1

--------------------------------------------------------------

Engine-Match Wednesday, November 12, 2025 4:06:07 PM
 Blitz 90/1 

Pairing 136/136 :    V7P3R_v10.8  -  Stockfish 1%

PGN-File: C:\Program Files (x86)\Arena\Tournaments\Ultimate Engine Battle 20251108.pgn

No:  B/W 1/2     W:B       1:2           Time        Value Moves Dep 1:2       1-2-Draws
   3 B 2    1.0:0.0        0.0:3.0       4:10:42 PM      -M1    31 4.000 :33.516  0-3-0

--------------------------------------------------------------

Engine-Match Wednesday, November 12, 2025 4:10:43 PM
 Blitz 90/1 

Pairing 1/136 :    C0BR4_v2.9  -  VPR_v8.1

PGN-File: C:\Program Files (x86)\Arena\Tournaments\Ultimate Engine Battle 20251108.pgn

No:  B/W 1/2     W:B       1:2           Time        Value Moves Dep 1:2       1-2-Draws
   4 W 2    1.5:0.5        0.5:3.5       4:12:29 PM   +13.30    43 4.000 :6.000  0-3-1

--------------------------------------------------------------

Engine-Match Wednesday, November 12, 2025 4:12:31 PM
 Blitz 90/1 

Pairing 2/136 :    V7P3R_v14.3  -  C0BR4_v3.1

PGN-File: C:\Program Files (x86)\Arena\Tournaments\Ultimate Engine Battle 20251108.pgn

No:  B/W 1/2     W:B       1:2           Time        Value Moves Dep 1:2       1-2-Draws
   4 W 2    1.0:0.0        2.0:2.0       4:19:15 PM    +9.22    48 5.063 :4.000  2-2-0

--------------------------------------------------------------

Engine-Match Wednesday, November 12, 2025 4:19:16 PM
 Blitz 90/1 

Pairing 3/136 :    CaptureOpponent  -  V7P3R_v14.2

PGN-File: C:\Program Files (x86)\Arena\Tournaments\Ultimate Engine Battle 20251108.pgn

No:  B/W 1/2     W:B       1:2           Time        Value Moves Dep 1:2       1-2-Draws
   4 W 2    1.0:0.0        0.0:4.0       4:24:04 PM  +289.99     7 7.167 :5.143  0-4-0

--------------------------------------------------------------

Engine-Match Wednesday, November 12, 2025 4:24:06 PM
 Blitz 90/1 

Pairing 4/136 :    V7P3R_v14.1  -  CoverageOpponent

PGN-File: C:\Program Files (x86)\Arena\Tournaments\Ultimate Engine Battle 20251108.pgn

No:  B/W 1/2     W:B       1:2           Time        Value Moves Dep 1:2       1-2-Draws
   4 = =    1.0:1.0        1.0:3.0       4:31:00 PM     0.00    24 4.611 :6.000  0-2-2

--------------------------------------------------------------

Engine-Match Wednesday, November 12, 2025 4:31:01 PM
 Blitz 90/1 

Pairing 5/136 :    MaterialOpponent  -  V7P3R_v14.0

PGN-File: C:\Program Files (x86)\Arena\Tournaments\Ultimate Engine Battle 20251108.pgn

No:  B/W 1/2     W:B       1:2           Time        Value Moves Dep 1:2       1-2-Draws
   4 W 2    1.0:0.0        0.0:4.0       5:06:47 PM     0.00    88 6.000 :5.163  0-4-0

--------------------------------------------------------------

Engine-Match Wednesday, November 12, 2025 5:06:49 PM
 Blitz 90/1 

Pairing 6/136 :    V7P3R_v12.6  -  PositionalOpponent

PGN-File: C:\Program Files (x86)\Arena\Tournaments\Ultimate Engine Battle 20251108.pgn

No:  B/W 1/2     W:B       1:2           Time        Value Moves Dep 1:2       1-2-Draws
   4 B 1    1.0:0.0        2.0:2.0       5:23:28 PM    -9.40    49 4.680 :6.000  2-2-0

--------------------------------------------------------------

Engine-Match Wednesday, November 12, 2025 5:23:30 PM
 Blitz 90/1 

Pairing 7/136 :    RandomOpponent  -  V7P3R_v10.8

PGN-File: C:\Program Files (x86)\Arena\Tournaments\Ultimate Engine Battle 20251108.pgn

No:  B/W 1/2     W:B       1:2           Time        Value Moves Dep 1:2       1-2-Draws
   4 W 2    1.0:0.0        0.0:4.0       5:25:31 PM  +289.98    14 0:4.545  0-4-0

--------------------------------------------------------------

Engine-Match Wednesday, November 12, 2025 5:25:32 PM
 Blitz 90/1 

Pairing 8/136 :    Stockfish 1%  -  SlowMate_v3.1

PGN-File: C:\Program Files (x86)\Arena\Tournaments\Ultimate Engine Battle 20251108.pgn

No:  B/W 1/2     W:B       1:2           Time        Value Moves Dep 1:2       1-2-Draws
   4 B 1    1.0:0.0        4.0:0.0       6:01:06 PM      -M1    22 29.500 :5.136  4-0-0

--------------------------------------------------------------

Engine-Match Wednesday, November 12, 2025 6:01:07 PM
 Blitz 90/1 

Pairing 9/136 :    VPR_v9.0  -  V7P3R_v14.3

PGN-File: C:\Program Files (x86)\Arena\Tournaments\Ultimate Engine Battle 20251108.pgn

No:  B/W 1/2     W:B       1:2           Time        Value Moves Dep 1:2       1-2-Draws
   4 W 2    1.5:0.5        2.5:1.5       6:27:14 PM  +289.99    71 6.000 :4.796  2-1-1

--------------------------------------------------------------

Engine-Match Wednesday, November 12, 2025 6:27:16 PM
 Blitz 90/1 

Pairing 10/136 :    V7P3R_v14.2  -  C0BR4_v2.9

PGN-File: C:\Program Files (x86)\Arena\Tournaments\Ultimate Engine Battle 20251108.pgn

No:  B/W 1/2     W:B       1:2           Time        Value Moves Dep 1:2       1-2-Draws
   4 = =    1.5:1.5        2.5:1.5       6:33:31 PM    +0.41    38 5.087 :4.000  1-0-3

--------------------------------------------------------------

Engine-Match Wednesday, November 12, 2025 6:33:32 PM
 Blitz 90/1 

Pairing 11/136 :    C0BR4_v3.1  -  V7P3R_v14.1

PGN-File: C:\Program Files (x86)\Arena\Tournaments\Ultimate Engine Battle 20251108.pgn

No:  B/W 1/2     W:B       1:2           Time        Value Moves Dep 1:2       1-2-Draws
   4 = =    1.0:1.0        1.0:3.0       6:46:42 PM    -2.93    72 4.000 :5.200  0-2-2

--------------------------------------------------------------

Engine-Match Wednesday, November 12, 2025 6:46:43 PM
 Blitz 90/1 

Pairing 12/136 :    V7P3R_v14.0  -  CaptureOpponent

PGN-File: C:\Program Files (x86)\Arena\Tournaments\Ultimate Engine Battle 20251108.pgn

No:  B/W 1/2     W:B       1:2           Time        Value Moves Dep 1:2       1-2-Draws
   4 B 1    1.0:0.0        4.0:0.0       7:04:53 PM  -299.98    22 6.000 :7.318  4-0-0

--------------------------------------------------------------

Engine-Match Wednesday, November 12, 2025 7:05:08 PM
 Blitz 90/1 

Pairing 13/136 :    CoverageOpponent  -  V7P3R_v12.6

PGN-File: C:\Program Files (x86)\Arena\Tournaments\Ultimate Engine Battle 20251108.pgn

No:  B/W 1/2     W:B       1:2           Time        Value Moves Dep 1:2       1-2-Draws
   4 W 2    2.0:1.0        1.0:3.0       7:23:05 PM  +289.99    51 6.000 :5.391  0-2-2

--------------------------------------------------------------

Engine-Match Wednesday, November 12, 2025 7:23:06 PM
 Blitz 90/1 

Pairing 14/136 :    V7P3R_v10.8  -  MaterialOpponent

PGN-File: C:\Program Files (x86)\Arena\Tournaments\Ultimate Engine Battle 20251108.pgn

No:  B/W 1/2     W:B       1:2           Time        Value Moves Dep 1:2       1-2-Draws
   4 B 1    1.5:0.5        2.5:1.5       7:30:39 PM  -299.94    52 4.043 :6.000  2-1-1

--------------------------------------------------------------

Engine-Match Wednesday, November 12, 2025 7:30:40 PM
 Blitz 90/1 

Pairing 15/136 :    PositionalOpponent  -  Stockfish 1%

PGN-File: C:\Program Files (x86)\Arena\Tournaments\Ultimate Engine Battle 20251108.pgn

No:  B/W 1/2     W:B       1:2           Time        Value Moves Dep 1:2       1-2-Draws
   4 W 2    1.0:0.0        0.0:4.0       7:35:39 PM      +M1    32 6.000 :28.333  0-4-0

--------------------------------------------------------------

Engine-Match Wednesday, November 12, 2025 7:35:40 PM
 Blitz 90/1 

Pairing 16/136 :    SlowMate_v3.1  -  RandomOpponent

PGN-File: C:\Program Files (x86)\Arena\Tournaments\Ultimate Engine Battle 20251108.pgn

No:  B/W 1/2     W:B       1:2           Time        Value Moves Dep 1:2       1-2-Draws
   4 = =    1.5:1.5        2.5:1.5       8:21:34 PM     0.00    33 5.281 :0 1-0-3

--------------------------------------------------------------

Engine-Match Wednesday, November 12, 2025 8:21:35 PM
 Blitz 90/1 

Pairing 17/136 :    VPR_v8.1  -  V7P3R_v14.2

PGN-File: C:\Program Files (x86)\Arena\Tournaments\Ultimate Engine Battle 20251108.pgn

No:  B/W 1/2     W:B       1:2           Time        Value Moves Dep 1:2       1-2-Draws
   4 = =    1.0:1.0        3.0:1.0       8:24:11 PM    -1.25    14 6.000 :4.700  2-0-2

--------------------------------------------------------------

Engine-Match Wednesday, November 12, 2025 8:24:13 PM
 Blitz 90/1 

Pairing 18/136 :    V7P3R_v14.1  -  VPR_v9.0

PGN-File: C:\Program Files (x86)\Arena\Tournaments\Ultimate Engine Battle 20251108.pgn

No:  B/W 1/2     W:B       1:2           Time        Value Moves Dep 1:2       1-2-Draws
   4 = =    2.0:2.0        2.0:2.0       8:38:38 PM    -1.05    74 4.714 :6.000  0-0-4

--------------------------------------------------------------

Engine-Match Wednesday, November 12, 2025 8:38:40 PM
 Blitz 90/1 

Pairing 19/136 :    C0BR4_v2.9  -  V7P3R_v14.0

PGN-File: C:\Program Files (x86)\Arena\Tournaments\Ultimate Engine Battle 20251108.pgn

No:  B/W 1/2     W:B       1:2           Time        Value Moves Dep 1:2       1-2-Draws
   4 W 2    2.5:1.5        1.5:2.5       8:51:28 PM  +289.99    40 4.000 :5.211  0-1-3

--------------------------------------------------------------

Engine-Match Wednesday, November 12, 2025 8:51:30 PM
 Blitz 90/1 

Pairing 20/136 :    V7P3R_v12.6  -  C0BR4_v3.1

PGN-File: C:\Program Files (x86)\Arena\Tournaments\Ultimate Engine Battle 20251108.pgn

No:  B/W 1/2     W:B       1:2           Time        Value Moves Dep 1:2       1-2-Draws
   4 W 2    1.5:0.5        2.5:1.5       8:58:24 PM  +299.97    28 5.000 :4.000  2-1-1

--------------------------------------------------------------

Engine-Match Wednesday, November 12, 2025 8:58:25 PM
 Blitz 90/1 

Pairing 21/136 :    CaptureOpponent  -  V7P3R_v10.8

PGN-File: C:\Program Files (x86)\Arena\Tournaments\Ultimate Engine Battle 20251108.pgn

No:  B/W 1/2     W:B       1:2           Time        Value Moves Dep 1:2       1-2-Draws
   4 W 2    1.0:0.0        0.0:4.0       9:11:00 PM   +18.25    18 6.889 :4.176  0-4-0

--------------------------------------------------------------

Engine-Match Wednesday, November 12, 2025 9:11:02 PM
 Blitz 90/1 

Pairing 22/136 :    Stockfish 1%  -  CoverageOpponent

PGN-File: C:\Program Files (x86)\Arena\Tournaments\Ultimate Engine Battle 20251108.pgn

No:  B/W 1/2     W:B       1:2           Time        Value Moves Dep 1:2       1-2-Draws
   4 B 1    1.0:0.0        4.0:0.0       9:14:19 PM      -M1    25 33.545 :6.000  4-0-0

--------------------------------------------------------------

Engine-Match Wednesday, November 12, 2025 9:14:21 PM
 Blitz 90/1 

Pairing 23/136 :    MaterialOpponent  -  SlowMate_v3.1

PGN-File: C:\Program Files (x86)\Arena\Tournaments\Ultimate Engine Battle 20251108.pgn

No:  B/W 1/2     W:B       1:2           Time        Value Moves Dep 1:2       1-2-Draws
   4 = =    2.0:2.0        2.0:2.0       9:40:24 PM    +2.51    15 6.000 :5.267  0-0-4

--------------------------------------------------------------

Engine-Match Wednesday, November 12, 2025 9:40:26 PM
 Blitz 90/1 

Pairing 24/136 :    RandomOpponent  -  PositionalOpponent

PGN-File: C:\Program Files (x86)\Arena\Tournaments\Ultimate Engine Battle 20251108.pgn

No:  B/W 1/2     W:B       1:2           Time        Value Moves Dep 1:2       1-2-Draws
   4 W 2    1.0:0.0        0.0:4.0       9:42:14 PM  +299.99    20 0:6.000  0-4-0

--------------------------------------------------------------

Engine-Match Wednesday, November 12, 2025 9:42:16 PM
 Blitz 90/1 

Pairing 25/136 :    V7P3R_v14.3  -  V7P3R_v14.1

PGN-File: C:\Program Files (x86)\Arena\Tournaments\Ultimate Engine Battle 20251108.pgn

No:  B/W 1/2     W:B       1:2           Time        Value Moves Dep 1:2       1-2-Draws
   4 W 2    2.0:1.0        1.0:3.0       9:58:50 PM     0.00    61 5.417 :5.080  0-2-2

--------------------------------------------------------------

Engine-Match Wednesday, November 12, 2025 9:58:51 PM
 Blitz 90/1 

Pairing 26/136 :    V7P3R_v14.0  -  VPR_v8.1

PGN-File: C:\Program Files (x86)\Arena\Tournaments\Ultimate Engine Battle 20251108.pgn

No:  B/W 1/2     W:B       1:2           Time        Value Moves Dep 1:2       1-2-Draws
   4 B 1    2.0:1.0        3.0:1.0       10:11:07 PM   -10.95    42 5.320 :6.000  2-0-2

--------------------------------------------------------------

Engine-Match Wednesday, November 12, 2025 10:11:08 PM
 Blitz 90/1 

Pairing 27/136 :    VPR_v9.0  -  V7P3R_v12.6

PGN-File: C:\Program Files (x86)\Arena\Tournaments\Ultimate Engine Battle 20251108.pgn

No:  B/W 1/2     W:B       1:2           Time        Value Moves Dep 1:2       1-2-Draws
   4 B 1    1.0:0.0        2.0:2.0       10:35:53 PM   -28.50    72 6.000 :4.952  2-2-0

--------------------------------------------------------------

Engine-Match Wednesday, November 12, 2025 10:35:55 PM
 Blitz 90/1 

Pairing 28/136 :    V7P3R_v10.8  -  C0BR4_v2.9

PGN-File: C:\Program Files (x86)\Arena\Tournaments\Ultimate Engine Battle 20251108.pgn

No:  B/W 1/2     W:B       1:2           Time        Value Moves Dep 1:2       1-2-Draws
   4 W 2    1.5:0.5        0.5:3.5       10:43:13 PM  +299.97    62 4.059 :4.000  0-3-1

--------------------------------------------------------------

Engine-Match Wednesday, November 12, 2025 10:43:15 PM
 Blitz 90/1 

Pairing 29/136 :    C0BR4_v3.1  -  Stockfish 1%

PGN-File: C:\Program Files (x86)\Arena\Tournaments\Ultimate Engine Battle 20251108.pgn

No:  B/W 1/2     W:B       1:2           Time        Value Moves Dep 1:2       1-2-Draws
   4 W 2    1.0:0.0        0.0:4.0       10:43:49 PM   +12.08    24 4.000 :30.958  0-4-0

--------------------------------------------------------------

Engine-Match Wednesday, November 12, 2025 10:43:50 PM
 Blitz 90/1 

Pairing 30/136 :    SlowMate_v3.1  -  CaptureOpponent

PGN-File: C:\Program Files (x86)\Arena\Tournaments\Ultimate Engine Battle 20251108.pgn

No:  B/W 1/2     W:B       1:2           Time        Value Moves Dep 1:2       1-2-Draws
   4 B 1    1.0:0.0        4.0:0.0       11:28:14 PM  -299.96    23 5.591 :7.391  4-0-0

--------------------------------------------------------------

Engine-Match Wednesday, November 12, 2025 11:28:15 PM
 Blitz 90/1 

Pairing 31/136 :    CoverageOpponent  -  RandomOpponent

PGN-File: C:\Program Files (x86)\Arena\Tournaments\Ultimate Engine Battle 20251108.pgn

No:  B/W 1/2     W:B       1:2           Time        Value Moves Dep 1:2       1-2-Draws
   4 B 1    1.0:0.0        4.0:0.0       11:32:39 PM  -299.99    15 6.000 :0 4-0-0

--------------------------------------------------------------

Engine-Match Wednesday, November 12, 2025 11:32:41 PM
 Blitz 90/1 

Pairing 32/136 :    PositionalOpponent  -  MaterialOpponent

PGN-File: C:\Program Files (x86)\Arena\Tournaments\Ultimate Engine Battle 20251108.pgn

No:  B/W 1/2     W:B       1:2           Time        Value Moves Dep 1:2       1-2-Draws
   4 = =    1.0:1.0        3.0:1.0       11:44:11 PM   -12.90    49 6.000 :6.000  2-0-2

--------------------------------------------------------------

Engine-Match Wednesday, November 12, 2025 11:44:26 PM
 Blitz 90/1 

Pairing 33/136 :    V7P3R_v14.2  -  V7P3R_v14.0

PGN-File: C:\Program Files (x86)\Arena\Tournaments\Ultimate Engine Battle 20251108.pgn

No:  B/W 1/2     W:B       1:2           Time        Value Moves Dep 1:2       1-2-Draws
   4 B 1    1.5:0.5        3.5:0.5       12:03:38 AM     0.00    57 4.826 :5.545  3-0-1

--------------------------------------------------------------

Engine-Match Thursday, November 13, 2025 12:03:39 AM
 Blitz 90/1 

Pairing 34/136 :    V7P3R_v12.6  -  V7P3R_v14.3

PGN-File: C:\Program Files (x86)\Arena\Tournaments\Ultimate Engine Battle 20251108.pgn

No:  B/W 1/2     W:B       1:2           Time        Value Moves Dep 1:2       1-2-Draws
   4 = =    1.5:1.5        1.5:2.5       12:24:47 AM    +3.50    55 5.238 :5.190  0-1-3

--------------------------------------------------------------

Engine-Match Thursday, November 13, 2025 12:24:48 AM
 Blitz 90/1 

Pairing 35/136 :    VPR_v8.1  -  V7P3R_v10.8

PGN-File: C:\Program Files (x86)\Arena\Tournaments\Ultimate Engine Battle 20251108.pgn

No:  B/W 1/2     W:B       1:2           Time        Value Moves Dep 1:2       1-2-Draws
   4 = =    2.0:2.0        2.0:2.0       12:41:01 AM   +13.95    62 6.000 :3.805  0-0-4

--------------------------------------------------------------

Engine-Match Thursday, November 13, 2025 12:41:03 AM
 Blitz 90/1 

Pairing 36/136 :    Stockfish 1%  -  VPR_v9.0

PGN-File: C:\Program Files (x86)\Arena\Tournaments\Ultimate Engine Battle 20251108.pgn

No:  B/W 1/2     W:B       1:2           Time        Value Moves Dep 1:2       1-2-Draws
   4 B 1    1.0:0.0        4.0:0.0       12:44:19 AM      -M1    25 36.800 :6.000  4-0-0

--------------------------------------------------------------

Engine-Match Thursday, November 13, 2025 12:44:20 AM
 Blitz 90/1 

Pairing 37/136 :    C0BR4_v2.9  -  SlowMate_v3.1

PGN-File: C:\Program Files (x86)\Arena\Tournaments\Ultimate Engine Battle 20251108.pgn

No:  B/W 1/2     W:B       1:2           Time        Value Moves Dep 1:2       1-2-Draws
   4 B 1    1.0:0.0        3.0:1.0       1:09:32 AM  -299.97    15 4.000 :5.933  3-1-0

--------------------------------------------------------------

Engine-Match Thursday, November 13, 2025 1:09:33 AM
 Blitz 90/1 

Pairing 38/136 :    RandomOpponent  -  C0BR4_v3.1

PGN-File: C:\Program Files (x86)\Arena\Tournaments\Ultimate Engine Battle 20251108.pgn

No:  B/W 1/2     W:B       1:2           Time        Value Moves Dep 1:2       1-2-Draws
   4 W 2    1.0:0.0        0.0:4.0       1:09:43 AM  +299.97     9 0:3.750  0-4-0

--------------------------------------------------------------

Engine-Match Thursday, November 13, 2025 1:09:44 AM
 Blitz 90/1 

Pairing 39/136 :    CaptureOpponent  -  PositionalOpponent

PGN-File: C:\Program Files (x86)\Arena\Tournaments\Ultimate Engine Battle 20251108.pgn

No:  B/W 1/2     W:B       1:2           Time        Value Moves Dep 1:2       1-2-Draws
   4 W 2    1.0:0.0        0.0:4.0       1:19:58 AM  +299.99    19 7.111 :6.000  0-4-0

--------------------------------------------------------------

Engine-Match Thursday, November 13, 2025 1:19:59 AM
 Blitz 90/1 

Pairing 40/136 :    MaterialOpponent  -  CoverageOpponent

PGN-File: C:\Program Files (x86)\Arena\Tournaments\Ultimate Engine Battle 20251108.pgn

No:  B/W 1/2     W:B       1:2           Time        Value Moves Dep 1:2       1-2-Draws
   4 W 2    2.0:1.0        1.0:3.0       1:29:53 AM  +299.94    40 6.000 :6.000  0-2-2

--------------------------------------------------------------

Engine-Match Thursday, November 13, 2025 1:29:55 AM
 Blitz 90/1 

Pairing 41/136 :    V7P3R_v14.1  -  V7P3R_v12.6

PGN-File: C:\Program Files (x86)\Arena\Tournaments\Ultimate Engine Battle 20251108.pgn

No:  B/W 1/2     W:B       1:2           Time        Value Moves Dep 1:2       1-2-Draws
   4 B 1    1.0:0.0        3.0:1.0       1:48:45 AM     0.00    59 5.316 :5.333  3-1-0

--------------------------------------------------------------

Engine-Match Thursday, November 13, 2025 1:48:47 AM
 Blitz 90/1 

Pairing 42/136 :    V7P3R_v10.8  -  V7P3R_v14.2

PGN-File: C:\Program Files (x86)\Arena\Tournaments\Ultimate Engine Battle 20251108.pgn

No:  B/W 1/2     W:B       1:2           Time        Value Moves Dep 1:2       1-2-Draws
   4 B 1    1.0:0.0        2.0:2.0       1:59:28 AM     0.00    35 3.714 :4.478  2-2-0

--------------------------------------------------------------

Engine-Match Thursday, November 13, 2025 1:59:29 AM
 Blitz 90/1 

Pairing 43/136 :    V7P3R_v14.3  -  Stockfish 1%

PGN-File: C:\Program Files (x86)\Arena\Tournaments\Ultimate Engine Battle 20251108.pgn

No:  B/W 1/2     W:B       1:2           Time        Value Moves Dep 1:2       1-2-Draws
   4 W 2    1.0:0.0        0.0:4.0       2:02:34 AM      +M1    19 5.500 :41.000  0-4-0

--------------------------------------------------------------

Engine-Match Thursday, November 13, 2025 2:02:36 AM
 Blitz 90/1 

Pairing 44/136 :    SlowMate_v3.1  -  VPR_v8.1

PGN-File: C:\Program Files (x86)\Arena\Tournaments\Ultimate Engine Battle 20251108.pgn

No:  B/W 1/2     W:B       1:2           Time        Value Moves Dep 1:2       1-2-Draws
   4 = =    1.5:1.5        1.5:2.5       3:16:40 AM    -1.70    68 4.926 :6.000  0-1-3

--------------------------------------------------------------

Engine-Match Thursday, November 13, 2025 3:16:42 AM
 Blitz 90/1 

Pairing 45/136 :    VPR_v9.0  -  RandomOpponent

PGN-File: C:\Program Files (x86)\Arena\Tournaments\Ultimate Engine Battle 20251108.pgn

No:  B/W 1/2     W:B       1:2           Time        Value Moves Dep 1:2       1-2-Draws
   4 B 1    1.0:0.0        4.0:0.0       3:18:17 AM  -299.99    16 6.000 :0 4-0-0

--------------------------------------------------------------

Engine-Match Thursday, November 13, 2025 3:18:18 AM
 Blitz 90/1 

Pairing 46/136 :    PositionalOpponent  -  C0BR4_v2.9

PGN-File: C:\Program Files (x86)\Arena\Tournaments\Ultimate Engine Battle 20251108.pgn

No:  B/W 1/2     W:B       1:2           Time        Value Moves Dep 1:2       1-2-Draws
   4 B 1    2.0:1.0        3.0:1.0       3:21:40 AM  -299.99    30 6.000 :3.966  2-0-2

--------------------------------------------------------------

Engine-Match Thursday, November 13, 2025 3:21:41 AM
 Blitz 90/1 

Pairing 47/136 :    C0BR4_v3.1  -  MaterialOpponent

PGN-File: C:\Program Files (x86)\Arena\Tournaments\Ultimate Engine Battle 20251108.pgn

No:  B/W 1/2     W:B       1:2           Time        Value Moves Dep 1:2       1-2-Draws
   4 = =    1.0:1.0        1.0:3.0       3:22:31 AM   -10.67    27 4.000 :6.000  0-2-2

--------------------------------------------------------------

Engine-Match Thursday, November 13, 2025 3:22:33 AM
 Blitz 90/1 

Pairing 48/136 :    CoverageOpponent  -  CaptureOpponent

PGN-File: C:\Program Files (x86)\Arena\Tournaments\Ultimate Engine Battle 20251108.pgn

No:  B/W 1/2     W:B       1:2           Time        Value Moves Dep 1:2       1-2-Draws
   4 B 1    1.0:0.0        4.0:0.0       3:29:26 AM  -299.99    11 6.000 :6.727  4-0-0

--------------------------------------------------------------

Engine-Match Thursday, November 13, 2025 3:29:28 AM
 Blitz 90/1 

Pairing 49/136 :    V7P3R_v14.0  -  V7P3R_v10.8

PGN-File: C:\Program Files (x86)\Arena\Tournaments\Ultimate Engine Battle 20251108.pgn

No:  B/W 1/2     W:B       1:2           Time        Value Moves Dep 1:2       1-2-Draws
   4 B 1    1.0:0.0        4.0:0.0       3:54:04 AM     0.00    55 4.789 :3.960  4-0-0

--------------------------------------------------------------

Engine-Match Thursday, November 13, 2025 3:54:05 AM
 Blitz 90/1 

Pairing 50/136 :    Stockfish 1%  -  V7P3R_v14.1

PGN-File: C:\Program Files (x86)\Arena\Tournaments\Ultimate Engine Battle 20251108.pgn

No:  B/W 1/2     W:B       1:2           Time        Value Moves Dep 1:2       1-2-Draws
   4 B 1    1.0:0.0        4.0:0.0       3:58:25 AM      -M1    26 26.714 :4.667  4-0-0

--------------------------------------------------------------

Engine-Match Thursday, November 13, 2025 3:58:26 AM
 Blitz 90/1 

Pairing 51/136 :    V7P3R_v14.2  -  SlowMate_v3.1

PGN-File: C:\Program Files (x86)\Arena\Tournaments\Ultimate Engine Battle 20251108.pgn

No:  B/W 1/2     W:B       1:2           Time        Value Moves Dep 1:2       1-2-Draws
   4 B 1    2.0:1.0        3.0:1.0       5:04:11 AM     0.00    45 4.385 :5.152  2-0-2

--------------------------------------------------------------

Engine-Match Thursday, November 13, 2025 5:04:12 AM
 Blitz 90/1 

Pairing 52/136 :    RandomOpponent  -  V7P3R_v14.3

PGN-File: C:\Program Files (x86)\Arena\Tournaments\Ultimate Engine Battle 20251108.pgn

No:  B/W 1/2     W:B       1:2           Time        Value Moves Dep 1:2       1-2-Draws
   4 W 2    1.0:0.0        0.0:4.0       5:06:39 AM  +289.99    11 0:5.500  0-4-0

--------------------------------------------------------------

Engine-Match Thursday, November 13, 2025 5:06:54 AM
 Blitz 90/1 

Pairing 53/136 :    VPR_v8.1  -  PositionalOpponent

PGN-File: C:\Program Files (x86)\Arena\Tournaments\Ultimate Engine Battle 20251108.pgn

No:  B/W 1/2     W:B       1:2           Time        Value Moves Dep 1:2       1-2-Draws
   4 W 2    1.0:0.0        0.0:4.0       5:14:34 AM  +299.98    37 6.000 :6.000  0-4-0

--------------------------------------------------------------

Engine-Match Thursday, November 13, 2025 5:14:35 AM
 Blitz 90/1 

Pairing 54/136 :    MaterialOpponent  -  VPR_v9.0

PGN-File: C:\Program Files (x86)\Arena\Tournaments\Ultimate Engine Battle 20251108.pgn

No:  B/W 1/2     W:B       1:2           Time        Value Moves Dep 1:2       1-2-Draws
   4 = =    1.0:1.0        1.0:3.0       5:18:50 AM    +0.95    25 6.000 :6.000  0-2-2

--------------------------------------------------------------

Engine-Match Thursday, November 13, 2025 5:18:51 AM
 Blitz 90/1 

Pairing 55/136 :    C0BR4_v2.9  -  CoverageOpponent

PGN-File: C:\Program Files (x86)\Arena\Tournaments\Ultimate Engine Battle 20251108.pgn

No:  B/W 1/2     W:B       1:2           Time        Value Moves Dep 1:2       1-2-Draws
   4 W 2    2.5:1.5        1.5:2.5       5:24:00 AM  +299.99    29 3.963 :6.000  0-1-3

--------------------------------------------------------------

Engine-Match Thursday, November 13, 2025 5:24:01 AM
 Blitz 90/1 

Pairing 56/136 :    CaptureOpponent  -  C0BR4_v3.1

PGN-File: C:\Program Files (x86)\Arena\Tournaments\Ultimate Engine Battle 20251108.pgn

No:  B/W 1/2     W:B       1:2           Time        Value Moves Dep 1:2       1-2-Draws
   4 W 2    1.0:0.0        0.0:4.0       5:31:47 AM   +13.65    15 6.600 :4.000  0-4-0

--------------------------------------------------------------

Engine-Match Thursday, November 13, 2025 5:31:49 AM
 Blitz 90/1 

Pairing 57/136 :    V7P3R_v12.6  -  Stockfish 1%

PGN-File: C:\Program Files (x86)\Arena\Tournaments\Ultimate Engine Battle 20251108.pgn

No:  B/W 1/2     W:B       1:2           Time        Value Moves Dep 1:2       1-2-Draws
   4 W 2    1.0:0.0        0.0:4.0       5:40:48 AM      +M1    25 4.944 :31.760  0-4-0

--------------------------------------------------------------

Engine-Match Thursday, November 13, 2025 5:40:49 AM
 Blitz 90/1 

Pairing 58/136 :    SlowMate_v3.1  -  V7P3R_v14.0

PGN-File: C:\Program Files (x86)\Arena\Tournaments\Ultimate Engine Battle 20251108.pgn

No:  B/W 1/2     W:B       1:2           Time        Value Moves Dep 1:2       1-2-Draws
   4 = =    1.5:1.5        1.5:2.5       6:40:57 AM  -289.96    36 5.343 :5.037  0-1-3

--------------------------------------------------------------

Engine-Match Thursday, November 13, 2025 6:40:58 AM
 Blitz 90/1 

Pairing 59/136 :    V7P3R_v14.1  -  RandomOpponent

PGN-File: C:\Program Files (x86)\Arena\Tournaments\Ultimate Engine Battle 20251108.pgn

No:  B/W 1/2     W:B       1:2           Time        Value Moves Dep 1:2       1-2-Draws
   4 B 1    1.0:0.0        4.0:0.0       6:43:02 AM  -289.99    13 5.100 :0 4-0-0

--------------------------------------------------------------

Engine-Match Thursday, November 13, 2025 6:43:04 AM
 Blitz 90/1 

Pairing 60/136 :    PositionalOpponent  -  V7P3R_v14.2

PGN-File: C:\Program Files (x86)\Arena\Tournaments\Ultimate Engine Battle 20251108.pgn

No:  B/W 1/2     W:B       1:2           Time        Value Moves Dep 1:2       1-2-Draws
   4 B 1    1.5:0.5        2.5:1.5       6:51:20 AM  -299.99    28 6.000 :4.889  2-1-1

--------------------------------------------------------------

Engine-Match Thursday, November 13, 2025 6:51:21 AM
 Blitz 90/1 

Pairing 61/136 :    V7P3R_v14.3  -  MaterialOpponent

PGN-File: C:\Program Files (x86)\Arena\Tournaments\Ultimate Engine Battle 20251108.pgn

No:  B/W 1/2     W:B       1:2           Time        Value Moves Dep 1:2       1-2-Draws
   4 B 1    2.0:1.0        3.0:1.0       7:03:04 AM   -10.20    56 4.829 :6.000  2-0-2

--------------------------------------------------------------

Engine-Match Thursday, November 13, 2025 7:03:06 AM
 Blitz 90/1 

Pairing 62/136 :    CoverageOpponent  -  VPR_v8.1

PGN-File: C:\Program Files (x86)\Arena\Tournaments\Ultimate Engine Battle 20251108.pgn

No:  B/W 1/2     W:B       1:2           Time        Value Moves Dep 1:2       1-2-Draws
   4 = =    1.0:1.0        3.0:1.0       7:14:46 AM   +13.15    43 6.000 :6.000  2-0-2

--------------------------------------------------------------

Engine-Match Thursday, November 13, 2025 7:14:47 AM
 Blitz 90/1 

Pairing 63/136 :    VPR_v9.0  -  CaptureOpponent

PGN-File: C:\Program Files (x86)\Arena\Tournaments\Ultimate Engine Battle 20251108.pgn

No:  B/W 1/2     W:B       1:2           Time        Value Moves Dep 1:2       1-2-Draws
   4 = =    0.5:0.5        3.5:0.5       7:23:42 AM   -37.14    20 6.000 :7.500  3-0-1

--------------------------------------------------------------

Engine-Match Thursday, November 13, 2025 7:23:44 AM
 Blitz 90/1 

Pairing 64/136 :    C0BR4_v3.1  -  C0BR4_v2.9

PGN-File: C:\Program Files (x86)\Arena\Tournaments\Ultimate Engine Battle 20251108.pgn

No:  B/W 1/2     W:B       1:2           Time        Value Moves Dep 1:2       1-2-Draws
   4 = =    1.0:1.0        1.0:3.0       7:24:18 AM    -4.45    33 4.000 :4.000  0-2-2

--------------------------------------------------------------

Engine-Match Thursday, November 13, 2025 7:24:19 AM
 Blitz 90/1 

Pairing 65/136 :    V7P3R_v10.8  -  SlowMate_v3.1

PGN-File: C:\Program Files (x86)\Arena\Tournaments\Ultimate Engine Battle 20251108.pgn

No:  B/W 1/2     W:B       1:2           Time        Value Moves Dep 1:2       1-2-Draws
   4 W 2    1.5:0.5        0.5:3.5       7:58:59 AM   +25.75    19 4.000 :5.105  0-3-1

--------------------------------------------------------------

Engine-Match Thursday, November 13, 2025 7:59:01 AM
 Blitz 90/1 

Pairing 66/136 :    RandomOpponent  -  V7P3R_v12.6

PGN-File: C:\Program Files (x86)\Arena\Tournaments\Ultimate Engine Battle 20251108.pgn

No:  B/W 1/2     W:B       1:2           Time        Value Moves Dep 1:2       1-2-Draws
   4 W 2    1.0:0.0        0.0:4.0       8:04:09 AM     0.00    16 0:5.231  0-4-0

--------------------------------------------------------------

Engine-Match Thursday, November 13, 2025 8:04:11 AM
 Blitz 90/1 

Pairing 67/136 :    V7P3R_v14.0  -  PositionalOpponent

PGN-File: C:\Program Files (x86)\Arena\Tournaments\Ultimate Engine Battle 20251108.pgn

No:  B/W 1/2     W:B       1:2           Time        Value Moves Dep 1:2       1-2-Draws
   4 B 1    1.0:0.0        1.0:3.0       8:27:17 AM   -11.80    78 5.219 :6.000  1-3-0

--------------------------------------------------------------

Engine-Match Thursday, November 13, 2025 8:27:19 AM
 Blitz 90/1 

Pairing 68/136 :    MaterialOpponent  -  V7P3R_v14.1

PGN-File: C:\Program Files (x86)\Arena\Tournaments\Ultimate Engine Battle 20251108.pgn

No:  B/W 1/2     W:B       1:2           Time        Value Moves Dep 1:2       1-2-Draws
   4 W 2    2.0:1.0        1.0:3.0       8:34:03 AM    +9.10    34 6.000 :4.875  0-2-2

--------------------------------------------------------------

Engine-Match Thursday, November 13, 2025 8:34:05 AM
 Blitz 90/1 

Pairing 69/136 :    V7P3R_v14.2  -  CoverageOpponent

PGN-File: C:\Program Files (x86)\Arena\Tournaments\Ultimate Engine Battle 20251108.pgn

No:  B/W 1/2     W:B       1:2           Time        Value Moves Dep 1:2       1-2-Draws
   4 B 1    1.0:0.0        3.0:1.0       8:44:29 AM  -289.99    49 4.654 :6.000  3-1-0

--------------------------------------------------------------

Engine-Match Thursday, November 13, 2025 8:44:31 AM
 Blitz 90/1 

Pairing 70/136 :    CaptureOpponent  -  V7P3R_v14.3

PGN-File: C:\Program Files (x86)\Arena\Tournaments\Ultimate Engine Battle 20251108.pgn

No:  B/W 1/2     W:B       1:2           Time        Value Moves Dep 1:2       1-2-Draws
   4 = =    0.5:0.5        0.5:3.5       8:52:53 AM   +43.02    15 7.571 :5.455  0-3-1

--------------------------------------------------------------

Engine-Match Thursday, November 13, 2025 8:52:54 AM
 Blitz 90/1 

Pairing 71/136 :    VPR_v8.1  -  C0BR4_v3.1

PGN-File: C:\Program Files (x86)\Arena\Tournaments\Ultimate Engine Battle 20251108.pgn

No:  B/W 1/2     W:B       1:2           Time        Value Moves Dep 1:2       1-2-Draws
   4 B 1    2.0:1.0        2.0:2.0       8:54:59 AM   -11.61    43 6.000 :4.000  1-1-2

--------------------------------------------------------------

Engine-Match Thursday, November 13, 2025 8:55:01 AM
 Blitz 90/1 

Pairing 72/136 :    C0BR4_v2.9  -  VPR_v9.0

PGN-File: C:\Program Files (x86)\Arena\Tournaments\Ultimate Engine Battle 20251108.pgn

No:  B/W 1/2     W:B       1:2           Time        Value Moves Dep 1:2       1-2-Draws
   4 = =    1.0:1.0        1.0:3.0       8:59:11 AM    +1.33    38 4.000 :6.000  0-2-2

--------------------------------------------------------------

Engine-Match Thursday, November 13, 2025 8:59:19 AM
 Blitz 90/1 

Pairing 73/136 :    Stockfish 1%  -  RandomOpponent

PGN-File: C:\Program Files (x86)\Arena\Tournaments\Ultimate Engine Battle 20251108.pgn

No:  B/W 1/2     W:B       1:2           Time        Value Moves Dep 1:2       1-2-Draws
   4 B 1    1.0:0.0        4.0:0.0       8:59:34 AM      -M1    10 45.500 :0 4-0-0

--------------------------------------------------------------

Engine-Match Thursday, November 13, 2025 8:59:36 AM
 Blitz 90/1 

Pairing 74/136 :    PositionalOpponent  -  V7P3R_v10.8

PGN-File: C:\Program Files (x86)\Arena\Tournaments\Ultimate Engine Battle 20251108.pgn

No:  B/W 1/2     W:B       1:2           Time        Value Moves Dep 1:2       1-2-Draws
   4 B 1    1.0:0.0        4.0:0.0       9:04:55 AM  -299.99    23 6.000 :4.214  4-0-0

--------------------------------------------------------------

Engine-Match Thursday, November 13, 2025 9:04:57 AM
 Blitz 90/1 

Pairing 75/136 :    V7P3R_v12.6  -  MaterialOpponent

PGN-File: C:\Program Files (x86)\Arena\Tournaments\Ultimate Engine Battle 20251108.pgn

No:  B/W 1/2     W:B       1:2           Time        Value Moves Dep 1:2       1-2-Draws
   4 B 1    2.0:1.0        3.0:1.0       9:34:40 AM   -23.15    87 5.111 :6.000  2-0-2

--------------------------------------------------------------

Engine-Match Thursday, November 13, 2025 9:34:42 AM
 Blitz 90/1 

Pairing 76/136 :    CoverageOpponent  -  V7P3R_v14.0

PGN-File: C:\Program Files (x86)\Arena\Tournaments\Ultimate Engine Battle 20251108.pgn

No:  B/W 1/2     W:B       1:2           Time        Value Moves Dep 1:2       1-2-Draws
   4 W 2    1.0:0.0        0.0:4.0       9:52:13 AM  +289.99    39 6.000 :5.190  0-4-0

--------------------------------------------------------------

Engine-Match Thursday, November 13, 2025 9:52:15 AM
 Blitz 90/1 

Pairing 77/136 :    V7P3R_v14.1  -  CaptureOpponent

PGN-File: C:\Program Files (x86)\Arena\Tournaments\Ultimate Engine Battle 20251108.pgn

No:  B/W 1/2     W:B       1:2           Time        Value Moves Dep 1:2       1-2-Draws
   4 B 1    1.0:0.0        4.0:0.0       10:03:50 AM     0.00    17 5.385 :6.882  4-0-0

--------------------------------------------------------------

Engine-Match Thursday, November 13, 2025 10:03:52 AM
 Blitz 90/1 

Pairing 78/136 :    C0BR4_v3.1  -  V7P3R_v14.2

PGN-File: C:\Program Files (x86)\Arena\Tournaments\Ultimate Engine Battle 20251108.pgn

No:  B/W 1/2     W:B       1:2           Time        Value Moves Dep 1:2       1-2-Draws
   4 W 2    1.5:0.5        1.5:2.5       10:13:22 AM   +23.43    65 4.000 :4.611  1-2-1

--------------------------------------------------------------

Engine-Match Thursday, November 13, 2025 10:13:24 AM
 Blitz 90/1 

Pairing 79/136 :    V7P3R_v14.3  -  C0BR4_v2.9

PGN-File: C:\Program Files (x86)\Arena\Tournaments\Ultimate Engine Battle 20251108.pgn

No:  B/W 1/2     W:B       1:2           Time        Value Moves Dep 1:2       1-2-Draws
   4 W 2    1.5:0.5        1.5:2.5       10:18:48 AM   +21.22    34 5.609 :4.000  1-2-1

--------------------------------------------------------------

Engine-Match Thursday, November 13, 2025 10:18:50 AM
 Blitz 90/1 

Pairing 80/136 :    VPR_v9.0  -  VPR_v8.1

PGN-File: C:\Program Files (x86)\Arena\Tournaments\Ultimate Engine Battle 20251108.pgn

No:  B/W 1/2     W:B       1:2           Time        Value Moves Dep 1:2       1-2-Draws
   4 = =    1.0:1.0        3.0:1.0       10:21:49 AM    -4.38    29 6.000 :6.000  2-0-2

--------------------------------------------------------------

Engine-Match Thursday, November 13, 2025 10:21:50 AM
 Blitz 90/1 

Pairing 81/136 :    SlowMate_v3.1  -  PositionalOpponent

PGN-File: C:\Program Files (x86)\Arena\Tournaments\Ultimate Engine Battle 20251108.pgn

No:  B/W 1/2     W:B       1:2           Time        Value Moves Dep 1:2       1-2-Draws
   4 W 2    2.0:1.0        1.0:3.0       10:55:01 AM  +299.99    20 5.421 :6.000  0-2-2

--------------------------------------------------------------

Engine-Match Thursday, November 13, 2025 10:55:02 AM
 Blitz 90/1 

Pairing 82/136 :    MaterialOpponent  -  Stockfish 1%

PGN-File: C:\Program Files (x86)\Arena\Tournaments\Ultimate Engine Battle 20251108.pgn

No:  B/W 1/2     W:B       1:2           Time        Value Moves Dep 1:2       1-2-Draws
   4 W 2    1.0:0.0        0.0:4.0       10:56:07 AM      +M1    23 6.000 :36.130  0-4-0

--------------------------------------------------------------

Engine-Match Thursday, November 13, 2025 10:56:09 AM
 Blitz 90/1 

Pairing 83/136 :    V7P3R_v10.8  -  CoverageOpponent

PGN-File: C:\Program Files (x86)\Arena\Tournaments\Ultimate Engine Battle 20251108.pgn

No:  B/W 1/2     W:B       1:2           Time        Value Moves Dep 1:2       1-2-Draws
   4 = =    1.0:1.0        1.0:3.0       11:03:17 AM    +0.06    29 4.300 :6.000  0-2-2

--------------------------------------------------------------

Engine-Match Thursday, November 13, 2025 11:03:19 AM
 Blitz 90/1 

Pairing 84/136 :    CaptureOpponent  -  V7P3R_v12.6

PGN-File: C:\Program Files (x86)\Arena\Tournaments\Ultimate Engine Battle 20251108.pgn

No:  B/W 1/2     W:B       1:2           Time        Value Moves Dep 1:2       1-2-Draws
   4 W 2    1.0:0.0        0.0:4.0       11:25:54 AM   +15.85    24 6.042 :5.136  0-4-0

--------------------------------------------------------------

Engine-Match Thursday, November 13, 2025 11:25:56 AM
 Blitz 90/1 

Pairing 85/136 :    V7P3R_v14.0  -  C0BR4_v3.1

PGN-File: C:\Program Files (x86)\Arena\Tournaments\Ultimate Engine Battle 20251108.pgn

No:  B/W 1/2     W:B       1:2           Time        Value Moves Dep 1:2       1-2-Draws
   4 B 1    1.0:0.0        4.0:0.0       11:32:47 AM    -9.85    27 5.056 :4.000  4-0-0

--------------------------------------------------------------

Engine-Match Thursday, November 13, 2025 11:32:49 AM
 Blitz 90/1 

Pairing 86/136 :    C0BR4_v2.9  -  V7P3R_v14.1

PGN-File: C:\Program Files (x86)\Arena\Tournaments\Ultimate Engine Battle 20251108.pgn

No:  B/W 1/2     W:B       1:2           Time        Value Moves Dep 1:2       1-2-Draws
   4 = =    1.0:1.0        1.0:3.0       11:40:24 AM    -1.97    50 4.000 :4.955  0-2-2

--------------------------------------------------------------

Engine-Match Thursday, November 13, 2025 11:40:25 AM
 Blitz 90/1 

Pairing 87/136 :    V7P3R_v14.2  -  VPR_v9.0

PGN-File: C:\Program Files (x86)\Arena\Tournaments\Ultimate Engine Battle 20251108.pgn

No:  B/W 1/2     W:B       1:2           Time        Value Moves Dep 1:2       1-2-Draws
   4 W 2    1.5:0.5        1.5:2.5       11:51:42 AM  +299.99    35 5.000 :6.000  1-2-1

--------------------------------------------------------------

Engine-Match Thursday, November 13, 2025 11:51:44 AM
 Blitz 90/1 

Pairing 88/136 :    VPR_v8.1  -  V7P3R_v14.3

PGN-File: C:\Program Files (x86)\Arena\Tournaments\Ultimate Engine Battle 20251108.pgn

No:  B/W 1/2     W:B       1:2           Time        Value Moves Dep 1:2       1-2-Draws
   4 W 2    1.0:0.0        0.0:4.0       12:05:40 PM  +299.94    66 6.000 :5.436  0-4-0

--------------------------------------------------------------

Engine-Match Thursday, November 13, 2025 12:05:41 PM
 Blitz 90/1 

Pairing 89/136 :    RandomOpponent  -  MaterialOpponent

PGN-File: C:\Program Files (x86)\Arena\Tournaments\Ultimate Engine Battle 20251108.pgn

No:  B/W 1/2     W:B       1:2           Time        Value Moves Dep 1:2       1-2-Draws
   4 W 2    1.0:0.0        0.0:4.0       12:06:37 PM  +299.99    26 0:6.000  0-4-0

--------------------------------------------------------------

Engine-Match Thursday, November 13, 2025 12:06:38 PM
 Blitz 90/1 

Pairing 90/136 :    CoverageOpponent  -  SlowMate_v3.1

PGN-File: C:\Program Files (x86)\Arena\Tournaments\Ultimate Engine Battle 20251108.pgn

No:  B/W 1/2     W:B       1:2           Time        Value Moves Dep 1:2       1-2-Draws
   4 = =    2.0:2.0        2.0:2.0       1:07:18 PM    +5.97    45 6.000 :5.429  0-0-4

--------------------------------------------------------------

Engine-Match Thursday, November 13, 2025 1:07:20 PM
 Blitz 90/1 

Pairing 91/136 :    Stockfish 1%  -  CaptureOpponent

PGN-File: C:\Program Files (x86)\Arena\Tournaments\Ultimate Engine Battle 20251108.pgn

No:  B/W 1/2     W:B       1:2           Time        Value Moves Dep 1:2       1-2-Draws
   4 B 1    1.0:0.0        4.0:0.0       1:13:35 PM      -M1    12 31.750 :7.333  4-0-0

--------------------------------------------------------------

Engine-Match Thursday, November 13, 2025 1:13:37 PM
 Blitz 90/1 

Pairing 92/136 :    C0BR4_v3.1  -  V7P3R_v10.8

PGN-File: C:\Program Files (x86)\Arena\Tournaments\Ultimate Engine Battle 20251108.pgn

No:  B/W 1/2     W:B       1:2           Time        Value Moves Dep 1:2       1-2-Draws
   4 B 1    2.0:1.0        2.0:2.0       1:24:44 PM  -299.97    65 4.000 :3.969  1-1-2

--------------------------------------------------------------

Engine-Match Thursday, November 13, 2025 1:24:52 PM
 Blitz 90/1 

Pairing 93/136 :    V7P3R_v12.6  -  C0BR4_v2.9

PGN-File: C:\Program Files (x86)\Arena\Tournaments\Ultimate Engine Battle 20251108.pgn

No:  B/W 1/2     W:B       1:2           Time        Value Moves Dep 1:2       1-2-Draws
   4 B 1    1.0:0.0        3.0:1.0       1:35:01 PM  -289.99    45 5.000 :4.000  3-1-0

--------------------------------------------------------------

Engine-Match Thursday, November 13, 2025 1:35:03 PM
 Blitz 90/1 

Pairing 94/136 :    VPR_v9.0  -  V7P3R_v14.0

PGN-File: C:\Program Files (x86)\Arena\Tournaments\Ultimate Engine Battle 20251108.pgn

No:  B/W 1/2     W:B       1:2           Time        Value Moves Dep 1:2       1-2-Draws
   4 = =    1.0:1.0        1.0:3.0       1:53:51 PM    -4.73    36 6.000 :5.200  0-2-2

--------------------------------------------------------------

Engine-Match Thursday, November 13, 2025 1:53:52 PM
 Blitz 90/1 

Pairing 95/136 :    V7P3R_v14.1  -  VPR_v8.1

PGN-File: C:\Program Files (x86)\Arena\Tournaments\Ultimate Engine Battle 20251108.pgn

No:  B/W 1/2     W:B       1:2           Time        Value Moves Dep 1:2       1-2-Draws
   4 = =    2.0:2.0        2.0:2.0       2:01:43 PM     0.00    37 5.000 :6.000  0-0-4

--------------------------------------------------------------

Engine-Match Thursday, November 13, 2025 2:01:45 PM
 Blitz 90/1 

Pairing 96/136 :    V7P3R_v14.3  -  V7P3R_v14.2

PGN-File: C:\Program Files (x86)\Arena\Tournaments\Ultimate Engine Battle 20251108.pgn

No:  B/W 1/2     W:B       1:2           Time        Value Moves Dep 1:2       1-2-Draws
   4 W 2    1.0:0.0        1.0:3.0       2:13:48 PM   +48.63    70 5.136 :4.909  1-3-0

--------------------------------------------------------------

Engine-Match Thursday, November 13, 2025 2:13:50 PM
 Blitz 90/1 

Pairing 97/136 :    PositionalOpponent  -  CoverageOpponent

PGN-File: C:\Program Files (x86)\Arena\Tournaments\Ultimate Engine Battle 20251108.pgn

No:  B/W 1/2     W:B       1:2           Time        Value Moves Dep 1:2       1-2-Draws
   4 B 1    1.0:0.0        4.0:0.0       2:20:45 PM  -299.99    35 6.000 :6.000  4-0-0

--------------------------------------------------------------

Engine-Match Thursday, November 13, 2025 2:20:46 PM
 Blitz 90/1 

Pairing 98/136 :    CaptureOpponent  -  RandomOpponent

PGN-File: C:\Program Files (x86)\Arena\Tournaments\Ultimate Engine Battle 20251108.pgn

No:  B/W 1/2     W:B       1:2           Time        Value Moves Dep 1:2       1-2-Draws
   4 W 2    1.5:0.5        2.5:1.5       2:40:44 PM   +13.00    39 5.513 :0 2-1-1

--------------------------------------------------------------

Engine-Match Thursday, November 13, 2025 2:40:46 PM
 Blitz 90/1 

Pairing 99/136 :    SlowMate_v3.1  -  C0BR4_v3.1

PGN-File: C:\Program Files (x86)\Arena\Tournaments\Ultimate Engine Battle 20251108.pgn

No:  B/W 1/2     W:B       1:2           Time        Value Moves Dep 1:2       1-2-Draws
   4 W 2    1.0:0.0        2.0:2.0       2:59:22 PM  +299.97    11 5.600 :3.800  2-2-0

--------------------------------------------------------------

Engine-Match Thursday, November 13, 2025 2:59:23 PM
 Blitz 90/1 

Pairing 100/136 :    C0BR4_v2.9  -  Stockfish 1%

PGN-File: C:\Program Files (x86)\Arena\Tournaments\Ultimate Engine Battle 20251108.pgn

No:  B/W 1/2     W:B       1:2           Time        Value Moves Dep 1:2       1-2-Draws
   4 W 2    1.0:0.0        0.0:4.0       3:00:12 PM      +M1    24 3.955 :31.833  0-4-0

--------------------------------------------------------------

Engine-Match Thursday, November 13, 2025 3:00:14 PM
 Blitz 90/1 

Pairing 101/136 :    V7P3R_v10.8  -  VPR_v9.0

PGN-File: C:\Program Files (x86)\Arena\Tournaments\Ultimate Engine Battle 20251108.pgn

No:  B/W 1/2     W:B       1:2           Time        Value Moves Dep 1:2       1-2-Draws
   4 = =    0.5:0.5        0.5:3.5       3:10:03 PM     0.00    54 4.200 :6.000  0-3-1

--------------------------------------------------------------

Engine-Match Thursday, November 13, 2025 3:10:05 PM
 Blitz 90/1 

Pairing 102/136 :    VPR_v8.1  -  V7P3R_v12.6

PGN-File: C:\Program Files (x86)\Arena\Tournaments\Ultimate Engine Battle 20251108.pgn

No:  B/W 1/2     W:B       1:2           Time        Value Moves Dep 1:2       1-2-Draws
   4 = =    1.0:1.0        3.0:1.0       3:29:26 PM     0.00    54 6.000 :4.926  2-0-2

--------------------------------------------------------------

Engine-Match Thursday, November 13, 2025 3:29:27 PM
 Blitz 90/1 

Pairing 103/136 :    V7P3R_v14.0  -  V7P3R_v14.3

PGN-File: C:\Program Files (x86)\Arena\Tournaments\Ultimate Engine Battle 20251108.pgn

No:  B/W 1/2     W:B       1:2           Time        Value Moves Dep 1:2       1-2-Draws
   4 W 2    1.0:0.0        3.0:1.0       3:42:21 PM     0.00    37 5.357 :5.353  3-1-0

--------------------------------------------------------------

Engine-Match Thursday, November 13, 2025 3:42:23 PM
 Blitz 90/1 

Pairing 104/136 :    V7P3R_v14.2  -  V7P3R_v14.1

PGN-File: C:\Program Files (x86)\Arena\Tournaments\Ultimate Engine Battle 20251108.pgn

No:  B/W 1/2     W:B       1:2           Time        Value Moves Dep 1:2       1-2-Draws
   4 W 2    2.0:1.0        1.0:3.0       3:53:57 PM  +289.98    37 4.840 :5.045  0-2-2

--------------------------------------------------------------

Engine-Match Thursday, November 13, 2025 3:53:58 PM
 Blitz 90/1 

Pairing 105/136 :    MaterialOpponent  -  CaptureOpponent

PGN-File: C:\Program Files (x86)\Arena\Tournaments\Ultimate Engine Battle 20251108.pgn

No:  B/W 1/2     W:B       1:2           Time        Value Moves Dep 1:2       1-2-Draws
   4 B 1    1.0:0.0        4.0:0.0       4:00:22 PM  -299.99    14 6.000 :7.214  4-0-0

--------------------------------------------------------------

Engine-Match Thursday, November 13, 2025 4:00:24 PM
 Blitz 90/1 

Pairing 106/136 :    C0BR4_v3.1  -  PositionalOpponent

PGN-File: C:\Program Files (x86)\Arena\Tournaments\Ultimate Engine Battle 20251108.pgn

No:  B/W 1/2     W:B       1:2           Time        Value Moves Dep 1:2       1-2-Draws
   4 W 2    1.0:0.0        0.0:4.0       4:06:22 PM  +299.99    26 3.958 :6.000  0-4-0

--------------------------------------------------------------

Engine-Match Thursday, November 13, 2025 4:06:24 PM
 Blitz 90/1 

Pairing 107/136 :    RandomOpponent  -  C0BR4_v2.9

PGN-File: C:\Program Files (x86)\Arena\Tournaments\Ultimate Engine Battle 20251108.pgn

No:  B/W 1/2     W:B       1:2           Time        Value Moves Dep 1:2       1-2-Draws
   4 W 2    1.0:0.0        0.0:4.0       4:06:35 PM  +299.97     8 0:4.000  0-4-0

--------------------------------------------------------------

Engine-Match Thursday, November 13, 2025 4:06:36 PM
 Blitz 90/1 

Pairing 108/136 :    VPR_v9.0  -  SlowMate_v3.1

PGN-File: C:\Program Files (x86)\Arena\Tournaments\Ultimate Engine Battle 20251108.pgn

No:  B/W 1/2     W:B       1:2           Time        Value Moves Dep 1:2       1-2-Draws
   4 B 1    2.0:1.0        3.0:1.0       5:06:29 PM   -11.40    41 6.000 :5.258  2-0-2

--------------------------------------------------------------

Engine-Match Thursday, November 13, 2025 5:06:30 PM
 Blitz 90/1 

Pairing 109/136 :    Stockfish 1%  -  VPR_v8.1

PGN-File: C:\Program Files (x86)\Arena\Tournaments\Ultimate Engine Battle 20251108.pgn

No:  B/W 1/2     W:B       1:2           Time        Value Moves Dep 1:2       1-2-Draws
   4 B 1    1.0:0.0        4.0:0.0       5:07:31 PM      -M1    21 36.333 :6.000  4-0-0

--------------------------------------------------------------

Engine-Match Thursday, November 13, 2025 5:07:32 PM
 Blitz 90/1 

Pairing 110/136 :    V7P3R_v14.3  -  V7P3R_v10.8

PGN-File: C:\Program Files (x86)\Arena\Tournaments\Ultimate Engine Battle 20251108.pgn

No:  B/W 1/2     W:B       1:2           Time        Value Moves Dep 1:2       1-2-Draws
   4 B 1    1.0:0.0        2.0:2.0       5:21:37 PM     0.00    58 5.143 :4.158  2-2-0

--------------------------------------------------------------

Engine-Match Thursday, November 13, 2025 5:21:39 PM
 Blitz 90/1 

Pairing 111/136 :    V7P3R_v12.6  -  V7P3R_v14.2

PGN-File: C:\Program Files (x86)\Arena\Tournaments\Ultimate Engine Battle 20251108.pgn

No:  B/W 1/2     W:B       1:2           Time        Value Moves Dep 1:2       1-2-Draws
   4 W 2    1.5:0.5        1.5:2.5       5:32:26 PM  +289.99    28 5.125 :5.000  1-2-1

--------------------------------------------------------------

Engine-Match Thursday, November 13, 2025 5:32:28 PM
 Blitz 90/1 

Pairing 112/136 :    V7P3R_v14.1  -  V7P3R_v14.0

PGN-File: C:\Program Files (x86)\Arena\Tournaments\Ultimate Engine Battle 20251108.pgn

No:  B/W 1/2     W:B       1:2           Time        Value Moves Dep 1:2       1-2-Draws
   4 W 2    1.0:0.0        1.0:3.0       5:44:07 PM     0.00    32 5.000 :5.563  1-3-0

--------------------------------------------------------------

Engine-Match Thursday, November 13, 2025 5:44:22 PM
 Blitz 90/1 

Pairing 113/136 :    CoverageOpponent  -  C0BR4_v3.1

PGN-File: C:\Program Files (x86)\Arena\Tournaments\Ultimate Engine Battle 20251108.pgn

No:  B/W 1/2     W:B       1:2           Time        Value Moves Dep 1:2       1-2-Draws
   4 = =    1.0:1.0        2.0:2.0       5:48:29 PM    +0.22    30 6.000 :4.000  1-1-2

--------------------------------------------------------------

Engine-Match Thursday, November 13, 2025 5:48:30 PM
 Blitz 90/1 

Pairing 114/136 :    C0BR4_v2.9  -  MaterialOpponent

PGN-File: C:\Program Files (x86)\Arena\Tournaments\Ultimate Engine Battle 20251108.pgn

No:  B/W 1/2     W:B       1:2           Time        Value Moves Dep 1:2       1-2-Draws
   4 = =    1.5:1.5        1.5:2.5       5:49:03 PM    -2.10    15 4.000 :6.000  0-1-3

--------------------------------------------------------------

Engine-Match Thursday, November 13, 2025 5:49:04 PM
 Blitz 90/1 

Pairing 115/136 :    PositionalOpponent  -  VPR_v9.0

PGN-File: C:\Program Files (x86)\Arena\Tournaments\Ultimate Engine Battle 20251108.pgn

No:  B/W 1/2     W:B       1:2           Time        Value Moves Dep 1:2       1-2-Draws
   4 B 1    1.0:0.0        4.0:0.0       5:58:42 PM  -299.99    42 6.000 :6.000  4-0-0

--------------------------------------------------------------

Engine-Match Thursday, November 13, 2025 5:58:43 PM
 Blitz 90/1 

Pairing 116/136 :    VPR_v8.1  -  RandomOpponent

PGN-File: C:\Program Files (x86)\Arena\Tournaments\Ultimate Engine Battle 20251108.pgn

No:  B/W 1/2     W:B       1:2           Time        Value Moves Dep 1:2       1-2-Draws
   4 B 1    1.0:0.0        4.0:0.0       5:59:21 PM  -299.99    19 6.000 :0 4-0-0

--------------------------------------------------------------

Engine-Match Thursday, November 13, 2025 5:59:23 PM
 Blitz 90/1 

Pairing 117/136 :    SlowMate_v3.1  -  V7P3R_v14.3

PGN-File: C:\Program Files (x86)\Arena\Tournaments\Ultimate Engine Battle 20251108.pgn

No:  B/W 1/2     W:B       1:2           Time        Value Moves Dep 1:2       1-2-Draws
   4 W 2    1.0:0.0        0.0:4.0       6:35:28 PM  +289.99    21 4.950 :4.867  0-4-0

--------------------------------------------------------------

Engine-Match Thursday, November 13, 2025 6:35:29 PM
 Blitz 90/1 

Pairing 118/136 :    V7P3R_v14.2  -  Stockfish 1%

PGN-File: C:\Program Files (x86)\Arena\Tournaments\Ultimate Engine Battle 20251108.pgn

No:  B/W 1/2     W:B       1:2           Time        Value Moves Dep 1:2       1-2-Draws
   4 W 2    1.0:0.0        0.0:4.0       6:37:54 PM      +M1    16 5.000 :37.500  0-4-0

--------------------------------------------------------------

Engine-Match Thursday, November 13, 2025 6:37:56 PM
 Blitz 90/1 

Pairing 119/136 :    V7P3R_v10.8  -  V7P3R_v14.1

PGN-File: C:\Program Files (x86)\Arena\Tournaments\Ultimate Engine Battle 20251108.pgn

No:  B/W 1/2     W:B       1:2           Time        Value Moves Dep 1:2       1-2-Draws
   4 = =    1.5:1.5        2.5:1.5       6:55:02 PM    +8.43    71 4.040 :4.875  1-0-3

--------------------------------------------------------------

Engine-Match Thursday, November 13, 2025 6:55:03 PM
 Blitz 90/1 

Pairing 120/136 :    V7P3R_v14.0  -  V7P3R_v12.6

PGN-File: C:\Program Files (x86)\Arena\Tournaments\Ultimate Engine Battle 20251108.pgn

No:  B/W 1/2     W:B       1:2           Time        Value Moves Dep 1:2       1-2-Draws
   4 W 2    1.0:0.0        2.0:2.0       7:24:46 PM     0.00    81 4.750 :4.731  2-2-0

--------------------------------------------------------------

Engine-Match Thursday, November 13, 2025 7:24:48 PM
 Blitz 90/1 

Pairing 121/136 :    CaptureOpponent  -  C0BR4_v2.9

PGN-File: C:\Program Files (x86)\Arena\Tournaments\Ultimate Engine Battle 20251108.pgn

No:  B/W 1/2     W:B       1:2           Time        Value Moves Dep 1:2       1-2-Draws
   4 W 2    1.0:0.0        0.0:4.0       7:33:37 PM  +299.97    18 7.000 :3.875  0-4-0

--------------------------------------------------------------

Engine-Match Thursday, November 13, 2025 7:33:38 PM
 Blitz 90/1 

Pairing 122/136 :    VPR_v9.0  -  CoverageOpponent

PGN-File: C:\Program Files (x86)\Arena\Tournaments\Ultimate Engine Battle 20251108.pgn

No:  B/W 1/2     W:B       1:2           Time        Value Moves Dep 1:2       1-2-Draws
   4 W 2    2.0:1.0        1.0:3.0       7:41:46 PM  +299.99    37 6.000 :6.000  0-2-2

--------------------------------------------------------------

Engine-Match Thursday, November 13, 2025 7:41:47 PM
 Blitz 90/1 

Pairing 123/136 :    MaterialOpponent  -  VPR_v8.1

PGN-File: C:\Program Files (x86)\Arena\Tournaments\Ultimate Engine Battle 20251108.pgn

No:  B/W 1/2     W:B       1:2           Time        Value Moves Dep 1:2       1-2-Draws
   4 = =    2.0:2.0        2.0:2.0       7:42:01 PM     0.00     7 6.000 :6.000  0-0-4

--------------------------------------------------------------

Engine-Match Thursday, November 13, 2025 7:42:03 PM
 Blitz 90/1 

Pairing 124/136 :    V7P3R_v14.3  -  PositionalOpponent

PGN-File: C:\Program Files (x86)\Arena\Tournaments\Ultimate Engine Battle 20251108.pgn

No:  B/W 1/2     W:B       1:2           Time        Value Moves Dep 1:2       1-2-Draws
   4 W 2    1.0:0.0        0.0:4.0       7:46:49 PM  +299.99    16 5.300 :6.000  0-4-0

--------------------------------------------------------------

Engine-Match Thursday, November 13, 2025 7:46:50 PM
 Blitz 90/1 

Pairing 125/136 :    RandomOpponent  -  V7P3R_v14.2

PGN-File: C:\Program Files (x86)\Arena\Tournaments\Ultimate Engine Battle 20251108.pgn

No:  B/W 1/2     W:B       1:2           Time        Value Moves Dep 1:2       1-2-Draws
   4 W 2    1.0:0.0        0.0:4.0       7:49:39 PM  +289.98    16 0:4.929  0-4-0

--------------------------------------------------------------

Engine-Match Thursday, November 13, 2025 7:49:41 PM
 Blitz 90/1 

Pairing 126/136 :    V7P3R_v14.1  -  SlowMate_v3.1

PGN-File: C:\Program Files (x86)\Arena\Tournaments\Ultimate Engine Battle 20251108.pgn

No:  B/W 1/2     W:B       1:2           Time        Value Moves Dep 1:2       1-2-Draws
   4 B 1    2.0:1.0        3.0:1.0       9:11:26 PM  -289.99    76 5.176 :5.833  2-0-2

--------------------------------------------------------------

Engine-Match Thursday, November 13, 2025 9:11:27 PM
 Blitz 90/1 

Pairing 127/136 :    Stockfish 1%  -  V7P3R_v14.0

PGN-File: C:\Program Files (x86)\Arena\Tournaments\Ultimate Engine Battle 20251108.pgn

No:  B/W 1/2     W:B       1:2           Time        Value Moves Dep 1:2       1-2-Draws
   4 B 1    1.0:0.0        4.0:0.0       9:19:28 PM      -M1    34 23.056 :5.417  4-0-0

--------------------------------------------------------------

Engine-Match Thursday, November 13, 2025 9:19:29 PM
 Blitz 90/1 

Pairing 128/136 :    V7P3R_v12.6  -  V7P3R_v10.8

PGN-File: C:\Program Files (x86)\Arena\Tournaments\Ultimate Engine Battle 20251108.pgn

No:  B/W 1/2     W:B       1:2           Time        Value Moves Dep 1:2       1-2-Draws
   4 B 1    2.0:1.0        3.0:1.0       9:34:12 PM     0.00    40 4.682 :4.042  2-0-2

--------------------------------------------------------------

Engine-Match Thursday, November 13, 2025 9:34:14 PM
 Blitz 90/1 

Pairing 129/136 :    C0BR4_v3.1  -  VPR_v9.0

PGN-File: C:\Program Files (x86)\Arena\Tournaments\Ultimate Engine Battle 20251108.pgn

No:  B/W 1/2     W:B       1:2           Time        Value Moves Dep 1:2       1-2-Draws
   4 = =    1.0:1.0        1.0:3.0       9:39:11 PM    +8.51    76 4.000 :6.000  0-2-2

--------------------------------------------------------------

Engine-Match Thursday, November 13, 2025 9:39:12 PM
 Blitz 90/1 

Pairing 130/136 :    VPR_v8.1  -  CaptureOpponent

PGN-File: C:\Program Files (x86)\Arena\Tournaments\Ultimate Engine Battle 20251108.pgn

No:  B/W 1/2     W:B       1:2           Time        Value Moves Dep 1:2       1-2-Draws
   4 B 1    1.0:0.0        4.0:0.0       9:51:58 PM  -299.96    29 6.000 :7.379  4-0-0

--------------------------------------------------------------

Engine-Match Thursday, November 13, 2025 9:51:59 PM
 Blitz 90/1 

Pairing 131/136 :    CoverageOpponent  -  V7P3R_v14.3

PGN-File: C:\Program Files (x86)\Arena\Tournaments\Ultimate Engine Battle 20251108.pgn

No:  B/W 1/2     W:B       1:2           Time        Value Moves Dep 1:2       1-2-Draws
   4 W 2    2.0:1.0        1.0:3.0       10:03:23 PM  +299.98    49 6.000 :5.182  0-2-2

--------------------------------------------------------------

Engine-Match Thursday, November 13, 2025 10:03:25 PM
 Blitz 90/1 

Pairing 132/136 :    V7P3R_v14.2  -  MaterialOpponent

PGN-File: C:\Program Files (x86)\Arena\Tournaments\Ultimate Engine Battle 20251108.pgn

No:  B/W 1/2     W:B       1:2           Time        Value Moves Dep 1:2       1-2-Draws
   4 W 2    2.0:1.0        1.0:3.0       10:11:06 PM  +299.99    39 5.000 :6.000  0-2-2

--------------------------------------------------------------

Engine-Match Thursday, November 13, 2025 10:11:22 PM
 Blitz 90/1 

Pairing 133/136 :    PositionalOpponent  -  V7P3R_v14.1

PGN-File: C:\Program Files (x86)\Arena\Tournaments\Ultimate Engine Battle 20251108.pgn

No:  B/W 1/2     W:B       1:2           Time        Value Moves Dep 1:2       1-2-Draws
   4 B 1    1.0:0.0        4.0:0.0       10:21:43 PM    -9.76    33 6.000 :5.036  4-0-0

--------------------------------------------------------------

Engine-Match Thursday, November 13, 2025 10:21:45 PM
 Blitz 90/1 

Pairing 134/136 :    V7P3R_v14.0  -  RandomOpponent

PGN-File: C:\Program Files (x86)\Arena\Tournaments\Ultimate Engine Battle 20251108.pgn

No:  B/W 1/2     W:B       1:2           Time        Value Moves Dep 1:2       1-2-Draws
   4 B 1    1.0:0.0        4.0:0.0       10:28:52 PM  -289.99    17 5.667 :0 4-0-0

--------------------------------------------------------------

Engine-Match Thursday, November 13, 2025 10:28:54 PM
 Blitz 90/1 

Pairing 135/136 :    SlowMate_v3.1  -  V7P3R_v12.6

PGN-File: C:\Program Files (x86)\Arena\Tournaments\Ultimate Engine Battle 20251108.pgn

No:  B/W 1/2     W:B       1:2           Time        Value Moves Dep 1:2       1-2-Draws
   4 W 2    1.5:0.5        0.5:3.5       11:05:32 PM  +289.99    19 5.722 :5.167  0-3-1

--------------------------------------------------------------

Engine-Match Thursday, November 13, 2025 11:05:33 PM
 Blitz 90/1 

Pairing 136/136 :    V7P3R_v10.8  -  Stockfish 1%

PGN-File: C:\Program Files (x86)\Arena\Tournaments\Ultimate Engine Battle 20251108.pgn

No:  B/W 1/2     W:B       1:2           Time        Value Moves Dep 1:2       1-2-Draws
   4 W 2    1.0:0.0        0.0:4.0       11:07:59 PM   +12.40    12 4.333 :22.750  0-4-0

--------------------------------------------------------------

Engine-Match Thursday, November 13, 2025 11:08:01 PM
 Blitz 90/1 

Pairing 1/136 :    C0BR4_v2.9  -  VPR_v8.1

PGN-File: C:\Program Files (x86)\Arena\Tournaments\Ultimate Engine Battle 20251108.pgn

No:  B/W 1/2     W:B       1:2           Time        Value Moves Dep 1:2       1-2-Draws
   5 = =    1.0:1.0        1.0:4.0       11:10:07 PM    +4.75    55 4.000 :6.000  0-3-2

--------------------------------------------------------------

Engine-Match Thursday, November 13, 2025 11:10:08 PM
 Blitz 90/1 

Pairing 2/136 :    V7P3R_v14.3  -  C0BR4_v3.1

PGN-File: C:\Program Files (x86)\Arena\Tournaments\Ultimate Engine Battle 20251108.pgn

No:  B/W 1/2     W:B       1:2           Time        Value Moves Dep 1:2       1-2-Draws
   5 W 1    1.0:0.0        3.0:2.0       11:16:43 PM     0.00    50 5.429 :4.000  3-2-0

--------------------------------------------------------------

Engine-Match Thursday, November 13, 2025 11:16:44 PM
 Blitz 90/1 

Pairing 3/136 :    CaptureOpponent  -  V7P3R_v14.2

PGN-File: C:\Program Files (x86)\Arena\Tournaments\Ultimate Engine Battle 20251108.pgn

No:  B/W 1/2     W:B       1:2           Time        Value Moves Dep 1:2       1-2-Draws
   5 B 2    1.0:0.0        0.0:5.0       11:24:45 PM  -289.99    12 7.167 :4.917  0-5-0

--------------------------------------------------------------

Engine-Match Thursday, November 13, 2025 11:24:47 PM
 Blitz 90/1 

Pairing 4/136 :    V7P3R_v14.1  -  CoverageOpponent

PGN-File: C:\Program Files (x86)\Arena\Tournaments\Ultimate Engine Battle 20251108.pgn

No:  B/W 1/2     W:B       1:2           Time        Value Moves Dep 1:2       1-2-Draws
   5 B 2    2.0:1.0        1.0:4.0       11:32:23 PM  -299.99    20 4.706 :6.000  0-3-2

--------------------------------------------------------------

Engine-Match Thursday, November 13, 2025 11:32:25 PM
 Blitz 90/1 

Pairing 5/136 :    MaterialOpponent  -  V7P3R_v14.0

PGN-File: C:\Program Files (x86)\Arena\Tournaments\Ultimate Engine Battle 20251108.pgn

No:  B/W 1/2     W:B       1:2           Time        Value Moves Dep 1:2       1-2-Draws
   5 B 2    1.0:0.0        0.0:5.0       11:47:39 PM   -12.95    43 6.000 :5.414  0-5-0

--------------------------------------------------------------

Engine-Match Thursday, November 13, 2025 11:47:41 PM
 Blitz 90/1 

Pairing 6/136 :    V7P3R_v12.6  -  PositionalOpponent

PGN-File: C:\Program Files (x86)\Arena\Tournaments\Ultimate Engine Battle 20251108.pgn

No:  B/W 1/2     W:B       1:2           Time        Value Moves Dep 1:2       1-2-Draws
   5 B 2    1.0:0.0        2.0:3.0       11:59:18 PM  -299.99    25 5.059 :6.000  2-3-0

--------------------------------------------------------------

Engine-Match Thursday, November 13, 2025 11:59:20 PM
 Blitz 90/1 

Pairing 7/136 :    RandomOpponent  -  V7P3R_v10.8

PGN-File: C:\Program Files (x86)\Arena\Tournaments\Ultimate Engine Battle 20251108.pgn

No:  B/W 1/2     W:B       1:2           Time        Value Moves Dep 1:2       1-2-Draws
   5 B 2    1.0:0.0        0.0:5.0       12:01:44 AM  -289.98    13 0:4.273  0-5-0

--------------------------------------------------------------

Engine-Match Friday, November 14, 2025 12:01:45 AM
 Blitz 90/1 

Pairing 8/136 :    Stockfish 1%  -  SlowMate_v3.1

PGN-File: C:\Program Files (x86)\Arena\Tournaments\Ultimate Engine Battle 20251108.pgn

No:  B/W 1/2     W:B       1:2           Time        Value Moves Dep 1:2       1-2-Draws
   5 W 1    1.0:0.0        5.0:0.0       12:33:31 AM      +M1    20 26.900 :5.368  5-0-0

--------------------------------------------------------------

Engine-Match Friday, November 14, 2025 12:33:32 AM
 Blitz 90/1 

Pairing 9/136 :    VPR_v9.0  -  V7P3R_v14.3

PGN-File: C:\Program Files (x86)\Arena\Tournaments\Ultimate Engine Battle 20251108.pgn

No:  B/W 1/2     W:B       1:2           Time        Value Moves Dep 1:2       1-2-Draws
   5 W 1    1.5:0.5        3.5:1.5       12:41:28 AM  +299.99    36 6.000 :5.444  3-1-1

--------------------------------------------------------------

Engine-Match Friday, November 14, 2025 12:41:30 AM
 Blitz 90/1 

Pairing 10/136 :    V7P3R_v14.2  -  C0BR4_v2.9

PGN-File: C:\Program Files (x86)\Arena\Tournaments\Ultimate Engine Battle 20251108.pgn

No:  B/W 1/2     W:B       1:2           Time        Value Moves Dep 1:2       1-2-Draws
   5 = =    2.0:2.0        3.0:2.0       12:48:06 AM    -3.35    41 5.000 :4.000  1-0-4

--------------------------------------------------------------

Engine-Match Friday, November 14, 2025 12:48:07 AM
 Blitz 90/1 

Pairing 11/136 :    C0BR4_v3.1  -  V7P3R_v14.1

PGN-File: C:\Program Files (x86)\Arena\Tournaments\Ultimate Engine Battle 20251108.pgn

No:  B/W 1/2     W:B       1:2           Time        Value Moves Dep 1:2       1-2-Draws
   5 W 1    2.0:1.0        2.0:3.0       12:53:21 AM   +19.08    50 4.000 :4.722  1-2-2

--------------------------------------------------------------

Engine-Match Friday, November 14, 2025 12:53:23 AM
 Blitz 90/1 

Pairing 12/136 :    V7P3R_v14.0  -  CaptureOpponent

PGN-File: C:\Program Files (x86)\Arena\Tournaments\Ultimate Engine Battle 20251108.pgn

No:  B/W 1/2     W:B       1:2           Time        Value Moves Dep 1:2       1-2-Draws
   5 W 1    1.0:0.0        5.0:0.0       1:05:13 AM   +11.90    14 5.250 :6.500  5-0-0

--------------------------------------------------------------

Engine-Match Friday, November 14, 2025 1:05:14 AM
 Blitz 90/1 

Pairing 13/136 :    CoverageOpponent  -  V7P3R_v12.6

PGN-File: C:\Program Files (x86)\Arena\Tournaments\Ultimate Engine Battle 20251108.pgn

No:  B/W 1/2     W:B       1:2           Time        Value Moves Dep 1:2       1-2-Draws
   5 = =    1.5:1.5        1.5:3.5       1:27:26 AM     0.00    45 6.000 :5.091  0-2-3

--------------------------------------------------------------

Engine-Match Friday, November 14, 2025 1:27:27 AM
 Blitz 90/1 

Pairing 14/136 :    V7P3R_v10.8  -  MaterialOpponent

PGN-File: C:\Program Files (x86)\Arena\Tournaments\Ultimate Engine Battle 20251108.pgn

No:  B/W 1/2     W:B       1:2           Time        Value Moves Dep 1:2       1-2-Draws
   5 W 1    1.5:0.5        3.5:1.5       1:39:02 AM   +10.10    52 3.947 :6.000  3-1-1

--------------------------------------------------------------

Engine-Match Friday, November 14, 2025 1:39:04 AM
 Blitz 90/1 

Pairing 15/136 :    PositionalOpponent  -  Stockfish 1%

PGN-File: C:\Program Files (x86)\Arena\Tournaments\Ultimate Engine Battle 20251108.pgn

No:  B/W 1/2     W:B       1:2           Time        Value Moves Dep 1:2       1-2-Draws
   5 B 2    1.0:0.0        0.0:5.0       1:42:37 AM   -13.50    34 6.000 :21.870  0-5-0

--------------------------------------------------------------

Engine-Match Friday, November 14, 2025 1:42:38 AM
 Blitz 90/1 

Pairing 16/136 :    SlowMate_v3.1  -  RandomOpponent

PGN-File: C:\Program Files (x86)\Arena\Tournaments\Ultimate Engine Battle 20251108.pgn

No:  B/W 1/2     W:B       1:2           Time        Value Moves Dep 1:2       1-2-Draws
   5 = =    2.0:2.0        3.0:2.0       2:37:57 AM     0.00    42 5.143 :0 1-0-4

--------------------------------------------------------------

Engine-Match Friday, November 14, 2025 2:38:10 AM
 Blitz 90/1 

Pairing 17/136 :    VPR_v8.1  -  V7P3R_v14.2

PGN-File: C:\Program Files (x86)\Arena\Tournaments\Ultimate Engine Battle 20251108.pgn

No:  B/W 1/2     W:B       1:2           Time        Value Moves Dep 1:2       1-2-Draws
   5 W 1    2.0:1.0        4.0:1.0       2:48:59 AM  +299.99    37 6.000 :5.043  3-0-2

--------------------------------------------------------------

Engine-Match Friday, November 14, 2025 2:49:00 AM
 Blitz 90/1 

Pairing 18/136 :    V7P3R_v14.1  -  VPR_v9.0

PGN-File: C:\Program Files (x86)\Arena\Tournaments\Ultimate Engine Battle 20251108.pgn

No:  B/W 1/2     W:B       1:2           Time        Value Moves Dep 1:2       1-2-Draws
   5 = =    2.5:2.5        2.5:2.5       3:00:42 AM    +8.62    31 4.762 :6.000  0-0-5

--------------------------------------------------------------

Engine-Match Friday, November 14, 2025 3:00:43 AM
 Blitz 90/1 

Pairing 19/136 :    C0BR4_v2.9  -  V7P3R_v14.0

PGN-File: C:\Program Files (x86)\Arena\Tournaments\Ultimate Engine Battle 20251108.pgn

No:  B/W 1/2     W:B       1:2           Time        Value Moves Dep 1:2       1-2-Draws
   5 B 2    2.5:1.5        1.5:3.5       3:12:33 AM   -12.46    51 4.000 :5.188  0-2-3

--------------------------------------------------------------

Engine-Match Friday, November 14, 2025 3:12:34 AM
 Blitz 90/1 

Pairing 20/136 :    V7P3R_v12.6  -  C0BR4_v3.1

PGN-File: C:\Program Files (x86)\Arena\Tournaments\Ultimate Engine Battle 20251108.pgn

No:  B/W 1/2     W:B       1:2           Time        Value Moves Dep 1:2       1-2-Draws
   5 W 1    1.5:0.5        3.5:1.5       3:30:49 AM   +13.21    66 5.150 :4.000  3-1-1

--------------------------------------------------------------

Engine-Match Friday, November 14, 2025 3:30:51 AM
 Blitz 90/1 

Pairing 21/136 :    CaptureOpponent  -  V7P3R_v10.8

PGN-File: C:\Program Files (x86)\Arena\Tournaments\Ultimate Engine Battle 20251108.pgn

No:  B/W 1/2     W:B       1:2           Time        Value Moves Dep 1:2       1-2-Draws
   5 B 2    1.0:0.0        0.0:5.0       3:44:56 AM  -299.96    24 7.083 :4.667  0-5-0

--------------------------------------------------------------

Engine-Match Friday, November 14, 2025 3:44:57 AM
 Blitz 90/1 

Pairing 22/136 :    Stockfish 1%  -  CoverageOpponent

PGN-File: C:\Program Files (x86)\Arena\Tournaments\Ultimate Engine Battle 20251108.pgn

No:  B/W 1/2     W:B       1:2           Time        Value Moves Dep 1:2       1-2-Draws
   5 W 1    1.0:0.0        5.0:0.0       3:51:34 AM      +M1    35 27.719 :6.000  5-0-0

--------------------------------------------------------------

Engine-Match Friday, November 14, 2025 3:51:36 AM
 Blitz 90/1 

Pairing 23/136 :    MaterialOpponent  -  SlowMate_v3.1

PGN-File: C:\Program Files (x86)\Arena\Tournaments\Ultimate Engine Battle 20251108.pgn

No:  B/W 1/2     W:B       1:2           Time        Value Moves Dep 1:2       1-2-Draws
   5 = =    2.5:2.5        2.5:2.5       4:38:57 AM    +7.10    33 6.000 :5.188  0-0-5

--------------------------------------------------------------

Engine-Match Friday, November 14, 2025 4:38:59 AM
 Blitz 90/1 

Pairing 24/136 :    RandomOpponent  -  PositionalOpponent

PGN-File: C:\Program Files (x86)\Arena\Tournaments\Ultimate Engine Battle 20251108.pgn

No:  B/W 1/2     W:B       1:2           Time        Value Moves Dep 1:2       1-2-Draws
   5 B 2    1.0:0.0        0.0:5.0       4:40:35 AM  -299.99    19 0:6.000  0-5-0

--------------------------------------------------------------

Engine-Match Friday, November 14, 2025 4:40:37 AM
 Blitz 90/1 

Pairing 25/136 :    V7P3R_v14.3  -  V7P3R_v14.1

PGN-File: C:\Program Files (x86)\Arena\Tournaments\Ultimate Engine Battle 20251108.pgn

No:  B/W 1/2     W:B       1:2           Time        Value Moves Dep 1:2       1-2-Draws
   5 W 1    2.0:1.0        2.0:3.0       4:48:16 AM  +289.99    23 4.632 :4.467  1-2-2

--------------------------------------------------------------

Engine-Match Friday, November 14, 2025 4:48:17 AM
 Blitz 90/1 

Pairing 26/136 :    V7P3R_v14.0  -  VPR_v8.1

PGN-File: C:\Program Files (x86)\Arena\Tournaments\Ultimate Engine Battle 20251108.pgn

No:  B/W 1/2     W:B       1:2           Time        Value Moves Dep 1:2       1-2-Draws
   5 = =    1.5:1.5        3.5:1.5       4:57:37 AM    +3.34    25 4.889 :6.000  2-0-3

--------------------------------------------------------------

Engine-Match Friday, November 14, 2025 4:57:39 AM
 Blitz 90/1 

Pairing 27/136 :    VPR_v9.0  -  V7P3R_v12.6

PGN-File: C:\Program Files (x86)\Arena\Tournaments\Ultimate Engine Battle 20251108.pgn

No:  B/W 1/2     W:B       1:2           Time        Value Moves Dep 1:2       1-2-Draws
   5 W 1    1.0:0.0        3.0:2.0       5:11:04 AM  +299.99    34 6.000 :5.150  3-2-0

--------------------------------------------------------------

Engine-Match Friday, November 14, 2025 5:11:06 AM
 Blitz 90/1 

Pairing 28/136 :    V7P3R_v10.8  -  C0BR4_v2.9

PGN-File: C:\Program Files (x86)\Arena\Tournaments\Ultimate Engine Battle 20251108.pgn

No:  B/W 1/2     W:B       1:2           Time        Value Moves Dep 1:2       1-2-Draws
   5 B 2    1.5:0.5        0.5:4.5       5:22:03 AM  -299.97    65 3.969 :4.000  0-4-1

--------------------------------------------------------------

Engine-Match Friday, November 14, 2025 5:22:05 AM
 Blitz 90/1 

Pairing 29/136 :    C0BR4_v3.1  -  Stockfish 1%

PGN-File: C:\Program Files (x86)\Arena\Tournaments\Ultimate Engine Battle 20251108.pgn

No:  B/W 1/2     W:B       1:2           Time        Value Moves Dep 1:2       1-2-Draws
   5 B 2    1.0:0.0        0.0:5.0       5:22:28 AM      -M1    13 3.917 :35.385  0-5-0

--------------------------------------------------------------

Engine-Match Friday, November 14, 2025 5:22:29 AM
 Blitz 90/1 

Pairing 30/136 :    SlowMate_v3.1  -  CaptureOpponent

PGN-File: C:\Program Files (x86)\Arena\Tournaments\Ultimate Engine Battle 20251108.pgn

No:  B/W 1/2     W:B       1:2           Time        Value Moves Dep 1:2       1-2-Draws
   5 W 1    1.0:0.0        5.0:0.0       5:57:36 AM   +15.50    16 5.938 :7.438  5-0-0

--------------------------------------------------------------

Engine-Match Friday, November 14, 2025 5:57:37 AM
 Blitz 90/1 

Pairing 31/136 :    CoverageOpponent  -  RandomOpponent

PGN-File: C:\Program Files (x86)\Arena\Tournaments\Ultimate Engine Battle 20251108.pgn

No:  B/W 1/2     W:B       1:2           Time        Value Moves Dep 1:2       1-2-Draws
   5 W 1    1.0:0.0        5.0:0.0       6:01:16 AM  +299.99    20 6.000 :0 5-0-0

--------------------------------------------------------------

Engine-Match Friday, November 14, 2025 6:01:17 AM
 Blitz 90/1 

Pairing 32/136 :    PositionalOpponent  -  MaterialOpponent

PGN-File: C:\Program Files (x86)\Arena\Tournaments\Ultimate Engine Battle 20251108.pgn

No:  B/W 1/2     W:B       1:2           Time        Value Moves Dep 1:2       1-2-Draws
   5 W 1    2.0:1.0        4.0:1.0       6:08:40 AM  +299.99    37 6.000 :6.000  3-0-2

--------------------------------------------------------------

Engine-Match Friday, November 14, 2025 6:08:42 AM
 Blitz 90/1 

Pairing 33/136 :    V7P3R_v14.2  -  V7P3R_v14.0

PGN-File: C:\Program Files (x86)\Arena\Tournaments\Ultimate Engine Battle 20251108.pgn

No:  B/W 1/2     W:B       1:2           Time        Value Moves Dep 1:2       1-2-Draws
   5 W 1    1.5:0.5        4.5:0.5       6:26:59 AM  +289.99    46 5.103 :5.480  4-0-1

--------------------------------------------------------------

Engine-Match Friday, November 14, 2025 6:27:00 AM
 Blitz 90/1 

Pairing 34/136 :    V7P3R_v12.6  -  V7P3R_v14.3

PGN-File: C:\Program Files (x86)\Arena\Tournaments\Ultimate Engine Battle 20251108.pgn

No:  B/W 1/2     W:B       1:2           Time        Value Moves Dep 1:2       1-2-Draws
   5 B 2    2.5:1.5        1.5:3.5       6:44:46 AM   -12.10    55 5.500 :5.480  0-2-3

--------------------------------------------------------------

Engine-Match Friday, November 14, 2025 6:44:47 AM
 Blitz 90/1 

Pairing 35/136 :    VPR_v8.1  -  V7P3R_v10.8

PGN-File: C:\Program Files (x86)\Arena\Tournaments\Ultimate Engine Battle 20251108.pgn

No:  B/W 1/2     W:B       1:2           Time        Value Moves Dep 1:2       1-2-Draws
   5 = =    2.5:2.5        2.5:2.5       6:57:48 AM    -4.85    61 6.000 :3.957  0-0-5

--------------------------------------------------------------

Engine-Match Friday, November 14, 2025 6:57:49 AM
 Blitz 90/1 

Pairing 36/136 :    Stockfish 1%  -  VPR_v9.0

PGN-File: C:\Program Files (x86)\Arena\Tournaments\Ultimate Engine Battle 20251108.pgn

No:  B/W 1/2     W:B       1:2           Time        Value Moves Dep 1:2       1-2-Draws
   5 W 1    1.0:0.0        5.0:0.0       7:01:07 AM      +M1    27 34.926 :6.000  5-0-0

--------------------------------------------------------------

Engine-Match Friday, November 14, 2025 7:01:15 AM
 Blitz 90/1 

Pairing 37/136 :    C0BR4_v2.9  -  SlowMate_v3.1

PGN-File: C:\Program Files (x86)\Arena\Tournaments\Ultimate Engine Battle 20251108.pgn

No:  B/W 1/2     W:B       1:2           Time        Value Moves Dep 1:2       1-2-Draws
   5 W 1    1.0:0.0        4.0:1.0       7:33:00 AM  +299.97    20 3.889 :5.526  4-1-0

--------------------------------------------------------------

Engine-Match Friday, November 14, 2025 7:33:01 AM
 Blitz 90/1 

Pairing 38/136 :    RandomOpponent  -  C0BR4_v3.1

PGN-File: C:\Program Files (x86)\Arena\Tournaments\Ultimate Engine Battle 20251108.pgn

No:  B/W 1/2     W:B       1:2           Time        Value Moves Dep 1:2       1-2-Draws
   5 B 2    1.0:0.0        0.0:5.0       7:33:12 AM  -299.97    10 0:3.778  0-5-0

--------------------------------------------------------------

Engine-Match Friday, November 14, 2025 7:33:14 AM
 Blitz 90/1 

Pairing 39/136 :    CaptureOpponent  -  PositionalOpponent

PGN-File: C:\Program Files (x86)\Arena\Tournaments\Ultimate Engine Battle 20251108.pgn

No:  B/W 1/2     W:B       1:2           Time        Value Moves Dep 1:2       1-2-Draws
   5 B 2    1.0:0.0        0.0:5.0       7:38:58 AM  -299.99    11 6.727 :6.000  0-5-0

--------------------------------------------------------------

Engine-Match Friday, November 14, 2025 7:39:00 AM
 Blitz 90/1 

Pairing 40/136 :    MaterialOpponent  -  CoverageOpponent

PGN-File: C:\Program Files (x86)\Arena\Tournaments\Ultimate Engine Battle 20251108.pgn

No:  B/W 1/2     W:B       1:2           Time        Value Moves Dep 1:2       1-2-Draws
   5 = =    1.5:1.5        1.5:3.5       7:45:54 AM    -3.05    27 6.000 :6.000  0-2-3

--------------------------------------------------------------

Engine-Match Friday, November 14, 2025 7:45:55 AM
 Blitz 90/1 

Pairing 41/136 :    V7P3R_v14.1  -  V7P3R_v12.6

PGN-File: C:\Program Files (x86)\Arena\Tournaments\Ultimate Engine Battle 20251108.pgn

No:  B/W 1/2     W:B       1:2           Time        Value Moves Dep 1:2       1-2-Draws
   5 B 2    1.0:0.0        3.0:2.0       8:01:15 AM     0.00    40 4.850 :4.684  3-2-0

--------------------------------------------------------------

Engine-Match Friday, November 14, 2025 8:01:17 AM
 Blitz 90/1 

Pairing 42/136 :    V7P3R_v10.8  -  V7P3R_v14.2

PGN-File: C:\Program Files (x86)\Arena\Tournaments\Ultimate Engine Battle 20251108.pgn

No:  B/W 1/2     W:B       1:2           Time        Value Moves Dep 1:2       1-2-Draws
   5 W 1    1.0:0.0        3.0:2.0       8:15:25 AM     0.00    52 4.143 :4.704  3-2-0

--------------------------------------------------------------

Engine-Match Friday, November 14, 2025 8:15:26 AM
 Blitz 90/1 

Pairing 43/136 :    V7P3R_v14.3  -  Stockfish 1%

PGN-File: C:\Program Files (x86)\Arena\Tournaments\Ultimate Engine Battle 20251108.pgn

No:  B/W 1/2     W:B       1:2           Time        Value Moves Dep 1:2       1-2-Draws
   5 B 2    1.0:0.0        0.0:5.0       8:19:58 AM      -M1    26 5.211 :37.885  0-5-0

--------------------------------------------------------------

Engine-Match Friday, November 14, 2025 8:20:00 AM
 Blitz 90/1 

Pairing 44/136 :    SlowMate_v3.1  -  VPR_v8.1

PGN-File: C:\Program Files (x86)\Arena\Tournaments\Ultimate Engine Battle 20251108.pgn

No:  B/W 1/2     W:B       1:2           Time        Value Moves Dep 1:2       1-2-Draws
   5 = =    2.0:2.0        2.0:3.0       8:46:05 AM    +2.51    15 5.267 :6.000  0-1-4

--------------------------------------------------------------

Engine-Match Friday, November 14, 2025 8:46:06 AM
 Blitz 90/1 

Pairing 45/136 :    VPR_v9.0  -  RandomOpponent

PGN-File: C:\Program Files (x86)\Arena\Tournaments\Ultimate Engine Battle 20251108.pgn

No:  B/W 1/2     W:B       1:2           Time        Value Moves Dep 1:2       1-2-Draws
   5 W 1    1.0:0.0        5.0:0.0       8:47:25 AM  +299.99    18 6.000 :0 5-0-0

--------------------------------------------------------------

Engine-Match Friday, November 14, 2025 8:47:26 AM
 Blitz 90/1 

Pairing 46/136 :    PositionalOpponent  -  C0BR4_v2.9

PGN-File: C:\Program Files (x86)\Arena\Tournaments\Ultimate Engine Battle 20251108.pgn

No:  B/W 1/2     W:B       1:2           Time        Value Moves Dep 1:2       1-2-Draws
   5 W 1    2.0:1.0        4.0:1.0       8:50:15 AM  +299.99    31 6.000 :4.000  3-0-2

--------------------------------------------------------------

Engine-Match Friday, November 14, 2025 8:50:16 AM
 Blitz 90/1 

Pairing 47/136 :    C0BR4_v3.1  -  MaterialOpponent

PGN-File: C:\Program Files (x86)\Arena\Tournaments\Ultimate Engine Battle 20251108.pgn

No:  B/W 1/2     W:B       1:2           Time        Value Moves Dep 1:2       1-2-Draws
   5 = =    1.5:1.5        1.5:3.5       8:50:59 AM    +2.27    27 4.000 :6.000  0-2-3

--------------------------------------------------------------

Engine-Match Friday, November 14, 2025 8:51:01 AM
 Blitz 90/1 

Pairing 48/136 :    CoverageOpponent  -  CaptureOpponent

PGN-File: C:\Program Files (x86)\Arena\Tournaments\Ultimate Engine Battle 20251108.pgn

No:  B/W 1/2     W:B       1:2           Time        Value Moves Dep 1:2       1-2-Draws
   5 W 1    1.0:0.0        5.0:0.0       9:07:02 AM   +13.35    22 6.000 :6.182  5-0-0

--------------------------------------------------------------

Engine-Match Friday, November 14, 2025 9:07:03 AM
 Blitz 90/1 

Pairing 49/136 :    V7P3R_v14.0  -  V7P3R_v10.8

PGN-File: C:\Program Files (x86)\Arena\Tournaments\Ultimate Engine Battle 20251108.pgn

No:  B/W 1/2     W:B       1:2           Time        Value Moves Dep 1:2       1-2-Draws
   5 W 1    1.0:0.0        5.0:0.0       9:21:59 AM     0.00    33 5.263 :3.947  5-0-0

--------------------------------------------------------------

Engine-Match Friday, November 14, 2025 9:22:00 AM
 Blitz 90/1 

Pairing 50/136 :    Stockfish 1%  -  V7P3R_v14.1

PGN-File: C:\Program Files (x86)\Arena\Tournaments\Ultimate Engine Battle 20251108.pgn

No:  B/W 1/2     W:B       1:2           Time        Value Moves Dep 1:2       1-2-Draws
   5 W 1    1.0:0.0        5.0:0.0       9:25:00 AM      +M1    20 29.200 :4.909  5-0-0

--------------------------------------------------------------

Engine-Match Friday, November 14, 2025 9:25:02 AM
 Blitz 90/1 

Pairing 51/136 :    V7P3R_v14.2  -  SlowMate_v3.1

PGN-File: C:\Program Files (x86)\Arena\Tournaments\Ultimate Engine Battle 20251108.pgn

No:  B/W 1/2     W:B       1:2           Time        Value Moves Dep 1:2       1-2-Draws
   5 = =    1.5:1.5        3.5:1.5       10:06:15 AM  -200.00    25 5.214 :5.440  2-0-3

--------------------------------------------------------------

Engine-Match Friday, November 14, 2025 10:06:17 AM
 Blitz 90/1 

Pairing 52/136 :    RandomOpponent  -  V7P3R_v14.3

PGN-File: C:\Program Files (x86)\Arena\Tournaments\Ultimate Engine Battle 20251108.pgn

No:  B/W 1/2     W:B       1:2           Time        Value Moves Dep 1:2       1-2-Draws
   5 B 2    1.0:0.0        0.0:5.0       10:09:00 AM  -289.98    14 0:5.357  0-5-0

--------------------------------------------------------------

Engine-Match Friday, November 14, 2025 10:09:01 AM
 Blitz 90/1 

Pairing 53/136 :    VPR_v8.1  -  PositionalOpponent

PGN-File: C:\Program Files (x86)\Arena\Tournaments\Ultimate Engine Battle 20251108.pgn

No:  B/W 1/2     W:B       1:2           Time        Value Moves Dep 1:2       1-2-Draws
   5 B 2    1.0:0.0        0.0:5.0       10:17:52 AM  -299.94    42 6.000 :6.000  0-5-0

--------------------------------------------------------------

Engine-Match Friday, November 14, 2025 10:17:53 AM
 Blitz 90/1 

Pairing 54/136 :    MaterialOpponent  -  VPR_v9.0

PGN-File: C:\Program Files (x86)\Arena\Tournaments\Ultimate Engine Battle 20251108.pgn

No:  B/W 1/2     W:B       1:2           Time        Value Moves Dep 1:2       1-2-Draws
   5 B 2    2.0:1.0        1.0:4.0       10:21:37 AM   -10.30    51 6.000 :6.000  0-3-2

--------------------------------------------------------------

Engine-Match Friday, November 14, 2025 10:21:39 AM
 Blitz 90/1 

Pairing 55/136 :    C0BR4_v2.9  -  CoverageOpponent

PGN-File: C:\Program Files (x86)\Arena\Tournaments\Ultimate Engine Battle 20251108.pgn

No:  B/W 1/2     W:B       1:2           Time        Value Moves Dep 1:2       1-2-Draws
   5 = =    2.0:2.0        2.0:3.0       10:24:43 AM    +5.22    36 4.000 :6.000  0-1-4

--------------------------------------------------------------

Engine-Match Friday, November 14, 2025 10:24:44 AM
 Blitz 90/1 

Pairing 56/136 :    CaptureOpponent  -  C0BR4_v3.1

PGN-File: C:\Program Files (x86)\Arena\Tournaments\Ultimate Engine Battle 20251108.pgn

No:  B/W 1/2     W:B       1:2           Time        Value Moves Dep 1:2       1-2-Draws
   5 B 2    1.0:0.0        0.0:5.0       10:36:52 AM  -299.97    29 7.069 :3.929  0-5-0

--------------------------------------------------------------

Engine-Match Friday, November 14, 2025 10:37:04 AM
 Blitz 90/1 

Pairing 57/136 :    V7P3R_v12.6  -  Stockfish 1%

PGN-File: C:\Program Files (x86)\Arena\Tournaments\Ultimate Engine Battle 20251108.pgn

No:  B/W 1/2     W:B       1:2           Time        Value Moves Dep 1:2       1-2-Draws
   5 B 2    1.0:0.0        0.0:5.0       10:46:17 AM   -13.52    26 5.077 :22.684  0-5-0

--------------------------------------------------------------

Engine-Match Friday, November 14, 2025 10:46:18 AM
 Blitz 90/1 

Pairing 58/136 :    SlowMate_v3.1  -  V7P3R_v14.0

PGN-File: C:\Program Files (x86)\Arena\Tournaments\Ultimate Engine Battle 20251108.pgn

No:  B/W 1/2     W:B       1:2           Time        Value Moves Dep 1:2       1-2-Draws
   5 B 2    2.5:1.5        1.5:3.5       12:03:23 PM  -289.99    48 5.667 :5.400  0-2-3

--------------------------------------------------------------

Engine-Match Friday, November 14, 2025 12:03:24 PM
 Blitz 90/1 

Pairing 59/136 :    V7P3R_v14.1  -  RandomOpponent

PGN-File: C:\Program Files (x86)\Arena\Tournaments\Ultimate Engine Battle 20251108.pgn

No:  B/W 1/2     W:B       1:2           Time        Value Moves Dep 1:2       1-2-Draws
   5 W 1    1.0:0.0        5.0:0.0       12:04:32 PM     0.00     6 5.400 :0 5-0-0

--------------------------------------------------------------

Engine-Match Friday, November 14, 2025 12:04:33 PM
 Blitz 90/1 

Pairing 60/136 :    PositionalOpponent  -  V7P3R_v14.2

PGN-File: C:\Program Files (x86)\Arena\Tournaments\Ultimate Engine Battle 20251108.pgn

No:  B/W 1/2     W:B       1:2           Time        Value Moves Dep 1:2       1-2-Draws
   5 B 2    1.5:0.5        2.5:2.5       12:16:41 PM  -299.96    43 6.000 :4.962  2-2-1

--------------------------------------------------------------

Engine-Match Friday, November 14, 2025 12:16:42 PM
 Blitz 90/1 

Pairing 61/136 :    V7P3R_v14.3  -  MaterialOpponent

PGN-File: C:\Program Files (x86)\Arena\Tournaments\Ultimate Engine Battle 20251108.pgn

No:  B/W 1/2     W:B       1:2           Time        Value Moves Dep 1:2       1-2-Draws
   5 = =    1.5:1.5        3.5:1.5       12:26:07 PM    -0.20    33 5.304 :6.000  2-0-3

--------------------------------------------------------------

Engine-Match Friday, November 14, 2025 12:26:09 PM
 Blitz 90/1 

Pairing 62/136 :    CoverageOpponent  -  VPR_v8.1

PGN-File: C:\Program Files (x86)\Arena\Tournaments\Ultimate Engine Battle 20251108.pgn

No:  B/W 1/2     W:B       1:2           Time        Value Moves Dep 1:2       1-2-Draws
   5 = =    1.5:1.5        3.5:1.5       12:38:53 PM    +0.23    36 6.000 :6.000  2-0-3

--------------------------------------------------------------

Engine-Match Friday, November 14, 2025 12:38:54 PM
 Blitz 90/1 

Pairing 63/136 :    VPR_v9.0  -  CaptureOpponent

PGN-File: C:\Program Files (x86)\Arena\Tournaments\Ultimate Engine Battle 20251108.pgn

No:  B/W 1/2     W:B       1:2           Time        Value Moves Dep 1:2       1-2-Draws
   5 W 1    1.5:0.5        4.5:0.5       12:48:31 PM   +12.20    16 6.000 :6.813  4-0-1

--------------------------------------------------------------

Engine-Match Friday, November 14, 2025 12:48:33 PM
 Blitz 90/1 

Pairing 64/136 :    C0BR4_v3.1  -  C0BR4_v2.9

PGN-File: C:\Program Files (x86)\Arena\Tournaments\Ultimate Engine Battle 20251108.pgn

No:  B/W 1/2     W:B       1:2           Time        Value Moves Dep 1:2       1-2-Draws
   5 = =    1.5:1.5        1.5:3.5       12:49:08 PM    +5.14    32 4.000 :4.000  0-2-3

--------------------------------------------------------------

Engine-Match Friday, November 14, 2025 12:49:10 PM
 Blitz 90/1 

Pairing 65/136 :    V7P3R_v10.8  -  SlowMate_v3.1

PGN-File: C:\Program Files (x86)\Arena\Tournaments\Ultimate Engine Battle 20251108.pgn

No:  B/W 1/2     W:B       1:2           Time        Value Moves Dep 1:2       1-2-Draws
   5 B 2    1.5:0.5        0.5:4.5       1:51:03 PM   -30.55    45 4.154 :5.559  0-4-1

--------------------------------------------------------------

Engine-Match Friday, November 14, 2025 1:51:05 PM
 Blitz 90/1 

Pairing 66/136 :    RandomOpponent  -  V7P3R_v12.6

PGN-File: C:\Program Files (x86)\Arena\Tournaments\Ultimate Engine Battle 20251108.pgn

No:  B/W 1/2     W:B       1:2           Time        Value Moves Dep 1:2       1-2-Draws
   5 B 2    1.0:0.0        0.0:5.0       1:58:01 PM     0.00    19 0:4.813  0-5-0

--------------------------------------------------------------

Engine-Match Friday, November 14, 2025 1:58:03 PM
 Blitz 90/1 

Pairing 67/136 :    V7P3R_v14.0  -  PositionalOpponent

PGN-File: C:\Program Files (x86)\Arena\Tournaments\Ultimate Engine Battle 20251108.pgn

No:  B/W 1/2     W:B       1:2           Time        Value Moves Dep 1:2       1-2-Draws
   5 B 2    1.0:0.0        1.0:4.0       2:07:29 PM  -299.99    19 5.167 :6.000  1-4-0

--------------------------------------------------------------

Engine-Match Friday, November 14, 2025 2:07:30 PM
 Blitz 90/1 

Pairing 68/136 :    MaterialOpponent  -  V7P3R_v14.1

PGN-File: C:\Program Files (x86)\Arena\Tournaments\Ultimate Engine Battle 20251108.pgn

No:  B/W 1/2     W:B       1:2           Time        Value Moves Dep 1:2       1-2-Draws
   5 = =    1.5:1.5        1.5:3.5       2:19:34 PM     0.00    93 6.000 :4.952  0-2-3

--------------------------------------------------------------

Engine-Match Friday, November 14, 2025 2:19:36 PM
 Blitz 90/1 

Pairing 69/136 :    V7P3R_v14.2  -  CoverageOpponent

PGN-File: C:\Program Files (x86)\Arena\Tournaments\Ultimate Engine Battle 20251108.pgn

No:  B/W 1/2     W:B       1:2           Time        Value Moves Dep 1:2       1-2-Draws
   5 W 1    1.0:0.0        4.0:1.0       2:40:11 PM     0.00    68 4.714 :6.000  4-1-0

--------------------------------------------------------------

Engine-Match Friday, November 14, 2025 2:40:12 PM
 Blitz 90/1 

Pairing 70/136 :    CaptureOpponent  -  V7P3R_v14.3

PGN-File: C:\Program Files (x86)\Arena\Tournaments\Ultimate Engine Battle 20251108.pgn

No:  B/W 1/2     W:B       1:2           Time        Value Moves Dep 1:2       1-2-Draws
   5 B 2    1.5:0.5        0.5:4.5       2:52:50 PM     0.00    20 7.200 :5.438  0-4-1

--------------------------------------------------------------

Engine-Match Friday, November 14, 2025 2:52:51 PM
 Blitz 90/1 

Pairing 71/136 :    VPR_v8.1  -  C0BR4_v3.1

PGN-File: C:\Program Files (x86)\Arena\Tournaments\Ultimate Engine Battle 20251108.pgn

No:  B/W 1/2     W:B       1:2           Time        Value Moves Dep 1:2       1-2-Draws
   5 = =    1.5:1.5        2.5:2.5       2:55:30 PM    -4.76    49 6.000 :4.000  1-1-3

--------------------------------------------------------------

Engine-Match Friday, November 14, 2025 2:55:32 PM
 Blitz 90/1 

Pairing 72/136 :    C0BR4_v2.9  -  VPR_v9.0

PGN-File: C:\Program Files (x86)\Arena\Tournaments\Ultimate Engine Battle 20251108.pgn

No:  B/W 1/2     W:B       1:2           Time        Value Moves Dep 1:2       1-2-Draws
   5 = =    1.5:1.5        1.5:3.5       2:56:37 PM    +1.17    16 4.000 :6.000  0-2-3

--------------------------------------------------------------

Engine-Match Friday, November 14, 2025 2:56:38 PM
 Blitz 90/1 

Pairing 73/136 :    Stockfish 1%  -  RandomOpponent

PGN-File: C:\Program Files (x86)\Arena\Tournaments\Ultimate Engine Battle 20251108.pgn

No:  B/W 1/2     W:B       1:2           Time        Value Moves Dep 1:2       1-2-Draws
   5 W 1    1.0:0.0        5.0:0.0       2:56:53 PM      +M1    11 31.091 :0 5-0-0

--------------------------------------------------------------

Engine-Match Friday, November 14, 2025 2:56:54 PM
 Blitz 90/1 

Pairing 74/136 :    PositionalOpponent  -  V7P3R_v10.8

PGN-File: C:\Program Files (x86)\Arena\Tournaments\Ultimate Engine Battle 20251108.pgn

No:  B/W 1/2     W:B       1:2           Time        Value Moves Dep 1:2       1-2-Draws
   5 W 1    1.0:0.0        5.0:0.0       3:06:30 PM  +299.99    54 6.000 :4.133  5-0-0

--------------------------------------------------------------

Engine-Match Friday, November 14, 2025 3:06:31 PM
 Blitz 90/1 

Pairing 75/136 :    V7P3R_v12.6  -  MaterialOpponent

PGN-File: C:\Program Files (x86)\Arena\Tournaments\Ultimate Engine Battle 20251108.pgn

No:  B/W 1/2     W:B       1:2           Time        Value Moves Dep 1:2       1-2-Draws
   5 W 1    2.0:1.0        4.0:1.0       3:26:07 PM   +16.20    53 4.654 :6.000  3-0-2

--------------------------------------------------------------

Engine-Match Friday, November 14, 2025 3:26:09 PM
 Blitz 90/1 

Pairing 76/136 :    CoverageOpponent  -  V7P3R_v14.0

PGN-File: C:\Program Files (x86)\Arena\Tournaments\Ultimate Engine Battle 20251108.pgn

No:  B/W 1/2     W:B       1:2           Time        Value Moves Dep 1:2       1-2-Draws
   5 B 2    1.0:0.0        0.0:5.0       3:49:47 PM     0.00    54 6.000 :5.263  0-5-0

--------------------------------------------------------------

Engine-Match Friday, November 14, 2025 3:50:02 PM
 Blitz 90/1 

Pairing 77/136 :    V7P3R_v14.1  -  CaptureOpponent

PGN-File: C:\Program Files (x86)\Arena\Tournaments\Ultimate Engine Battle 20251108.pgn

No:  B/W 1/2     W:B       1:2           Time        Value Moves Dep 1:2       1-2-Draws
   5 W 1    1.0:0.0        5.0:0.0       4:04:37 PM   +12.50    21 4.647 :6.762  5-0-0

--------------------------------------------------------------

Engine-Match Friday, November 14, 2025 4:04:39 PM
 Blitz 90/1 

Pairing 78/136 :    C0BR4_v3.1  -  V7P3R_v14.2

PGN-File: C:\Program Files (x86)\Arena\Tournaments\Ultimate Engine Battle 20251108.pgn

No:  B/W 1/2     W:B       1:2           Time        Value Moves Dep 1:2       1-2-Draws
   5 = =    1.0:1.0        2.0:3.0       4:14:11 PM    +9.24    58 4.000 :5.167  1-2-2

--------------------------------------------------------------

Engine-Match Friday, November 14, 2025 4:14:12 PM
 Blitz 90/1 

Pairing 79/136 :    V7P3R_v14.3  -  C0BR4_v2.9

PGN-File: C:\Program Files (x86)\Arena\Tournaments\Ultimate Engine Battle 20251108.pgn

No:  B/W 1/2     W:B       1:2           Time        Value Moves Dep 1:2       1-2-Draws
   5 W 1    1.5:0.5        2.5:2.5       4:22:34 PM  +289.99    59 4.964 :4.000  2-2-1

--------------------------------------------------------------

Engine-Match Friday, November 14, 2025 4:22:35 PM
 Blitz 90/1 

Pairing 80/136 :    VPR_v9.0  -  VPR_v8.1

PGN-File: C:\Program Files (x86)\Arena\Tournaments\Ultimate Engine Battle 20251108.pgn

No:  B/W 1/2     W:B       1:2           Time        Value Moves Dep 1:2       1-2-Draws
   5 W 1    2.0:1.0        4.0:1.0       4:28:23 PM   +10.15    47 6.000 :6.000  3-0-2

--------------------------------------------------------------

Engine-Match Friday, November 14, 2025 4:28:24 PM
 Blitz 90/1 

Pairing 81/136 :    SlowMate_v3.1  -  PositionalOpponent

PGN-File: C:\Program Files (x86)\Arena\Tournaments\Ultimate Engine Battle 20251108.pgn

No:  B/W 1/2     W:B       1:2           Time        Value Moves Dep 1:2       1-2-Draws
   5 = =    1.5:1.5        1.5:3.5       5:26:14 PM   -10.10    37 5.189 :6.000  0-2-3

--------------------------------------------------------------

Engine-Match Friday, November 14, 2025 5:26:16 PM
 Blitz 90/1 

Pairing 82/136 :    MaterialOpponent  -  Stockfish 1%

PGN-File: C:\Program Files (x86)\Arena\Tournaments\Ultimate Engine Battle 20251108.pgn

No:  B/W 1/2     W:B       1:2           Time        Value Moves Dep 1:2       1-2-Draws
   5 B 2    1.0:0.0        0.0:5.0       5:27:34 PM      -M1    26 6.000 :37.885  0-5-0

--------------------------------------------------------------

Engine-Match Friday, November 14, 2025 5:27:35 PM
 Blitz 90/1 

Pairing 83/136 :    V7P3R_v10.8  -  CoverageOpponent

PGN-File: C:\Program Files (x86)\Arena\Tournaments\Ultimate Engine Battle 20251108.pgn

No:  B/W 1/2     W:B       1:2           Time        Value Moves Dep 1:2       1-2-Draws
   5 B 2    2.0:1.0        1.0:4.0       5:37:55 PM  -299.99    44 4.286 :6.000  0-3-2

--------------------------------------------------------------

Engine-Match Friday, November 14, 2025 5:37:57 PM
 Blitz 90/1 

Pairing 84/136 :    CaptureOpponent  -  V7P3R_v12.6

PGN-File: C:\Program Files (x86)\Arena\Tournaments\Ultimate Engine Battle 20251108.pgn

No:  B/W 1/2     W:B       1:2           Time        Value Moves Dep 1:2       1-2-Draws
   5 B 2    1.0:0.0        0.0:5.0       5:49:32 PM     0.00    14 6.929 :4.909  0-5-0

--------------------------------------------------------------

Engine-Match Friday, November 14, 2025 5:49:33 PM
 Blitz 90/1 

Pairing 85/136 :    V7P3R_v14.0  -  C0BR4_v3.1

PGN-File: C:\Program Files (x86)\Arena\Tournaments\Ultimate Engine Battle 20251108.pgn

No:  B/W 1/2     W:B       1:2           Time        Value Moves Dep 1:2       1-2-Draws
   5 = =    0.5:0.5        4.5:0.5       6:02:42 PM    -6.75    51 5.167 :4.000  4-0-1

--------------------------------------------------------------

Engine-Match Friday, November 14, 2025 6:02:43 PM
 Blitz 90/1 

Pairing 86/136 :    C0BR4_v2.9  -  V7P3R_v14.1

PGN-File: C:\Program Files (x86)\Arena\Tournaments\Ultimate Engine Battle 20251108.pgn

No:  B/W 1/2     W:B       1:2           Time        Value Moves Dep 1:2       1-2-Draws
   5 B 2    2.0:1.0        1.0:4.0       6:07:24 PM   -14.76    30 4.000 :4.600  0-3-2

--------------------------------------------------------------

Engine-Match Friday, November 14, 2025 6:07:25 PM
 Blitz 90/1 

Pairing 87/136 :    V7P3R_v14.2  -  VPR_v9.0

PGN-File: C:\Program Files (x86)\Arena\Tournaments\Ultimate Engine Battle 20251108.pgn

No:  B/W 1/2     W:B       1:2           Time        Value Moves Dep 1:2       1-2-Draws
   5 = =    1.0:1.0        2.0:3.0       6:22:55 PM    -6.69    69 5.095 :6.000  1-2-2

--------------------------------------------------------------

Engine-Match Friday, November 14, 2025 6:22:56 PM
 Blitz 90/1 

Pairing 88/136 :    VPR_v8.1  -  V7P3R_v14.3

PGN-File: C:\Program Files (x86)\Arena\Tournaments\Ultimate Engine Battle 20251108.pgn

No:  B/W 1/2     W:B       1:2           Time        Value Moves Dep 1:2       1-2-Draws
   5 B 2    1.0:0.0        0.0:5.0       6:35:27 PM  -299.98    56 6.000 :4.857  0-5-0

--------------------------------------------------------------

Engine-Match Friday, November 14, 2025 6:35:28 PM
 Blitz 90/1 

Pairing 89/136 :    RandomOpponent  -  MaterialOpponent

PGN-File: C:\Program Files (x86)\Arena\Tournaments\Ultimate Engine Battle 20251108.pgn

No:  B/W 1/2     W:B       1:2           Time        Value Moves Dep 1:2       1-2-Draws
   5 B 2    1.0:0.0        0.0:5.0       6:36:31 PM  -299.99    35 0:6.000  0-5-0

--------------------------------------------------------------

Engine-Match Friday, November 14, 2025 6:36:32 PM
 Blitz 90/1 

Pairing 90/136 :    CoverageOpponent  -  SlowMate_v3.1

PGN-File: C:\Program Files (x86)\Arena\Tournaments\Ultimate Engine Battle 20251108.pgn

No:  B/W 1/2     W:B       1:2           Time        Value Moves Dep 1:2       1-2-Draws
   5 = =    2.5:2.5        2.5:2.5       7:41:15 PM    -8.19    49 6.000 :5.826  0-0-5

--------------------------------------------------------------

Engine-Match Friday, November 14, 2025 7:41:17 PM
 Blitz 90/1 

Pairing 91/136 :    Stockfish 1%  -  CaptureOpponent

PGN-File: C:\Program Files (x86)\Arena\Tournaments\Ultimate Engine Battle 20251108.pgn

No:  B/W 1/2     W:B       1:2           Time        Value Moves Dep 1:2       1-2-Draws
   5 W 1    1.0:0.0        5.0:0.0       7:51:55 PM   +11.65    20 29.150 :7.000  5-0-0

--------------------------------------------------------------

Engine-Match Friday, November 14, 2025 7:51:57 PM
 Blitz 90/1 

Pairing 92/136 :    C0BR4_v3.1  -  V7P3R_v10.8

PGN-File: C:\Program Files (x86)\Arena\Tournaments\Ultimate Engine Battle 20251108.pgn

No:  B/W 1/2     W:B       1:2           Time        Value Moves Dep 1:2       1-2-Draws
   5 = =    1.5:1.5        2.5:2.5       8:00:38 PM    +5.84    67 4.000 :4.077  1-1-3

--------------------------------------------------------------

Engine-Match Friday, November 14, 2025 8:00:40 PM
 Blitz 90/1 

Pairing 93/136 :    V7P3R_v12.6  -  C0BR4_v2.9

PGN-File: C:\Program Files (x86)\Arena\Tournaments\Ultimate Engine Battle 20251108.pgn

No:  B/W 1/2     W:B       1:2           Time        Value Moves Dep 1:2       1-2-Draws
   5 = =    0.5:0.5        3.5:1.5       8:09:11 PM    -4.26    21 5.357 :4.000  3-1-1

--------------------------------------------------------------

Engine-Match Friday, November 14, 2025 8:09:13 PM
 Blitz 90/1 

Pairing 94/136 :    VPR_v9.0  -  V7P3R_v14.0

PGN-File: C:\Program Files (x86)\Arena\Tournaments\Ultimate Engine Battle 20251108.pgn

No:  B/W 1/2     W:B       1:2           Time        Value Moves Dep 1:2       1-2-Draws
   5 B 2    2.0:1.0        1.0:4.0       8:27:17 PM   -12.77    34 6.000 :5.269  0-3-2

--------------------------------------------------------------

Engine-Match Friday, November 14, 2025 8:27:19 PM
 Blitz 90/1 

Pairing 95/136 :    V7P3R_v14.1  -  VPR_v8.1

PGN-File: C:\Program Files (x86)\Arena\Tournaments\Ultimate Engine Battle 20251108.pgn

No:  B/W 1/2     W:B       1:2           Time        Value Moves Dep 1:2       1-2-Draws
   5 = =    2.5:2.5        2.5:2.5       8:36:01 PM    +9.58    41 4.571 :6.000  0-0-5

--------------------------------------------------------------

Engine-Match Friday, November 14, 2025 8:36:02 PM
 Blitz 90/1 

Pairing 96/136 :    V7P3R_v14.3  -  V7P3R_v14.2

PGN-File: C:\Program Files (x86)\Arena\Tournaments\Ultimate Engine Battle 20251108.pgn

No:  B/W 1/2     W:B       1:2           Time        Value Moves Dep 1:2       1-2-Draws
   5 W 1    1.0:0.0        2.0:3.0       8:45:05 PM   +32.35    58 5.643 :4.800  2-3-0

--------------------------------------------------------------

Engine-Match Friday, November 14, 2025 8:45:21 PM
 Blitz 90/1 

Pairing 97/136 :    PositionalOpponent  -  CoverageOpponent

PGN-File: C:\Program Files (x86)\Arena\Tournaments\Ultimate Engine Battle 20251108.pgn

No:  B/W 1/2     W:B       1:2           Time        Value Moves Dep 1:2       1-2-Draws
   5 W 1    1.0:0.0        5.0:0.0       8:51:09 PM  +299.99    46 6.000 :6.000  5-0-0

--------------------------------------------------------------

Engine-Match Friday, November 14, 2025 8:51:11 PM
 Blitz 90/1 

Pairing 98/136 :    CaptureOpponent  -  RandomOpponent

PGN-File: C:\Program Files (x86)\Arena\Tournaments\Ultimate Engine Battle 20251108.pgn

No:  B/W 1/2     W:B       1:2           Time        Value Moves Dep 1:2       1-2-Draws
   5 W 1    1.5:0.5        3.5:1.5       9:17:19 PM  +299.99    57 6.261 :0 3-1-1

--------------------------------------------------------------

Engine-Match Friday, November 14, 2025 9:17:20 PM
 Blitz 90/1 

Pairing 99/136 :    SlowMate_v3.1  -  C0BR4_v3.1

PGN-File: C:\Program Files (x86)\Arena\Tournaments\Ultimate Engine Battle 20251108.pgn

No:  B/W 1/2     W:B       1:2           Time        Value Moves Dep 1:2       1-2-Draws
   5 B 2    1.0:0.0        2.0:3.0       9:52:25 PM  -299.97    22 5.818 :3.900  2-3-0

--------------------------------------------------------------

Engine-Match Friday, November 14, 2025 9:52:27 PM
 Blitz 90/1 

Pairing 100/136 :    C0BR4_v2.9  -  Stockfish 1%

PGN-File: C:\Program Files (x86)\Arena\Tournaments\Ultimate Engine Battle 20251108.pgn

No:  B/W 1/2     W:B       1:2           Time        Value Moves Dep 1:2       1-2-Draws
   5 B 2    1.0:0.0        0.0:5.0       9:53:20 PM      -M1    25 3.957 :35.360  0-5-0

--------------------------------------------------------------

Engine-Match Friday, November 14, 2025 9:53:22 PM
 Blitz 90/1 

Pairing 101/136 :    V7P3R_v10.8  -  VPR_v9.0

PGN-File: C:\Program Files (x86)\Arena\Tournaments\Ultimate Engine Battle 20251108.pgn

No:  B/W 1/2     W:B       1:2           Time        Value Moves Dep 1:2       1-2-Draws
   5 B 2    1.5:0.5        0.5:4.5       10:07:57 PM   -18.58    70 4.135 :6.000  0-4-1

--------------------------------------------------------------

Engine-Match Friday, November 14, 2025 10:07:59 PM
 Blitz 90/1 

Pairing 102/136 :    VPR_v8.1  -  V7P3R_v12.6

PGN-File: C:\Program Files (x86)\Arena\Tournaments\Ultimate Engine Battle 20251108.pgn

No:  B/W 1/2     W:B       1:2           Time        Value Moves Dep 1:2       1-2-Draws
   5 = =    1.5:1.5        3.5:1.5       10:35:53 PM    +2.64    79 6.000 :5.051  2-0-3

--------------------------------------------------------------

Engine-Match Friday, November 14, 2025 10:35:55 PM
 Blitz 90/1 

Pairing 103/136 :    V7P3R_v14.0  -  V7P3R_v14.3

PGN-File: C:\Program Files (x86)\Arena\Tournaments\Ultimate Engine Battle 20251108.pgn

No:  B/W 1/2     W:B       1:2           Time        Value Moves Dep 1:2       1-2-Draws
   5 W 1    1.0:0.0        4.0:1.0       10:57:16 PM  +289.98    66 5.520 :5.304  4-1-0

--------------------------------------------------------------

Engine-Match Friday, November 14, 2025 10:57:17 PM
 Blitz 90/1 

Pairing 104/136 :    V7P3R_v14.2  -  V7P3R_v14.1

PGN-File: C:\Program Files (x86)\Arena\Tournaments\Ultimate Engine Battle 20251108.pgn

No:  B/W 1/2     W:B       1:2           Time        Value Moves Dep 1:2       1-2-Draws
   5 = =    1.5:1.5        1.5:3.5       11:11:23 PM     0.00    76 4.875 :5.091  0-2-3

--------------------------------------------------------------

Engine-Match Friday, November 14, 2025 11:11:24 PM
 Blitz 90/1 

Pairing 105/136 :    MaterialOpponent  -  CaptureOpponent

PGN-File: C:\Program Files (x86)\Arena\Tournaments\Ultimate Engine Battle 20251108.pgn

No:  B/W 1/2     W:B       1:2           Time        Value Moves Dep 1:2       1-2-Draws
   5 W 1    1.0:0.0        5.0:0.0       11:21:18 PM  +299.99    20 6.000 :6.842  5-0-0

--------------------------------------------------------------

Engine-Match Friday, November 14, 2025 11:21:20 PM
 Blitz 90/1 

Pairing 106/136 :    C0BR4_v3.1  -  PositionalOpponent

PGN-File: C:\Program Files (x86)\Arena\Tournaments\Ultimate Engine Battle 20251108.pgn

No:  B/W 1/2     W:B       1:2           Time        Value Moves Dep 1:2       1-2-Draws
   5 B 2    1.0:0.0        0.0:5.0       11:24:18 PM  -299.99    26 3.960 :6.000  0-5-0

--------------------------------------------------------------

Engine-Match Friday, November 14, 2025 11:24:20 PM
 Blitz 90/1 

Pairing 107/136 :    RandomOpponent  -  C0BR4_v2.9

PGN-File: C:\Program Files (x86)\Arena\Tournaments\Ultimate Engine Battle 20251108.pgn

No:  B/W 1/2     W:B       1:2           Time        Value Moves Dep 1:2       1-2-Draws
   5 B 2    1.0:0.0        0.0:5.0       11:24:50 PM  -299.97    30 0:3.929  0-5-0

--------------------------------------------------------------

Engine-Match Friday, November 14, 2025 11:24:51 PM
 Blitz 90/1 

Pairing 108/136 :    VPR_v9.0  -  SlowMate_v3.1

PGN-File: C:\Program Files (x86)\Arena\Tournaments\Ultimate Engine Battle 20251108.pgn

No:  B/W 1/2     W:B       1:2           Time        Value Moves Dep 1:2       1-2-Draws
   5 = =    1.5:1.5        3.5:1.5       12:14:39 AM    -2.45    31 6.000 :5.323  2-0-3

--------------------------------------------------------------

Engine-Match Saturday, November 15, 2025 12:14:40 AM
 Blitz 90/1 

Pairing 109/136 :    Stockfish 1%  -  VPR_v8.1

PGN-File: C:\Program Files (x86)\Arena\Tournaments\Ultimate Engine Battle 20251108.pgn

No:  B/W 1/2     W:B       1:2           Time        Value Moves Dep 1:2       1-2-Draws
   5 W 1    1.0:0.0        5.0:0.0       12:16:28 AM      +M1    29 29.346 :6.000  5-0-0

--------------------------------------------------------------

Engine-Match Saturday, November 15, 2025 12:16:30 AM
 Blitz 90/1 

Pairing 110/136 :    V7P3R_v14.3  -  V7P3R_v10.8

PGN-File: C:\Program Files (x86)\Arena\Tournaments\Ultimate Engine Battle 20251108.pgn

No:  B/W 1/2     W:B       1:2           Time        Value Moves Dep 1:2       1-2-Draws
   5 B 2    1.0:0.0        2.0:3.0       12:27:39 AM     0.00    31 5.391 :4.190  2-3-0

--------------------------------------------------------------

Engine-Match Saturday, November 15, 2025 12:27:40 AM
 Blitz 90/1 

Pairing 111/136 :    V7P3R_v12.6  -  V7P3R_v14.2

PGN-File: C:\Program Files (x86)\Arena\Tournaments\Ultimate Engine Battle 20251108.pgn

No:  B/W 1/2     W:B       1:2           Time        Value Moves Dep 1:2       1-2-Draws
   5 = =    1.0:1.0        2.0:3.0       12:43:19 AM     0.00    33 5.111 :4.857  1-2-2

--------------------------------------------------------------

Engine-Match Saturday, November 15, 2025 12:43:20 AM
 Blitz 90/1 

Pairing 112/136 :    V7P3R_v14.1  -  V7P3R_v14.0

PGN-File: C:\Program Files (x86)\Arena\Tournaments\Ultimate Engine Battle 20251108.pgn

No:  B/W 1/2     W:B       1:2           Time        Value Moves Dep 1:2       1-2-Draws
   5 B 2    1.0:0.0        1.0:4.0       12:59:55 AM     0.00    56 4.737 :5.200  1-4-0

--------------------------------------------------------------

Engine-Match Saturday, November 15, 2025 12:59:56 AM
 Blitz 90/1 

Pairing 113/136 :    CoverageOpponent  -  C0BR4_v3.1

PGN-File: C:\Program Files (x86)\Arena\Tournaments\Ultimate Engine Battle 20251108.pgn

No:  B/W 1/2     W:B       1:2           Time        Value Moves Dep 1:2       1-2-Draws
   5 = =    1.5:1.5        2.5:2.5       1:03:18 AM    -4.18    25 6.000 :4.000  1-1-3

--------------------------------------------------------------

Engine-Match Saturday, November 15, 2025 1:03:19 AM
 Blitz 90/1 

Pairing 114/136 :    C0BR4_v2.9  -  MaterialOpponent

PGN-File: C:\Program Files (x86)\Arena\Tournaments\Ultimate Engine Battle 20251108.pgn

No:  B/W 1/2     W:B       1:2           Time        Value Moves Dep 1:2       1-2-Draws
   5 = =    2.0:2.0        2.0:3.0       1:04:52 AM    +7.18    52 4.000 :6.000  0-1-4

--------------------------------------------------------------

Engine-Match Saturday, November 15, 2025 1:04:54 AM
 Blitz 90/1 

Pairing 115/136 :    PositionalOpponent  -  VPR_v9.0

PGN-File: C:\Program Files (x86)\Arena\Tournaments\Ultimate Engine Battle 20251108.pgn

No:  B/W 1/2     W:B       1:2           Time        Value Moves Dep 1:2       1-2-Draws
   5 W 1    1.0:0.0        5.0:0.0       1:12:06 AM  +299.99    28 6.000 :6.000  5-0-0

--------------------------------------------------------------

Engine-Match Saturday, November 15, 2025 1:12:08 AM
 Blitz 90/1 

Pairing 116/136 :    VPR_v8.1  -  RandomOpponent

PGN-File: C:\Program Files (x86)\Arena\Tournaments\Ultimate Engine Battle 20251108.pgn

No:  B/W 1/2     W:B       1:2           Time        Value Moves Dep 1:2       1-2-Draws
   5 W 1    1.0:0.0        5.0:0.0       1:13:09 AM  +299.99    33 6.000 :0 5-0-0

--------------------------------------------------------------

Engine-Match Saturday, November 15, 2025 1:13:21 AM
 Blitz 90/1 

Pairing 117/136 :    SlowMate_v3.1  -  V7P3R_v14.3

PGN-File: C:\Program Files (x86)\Arena\Tournaments\Ultimate Engine Battle 20251108.pgn

No:  B/W 1/2     W:B       1:2           Time        Value Moves Dep 1:2       1-2-Draws
   5 B 2    1.0:0.0        0.0:5.0       2:05:06 AM  -289.99    30 5.267 :5.000  0-5-0

--------------------------------------------------------------

Engine-Match Saturday, November 15, 2025 2:05:07 AM
 Blitz 90/1 

Pairing 118/136 :    V7P3R_v14.2  -  Stockfish 1%

PGN-File: C:\Program Files (x86)\Arena\Tournaments\Ultimate Engine Battle 20251108.pgn

No:  B/W 1/2     W:B       1:2           Time        Value Moves Dep 1:2       1-2-Draws
   5 B 2    1.0:0.0        0.0:5.0       2:08:46 AM      -M1    19 5.000 :34.842  0-5-0

--------------------------------------------------------------

Engine-Match Saturday, November 15, 2025 2:08:47 AM
 Blitz 90/1 

Pairing 119/136 :    V7P3R_v10.8  -  V7P3R_v14.1

PGN-File: C:\Program Files (x86)\Arena\Tournaments\Ultimate Engine Battle 20251108.pgn

No:  B/W 1/2     W:B       1:2           Time        Value Moves Dep 1:2       1-2-Draws
   5 = =    2.0:2.0        3.0:2.0       2:21:19 AM     0.00    43 4.000 :4.654  1-0-4

--------------------------------------------------------------

Engine-Match Saturday, November 15, 2025 2:21:20 AM
 Blitz 90/1 

Pairing 120/136 :    V7P3R_v14.0  -  V7P3R_v12.6

PGN-File: C:\Program Files (x86)\Arena\Tournaments\Ultimate Engine Battle 20251108.pgn

No:  B/W 1/2     W:B       1:2           Time        Value Moves Dep 1:2       1-2-Draws
   5 W 1    1.0:0.0        3.0:2.0       2:42:18 AM   +13.81    44 5.000 :4.789  3-2-0

--------------------------------------------------------------

Engine-Match Saturday, November 15, 2025 2:42:19 AM
 Blitz 90/1 

Pairing 121/136 :    CaptureOpponent  -  C0BR4_v2.9

PGN-File: C:\Program Files (x86)\Arena\Tournaments\Ultimate Engine Battle 20251108.pgn

No:  B/W 1/2     W:B       1:2           Time        Value Moves Dep 1:2       1-2-Draws
   5 B 2    1.0:0.0        0.0:5.0       2:47:08 AM  -299.97    10 6.800 :3.750  0-5-0

--------------------------------------------------------------

Engine-Match Saturday, November 15, 2025 2:47:10 AM
 Blitz 90/1 

Pairing 122/136 :    VPR_v9.0  -  CoverageOpponent

PGN-File: C:\Program Files (x86)\Arena\Tournaments\Ultimate Engine Battle 20251108.pgn

No:  B/W 1/2     W:B       1:2           Time        Value Moves Dep 1:2       1-2-Draws
   5 = =    1.5:1.5        1.5:3.5       2:53:27 AM    +3.70    30 6.000 :6.000  0-2-3

--------------------------------------------------------------

Engine-Match Saturday, November 15, 2025 2:53:29 AM
 Blitz 90/1 

Pairing 123/136 :    MaterialOpponent  -  VPR_v8.1

PGN-File: C:\Program Files (x86)\Arena\Tournaments\Ultimate Engine Battle 20251108.pgn

No:  B/W 1/2     W:B       1:2           Time        Value Moves Dep 1:2       1-2-Draws
   5 = =    2.5:2.5        2.5:2.5       2:53:43 AM     0.00     7 6.000 :6.000  0-0-5

--------------------------------------------------------------

Engine-Match Saturday, November 15, 2025 2:53:45 AM
 Blitz 90/1 

Pairing 124/136 :    V7P3R_v14.3  -  PositionalOpponent

PGN-File: C:\Program Files (x86)\Arena\Tournaments\Ultimate Engine Battle 20251108.pgn

No:  B/W 1/2     W:B       1:2           Time        Value Moves Dep 1:2       1-2-Draws
   5 B 2    1.0:0.0        0.0:5.0       3:04:31 AM  -299.99    33 5.000 :6.000  0-5-0

--------------------------------------------------------------

Engine-Match Saturday, November 15, 2025 3:04:32 AM
 Blitz 90/1 

Pairing 125/136 :    RandomOpponent  -  V7P3R_v14.2

PGN-File: C:\Program Files (x86)\Arena\Tournaments\Ultimate Engine Battle 20251108.pgn

No:  B/W 1/2     W:B       1:2           Time        Value Moves Dep 1:2       1-2-Draws
   5 B 2    1.0:0.0        0.0:5.0       3:06:33 AM     0.00     9 0:5.375  0-5-0

--------------------------------------------------------------

Engine-Match Saturday, November 15, 2025 3:06:34 AM
 Blitz 90/1 

Pairing 126/136 :    V7P3R_v14.1  -  SlowMate_v3.1

PGN-File: C:\Program Files (x86)\Arena\Tournaments\Ultimate Engine Battle 20251108.pgn

No:  B/W 1/2     W:B       1:2           Time        Value Moves Dep 1:2       1-2-Draws
   5 W 1    2.0:1.0        4.0:1.0       4:07:44 AM  +289.99    39 4.533 :4.895  3-0-2

--------------------------------------------------------------

Engine-Match Saturday, November 15, 2025 4:07:45 AM
 Blitz 90/1 

Pairing 127/136 :    Stockfish 1%  -  V7P3R_v14.0

PGN-File: C:\Program Files (x86)\Arena\Tournaments\Ultimate Engine Battle 20251108.pgn

No:  B/W 1/2     W:B       1:2           Time        Value Moves Dep 1:2       1-2-Draws
   5 W 1    1.0:0.0        5.0:0.0       4:15:14 AM      +M1    23 28.870 :5.333  5-0-0

--------------------------------------------------------------

Engine-Match Saturday, November 15, 2025 4:15:16 AM
 Blitz 90/1 

Pairing 128/136 :    V7P3R_v12.6  -  V7P3R_v10.8

PGN-File: C:\Program Files (x86)\Arena\Tournaments\Ultimate Engine Battle 20251108.pgn

No:  B/W 1/2     W:B       1:2           Time        Value Moves Dep 1:2       1-2-Draws
   5 = =    1.5:1.5        3.5:1.5       4:28:54 AM    -0.02    41 5.067 :4.059  2-0-3

--------------------------------------------------------------

Engine-Match Saturday, November 15, 2025 4:28:55 AM
 Blitz 90/1 

Pairing 129/136 :    C0BR4_v3.1  -  VPR_v9.0

PGN-File: C:\Program Files (x86)\Arena\Tournaments\Ultimate Engine Battle 20251108.pgn

No:  B/W 1/2     W:B       1:2           Time        Value Moves Dep 1:2       1-2-Draws
   5 = =    1.5:1.5        1.5:3.5       4:33:43 AM    -0.51    39 4.000 :6.000  0-2-3

--------------------------------------------------------------

Engine-Match Saturday, November 15, 2025 4:33:45 AM
 Blitz 90/1 

Pairing 130/136 :    VPR_v8.1  -  CaptureOpponent

PGN-File: C:\Program Files (x86)\Arena\Tournaments\Ultimate Engine Battle 20251108.pgn

No:  B/W 1/2     W:B       1:2           Time        Value Moves Dep 1:2       1-2-Draws
   5 W 1    1.0:0.0        5.0:0.0       4:43:11 AM   +11.80    18 6.000 :6.778  5-0-0

--------------------------------------------------------------

Engine-Match Saturday, November 15, 2025 4:43:13 AM
 Blitz 90/1 

Pairing 131/136 :    CoverageOpponent  -  V7P3R_v14.3

PGN-File: C:\Program Files (x86)\Arena\Tournaments\Ultimate Engine Battle 20251108.pgn

No:  B/W 1/2     W:B       1:2           Time        Value Moves Dep 1:2       1-2-Draws
   5 = =    1.5:1.5        1.5:3.5       4:49:23 AM   -16.57    22 6.000 :5.211  0-2-3

--------------------------------------------------------------

Engine-Match Saturday, November 15, 2025 4:49:25 AM
 Blitz 90/1 

Pairing 132/136 :    V7P3R_v14.2  -  MaterialOpponent

PGN-File: C:\Program Files (x86)\Arena\Tournaments\Ultimate Engine Battle 20251108.pgn

No:  B/W 1/2     W:B       1:2           Time        Value Moves Dep 1:2       1-2-Draws
   5 = =    1.5:1.5        1.5:3.5       4:52:03 AM    -1.25    14 4.700 :6.000  0-2-3

--------------------------------------------------------------

Engine-Match Saturday, November 15, 2025 4:52:05 AM
 Blitz 90/1 

Pairing 133/136 :    PositionalOpponent  -  V7P3R_v14.1

PGN-File: C:\Program Files (x86)\Arena\Tournaments\Ultimate Engine Battle 20251108.pgn

No:  B/W 1/2     W:B       1:2           Time        Value Moves Dep 1:2       1-2-Draws
   5 W 1    1.0:0.0        5.0:0.0       5:03:09 AM  +299.99    48 6.000 :4.889  5-0-0

--------------------------------------------------------------

Engine-Match Saturday, November 15, 2025 5:03:11 AM
 Blitz 90/1 

Pairing 134/136 :    V7P3R_v14.0  -  RandomOpponent

PGN-File: C:\Program Files (x86)\Arena\Tournaments\Ultimate Engine Battle 20251108.pgn

No:  B/W 1/2     W:B       1:2           Time        Value Moves Dep 1:2       1-2-Draws
   5 W 1    1.0:0.0        5.0:0.0       5:05:56 AM  +289.99     9 5.286 :0 5-0-0

--------------------------------------------------------------

Engine-Match Saturday, November 15, 2025 5:05:57 AM
 Blitz 90/1 

Pairing 135/136 :    SlowMate_v3.1  -  V7P3R_v12.6

PGN-File: C:\Program Files (x86)\Arena\Tournaments\Ultimate Engine Battle 20251108.pgn

No:  B/W 1/2     W:B       1:2           Time        Value Moves Dep 1:2       1-2-Draws
   5 B 2    1.5:0.5        0.5:4.5       6:23:06 AM  -289.99    47 5.298 :4.784  0-4-1

--------------------------------------------------------------

Engine-Match Saturday, November 15, 2025 6:23:07 AM
 Blitz 90/1 

Pairing 136/136 :    V7P3R_v10.8  -  Stockfish 1%

PGN-File: C:\Program Files (x86)\Arena\Tournaments\Ultimate Engine Battle 20251108.pgn

No:  B/W 1/2     W:B       1:2           Time        Value Moves Dep 1:2       1-2-Draws
   5 B 2    1.0:0.0        0.0:5.0       6:27:50 AM  -289.97    28 4.000 :27.556  0-5-0

--------------------------------------------------------------

Engine-Match Saturday, November 15, 2025 6:27:58 AM
 Blitz 90/1 

Pairing 1/136 :    C0BR4_v2.9  -  VPR_v8.1

PGN-File: C:\Program Files (x86)\Arena\Tournaments\Ultimate Engine Battle 20251108.pgn

No:  B/W 1/2     W:B       1:2           Time        Value Moves Dep 1:2       1-2-Draws
   6 B 1    2.0:1.0        2.0:4.0       6:29:01 AM   -18.00    25 4.000 :6.000  1-3-2

--------------------------------------------------------------

Engine-Match Saturday, November 15, 2025 6:29:02 AM
 Blitz 90/1 

Pairing 2/136 :    V7P3R_v14.3  -  C0BR4_v3.1

PGN-File: C:\Program Files (x86)\Arena\Tournaments\Ultimate Engine Battle 20251108.pgn

No:  B/W 1/2     W:B       1:2           Time        Value Moves Dep 1:2       1-2-Draws
   6 W 2    1.0:0.0        3.0:3.0       6:35:31 AM    +9.22    48 5.063 :4.000  3-3-0

--------------------------------------------------------------

Engine-Match Saturday, November 15, 2025 6:35:32 AM
 Blitz 90/1 

Pairing 3/136 :    CaptureOpponent  -  V7P3R_v14.2

PGN-File: C:\Program Files (x86)\Arena\Tournaments\Ultimate Engine Battle 20251108.pgn

No:  B/W 1/2     W:B       1:2           Time        Value Moves Dep 1:2       1-2-Draws
   6 W 2    1.0:0.0        0.0:6.0       6:50:20 AM   +21.70    21 7.333 :4.684  0-6-0

--------------------------------------------------------------

Engine-Match Saturday, November 15, 2025 6:50:22 AM
 Blitz 90/1 

Pairing 4/136 :    V7P3R_v14.1  -  CoverageOpponent

PGN-File: C:\Program Files (x86)\Arena\Tournaments\Ultimate Engine Battle 20251108.pgn

No:  B/W 1/2     W:B       1:2           Time        Value Moves Dep 1:2       1-2-Draws
   6 = =    1.5:1.5        1.5:4.5       6:57:15 AM     0.00    24 4.611 :6.000  0-3-3

--------------------------------------------------------------

Engine-Match Saturday, November 15, 2025 6:57:17 AM
 Blitz 90/1 

Pairing 5/136 :    MaterialOpponent  -  V7P3R_v14.0

PGN-File: C:\Program Files (x86)\Arena\Tournaments\Ultimate Engine Battle 20251108.pgn

No:  B/W 1/2     W:B       1:2           Time        Value Moves Dep 1:2       1-2-Draws
   6 = =    0.5:0.5        0.5:5.5       7:20:54 AM    +2.10    72 6.000 :5.095  0-5-1

--------------------------------------------------------------

Engine-Match Saturday, November 15, 2025 7:20:56 AM
 Blitz 90/1 

Pairing 6/136 :    V7P3R_v12.6  -  PositionalOpponent

PGN-File: C:\Program Files (x86)\Arena\Tournaments\Ultimate Engine Battle 20251108.pgn

No:  B/W 1/2     W:B       1:2           Time        Value Moves Dep 1:2       1-2-Draws
   6 B 1    1.0:0.0        3.0:3.0       7:37:41 AM   -10.50    52 4.640 :6.000  3-3-0

--------------------------------------------------------------

Engine-Match Saturday, November 15, 2025 7:37:42 AM
 Blitz 90/1 

Pairing 7/136 :    RandomOpponent  -  V7P3R_v10.8

PGN-File: C:\Program Files (x86)\Arena\Tournaments\Ultimate Engine Battle 20251108.pgn

No:  B/W 1/2     W:B       1:2           Time        Value Moves Dep 1:2       1-2-Draws
   6 W 2    1.0:0.0        0.0:6.0       7:40:37 AM     0.00    16 0:4.583  0-6-0

--------------------------------------------------------------

Engine-Match Saturday, November 15, 2025 7:40:38 AM
 Blitz 90/1 

Pairing 8/136 :    Stockfish 1%  -  SlowMate_v3.1

PGN-File: C:\Program Files (x86)\Arena\Tournaments\Ultimate Engine Battle 20251108.pgn

No:  B/W 1/2     W:B       1:2           Time        Value Moves Dep 1:2       1-2-Draws
   6 B 1    1.0:0.0        6.0:0.0       8:24:04 AM      -M1    29 25.655 :5.483  6-0-0

--------------------------------------------------------------

Engine-Match Saturday, November 15, 2025 8:24:05 AM
 Blitz 90/1 

Pairing 9/136 :    VPR_v9.0  -  V7P3R_v14.3

PGN-File: C:\Program Files (x86)\Arena\Tournaments\Ultimate Engine Battle 20251108.pgn

No:  B/W 1/2     W:B       1:2           Time        Value Moves Dep 1:2       1-2-Draws
   6 W 2    1.5:0.5        3.5:2.5       8:50:17 AM  +289.99    71 6.000 :4.796  3-2-1

--------------------------------------------------------------

Engine-Match Saturday, November 15, 2025 8:50:18 AM
 Blitz 90/1 

Pairing 10/136 :    V7P3R_v14.2  -  C0BR4_v2.9

PGN-File: C:\Program Files (x86)\Arena\Tournaments\Ultimate Engine Battle 20251108.pgn

No:  B/W 1/2     W:B       1:2           Time        Value Moves Dep 1:2       1-2-Draws
   6 W 2    3.0:2.0        3.0:3.0       8:55:24 AM  +299.97    43 5.133 :4.000  1-1-4

--------------------------------------------------------------

Engine-Match Saturday, November 15, 2025 8:55:25 AM
 Blitz 90/1 

Pairing 11/136 :    C0BR4_v3.1  -  V7P3R_v14.1

PGN-File: C:\Program Files (x86)\Arena\Tournaments\Ultimate Engine Battle 20251108.pgn

No:  B/W 1/2     W:B       1:2           Time        Value Moves Dep 1:2       1-2-Draws
   6 = =    1.5:1.5        2.5:3.5       9:02:39 AM    +7.49    44 4.000 :5.000  1-2-3

--------------------------------------------------------------

Engine-Match Saturday, November 15, 2025 9:02:41 AM
 Blitz 90/1 

Pairing 12/136 :    V7P3R_v14.0  -  CaptureOpponent

PGN-File: C:\Program Files (x86)\Arena\Tournaments\Ultimate Engine Battle 20251108.pgn

No:  B/W 1/2     W:B       1:2           Time        Value Moves Dep 1:2       1-2-Draws
   6 B 1    1.0:0.0        6.0:0.0       9:19:41 AM  -289.99    19 6.000 :7.263  6-0-0

--------------------------------------------------------------

Engine-Match Saturday, November 15, 2025 9:19:42 AM
 Blitz 90/1 

Pairing 13/136 :    CoverageOpponent  -  V7P3R_v12.6

PGN-File: C:\Program Files (x86)\Arena\Tournaments\Ultimate Engine Battle 20251108.pgn

No:  B/W 1/2     W:B       1:2           Time        Value Moves Dep 1:2       1-2-Draws
   6 = =    2.0:2.0        2.0:4.0       9:38:41 AM     0.00    48 6.000 :5.500  0-2-4

--------------------------------------------------------------

Engine-Match Saturday, November 15, 2025 9:38:43 AM
 Blitz 90/1 

Pairing 14/136 :    V7P3R_v10.8  -  MaterialOpponent

PGN-File: C:\Program Files (x86)\Arena\Tournaments\Ultimate Engine Battle 20251108.pgn

No:  B/W 1/2     W:B       1:2           Time        Value Moves Dep 1:2       1-2-Draws
   6 B 1    1.5:0.5        4.5:1.5       9:46:04 AM  -299.94    57 3.955 :6.000  4-1-1

--------------------------------------------------------------

Engine-Match Saturday, November 15, 2025 9:46:06 AM
 Blitz 90/1 

Pairing 15/136 :    PositionalOpponent  -  Stockfish 1%

PGN-File: C:\Program Files (x86)\Arena\Tournaments\Ultimate Engine Battle 20251108.pgn

No:  B/W 1/2     W:B       1:2           Time        Value Moves Dep 1:2       1-2-Draws
   6 W 2    1.0:0.0        0.0:6.0       9:50:13 AM      +M1    27 6.000 :34.037  0-6-0

--------------------------------------------------------------

Engine-Match Saturday, November 15, 2025 9:50:15 AM
 Blitz 90/1 

Pairing 16/136 :    SlowMate_v3.1  -  RandomOpponent

PGN-File: C:\Program Files (x86)\Arena\Tournaments\Ultimate Engine Battle 20251108.pgn

No:  B/W 1/2     W:B       1:2           Time        Value Moves Dep 1:2       1-2-Draws
   6 = =    2.5:2.5        3.5:2.5       10:48:46 AM     0.00    47 5.348 :0 1-0-5

--------------------------------------------------------------

Engine-Match Saturday, November 15, 2025 10:48:48 AM
 Blitz 90/1 

Pairing 17/136 :    VPR_v8.1  -  V7P3R_v14.2

PGN-File: C:\Program Files (x86)\Arena\Tournaments\Ultimate Engine Battle 20251108.pgn

No:  B/W 1/2     W:B       1:2           Time        Value Moves Dep 1:2       1-2-Draws
   6 = =    1.5:1.5        4.5:1.5       10:51:24 AM    -1.25    14 6.000 :4.700  3-0-3

--------------------------------------------------------------

Engine-Match Saturday, November 15, 2025 10:51:26 AM
 Blitz 90/1 

Pairing 18/136 :    V7P3R_v14.1  -  VPR_v9.0

PGN-File: C:\Program Files (x86)\Arena\Tournaments\Ultimate Engine Battle 20251108.pgn

No:  B/W 1/2     W:B       1:2           Time        Value Moves Dep 1:2       1-2-Draws
   6 = =    3.0:3.0        3.0:3.0       11:08:53 AM    +1.87    69 4.762 :6.000  0-0-6

--------------------------------------------------------------

Engine-Match Saturday, November 15, 2025 11:08:55 AM
 Blitz 90/1 

Pairing 19/136 :    C0BR4_v2.9  -  V7P3R_v14.0

PGN-File: C:\Program Files (x86)\Arena\Tournaments\Ultimate Engine Battle 20251108.pgn

No:  B/W 1/2     W:B       1:2           Time        Value Moves Dep 1:2       1-2-Draws
   6 = =    2.0:2.0        2.0:4.0       11:16:42 AM    +1.32    33 4.000 :5.091  0-2-4

--------------------------------------------------------------

Engine-Match Saturday, November 15, 2025 11:16:43 AM
 Blitz 90/1 

Pairing 20/136 :    V7P3R_v12.6  -  C0BR4_v3.1

PGN-File: C:\Program Files (x86)\Arena\Tournaments\Ultimate Engine Battle 20251108.pgn

No:  B/W 1/2     W:B       1:2           Time        Value Moves Dep 1:2       1-2-Draws
   6 = =    1.0:1.0        4.0:2.0       11:25:29 AM    +4.86    35 5.167 :4.000  3-1-2

--------------------------------------------------------------

Engine-Match Saturday, November 15, 2025 11:25:37 AM
 Blitz 90/1 

Pairing 21/136 :    CaptureOpponent  -  V7P3R_v10.8

PGN-File: C:\Program Files (x86)\Arena\Tournaments\Ultimate Engine Battle 20251108.pgn

No:  B/W 1/2     W:B       1:2           Time        Value Moves Dep 1:2       1-2-Draws
   6 W 2    1.0:0.0        0.0:6.0       11:31:11 AM  +289.98     9 7.375 :4.444  0-6-0

--------------------------------------------------------------

Engine-Match Saturday, November 15, 2025 11:31:12 AM
 Blitz 90/1 

Pairing 22/136 :    Stockfish 1%  -  CoverageOpponent

PGN-File: C:\Program Files (x86)\Arena\Tournaments\Ultimate Engine Battle 20251108.pgn

No:  B/W 1/2     W:B       1:2           Time        Value Moves Dep 1:2       1-2-Draws
   6 B 1    1.0:0.0        6.0:0.0       11:34:18 AM      -M1    24 30.105 :6.000  6-0-0

--------------------------------------------------------------

Engine-Match Saturday, November 15, 2025 11:34:19 AM
 Blitz 90/1 

Pairing 23/136 :    MaterialOpponent  -  SlowMate_v3.1

PGN-File: C:\Program Files (x86)\Arena\Tournaments\Ultimate Engine Battle 20251108.pgn

No:  B/W 1/2     W:B       1:2           Time        Value Moves Dep 1:2       1-2-Draws
   6 = =    3.0:3.0        3.0:3.0       12:00:23 PM    +2.51    15 6.000 :5.267  0-0-6

--------------------------------------------------------------

Engine-Match Saturday, November 15, 2025 12:00:24 PM
 Blitz 90/1 

Pairing 24/136 :    RandomOpponent  -  PositionalOpponent

PGN-File: C:\Program Files (x86)\Arena\Tournaments\Ultimate Engine Battle 20251108.pgn

No:  B/W 1/2     W:B       1:2           Time        Value Moves Dep 1:2       1-2-Draws
   6 W 2    1.0:0.0        0.0:6.0       12:02:25 PM  +299.99    15 0:6.000  0-6-0

--------------------------------------------------------------

Engine-Match Saturday, November 15, 2025 12:02:27 PM
 Blitz 90/1 

Pairing 25/136 :    V7P3R_v14.3  -  V7P3R_v14.1

PGN-File: C:\Program Files (x86)\Arena\Tournaments\Ultimate Engine Battle 20251108.pgn

No:  B/W 1/2     W:B       1:2           Time        Value Moves Dep 1:2       1-2-Draws
   6 W 2    2.0:1.0        2.0:4.0       12:18:59 PM     0.00    61 5.417 :5.080  1-3-2

--------------------------------------------------------------

Engine-Match Saturday, November 15, 2025 12:19:00 PM
 Blitz 90/1 

Pairing 26/136 :    V7P3R_v14.0  -  VPR_v8.1

PGN-File: C:\Program Files (x86)\Arena\Tournaments\Ultimate Engine Battle 20251108.pgn

No:  B/W 1/2     W:B       1:2           Time        Value Moves Dep 1:2       1-2-Draws
   6 B 1    2.5:1.5        4.5:1.5       12:31:17 PM   -10.95    42 5.320 :6.000  3-0-3

--------------------------------------------------------------

Engine-Match Saturday, November 15, 2025 12:31:18 PM
 Blitz 90/1 

Pairing 27/136 :    VPR_v9.0  -  V7P3R_v12.6

PGN-File: C:\Program Files (x86)\Arena\Tournaments\Ultimate Engine Battle 20251108.pgn

No:  B/W 1/2     W:B       1:2           Time        Value Moves Dep 1:2       1-2-Draws
   6 B 1    1.0:0.0        4.0:2.0       12:55:19 PM   -20.58    68 6.000 :4.952  4-2-0

--------------------------------------------------------------

Engine-Match Saturday, November 15, 2025 12:55:21 PM
 Blitz 90/1 

Pairing 28/136 :    V7P3R_v10.8  -  C0BR4_v2.9

PGN-File: C:\Program Files (x86)\Arena\Tournaments\Ultimate Engine Battle 20251108.pgn

No:  B/W 1/2     W:B       1:2           Time        Value Moves Dep 1:2       1-2-Draws
   6 = =    1.0:1.0        1.0:5.0       1:01:00 PM    -6.52    30 4.400 :4.000  0-4-2

--------------------------------------------------------------

Engine-Match Saturday, November 15, 2025 1:01:02 PM
 Blitz 90/1 

Pairing 29/136 :    C0BR4_v3.1  -  Stockfish 1%

PGN-File: C:\Program Files (x86)\Arena\Tournaments\Ultimate Engine Battle 20251108.pgn

No:  B/W 1/2     W:B       1:2           Time        Value Moves Dep 1:2       1-2-Draws
   6 W 2    1.0:0.0        0.0:6.0       1:01:38 PM      +M1    24 3.955 :36.583  0-6-0

--------------------------------------------------------------

Engine-Match Saturday, November 15, 2025 1:01:39 PM
 Blitz 90/1 

Pairing 30/136 :    SlowMate_v3.1  -  CaptureOpponent

PGN-File: C:\Program Files (x86)\Arena\Tournaments\Ultimate Engine Battle 20251108.pgn

No:  B/W 1/2     W:B       1:2           Time        Value Moves Dep 1:2       1-2-Draws
   6 B 1    1.0:0.0        6.0:0.0       1:46:08 PM  -299.96    23 5.455 :7.522  6-0-0

--------------------------------------------------------------

Engine-Match Saturday, November 15, 2025 1:46:10 PM
 Blitz 90/1 

Pairing 31/136 :    CoverageOpponent  -  RandomOpponent

PGN-File: C:\Program Files (x86)\Arena\Tournaments\Ultimate Engine Battle 20251108.pgn

No:  B/W 1/2     W:B       1:2           Time        Value Moves Dep 1:2       1-2-Draws
   6 B 1    1.0:0.0        6.0:0.0       1:47:57 PM  -299.99    12 6.000 :0 6-0-0

--------------------------------------------------------------

Engine-Match Saturday, November 15, 2025 1:47:58 PM
 Blitz 90/1 

Pairing 32/136 :    PositionalOpponent  -  MaterialOpponent

PGN-File: C:\Program Files (x86)\Arena\Tournaments\Ultimate Engine Battle 20251108.pgn

No:  B/W 1/2     W:B       1:2           Time        Value Moves Dep 1:2       1-2-Draws
   6 = =    1.5:1.5        4.5:1.5       1:59:32 PM   -12.90    49 6.000 :6.000  3-0-3

--------------------------------------------------------------

Engine-Match Saturday, November 15, 2025 1:59:33 PM
 Blitz 90/1 

Pairing 33/136 :    V7P3R_v14.2  -  V7P3R_v14.0

PGN-File: C:\Program Files (x86)\Arena\Tournaments\Ultimate Engine Battle 20251108.pgn

No:  B/W 1/2     W:B       1:2           Time        Value Moves Dep 1:2       1-2-Draws
   6 W 2    1.5:0.5        4.5:1.5       2:27:58 PM     0.00    78 4.667 :5.444  4-1-1

--------------------------------------------------------------

Engine-Match Saturday, November 15, 2025 2:27:59 PM
 Blitz 90/1 

Pairing 34/136 :    V7P3R_v12.6  -  V7P3R_v14.3

PGN-File: C:\Program Files (x86)\Arena\Tournaments\Ultimate Engine Battle 20251108.pgn

No:  B/W 1/2     W:B       1:2           Time        Value Moves Dep 1:2       1-2-Draws
   6 = =    2.0:2.0        2.0:4.0       2:41:37 PM     0.00    29 4.947 :5.263  0-2-4

--------------------------------------------------------------

Engine-Match Saturday, November 15, 2025 2:41:38 PM
 Blitz 90/1 

Pairing 35/136 :    VPR_v8.1  -  V7P3R_v10.8

PGN-File: C:\Program Files (x86)\Arena\Tournaments\Ultimate Engine Battle 20251108.pgn

No:  B/W 1/2     W:B       1:2           Time        Value Moves Dep 1:2       1-2-Draws
   6 = =    3.0:3.0        3.0:3.0       2:57:53 PM   +13.95    62 6.000 :3.805  0-0-6

--------------------------------------------------------------

Engine-Match Saturday, November 15, 2025 2:57:55 PM
 Blitz 90/1 

Pairing 36/136 :    Stockfish 1%  -  VPR_v9.0

PGN-File: C:\Program Files (x86)\Arena\Tournaments\Ultimate Engine Battle 20251108.pgn

No:  B/W 1/2     W:B       1:2           Time        Value Moves Dep 1:2       1-2-Draws
   6 B 1    1.0:0.0        6.0:0.0       3:01:14 PM      -M1    25 35.320 :6.000  6-0-0

--------------------------------------------------------------

Engine-Match Saturday, November 15, 2025 3:01:16 PM
 Blitz 90/1 

Pairing 37/136 :    C0BR4_v2.9  -  SlowMate_v3.1

PGN-File: C:\Program Files (x86)\Arena\Tournaments\Ultimate Engine Battle 20251108.pgn

No:  B/W 1/2     W:B       1:2           Time        Value Moves Dep 1:2       1-2-Draws
   6 B 1    1.0:0.0        5.0:1.0       3:36:09 PM  -299.97    22 3.900 :5.818  5-1-0

--------------------------------------------------------------

Engine-Match Saturday, November 15, 2025 3:36:11 PM
 Blitz 90/1 

Pairing 38/136 :    RandomOpponent  -  C0BR4_v3.1

PGN-File: C:\Program Files (x86)\Arena\Tournaments\Ultimate Engine Battle 20251108.pgn

No:  B/W 1/2     W:B       1:2           Time        Value Moves Dep 1:2       1-2-Draws
   6 W 2    1.0:0.0        0.0:6.0       3:36:28 PM  +299.97    27 0:4.000  0-6-0

--------------------------------------------------------------

Engine-Match Saturday, November 15, 2025 3:36:30 PM
 Blitz 90/1 

Pairing 39/136 :    CaptureOpponent  -  PositionalOpponent

PGN-File: C:\Program Files (x86)\Arena\Tournaments\Ultimate Engine Battle 20251108.pgn

No:  B/W 1/2     W:B       1:2           Time        Value Moves Dep 1:2       1-2-Draws
   6 W 2    1.0:0.0        0.0:6.0       3:44:37 PM   +16.10    14 6.929 :6.000  0-6-0

--------------------------------------------------------------

Engine-Match Saturday, November 15, 2025 3:44:39 PM
 Blitz 90/1 

Pairing 40/136 :    MaterialOpponent  -  CoverageOpponent

PGN-File: C:\Program Files (x86)\Arena\Tournaments\Ultimate Engine Battle 20251108.pgn

No:  B/W 1/2     W:B       1:2           Time        Value Moves Dep 1:2       1-2-Draws
   6 W 2    2.5:1.5        1.5:4.5       3:54:35 PM  +299.94    40 6.000 :6.000  0-3-3

--------------------------------------------------------------

Engine-Match Saturday, November 15, 2025 3:54:51 PM
 Blitz 90/1 

Pairing 41/136 :    V7P3R_v14.1  -  V7P3R_v12.6

PGN-File: C:\Program Files (x86)\Arena\Tournaments\Ultimate Engine Battle 20251108.pgn

No:  B/W 1/2     W:B       1:2           Time        Value Moves Dep 1:2       1-2-Draws
   6 = =    0.5:0.5        3.5:2.5       4:15:10 PM     0.00    51 5.174 :5.304  3-2-1

--------------------------------------------------------------

Engine-Match Saturday, November 15, 2025 4:15:12 PM
 Blitz 90/1 

Pairing 42/136 :    V7P3R_v10.8  -  V7P3R_v14.2

PGN-File: C:\Program Files (x86)\Arena\Tournaments\Ultimate Engine Battle 20251108.pgn

No:  B/W 1/2     W:B       1:2           Time        Value Moves Dep 1:2       1-2-Draws
   6 B 1    1.0:0.0        4.0:2.0       4:25:58 PM     0.00    35 3.714 :4.478  4-2-0

--------------------------------------------------------------

Engine-Match Saturday, November 15, 2025 4:25:59 PM
 Blitz 90/1 

Pairing 43/136 :    V7P3R_v14.3  -  Stockfish 1%

PGN-File: C:\Program Files (x86)\Arena\Tournaments\Ultimate Engine Battle 20251108.pgn

No:  B/W 1/2     W:B       1:2           Time        Value Moves Dep 1:2       1-2-Draws
   6 W 2    1.0:0.0        0.0:6.0       4:30:27 PM      +M1    21 5.267 :36.238  0-6-0

--------------------------------------------------------------

Engine-Match Saturday, November 15, 2025 4:30:28 PM
 Blitz 90/1 

Pairing 44/136 :    SlowMate_v3.1  -  VPR_v8.1

PGN-File: C:\Program Files (x86)\Arena\Tournaments\Ultimate Engine Battle 20251108.pgn

No:  B/W 1/2     W:B       1:2           Time        Value Moves Dep 1:2       1-2-Draws
   6 W 2    3.0:2.0        2.0:4.0       5:10:58 PM  +299.99    26 5.120 :6.000  0-2-4

--------------------------------------------------------------

Engine-Match Saturday, November 15, 2025 5:11:00 PM
 Blitz 90/1 

Pairing 45/136 :    VPR_v9.0  -  RandomOpponent

PGN-File: C:\Program Files (x86)\Arena\Tournaments\Ultimate Engine Battle 20251108.pgn

No:  B/W 1/2     W:B       1:2           Time        Value Moves Dep 1:2       1-2-Draws
   6 B 1    1.0:0.0        6.0:0.0       5:12:26 PM  -299.99    14 6.000 :0 6-0-0

--------------------------------------------------------------

Engine-Match Saturday, November 15, 2025 5:12:28 PM
 Blitz 90/1 

Pairing 46/136 :    PositionalOpponent  -  C0BR4_v2.9

PGN-File: C:\Program Files (x86)\Arena\Tournaments\Ultimate Engine Battle 20251108.pgn

No:  B/W 1/2     W:B       1:2           Time        Value Moves Dep 1:2       1-2-Draws
   6 B 1    2.0:1.0        5.0:1.0       5:18:22 PM  -299.99    38 6.000 :4.000  4-0-2

--------------------------------------------------------------

Engine-Match Saturday, November 15, 2025 5:18:24 PM
 Blitz 90/1 

Pairing 47/136 :    C0BR4_v3.1  -  MaterialOpponent

PGN-File: C:\Program Files (x86)\Arena\Tournaments\Ultimate Engine Battle 20251108.pgn

No:  B/W 1/2     W:B       1:2           Time        Value Moves Dep 1:2       1-2-Draws
   6 = =    2.0:2.0        2.0:4.0       5:19:45 PM    +2.80    60 4.000 :6.000  0-2-4

--------------------------------------------------------------

Engine-Match Saturday, November 15, 2025 5:19:47 PM
 Blitz 90/1 

Pairing 48/136 :    CoverageOpponent  -  CaptureOpponent

PGN-File: C:\Program Files (x86)\Arena\Tournaments\Ultimate Engine Battle 20251108.pgn

No:  B/W 1/2     W:B       1:2           Time        Value Moves Dep 1:2       1-2-Draws
   6 B 1    1.0:0.0        6.0:0.0       5:28:34 PM  -299.99    14 6.000 :6.643  6-0-0

--------------------------------------------------------------

Engine-Match Saturday, November 15, 2025 5:28:35 PM
 Blitz 90/1 

Pairing 49/136 :    V7P3R_v14.0  -  V7P3R_v10.8

PGN-File: C:\Program Files (x86)\Arena\Tournaments\Ultimate Engine Battle 20251108.pgn

No:  B/W 1/2     W:B       1:2           Time        Value Moves Dep 1:2       1-2-Draws
   6 = =    0.5:0.5        5.5:0.5       5:47:28 PM     0.00    60 4.889 :3.833  5-0-1

--------------------------------------------------------------

Engine-Match Saturday, November 15, 2025 5:47:30 PM
 Blitz 90/1 

Pairing 50/136 :    Stockfish 1%  -  V7P3R_v14.1

PGN-File: C:\Program Files (x86)\Arena\Tournaments\Ultimate Engine Battle 20251108.pgn

No:  B/W 1/2     W:B       1:2           Time        Value Moves Dep 1:2       1-2-Draws
   6 B 1    1.0:0.0        6.0:0.0       5:53:18 PM      -M1    27 30.741 :4.842  6-0-0

--------------------------------------------------------------

Engine-Match Saturday, November 15, 2025 5:53:20 PM
 Blitz 90/1 

Pairing 51/136 :    V7P3R_v14.2  -  SlowMate_v3.1

PGN-File: C:\Program Files (x86)\Arena\Tournaments\Ultimate Engine Battle 20251108.pgn

No:  B/W 1/2     W:B       1:2           Time        Value Moves Dep 1:2       1-2-Draws
   6 B 1    2.5:1.5        4.5:1.5       6:59:11 PM     0.00    45 4.385 :5.152  3-0-3

--------------------------------------------------------------

Engine-Match Saturday, November 15, 2025 6:59:13 PM
 Blitz 90/1 

Pairing 52/136 :    RandomOpponent  -  V7P3R_v14.3

PGN-File: C:\Program Files (x86)\Arena\Tournaments\Ultimate Engine Battle 20251108.pgn

No:  B/W 1/2     W:B       1:2           Time        Value Moves Dep 1:2       1-2-Draws
   6 W 2    1.0:0.0        0.0:6.0       7:02:07 PM  +289.99    14 0:5.308  0-6-0

--------------------------------------------------------------

Engine-Match Saturday, November 15, 2025 7:02:09 PM
 Blitz 90/1 

Pairing 53/136 :    VPR_v8.1  -  PositionalOpponent

PGN-File: C:\Program Files (x86)\Arena\Tournaments\Ultimate Engine Battle 20251108.pgn

No:  B/W 1/2     W:B       1:2           Time        Value Moves Dep 1:2       1-2-Draws
   6 W 2    1.0:0.0        0.0:6.0       7:10:00 PM  +299.98    37 6.000 :6.000  0-6-0

--------------------------------------------------------------

Engine-Match Saturday, November 15, 2025 7:10:02 PM
 Blitz 90/1 

Pairing 54/136 :    MaterialOpponent  -  VPR_v9.0

PGN-File: C:\Program Files (x86)\Arena\Tournaments\Ultimate Engine Battle 20251108.pgn

No:  B/W 1/2     W:B       1:2           Time        Value Moves Dep 1:2       1-2-Draws
   6 = =    1.5:1.5        1.5:4.5       7:14:16 PM    +0.95    25 6.000 :6.000  0-3-3

--------------------------------------------------------------

Engine-Match Saturday, November 15, 2025 7:14:17 PM
 Blitz 90/1 

Pairing 55/136 :    C0BR4_v2.9  -  CoverageOpponent

PGN-File: C:\Program Files (x86)\Arena\Tournaments\Ultimate Engine Battle 20251108.pgn

No:  B/W 1/2     W:B       1:2           Time        Value Moves Dep 1:2       1-2-Draws
   6 W 2    3.0:2.0        2.0:4.0       7:20:40 PM  +299.99    31 3.964 :6.000  0-2-4

--------------------------------------------------------------

Engine-Match Saturday, November 15, 2025 7:20:41 PM
 Blitz 90/1 

Pairing 56/136 :    CaptureOpponent  -  C0BR4_v3.1

PGN-File: C:\Program Files (x86)\Arena\Tournaments\Ultimate Engine Battle 20251108.pgn

No:  B/W 1/2     W:B       1:2           Time        Value Moves Dep 1:2       1-2-Draws
   6 W 2    1.0:0.0        0.0:6.0       7:29:23 PM   +20.85    17 6.882 :4.000  0-6-0

--------------------------------------------------------------

Engine-Match Saturday, November 15, 2025 7:29:25 PM
 Blitz 90/1 

Pairing 57/136 :    V7P3R_v12.6  -  Stockfish 1%

PGN-File: C:\Program Files (x86)\Arena\Tournaments\Ultimate Engine Battle 20251108.pgn

No:  B/W 1/2     W:B       1:2           Time        Value Moves Dep 1:2       1-2-Draws
   6 W 2    1.0:0.0        0.0:6.0       7:37:36 PM      +M1    25 5.000 :31.840  0-6-0

--------------------------------------------------------------

Engine-Match Saturday, November 15, 2025 7:37:37 PM
 Blitz 90/1 

Pairing 58/136 :    SlowMate_v3.1  -  V7P3R_v14.0

PGN-File: C:\Program Files (x86)\Arena\Tournaments\Ultimate Engine Battle 20251108.pgn

No:  B/W 1/2     W:B       1:2           Time        Value Moves Dep 1:2       1-2-Draws
   6 = =    2.0:2.0        2.0:4.0       8:37:36 PM  -289.96    36 5.343 :5.037  0-2-4

--------------------------------------------------------------

Engine-Match Saturday, November 15, 2025 8:37:38 PM
 Blitz 90/1 

Pairing 59/136 :    V7P3R_v14.1  -  RandomOpponent

PGN-File: C:\Program Files (x86)\Arena\Tournaments\Ultimate Engine Battle 20251108.pgn

No:  B/W 1/2     W:B       1:2           Time        Value Moves Dep 1:2       1-2-Draws
   6 B 1    1.0:0.0        6.0:0.0       8:38:46 PM     0.00     9 4.875 :0 6-0-0

--------------------------------------------------------------

Engine-Match Saturday, November 15, 2025 8:38:48 PM
 Blitz 90/1 

Pairing 60/136 :    PositionalOpponent  -  V7P3R_v14.2

PGN-File: C:\Program Files (x86)\Arena\Tournaments\Ultimate Engine Battle 20251108.pgn

No:  B/W 1/2     W:B       1:2           Time        Value Moves Dep 1:2       1-2-Draws
   6 B 1    1.5:0.5        3.5:2.5       8:47:22 PM  -299.99    28 6.000 :4.789  3-2-1

--------------------------------------------------------------

Engine-Match Saturday, November 15, 2025 8:47:38 PM
 Blitz 90/1 

Pairing 61/136 :    V7P3R_v14.3  -  MaterialOpponent

PGN-File: C:\Program Files (x86)\Arena\Tournaments\Ultimate Engine Battle 20251108.pgn

No:  B/W 1/2     W:B       1:2           Time        Value Moves Dep 1:2       1-2-Draws
   6 B 1    2.5:1.5        4.5:1.5       8:59:26 PM   -10.20    56 4.829 :6.000  3-0-3

--------------------------------------------------------------

Engine-Match Saturday, November 15, 2025 8:59:28 PM
 Blitz 90/1 

Pairing 62/136 :    CoverageOpponent  -  VPR_v8.1

PGN-File: C:\Program Files (x86)\Arena\Tournaments\Ultimate Engine Battle 20251108.pgn

No:  B/W 1/2     W:B       1:2           Time        Value Moves Dep 1:2       1-2-Draws
   6 = =    2.0:2.0        4.0:2.0       9:11:09 PM   +13.15    43 6.000 :6.000  2-0-4

--------------------------------------------------------------

Engine-Match Saturday, November 15, 2025 9:11:11 PM
 Blitz 90/1 

Pairing 63/136 :    VPR_v9.0  -  CaptureOpponent

PGN-File: C:\Program Files (x86)\Arena\Tournaments\Ultimate Engine Battle 20251108.pgn

No:  B/W 1/2     W:B       1:2           Time        Value Moves Dep 1:2       1-2-Draws
   6 B 1    1.5:0.5        5.5:0.5       9:22:28 PM  -299.99    23 6.000 :7.478  5-0-1

--------------------------------------------------------------

Engine-Match Saturday, November 15, 2025 9:22:29 PM
 Blitz 90/1 

Pairing 64/136 :    C0BR4_v3.1  -  C0BR4_v2.9

PGN-File: C:\Program Files (x86)\Arena\Tournaments\Ultimate Engine Battle 20251108.pgn

No:  B/W 1/2     W:B       1:2           Time        Value Moves Dep 1:2       1-2-Draws
   6 = =    2.0:2.0        2.0:4.0       9:23:20 PM    -6.95    55 4.000 :4.000  0-2-4

--------------------------------------------------------------

Engine-Match Saturday, November 15, 2025 9:23:21 PM
 Blitz 90/1 

Pairing 65/136 :    V7P3R_v10.8  -  SlowMate_v3.1

PGN-File: C:\Program Files (x86)\Arena\Tournaments\Ultimate Engine Battle 20251108.pgn

No:  B/W 1/2     W:B       1:2           Time        Value Moves Dep 1:2       1-2-Draws
   6 W 2    1.5:0.5        0.5:5.5       9:57:48 PM   +25.75    19 4.000 :5.105  0-5-1

--------------------------------------------------------------

Engine-Match Saturday, November 15, 2025 9:57:49 PM
 Blitz 90/1 

Pairing 66/136 :    RandomOpponent  -  V7P3R_v12.6

PGN-File: C:\Program Files (x86)\Arena\Tournaments\Ultimate Engine Battle 20251108.pgn

No:  B/W 1/2     W:B       1:2           Time        Value Moves Dep 1:2       1-2-Draws
   6 W 2    1.0:0.0        0.0:6.0       10:06:09 PM  +289.99    12 0:5.455  0-6-0

--------------------------------------------------------------

Engine-Match Saturday, November 15, 2025 10:06:11 PM
 Blitz 90/1 

Pairing 67/136 :    V7P3R_v14.0  -  PositionalOpponent

PGN-File: C:\Program Files (x86)\Arena\Tournaments\Ultimate Engine Battle 20251108.pgn

No:  B/W 1/2     W:B       1:2           Time        Value Moves Dep 1:2       1-2-Draws
   6 W 2    1.0:0.0        1.0:5.0       10:24:49 PM  +299.99    55 5.053 :6.000  1-5-0

--------------------------------------------------------------

Engine-Match Saturday, November 15, 2025 10:24:51 PM
 Blitz 90/1 

Pairing 68/136 :    MaterialOpponent  -  V7P3R_v14.1

PGN-File: C:\Program Files (x86)\Arena\Tournaments\Ultimate Engine Battle 20251108.pgn

No:  B/W 1/2     W:B       1:2           Time        Value Moves Dep 1:2       1-2-Draws
   6 W 2    2.5:1.5        1.5:4.5       10:31:36 PM    +9.10    34 6.000 :4.875  0-3-3

--------------------------------------------------------------

Engine-Match Saturday, November 15, 2025 10:31:37 PM
 Blitz 90/1 

Pairing 69/136 :    V7P3R_v14.2  -  CoverageOpponent

PGN-File: C:\Program Files (x86)\Arena\Tournaments\Ultimate Engine Battle 20251108.pgn

No:  B/W 1/2     W:B       1:2           Time        Value Moves Dep 1:2       1-2-Draws
   6 B 1    1.0:0.0        5.0:1.0       10:42:05 PM  -289.99    49 4.654 :6.000  5-1-0

--------------------------------------------------------------

Engine-Match Saturday, November 15, 2025 10:42:07 PM
 Blitz 90/1 

Pairing 70/136 :    CaptureOpponent  -  V7P3R_v14.3

PGN-File: C:\Program Files (x86)\Arena\Tournaments\Ultimate Engine Battle 20251108.pgn

No:  B/W 1/2     W:B       1:2           Time        Value Moves Dep 1:2       1-2-Draws
   6 W 2    1.5:0.5        0.5:5.5       10:52:23 PM   +14.10    15 7.267 :5.231  0-5-1

--------------------------------------------------------------

Engine-Match Saturday, November 15, 2025 10:52:24 PM
 Blitz 90/1 

Pairing 71/136 :    VPR_v8.1  -  C0BR4_v3.1

PGN-File: C:\Program Files (x86)\Arena\Tournaments\Ultimate Engine Battle 20251108.pgn

No:  B/W 1/2     W:B       1:2           Time        Value Moves Dep 1:2       1-2-Draws
   6 = =    2.0:2.0        3.0:3.0       10:53:29 PM    +1.30    27 6.000 :4.000  1-1-4

--------------------------------------------------------------

Engine-Match Saturday, November 15, 2025 10:53:30 PM
 Blitz 90/1 

Pairing 72/136 :    C0BR4_v2.9  -  VPR_v9.0

PGN-File: C:\Program Files (x86)\Arena\Tournaments\Ultimate Engine Battle 20251108.pgn

No:  B/W 1/2     W:B       1:2           Time        Value Moves Dep 1:2       1-2-Draws
   6 W 2    2.5:1.5        1.5:4.5       10:57:58 PM   +10.29    39 4.000 :6.000  0-3-3

--------------------------------------------------------------

Engine-Match Saturday, November 15, 2025 10:57:59 PM
 Blitz 90/1 

Pairing 73/136 :    Stockfish 1%  -  RandomOpponent

PGN-File: C:\Program Files (x86)\Arena\Tournaments\Ultimate Engine Battle 20251108.pgn

No:  B/W 1/2     W:B       1:2           Time        Value Moves Dep 1:2       1-2-Draws
   6 B 1    1.0:0.0        6.0:0.0       10:58:23 PM      -M1    14 41.286 :0 6-0-0

--------------------------------------------------------------

Engine-Match Saturday, November 15, 2025 10:58:24 PM
 Blitz 90/1 

Pairing 74/136 :    PositionalOpponent  -  V7P3R_v10.8

PGN-File: C:\Program Files (x86)\Arena\Tournaments\Ultimate Engine Battle 20251108.pgn

No:  B/W 1/2     W:B       1:2           Time        Value Moves Dep 1:2       1-2-Draws
   6 B 1    1.0:0.0        6.0:0.0       11:03:47 PM  -299.99    23 6.000 :4.214  6-0-0

--------------------------------------------------------------

Engine-Match Saturday, November 15, 2025 11:03:48 PM
 Blitz 90/1 

Pairing 75/136 :    V7P3R_v12.6  -  MaterialOpponent

PGN-File: C:\Program Files (x86)\Arena\Tournaments\Ultimate Engine Battle 20251108.pgn

No:  B/W 1/2     W:B       1:2           Time        Value Moves Dep 1:2       1-2-Draws
   6 = =    1.5:1.5        4.5:1.5       11:28:27 PM    +6.56    72 5.125 :6.000  3-0-3

--------------------------------------------------------------

Engine-Match Saturday, November 15, 2025 11:28:28 PM
 Blitz 90/1 

Pairing 76/136 :    CoverageOpponent  -  V7P3R_v14.0

PGN-File: C:\Program Files (x86)\Arena\Tournaments\Ultimate Engine Battle 20251108.pgn

No:  B/W 1/2     W:B       1:2           Time        Value Moves Dep 1:2       1-2-Draws
   6 W 2    1.0:0.0        0.0:6.0       11:48:11 PM  +299.94    60 6.000 :4.905  0-6-0

--------------------------------------------------------------

Engine-Match Saturday, November 15, 2025 11:48:12 PM
 Blitz 90/1 

Pairing 77/136 :    V7P3R_v14.1  -  CaptureOpponent

PGN-File: C:\Program Files (x86)\Arena\Tournaments\Ultimate Engine Battle 20251108.pgn

No:  B/W 1/2     W:B       1:2           Time        Value Moves Dep 1:2       1-2-Draws
   6 B 1    1.0:0.0        6.0:0.0       11:59:50 PM     0.00    17 5.385 :6.882  6-0-0

--------------------------------------------------------------

Engine-Match Saturday, November 15, 2025 11:59:51 PM
 Blitz 90/1 

Pairing 78/136 :    C0BR4_v3.1  -  V7P3R_v14.2

PGN-File: C:\Program Files (x86)\Arena\Tournaments\Ultimate Engine Battle 20251108.pgn

No:  B/W 1/2     W:B       1:2           Time        Value Moves Dep 1:2       1-2-Draws
   6 = =    1.5:1.5        2.5:3.5       12:06:32 AM    -3.35    41 4.000 :5.000  1-2-3

--------------------------------------------------------------

Engine-Match Sunday, November 16, 2025 12:06:33 AM
 Blitz 90/1 

Pairing 79/136 :    V7P3R_v14.3  -  C0BR4_v2.9

PGN-File: C:\Program Files (x86)\Arena\Tournaments\Ultimate Engine Battle 20251108.pgn

No:  B/W 1/2     W:B       1:2           Time        Value Moves Dep 1:2       1-2-Draws
   6 W 2    1.5:0.5        2.5:3.5       12:11:35 AM  +299.97    43 5.158 :4.000  2-3-1

--------------------------------------------------------------

Engine-Match Sunday, November 16, 2025 12:11:36 AM
 Blitz 90/1 

Pairing 80/136 :    VPR_v9.0  -  VPR_v8.1

PGN-File: C:\Program Files (x86)\Arena\Tournaments\Ultimate Engine Battle 20251108.pgn

No:  B/W 1/2     W:B       1:2           Time        Value Moves Dep 1:2       1-2-Draws
   6 = =    1.5:1.5        4.5:1.5       12:14:36 AM    -4.38    29 6.000 :6.000  3-0-3

--------------------------------------------------------------

Engine-Match Sunday, November 16, 2025 12:14:44 AM
 Blitz 90/1 

Pairing 81/136 :    SlowMate_v3.1  -  PositionalOpponent

PGN-File: C:\Program Files (x86)\Arena\Tournaments\Ultimate Engine Battle 20251108.pgn

No:  B/W 1/2     W:B       1:2           Time        Value Moves Dep 1:2       1-2-Draws
   6 W 2    2.5:1.5        1.5:4.5       12:47:57 AM  +299.99    20 5.421 :6.000  0-3-3

--------------------------------------------------------------

Engine-Match Sunday, November 16, 2025 12:47:59 AM
 Blitz 90/1 

Pairing 82/136 :    MaterialOpponent  -  Stockfish 1%

PGN-File: C:\Program Files (x86)\Arena\Tournaments\Ultimate Engine Battle 20251108.pgn

No:  B/W 1/2     W:B       1:2           Time        Value Moves Dep 1:2       1-2-Draws
   6 W 2    1.0:0.0        0.0:6.0       12:49:24 AM      +M1    27 6.000 :39.577  0-6-0

--------------------------------------------------------------

Engine-Match Sunday, November 16, 2025 12:49:26 AM
 Blitz 90/1 

Pairing 83/136 :    V7P3R_v10.8  -  CoverageOpponent

PGN-File: C:\Program Files (x86)\Arena\Tournaments\Ultimate Engine Battle 20251108.pgn

No:  B/W 1/2     W:B       1:2           Time        Value Moves Dep 1:2       1-2-Draws
   6 = =    1.5:1.5        1.5:4.5       12:56:37 AM    +0.06    29 4.300 :6.000  0-3-3

--------------------------------------------------------------

Engine-Match Sunday, November 16, 2025 12:56:38 AM
 Blitz 90/1 

Pairing 84/136 :    CaptureOpponent  -  V7P3R_v12.6

PGN-File: C:\Program Files (x86)\Arena\Tournaments\Ultimate Engine Battle 20251108.pgn

No:  B/W 1/2     W:B       1:2           Time        Value Moves Dep 1:2       1-2-Draws
   6 W 2    1.0:0.0        0.0:6.0       1:12:58 AM   +11.35    17 6.588 :4.938  0-6-0

--------------------------------------------------------------

Engine-Match Sunday, November 16, 2025 1:12:59 AM
 Blitz 90/1 

Pairing 85/136 :    V7P3R_v14.0  -  C0BR4_v3.1

PGN-File: C:\Program Files (x86)\Arena\Tournaments\Ultimate Engine Battle 20251108.pgn

No:  B/W 1/2     W:B       1:2           Time        Value Moves Dep 1:2       1-2-Draws
   6 B 1    1.5:0.5        5.5:0.5       1:24:59 AM   -12.46    51 5.188 :4.000  5-0-1

--------------------------------------------------------------

Engine-Match Sunday, November 16, 2025 1:25:00 AM
 Blitz 90/1 

Pairing 86/136 :    C0BR4_v2.9  -  V7P3R_v14.1

PGN-File: C:\Program Files (x86)\Arena\Tournaments\Ultimate Engine Battle 20251108.pgn

No:  B/W 1/2     W:B       1:2           Time        Value Moves Dep 1:2       1-2-Draws
   6 = =    1.5:1.5        1.5:4.5       1:32:34 AM    -1.97    50 4.000 :4.955  0-3-3

--------------------------------------------------------------

Engine-Match Sunday, November 16, 2025 1:32:35 AM
 Blitz 90/1 

Pairing 87/136 :    V7P3R_v14.2  -  VPR_v9.0

PGN-File: C:\Program Files (x86)\Arena\Tournaments\Ultimate Engine Battle 20251108.pgn

No:  B/W 1/2     W:B       1:2           Time        Value Moves Dep 1:2       1-2-Draws
   6 W 2    2.0:1.0        2.0:4.0       1:43:53 AM  +299.99    35 5.000 :6.000  1-3-2

--------------------------------------------------------------

Engine-Match Sunday, November 16, 2025 1:43:54 AM
 Blitz 90/1 

Pairing 88/136 :    VPR_v8.1  -  V7P3R_v14.3

PGN-File: C:\Program Files (x86)\Arena\Tournaments\Ultimate Engine Battle 20251108.pgn

No:  B/W 1/2     W:B       1:2           Time        Value Moves Dep 1:2       1-2-Draws
   6 W 2    1.0:0.0        0.0:6.0       1:54:32 AM  +299.98    63 6.000 :5.038  0-6-0

--------------------------------------------------------------

Engine-Match Sunday, November 16, 2025 1:54:33 AM
 Blitz 90/1 

Pairing 89/136 :    RandomOpponent  -  MaterialOpponent

PGN-File: C:\Program Files (x86)\Arena\Tournaments\Ultimate Engine Battle 20251108.pgn

No:  B/W 1/2     W:B       1:2           Time        Value Moves Dep 1:2       1-2-Draws
   6 W 2    1.0:0.0        0.0:6.0       1:55:11 AM  +299.99    28 0:6.000  0-6-0

--------------------------------------------------------------

Engine-Match Sunday, November 16, 2025 1:55:13 AM
 Blitz 90/1 

Pairing 90/136 :    CoverageOpponent  -  SlowMate_v3.1

PGN-File: C:\Program Files (x86)\Arena\Tournaments\Ultimate Engine Battle 20251108.pgn

No:  B/W 1/2     W:B       1:2           Time        Value Moves Dep 1:2       1-2-Draws
   6 = =    3.0:3.0        3.0:3.0       2:55:55 AM    +5.97    45 6.000 :5.429  0-0-6

--------------------------------------------------------------

Engine-Match Sunday, November 16, 2025 2:55:57 AM
 Blitz 90/1 

Pairing 91/136 :    Stockfish 1%  -  CaptureOpponent

PGN-File: C:\Program Files (x86)\Arena\Tournaments\Ultimate Engine Battle 20251108.pgn

No:  B/W 1/2     W:B       1:2           Time        Value Moves Dep 1:2       1-2-Draws
   6 B 1    1.0:0.0        6.0:0.0       3:03:02 AM      -M1    14 48.857 :7.000  6-0-0

--------------------------------------------------------------

Engine-Match Sunday, November 16, 2025 3:03:03 AM
 Blitz 90/1 

Pairing 92/136 :    C0BR4_v3.1  -  V7P3R_v10.8

PGN-File: C:\Program Files (x86)\Arena\Tournaments\Ultimate Engine Battle 20251108.pgn

No:  B/W 1/2     W:B       1:2           Time        Value Moves Dep 1:2       1-2-Draws
   6 W 2    2.5:1.5        2.5:3.5       3:09:12 AM   +14.21    55 4.000 :4.533  1-2-3

--------------------------------------------------------------

Engine-Match Sunday, November 16, 2025 3:09:14 AM
 Blitz 90/1 

Pairing 93/136 :    V7P3R_v12.6  -  C0BR4_v2.9

PGN-File: C:\Program Files (x86)\Arena\Tournaments\Ultimate Engine Battle 20251108.pgn

No:  B/W 1/2     W:B       1:2           Time        Value Moves Dep 1:2       1-2-Draws
   6 = =    1.0:1.0        4.0:2.0       3:26:08 AM    -4.87    55 4.950 :4.000  3-1-2

--------------------------------------------------------------

Engine-Match Sunday, November 16, 2025 3:26:10 AM
 Blitz 90/1 

Pairing 94/136 :    VPR_v9.0  -  V7P3R_v14.0

PGN-File: C:\Program Files (x86)\Arena\Tournaments\Ultimate Engine Battle 20251108.pgn

No:  B/W 1/2     W:B       1:2           Time        Value Moves Dep 1:2       1-2-Draws
   6 W 2    2.0:1.0        1.0:5.0       3:51:00 AM  +299.94    59 6.000 :4.960  0-4-2

--------------------------------------------------------------

Engine-Match Sunday, November 16, 2025 3:51:01 AM
 Blitz 90/1 

Pairing 95/136 :    V7P3R_v14.1  -  VPR_v8.1

PGN-File: C:\Program Files (x86)\Arena\Tournaments\Ultimate Engine Battle 20251108.pgn

No:  B/W 1/2     W:B       1:2           Time        Value Moves Dep 1:2       1-2-Draws
   6 = =    3.0:3.0        3.0:3.0       3:58:53 AM     0.00    37 5.000 :6.000  0-0-6

--------------------------------------------------------------

Engine-Match Sunday, November 16, 2025 3:58:54 AM
 Blitz 90/1 

Pairing 96/136 :    V7P3R_v14.3  -  V7P3R_v14.2

PGN-File: C:\Program Files (x86)\Arena\Tournaments\Ultimate Engine Battle 20251108.pgn

No:  B/W 1/2     W:B       1:2           Time        Value Moves Dep 1:2       1-2-Draws
   6 W 2    1.0:0.0        2.0:4.0       4:10:59 AM   +48.63    70 5.136 :4.909  2-4-0

--------------------------------------------------------------

Engine-Match Sunday, November 16, 2025 4:11:01 AM
 Blitz 90/1 

Pairing 97/136 :    PositionalOpponent  -  CoverageOpponent

PGN-File: C:\Program Files (x86)\Arena\Tournaments\Ultimate Engine Battle 20251108.pgn

No:  B/W 1/2     W:B       1:2           Time        Value Moves Dep 1:2       1-2-Draws
   6 B 1    1.0:0.0        6.0:0.0       4:17:54 AM  -299.99    35 6.000 :6.000  6-0-0

--------------------------------------------------------------

Engine-Match Sunday, November 16, 2025 4:17:56 AM
 Blitz 90/1 

Pairing 98/136 :    CaptureOpponent  -  RandomOpponent

PGN-File: C:\Program Files (x86)\Arena\Tournaments\Ultimate Engine Battle 20251108.pgn

No:  B/W 1/2     W:B       1:2           Time        Value Moves Dep 1:2       1-2-Draws
   6 W 2    1.5:0.5        3.5:2.5       4:36:52 AM   +13.70    37 6.000 :0 3-2-1

--------------------------------------------------------------

Engine-Match Sunday, November 16, 2025 4:36:54 AM
 Blitz 90/1 

Pairing 99/136 :    SlowMate_v3.1  -  C0BR4_v3.1

PGN-File: C:\Program Files (x86)\Arena\Tournaments\Ultimate Engine Battle 20251108.pgn

No:  B/W 1/2     W:B       1:2           Time        Value Moves Dep 1:2       1-2-Draws
   6 = =    0.5:0.5        2.5:3.5       5:24:57 AM    -1.05    34 5.515 :4.000  2-3-1

--------------------------------------------------------------

Engine-Match Sunday, November 16, 2025 5:24:58 AM
 Blitz 90/1 

Pairing 100/136 :    C0BR4_v2.9  -  Stockfish 1%

PGN-File: C:\Program Files (x86)\Arena\Tournaments\Ultimate Engine Battle 20251108.pgn

No:  B/W 1/2     W:B       1:2           Time        Value Moves Dep 1:2       1-2-Draws
   6 W 2    1.0:0.0        0.0:6.0       5:25:42 AM      +M1    22 3.947 :32.682  0-6-0

--------------------------------------------------------------

Engine-Match Sunday, November 16, 2025 5:25:49 AM
 Blitz 90/1 

Pairing 101/136 :    V7P3R_v10.8  -  VPR_v9.0

PGN-File: C:\Program Files (x86)\Arena\Tournaments\Ultimate Engine Battle 20251108.pgn

No:  B/W 1/2     W:B       1:2           Time        Value Moves Dep 1:2       1-2-Draws
   6 = =    1.0:1.0        1.0:5.0       5:36:06 AM    +5.34    52 4.200 :6.000  0-4-2

--------------------------------------------------------------

Engine-Match Sunday, November 16, 2025 5:36:08 AM
 Blitz 90/1 

Pairing 102/136 :    VPR_v8.1  -  V7P3R_v12.6

PGN-File: C:\Program Files (x86)\Arena\Tournaments\Ultimate Engine Battle 20251108.pgn

No:  B/W 1/2     W:B       1:2           Time        Value Moves Dep 1:2       1-2-Draws
   6 = =    2.0:2.0        4.0:2.0       5:55:43 AM     0.00    54 6.000 :4.923  2-0-4

--------------------------------------------------------------

Engine-Match Sunday, November 16, 2025 5:55:44 AM
 Blitz 90/1 

Pairing 103/136 :    V7P3R_v14.0  -  V7P3R_v14.3

PGN-File: C:\Program Files (x86)\Arena\Tournaments\Ultimate Engine Battle 20251108.pgn

No:  B/W 1/2     W:B       1:2           Time        Value Moves Dep 1:2       1-2-Draws
   6 B 1    1.0:0.0        5.0:1.0       6:13:16 AM     0.00    56 5.421 :5.409  5-1-0

--------------------------------------------------------------

Engine-Match Sunday, November 16, 2025 6:13:17 AM
 Blitz 90/1 

Pairing 104/136 :    V7P3R_v14.2  -  V7P3R_v14.1

PGN-File: C:\Program Files (x86)\Arena\Tournaments\Ultimate Engine Battle 20251108.pgn

No:  B/W 1/2     W:B       1:2           Time        Value Moves Dep 1:2       1-2-Draws
   6 W 2    2.5:1.5        1.5:4.5       6:24:53 AM  +289.98    37 4.840 :5.045  0-3-3

--------------------------------------------------------------

Engine-Match Sunday, November 16, 2025 6:24:55 AM
 Blitz 90/1 

Pairing 105/136 :    MaterialOpponent  -  CaptureOpponent

PGN-File: C:\Program Files (x86)\Arena\Tournaments\Ultimate Engine Battle 20251108.pgn

No:  B/W 1/2     W:B       1:2           Time        Value Moves Dep 1:2       1-2-Draws
   6 B 1    1.0:0.0        6.0:0.0       6:37:17 AM  -299.99    26 6.000 :7.038  6-0-0

--------------------------------------------------------------

Engine-Match Sunday, November 16, 2025 6:37:19 AM
 Blitz 90/1 

Pairing 106/136 :    C0BR4_v3.1  -  PositionalOpponent

PGN-File: C:\Program Files (x86)\Arena\Tournaments\Ultimate Engine Battle 20251108.pgn

No:  B/W 1/2     W:B       1:2           Time        Value Moves Dep 1:2       1-2-Draws
   6 W 2    1.0:0.0        0.0:6.0       6:43:19 AM  +299.99    26 3.958 :6.000  0-6-0

--------------------------------------------------------------

Engine-Match Sunday, November 16, 2025 6:43:21 AM
 Blitz 90/1 

Pairing 107/136 :    RandomOpponent  -  C0BR4_v2.9

PGN-File: C:\Program Files (x86)\Arena\Tournaments\Ultimate Engine Battle 20251108.pgn

No:  B/W 1/2     W:B       1:2           Time        Value Moves Dep 1:2       1-2-Draws
   6 W 2    1.0:0.0        0.0:6.0       6:43:37 AM  +299.97    14 0:3.846  0-6-0

--------------------------------------------------------------

Engine-Match Sunday, November 16, 2025 6:43:39 AM
 Blitz 90/1 

Pairing 108/136 :    VPR_v9.0  -  SlowMate_v3.1

PGN-File: C:\Program Files (x86)\Arena\Tournaments\Ultimate Engine Battle 20251108.pgn

No:  B/W 1/2     W:B       1:2           Time        Value Moves Dep 1:2       1-2-Draws
   6 B 1    2.5:1.5        4.5:1.5       7:43:33 AM   -11.40    41 6.000 :5.258  3-0-3

--------------------------------------------------------------

Engine-Match Sunday, November 16, 2025 7:43:35 AM
 Blitz 90/1 

Pairing 109/136 :    Stockfish 1%  -  VPR_v8.1

PGN-File: C:\Program Files (x86)\Arena\Tournaments\Ultimate Engine Battle 20251108.pgn

No:  B/W 1/2     W:B       1:2           Time        Value Moves Dep 1:2       1-2-Draws
   6 B 1    1.0:0.0        6.0:0.0       7:44:36 AM      -M1    21 34.095 :6.000  6-0-0

--------------------------------------------------------------

Engine-Match Sunday, November 16, 2025 7:44:38 AM
 Blitz 90/1 

Pairing 110/136 :    V7P3R_v14.3  -  V7P3R_v10.8

PGN-File: C:\Program Files (x86)\Arena\Tournaments\Ultimate Engine Battle 20251108.pgn

No:  B/W 1/2     W:B       1:2           Time        Value Moves Dep 1:2       1-2-Draws
   6 W 2    1.0:0.0        2.0:4.0       7:52:22 AM     0.00    29 5.294 :4.111  2-4-0

--------------------------------------------------------------

Engine-Match Sunday, November 16, 2025 7:52:23 AM
 Blitz 90/1 

Pairing 111/136 :    V7P3R_v12.6  -  V7P3R_v14.2

PGN-File: C:\Program Files (x86)\Arena\Tournaments\Ultimate Engine Battle 20251108.pgn

No:  B/W 1/2     W:B       1:2           Time        Value Moves Dep 1:2       1-2-Draws
   6 W 2    2.0:1.0        2.0:4.0       8:03:10 AM  +289.99    28 5.125 :5.000  1-3-2

--------------------------------------------------------------

Engine-Match Sunday, November 16, 2025 8:03:11 AM
 Blitz 90/1 

Pairing 112/136 :    V7P3R_v14.1  -  V7P3R_v14.0

PGN-File: C:\Program Files (x86)\Arena\Tournaments\Ultimate Engine Battle 20251108.pgn

No:  B/W 1/2     W:B       1:2           Time        Value Moves Dep 1:2       1-2-Draws
   6 W 2    1.0:0.0        1.0:5.0       8:16:47 AM  +289.99    59 5.071 :5.400  1-5-0

--------------------------------------------------------------

Engine-Match Sunday, November 16, 2025 8:16:49 AM
 Blitz 90/1 

Pairing 113/136 :    CoverageOpponent  -  C0BR4_v3.1

PGN-File: C:\Program Files (x86)\Arena\Tournaments\Ultimate Engine Battle 20251108.pgn

No:  B/W 1/2     W:B       1:2           Time        Value Moves Dep 1:2       1-2-Draws
   6 W 2    2.5:1.5        2.5:3.5       8:22:57 AM  +299.97    51 6.000 :4.000  1-2-3

--------------------------------------------------------------

Engine-Match Sunday, November 16, 2025 8:22:59 AM
 Blitz 90/1 

Pairing 114/136 :    C0BR4_v2.9  -  MaterialOpponent

PGN-File: C:\Program Files (x86)\Arena\Tournaments\Ultimate Engine Battle 20251108.pgn

No:  B/W 1/2     W:B       1:2           Time        Value Moves Dep 1:2       1-2-Draws
   6 B 1    3.0:2.0        3.0:3.0       8:23:55 AM   -18.00    25 4.000 :6.000  1-1-4

--------------------------------------------------------------

Engine-Match Sunday, November 16, 2025 8:23:57 AM
 Blitz 90/1 

Pairing 115/136 :    PositionalOpponent  -  VPR_v9.0

PGN-File: C:\Program Files (x86)\Arena\Tournaments\Ultimate Engine Battle 20251108.pgn

No:  B/W 1/2     W:B       1:2           Time        Value Moves Dep 1:2       1-2-Draws
   6 B 1    1.0:0.0        6.0:0.0       8:33:37 AM  -299.99    42 6.000 :6.000  6-0-0

--------------------------------------------------------------

Engine-Match Sunday, November 16, 2025 8:33:38 AM
 Blitz 90/1 

Pairing 116/136 :    VPR_v8.1  -  RandomOpponent

PGN-File: C:\Program Files (x86)\Arena\Tournaments\Ultimate Engine Battle 20251108.pgn

No:  B/W 1/2     W:B       1:2           Time        Value Moves Dep 1:2       1-2-Draws
   6 B 1    1.0:0.0        6.0:0.0       8:34:46 AM  -299.99    37 6.000 :0 6-0-0

--------------------------------------------------------------

Engine-Match Sunday, November 16, 2025 8:34:47 AM
 Blitz 90/1 

Pairing 117/136 :    SlowMate_v3.1  -  V7P3R_v14.3

PGN-File: C:\Program Files (x86)\Arena\Tournaments\Ultimate Engine Battle 20251108.pgn

No:  B/W 1/2     W:B       1:2           Time        Value Moves Dep 1:2       1-2-Draws
   6 W 2    1.0:0.0        0.0:6.0       9:10:52 AM  +289.99    21 4.950 :4.867  0-6-0

--------------------------------------------------------------

Engine-Match Sunday, November 16, 2025 9:10:53 AM
 Blitz 90/1 

Pairing 118/136 :    V7P3R_v14.2  -  Stockfish 1%

PGN-File: C:\Program Files (x86)\Arena\Tournaments\Ultimate Engine Battle 20251108.pgn

No:  B/W 1/2     W:B       1:2           Time        Value Moves Dep 1:2       1-2-Draws
   6 W 2    1.0:0.0        0.0:6.0       9:14:37 AM      +M1    23 5.200 :43.957  0-6-0

--------------------------------------------------------------

Engine-Match Sunday, November 16, 2025 9:14:39 AM
 Blitz 90/1 

Pairing 119/136 :    V7P3R_v10.8  -  V7P3R_v14.1

PGN-File: C:\Program Files (x86)\Arena\Tournaments\Ultimate Engine Battle 20251108.pgn

No:  B/W 1/2     W:B       1:2           Time        Value Moves Dep 1:2       1-2-Draws
   6 = =    2.5:2.5        3.5:2.5       9:31:46 AM    +8.43    71 4.040 :4.875  1-0-5

--------------------------------------------------------------

Engine-Match Sunday, November 16, 2025 9:31:48 AM
 Blitz 90/1 

Pairing 120/136 :    V7P3R_v14.0  -  V7P3R_v12.6

PGN-File: C:\Program Files (x86)\Arena\Tournaments\Ultimate Engine Battle 20251108.pgn

No:  B/W 1/2     W:B       1:2           Time        Value Moves Dep 1:2       1-2-Draws
   6 W 2    1.0:0.0        3.0:3.0       9:53:56 AM   +36.08    70 4.737 :4.909  3-3-0

--------------------------------------------------------------

Engine-Match Sunday, November 16, 2025 9:54:08 AM
 Blitz 90/1 

Pairing 121/136 :    CaptureOpponent  -  C0BR4_v2.9

PGN-File: C:\Program Files (x86)\Arena\Tournaments\Ultimate Engine Battle 20251108.pgn

No:  B/W 1/2     W:B       1:2           Time        Value Moves Dep 1:2       1-2-Draws
   6 W 2    1.0:0.0        0.0:6.0       10:00:52 AM   +11.85    13 7.077 :4.000  0-6-0

--------------------------------------------------------------

Engine-Match Sunday, November 16, 2025 10:00:53 AM
 Blitz 90/1 

Pairing 122/136 :    VPR_v9.0  -  CoverageOpponent

PGN-File: C:\Program Files (x86)\Arena\Tournaments\Ultimate Engine Battle 20251108.pgn

No:  B/W 1/2     W:B       1:2           Time        Value Moves Dep 1:2       1-2-Draws
   6 W 2    2.5:1.5        1.5:4.5       10:08:59 AM  +299.99    37 6.000 :6.000  0-3-3

--------------------------------------------------------------

Engine-Match Sunday, November 16, 2025 10:09:01 AM
 Blitz 90/1 

Pairing 123/136 :    MaterialOpponent  -  VPR_v8.1

PGN-File: C:\Program Files (x86)\Arena\Tournaments\Ultimate Engine Battle 20251108.pgn

No:  B/W 1/2     W:B       1:2           Time        Value Moves Dep 1:2       1-2-Draws
   6 = =    3.0:3.0        3.0:3.0       10:09:15 AM     0.00     7 6.000 :6.000  0-0-6

--------------------------------------------------------------

Engine-Match Sunday, November 16, 2025 10:09:16 AM
 Blitz 90/1 

Pairing 124/136 :    V7P3R_v14.3  -  PositionalOpponent

PGN-File: C:\Program Files (x86)\Arena\Tournaments\Ultimate Engine Battle 20251108.pgn

No:  B/W 1/2     W:B       1:2           Time        Value Moves Dep 1:2       1-2-Draws
   6 W 2    1.0:0.0        0.0:6.0       10:16:15 AM  +299.99    21 5.385 :6.000  0-6-0

--------------------------------------------------------------

Engine-Match Sunday, November 16, 2025 10:16:17 AM
 Blitz 90/1 

Pairing 125/136 :    RandomOpponent  -  V7P3R_v14.2

PGN-File: C:\Program Files (x86)\Arena\Tournaments\Ultimate Engine Battle 20251108.pgn

No:  B/W 1/2     W:B       1:2           Time        Value Moves Dep 1:2       1-2-Draws
   6 W 2    1.0:0.0        0.0:6.0       10:22:19 AM     0.00    27 0:5.000  0-6-0

--------------------------------------------------------------

Engine-Match Sunday, November 16, 2025 10:22:20 AM
 Blitz 90/1 

Pairing 126/136 :    V7P3R_v14.1  -  SlowMate_v3.1

PGN-File: C:\Program Files (x86)\Arena\Tournaments\Ultimate Engine Battle 20251108.pgn

No:  B/W 1/2     W:B       1:2           Time        Value Moves Dep 1:2       1-2-Draws
   6 = =    1.5:1.5        4.5:1.5       11:35:26 AM    +2.80    60 5.176 :5.833  3-0-3

--------------------------------------------------------------

Engine-Match Sunday, November 16, 2025 11:35:28 AM
 Blitz 90/1 

Pairing 127/136 :    Stockfish 1%  -  V7P3R_v14.0

PGN-File: C:\Program Files (x86)\Arena\Tournaments\Ultimate Engine Battle 20251108.pgn

No:  B/W 1/2     W:B       1:2           Time        Value Moves Dep 1:2       1-2-Draws
   6 B 1    1.0:0.0        6.0:0.0       11:42:53 AM      -M1    34 23.500 :5.417  6-0-0

--------------------------------------------------------------

Engine-Match Sunday, November 16, 2025 11:42:54 AM
 Blitz 90/1 

Pairing 128/136 :    V7P3R_v12.6  -  V7P3R_v10.8

PGN-File: C:\Program Files (x86)\Arena\Tournaments\Ultimate Engine Battle 20251108.pgn

No:  B/W 1/2     W:B       1:2           Time        Value Moves Dep 1:2       1-2-Draws
   6 W 2    2.5:1.5        3.5:2.5       11:59:06 AM  +289.99    47 4.571 :3.960  2-1-3

--------------------------------------------------------------

Engine-Match Sunday, November 16, 2025 11:59:08 AM
 Blitz 90/1 

Pairing 129/136 :    C0BR4_v3.1  -  VPR_v9.0

PGN-File: C:\Program Files (x86)\Arena\Tournaments\Ultimate Engine Battle 20251108.pgn

No:  B/W 1/2     W:B       1:2           Time        Value Moves Dep 1:2       1-2-Draws
   6 W 2    2.5:1.5        1.5:4.5       12:02:58 PM   +20.62    23 4.000 :6.000  0-3-3

--------------------------------------------------------------

Engine-Match Sunday, November 16, 2025 12:03:00 PM
 Blitz 90/1 

Pairing 130/136 :    VPR_v8.1  -  CaptureOpponent

PGN-File: C:\Program Files (x86)\Arena\Tournaments\Ultimate Engine Battle 20251108.pgn

No:  B/W 1/2     W:B       1:2           Time        Value Moves Dep 1:2       1-2-Draws
   6 B 1    1.0:0.0        6.0:0.0       12:08:23 PM  -299.99    11 6.000 :7.182  6-0-0

--------------------------------------------------------------

Engine-Match Sunday, November 16, 2025 12:08:24 PM
 Blitz 90/1 

Pairing 131/136 :    CoverageOpponent  -  V7P3R_v14.3

PGN-File: C:\Program Files (x86)\Arena\Tournaments\Ultimate Engine Battle 20251108.pgn

No:  B/W 1/2     W:B       1:2           Time        Value Moves Dep 1:2       1-2-Draws
   6 W 2    2.5:1.5        1.5:4.5       12:19:48 PM  +299.98    49 6.000 :5.182  0-3-3

--------------------------------------------------------------

Engine-Match Sunday, November 16, 2025 12:19:50 PM
 Blitz 90/1 

Pairing 132/136 :    V7P3R_v14.2  -  MaterialOpponent

PGN-File: C:\Program Files (x86)\Arena\Tournaments\Ultimate Engine Battle 20251108.pgn

No:  B/W 1/2     W:B       1:2           Time        Value Moves Dep 1:2       1-2-Draws
   6 W 2    2.5:1.5        1.5:4.5       12:27:31 PM  +299.99    39 5.000 :6.000  0-3-3

--------------------------------------------------------------

Engine-Match Sunday, November 16, 2025 12:27:33 PM
 Blitz 90/1 

Pairing 133/136 :    PositionalOpponent  -  V7P3R_v14.1

PGN-File: C:\Program Files (x86)\Arena\Tournaments\Ultimate Engine Battle 20251108.pgn

No:  B/W 1/2     W:B       1:2           Time        Value Moves Dep 1:2       1-2-Draws
   6 W 2    1.0:0.0        5.0:1.0       12:40:23 PM  +299.98    30 6.000 :4.565  5-1-0

--------------------------------------------------------------

Engine-Match Sunday, November 16, 2025 12:40:24 PM
 Blitz 90/1 

Pairing 134/136 :    V7P3R_v14.0  -  RandomOpponent

PGN-File: C:\Program Files (x86)\Arena\Tournaments\Ultimate Engine Battle 20251108.pgn

No:  B/W 1/2     W:B       1:2           Time        Value Moves Dep 1:2       1-2-Draws
   6 B 1    1.0:0.0        6.0:0.0       12:49:27 PM  -289.99    16 5.733 :0 6-0-0

--------------------------------------------------------------

Engine-Match Sunday, November 16, 2025 12:49:29 PM
 Blitz 90/1 

Pairing 135/136 :    SlowMate_v3.1  -  V7P3R_v12.6

PGN-File: C:\Program Files (x86)\Arena\Tournaments\Ultimate Engine Battle 20251108.pgn

No:  B/W 1/2     W:B       1:2           Time        Value Moves Dep 1:2       1-2-Draws
   6 W 2    1.5:0.5        0.5:5.5       1:26:03 PM  +289.99    19 5.722 :5.167  0-5-1

--------------------------------------------------------------

Engine-Match Sunday, November 16, 2025 1:26:05 PM
 Blitz 90/1 

Pairing 136/136 :    V7P3R_v10.8  -  Stockfish 1%

PGN-File: C:\Program Files (x86)\Arena\Tournaments\Ultimate Engine Battle 20251108.pgn

No:  B/W 1/2     W:B       1:2           Time        Value Moves Dep 1:2       1-2-Draws
   6 W 2    1.0:0.0        0.0:6.0       1:29:24 PM      +M1    23 4.467 :33.048  0-6-0

--------------------------------------------------------------

Engine-Match Sunday, November 16, 2025 1:29:26 PM
 Blitz 90/1 

Pairing 1/136 :    C0BR4_v2.9  -  VPR_v8.1

PGN-File: C:\Program Files (x86)\Arena\Tournaments\Ultimate Engine Battle 20251108.pgn

No:  B/W 1/2     W:B       1:2           Time        Value Moves Dep 1:2       1-2-Draws
   7 B 2    2.0:1.0        2.0:5.0       1:31:20 PM   -11.61    43 4.000 :6.000  1-4-2

--------------------------------------------------------------

Engine-Match Sunday, November 16, 2025 1:31:21 PM
 Blitz 90/1 

Pairing 2/136 :    V7P3R_v14.3  -  C0BR4_v3.1

PGN-File: C:\Program Files (x86)\Arena\Tournaments\Ultimate Engine Battle 20251108.pgn

No:  B/W 1/2     W:B       1:2           Time        Value Moves Dep 1:2       1-2-Draws
   7 W 1    1.0:0.0        4.0:3.0       1:46:48 PM  +289.99    99 5.068 :4.000  4-3-0

--------------------------------------------------------------

Engine-Match Sunday, November 16, 2025 1:46:50 PM
 Blitz 90/1 

Pairing 3/136 :    CaptureOpponent  -  V7P3R_v14.2

PGN-File: C:\Program Files (x86)\Arena\Tournaments\Ultimate Engine Battle 20251108.pgn

No:  B/W 1/2     W:B       1:2           Time        Value Moves Dep 1:2       1-2-Draws
   7 B 2    1.0:0.0        0.0:7.0       1:55:08 PM  -289.99    12 7.167 :5.000  0-7-0

--------------------------------------------------------------

Engine-Match Sunday, November 16, 2025 1:55:09 PM
 Blitz 90/1 

Pairing 4/136 :    V7P3R_v14.1  -  CoverageOpponent

PGN-File: C:\Program Files (x86)\Arena\Tournaments\Ultimate Engine Battle 20251108.pgn

No:  B/W 1/2     W:B       1:2           Time        Value Moves Dep 1:2       1-2-Draws
   7 B 2    2.5:1.5        1.5:5.5       2:02:48 PM  -299.99    20 4.706 :6.000  0-4-3

--------------------------------------------------------------

Engine-Match Sunday, November 16, 2025 2:03:03 PM
 Blitz 90/1 

Pairing 5/136 :    MaterialOpponent  -  V7P3R_v14.0

PGN-File: C:\Program Files (x86)\Arena\Tournaments\Ultimate Engine Battle 20251108.pgn

No:  B/W 1/2     W:B       1:2           Time        Value Moves Dep 1:2       1-2-Draws
   7 B 2    1.5:0.5        0.5:6.5       2:18:03 PM   -15.15    43 6.000 :5.429  0-6-1

--------------------------------------------------------------

Engine-Match Sunday, November 16, 2025 2:18:04 PM
 Blitz 90/1 

Pairing 6/136 :    V7P3R_v12.6  -  PositionalOpponent

PGN-File: C:\Program Files (x86)\Arena\Tournaments\Ultimate Engine Battle 20251108.pgn

No:  B/W 1/2     W:B       1:2           Time        Value Moves Dep 1:2       1-2-Draws
   7 B 2    1.0:0.0        3.0:4.0       2:29:33 PM  -299.99    25 5.059 :6.000  3-4-0

--------------------------------------------------------------

Engine-Match Sunday, November 16, 2025 2:29:35 PM
 Blitz 90/1 

Pairing 7/136 :    RandomOpponent  -  V7P3R_v10.8

PGN-File: C:\Program Files (x86)\Arena\Tournaments\Ultimate Engine Battle 20251108.pgn

No:  B/W 1/2     W:B       1:2           Time        Value Moves Dep 1:2       1-2-Draws
   7 B 2    1.0:0.0        0.0:7.0       2:33:37 PM  -289.98    29 0:4.789  0-7-0

--------------------------------------------------------------

Engine-Match Sunday, November 16, 2025 2:33:38 PM
 Blitz 90/1 

Pairing 8/136 :    Stockfish 1%  -  SlowMate_v3.1

PGN-File: C:\Program Files (x86)\Arena\Tournaments\Ultimate Engine Battle 20251108.pgn

No:  B/W 1/2     W:B       1:2           Time        Value Moves Dep 1:2       1-2-Draws
   7 W 1    1.0:0.0        7.0:0.0       2:58:05 PM      +M1    15 27.933 :5.357  7-0-0

--------------------------------------------------------------

Engine-Match Sunday, November 16, 2025 2:58:06 PM
 Blitz 90/1 

Pairing 9/136 :    VPR_v9.0  -  V7P3R_v14.3

PGN-File: C:\Program Files (x86)\Arena\Tournaments\Ultimate Engine Battle 20251108.pgn

No:  B/W 1/2     W:B       1:2           Time        Value Moves Dep 1:2       1-2-Draws
   7 W 1    1.5:0.5        4.5:2.5       3:05:35 PM  +299.99    36 6.000 :5.389  4-2-1

--------------------------------------------------------------

Engine-Match Sunday, November 16, 2025 3:05:37 PM
 Blitz 90/1 

Pairing 10/136 :    V7P3R_v14.2  -  C0BR4_v2.9

PGN-File: C:\Program Files (x86)\Arena\Tournaments\Ultimate Engine Battle 20251108.pgn

No:  B/W 1/2     W:B       1:2           Time        Value Moves Dep 1:2       1-2-Draws
   7 = =    2.5:2.5        3.5:3.5       3:14:01 PM    +3.21    45 5.188 :4.000  1-1-5

--------------------------------------------------------------

Engine-Match Sunday, November 16, 2025 3:14:03 PM
 Blitz 90/1 

Pairing 11/136 :    C0BR4_v3.1  -  V7P3R_v14.1

PGN-File: C:\Program Files (x86)\Arena\Tournaments\Ultimate Engine Battle 20251108.pgn

No:  B/W 1/2     W:B       1:2           Time        Value Moves Dep 1:2       1-2-Draws
   7 W 1    2.5:1.5        3.5:3.5       3:19:18 PM   +19.08    50 4.000 :4.722  2-2-3

--------------------------------------------------------------

Engine-Match Sunday, November 16, 2025 3:19:20 PM
 Blitz 90/1 

Pairing 12/136 :    V7P3R_v14.0  -  CaptureOpponent

PGN-File: C:\Program Files (x86)\Arena\Tournaments\Ultimate Engine Battle 20251108.pgn

No:  B/W 1/2     W:B       1:2           Time        Value Moves Dep 1:2       1-2-Draws
   7 W 1    1.0:0.0        7.0:0.0       3:31:58 PM     0.00    14 5.727 :6.923  7-0-0

--------------------------------------------------------------

Engine-Match Sunday, November 16, 2025 3:32:00 PM
 Blitz 90/1 

Pairing 13/136 :    CoverageOpponent  -  V7P3R_v12.6

PGN-File: C:\Program Files (x86)\Arena\Tournaments\Ultimate Engine Battle 20251108.pgn

No:  B/W 1/2     W:B       1:2           Time        Value Moves Dep 1:2       1-2-Draws
   7 = =    2.5:2.5        2.5:4.5       3:54:07 PM     0.00    45 6.000 :5.091  0-2-5

--------------------------------------------------------------

Engine-Match Sunday, November 16, 2025 3:54:09 PM
 Blitz 90/1 

Pairing 14/136 :    V7P3R_v10.8  -  MaterialOpponent

PGN-File: C:\Program Files (x86)\Arena\Tournaments\Ultimate Engine Battle 20251108.pgn

No:  B/W 1/2     W:B       1:2           Time        Value Moves Dep 1:2       1-2-Draws
   7 W 1    1.5:0.5        5.5:1.5       4:05:44 PM   +10.10    52 3.947 :6.000  5-1-1

--------------------------------------------------------------

Engine-Match Sunday, November 16, 2025 4:05:46 PM
 Blitz 90/1 

Pairing 15/136 :    PositionalOpponent  -  Stockfish 1%

PGN-File: C:\Program Files (x86)\Arena\Tournaments\Ultimate Engine Battle 20251108.pgn

No:  B/W 1/2     W:B       1:2           Time        Value Moves Dep 1:2       1-2-Draws
   7 B 2    1.0:0.0        0.0:7.0       4:09:02 PM      -M1    27 6.000 :35.296  0-7-0

--------------------------------------------------------------

Engine-Match Sunday, November 16, 2025 4:09:03 PM
 Blitz 90/1 

Pairing 16/136 :    SlowMate_v3.1  -  RandomOpponent

PGN-File: C:\Program Files (x86)\Arena\Tournaments\Ultimate Engine Battle 20251108.pgn

No:  B/W 1/2     W:B       1:2           Time        Value Moves Dep 1:2       1-2-Draws
   7 = =    3.0:3.0        4.0:3.0       5:02:25 PM   +47.26    39 4.846 :0 1-0-6

--------------------------------------------------------------

Engine-Match Sunday, November 16, 2025 5:02:27 PM
 Blitz 90/1 

Pairing 17/136 :    VPR_v8.1  -  V7P3R_v14.2

PGN-File: C:\Program Files (x86)\Arena\Tournaments\Ultimate Engine Battle 20251108.pgn

No:  B/W 1/2     W:B       1:2           Time        Value Moves Dep 1:2       1-2-Draws
   7 W 1    2.5:1.5        5.5:1.5       5:14:32 PM    +9.61    56 6.000 :5.000  4-0-3

--------------------------------------------------------------

Engine-Match Sunday, November 16, 2025 5:14:33 PM
 Blitz 90/1 

Pairing 18/136 :    V7P3R_v14.1  -  VPR_v9.0

PGN-File: C:\Program Files (x86)\Arena\Tournaments\Ultimate Engine Battle 20251108.pgn

No:  B/W 1/2     W:B       1:2           Time        Value Moves Dep 1:2       1-2-Draws
   7 = =    3.5:3.5        3.5:3.5       5:29:55 PM    +5.35    67 4.905 :6.000  0-0-7

--------------------------------------------------------------

Engine-Match Sunday, November 16, 2025 5:29:56 PM
 Blitz 90/1 

Pairing 19/136 :    C0BR4_v2.9  -  V7P3R_v14.0

PGN-File: C:\Program Files (x86)\Arena\Tournaments\Ultimate Engine Battle 20251108.pgn

No:  B/W 1/2     W:B       1:2           Time        Value Moves Dep 1:2       1-2-Draws
   7 = =    2.5:2.5        2.5:4.5       5:44:08 PM     0.00    48 4.000 :5.545  0-2-5

--------------------------------------------------------------

Engine-Match Sunday, November 16, 2025 5:44:10 PM
 Blitz 90/1 

Pairing 20/136 :    V7P3R_v12.6  -  C0BR4_v3.1

PGN-File: C:\Program Files (x86)\Arena\Tournaments\Ultimate Engine Battle 20251108.pgn

No:  B/W 1/2     W:B       1:2           Time        Value Moves Dep 1:2       1-2-Draws
   7 = =    1.5:1.5        4.5:2.5       5:55:27 PM     0.00    32 4.900 :4.000  3-1-3

--------------------------------------------------------------

Engine-Match Sunday, November 16, 2025 5:55:29 PM
 Blitz 90/1 

Pairing 21/136 :    CaptureOpponent  -  V7P3R_v10.8

PGN-File: C:\Program Files (x86)\Arena\Tournaments\Ultimate Engine Battle 20251108.pgn

No:  B/W 1/2     W:B       1:2           Time        Value Moves Dep 1:2       1-2-Draws
   7 B 2    1.0:0.0        0.0:7.0       6:06:54 PM  -289.98    18 7.000 :4.385  0-7-0

--------------------------------------------------------------

Engine-Match Sunday, November 16, 2025 6:06:56 PM
 Blitz 90/1 

Pairing 22/136 :    Stockfish 1%  -  CoverageOpponent

PGN-File: C:\Program Files (x86)\Arena\Tournaments\Ultimate Engine Battle 20251108.pgn

No:  B/W 1/2     W:B       1:2           Time        Value Moves Dep 1:2       1-2-Draws
   7 W 1    1.0:0.0        7.0:0.0       6:10:46 PM      +M1    27 31.708 :6.000  7-0-0

--------------------------------------------------------------

Engine-Match Sunday, November 16, 2025 6:10:47 PM
 Blitz 90/1 

Pairing 23/136 :    MaterialOpponent  -  SlowMate_v3.1

PGN-File: C:\Program Files (x86)\Arena\Tournaments\Ultimate Engine Battle 20251108.pgn

No:  B/W 1/2     W:B       1:2           Time        Value Moves Dep 1:2       1-2-Draws
   7 = =    3.5:3.5        3.5:3.5       6:58:08 PM    +7.10    33 6.000 :5.188  0-0-7

--------------------------------------------------------------

Engine-Match Sunday, November 16, 2025 6:58:09 PM
 Blitz 90/1 

Pairing 24/136 :    RandomOpponent  -  PositionalOpponent

PGN-File: C:\Program Files (x86)\Arena\Tournaments\Ultimate Engine Battle 20251108.pgn

No:  B/W 1/2     W:B       1:2           Time        Value Moves Dep 1:2       1-2-Draws
   7 B 2    1.0:0.0        0.0:7.0       7:00:31 PM  -299.99    13 0:6.000  0-7-0

--------------------------------------------------------------

Engine-Match Sunday, November 16, 2025 7:00:46 PM
 Blitz 90/1 

Pairing 25/136 :    V7P3R_v14.3  -  V7P3R_v14.1

PGN-File: C:\Program Files (x86)\Arena\Tournaments\Ultimate Engine Battle 20251108.pgn

No:  B/W 1/2     W:B       1:2           Time        Value Moves Dep 1:2       1-2-Draws
   7 W 1    2.0:1.0        3.0:4.0       7:08:16 PM  +289.99    23 4.632 :4.467  2-3-2

--------------------------------------------------------------

Engine-Match Sunday, November 16, 2025 7:08:17 PM
 Blitz 90/1 

Pairing 26/136 :    V7P3R_v14.0  -  VPR_v8.1

PGN-File: C:\Program Files (x86)\Arena\Tournaments\Ultimate Engine Battle 20251108.pgn

No:  B/W 1/2     W:B       1:2           Time        Value Moves Dep 1:2       1-2-Draws
   7 = =    2.0:2.0        5.0:2.0       7:17:33 PM    +3.34    25 4.889 :6.000  3-0-4

--------------------------------------------------------------

Engine-Match Sunday, November 16, 2025 7:17:35 PM
 Blitz 90/1 

Pairing 27/136 :    VPR_v9.0  -  V7P3R_v12.6

PGN-File: C:\Program Files (x86)\Arena\Tournaments\Ultimate Engine Battle 20251108.pgn

No:  B/W 1/2     W:B       1:2           Time        Value Moves Dep 1:2       1-2-Draws
   7 = =    0.5:0.5        4.5:2.5       7:30:11 PM    -6.68    28 6.000 :5.053  4-2-1

--------------------------------------------------------------

Engine-Match Sunday, November 16, 2025 7:30:12 PM
 Blitz 90/1 

Pairing 28/136 :    V7P3R_v10.8  -  C0BR4_v2.9

PGN-File: C:\Program Files (x86)\Arena\Tournaments\Ultimate Engine Battle 20251108.pgn

No:  B/W 1/2     W:B       1:2           Time        Value Moves Dep 1:2       1-2-Draws
   7 B 2    2.0:1.0        1.0:6.0       7:35:43 PM   -12.55    36 4.353 :4.000  0-5-2

--------------------------------------------------------------

Engine-Match Sunday, November 16, 2025 7:35:44 PM
 Blitz 90/1 

Pairing 29/136 :    C0BR4_v3.1  -  Stockfish 1%

PGN-File: C:\Program Files (x86)\Arena\Tournaments\Ultimate Engine Battle 20251108.pgn

No:  B/W 1/2     W:B       1:2           Time        Value Moves Dep 1:2       1-2-Draws
   7 B 2    1.0:0.0        0.0:7.0       7:36:18 PM      -M1    19 3.941 :41.000  0-7-0

--------------------------------------------------------------

Engine-Match Sunday, November 16, 2025 7:36:20 PM
 Blitz 90/1 

Pairing 30/136 :    SlowMate_v3.1  -  CaptureOpponent

PGN-File: C:\Program Files (x86)\Arena\Tournaments\Ultimate Engine Battle 20251108.pgn

No:  B/W 1/2     W:B       1:2           Time        Value Moves Dep 1:2       1-2-Draws
   7 W 1    1.0:0.0        7.0:0.0       8:11:11 PM   +13.45    16 5.875 :7.188  7-0-0

--------------------------------------------------------------

Engine-Match Sunday, November 16, 2025 8:11:13 PM
 Blitz 90/1 

Pairing 31/136 :    CoverageOpponent  -  RandomOpponent

PGN-File: C:\Program Files (x86)\Arena\Tournaments\Ultimate Engine Battle 20251108.pgn

No:  B/W 1/2     W:B       1:2           Time        Value Moves Dep 1:2       1-2-Draws
   7 W 1    1.0:0.0        7.0:0.0       8:14:40 PM  +299.99    15 6.000 :0 7-0-0

--------------------------------------------------------------

Engine-Match Sunday, November 16, 2025 8:14:42 PM
 Blitz 90/1 

Pairing 32/136 :    PositionalOpponent  -  MaterialOpponent

PGN-File: C:\Program Files (x86)\Arena\Tournaments\Ultimate Engine Battle 20251108.pgn

No:  B/W 1/2     W:B       1:2           Time        Value Moves Dep 1:2       1-2-Draws
   7 W 1    2.5:1.5        5.5:1.5       8:22:06 PM  +299.99    37 6.000 :6.000  4-0-3

--------------------------------------------------------------

Engine-Match Sunday, November 16, 2025 8:22:08 PM
 Blitz 90/1 

Pairing 33/136 :    V7P3R_v14.2  -  V7P3R_v14.0

PGN-File: C:\Program Files (x86)\Arena\Tournaments\Ultimate Engine Battle 20251108.pgn

No:  B/W 1/2     W:B       1:2           Time        Value Moves Dep 1:2       1-2-Draws
   7 B 2    1.5:0.5        4.5:2.5       8:35:55 PM   -26.97    29 5.000 :5.389  4-2-1

--------------------------------------------------------------

Engine-Match Sunday, November 16, 2025 8:35:57 PM
 Blitz 90/1 

Pairing 34/136 :    V7P3R_v12.6  -  V7P3R_v14.3

PGN-File: C:\Program Files (x86)\Arena\Tournaments\Ultimate Engine Battle 20251108.pgn

No:  B/W 1/2     W:B       1:2           Time        Value Moves Dep 1:2       1-2-Draws
   7 B 2    3.0:2.0        2.0:5.0       8:54:21 PM   -21.89    50 5.467 :5.632  0-3-4

--------------------------------------------------------------

Engine-Match Sunday, November 16, 2025 8:54:23 PM
 Blitz 90/1 

Pairing 35/136 :    VPR_v8.1  -  V7P3R_v10.8

PGN-File: C:\Program Files (x86)\Arena\Tournaments\Ultimate Engine Battle 20251108.pgn

No:  B/W 1/2     W:B       1:2           Time        Value Moves Dep 1:2       1-2-Draws
   7 = =    3.5:3.5        3.5:3.5       9:03:27 PM    +3.25    51 6.000 :3.944  0-0-7

--------------------------------------------------------------

Engine-Match Sunday, November 16, 2025 9:03:28 PM
 Blitz 90/1 

Pairing 36/136 :    Stockfish 1%  -  VPR_v9.0

PGN-File: C:\Program Files (x86)\Arena\Tournaments\Ultimate Engine Battle 20251108.pgn

No:  B/W 1/2     W:B       1:2           Time        Value Moves Dep 1:2       1-2-Draws
   7 W 1    1.0:0.0        7.0:0.0       9:06:44 PM      +M1    27 35.074 :6.000  7-0-0

--------------------------------------------------------------

Engine-Match Sunday, November 16, 2025 9:06:46 PM
 Blitz 90/1 

Pairing 37/136 :    C0BR4_v2.9  -  SlowMate_v3.1

PGN-File: C:\Program Files (x86)\Arena\Tournaments\Ultimate Engine Battle 20251108.pgn

No:  B/W 1/2     W:B       1:2           Time        Value Moves Dep 1:2       1-2-Draws
   7 W 1    1.0:0.0        6.0:1.0       9:25:11 PM  +299.97    11 3.800 :5.600  6-1-0

--------------------------------------------------------------

Engine-Match Sunday, November 16, 2025 9:25:12 PM
 Blitz 90/1 

Pairing 38/136 :    RandomOpponent  -  C0BR4_v3.1

PGN-File: C:\Program Files (x86)\Arena\Tournaments\Ultimate Engine Battle 20251108.pgn

No:  B/W 1/2     W:B       1:2           Time        Value Moves Dep 1:2       1-2-Draws
   7 B 2    1.0:0.0        0.0:7.0       9:25:24 PM  -299.97    19 0:3.882  0-7-0

--------------------------------------------------------------

Engine-Match Sunday, November 16, 2025 9:25:25 PM
 Blitz 90/1 

Pairing 39/136 :    CaptureOpponent  -  PositionalOpponent

PGN-File: C:\Program Files (x86)\Arena\Tournaments\Ultimate Engine Battle 20251108.pgn

No:  B/W 1/2     W:B       1:2           Time        Value Moves Dep 1:2       1-2-Draws
   7 B 2    1.0:0.0        0.0:7.0       9:31:10 PM  -299.99    11 6.727 :6.000  0-7-0

--------------------------------------------------------------

Engine-Match Sunday, November 16, 2025 9:31:12 PM
 Blitz 90/1 

Pairing 40/136 :    MaterialOpponent  -  CoverageOpponent

PGN-File: C:\Program Files (x86)\Arena\Tournaments\Ultimate Engine Battle 20251108.pgn

No:  B/W 1/2     W:B       1:2           Time        Value Moves Dep 1:2       1-2-Draws
   7 = =    2.0:2.0        2.0:5.0       9:38:02 PM    -3.05    27 6.000 :6.000  0-3-4

--------------------------------------------------------------

Engine-Match Sunday, November 16, 2025 9:38:04 PM
 Blitz 90/1 

Pairing 41/136 :    V7P3R_v14.1  -  V7P3R_v12.6

PGN-File: C:\Program Files (x86)\Arena\Tournaments\Ultimate Engine Battle 20251108.pgn

No:  B/W 1/2     W:B       1:2           Time        Value Moves Dep 1:2       1-2-Draws
   7 W 1    1.5:0.5        4.5:2.5       9:51:18 PM     0.00    25 4.824 :4.625  4-2-1

--------------------------------------------------------------

Engine-Match Sunday, November 16, 2025 9:51:20 PM
 Blitz 90/1 

Pairing 42/136 :    V7P3R_v10.8  -  V7P3R_v14.2

PGN-File: C:\Program Files (x86)\Arena\Tournaments\Ultimate Engine Battle 20251108.pgn

No:  B/W 1/2     W:B       1:2           Time        Value Moves Dep 1:2       1-2-Draws
   7 W 1    1.0:0.0        5.0:2.0       10:05:53 PM     0.00    52 4.143 :4.741  5-2-0

--------------------------------------------------------------

Engine-Match Sunday, November 16, 2025 10:05:55 PM
 Blitz 90/1 

Pairing 43/136 :    V7P3R_v14.3  -  Stockfish 1%

PGN-File: C:\Program Files (x86)\Arena\Tournaments\Ultimate Engine Battle 20251108.pgn

No:  B/W 1/2     W:B       1:2           Time        Value Moves Dep 1:2       1-2-Draws
   7 B 2    1.0:0.0        0.0:7.0       10:09:08 PM      -M1    19 5.071 :35.789  0-7-0

--------------------------------------------------------------

Engine-Match Sunday, November 16, 2025 10:09:09 PM
 Blitz 90/1 

Pairing 44/136 :    SlowMate_v3.1  -  VPR_v8.1

PGN-File: C:\Program Files (x86)\Arena\Tournaments\Ultimate Engine Battle 20251108.pgn

No:  B/W 1/2     W:B       1:2           Time        Value Moves Dep 1:2       1-2-Draws
   7 = =    2.5:2.5        2.5:4.5       10:35:15 PM    +2.51    15 5.267 :6.000  0-2-5

--------------------------------------------------------------

Engine-Match Sunday, November 16, 2025 10:35:24 PM
 Blitz 90/1 

Pairing 45/136 :    VPR_v9.0  -  RandomOpponent

PGN-File: C:\Program Files (x86)\Arena\Tournaments\Ultimate Engine Battle 20251108.pgn

No:  B/W 1/2     W:B       1:2           Time        Value Moves Dep 1:2       1-2-Draws
   7 W 1    1.0:0.0        7.0:0.0       10:37:05 PM  +299.99    10 6.000 :0 7-0-0

--------------------------------------------------------------

Engine-Match Sunday, November 16, 2025 10:37:07 PM
 Blitz 90/1 

Pairing 46/136 :    PositionalOpponent  -  C0BR4_v2.9

PGN-File: C:\Program Files (x86)\Arena\Tournaments\Ultimate Engine Battle 20251108.pgn

No:  B/W 1/2     W:B       1:2           Time        Value Moves Dep 1:2       1-2-Draws
   7 W 1    2.0:1.0        6.0:1.0       10:41:21 PM  +299.99    42 6.000 :4.000  5-0-2

--------------------------------------------------------------

Engine-Match Sunday, November 16, 2025 10:41:22 PM
 Blitz 90/1 

Pairing 47/136 :    C0BR4_v3.1  -  MaterialOpponent

PGN-File: C:\Program Files (x86)\Arena\Tournaments\Ultimate Engine Battle 20251108.pgn

No:  B/W 1/2     W:B       1:2           Time        Value Moves Dep 1:2       1-2-Draws
   7 = =    2.5:2.5        2.5:4.5       10:42:05 PM    +2.27    27 4.000 :6.000  0-2-5

--------------------------------------------------------------

Engine-Match Sunday, November 16, 2025 10:42:07 PM
 Blitz 90/1 

Pairing 48/136 :    CoverageOpponent  -  CaptureOpponent

PGN-File: C:\Program Files (x86)\Arena\Tournaments\Ultimate Engine Battle 20251108.pgn

No:  B/W 1/2     W:B       1:2           Time        Value Moves Dep 1:2       1-2-Draws
   7 W 1    1.0:0.0        7.0:0.0       10:56:24 PM  +299.99    22 6.000 :6.524  7-0-0

--------------------------------------------------------------

Engine-Match Sunday, November 16, 2025 10:56:25 PM
 Blitz 90/1 

Pairing 49/136 :    V7P3R_v14.0  -  V7P3R_v10.8

PGN-File: C:\Program Files (x86)\Arena\Tournaments\Ultimate Engine Battle 20251108.pgn

No:  B/W 1/2     W:B       1:2           Time        Value Moves Dep 1:2       1-2-Draws
   7 W 1    1.5:0.5        6.5:0.5       11:16:18 PM  +289.99    66 5.154 :3.846  6-0-1

--------------------------------------------------------------

Engine-Match Sunday, November 16, 2025 11:16:20 PM
 Blitz 90/1 

Pairing 50/136 :    Stockfish 1%  -  V7P3R_v14.1

PGN-File: C:\Program Files (x86)\Arena\Tournaments\Ultimate Engine Battle 20251108.pgn

No:  B/W 1/2     W:B       1:2           Time        Value Moves Dep 1:2       1-2-Draws
   7 W 1    1.0:0.0        7.0:0.0       11:21:35 PM      +M1    22 35.773 :4.647  7-0-0

--------------------------------------------------------------

Engine-Match Sunday, November 16, 2025 11:21:36 PM
 Blitz 90/1 

Pairing 51/136 :    V7P3R_v14.2  -  SlowMate_v3.1

PGN-File: C:\Program Files (x86)\Arena\Tournaments\Ultimate Engine Battle 20251108.pgn

No:  B/W 1/2     W:B       1:2           Time        Value Moves Dep 1:2       1-2-Draws
   7 = =    2.0:2.0        5.0:2.0       12:02:52 AM  -200.00    25 5.214 :5.440  3-0-4

--------------------------------------------------------------

Engine-Match Monday, November 17, 2025 12:02:54 AM
 Blitz 90/1 

Pairing 52/136 :    RandomOpponent  -  V7P3R_v14.3

PGN-File: C:\Program Files (x86)\Arena\Tournaments\Ultimate Engine Battle 20251108.pgn

No:  B/W 1/2     W:B       1:2           Time        Value Moves Dep 1:2       1-2-Draws
   7 B 2    1.0:0.0        0.0:7.0       12:05:41 AM     0.00    13 0:5.250  0-7-0

--------------------------------------------------------------

Engine-Match Monday, November 17, 2025 12:05:42 AM
 Blitz 90/1 

Pairing 53/136 :    VPR_v8.1  -  PositionalOpponent

PGN-File: C:\Program Files (x86)\Arena\Tournaments\Ultimate Engine Battle 20251108.pgn

No:  B/W 1/2     W:B       1:2           Time        Value Moves Dep 1:2       1-2-Draws
   7 B 2    1.0:0.0        0.0:7.0       12:14:35 AM  -299.94    42 6.000 :6.000  0-7-0

--------------------------------------------------------------

Engine-Match Monday, November 17, 2025 12:14:37 AM
 Blitz 90/1 

Pairing 54/136 :    MaterialOpponent  -  VPR_v9.0

PGN-File: C:\Program Files (x86)\Arena\Tournaments\Ultimate Engine Battle 20251108.pgn

No:  B/W 1/2     W:B       1:2           Time        Value Moves Dep 1:2       1-2-Draws
   7 B 2    2.5:1.5        1.5:5.5       12:18:21 AM   -10.30    51 6.000 :6.000  0-4-3

--------------------------------------------------------------

Engine-Match Monday, November 17, 2025 12:18:22 AM
 Blitz 90/1 

Pairing 55/136 :    C0BR4_v2.9  -  CoverageOpponent

PGN-File: C:\Program Files (x86)\Arena\Tournaments\Ultimate Engine Battle 20251108.pgn

No:  B/W 1/2     W:B       1:2           Time        Value Moves Dep 1:2       1-2-Draws
   7 = =    2.5:2.5        2.5:4.5       12:22:34 AM    +0.22    30 4.000 :6.000  0-2-5

--------------------------------------------------------------

Engine-Match Monday, November 17, 2025 12:22:36 AM
 Blitz 90/1 

Pairing 56/136 :    CaptureOpponent  -  C0BR4_v3.1

PGN-File: C:\Program Files (x86)\Arena\Tournaments\Ultimate Engine Battle 20251108.pgn

No:  B/W 1/2     W:B       1:2           Time        Value Moves Dep 1:2       1-2-Draws
   7 B 2    1.0:0.0        0.0:7.0       12:28:58 AM  -299.97    13 6.769 :3.818  0-7-0

--------------------------------------------------------------

Engine-Match Monday, November 17, 2025 12:28:59 AM
 Blitz 90/1 

Pairing 57/136 :    V7P3R_v12.6  -  Stockfish 1%

PGN-File: C:\Program Files (x86)\Arena\Tournaments\Ultimate Engine Battle 20251108.pgn

No:  B/W 1/2     W:B       1:2           Time        Value Moves Dep 1:2       1-2-Draws
   7 B 2    1.0:0.0        0.0:7.0       12:46:14 AM      -M1    48 4.727 :23.036  0-7-0

--------------------------------------------------------------

Engine-Match Monday, November 17, 2025 12:46:16 AM
 Blitz 90/1 

Pairing 58/136 :    SlowMate_v3.1  -  V7P3R_v14.0

PGN-File: C:\Program Files (x86)\Arena\Tournaments\Ultimate Engine Battle 20251108.pgn

No:  B/W 1/2     W:B       1:2           Time        Value Moves Dep 1:2       1-2-Draws
   7 B 2    3.0:2.0        2.0:5.0       2:03:20 AM  -289.99    48 5.667 :5.400  0-3-4

--------------------------------------------------------------

Engine-Match Monday, November 17, 2025 2:03:21 AM
 Blitz 90/1 

Pairing 59/136 :    V7P3R_v14.1  -  RandomOpponent

PGN-File: C:\Program Files (x86)\Arena\Tournaments\Ultimate Engine Battle 20251108.pgn

No:  B/W 1/2     W:B       1:2           Time        Value Moves Dep 1:2       1-2-Draws
   7 W 1    1.0:0.0        7.0:0.0       2:08:37 AM  +289.98    21 4.650 :0 7-0-0

--------------------------------------------------------------

Engine-Match Monday, November 17, 2025 2:08:38 AM
 Blitz 90/1 

Pairing 60/136 :    PositionalOpponent  -  V7P3R_v14.2

PGN-File: C:\Program Files (x86)\Arena\Tournaments\Ultimate Engine Battle 20251108.pgn

No:  B/W 1/2     W:B       1:2           Time        Value Moves Dep 1:2       1-2-Draws
   7 B 2    1.5:0.5        3.5:3.5       2:20:44 AM  -299.96    43 6.000 :4.962  3-3-1

--------------------------------------------------------------

Engine-Match Monday, November 17, 2025 2:20:45 AM
 Blitz 90/1 

Pairing 61/136 :    V7P3R_v14.3  -  MaterialOpponent

PGN-File: C:\Program Files (x86)\Arena\Tournaments\Ultimate Engine Battle 20251108.pgn

No:  B/W 1/2     W:B       1:2           Time        Value Moves Dep 1:2       1-2-Draws
   7 = =    2.0:2.0        5.0:2.0       2:30:14 AM    -0.20    33 5.304 :6.000  3-0-4

--------------------------------------------------------------

Engine-Match Monday, November 17, 2025 2:30:16 AM
 Blitz 90/1 

Pairing 62/136 :    CoverageOpponent  -  VPR_v8.1

PGN-File: C:\Program Files (x86)\Arena\Tournaments\Ultimate Engine Battle 20251108.pgn

No:  B/W 1/2     W:B       1:2           Time        Value Moves Dep 1:2       1-2-Draws
   7 B 2    3.0:2.0        4.0:3.0       2:44:54 AM  -299.99    64 6.000 :6.000  2-1-4

--------------------------------------------------------------

Engine-Match Monday, November 17, 2025 2:44:55 AM
 Blitz 90/1 

Pairing 63/136 :    VPR_v9.0  -  CaptureOpponent

PGN-File: C:\Program Files (x86)\Arena\Tournaments\Ultimate Engine Battle 20251108.pgn

No:  B/W 1/2     W:B       1:2           Time        Value Moves Dep 1:2       1-2-Draws
   7 W 1    1.5:0.5        6.5:0.5       2:49:38 AM  +299.99     8 6.000 :6.571  6-0-1

--------------------------------------------------------------

Engine-Match Monday, November 17, 2025 2:49:39 AM
 Blitz 90/1 

Pairing 64/136 :    C0BR4_v3.1  -  C0BR4_v2.9

PGN-File: C:\Program Files (x86)\Arena\Tournaments\Ultimate Engine Battle 20251108.pgn

No:  B/W 1/2     W:B       1:2           Time        Value Moves Dep 1:2       1-2-Draws
   7 B 2    3.0:2.0        2.0:5.0       2:50:59 AM   -12.73    49 4.000 :4.000  0-3-4

--------------------------------------------------------------

Engine-Match Monday, November 17, 2025 2:51:07 AM
 Blitz 90/1 

Pairing 65/136 :    V7P3R_v10.8  -  SlowMate_v3.1

PGN-File: C:\Program Files (x86)\Arena\Tournaments\Ultimate Engine Battle 20251108.pgn

No:  B/W 1/2     W:B       1:2           Time        Value Moves Dep 1:2       1-2-Draws
   7 W 1    1.5:0.5        1.5:5.5       4:12:52 AM  +289.99    71 4.077 :5.333  1-5-1

--------------------------------------------------------------

Engine-Match Monday, November 17, 2025 4:12:53 AM
 Blitz 90/1 

Pairing 66/136 :    RandomOpponent  -  V7P3R_v12.6

PGN-File: C:\Program Files (x86)\Arena\Tournaments\Ultimate Engine Battle 20251108.pgn

No:  B/W 1/2     W:B       1:2           Time        Value Moves Dep 1:2       1-2-Draws
   7 B 2    1.0:0.0        0.0:7.0       4:18:59 AM     0.00    15 0:5.417  0-7-0

--------------------------------------------------------------

Engine-Match Monday, November 17, 2025 4:19:00 AM
 Blitz 90/1 

Pairing 67/136 :    V7P3R_v14.0  -  PositionalOpponent

PGN-File: C:\Program Files (x86)\Arena\Tournaments\Ultimate Engine Battle 20251108.pgn

No:  B/W 1/2     W:B       1:2           Time        Value Moves Dep 1:2       1-2-Draws
   7 B 2    1.0:0.0        1.0:6.0       4:28:25 AM  -299.99    19 5.167 :6.000  1-6-0

--------------------------------------------------------------

Engine-Match Monday, November 17, 2025 4:28:26 AM
 Blitz 90/1 

Pairing 68/136 :    MaterialOpponent  -  V7P3R_v14.1

PGN-File: C:\Program Files (x86)\Arena\Tournaments\Ultimate Engine Battle 20251108.pgn

No:  B/W 1/2     W:B       1:2           Time        Value Moves Dep 1:2       1-2-Draws
   7 = =    2.0:2.0        2.0:5.0       4:40:43 AM     0.00    93 6.000 :4.952  0-3-4

--------------------------------------------------------------

Engine-Match Monday, November 17, 2025 4:40:44 AM
 Blitz 90/1 

Pairing 69/136 :    V7P3R_v14.2  -  CoverageOpponent

PGN-File: C:\Program Files (x86)\Arena\Tournaments\Ultimate Engine Battle 20251108.pgn

No:  B/W 1/2     W:B       1:2           Time        Value Moves Dep 1:2       1-2-Draws
   7 B 2    1.0:0.0        5.0:2.0       4:56:01 AM  -299.99    46 4.794 :6.000  5-2-0

--------------------------------------------------------------

Engine-Match Monday, November 17, 2025 4:56:03 AM
 Blitz 90/1 

Pairing 70/136 :    CaptureOpponent  -  V7P3R_v14.3

PGN-File: C:\Program Files (x86)\Arena\Tournaments\Ultimate Engine Battle 20251108.pgn

No:  B/W 1/2     W:B       1:2           Time        Value Moves Dep 1:2       1-2-Draws
   7 B 2    1.5:0.5        0.5:6.5       5:08:54 AM  -299.98    22 7.409 :5.500  0-6-1

--------------------------------------------------------------

Engine-Match Monday, November 17, 2025 5:08:56 AM
 Blitz 90/1 

Pairing 71/136 :    VPR_v8.1  -  C0BR4_v3.1

PGN-File: C:\Program Files (x86)\Arena\Tournaments\Ultimate Engine Battle 20251108.pgn

No:  B/W 1/2     W:B       1:2           Time        Value Moves Dep 1:2       1-2-Draws
   7 = =    2.5:2.5        3.5:3.5       5:10:11 AM   -10.67    27 6.000 :4.000  1-1-5

--------------------------------------------------------------

Engine-Match Monday, November 17, 2025 5:10:13 AM
 Blitz 90/1 

Pairing 72/136 :    C0BR4_v2.9  -  VPR_v9.0

PGN-File: C:\Program Files (x86)\Arena\Tournaments\Ultimate Engine Battle 20251108.pgn

No:  B/W 1/2     W:B       1:2           Time        Value Moves Dep 1:2       1-2-Draws
   7 B 2    2.5:1.5        1.5:5.5       5:14:24 AM   -10.15    42 4.000 :6.000  0-4-3

--------------------------------------------------------------

Engine-Match Monday, November 17, 2025 5:14:25 AM
 Blitz 90/1 

Pairing 73/136 :    Stockfish 1%  -  RandomOpponent

PGN-File: C:\Program Files (x86)\Arena\Tournaments\Ultimate Engine Battle 20251108.pgn

No:  B/W 1/2     W:B       1:2           Time        Value Moves Dep 1:2       1-2-Draws
   7 W 1    1.0:0.0        7.0:0.0       5:14:59 AM      +M1    23 23.400 :0 7-0-0

--------------------------------------------------------------

Engine-Match Monday, November 17, 2025 5:15:00 AM
 Blitz 90/1 

Pairing 74/136 :    PositionalOpponent  -  V7P3R_v10.8

PGN-File: C:\Program Files (x86)\Arena\Tournaments\Ultimate Engine Battle 20251108.pgn

No:  B/W 1/2     W:B       1:2           Time        Value Moves Dep 1:2       1-2-Draws
   7 * *     0.0:0.0        6.0:0.0       5:20:50 AM     0.00    21 6.000 :4.071  6-0-0
