Engine-Match Friday, October 31, 2025 7:54:54 PM
 Blitz 3/2 

Pairing 1/28 :    C0BR4_v2.9  -  V7P3R_v14.7

PGN-File: C:\Program Files (x86)\Arena\Tournaments\Engine Battle 20251031.pgn

No:  B/W 1/2     W:B       1:2           Time        Value Moves Dep 1:2       1-2-Draws
   1 W 1    1.0:0.0        1.0:0.0       7:56:22 PM  +299.97    20 4.000 :4.000  1-0-0

--------------------------------------------------------------

Engine-Match Friday, October 31, 2025 7:56:23 PM
 Blitz 3/2 

Pairing 2/28 :    V7P3R_v14.2  -  Random_Opponent

PGN-File: C:\Program Files (x86)\Arena\Tournaments\Engine Battle 20251031.pgn

No:  B/W 1/2     W:B       1:2           Time        Value Moves Dep 1:2       1-2-Draws
   1 W 1    1.0:0.0        1.0:0.0       7:56:51 PM  +289.98     6 4.600 :0 1-0-0

--------------------------------------------------------------

Engine-Match Friday, October 31, 2025 7:56:52 PM
 Blitz 3/2 

Pairing 3/28 :    SlowMate_v3.1  -  V7P3R_v12.6

PGN-File: C:\Program Files (x86)\Arena\Tournaments\Engine Battle 20251031.pgn

No:  B/W 1/2     W:B       1:2           Time        Value Moves Dep 1:2       1-2-Draws
   1 W 1    1.0:0.0        1.0:0.0       8:06:12 PM   +12.30    67 3.048 :3.588  1-0-0

--------------------------------------------------------------

Engine-Match Friday, October 31, 2025 8:06:13 PM
 Blitz 3/2 

Pairing 4/28 :    V7P3R_v10.8  -  Stockfish 1%

PGN-File: C:\Program Files (x86)\Arena\Tournaments\Engine Battle 20251031.pgn

No:  B/W 1/2     W:B       1:2           Time        Value Moves Dep 1:2       1-2-Draws
   1 B 2    1.0:0.0        0.0:1.0       8:11:17 PM    -9.69    89 3.118 :12.750  0-1-0

--------------------------------------------------------------

Engine-Match Friday, October 31, 2025 8:11:19 PM
 Blitz 3/2 

Pairing 5/28 :    V7P3R_v14.2  -  C0BR4_v2.9

PGN-File: C:\Program Files (x86)\Arena\Tournaments\Engine Battle 20251031.pgn

No:  B/W 1/2     W:B       1:2           Time        Value Moves Dep 1:2       1-2-Draws
   1 B 2    1.0:0.0        0.0:1.0       8:14:22 PM  -299.97    34 4.650 :4.000  0-1-0

--------------------------------------------------------------

Engine-Match Friday, October 31, 2025 8:14:23 PM
 Blitz 3/2 

Pairing 6/28 :    V7P3R_v12.6  -  V7P3R_v14.7

PGN-File: C:\Program Files (x86)\Arena\Tournaments\Engine Battle 20251031.pgn

No:  B/W 1/2     W:B       1:2           Time        Value Moves Dep 1:2       1-2-Draws
   1 W 1    1.0:0.0        1.0:0.0       8:19:50 PM  +289.98    34 4.273 :4.259  1-0-0

--------------------------------------------------------------

Engine-Match Friday, October 31, 2025 8:19:52 PM
 Blitz 3/2 

Pairing 7/28 :    Random_Opponent  -  V7P3R_v10.8

PGN-File: C:\Program Files (x86)\Arena\Tournaments\Engine Battle 20251031.pgn

No:  B/W 1/2     W:B       1:2           Time        Value Moves Dep 1:2       1-2-Draws
   1 B 2    1.0:0.0        0.0:1.0       8:22:17 PM  -289.96    26 0:3.435  0-1-0

--------------------------------------------------------------

Engine-Match Friday, October 31, 2025 8:22:18 PM
 Blitz 3/2 

Pairing 8/28 :    Stockfish 1%  -  SlowMate_v3.1

PGN-File: C:\Program Files (x86)\Arena\Tournaments\Engine Battle 20251031.pgn

No:  B/W 1/2     W:B       1:2           Time        Value Moves Dep 1:2       1-2-Draws
   1 W 1    1.0:0.0        1.0:0.0       8:24:51 PM      +M1    30 14.143 :3.276  1-0-0

--------------------------------------------------------------

Engine-Match Friday, October 31, 2025 8:24:52 PM
 Blitz 3/2 

Pairing 9/28 :    C0BR4_v2.9  -  V7P3R_v12.6

PGN-File: C:\Program Files (x86)\Arena\Tournaments\Engine Battle 20251031.pgn

No:  B/W 1/2     W:B       1:2           Time        Value Moves Dep 1:2       1-2-Draws
   1 = =    0.5:0.5        0.5:0.5       8:27:28 PM    +5.61    25 4.000 :4.063  0-0-1

--------------------------------------------------------------

Engine-Match Friday, October 31, 2025 8:27:30 PM
 Blitz 3/2 

Pairing 10/28 :    V7P3R_v10.8  -  V7P3R_v14.2

PGN-File: C:\Program Files (x86)\Arena\Tournaments\Engine Battle 20251031.pgn

No:  B/W 1/2     W:B       1:2           Time        Value Moves Dep 1:2       1-2-Draws
   1 B 2    1.0:0.0        0.0:1.0       8:33:56 PM  -289.97    40 3.029 :3.781  0-1-0

--------------------------------------------------------------

Engine-Match Friday, October 31, 2025 8:33:57 PM
 Blitz 3/2 

Pairing 11/28 :    V7P3R_v14.7  -  Stockfish 1%

PGN-File: C:\Program Files (x86)\Arena\Tournaments\Engine Battle 20251031.pgn

No:  B/W 1/2     W:B       1:2           Time        Value Moves Dep 1:2       1-2-Draws
   1 B 2    1.0:0.0        0.0:1.0       8:36:27 PM   -20.61    31 3.355 :13.571  0-1-0

--------------------------------------------------------------

Engine-Match Friday, October 31, 2025 8:36:28 PM
 Blitz 3/2 

Pairing 12/28 :    SlowMate_v3.1  -  Random_Opponent

PGN-File: C:\Program Files (x86)\Arena\Tournaments\Engine Battle 20251031.pgn

No:  B/W 1/2     W:B       1:2           Time        Value Moves Dep 1:2       1-2-Draws
   1 W 1    1.0:0.0        1.0:0.0       8:38:49 PM  +128.46    26 3.385 :0 1-0-0

--------------------------------------------------------------

Engine-Match Friday, October 31, 2025 8:38:50 PM
 Blitz 3/2 

Pairing 13/28 :    V7P3R_v10.8  -  C0BR4_v2.9

PGN-File: C:\Program Files (x86)\Arena\Tournaments\Engine Battle 20251031.pgn

No:  B/W 1/2     W:B       1:2           Time        Value Moves Dep 1:2       1-2-Draws
   1 = =    0.5:0.5        0.5:0.5       8:42:43 PM    -7.67    54 3.867 :4.000  0-0-1

--------------------------------------------------------------

Engine-Match Friday, October 31, 2025 8:42:44 PM
 Blitz 3/2 

Pairing 14/28 :    Stockfish 1%  -  V7P3R_v12.6

PGN-File: C:\Program Files (x86)\Arena\Tournaments\Engine Battle 20251031.pgn

No:  B/W 1/2     W:B       1:2           Time        Value Moves Dep 1:2       1-2-Draws
   1 W 1    1.0:0.0        1.0:0.0       8:44:03 PM   +11.72    12 14.000 :3.889  1-0-0

--------------------------------------------------------------

Engine-Match Friday, October 31, 2025 8:44:05 PM
 Blitz 3/2 

Pairing 15/28 :    V7P3R_v14.2  -  SlowMate_v3.1

PGN-File: C:\Program Files (x86)\Arena\Tournaments\Engine Battle 20251031.pgn

No:  B/W 1/2     W:B       1:2           Time        Value Moves Dep 1:2       1-2-Draws
   1 = =    0.5:0.5        0.5:0.5       8:52:05 PM     0.00    50 3.967 :3.086  0-0-1

--------------------------------------------------------------

Engine-Match Friday, October 31, 2025 8:52:06 PM
 Blitz 3/2 

Pairing 16/28 :    Random_Opponent  -  V7P3R_v14.7

PGN-File: C:\Program Files (x86)\Arena\Tournaments\Engine Battle 20251031.pgn

No:  B/W 1/2     W:B       1:2           Time        Value Moves Dep 1:2       1-2-Draws
   1 B 2    1.0:0.0        0.0:1.0       8:52:58 PM     0.00    13 0:2.833  0-1-0

--------------------------------------------------------------

Engine-Match Friday, October 31, 2025 8:53:00 PM
 Blitz 3/2 

Pairing 17/28 :    C0BR4_v2.9  -  Stockfish 1%

PGN-File: C:\Program Files (x86)\Arena\Tournaments\Engine Battle 20251031.pgn

No:  B/W 1/2     W:B       1:2           Time        Value Moves Dep 1:2       1-2-Draws
   1 = =    0.5:0.5        0.5:0.5       8:55:52 PM     0.00   218 4.000 :12.250  0-0-1

--------------------------------------------------------------

Engine-Match Friday, October 31, 2025 8:55:53 PM
 Blitz 3/2 

Pairing 18/28 :    SlowMate_v3.1  -  V7P3R_v10.8

PGN-File: C:\Program Files (x86)\Arena\Tournaments\Engine Battle 20251031.pgn

No:  B/W 1/2     W:B       1:2           Time        Value Moves Dep 1:2       1-2-Draws
   1 B 2    1.0:0.0        0.0:1.0       9:00:08 PM   -11.12    26 3.269 :3.000  0-1-0

--------------------------------------------------------------

Engine-Match Friday, October 31, 2025 9:00:09 PM
 Blitz 3/2 

Pairing 19/28 :    V7P3R_v12.6  -  Random_Opponent

PGN-File: C:\Program Files (x86)\Arena\Tournaments\Engine Battle 20251031.pgn

No:  B/W 1/2     W:B       1:2           Time        Value Moves Dep 1:2       1-2-Draws
   1 W 1    1.0:0.0        1.0:0.0       9:01:27 PM     0.00    14 4.091 :0 1-0-0

--------------------------------------------------------------

Engine-Match Friday, October 31, 2025 9:01:28 PM
 Blitz 3/2 

Pairing 20/28 :    V7P3R_v14.7  -  V7P3R_v14.2

PGN-File: C:\Program Files (x86)\Arena\Tournaments\Engine Battle 20251031.pgn

No:  B/W 1/2     W:B       1:2           Time        Value Moves Dep 1:2       1-2-Draws
   1 B 2    1.0:0.0        0.0:1.0       9:04:41 PM   -23.67    22 3.250 :4.235  0-1-0

--------------------------------------------------------------

Engine-Match Friday, October 31, 2025 9:04:56 PM
 Blitz 3/2 

Pairing 21/28 :    SlowMate_v3.1  -  C0BR4_v2.9

PGN-File: C:\Program Files (x86)\Arena\Tournaments\Engine Battle 20251031.pgn

No:  B/W 1/2     W:B       1:2           Time        Value Moves Dep 1:2       1-2-Draws
   1 = =    0.5:0.5        0.5:0.5       9:08:32 PM    -0.59    37 3.189 :4.000  0-0-1

--------------------------------------------------------------

Engine-Match Friday, October 31, 2025 9:08:33 PM
 Blitz 3/2 

Pairing 22/28 :    Random_Opponent  -  Stockfish 1%

PGN-File: C:\Program Files (x86)\Arena\Tournaments\Engine Battle 20251031.pgn

No:  B/W 1/2     W:B       1:2           Time        Value Moves Dep 1:2       1-2-Draws
   1 B 2    1.0:0.0        0.0:1.0       9:08:44 PM      -M1    17 0:14.889  0-1-0

--------------------------------------------------------------

Engine-Match Friday, October 31, 2025 9:08:45 PM
 Blitz 3/2 

Pairing 23/28 :    V7P3R_v10.8  -  V7P3R_v14.7

PGN-File: C:\Program Files (x86)\Arena\Tournaments\Engine Battle 20251031.pgn

No:  B/W 1/2     W:B       1:2           Time        Value Moves Dep 1:2       1-2-Draws
   1 = =    0.5:0.5        0.5:0.5       9:10:58 PM     0.00    15 4.091 :3.900  0-0-1

--------------------------------------------------------------

Engine-Match Friday, October 31, 2025 9:11:00 PM
 Blitz 3/2 

Pairing 24/28 :    V7P3R_v14.2  -  V7P3R_v12.6

PGN-File: C:\Program Files (x86)\Arena\Tournaments\Engine Battle 20251031.pgn

No:  B/W 1/2     W:B       1:2           Time        Value Moves Dep 1:2       1-2-Draws
   1 = =    0.5:0.5        0.5:0.5       9:17:47 PM     0.00    48 4.269 :3.862  0-0-1

--------------------------------------------------------------

Engine-Match Friday, October 31, 2025 9:17:48 PM
 Blitz 3/2 

Pairing 25/28 :    C0BR4_v2.9  -  Random_Opponent

PGN-File: C:\Program Files (x86)\Arena\Tournaments\Engine Battle 20251031.pgn

No:  B/W 1/2     W:B       1:2           Time        Value Moves Dep 1:2       1-2-Draws
   1 W 1    1.0:0.0        1.0:0.0       9:18:05 PM  +299.97    19 4.000 :0 1-0-0

--------------------------------------------------------------

Engine-Match Friday, October 31, 2025 9:18:06 PM
 Blitz 3/2 

Pairing 26/28 :    V7P3R_v14.7  -  SlowMate_v3.1

PGN-File: C:\Program Files (x86)\Arena\Tournaments\Engine Battle 20251031.pgn

No:  B/W 1/2     W:B       1:2           Time        Value Moves Dep 1:2       1-2-Draws
   1 B 2    1.0:0.0        0.0:1.0       9:23:19 PM  -151.39    35 3.394 :3.429  0-1-0

--------------------------------------------------------------

Engine-Match Friday, October 31, 2025 9:23:20 PM
 Blitz 3/2 

Pairing 27/28 :    Stockfish 1%  -  V7P3R_v14.2

PGN-File: C:\Program Files (x86)\Arena\Tournaments\Engine Battle 20251031.pgn

No:  B/W 1/2     W:B       1:2           Time        Value Moves Dep 1:2       1-2-Draws
   1 W 1    1.0:0.0        1.0:0.0       9:26:39 PM      +M1    33 12.154 :4.538  1-0-0

--------------------------------------------------------------

Engine-Match Friday, October 31, 2025 9:26:40 PM
 Blitz 3/2 

Pairing 28/28 :    V7P3R_v12.6  -  V7P3R_v10.8

PGN-File: C:\Program Files (x86)\Arena\Tournaments\Engine Battle 20251031.pgn

No:  B/W 1/2     W:B       1:2           Time        Value Moves Dep 1:2       1-2-Draws
   1 W 1    1.0:0.0        1.0:0.0       9:33:16 PM     0.00    58 4.300 :3.905  1-0-0

--------------------------------------------------------------

Engine-Match Friday, October 31, 2025 9:33:17 PM
 Blitz 3/2 

Pairing 1/28 :    C0BR4_v2.9  -  V7P3R_v14.7

PGN-File: C:\Program Files (x86)\Arena\Tournaments\Engine Battle 20251031.pgn

No:  B/W 1/2     W:B       1:2           Time        Value Moves Dep 1:2       1-2-Draws
   2 B 1    1.0:0.0        2.0:0.0       9:34:24 PM   -49.06    16 4.000 :3.563  2-0-0

--------------------------------------------------------------

Engine-Match Friday, October 31, 2025 9:34:25 PM
 Blitz 3/2 

Pairing 2/28 :    V7P3R_v14.2  -  Random_Opponent

PGN-File: C:\Program Files (x86)\Arena\Tournaments\Engine Battle 20251031.pgn

No:  B/W 1/2     W:B       1:2           Time        Value Moves Dep 1:2       1-2-Draws
   2 = =    0.5:0.5        1.5:0.5       9:36:34 PM     0.00    25 4.333 :0 1-0-1

--------------------------------------------------------------

Engine-Match Friday, October 31, 2025 9:36:35 PM
 Blitz 3/2 

Pairing 3/28 :    SlowMate_v3.1  -  V7P3R_v12.6

PGN-File: C:\Program Files (x86)\Arena\Tournaments\Engine Battle 20251031.pgn

No:  B/W 1/2     W:B       1:2           Time        Value Moves Dep 1:2       1-2-Draws
   2 = =    0.5:0.5        1.5:0.5       9:43:08 PM    -0.89    37 3.560 :4.143  1-0-1

--------------------------------------------------------------

Engine-Match Friday, October 31, 2025 9:43:09 PM
 Blitz 3/2 

Pairing 4/28 :    V7P3R_v10.8  -  Stockfish 1%

PGN-File: C:\Program Files (x86)\Arena\Tournaments\Engine Battle 20251031.pgn

No:  B/W 1/2     W:B       1:2           Time        Value Moves Dep 1:2       1-2-Draws
   2 W 2    1.0:0.0        0.0:2.0       9:44:59 PM   +11.29    17 3.429 :12.818  0-2-0

--------------------------------------------------------------

Engine-Match Friday, October 31, 2025 9:45:00 PM
 Blitz 3/2 

Pairing 5/28 :    V7P3R_v14.2  -  C0BR4_v2.9

PGN-File: C:\Program Files (x86)\Arena\Tournaments\Engine Battle 20251031.pgn

No:  B/W 1/2     W:B       1:2           Time        Value Moves Dep 1:2       1-2-Draws
   2 B 1    1.0:0.0        1.0:1.0       9:50:30 PM   -15.84    83 4.000 :4.000  1-1-0

--------------------------------------------------------------

Engine-Match Friday, October 31, 2025 9:50:31 PM
 Blitz 3/2 

Pairing 6/28 :    V7P3R_v12.6  -  V7P3R_v14.7

PGN-File: C:\Program Files (x86)\Arena\Tournaments\Engine Battle 20251031.pgn

No:  B/W 1/2     W:B       1:2           Time        Value Moves Dep 1:2       1-2-Draws
   2 B 1    1.0:0.0        2.0:0.0       9:55:56 PM     0.00    40 4.056 :3.391  2-0-0

--------------------------------------------------------------

Engine-Match Friday, October 31, 2025 9:55:58 PM
 Blitz 3/2 

Pairing 7/28 :    Random_Opponent  -  V7P3R_v10.8

PGN-File: C:\Program Files (x86)\Arena\Tournaments\Engine Battle 20251031.pgn

No:  B/W 1/2     W:B       1:2           Time        Value Moves Dep 1:2       1-2-Draws
   2 W 2    1.0:0.0        0.0:2.0       9:56:46 PM  +289.98     9 0:4.143  0-2-0

--------------------------------------------------------------

Engine-Match Friday, October 31, 2025 9:56:47 PM
 Blitz 3/2 

Pairing 8/28 :    Stockfish 1%  -  SlowMate_v3.1

PGN-File: C:\Program Files (x86)\Arena\Tournaments\Engine Battle 20251031.pgn

No:  B/W 1/2     W:B       1:2           Time        Value Moves Dep 1:2       1-2-Draws
   2 B 1    1.0:0.0        2.0:0.0       9:58:44 PM      -M1    21 15.455 :3.143  2-0-0

--------------------------------------------------------------

Engine-Match Friday, October 31, 2025 9:58:45 PM
 Blitz 3/2 

Pairing 9/28 :    C0BR4_v2.9  -  V7P3R_v12.6

PGN-File: C:\Program Files (x86)\Arena\Tournaments\Engine Battle 20251031.pgn

No:  B/W 1/2     W:B       1:2           Time        Value Moves Dep 1:2       1-2-Draws
   2 W 2    1.5:0.5        0.5:1.5       10:02:08 PM   +10.17    36 4.000 :4.056  0-1-1

--------------------------------------------------------------

Engine-Match Friday, October 31, 2025 10:02:09 PM
 Blitz 3/2 

Pairing 10/28 :    V7P3R_v10.8  -  V7P3R_v14.2

PGN-File: C:\Program Files (x86)\Arena\Tournaments\Engine Battle 20251031.pgn

No:  B/W 1/2     W:B       1:2           Time        Value Moves Dep 1:2       1-2-Draws
   2 W 2    1.0:0.0        0.0:2.0       10:09:58 PM  +289.99    74 3.429 :4.200  0-2-0

--------------------------------------------------------------

Engine-Match Friday, October 31, 2025 10:10:00 PM
 Blitz 3/2 

Pairing 11/28 :    V7P3R_v14.7  -  Stockfish 1%

PGN-File: C:\Program Files (x86)\Arena\Tournaments\Engine Battle 20251031.pgn

No:  B/W 1/2     W:B       1:2           Time        Value Moves Dep 1:2       1-2-Draws
   2 W 2    1.0:0.0        0.0:2.0       10:14:32 PM      +M1    64 3.842 :13.909  0-2-0

--------------------------------------------------------------

Engine-Match Friday, October 31, 2025 10:14:34 PM
 Blitz 3/2 

Pairing 12/28 :    SlowMate_v3.1  -  Random_Opponent

PGN-File: C:\Program Files (x86)\Arena\Tournaments\Engine Battle 20251031.pgn

No:  B/W 1/2     W:B       1:2           Time        Value Moves Dep 1:2       1-2-Draws
   2 B 1    1.0:0.0        2.0:0.0       10:16:01 PM  -190.34    14 3.714 :0 2-0-0

--------------------------------------------------------------

Engine-Match Friday, October 31, 2025 10:16:09 PM
 Blitz 3/2 

Pairing 13/28 :    V7P3R_v10.8  -  C0BR4_v2.9

PGN-File: C:\Program Files (x86)\Arena\Tournaments\Engine Battle 20251031.pgn

No:  B/W 1/2     W:B       1:2           Time        Value Moves Dep 1:2       1-2-Draws
   2 = =    1.0:1.0        1.0:1.0       10:18:36 PM    +5.61    25 3.765 :4.000  0-0-2

--------------------------------------------------------------

Engine-Match Friday, October 31, 2025 10:18:37 PM
 Blitz 3/2 

Pairing 14/28 :    Stockfish 1%  -  V7P3R_v12.6

PGN-File: C:\Program Files (x86)\Arena\Tournaments\Engine Battle 20251031.pgn

No:  B/W 1/2     W:B       1:2           Time        Value Moves Dep 1:2       1-2-Draws
   2 B 1    1.0:0.0        2.0:0.0       10:23:40 PM      -M1    68 12.167 :4.056  2-0-0

--------------------------------------------------------------

Engine-Match Friday, October 31, 2025 10:23:41 PM
 Blitz 3/2 

Pairing 15/28 :    V7P3R_v14.2  -  SlowMate_v3.1

PGN-File: C:\Program Files (x86)\Arena\Tournaments\Engine Battle 20251031.pgn

No:  B/W 1/2     W:B       1:2           Time        Value Moves Dep 1:2       1-2-Draws
   2 = =    1.0:1.0        1.0:1.0       10:28:51 PM    -0.13    23 4.150 :3.217  0-0-2

--------------------------------------------------------------

Engine-Match Friday, October 31, 2025 10:28:52 PM
 Blitz 3/2 

Pairing 16/28 :    Random_Opponent  -  V7P3R_v14.7

PGN-File: C:\Program Files (x86)\Arena\Tournaments\Engine Battle 20251031.pgn

No:  B/W 1/2     W:B       1:2           Time        Value Moves Dep 1:2       1-2-Draws
   2 W 2    1.0:0.0        0.0:2.0       10:31:18 PM  +289.97    30 0:2.700  0-2-0

--------------------------------------------------------------

Engine-Match Friday, October 31, 2025 10:31:19 PM
 Blitz 3/2 

Pairing 17/28 :    C0BR4_v2.9  -  Stockfish 1%

PGN-File: C:\Program Files (x86)\Arena\Tournaments\Engine Battle 20251031.pgn

No:  B/W 1/2     W:B       1:2           Time        Value Moves Dep 1:2       1-2-Draws
   2 B 1    1.5:0.5        1.5:0.5       10:32:20 PM  -299.97    77 4.000 :14.000  1-0-1

--------------------------------------------------------------

Engine-Match Friday, October 31, 2025 10:32:21 PM
 Blitz 3/2 

Pairing 18/28 :    SlowMate_v3.1  -  V7P3R_v10.8

PGN-File: C:\Program Files (x86)\Arena\Tournaments\Engine Battle 20251031.pgn

No:  B/W 1/2     W:B       1:2           Time        Value Moves Dep 1:2       1-2-Draws
   2 W 2    1.0:0.0        0.0:2.0       10:37:50 PM   +10.54    35 3.290 :3.379  0-2-0

--------------------------------------------------------------

Engine-Match Friday, October 31, 2025 10:37:51 PM
 Blitz 3/2 

Pairing 19/28 :    V7P3R_v12.6  -  Random_Opponent

PGN-File: C:\Program Files (x86)\Arena\Tournaments\Engine Battle 20251031.pgn

No:  B/W 1/2     W:B       1:2           Time        Value Moves Dep 1:2       1-2-Draws
   2 B 1    1.0:0.0        2.0:0.0       10:39:45 PM  -289.97    18 4.188 :0 2-0-0

--------------------------------------------------------------

Engine-Match Friday, October 31, 2025 10:39:46 PM
 Blitz 3/2 

Pairing 20/28 :    V7P3R_v14.7  -  V7P3R_v14.2

PGN-File: C:\Program Files (x86)\Arena\Tournaments\Engine Battle 20251031.pgn

No:  B/W 1/2     W:B       1:2           Time        Value Moves Dep 1:2       1-2-Draws
   2 W 2    1.0:0.0        0.0:2.0       10:41:58 PM  +289.98    15 3.714 :4.500  0-2-0

--------------------------------------------------------------

Engine-Match Friday, October 31, 2025 10:41:59 PM
 Blitz 3/2 

Pairing 21/28 :    SlowMate_v3.1  -  C0BR4_v2.9

PGN-File: C:\Program Files (x86)\Arena\Tournaments\Engine Battle 20251031.pgn

No:  B/W 1/2     W:B       1:2           Time        Value Moves Dep 1:2       1-2-Draws
   2 = =    1.0:1.0        1.0:1.0       10:43:17 PM   +11.31    12 3.818 :4.000  0-0-2

--------------------------------------------------------------

Engine-Match Friday, October 31, 2025 10:43:18 PM
 Blitz 3/2 

Pairing 22/28 :    Random_Opponent  -  Stockfish 1%

PGN-File: C:\Program Files (x86)\Arena\Tournaments\Engine Battle 20251031.pgn

No:  B/W 1/2     W:B       1:2           Time        Value Moves Dep 1:2       1-2-Draws
   2 W 2    1.0:0.0        0.0:2.0       10:43:39 PM      +M1    46 0:14.900  0-2-0

--------------------------------------------------------------

Engine-Match Friday, October 31, 2025 10:43:40 PM
 Blitz 3/2 

Pairing 23/28 :    V7P3R_v10.8  -  V7P3R_v14.7

PGN-File: C:\Program Files (x86)\Arena\Tournaments\Engine Battle 20251031.pgn

No:  B/W 1/2     W:B       1:2           Time        Value Moves Dep 1:2       1-2-Draws
   2 B 1    1.5:0.5        1.5:0.5       10:47:20 PM   -25.77    23 3.667 :3.261  1-0-1

--------------------------------------------------------------

Engine-Match Friday, October 31, 2025 10:47:21 PM
 Blitz 3/2 

Pairing 24/28 :    V7P3R_v14.2  -  V7P3R_v12.6

PGN-File: C:\Program Files (x86)\Arena\Tournaments\Engine Battle 20251031.pgn

No:  B/W 1/2     W:B       1:2           Time        Value Moves Dep 1:2       1-2-Draws
   2 W 2    1.5:0.5        0.5:1.5       10:51:39 PM     0.00    31 4.400 :4.048  0-1-1

--------------------------------------------------------------

Engine-Match Friday, October 31, 2025 10:51:41 PM
 Blitz 3/2 

Pairing 25/28 :    C0BR4_v2.9  -  Random_Opponent

PGN-File: C:\Program Files (x86)\Arena\Tournaments\Engine Battle 20251031.pgn

No:  B/W 1/2     W:B       1:2           Time        Value Moves Dep 1:2       1-2-Draws
   2 B 1    1.0:0.0        2.0:0.0       10:52:12 PM  -299.97    27 3.923 :0 2-0-0

--------------------------------------------------------------

Engine-Match Friday, October 31, 2025 10:52:13 PM
 Blitz 3/2 

Pairing 26/28 :    V7P3R_v14.7  -  SlowMate_v3.1

PGN-File: C:\Program Files (x86)\Arena\Tournaments\Engine Battle 20251031.pgn

No:  B/W 1/2     W:B       1:2           Time        Value Moves Dep 1:2       1-2-Draws
   2 W 2    1.0:0.0        0.0:2.0       10:55:44 PM   +50.63    23 4.182 :3.522  0-2-0

--------------------------------------------------------------

Engine-Match Friday, October 31, 2025 10:55:45 PM
 Blitz 3/2 

Pairing 27/28 :    Stockfish 1%  -  V7P3R_v14.2

PGN-File: C:\Program Files (x86)\Arena\Tournaments\Engine Battle 20251031.pgn

No:  B/W 1/2     W:B       1:2           Time        Value Moves Dep 1:2       1-2-Draws
   2 B 1    1.0:0.0        2.0:0.0       10:57:31 PM      -M1    18 13.100 :4.267  2-0-0

--------------------------------------------------------------

Engine-Match Friday, October 31, 2025 10:57:32 PM
 Blitz 3/2 

Pairing 28/28 :    V7P3R_v12.6  -  V7P3R_v10.8

PGN-File: C:\Program Files (x86)\Arena\Tournaments\Engine Battle 20251031.pgn

No:  B/W 1/2     W:B       1:2           Time        Value Moves Dep 1:2       1-2-Draws
   2 W 2    1.0:0.0        1.0:1.0       11:03:36 PM     0.00    38 3.846 :3.379  1-1-0

--------------------------------------------------------------

Engine-Match Friday, October 31, 2025 11:03:38 PM
 Blitz 3/2 

Pairing 1/28 :    C0BR4_v2.9  -  V7P3R_v14.7

PGN-File: C:\Program Files (x86)\Arena\Tournaments\Engine Battle 20251031.pgn

No:  B/W 1/2     W:B       1:2           Time        Value Moves Dep 1:2       1-2-Draws
   3 W 1    1.0:0.0        3.0:0.0       11:04:48 PM  +299.97    18 4.000 :4.250  3-0-0

--------------------------------------------------------------

Engine-Match Friday, October 31, 2025 11:04:49 PM
 Blitz 3/2 

Pairing 2/28 :    V7P3R_v14.2  -  Random_Opponent

PGN-File: C:\Program Files (x86)\Arena\Tournaments\Engine Battle 20251031.pgn

No:  B/W 1/2     W:B       1:2           Time        Value Moves Dep 1:2       1-2-Draws
   3 W 1    1.5:0.5        2.5:0.5       11:05:37 PM  +289.98     7 4.571 :0 2-0-1

--------------------------------------------------------------

Engine-Match Friday, October 31, 2025 11:05:39 PM
 Blitz 3/2 

Pairing 3/28 :    SlowMate_v3.1  -  V7P3R_v12.6

PGN-File: C:\Program Files (x86)\Arena\Tournaments\Engine Battle 20251031.pgn

No:  B/W 1/2     W:B       1:2           Time        Value Moves Dep 1:2       1-2-Draws
   3 * *     0.5:0.5        1.5:0.5       11:11:57 PM    +9.12    35 3.028 :3.290  1-0-1

--------------------------------------------------------------

Engine-Match Friday, October 31, 2025 11:12:09 PM
 Blitz 3/2 

Pairing 5/36 :    V7P3R_v14.0  -  V7P3R_v14.2

PGN-File: C:\Program Files (x86)\Arena\Tournaments\Engine Battle 20251031.pgn

No:  B/W 1/2     W:B       1:2           Time        Value Moves Dep 1:2       1-2-Draws
   1 = =    0.5:0.5        0.5:0.5       11:19:31 PM   -19.19    57 4.000 :4.286  0-0-1

--------------------------------------------------------------

Engine-Match Friday, October 31, 2025 11:19:32 PM
 Blitz 3/2 

Pairing 10/36 :    V7P3R_v10.8  -  V7P3R_v14.0

PGN-File: C:\Program Files (x86)\Arena\Tournaments\Engine Battle 20251031.pgn

No:  B/W 1/2     W:B       1:2           Time        Value Moves Dep 1:2       1-2-Draws
   1 B 2    1.0:0.0        0.0:1.0       11:26:24 PM     0.00    55 3.500 :4.150  0-1-0

--------------------------------------------------------------

Engine-Match Friday, October 31, 2025 11:26:25 PM
 Blitz 3/2 

Pairing 15/36 :    V7P3R_v14.0  -  SlowMate_v3.1

PGN-File: C:\Program Files (x86)\Arena\Tournaments\Engine Battle 20251031.pgn

No:  B/W 1/2     W:B       1:2           Time        Value Moves Dep 1:2       1-2-Draws
   1 W 1    1.0:0.0        1.0:0.0       11:35:09 PM   +15.30    65 4.118 :3.391  1-0-0

--------------------------------------------------------------

Engine-Match Friday, October 31, 2025 11:35:11 PM
 Blitz 3/2 

Pairing 20/36 :    C0BR4_v2.9  -  V7P3R_v14.0

PGN-File: C:\Program Files (x86)\Arena\Tournaments\Engine Battle 20251031.pgn

No:  B/W 1/2     W:B       1:2           Time        Value Moves Dep 1:2       1-2-Draws
   1 B 2    1.0:0.0        0.0:1.0       11:38:22 PM   -14.20    35 4.000 :4.353  0-1-0

--------------------------------------------------------------

Engine-Match Friday, October 31, 2025 11:38:23 PM
 Blitz 3/2 

Pairing 24/36 :    V7P3R_v14.0  -  V7P3R_v14.7

PGN-File: C:\Program Files (x86)\Arena\Tournaments\Engine Battle 20251031.pgn

No:  B/W 1/2     W:B       1:2           Time        Value Moves Dep 1:2       1-2-Draws
   1 W 1    1.0:0.0        1.0:0.0       11:44:34 PM  +289.95    41 4.556 :3.900  1-0-0

--------------------------------------------------------------

Engine-Match Friday, October 31, 2025 11:44:35 PM
 Blitz 3/2 

Pairing 27/36 :    V7P3R_v12.6  -  V7P3R_v14.0

PGN-File: C:\Program Files (x86)\Arena\Tournaments\Engine Battle 20251031.pgn

No:  B/W 1/2     W:B       1:2           Time        Value Moves Dep 1:2       1-2-Draws
   1 B 2    1.0:0.0        0.0:1.0       11:50:23 PM     0.00    45 4.222 :4.688  0-1-0

--------------------------------------------------------------

Engine-Match Friday, October 31, 2025 11:50:25 PM
 Blitz 3/2 

Pairing 30/36 :    V7P3R_v14.0  -  Stockfish 1%

PGN-File: C:\Program Files (x86)\Arena\Tournaments\Engine Battle 20251031.pgn

No:  B/W 1/2     W:B       1:2           Time        Value Moves Dep 1:2       1-2-Draws
   1 B 2    1.0:0.0        0.0:1.0       11:55:47 PM   -18.00    84 4.000 :12.333  0-1-0

--------------------------------------------------------------

Engine-Match Friday, October 31, 2025 11:55:48 PM
 Blitz 3/2 

Pairing 33/36 :    Random_Opponent  -  V7P3R_v14.0

PGN-File: C:\Program Files (x86)\Arena\Tournaments\Engine Battle 20251031.pgn

No:  B/W 1/2     W:B       1:2           Time        Value Moves Dep 1:2       1-2-Draws
   1 B 2    1.0:0.0        0.0:1.0       11:56:35 PM  -289.98     6 0:4.667  0-1-0

--------------------------------------------------------------

Engine-Match Friday, October 31, 2025 11:56:37 PM
 Blitz 3/2 

Pairing 5/36 :    V7P3R_v14.0  -  V7P3R_v14.2

PGN-File: C:\Program Files (x86)\Arena\Tournaments\Engine Battle 20251031.pgn

No:  B/W 1/2     W:B       1:2           Time        Value Moves Dep 1:2       1-2-Draws
   2 W 2    1.5:0.5        0.5:1.5       12:03:45 AM     0.00    43 4.167 :4.500  0-1-1

--------------------------------------------------------------

Engine-Match Saturday, November 1, 2025 12:03:46 AM
 Blitz 3/2 

Pairing 10/36 :    V7P3R_v10.8  -  V7P3R_v14.0

PGN-File: C:\Program Files (x86)\Arena\Tournaments\Engine Battle 20251031.pgn

No:  B/W 1/2     W:B       1:2           Time        Value Moves Dep 1:2       1-2-Draws
   2 B 1    1.0:0.0        1.0:1.0       12:12:06 AM     0.00    72 3.476 :4.158  1-1-0

--------------------------------------------------------------

Engine-Match Saturday, November 1, 2025 12:12:07 AM
 Blitz 3/2 

Pairing 15/36 :    V7P3R_v14.0  -  SlowMate_v3.1

PGN-File: C:\Program Files (x86)\Arena\Tournaments\Engine Battle 20251031.pgn

No:  B/W 1/2     W:B       1:2           Time        Value Moves Dep 1:2       1-2-Draws
   2 = =    0.5:0.5        1.5:0.5       12:20:19 AM    +1.37    53 4.300 :3.846  1-0-1

--------------------------------------------------------------

Engine-Match Saturday, November 1, 2025 12:20:20 AM
 Blitz 3/2 

Pairing 20/36 :    C0BR4_v2.9  -  V7P3R_v14.0

PGN-File: C:\Program Files (x86)\Arena\Tournaments\Engine Battle 20251031.pgn

No:  B/W 1/2     W:B       1:2           Time        Value Moves Dep 1:2       1-2-Draws
   2 W 2    1.0:0.0        0.0:2.0       12:23:03 AM   +13.15    27 4.000 :4.368  0-2-0

--------------------------------------------------------------

Engine-Match Saturday, November 1, 2025 12:23:04 AM
 Blitz 3/2 

Pairing 24/36 :    V7P3R_v14.0  -  V7P3R_v14.7

PGN-File: C:\Program Files (x86)\Arena\Tournaments\Engine Battle 20251031.pgn

No:  B/W 1/2     W:B       1:2           Time        Value Moves Dep 1:2       1-2-Draws
   2 B 1    1.0:0.0        2.0:0.0       12:25:06 AM   -28.42    14 4.500 :3.500  2-0-0

--------------------------------------------------------------

Engine-Match Saturday, November 1, 2025 12:25:08 AM
 Blitz 3/2 

Pairing 27/36 :    V7P3R_v12.6  -  V7P3R_v14.0

PGN-File: C:\Program Files (x86)\Arena\Tournaments\Engine Battle 20251031.pgn

No:  B/W 1/2     W:B       1:2           Time        Value Moves Dep 1:2       1-2-Draws
   2 = =    0.5:0.5        0.5:1.5       12:33:01 AM     0.00    61 3.875 :4.235  0-1-1

--------------------------------------------------------------

Engine-Match Saturday, November 1, 2025 12:33:02 AM
 Blitz 3/2 

Pairing 30/36 :    V7P3R_v14.0  -  Stockfish 1%

PGN-File: C:\Program Files (x86)\Arena\Tournaments\Engine Battle 20251031.pgn

No:  B/W 1/2     W:B       1:2           Time        Value Moves Dep 1:2       1-2-Draws
   2 W 2    1.0:0.0        0.0:2.0       12:37:23 AM      +M1    62 4.258 :11.846  0-2-0

--------------------------------------------------------------

Engine-Match Saturday, November 1, 2025 12:37:24 AM
 Blitz 3/2 

Pairing 33/36 :    Random_Opponent  -  V7P3R_v14.0

PGN-File: C:\Program Files (x86)\Arena\Tournaments\Engine Battle 20251031.pgn

No:  B/W 1/2     W:B       1:2           Time        Value Moves Dep 1:2       1-2-Draws
   2 W 2    1.0:0.0        0.0:2.0       12:38:26 AM  +289.98     7 0:4.714  0-2-0

--------------------------------------------------------------

Engine-Match Saturday, November 1, 2025 12:38:28 AM
 Blitz 3/2 

Pairing 3/36 :    SlowMate_v3.1  -  V7P3R_v12.6

PGN-File: C:\Program Files (x86)\Arena\Tournaments\Engine Battle 20251031.pgn

No:  B/W 1/2     W:B       1:2           Time        Value Moves Dep 1:2       1-2-Draws
   3 B 2    1.5:0.5        1.5:1.5       12:43:14 AM     0.00    27 3.259 :3.524  1-1-1

--------------------------------------------------------------

Engine-Match Saturday, November 1, 2025 12:43:15 AM
 Blitz 3/2 

Pairing 4/36 :    V7P3R_v10.8  -  Stockfish 1%

PGN-File: C:\Program Files (x86)\Arena\Tournaments\Engine Battle 20251031.pgn

No:  B/W 1/2     W:B       1:2           Time        Value Moves Dep 1:2       1-2-Draws
   3 B 2    1.0:0.0        0.0:3.0       12:44:58 AM    -9.37    17 3.500 :13.700  0-3-0

--------------------------------------------------------------

Engine-Match Saturday, November 1, 2025 12:44:59 AM
 Blitz 3/2 

Pairing 5/36 :    V7P3R_v14.0  -  V7P3R_v14.2

PGN-File: C:\Program Files (x86)\Arena\Tournaments\Engine Battle 20251031.pgn

No:  B/W 1/2     W:B       1:2           Time        Value Moves Dep 1:2       1-2-Draws
   3 = =    1.0:1.0        1.0:2.0       12:51:44 AM     0.00    45 4.167 :4.120  0-1-2

--------------------------------------------------------------

Engine-Match Saturday, November 1, 2025 12:51:45 AM
 Blitz 3/2 

Pairing 6/36 :    V7P3R_v12.6  -  C0BR4_v2.9

PGN-File: C:\Program Files (x86)\Arena\Tournaments\Engine Battle 20251031.pgn

No:  B/W 1/2     W:B       1:2           Time        Value Moves Dep 1:2       1-2-Draws
   3 W 1    1.5:0.5        2.5:0.5       12:55:52 AM  +289.99    44 4.069 :4.000  2-0-1

--------------------------------------------------------------

Engine-Match Saturday, November 1, 2025 12:56:00 AM
 Blitz 3/2 

Pairing 7/36 :    Random_Opponent  -  V7P3R_v10.8

PGN-File: C:\Program Files (x86)\Arena\Tournaments\Engine Battle 20251031.pgn

No:  B/W 1/2     W:B       1:2           Time        Value Moves Dep 1:2       1-2-Draws
   3 B 2    1.0:0.0        0.0:3.0       12:58:16 AM  -289.96    25 0:3.500  0-3-0

--------------------------------------------------------------

Engine-Match Saturday, November 1, 2025 12:58:17 AM
 Blitz 3/2 

Pairing 8/36 :    Stockfish 1%  -  SlowMate_v3.1

PGN-File: C:\Program Files (x86)\Arena\Tournaments\Engine Battle 20251031.pgn

No:  B/W 1/2     W:B       1:2           Time        Value Moves Dep 1:2       1-2-Draws
   3 = =    0.5:0.5        2.5:0.5       1:08:30 AM    +5.54   189 13.571 :3.212  2-0-1

--------------------------------------------------------------

Engine-Match Saturday, November 1, 2025 1:08:32 AM
 Blitz 3/2 

Pairing 9/36 :    V7P3R_v14.7  -  V7P3R_v12.6

PGN-File: C:\Program Files (x86)\Arena\Tournaments\Engine Battle 20251031.pgn

No:  B/W 1/2     W:B       1:2           Time        Value Moves Dep 1:2       1-2-Draws
   3 B 2    1.0:0.0        0.0:3.0       1:11:07 AM  -289.97    15 3.333 :4.077  0-3-0

--------------------------------------------------------------

Engine-Match Saturday, November 1, 2025 1:11:08 AM
 Blitz 3/2 

Pairing 10/36 :    V7P3R_v10.8  -  V7P3R_v14.0

PGN-File: C:\Program Files (x86)\Arena\Tournaments\Engine Battle 20251031.pgn

No:  B/W 1/2     W:B       1:2           Time        Value Moves Dep 1:2       1-2-Draws
   3 B 2    1.0:0.0        1.0:2.0       1:14:20 AM   -13.91    21 3.688 :4.400  1-2-0

--------------------------------------------------------------

Engine-Match Saturday, November 1, 2025 1:14:21 AM
 Blitz 3/2 

Pairing 11/36 :    C0BR4_v2.9  -  Stockfish 1%

PGN-File: C:\Program Files (x86)\Arena\Tournaments\Engine Battle 20251031.pgn

No:  B/W 1/2     W:B       1:2           Time        Value Moves Dep 1:2       1-2-Draws
   3 B 2    1.5:0.5        1.5:1.5       1:15:05 AM      -M1    63 4.000 :13.273  1-1-1

--------------------------------------------------------------

Engine-Match Saturday, November 1, 2025 1:15:06 AM
 Blitz 3/2 

Pairing 12/36 :    SlowMate_v3.1  -  Random_Opponent

PGN-File: C:\Program Files (x86)\Arena\Tournaments\Engine Battle 20251031.pgn

No:  B/W 1/2     W:B       1:2           Time        Value Moves Dep 1:2       1-2-Draws
   3 W 1    1.0:0.0        3.0:0.0       1:17:26 AM  +179.38    27 3.333 :0 3-0-0

--------------------------------------------------------------

Engine-Match Saturday, November 1, 2025 1:17:27 AM
 Blitz 3/2 

Pairing 13/36 :    V7P3R_v14.2  -  V7P3R_v10.8

PGN-File: C:\Program Files (x86)\Arena\Tournaments\Engine Battle 20251031.pgn

No:  B/W 1/2     W:B       1:2           Time        Value Moves Dep 1:2       1-2-Draws
   3 W 1    1.0:0.0        3.0:0.0       1:23:42 AM  +289.99    58 4.200 :3.429  3-0-0

--------------------------------------------------------------

Engine-Match Saturday, November 1, 2025 1:23:44 AM
 Blitz 3/2 

Pairing 14/36 :    Stockfish 1%  -  V7P3R_v14.7

PGN-File: C:\Program Files (x86)\Arena\Tournaments\Engine Battle 20251031.pgn

No:  B/W 1/2     W:B       1:2           Time        Value Moves Dep 1:2       1-2-Draws
   3 W 1    1.0:0.0        3.0:0.0       1:27:51 AM   +27.60    56 14.273 :4.424  3-0-0

--------------------------------------------------------------

Engine-Match Saturday, November 1, 2025 1:27:52 AM
 Blitz 3/2 

Pairing 15/36 :    V7P3R_v14.0  -  SlowMate_v3.1

PGN-File: C:\Program Files (x86)\Arena\Tournaments\Engine Battle 20251031.pgn

No:  B/W 1/2     W:B       1:2           Time        Value Moves Dep 1:2       1-2-Draws
   3 W 1    1.5:0.5        2.5:0.5       1:36:36 AM   +15.30    65 4.118 :3.391  2-0-1

--------------------------------------------------------------

Engine-Match Saturday, November 1, 2025 1:36:37 AM
 Blitz 3/2 

Pairing 16/36 :    Random_Opponent  -  C0BR4_v2.9

PGN-File: C:\Program Files (x86)\Arena\Tournaments\Engine Battle 20251031.pgn

No:  B/W 1/2     W:B       1:2           Time        Value Moves Dep 1:2       1-2-Draws
   3 B 2    1.0:0.0        0.0:3.0       1:36:57 AM  -299.97    22 0:4.000  0-3-0

--------------------------------------------------------------

Engine-Match Saturday, November 1, 2025 1:36:58 AM
 Blitz 3/2 

Pairing 17/36 :    V7P3R_v12.6  -  Stockfish 1%

PGN-File: C:\Program Files (x86)\Arena\Tournaments\Engine Battle 20251031.pgn

No:  B/W 1/2     W:B       1:2           Time        Value Moves Dep 1:2       1-2-Draws
   3 B 2    1.0:0.0        0.0:3.0       1:39:46 AM      -M1    26 3.826 :12.250  0-3-0

--------------------------------------------------------------

Engine-Match Saturday, November 1, 2025 1:39:47 AM
 Blitz 3/2 

Pairing 18/36 :    SlowMate_v3.1  -  V7P3R_v14.2

PGN-File: C:\Program Files (x86)\Arena\Tournaments\Engine Battle 20251031.pgn

No:  B/W 1/2     W:B       1:2           Time        Value Moves Dep 1:2       1-2-Draws
   3 W 1    2.0:1.0        2.0:1.0       1:49:19 AM   +19.07    71 3.520 :4.081  1-0-2

--------------------------------------------------------------

Engine-Match Saturday, November 1, 2025 1:49:20 AM
 Blitz 3/2 

Pairing 19/36 :    V7P3R_v14.7  -  Random_Opponent

PGN-File: C:\Program Files (x86)\Arena\Tournaments\Engine Battle 20251031.pgn

No:  B/W 1/2     W:B       1:2           Time        Value Moves Dep 1:2       1-2-Draws
   3 W 1    1.0:0.0        3.0:0.0       1:49:41 AM  +289.98     5 3.800 :0 3-0-0

--------------------------------------------------------------

Engine-Match Saturday, November 1, 2025 1:49:42 AM
 Blitz 3/2 

Pairing 20/36 :    C0BR4_v2.9  -  V7P3R_v14.0

PGN-File: C:\Program Files (x86)\Arena\Tournaments\Engine Battle 20251031.pgn

No:  B/W 1/2     W:B       1:2           Time        Value Moves Dep 1:2       1-2-Draws
   3 B 2    1.0:0.0        0.0:3.0       1:51:53 AM   -10.53    22 4.000 :4.333  0-3-0

--------------------------------------------------------------

Engine-Match Saturday, November 1, 2025 1:51:55 AM
 Blitz 3/2 

Pairing 21/36 :    V7P3R_v10.8  -  SlowMate_v3.1

PGN-File: C:\Program Files (x86)\Arena\Tournaments\Engine Battle 20251031.pgn

No:  B/W 1/2     W:B       1:2           Time        Value Moves Dep 1:2       1-2-Draws
   3 W 1    1.0:0.0        3.0:0.0       1:57:24 AM   +10.51    35 3.481 :3.323  3-0-0

--------------------------------------------------------------

Engine-Match Saturday, November 1, 2025 1:57:26 AM
 Blitz 3/2 

Pairing 22/36 :    Random_Opponent  -  V7P3R_v12.6

PGN-File: C:\Program Files (x86)\Arena\Tournaments\Engine Battle 20251031.pgn

No:  B/W 1/2     W:B       1:2           Time        Value Moves Dep 1:2       1-2-Draws
   3 B 2    1.0:0.0        0.0:3.0       1:57:44 AM     0.00     3 0:5.500  0-3-0

--------------------------------------------------------------

Engine-Match Saturday, November 1, 2025 1:57:46 AM
 Blitz 3/2 

Pairing 23/36 :    V7P3R_v14.2  -  C0BR4_v2.9

PGN-File: C:\Program Files (x86)\Arena\Tournaments\Engine Battle 20251031.pgn

No:  B/W 1/2     W:B       1:2           Time        Value Moves Dep 1:2       1-2-Draws
   3 B 2    1.0:0.0        1.0:2.0       2:00:34 AM  -299.97    34 4.650 :4.000  1-2-0

--------------------------------------------------------------

Engine-Match Saturday, November 1, 2025 2:00:35 AM
 Blitz 3/2 

Pairing 24/36 :    V7P3R_v14.0  -  V7P3R_v14.7

PGN-File: C:\Program Files (x86)\Arena\Tournaments\Engine Battle 20251031.pgn

No:  B/W 1/2     W:B       1:2           Time        Value Moves Dep 1:2       1-2-Draws
   3 W 1    1.0:0.0        3.0:0.0       2:05:40 AM   +26.98    35 4.500 :3.955  3-0-0

--------------------------------------------------------------

Engine-Match Saturday, November 1, 2025 2:05:41 AM
 Blitz 3/2 

Pairing 25/36 :    Stockfish 1%  -  Random_Opponent

PGN-File: C:\Program Files (x86)\Arena\Tournaments\Engine Battle 20251031.pgn

No:  B/W 1/2     W:B       1:2           Time        Value Moves Dep 1:2       1-2-Draws
   3 W 1    1.0:0.0        3.0:0.0       2:06:28 AM      +M1    91 14.889 :0 3-0-0

--------------------------------------------------------------

Engine-Match Saturday, November 1, 2025 2:06:29 AM
 Blitz 3/2 

Pairing 26/36 :    C0BR4_v2.9  -  V7P3R_v10.8

PGN-File: C:\Program Files (x86)\Arena\Tournaments\Engine Battle 20251031.pgn

No:  B/W 1/2     W:B       1:2           Time        Value Moves Dep 1:2       1-2-Draws
   3 W 1    2.0:1.0        2.0:1.0       2:09:41 AM  +299.97    41 4.000 :3.216  1-0-2

--------------------------------------------------------------

Engine-Match Saturday, November 1, 2025 2:09:48 AM
 Blitz 3/2 

Pairing 27/36 :    V7P3R_v12.6  -  V7P3R_v14.0

PGN-File: C:\Program Files (x86)\Arena\Tournaments\Engine Battle 20251031.pgn

No:  B/W 1/2     W:B       1:2           Time        Value Moves Dep 1:2       1-2-Draws
   3 B 2    1.5:0.5        0.5:2.5       2:15:32 AM     0.00    45 4.222 :4.688  0-2-1

--------------------------------------------------------------

Engine-Match Saturday, November 1, 2025 2:15:34 AM
 Blitz 3/2 

Pairing 28/36 :    V7P3R_v14.7  -  V7P3R_v14.2

PGN-File: C:\Program Files (x86)\Arena\Tournaments\Engine Battle 20251031.pgn

No:  B/W 1/2     W:B       1:2           Time        Value Moves Dep 1:2       1-2-Draws
   3 = =    0.5:0.5        0.5:2.5       2:21:13 AM     0.00    35 3.871 :4.480  0-2-1

--------------------------------------------------------------

Engine-Match Saturday, November 1, 2025 2:21:14 AM
 Blitz 3/2 

Pairing 29/36 :    SlowMate_v3.1  -  C0BR4_v2.9

PGN-File: C:\Program Files (x86)\Arena\Tournaments\Engine Battle 20251031.pgn

No:  B/W 1/2     W:B       1:2           Time        Value Moves Dep 1:2       1-2-Draws
   3 = =    1.5:1.5        1.5:1.5       2:25:45 AM    +1.08    55 3.897 :4.000  0-0-3

--------------------------------------------------------------

Engine-Match Saturday, November 1, 2025 2:25:46 AM
 Blitz 3/2 

Pairing 30/36 :    V7P3R_v14.0  -  Stockfish 1%

PGN-File: C:\Program Files (x86)\Arena\Tournaments\Engine Battle 20251031.pgn

No:  B/W 1/2     W:B       1:2           Time        Value Moves Dep 1:2       1-2-Draws
   3 B 2    1.0:0.0        0.0:3.0       2:28:47 AM      -M1    30 4.167 :11.385  0-3-0

--------------------------------------------------------------

Engine-Match Saturday, November 1, 2025 2:28:49 AM
 Blitz 3/2 

Pairing 31/36 :    V7P3R_v10.8  -  V7P3R_v14.7

PGN-File: C:\Program Files (x86)\Arena\Tournaments\Engine Battle 20251031.pgn

No:  B/W 1/2     W:B       1:2           Time        Value Moves Dep 1:2       1-2-Draws
   3 W 1    1.5:0.5        2.5:0.5       2:30:57 AM  +289.98    13 4.000 :3.917  2-0-1

--------------------------------------------------------------

Engine-Match Saturday, November 1, 2025 2:30:58 AM
 Blitz 3/2 

Pairing 32/36 :    V7P3R_v14.2  -  V7P3R_v12.6

PGN-File: C:\Program Files (x86)\Arena\Tournaments\Engine Battle 20251031.pgn

No:  B/W 1/2     W:B       1:2           Time        Value Moves Dep 1:2       1-2-Draws
   3 B 2    1.5:0.5        0.5:2.5       2:39:27 AM     0.00    70 4.304 :3.962  0-2-1

--------------------------------------------------------------

Engine-Match Saturday, November 1, 2025 2:39:28 AM
 Blitz 3/2 

Pairing 33/36 :    Random_Opponent  -  V7P3R_v14.0

PGN-File: C:\Program Files (x86)\Arena\Tournaments\Engine Battle 20251031.pgn

No:  B/W 1/2     W:B       1:2           Time        Value Moves Dep 1:2       1-2-Draws
   3 B 2    1.0:0.0        0.0:3.0       2:41:07 AM     0.00    20 0:4.400  0-3-0

--------------------------------------------------------------

Engine-Match Saturday, November 1, 2025 2:41:08 AM
 Blitz 3/2 

Pairing 34/36 :    V7P3R_v14.7  -  SlowMate_v3.1

PGN-File: C:\Program Files (x86)\Arena\Tournaments\Engine Battle 20251031.pgn

No:  B/W 1/2     W:B       1:2           Time        Value Moves Dep 1:2       1-2-Draws
   3 B 2    1.0:0.0        0.0:3.0       2:46:59 AM  -289.98    40 3.294 :3.421  0-3-0

--------------------------------------------------------------

Engine-Match Saturday, November 1, 2025 2:47:00 AM
 Blitz 3/2 

Pairing 35/36 :    Stockfish 1%  -  V7P3R_v14.2

PGN-File: C:\Program Files (x86)\Arena\Tournaments\Engine Battle 20251031.pgn

No:  B/W 1/2     W:B       1:2           Time        Value Moves Dep 1:2       1-2-Draws
   3 W 1    1.0:0.0        3.0:0.0       2:49:16 AM      +M1    23 12.364 :4.333  3-0-0

--------------------------------------------------------------

Engine-Match Saturday, November 1, 2025 2:49:18 AM
 Blitz 3/2 

Pairing 36/36 :    V7P3R_v12.6  -  V7P3R_v10.8

PGN-File: C:\Program Files (x86)\Arena\Tournaments\Engine Battle 20251031.pgn

No:  B/W 1/2     W:B       1:2           Time        Value Moves Dep 1:2       1-2-Draws
   3 W 1    1.0:0.0        2.0:1.0       2:55:30 AM   +25.22    48 4.263 :3.882  2-1-0

--------------------------------------------------------------

Engine-Match Saturday, November 1, 2025 2:55:31 AM
 Blitz 3/2 

Pairing 1/36 :    C0BR4_v2.9  -  V7P3R_v14.7

PGN-File: C:\Program Files (x86)\Arena\Tournaments\Engine Battle 20251031.pgn

No:  B/W 1/2     W:B       1:2           Time        Value Moves Dep 1:2       1-2-Draws
   4 B 1    1.0:0.0        4.0:0.0       2:57:07 AM   -39.14    21 4.000 :3.762  4-0-0

--------------------------------------------------------------

Engine-Match Saturday, November 1, 2025 2:57:08 AM
 Blitz 3/2 

Pairing 2/36 :    V7P3R_v14.2  -  Random_Opponent

PGN-File: C:\Program Files (x86)\Arena\Tournaments\Engine Battle 20251031.pgn

No:  B/W 1/2     W:B       1:2           Time        Value Moves Dep 1:2       1-2-Draws
   4 B 1    1.5:0.5        3.5:0.5       2:59:22 AM     0.00    23 4.667 :0 3-0-1

--------------------------------------------------------------

Engine-Match Saturday, November 1, 2025 2:59:24 AM
 Blitz 3/2 

Pairing 3/36 :    SlowMate_v3.1  -  V7P3R_v12.6

PGN-File: C:\Program Files (x86)\Arena\Tournaments\Engine Battle 20251031.pgn

No:  B/W 1/2     W:B       1:2           Time        Value Moves Dep 1:2       1-2-Draws
   4 = =    1.0:1.0        2.0:2.0       3:06:03 AM     0.00    40 3.667 :4.143  1-1-2

--------------------------------------------------------------

Engine-Match Saturday, November 1, 2025 3:06:05 AM
 Blitz 3/2 

Pairing 4/36 :    V7P3R_v10.8  -  Stockfish 1%

PGN-File: C:\Program Files (x86)\Arena\Tournaments\Engine Battle 20251031.pgn

No:  B/W 1/2     W:B       1:2           Time        Value Moves Dep 1:2       1-2-Draws
   4 W 2    1.0:0.0        0.0:4.0       3:07:46 AM   +11.93    16 3.750 :14.667  0-4-0

--------------------------------------------------------------

Engine-Match Saturday, November 1, 2025 3:07:47 AM
 Blitz 3/2 

Pairing 5/36 :    V7P3R_v14.0  -  V7P3R_v14.2

PGN-File: C:\Program Files (x86)\Arena\Tournaments\Engine Battle 20251031.pgn

No:  B/W 1/2     W:B       1:2           Time        Value Moves Dep 1:2       1-2-Draws
   4 B 1    2.0:1.0        2.0:2.0       3:11:57 AM  -289.99    23 4.063 :4.357  1-1-2

--------------------------------------------------------------

Engine-Match Saturday, November 1, 2025 3:11:58 AM
 Blitz 3/2 

Pairing 6/36 :    V7P3R_v12.6  -  C0BR4_v2.9

PGN-File: C:\Program Files (x86)\Arena\Tournaments\Engine Battle 20251031.pgn

No:  B/W 1/2     W:B       1:2           Time        Value Moves Dep 1:2       1-2-Draws
   4 W 2    1.5:0.5        2.5:1.5       3:13:45 AM  +299.97    16 3.917 :3.857  2-1-1

--------------------------------------------------------------

Engine-Match Saturday, November 1, 2025 3:13:46 AM
 Blitz 3/2 

Pairing 7/36 :    Random_Opponent  -  V7P3R_v10.8

PGN-File: C:\Program Files (x86)\Arena\Tournaments\Engine Battle 20251031.pgn

No:  B/W 1/2     W:B       1:2           Time        Value Moves Dep 1:2       1-2-Draws
   4 W 2    1.0:0.0        0.0:4.0       3:15:01 AM  +289.98    10 0:4.111  0-4-0

--------------------------------------------------------------

Engine-Match Saturday, November 1, 2025 3:15:02 AM
 Blitz 3/2 

Pairing 8/36 :    Stockfish 1%  -  SlowMate_v3.1

PGN-File: C:\Program Files (x86)\Arena\Tournaments\Engine Battle 20251031.pgn

No:  B/W 1/2     W:B       1:2           Time        Value Moves Dep 1:2       1-2-Draws
   4 B 1    1.5:0.5        3.5:0.5       3:17:33 AM      -M1    29 13.400 :3.345  3-0-1

--------------------------------------------------------------

Engine-Match Saturday, November 1, 2025 3:17:35 AM
 Blitz 3/2 

Pairing 9/36 :    V7P3R_v14.7  -  V7P3R_v12.6

PGN-File: C:\Program Files (x86)\Arena\Tournaments\Engine Battle 20251031.pgn

No:  B/W 1/2     W:B       1:2           Time        Value Moves Dep 1:2       1-2-Draws
   4 W 2    1.0:0.0        0.0:4.0       3:22:18 AM  +289.98    32 4.821 :4.560  0-4-0

--------------------------------------------------------------

Engine-Match Saturday, November 1, 2025 3:22:19 AM
 Blitz 3/2 

Pairing 10/36 :    V7P3R_v10.8  -  V7P3R_v14.0

PGN-File: C:\Program Files (x86)\Arena\Tournaments\Engine Battle 20251031.pgn

No:  B/W 1/2     W:B       1:2           Time        Value Moves Dep 1:2       1-2-Draws
   4 B 1    1.0:0.0        2.0:2.0       3:28:50 AM  -289.96    56 3.476 :4.158  2-2-0

--------------------------------------------------------------

Engine-Match Saturday, November 1, 2025 3:29:01 AM
 Blitz 3/2 

Pairing 11/36 :    C0BR4_v2.9  -  Stockfish 1%

PGN-File: C:\Program Files (x86)\Arena\Tournaments\Engine Battle 20251031.pgn

No:  B/W 1/2     W:B       1:2           Time        Value Moves Dep 1:2       1-2-Draws
   4 W 2    1.5:0.5        1.5:2.5       3:29:10 AM      +M1    11 3.889 :15.400  1-2-1

--------------------------------------------------------------

Engine-Match Saturday, November 1, 2025 3:29:12 AM
 Blitz 3/2 

Pairing 12/36 :    SlowMate_v3.1  -  Random_Opponent

PGN-File: C:\Program Files (x86)\Arena\Tournaments\Engine Battle 20251031.pgn

No:  B/W 1/2     W:B       1:2           Time        Value Moves Dep 1:2       1-2-Draws
   4 B 1    1.0:0.0        4.0:0.0       3:30:56 AM   -36.74    19 3.263 :0 4-0-0

--------------------------------------------------------------

Engine-Match Saturday, November 1, 2025 3:30:58 AM
 Blitz 3/2 

Pairing 13/36 :    V7P3R_v14.2  -  V7P3R_v10.8

PGN-File: C:\Program Files (x86)\Arena\Tournaments\Engine Battle 20251031.pgn

No:  B/W 1/2     W:B       1:2           Time        Value Moves Dep 1:2       1-2-Draws
   4 = =    0.5:0.5        3.5:0.5       3:39:47 AM   +14.40    85 4.088 :3.280  3-0-1

--------------------------------------------------------------

Engine-Match Saturday, November 1, 2025 3:39:48 AM
 Blitz 3/2 

Pairing 14/36 :    Stockfish 1%  -  V7P3R_v14.7

PGN-File: C:\Program Files (x86)\Arena\Tournaments\Engine Battle 20251031.pgn

No:  B/W 1/2     W:B       1:2           Time        Value Moves Dep 1:2       1-2-Draws
   4 B 1    1.0:0.0        4.0:0.0       3:41:53 AM   -22.34    26 14.000 :3.308  4-0-0

--------------------------------------------------------------

Engine-Match Saturday, November 1, 2025 3:41:54 AM
 Blitz 3/2 

Pairing 15/36 :    V7P3R_v14.0  -  SlowMate_v3.1

PGN-File: C:\Program Files (x86)\Arena\Tournaments\Engine Battle 20251031.pgn

No:  B/W 1/2     W:B       1:2           Time        Value Moves Dep 1:2       1-2-Draws
   4 = =    1.0:1.0        3.0:1.0       3:50:07 AM    -0.05    60 4.565 :3.848  2-0-2

--------------------------------------------------------------

Engine-Match Saturday, November 1, 2025 3:50:08 AM
 Blitz 3/2 

Pairing 16/36 :    Random_Opponent  -  C0BR4_v2.9

PGN-File: C:\Program Files (x86)\Arena\Tournaments\Engine Battle 20251031.pgn

No:  B/W 1/2     W:B       1:2           Time        Value Moves Dep 1:2       1-2-Draws
   4 W 2    1.0:0.0        0.0:4.0       3:50:29 AM  +299.97    19 0:3.882  0-4-0

--------------------------------------------------------------

Engine-Match Saturday, November 1, 2025 3:50:30 AM
 Blitz 3/2 

Pairing 17/36 :    V7P3R_v12.6  -  Stockfish 1%

PGN-File: C:\Program Files (x86)\Arena\Tournaments\Engine Battle 20251031.pgn

No:  B/W 1/2     W:B       1:2           Time        Value Moves Dep 1:2       1-2-Draws
   4 W 2    1.0:0.0        0.0:4.0       3:52:07 AM   +10.17    15 3.818 :14.556  0-4-0

--------------------------------------------------------------

Engine-Match Saturday, November 1, 2025 3:52:08 AM
 Blitz 3/2 

Pairing 18/36 :    SlowMate_v3.1  -  V7P3R_v14.2

PGN-File: C:\Program Files (x86)\Arena\Tournaments\Engine Battle 20251031.pgn

No:  B/W 1/2     W:B       1:2           Time        Value Moves Dep 1:2       1-2-Draws
   4 W 2    2.0:1.0        2.0:2.0       4:00:06 AM  +289.98    56 3.352 :4.316  1-1-2

--------------------------------------------------------------

Engine-Match Saturday, November 1, 2025 4:00:07 AM
 Blitz 3/2 

Pairing 19/36 :    V7P3R_v14.7  -  Random_Opponent

PGN-File: C:\Program Files (x86)\Arena\Tournaments\Engine Battle 20251031.pgn

No:  B/W 1/2     W:B       1:2           Time        Value Moves Dep 1:2       1-2-Draws
   4 B 1    1.0:0.0        4.0:0.0       4:03:54 AM     0.00    56 3.500 :0 4-0-0

--------------------------------------------------------------

Engine-Match Saturday, November 1, 2025 4:03:56 AM
 Blitz 3/2 

Pairing 20/36 :    C0BR4_v2.9  -  V7P3R_v14.0

PGN-File: C:\Program Files (x86)\Arena\Tournaments\Engine Battle 20251031.pgn

No:  B/W 1/2     W:B       1:2           Time        Value Moves Dep 1:2       1-2-Draws
   4 = =    0.5:0.5        0.5:3.5       4:06:01 AM    -4.47    25 4.000 :4.800  0-3-1

--------------------------------------------------------------

Engine-Match Saturday, November 1, 2025 4:06:03 AM
 Blitz 3/2 

Pairing 21/36 :    V7P3R_v10.8  -  SlowMate_v3.1

PGN-File: C:\Program Files (x86)\Arena\Tournaments\Engine Battle 20251031.pgn

No:  B/W 1/2     W:B       1:2           Time        Value Moves Dep 1:2       1-2-Draws
   4 W 2    1.0:0.0        3.0:1.0       4:11:48 AM  +190.70    40 3.216 :3.175  3-1-0

--------------------------------------------------------------

Engine-Match Saturday, November 1, 2025 4:11:50 AM
 Blitz 3/2 

Pairing 22/36 :    Random_Opponent  -  V7P3R_v12.6

PGN-File: C:\Program Files (x86)\Arena\Tournaments\Engine Battle 20251031.pgn

No:  B/W 1/2     W:B       1:2           Time        Value Moves Dep 1:2       1-2-Draws
   4 W 2    1.0:0.0        0.0:4.0       4:13:35 AM  +289.97    13 0:4.250  0-4-0

--------------------------------------------------------------

Engine-Match Saturday, November 1, 2025 4:13:36 AM
 Blitz 3/2 

Pairing 23/36 :    V7P3R_v14.2  -  C0BR4_v2.9

PGN-File: C:\Program Files (x86)\Arena\Tournaments\Engine Battle 20251031.pgn

No:  B/W 1/2     W:B       1:2           Time        Value Moves Dep 1:2       1-2-Draws
   4 B 1    1.0:0.0        2.0:2.0       4:17:25 AM   -21.25    53 4.400 :4.000  2-2-0

--------------------------------------------------------------

Engine-Match Saturday, November 1, 2025 4:17:26 AM
 Blitz 3/2 

Pairing 24/36 :    V7P3R_v14.0  -  V7P3R_v14.7

PGN-File: C:\Program Files (x86)\Arena\Tournaments\Engine Battle 20251031.pgn

No:  B/W 1/2     W:B       1:2           Time        Value Moves Dep 1:2       1-2-Draws
   4 B 1    1.0:0.0        4.0:0.0       4:22:24 AM  -289.98    32 4.708 :4.310  4-0-0

--------------------------------------------------------------

Engine-Match Saturday, November 1, 2025 4:22:25 AM
 Blitz 3/2 

Pairing 25/36 :    Stockfish 1%  -  Random_Opponent

PGN-File: C:\Program Files (x86)\Arena\Tournaments\Engine Battle 20251031.pgn

No:  B/W 1/2     W:B       1:2           Time        Value Moves Dep 1:2       1-2-Draws
   4 B 1    1.0:0.0        4.0:0.0       4:22:44 AM      -M1    13 15.222 :0 4-0-0

--------------------------------------------------------------

Engine-Match Saturday, November 1, 2025 4:22:46 AM
 Blitz 3/2 

Pairing 26/36 :    C0BR4_v2.9  -  V7P3R_v10.8

PGN-File: C:\Program Files (x86)\Arena\Tournaments\Engine Battle 20251031.pgn

No:  B/W 1/2     W:B       1:2           Time        Value Moves Dep 1:2       1-2-Draws
   4 W 2    2.0:1.0        2.0:2.0       4:26:17 AM   +10.74    50 4.000 :3.565  1-1-2

--------------------------------------------------------------

Engine-Match Saturday, November 1, 2025 4:26:19 AM
 Blitz 3/2 

Pairing 27/36 :    V7P3R_v12.6  -  V7P3R_v14.0

PGN-File: C:\Program Files (x86)\Arena\Tournaments\Engine Battle 20251031.pgn

No:  B/W 1/2     W:B       1:2           Time        Value Moves Dep 1:2       1-2-Draws
   4 = =    1.0:1.0        1.0:3.0       4:31:32 AM    +2.22    36 3.875 :4.235  0-2-2

--------------------------------------------------------------

Engine-Match Saturday, November 1, 2025 4:31:33 AM
 Blitz 3/2 

Pairing 28/36 :    V7P3R_v14.7  -  V7P3R_v14.2

PGN-File: C:\Program Files (x86)\Arena\Tournaments\Engine Battle 20251031.pgn

No:  B/W 1/2     W:B       1:2           Time        Value Moves Dep 1:2       1-2-Draws
   4 W 2    1.5:0.5        0.5:3.5       4:34:59 AM   +51.69    22 4.182 :4.588  0-3-1

--------------------------------------------------------------

Engine-Match Saturday, November 1, 2025 4:35:00 AM
 Blitz 3/2 

Pairing 29/36 :    SlowMate_v3.1  -  C0BR4_v2.9

PGN-File: C:\Program Files (x86)\Arena\Tournaments\Engine Battle 20251031.pgn

No:  B/W 1/2     W:B       1:2           Time        Value Moves Dep 1:2       1-2-Draws
   4 B 1    2.5:1.5        2.5:1.5       4:37:47 AM    -9.03    30 3.655 :4.000  1-0-3

--------------------------------------------------------------

Engine-Match Saturday, November 1, 2025 4:37:48 AM
 Blitz 3/2 

Pairing 30/36 :    V7P3R_v14.0  -  Stockfish 1%

PGN-File: C:\Program Files (x86)\Arena\Tournaments\Engine Battle 20251031.pgn

No:  B/W 1/2     W:B       1:2           Time        Value Moves Dep 1:2       1-2-Draws
   4 W 2    1.0:0.0        0.0:4.0       4:41:48 AM      +M1    43 4.059 :11.800  0-4-0

--------------------------------------------------------------

Engine-Match Saturday, November 1, 2025 4:41:59 AM
 Blitz 3/2 

Pairing 31/36 :    V7P3R_v10.8  -  V7P3R_v14.7

PGN-File: C:\Program Files (x86)\Arena\Tournaments\Engine Battle 20251031.pgn

No:  B/W 1/2     W:B       1:2           Time        Value Moves Dep 1:2       1-2-Draws
   4 B 1    1.5:0.5        3.5:0.5       4:44:59 AM  -289.97    17 3.786 :3.529  3-0-1

--------------------------------------------------------------

Engine-Match Saturday, November 1, 2025 4:45:01 AM
 Blitz 3/2 

Pairing 32/36 :    V7P3R_v14.2  -  V7P3R_v12.6

PGN-File: C:\Program Files (x86)\Arena\Tournaments\Engine Battle 20251031.pgn

No:  B/W 1/2     W:B       1:2           Time        Value Moves Dep 1:2       1-2-Draws
   4 B 1    1.5:0.5        1.5:2.5       4:51:40 AM   -20.34    44 4.188 :4.000  1-2-1

--------------------------------------------------------------

Engine-Match Saturday, November 1, 2025 4:51:42 AM
 Blitz 3/2 

Pairing 33/36 :    Random_Opponent  -  V7P3R_v14.0

PGN-File: C:\Program Files (x86)\Arena\Tournaments\Engine Battle 20251031.pgn

No:  B/W 1/2     W:B       1:2           Time        Value Moves Dep 1:2       1-2-Draws
   4 W 2    1.0:0.0        0.0:4.0       4:54:04 AM     0.00    29 0:4.762  0-4-0

--------------------------------------------------------------

Engine-Match Saturday, November 1, 2025 4:54:06 AM
 Blitz 3/2 

Pairing 34/36 :    V7P3R_v14.7  -  SlowMate_v3.1

PGN-File: C:\Program Files (x86)\Arena\Tournaments\Engine Battle 20251031.pgn

No:  B/W 1/2     W:B       1:2           Time        Value Moves Dep 1:2       1-2-Draws
   4 = =    0.5:0.5        0.5:3.5       4:57:46 AM   +20.81    25 4.429 :3.680  0-3-1

--------------------------------------------------------------

Engine-Match Saturday, November 1, 2025 4:57:47 AM
 Blitz 3/2 

Pairing 35/36 :    Stockfish 1%  -  V7P3R_v14.2

PGN-File: C:\Program Files (x86)\Arena\Tournaments\Engine Battle 20251031.pgn

No:  B/W 1/2     W:B       1:2           Time        Value Moves Dep 1:2       1-2-Draws
   4 B 1    1.0:0.0        4.0:0.0       5:01:11 AM   -11.93    42 12.364 :4.444  4-0-0

--------------------------------------------------------------

Engine-Match Saturday, November 1, 2025 5:01:12 AM
 Blitz 3/2 

Pairing 36/36 :    V7P3R_v12.6  -  V7P3R_v10.8

PGN-File: C:\Program Files (x86)\Arena\Tournaments\Engine Battle 20251031.pgn

No:  B/W 1/2     W:B       1:2           Time        Value Moves Dep 1:2       1-2-Draws
   4 = =    0.5:0.5        2.5:1.5       5:07:34 AM    -2.90    61 3.875 :3.471  2-1-1

--------------------------------------------------------------

Engine-Match Saturday, November 1, 2025 5:07:35 AM
 Blitz 3/2 

Pairing 1/36 :    C0BR4_v2.9  -  V7P3R_v14.7

PGN-File: C:\Program Files (x86)\Arena\Tournaments\Engine Battle 20251031.pgn

No:  B/W 1/2     W:B       1:2           Time        Value Moves Dep 1:2       1-2-Draws
   5 W 1    1.0:0.0        5.0:0.0       5:08:41 AM  +299.97    18 3.875 :4.333  5-0-0

--------------------------------------------------------------

Engine-Match Saturday, November 1, 2025 5:08:42 AM
 Blitz 3/2 

Pairing 2/36 :    V7P3R_v14.2  -  Random_Opponent

PGN-File: C:\Program Files (x86)\Arena\Tournaments\Engine Battle 20251031.pgn

No:  B/W 1/2     W:B       1:2           Time        Value Moves Dep 1:2       1-2-Draws
   5 W 1    1.5:0.5        4.5:0.5       5:09:38 AM  +289.98     9 4.667 :0 4-0-1

--------------------------------------------------------------

Engine-Match Saturday, November 1, 2025 5:09:40 AM
 Blitz 3/2 

Pairing 3/36 :    SlowMate_v3.1  -  V7P3R_v12.6

PGN-File: C:\Program Files (x86)\Arena\Tournaments\Engine Battle 20251031.pgn

No:  B/W 1/2     W:B       1:2           Time        Value Moves Dep 1:2       1-2-Draws
   5 B 2    2.0:1.0        2.0:3.0       5:14:25 AM     0.00    27 3.259 :3.524  1-2-2

--------------------------------------------------------------

Engine-Match Saturday, November 1, 2025 5:14:26 AM
 Blitz 3/2 

Pairing 4/36 :    V7P3R_v10.8  -  Stockfish 1%

PGN-File: C:\Program Files (x86)\Arena\Tournaments\Engine Battle 20251031.pgn

No:  B/W 1/2     W:B       1:2           Time        Value Moves Dep 1:2       1-2-Draws
   5 B 2    1.0:0.0        0.0:5.0       5:18:34 AM   -14.07    66 3.718 :13.583  0-5-0

--------------------------------------------------------------

Engine-Match Saturday, November 1, 2025 5:18:36 AM
 Blitz 3/2 

Pairing 5/36 :    V7P3R_v14.0  -  V7P3R_v14.2

PGN-File: C:\Program Files (x86)\Arena\Tournaments\Engine Battle 20251031.pgn

No:  B/W 1/2     W:B       1:2           Time        Value Moves Dep 1:2       1-2-Draws
   5 W 1    2.0:1.0        3.0:2.0       5:26:12 AM   +16.03    56 4.211 :4.263  2-1-2

--------------------------------------------------------------

Engine-Match Saturday, November 1, 2025 5:26:13 AM
 Blitz 3/2 

Pairing 6/36 :    V7P3R_v12.6  -  C0BR4_v2.9

PGN-File: C:\Program Files (x86)\Arena\Tournaments\Engine Battle 20251031.pgn

No:  B/W 1/2     W:B       1:2           Time        Value Moves Dep 1:2       1-2-Draws
   5 W 1    1.5:0.5        3.5:1.5       5:29:41 AM   +10.17    36 4.056 :4.000  3-1-1

--------------------------------------------------------------

Engine-Match Saturday, November 1, 2025 5:29:42 AM
 Blitz 3/2 

Pairing 7/36 :    Random_Opponent  -  V7P3R_v10.8

PGN-File: C:\Program Files (x86)\Arena\Tournaments\Engine Battle 20251031.pgn

No:  B/W 1/2     W:B       1:2           Time        Value Moves Dep 1:2       1-2-Draws
   5 B 2    1.0:0.0        0.0:5.0       5:31:01 AM  -289.97     7 0:4.000  0-5-0

--------------------------------------------------------------

Engine-Match Saturday, November 1, 2025 5:31:02 AM
 Blitz 3/2 

Pairing 8/36 :    Stockfish 1%  -  SlowMate_v3.1

PGN-File: C:\Program Files (x86)\Arena\Tournaments\Engine Battle 20251031.pgn

No:  B/W 1/2     W:B       1:2           Time        Value Moves Dep 1:2       1-2-Draws
   5 B 2    1.5:0.5        3.5:1.5       5:35:01 AM    -9.58    53 12.214 :3.553  3-1-1

--------------------------------------------------------------

Engine-Match Saturday, November 1, 2025 5:35:02 AM
 Blitz 3/2 

Pairing 9/36 :    V7P3R_v14.7  -  V7P3R_v12.6

PGN-File: C:\Program Files (x86)\Arena\Tournaments\Engine Battle 20251031.pgn

No:  B/W 1/2     W:B       1:2           Time        Value Moves Dep 1:2       1-2-Draws
   5 B 2    1.0:0.0        0.0:5.0       5:39:03 AM   -40.21    23 3.304 :3.895  0-5-0

--------------------------------------------------------------

Engine-Match Saturday, November 1, 2025 5:39:05 AM
 Blitz 3/2 

Pairing 10/36 :    V7P3R_v10.8  -  V7P3R_v14.0

PGN-File: C:\Program Files (x86)\Arena\Tournaments\Engine Battle 20251031.pgn

No:  B/W 1/2     W:B       1:2           Time        Value Moves Dep 1:2       1-2-Draws
   5 B 2    1.0:0.0        2.0:3.0       5:47:08 AM     0.00    70 3.500 :4.150  2-3-0

--------------------------------------------------------------

Engine-Match Saturday, November 1, 2025 5:47:10 AM
 Blitz 3/2 

Pairing 11/36 :    C0BR4_v2.9  -  Stockfish 1%

PGN-File: C:\Program Files (x86)\Arena\Tournaments\Engine Battle 20251031.pgn

No:  B/W 1/2     W:B       1:2           Time        Value Moves Dep 1:2       1-2-Draws
   5 B 2    1.5:0.5        1.5:3.5       5:48:21 AM    -9.88   100 4.000 :12.455  1-3-1

--------------------------------------------------------------

Engine-Match Saturday, November 1, 2025 5:48:22 AM
 Blitz 3/2 

Pairing 12/36 :    SlowMate_v3.1  -  Random_Opponent

PGN-File: C:\Program Files (x86)\Arena\Tournaments\Engine Battle 20251031.pgn

No:  B/W 1/2     W:B       1:2           Time        Value Moves Dep 1:2       1-2-Draws
   5 W 1    1.0:0.0        5.0:0.0       5:50:15 AM  +194.71    21 3.714 :0 5-0-0

--------------------------------------------------------------

Engine-Match Saturday, November 1, 2025 5:50:16 AM
 Blitz 3/2 

Pairing 13/36 :    V7P3R_v14.2  -  V7P3R_v10.8

PGN-File: C:\Program Files (x86)\Arena\Tournaments\Engine Battle 20251031.pgn

No:  B/W 1/2     W:B       1:2           Time        Value Moves Dep 1:2       1-2-Draws
   5 W 1    1.5:0.5        4.5:0.5       5:56:52 AM  +289.99    64 4.200 :3.429  4-0-1

--------------------------------------------------------------

Engine-Match Saturday, November 1, 2025 5:56:53 AM
 Blitz 3/2 

Pairing 14/36 :    Stockfish 1%  -  V7P3R_v14.7

PGN-File: C:\Program Files (x86)\Arena\Tournaments\Engine Battle 20251031.pgn

No:  B/W 1/2     W:B       1:2           Time        Value Moves Dep 1:2       1-2-Draws
   5 W 1    1.0:0.0        5.0:0.0       5:59:14 AM   +18.57    29 14.273 :4.077  5-0-0

--------------------------------------------------------------

Engine-Match Saturday, November 1, 2025 5:59:25 AM
 Blitz 3/2 

Pairing 15/36 :    V7P3R_v14.0  -  SlowMate_v3.1

PGN-File: C:\Program Files (x86)\Arena\Tournaments\Engine Battle 20251031.pgn

No:  B/W 1/2     W:B       1:2           Time        Value Moves Dep 1:2       1-2-Draws
   5 W 1    2.0:1.0        4.0:1.0       6:06:09 AM   +10.53    41 4.118 :3.391  3-0-2

--------------------------------------------------------------

Engine-Match Saturday, November 1, 2025 6:06:11 AM
 Blitz 3/2 

Pairing 16/36 :    Random_Opponent  -  C0BR4_v2.9

PGN-File: C:\Program Files (x86)\Arena\Tournaments\Engine Battle 20251031.pgn

No:  B/W 1/2     W:B       1:2           Time        Value Moves Dep 1:2       1-2-Draws
   5 B 2    1.0:0.0        0.0:5.0       6:06:29 AM  -299.97    18 0:4.000  0-5-0

--------------------------------------------------------------

Engine-Match Saturday, November 1, 2025 6:06:31 AM
 Blitz 3/2 

Pairing 17/36 :    V7P3R_v12.6  -  Stockfish 1%

PGN-File: C:\Program Files (x86)\Arena\Tournaments\Engine Battle 20251031.pgn

No:  B/W 1/2     W:B       1:2           Time        Value Moves Dep 1:2       1-2-Draws
   5 W 1    1.0:0.0        1.0:4.0       6:10:26 AM     0.00    42 3.486 :12.667  1-4-0

--------------------------------------------------------------

Engine-Match Saturday, November 1, 2025 6:10:28 AM
 Blitz 3/2 

Pairing 18/36 :    SlowMate_v3.1  -  V7P3R_v14.2

PGN-File: C:\Program Files (x86)\Arena\Tournaments\Engine Battle 20251031.pgn

No:  B/W 1/2     W:B       1:2           Time        Value Moves Dep 1:2       1-2-Draws
   5 B 2    2.0:1.0        2.0:3.0       6:20:18 AM   -11.39    73 3.522 :4.135  1-2-2

--------------------------------------------------------------

Engine-Match Saturday, November 1, 2025 6:20:19 AM
 Blitz 3/2 

Pairing 19/36 :    V7P3R_v14.7  -  Random_Opponent

PGN-File: C:\Program Files (x86)\Arena\Tournaments\Engine Battle 20251031.pgn

No:  B/W 1/2     W:B       1:2           Time        Value Moves Dep 1:2       1-2-Draws
   5 = =    0.5:0.5        4.5:0.5       6:22:03 AM     0.00    27 3.727 :0 4-0-1

--------------------------------------------------------------

Engine-Match Saturday, November 1, 2025 6:22:04 AM
 Blitz 3/2 

Pairing 20/36 :    C0BR4_v2.9  -  V7P3R_v14.0

PGN-File: C:\Program Files (x86)\Arena\Tournaments\Engine Battle 20251031.pgn

No:  B/W 1/2     W:B       1:2           Time        Value Moves Dep 1:2       1-2-Draws
   5 B 2    1.5:0.5        0.5:4.5       6:25:26 AM   -17.25    40 4.000 :4.182  0-4-1

--------------------------------------------------------------

Engine-Match Saturday, November 1, 2025 6:25:28 AM
 Blitz 3/2 

Pairing 21/36 :    V7P3R_v10.8  -  SlowMate_v3.1

PGN-File: C:\Program Files (x86)\Arena\Tournaments\Engine Battle 20251031.pgn

No:  B/W 1/2     W:B       1:2           Time        Value Moves Dep 1:2       1-2-Draws
   5 W 1    1.0:0.0        4.0:1.0       6:30:56 AM   +10.51    35 3.481 :3.323  4-1-0

--------------------------------------------------------------

Engine-Match Saturday, November 1, 2025 6:30:58 AM
 Blitz 3/2 

Pairing 22/36 :    Random_Opponent  -  V7P3R_v12.6

PGN-File: C:\Program Files (x86)\Arena\Tournaments\Engine Battle 20251031.pgn

No:  B/W 1/2     W:B       1:2           Time        Value Moves Dep 1:2       1-2-Draws
   5 B 2    1.0:0.0        0.0:5.0       6:31:15 AM     0.00     3 0:5.500  0-5-0

--------------------------------------------------------------

Engine-Match Saturday, November 1, 2025 6:31:16 AM
 Blitz 3/2 

Pairing 23/36 :    V7P3R_v14.2  -  C0BR4_v2.9

PGN-File: C:\Program Files (x86)\Arena\Tournaments\Engine Battle 20251031.pgn

No:  B/W 1/2     W:B       1:2           Time        Value Moves Dep 1:2       1-2-Draws
   5 B 2    1.0:0.0        2.0:3.0       6:35:00 AM  -299.97    45 4.333 :4.000  2-3-0

--------------------------------------------------------------

Engine-Match Saturday, November 1, 2025 6:35:02 AM
 Blitz 3/2 

Pairing 24/36 :    V7P3R_v14.0  -  V7P3R_v14.7

PGN-File: C:\Program Files (x86)\Arena\Tournaments\Engine Battle 20251031.pgn

No:  B/W 1/2     W:B       1:2           Time        Value Moves Dep 1:2       1-2-Draws
   5 W 1    1.0:0.0        5.0:0.0       6:41:03 AM     0.00    39 4.500 :4.074  5-0-0

--------------------------------------------------------------

Engine-Match Saturday, November 1, 2025 6:41:04 AM
 Blitz 3/2 

Pairing 25/36 :    Stockfish 1%  -  Random_Opponent

PGN-File: C:\Program Files (x86)\Arena\Tournaments\Engine Battle 20251031.pgn

No:  B/W 1/2     W:B       1:2           Time        Value Moves Dep 1:2       1-2-Draws
   5 W 1    1.0:0.0        5.0:0.0       6:41:46 AM      +M1    78 14.700 :0 5-0-0

--------------------------------------------------------------

Engine-Match Saturday, November 1, 2025 6:41:47 AM
 Blitz 3/2 

Pairing 26/36 :    C0BR4_v2.9  -  V7P3R_v10.8

PGN-File: C:\Program Files (x86)\Arena\Tournaments\Engine Battle 20251031.pgn

No:  B/W 1/2     W:B       1:2           Time        Value Moves Dep 1:2       1-2-Draws
   5 B 2    2.0:1.0        2.0:3.0       6:46:12 AM   -11.82    77 4.000 :3.750  1-2-2

--------------------------------------------------------------

Engine-Match Saturday, November 1, 2025 6:46:13 AM
 Blitz 3/2 

Pairing 27/36 :    V7P3R_v12.6  -  V7P3R_v14.0

PGN-File: C:\Program Files (x86)\Arena\Tournaments\Engine Battle 20251031.pgn

No:  B/W 1/2     W:B       1:2           Time        Value Moves Dep 1:2       1-2-Draws
   5 B 2    2.0:1.0        1.0:4.0       6:51:51 AM     0.00    45 4.222 :4.688  0-3-2

--------------------------------------------------------------

Engine-Match Saturday, November 1, 2025 6:51:52 AM
 Blitz 3/2 

Pairing 28/36 :    V7P3R_v14.7  -  V7P3R_v14.2

PGN-File: C:\Program Files (x86)\Arena\Tournaments\Engine Battle 20251031.pgn

No:  B/W 1/2     W:B       1:2           Time        Value Moves Dep 1:2       1-2-Draws
   5 B 2    1.5:0.5        0.5:4.5       6:56:54 AM     0.00    31 3.533 :4.625  0-4-1

--------------------------------------------------------------

Engine-Match Saturday, November 1, 2025 6:56:55 AM
 Blitz 3/2 

Pairing 29/36 :    SlowMate_v3.1  -  C0BR4_v2.9

PGN-File: C:\Program Files (x86)\Arena\Tournaments\Engine Battle 20251031.pgn

No:  B/W 1/2     W:B       1:2           Time        Value Moves Dep 1:2       1-2-Draws
   5 = =    2.0:2.0        3.0:2.0       7:01:05 AM    -0.23    49 3.897 :4.000  1-0-4

--------------------------------------------------------------

Engine-Match Saturday, November 1, 2025 7:01:07 AM
 Blitz 3/2 

Pairing 30/36 :    V7P3R_v14.0  -  Stockfish 1%

PGN-File: C:\Program Files (x86)\Arena\Tournaments\Engine Battle 20251031.pgn

No:  B/W 1/2     W:B       1:2           Time        Value Moves Dep 1:2       1-2-Draws
   5 B 2    1.0:0.0        0.0:5.0       7:03:28 AM      -M1    25 4.048 :12.500  0-5-0

--------------------------------------------------------------

Engine-Match Saturday, November 1, 2025 7:03:29 AM
 Blitz 3/2 

Pairing 31/36 :    V7P3R_v10.8  -  V7P3R_v14.7

PGN-File: C:\Program Files (x86)\Arena\Tournaments\Engine Battle 20251031.pgn

No:  B/W 1/2     W:B       1:2           Time        Value Moves Dep 1:2       1-2-Draws
   5 W 1    1.5:0.5        4.5:0.5       7:08:16 AM   +30.18    34 3.826 :4.296  4-0-1

--------------------------------------------------------------

Engine-Match Saturday, November 1, 2025 7:08:17 AM
 Blitz 3/2 

Pairing 32/36 :    V7P3R_v14.2  -  V7P3R_v12.6

PGN-File: C:\Program Files (x86)\Arena\Tournaments\Engine Battle 20251031.pgn

No:  B/W 1/2     W:B       1:2           Time        Value Moves Dep 1:2       1-2-Draws
   5 W 1    1.5:0.5        2.5:2.5       7:16:07 AM     0.00    55 4.111 :3.808  2-2-1

--------------------------------------------------------------

Engine-Match Saturday, November 1, 2025 7:16:09 AM
 Blitz 3/2 

Pairing 33/36 :    Random_Opponent  -  V7P3R_v14.0

PGN-File: C:\Program Files (x86)\Arena\Tournaments\Engine Battle 20251031.pgn

No:  B/W 1/2     W:B       1:2           Time        Value Moves Dep 1:2       1-2-Draws
   5 B 2    1.0:0.0        0.0:5.0       7:18:02 AM     0.00    18 0:4.467  0-5-0

--------------------------------------------------------------

Engine-Match Saturday, November 1, 2025 7:18:03 AM
 Blitz 3/2 

Pairing 34/36 :    V7P3R_v14.7  -  SlowMate_v3.1

PGN-File: C:\Program Files (x86)\Arena\Tournaments\Engine Battle 20251031.pgn

No:  B/W 1/2     W:B       1:2           Time        Value Moves Dep 1:2       1-2-Draws
   5 B 2    1.5:0.5        0.5:4.5       7:23:49 AM   -21.14    39 3.333 :3.733  0-4-1

--------------------------------------------------------------

Engine-Match Saturday, November 1, 2025 7:24:00 AM
 Blitz 3/2 

Pairing 35/36 :    Stockfish 1%  -  V7P3R_v14.2

PGN-File: C:\Program Files (x86)\Arena\Tournaments\Engine Battle 20251031.pgn

No:  B/W 1/2     W:B       1:2           Time        Value Moves Dep 1:2       1-2-Draws
   5 W 1    1.0:0.0        5.0:0.0       7:25:47 AM      +M1    23 12.000 :4.000  5-0-0

--------------------------------------------------------------

Engine-Match Saturday, November 1, 2025 7:25:49 AM
 Blitz 3/2 

Pairing 36/36 :    V7P3R_v12.6  -  V7P3R_v10.8

PGN-File: C:\Program Files (x86)\Arena\Tournaments\Engine Battle 20251031.pgn

No:  B/W 1/2     W:B       1:2           Time        Value Moves Dep 1:2       1-2-Draws
   5 B 2    1.5:0.5        2.5:2.5       7:32:17 AM  -289.98    53 4.143 :3.857  2-2-1

--------------------------------------------------------------

Engine-Match Saturday, November 1, 2025 7:32:18 AM
 Blitz 3/2 

Pairing 1/36 :    C0BR4_v2.9  -  V7P3R_v14.7

PGN-File: C:\Program Files (x86)\Arena\Tournaments\Engine Battle 20251031.pgn

No:  B/W 1/2     W:B       1:2           Time        Value Moves Dep 1:2       1-2-Draws
   6 B 1    1.0:0.0        6.0:0.0       7:34:13 AM   -20.87    26 4.000 :3.611  6-0-0

--------------------------------------------------------------

Engine-Match Saturday, November 1, 2025 7:34:15 AM
 Blitz 3/2 

Pairing 2/36 :    V7P3R_v14.2  -  Random_Opponent

PGN-File: C:\Program Files (x86)\Arena\Tournaments\Engine Battle 20251031.pgn

No:  B/W 1/2     W:B       1:2           Time        Value Moves Dep 1:2       1-2-Draws
   6 B 1    1.5:0.5        5.5:0.5       7:35:56 AM  -289.98    18 4.571 :0 5-0-1

--------------------------------------------------------------

Engine-Match Saturday, November 1, 2025 7:35:57 AM
 Blitz 3/2 

Pairing 3/36 :    SlowMate_v3.1  -  V7P3R_v12.6

PGN-File: C:\Program Files (x86)\Arena\Tournaments\Engine Battle 20251031.pgn

No:  B/W 1/2     W:B       1:2           Time        Value Moves Dep 1:2       1-2-Draws
   6 W 2    2.0:1.0        2.0:4.0       7:42:21 AM  +289.99    40 3.682 :4.111  1-3-2

--------------------------------------------------------------

Engine-Match Saturday, November 1, 2025 7:42:22 AM
 Blitz 3/2 

Pairing 4/36 :    V7P3R_v10.8  -  Stockfish 1%

PGN-File: C:\Program Files (x86)\Arena\Tournaments\Engine Battle 20251031.pgn

No:  B/W 1/2     W:B       1:2           Time        Value Moves Dep 1:2       1-2-Draws
   6 W 2    1.0:0.0        0.0:6.0       7:43:43 AM   +11.91    15 3.636 :14.556  0-6-0

--------------------------------------------------------------

Engine-Match Saturday, November 1, 2025 7:43:45 AM
 Blitz 3/2 

Pairing 5/36 :    V7P3R_v14.0  -  V7P3R_v14.2

PGN-File: C:\Program Files (x86)\Arena\Tournaments\Engine Battle 20251031.pgn

No:  B/W 1/2     W:B       1:2           Time        Value Moves Dep 1:2       1-2-Draws
   6 W 2    2.0:1.0        3.0:3.0       7:52:07 AM   +25.20    53 3.882 :4.212  2-2-2

--------------------------------------------------------------

Engine-Match Saturday, November 1, 2025 7:52:08 AM
 Blitz 3/2 

Pairing 6/36 :    V7P3R_v12.6  -  C0BR4_v2.9

PGN-File: C:\Program Files (x86)\Arena\Tournaments\Engine Battle 20251031.pgn

No:  B/W 1/2     W:B       1:2           Time        Value Moves Dep 1:2       1-2-Draws
   6 = =    1.0:1.0        4.0:2.0       7:56:56 AM   +12.50    54 3.636 :4.000  3-1-2

--------------------------------------------------------------

Engine-Match Saturday, November 1, 2025 7:56:57 AM
 Blitz 3/2 

Pairing 7/36 :    Random_Opponent  -  V7P3R_v10.8

PGN-File: C:\Program Files (x86)\Arena\Tournaments\Engine Battle 20251031.pgn

No:  B/W 1/2     W:B       1:2           Time        Value Moves Dep 1:2       1-2-Draws
   6 W 2    1.0:0.0        0.0:6.0       7:59:07 AM  +289.96    24 0:3.773  0-6-0

--------------------------------------------------------------

Engine-Match Saturday, November 1, 2025 7:59:09 AM
 Blitz 3/2 

Pairing 8/36 :    Stockfish 1%  -  SlowMate_v3.1

PGN-File: C:\Program Files (x86)\Arena\Tournaments\Engine Battle 20251031.pgn

No:  B/W 1/2     W:B       1:2           Time        Value Moves Dep 1:2       1-2-Draws
   6 B 1    1.5:0.5        4.5:1.5       8:06:36 AM  -200.00   124 12.692 :3.320  4-1-1

--------------------------------------------------------------

Engine-Match Saturday, November 1, 2025 8:06:38 AM
 Blitz 3/2 

Pairing 9/36 :    V7P3R_v14.7  -  V7P3R_v12.6

PGN-File: C:\Program Files (x86)\Arena\Tournaments\Engine Battle 20251031.pgn

No:  B/W 1/2     W:B       1:2           Time        Value Moves Dep 1:2       1-2-Draws
   6 W 2    1.0:0.0        0.0:6.0       8:09:46 AM  +289.98    16 4.067 :4.286  0-6-0

--------------------------------------------------------------

Engine-Match Saturday, November 1, 2025 8:09:47 AM
 Blitz 3/2 

Pairing 10/36 :    V7P3R_v10.8  -  V7P3R_v14.0

PGN-File: C:\Program Files (x86)\Arena\Tournaments\Engine Battle 20251031.pgn

No:  B/W 1/2     W:B       1:2           Time        Value Moves Dep 1:2       1-2-Draws
   6 B 1    1.0:0.0        3.0:3.0       8:18:03 AM     0.00    72 3.476 :4.158  3-3-0

--------------------------------------------------------------

Engine-Match Saturday, November 1, 2025 8:18:04 AM
 Blitz 3/2 

Pairing 11/36 :    C0BR4_v2.9  -  Stockfish 1%

PGN-File: C:\Program Files (x86)\Arena\Tournaments\Engine Battle 20251031.pgn

No:  B/W 1/2     W:B       1:2           Time        Value Moves Dep 1:2       1-2-Draws
   6 = =    1.0:1.0        2.0:4.0       8:19:54 AM     0.00   160 4.000 :13.091  1-3-2

--------------------------------------------------------------

Engine-Match Saturday, November 1, 2025 8:19:55 AM
 Blitz 3/2 

Pairing 12/36 :    SlowMate_v3.1  -  Random_Opponent

PGN-File: C:\Program Files (x86)\Arena\Tournaments\Engine Battle 20251031.pgn

No:  B/W 1/2     W:B       1:2           Time        Value Moves Dep 1:2       1-2-Draws
   6 = =    0.5:0.5        5.5:0.5       8:22:38 AM  -200.00    33 3.333 :0 5-0-1

--------------------------------------------------------------

Engine-Match Saturday, November 1, 2025 8:22:39 AM
 Blitz 3/2 

Pairing 13/36 :    V7P3R_v14.2  -  V7P3R_v10.8

PGN-File: C:\Program Files (x86)\Arena\Tournaments\Engine Battle 20251031.pgn

No:  B/W 1/2     W:B       1:2           Time        Value Moves Dep 1:2       1-2-Draws
   6 = =    1.0:1.0        5.0:1.0       8:31:29 AM   +14.40    85 4.088 :3.280  4-0-2

--------------------------------------------------------------

Engine-Match Saturday, November 1, 2025 8:31:30 AM
 Blitz 3/2 

Pairing 14/36 :    Stockfish 1%  -  V7P3R_v14.7

PGN-File: C:\Program Files (x86)\Arena\Tournaments\Engine Battle 20251031.pgn

No:  B/W 1/2     W:B       1:2           Time        Value Moves Dep 1:2       1-2-Draws
   6 B 1    1.0:0.0        6.0:0.0       8:34:42 AM   -13.27    41 14.500 :3.341  6-0-0

--------------------------------------------------------------

Engine-Match Saturday, November 1, 2025 8:34:44 AM
 Blitz 3/2 

Pairing 15/36 :    V7P3R_v14.0  -  SlowMate_v3.1

PGN-File: C:\Program Files (x86)\Arena\Tournaments\Engine Battle 20251031.pgn

No:  B/W 1/2     W:B       1:2           Time        Value Moves Dep 1:2       1-2-Draws
   6 = =    1.5:1.5        4.5:1.5       8:42:55 AM    +1.37    53 4.300 :3.846  3-0-3

--------------------------------------------------------------

Engine-Match Saturday, November 1, 2025 8:42:56 AM
 Blitz 3/2 

Pairing 16/36 :    Random_Opponent  -  C0BR4_v2.9

PGN-File: C:\Program Files (x86)\Arena\Tournaments\Engine Battle 20251031.pgn

No:  B/W 1/2     W:B       1:2           Time        Value Moves Dep 1:2       1-2-Draws
   6 W 2    1.0:0.0        0.0:6.0       8:43:13 AM  +299.97    15 0:3.846  0-6-0

--------------------------------------------------------------

Engine-Match Saturday, November 1, 2025 8:43:14 AM
 Blitz 3/2 

Pairing 17/36 :    V7P3R_v12.6  -  Stockfish 1%

PGN-File: C:\Program Files (x86)\Arena\Tournaments\Engine Battle 20251031.pgn

No:  B/W 1/2     W:B       1:2           Time        Value Moves Dep 1:2       1-2-Draws
   6 W 2    1.0:0.0        1.0:5.0       8:47:57 AM     0.00    41 4.032 :14.333  1-5-0

--------------------------------------------------------------

Engine-Match Saturday, November 1, 2025 8:47:59 AM
 Blitz 3/2 

Pairing 18/36 :    SlowMate_v3.1  -  V7P3R_v14.2

PGN-File: C:\Program Files (x86)\Arena\Tournaments\Engine Battle 20251031.pgn

No:  B/W 1/2     W:B       1:2           Time        Value Moves Dep 1:2       1-2-Draws
   6 W 2    2.0:1.0        2.0:4.0       8:56:03 AM  +289.98    56 3.352 :4.316  1-3-2

--------------------------------------------------------------

Engine-Match Saturday, November 1, 2025 8:56:15 AM
 Blitz 3/2 

Pairing 19/36 :    V7P3R_v14.7  -  Random_Opponent

PGN-File: C:\Program Files (x86)\Arena\Tournaments\Engine Battle 20251031.pgn

No:  B/W 1/2     W:B       1:2           Time        Value Moves Dep 1:2       1-2-Draws
   6 B 1    1.5:0.5        5.5:0.5       8:57:40 AM     0.00    23 3.789 :0 5-0-1

--------------------------------------------------------------

Engine-Match Saturday, November 1, 2025 8:57:41 AM
 Blitz 3/2 

Pairing 20/36 :    C0BR4_v2.9  -  V7P3R_v14.0

PGN-File: C:\Program Files (x86)\Arena\Tournaments\Engine Battle 20251031.pgn

No:  B/W 1/2     W:B       1:2           Time        Value Moves Dep 1:2       1-2-Draws
   6 B 1    1.5:0.5        1.5:4.5       9:02:18 AM   -11.81    55 4.000 :4.154  1-4-1

--------------------------------------------------------------

Engine-Match Saturday, November 1, 2025 9:02:19 AM
 Blitz 3/2 

Pairing 21/36 :    V7P3R_v10.8  -  SlowMate_v3.1

PGN-File: C:\Program Files (x86)\Arena\Tournaments\Engine Battle 20251031.pgn

No:  B/W 1/2     W:B       1:2           Time        Value Moves Dep 1:2       1-2-Draws
   6 W 2    1.0:0.0        4.0:2.0       9:08:06 AM  +190.70    40 3.216 :3.200  4-2-0

--------------------------------------------------------------

Engine-Match Saturday, November 1, 2025 9:08:07 AM
 Blitz 3/2 

Pairing 22/36 :    Random_Opponent  -  V7P3R_v12.6

PGN-File: C:\Program Files (x86)\Arena\Tournaments\Engine Battle 20251031.pgn

No:  B/W 1/2     W:B       1:2           Time        Value Moves Dep 1:2       1-2-Draws
   6 W 2    1.0:0.0        0.0:6.0       9:09:13 AM  +289.98     9 0:4.333  0-6-0

--------------------------------------------------------------

Engine-Match Saturday, November 1, 2025 9:09:15 AM
 Blitz 3/2 

Pairing 23/36 :    V7P3R_v14.2  -  C0BR4_v2.9

PGN-File: C:\Program Files (x86)\Arena\Tournaments\Engine Battle 20251031.pgn

No:  B/W 1/2     W:B       1:2           Time        Value Moves Dep 1:2       1-2-Draws
   6 = =    0.5:0.5        2.5:3.5       9:11:38 AM    +3.00    28 4.350 :4.000  2-3-1

--------------------------------------------------------------

Engine-Match Saturday, November 1, 2025 9:11:39 AM
 Blitz 3/2 

Pairing 24/36 :    V7P3R_v14.0  -  V7P3R_v14.7

PGN-File: C:\Program Files (x86)\Arena\Tournaments\Engine Battle 20251031.pgn

No:  B/W 1/2     W:B       1:2           Time        Value Moves Dep 1:2       1-2-Draws
   6 B 1    1.0:0.0        6.0:0.0       9:17:34 AM    -9.73    35 4.194 :3.294  6-0-0

--------------------------------------------------------------

Engine-Match Saturday, November 1, 2025 9:17:36 AM
 Blitz 3/2 

Pairing 25/36 :    Stockfish 1%  -  Random_Opponent

PGN-File: C:\Program Files (x86)\Arena\Tournaments\Engine Battle 20251031.pgn

No:  B/W 1/2     W:B       1:2           Time        Value Moves Dep 1:2       1-2-Draws
   6 B 1    1.0:0.0        6.0:0.0       9:17:56 AM      -M1    18 15.889 :0 6-0-0

--------------------------------------------------------------

Engine-Match Saturday, November 1, 2025 9:17:58 AM
 Blitz 3/2 

Pairing 26/36 :    C0BR4_v2.9  -  V7P3R_v10.8

PGN-File: C:\Program Files (x86)\Arena\Tournaments\Engine Battle 20251031.pgn

No:  B/W 1/2     W:B       1:2           Time        Value Moves Dep 1:2       1-2-Draws
   6 B 1    2.0:1.0        3.0:3.0       9:21:04 AM    -9.64    42 4.000 :3.781  2-2-2

--------------------------------------------------------------

Engine-Match Saturday, November 1, 2025 9:21:06 AM
 Blitz 3/2 

Pairing 27/36 :    V7P3R_v12.6  -  V7P3R_v14.0

PGN-File: C:\Program Files (x86)\Arena\Tournaments\Engine Battle 20251031.pgn

No:  B/W 1/2     W:B       1:2           Time        Value Moves Dep 1:2       1-2-Draws
   6 = =    1.5:1.5        1.5:4.5       9:26:21 AM    +2.22    36 3.875 :4.235  0-3-3

--------------------------------------------------------------

Engine-Match Saturday, November 1, 2025 9:26:22 AM
 Blitz 3/2 

Pairing 28/36 :    V7P3R_v14.7  -  V7P3R_v14.2

PGN-File: C:\Program Files (x86)\Arena\Tournaments\Engine Battle 20251031.pgn

No:  B/W 1/2     W:B       1:2           Time        Value Moves Dep 1:2       1-2-Draws
   6 W 2    1.5:0.5        0.5:5.5       9:30:08 AM  +289.98    23 3.818 :4.389  0-5-1

--------------------------------------------------------------

Engine-Match Saturday, November 1, 2025 9:30:09 AM
 Blitz 3/2 

Pairing 29/36 :    SlowMate_v3.1  -  C0BR4_v2.9

PGN-File: C:\Program Files (x86)\Arena\Tournaments\Engine Battle 20251031.pgn

No:  B/W 1/2     W:B       1:2           Time        Value Moves Dep 1:2       1-2-Draws
   6 = =    2.5:2.5        3.5:2.5       9:31:26 AM   +11.31    12 3.909 :4.000  1-0-5

--------------------------------------------------------------

Engine-Match Saturday, November 1, 2025 9:31:28 AM
 Blitz 3/2 

Pairing 30/36 :    V7P3R_v14.0  -  Stockfish 1%

PGN-File: C:\Program Files (x86)\Arena\Tournaments\Engine Battle 20251031.pgn

No:  B/W 1/2     W:B       1:2           Time        Value Moves Dep 1:2       1-2-Draws
   6 W 2    1.0:0.0        0.0:6.0       9:33:28 AM      +M1    21 4.357 :14.500  0-6-0

--------------------------------------------------------------

Engine-Match Saturday, November 1, 2025 9:33:30 AM
 Blitz 3/2 

Pairing 31/36 :    V7P3R_v10.8  -  V7P3R_v14.7

PGN-File: C:\Program Files (x86)\Arena\Tournaments\Engine Battle 20251031.pgn

No:  B/W 1/2     W:B       1:2           Time        Value Moves Dep 1:2       1-2-Draws
   6 B 1    1.5:0.5        5.5:0.5       9:36:23 AM  -289.97    19 3.600 :3.500  5-0-1

--------------------------------------------------------------

Engine-Match Saturday, November 1, 2025 9:36:24 AM
 Blitz 3/2 

Pairing 32/36 :    V7P3R_v14.2  -  V7P3R_v12.6

PGN-File: C:\Program Files (x86)\Arena\Tournaments\Engine Battle 20251031.pgn

No:  B/W 1/2     W:B       1:2           Time        Value Moves Dep 1:2       1-2-Draws
   6 B 1    1.5:0.5        3.5:2.5       9:44:16 AM   -12.53    55 4.313 :4.030  3-2-1

--------------------------------------------------------------

Engine-Match Saturday, November 1, 2025 9:44:18 AM
 Blitz 3/2 

Pairing 33/36 :    Random_Opponent  -  V7P3R_v14.0

PGN-File: C:\Program Files (x86)\Arena\Tournaments\Engine Battle 20251031.pgn

No:  B/W 1/2     W:B       1:2           Time        Value Moves Dep 1:2       1-2-Draws
   6 W 2    1.0:0.0        0.0:6.0       9:45:22 AM  +289.98    12 0:4.545  0-6-0

--------------------------------------------------------------

Engine-Match Saturday, November 1, 2025 9:45:24 AM
 Blitz 3/2 

Pairing 34/36 :    V7P3R_v14.7  -  SlowMate_v3.1

PGN-File: C:\Program Files (x86)\Arena\Tournaments\Engine Battle 20251031.pgn

No:  B/W 1/2     W:B       1:2           Time        Value Moves Dep 1:2       1-2-Draws
   6 W 2    1.5:0.5        0.5:5.5       9:49:19 AM   +26.03    25 4.208 :3.520  0-5-1

--------------------------------------------------------------

Engine-Match Saturday, November 1, 2025 9:49:21 AM
 Blitz 3/2 

Pairing 35/36 :    Stockfish 1%  -  V7P3R_v14.2

PGN-File: C:\Program Files (x86)\Arena\Tournaments\Engine Battle 20251031.pgn

No:  B/W 1/2     W:B       1:2           Time        Value Moves Dep 1:2       1-2-Draws
   6 B 1    1.0:0.0        6.0:0.0       9:51:08 AM      -M1    21 12.900 :4.538  6-0-0

--------------------------------------------------------------

Engine-Match Saturday, November 1, 2025 9:51:09 AM
 Blitz 3/2 

Pairing 36/36 :    V7P3R_v12.6  -  V7P3R_v10.8

PGN-File: C:\Program Files (x86)\Arena\Tournaments\Engine Battle 20251031.pgn

No:  B/W 1/2     W:B       1:2           Time        Value Moves Dep 1:2       1-2-Draws
   6 = =    1.0:1.0        3.0:3.0       9:57:29 AM    -2.90    61 3.875 :3.471  2-2-2

--------------------------------------------------------------

Engine-Match Saturday, November 1, 2025 9:57:30 AM
 Blitz 3/2 

Pairing 1/36 :    C0BR4_v2.9  -  V7P3R_v14.7

PGN-File: C:\Program Files (x86)\Arena\Tournaments\Engine Battle 20251031.pgn

No:  B/W 1/2     W:B       1:2           Time        Value Moves Dep 1:2       1-2-Draws
   7 W 1    1.0:0.0        7.0:0.0       9:59:13 AM   +30.27    22 4.000 :4.524  7-0-0

--------------------------------------------------------------

Engine-Match Saturday, November 1, 2025 9:59:14 AM
 Blitz 3/2 

Pairing 2/36 :    V7P3R_v14.2  -  Random_Opponent

PGN-File: C:\Program Files (x86)\Arena\Tournaments\Engine Battle 20251031.pgn

No:  B/W 1/2     W:B       1:2           Time        Value Moves Dep 1:2       1-2-Draws
   7 W 1    1.5:0.5        6.5:0.5       10:00:41 AM  +289.98    13 4.417 :0 6-0-1

--------------------------------------------------------------

Engine-Match Saturday, November 1, 2025 10:00:52 AM
 Blitz 3/2 

Pairing 3/36 :    SlowMate_v3.1  -  V7P3R_v12.6

PGN-File: C:\Program Files (x86)\Arena\Tournaments\Engine Battle 20251031.pgn

No:  B/W 1/2     W:B       1:2           Time        Value Moves Dep 1:2       1-2-Draws
   7 = =    1.5:1.5        2.5:4.5       10:08:52 AM   +14.08    51 3.118 :3.500  1-3-3

--------------------------------------------------------------

Engine-Match Saturday, November 1, 2025 10:08:53 AM
 Blitz 3/2 

Pairing 4/36 :    V7P3R_v10.8  -  Stockfish 1%

PGN-File: C:\Program Files (x86)\Arena\Tournaments\Engine Battle 20251031.pgn

No:  B/W 1/2     W:B       1:2           Time        Value Moves Dep 1:2       1-2-Draws
   7 B 2    1.0:0.0        0.0:7.0       10:12:34 AM   -10.62    62 3.923 :12.182  0-7-0

--------------------------------------------------------------

Engine-Match Saturday, November 1, 2025 10:12:36 AM
 Blitz 3/2 

Pairing 5/36 :    V7P3R_v14.0  -  V7P3R_v14.2

PGN-File: C:\Program Files (x86)\Arena\Tournaments\Engine Battle 20251031.pgn

No:  B/W 1/2     W:B       1:2           Time        Value Moves Dep 1:2       1-2-Draws
   7 = =    1.5:1.5        3.5:3.5       10:18:25 AM    +2.61    43 3.846 :4.300  2-2-3

--------------------------------------------------------------

Engine-Match Saturday, November 1, 2025 10:18:26 AM
 Blitz 3/2 

Pairing 6/36 :    V7P3R_v12.6  -  C0BR4_v2.9

PGN-File: C:\Program Files (x86)\Arena\Tournaments\Engine Battle 20251031.pgn

No:  B/W 1/2     W:B       1:2           Time        Value Moves Dep 1:2       1-2-Draws
   7 = =    1.5:1.5        4.5:2.5       10:20:45 AM   -10.95    22 4.375 :4.000  3-1-3

--------------------------------------------------------------

Engine-Match Saturday, November 1, 2025 10:20:46 AM
 Blitz 3/2 

Pairing 7/36 :    Random_Opponent  -  V7P3R_v10.8

PGN-File: C:\Program Files (x86)\Arena\Tournaments\Engine Battle 20251031.pgn

No:  B/W 1/2     W:B       1:2           Time        Value Moves Dep 1:2       1-2-Draws
   7 B 2    1.0:0.0        0.0:7.0       10:23:00 AM  -289.96    26 0:3.696  0-7-0

--------------------------------------------------------------

Engine-Match Saturday, November 1, 2025 10:23:01 AM
 Blitz 3/2 

Pairing 8/36 :    Stockfish 1%  -  SlowMate_v3.1

PGN-File: C:\Program Files (x86)\Arena\Tournaments\Engine Battle 20251031.pgn

No:  B/W 1/2     W:B       1:2           Time        Value Moves Dep 1:2       1-2-Draws
   7 W 1    1.5:0.5        5.5:1.5       10:25:13 AM      +M1    25 12.500 :3.208  5-1-1

--------------------------------------------------------------

Engine-Match Saturday, November 1, 2025 10:25:14 AM
 Blitz 3/2 

Pairing 9/36 :    V7P3R_v14.7  -  V7P3R_v12.6

PGN-File: C:\Program Files (x86)\Arena\Tournaments\Engine Battle 20251031.pgn

No:  B/W 1/2     W:B       1:2           Time        Value Moves Dep 1:2       1-2-Draws
   7 B 2    1.0:0.0        0.0:7.0       10:30:19 AM   -40.24    30 3.476 :4.158  0-7-0

--------------------------------------------------------------

Engine-Match Saturday, November 1, 2025 10:30:20 AM
 Blitz 3/2 

Pairing 10/36 :    V7P3R_v10.8  -  V7P3R_v14.0

PGN-File: C:\Program Files (x86)\Arena\Tournaments\Engine Battle 20251031.pgn

No:  B/W 1/2     W:B       1:2           Time        Value Moves Dep 1:2       1-2-Draws
   7 B 2    1.0:0.0        3.0:4.0       10:34:29 AM     0.00    25 3.875 :4.500  3-4-0

--------------------------------------------------------------

Engine-Match Saturday, November 1, 2025 10:34:30 AM
 Blitz 3/2 

Pairing 11/36 :    C0BR4_v2.9  -  Stockfish 1%

PGN-File: C:\Program Files (x86)\Arena\Tournaments\Engine Battle 20251031.pgn

No:  B/W 1/2     W:B       1:2           Time        Value Moves Dep 1:2       1-2-Draws
   7 B 2    2.0:1.0        2.0:5.0       10:34:50 AM      -M1    18 3.938 :12.455  1-4-2

--------------------------------------------------------------

Engine-Match Saturday, November 1, 2025 10:34:52 AM
 Blitz 3/2 

Pairing 12/36 :    SlowMate_v3.1  -  Random_Opponent

PGN-File: C:\Program Files (x86)\Arena\Tournaments\Engine Battle 20251031.pgn

No:  B/W 1/2     W:B       1:2           Time        Value Moves Dep 1:2       1-2-Draws
   7 W 1    1.5:0.5        6.5:0.5       10:37:25 AM  +171.12    30 3.567 :0 6-0-1

--------------------------------------------------------------

Engine-Match Saturday, November 1, 2025 10:37:26 AM
 Blitz 3/2 

Pairing 13/36 :    V7P3R_v14.2  -  V7P3R_v10.8

PGN-File: C:\Program Files (x86)\Arena\Tournaments\Engine Battle 20251031.pgn

No:  B/W 1/2     W:B       1:2           Time        Value Moves Dep 1:2       1-2-Draws
   7 W 1    2.0:1.0        6.0:1.0       10:45:51 AM     0.00    79 4.200 :3.455  5-0-2

--------------------------------------------------------------

Engine-Match Saturday, November 1, 2025 10:45:52 AM
 Blitz 3/2 

Pairing 14/36 :    Stockfish 1%  -  V7P3R_v14.7

PGN-File: C:\Program Files (x86)\Arena\Tournaments\Engine Battle 20251031.pgn

No:  B/W 1/2     W:B       1:2           Time        Value Moves Dep 1:2       1-2-Draws
   7 W 1    1.0:0.0        7.0:0.0       10:51:47 AM   +23.15    91 14.636 :4.024  7-0-0

--------------------------------------------------------------

Engine-Match Saturday, November 1, 2025 10:51:49 AM
 Blitz 3/2 

Pairing 15/36 :    V7P3R_v14.0  -  SlowMate_v3.1

PGN-File: C:\Program Files (x86)\Arena\Tournaments\Engine Battle 20251031.pgn

No:  B/W 1/2     W:B       1:2           Time        Value Moves Dep 1:2       1-2-Draws
   7 = =    2.0:2.0        5.0:2.0       10:57:54 AM    +4.40    30 4.000 :3.207  3-0-4

--------------------------------------------------------------

Engine-Match Saturday, November 1, 2025 10:57:56 AM
 Blitz 3/2 

Pairing 16/36 :    Random_Opponent  -  C0BR4_v2.9

PGN-File: C:\Program Files (x86)\Arena\Tournaments\Engine Battle 20251031.pgn

No:  B/W 1/2     W:B       1:2           Time        Value Moves Dep 1:2       1-2-Draws
   7 B 2    1.0:0.0        0.0:7.0       10:58:11 AM  -299.97    11 0:3.778  0-7-0

--------------------------------------------------------------

Engine-Match Saturday, November 1, 2025 10:58:13 AM
 Blitz 3/2 

Pairing 17/36 :    V7P3R_v12.6  -  Stockfish 1%

PGN-File: C:\Program Files (x86)\Arena\Tournaments\Engine Battle 20251031.pgn

No:  B/W 1/2     W:B       1:2           Time        Value Moves Dep 1:2       1-2-Draws
   7 B 2    1.0:0.0        1.0:6.0       11:02:11 AM      -M1    45 3.679 :13.000  1-6-0

--------------------------------------------------------------

Engine-Match Saturday, November 1, 2025 11:02:12 AM
 Blitz 3/2 

Pairing 18/36 :    SlowMate_v3.1  -  V7P3R_v14.2

PGN-File: C:\Program Files (x86)\Arena\Tournaments\Engine Battle 20251031.pgn

No:  B/W 1/2     W:B       1:2           Time        Value Moves Dep 1:2       1-2-Draws
   7 = =    1.5:1.5        2.5:4.5       11:11:00 AM    +1.72    64 3.348 :4.353  1-3-3

--------------------------------------------------------------

Engine-Match Saturday, November 1, 2025 11:11:02 AM
 Blitz 3/2 

Pairing 19/36 :    V7P3R_v14.7  -  Random_Opponent

PGN-File: C:\Program Files (x86)\Arena\Tournaments\Engine Battle 20251031.pgn

No:  B/W 1/2     W:B       1:2           Time        Value Moves Dep 1:2       1-2-Draws
   7 W 1    1.5:0.5        6.5:0.5       11:12:30 AM  +289.98    20 3.842 :0 6-0-1

--------------------------------------------------------------

Engine-Match Saturday, November 1, 2025 11:12:31 AM
 Blitz 3/2 

Pairing 20/36 :    C0BR4_v2.9  -  V7P3R_v14.0

PGN-File: C:\Program Files (x86)\Arena\Tournaments\Engine Battle 20251031.pgn

No:  B/W 1/2     W:B       1:2           Time        Value Moves Dep 1:2       1-2-Draws
   7 B 2    1.5:0.5        1.5:5.5       11:15:40 AM   -14.20    35 4.000 :4.353  1-5-1

--------------------------------------------------------------

Engine-Match Saturday, November 1, 2025 11:15:41 AM
 Blitz 3/2 

Pairing 21/36 :    V7P3R_v10.8  -  SlowMate_v3.1

PGN-File: C:\Program Files (x86)\Arena\Tournaments\Engine Battle 20251031.pgn

No:  B/W 1/2     W:B       1:2           Time        Value Moves Dep 1:2       1-2-Draws
   7 W 1    1.0:0.0        5.0:2.0       11:21:09 AM   +10.51    35 3.464 :3.323  5-2-0

--------------------------------------------------------------

Engine-Match Saturday, November 1, 2025 11:21:10 AM
 Blitz 3/2 

Pairing 22/36 :    Random_Opponent  -  V7P3R_v12.6

PGN-File: C:\Program Files (x86)\Arena\Tournaments\Engine Battle 20251031.pgn

No:  B/W 1/2     W:B       1:2           Time        Value Moves Dep 1:2       1-2-Draws
   7 B 2    1.0:0.0        0.0:7.0       11:23:33 AM     0.00    22 0:4.353  0-7-0

--------------------------------------------------------------

Engine-Match Saturday, November 1, 2025 11:23:41 AM
 Blitz 3/2 

Pairing 23/36 :    V7P3R_v14.2  -  C0BR4_v2.9

PGN-File: C:\Program Files (x86)\Arena\Tournaments\Engine Battle 20251031.pgn

No:  B/W 1/2     W:B       1:2           Time        Value Moves Dep 1:2       1-2-Draws
   7 = =    1.0:1.0        3.0:4.0       11:25:43 AM    -0.13    15 4.273 :4.000  2-3-2

--------------------------------------------------------------

Engine-Match Saturday, November 1, 2025 11:25:44 AM
 Blitz 3/2 

Pairing 24/36 :    V7P3R_v14.0  -  V7P3R_v14.7

PGN-File: C:\Program Files (x86)\Arena\Tournaments\Engine Battle 20251031.pgn

No:  B/W 1/2     W:B       1:2           Time        Value Moves Dep 1:2       1-2-Draws
   7 W 1    1.0:0.0        7.0:0.0       11:30:08 AM   +41.43    25 4.684 :4.125  7-0-0

--------------------------------------------------------------

Engine-Match Saturday, November 1, 2025 11:30:10 AM
 Blitz 3/2 

Pairing 25/36 :    Stockfish 1%  -  Random_Opponent

PGN-File: C:\Program Files (x86)\Arena\Tournaments\Engine Battle 20251031.pgn

No:  B/W 1/2     W:B       1:2           Time        Value Moves Dep 1:2       1-2-Draws
   7 W 1    1.0:0.0        7.0:0.0       11:30:49 AM      +M1    69 14.700 :0 7-0-0

--------------------------------------------------------------

Engine-Match Saturday, November 1, 2025 11:30:50 AM
 Blitz 3/2 

Pairing 26/36 :    C0BR4_v2.9  -  V7P3R_v10.8

PGN-File: C:\Program Files (x86)\Arena\Tournaments\Engine Battle 20251031.pgn

No:  B/W 1/2     W:B       1:2           Time        Value Moves Dep 1:2       1-2-Draws
   7 B 2    2.0:1.0        3.0:4.0       11:33:35 AM     0.00    32 4.000 :3.360  2-3-2

--------------------------------------------------------------

Engine-Match Saturday, November 1, 2025 11:33:36 AM
 Blitz 3/2 

Pairing 27/36 :    V7P3R_v12.6  -  V7P3R_v14.0

PGN-File: C:\Program Files (x86)\Arena\Tournaments\Engine Battle 20251031.pgn

No:  B/W 1/2     W:B       1:2           Time        Value Moves Dep 1:2       1-2-Draws
   7 B 2    2.5:1.5        1.5:5.5       11:39:20 AM     0.00    45 4.222 :4.688  0-4-3

--------------------------------------------------------------

Engine-Match Saturday, November 1, 2025 11:39:21 AM
 Blitz 3/2 

Pairing 28/36 :    V7P3R_v14.7  -  V7P3R_v14.2

PGN-File: C:\Program Files (x86)\Arena\Tournaments\Engine Battle 20251031.pgn

No:  B/W 1/2     W:B       1:2           Time        Value Moves Dep 1:2       1-2-Draws
   7 B 2    1.5:0.5        0.5:6.5       11:42:25 AM     0.00    22 3.900 :4.600  0-6-1

--------------------------------------------------------------

Engine-Match Saturday, November 1, 2025 11:42:26 AM
 Blitz 3/2 

Pairing 29/36 :    SlowMate_v3.1  -  C0BR4_v2.9

PGN-File: C:\Program Files (x86)\Arena\Tournaments\Engine Battle 20251031.pgn

No:  B/W 1/2     W:B       1:2           Time        Value Moves Dep 1:2       1-2-Draws
   7 B 2    3.5:2.5        3.5:3.5       11:44:54 AM  -299.97    24 3.167 :3.909  1-1-5

--------------------------------------------------------------

Engine-Match Saturday, November 1, 2025 11:44:55 AM
 Blitz 3/2 

Pairing 30/36 :    V7P3R_v14.0  -  Stockfish 1%

PGN-File: C:\Program Files (x86)\Arena\Tournaments\Engine Battle 20251031.pgn

No:  B/W 1/2     W:B       1:2           Time        Value Moves Dep 1:2       1-2-Draws
   7 B 2    1.0:0.0        0.0:7.0       11:48:31 AM      -M1    36 4.069 :12.583  0-7-0

--------------------------------------------------------------

Engine-Match Saturday, November 1, 2025 11:48:33 AM
 Blitz 3/2 

Pairing 31/36 :    V7P3R_v10.8  -  V7P3R_v14.7

PGN-File: C:\Program Files (x86)\Arena\Tournaments\Engine Battle 20251031.pgn

No:  B/W 1/2     W:B       1:2           Time        Value Moves Dep 1:2       1-2-Draws
   7 = =    1.0:1.0        6.0:1.0       11:50:45 AM     0.00    15 4.091 :3.900  5-0-2

--------------------------------------------------------------

Engine-Match Saturday, November 1, 2025 11:50:46 AM
 Blitz 3/2 

Pairing 32/36 :    V7P3R_v14.2  -  V7P3R_v12.6

PGN-File: C:\Program Files (x86)\Arena\Tournaments\Engine Battle 20251031.pgn

No:  B/W 1/2     W:B       1:2           Time        Value Moves Dep 1:2       1-2-Draws
   7 B 2    1.5:0.5        3.5:3.5       11:58:55 AM     0.00    58 4.154 :3.774  3-3-1

--------------------------------------------------------------

Engine-Match Saturday, November 1, 2025 11:58:57 AM
 Blitz 3/2 

Pairing 33/36 :    Random_Opponent  -  V7P3R_v14.0

PGN-File: C:\Program Files (x86)\Arena\Tournaments\Engine Battle 20251031.pgn

No:  B/W 1/2     W:B       1:2           Time        Value Moves Dep 1:2       1-2-Draws
   7 B 2    1.0:0.0        0.0:7.0       11:59:47 AM  -289.98     8 0:4.429  0-7-0

--------------------------------------------------------------

Engine-Match Saturday, November 1, 2025 11:59:48 AM
 Blitz 3/2 

Pairing 34/36 :    V7P3R_v14.7  -  SlowMate_v3.1

PGN-File: C:\Program Files (x86)\Arena\Tournaments\Engine Battle 20251031.pgn

No:  B/W 1/2     W:B       1:2           Time        Value Moves Dep 1:2       1-2-Draws
   7 B 2    1.5:0.5        0.5:6.5       12:02:58 PM  -289.95    21 4.400 :3.600  0-6-1

--------------------------------------------------------------

Engine-Match Saturday, November 1, 2025 12:02:59 PM
 Blitz 3/2 

Pairing 35/36 :    Stockfish 1%  -  V7P3R_v14.2

PGN-File: C:\Program Files (x86)\Arena\Tournaments\Engine Battle 20251031.pgn

No:  B/W 1/2     W:B       1:2           Time        Value Moves Dep 1:2       1-2-Draws
   7 W 1    1.0:0.0        7.0:0.0       12:06:13 PM      +M1    38 12.000 :4.500  7-0-0

--------------------------------------------------------------

Engine-Match Saturday, November 1, 2025 12:06:14 PM
 Blitz 3/2 

Pairing 36/36 :    V7P3R_v12.6  -  V7P3R_v10.8

PGN-File: C:\Program Files (x86)\Arena\Tournaments\Engine Battle 20251031.pgn

No:  B/W 1/2     W:B       1:2           Time        Value Moves Dep 1:2       1-2-Draws
   7 B 2    2.0:1.0        3.0:4.0       12:11:52 PM  -289.98    42 4.211 :3.778  2-3-2

--------------------------------------------------------------

Engine-Match Saturday, November 1, 2025 12:11:53 PM
 Blitz 3/2 

Pairing 1/36 :    C0BR4_v2.9  -  V7P3R_v14.7

PGN-File: C:\Program Files (x86)\Arena\Tournaments\Engine Battle 20251031.pgn

No:  B/W 1/2     W:B       1:2           Time        Value Moves Dep 1:2       1-2-Draws
   8 B 1    1.0:0.0        8.0:0.0       12:13:32 PM  -299.97    23 3.909 :4.095  8-0-0

--------------------------------------------------------------

Engine-Match Saturday, November 1, 2025 12:13:34 PM
 Blitz 3/2 

Pairing 2/36 :    V7P3R_v14.2  -  Random_Opponent

PGN-File: C:\Program Files (x86)\Arena\Tournaments\Engine Battle 20251031.pgn

No:  B/W 1/2     W:B       1:2           Time        Value Moves Dep 1:2       1-2-Draws
   8 B 1    1.5:0.5        7.5:0.5       12:16:21 PM     0.00    27 4.773 :0 7-0-1

--------------------------------------------------------------

Engine-Match Saturday, November 1, 2025 12:16:22 PM
 Blitz 3/2 

Pairing 3/36 :    SlowMate_v3.1  -  V7P3R_v12.6

PGN-File: C:\Program Files (x86)\Arena\Tournaments\Engine Battle 20251031.pgn

No:  B/W 1/2     W:B       1:2           Time        Value Moves Dep 1:2       1-2-Draws
   8 = =    2.0:2.0        3.0:5.0       12:23:31 PM    -3.17    46 3.800 :4.000  1-3-4

--------------------------------------------------------------

Engine-Match Saturday, November 1, 2025 12:23:32 PM
 Blitz 3/2 

Pairing 4/36 :    V7P3R_v10.8  -  Stockfish 1%

PGN-File: C:\Program Files (x86)\Arena\Tournaments\Engine Battle 20251031.pgn

No:  B/W 1/2     W:B       1:2           Time        Value Moves Dep 1:2       1-2-Draws
   8 W 2    1.0:0.0        0.0:8.0       12:25:43 PM      +M1    26 3.842 :14.200  0-8-0

--------------------------------------------------------------

Engine-Match Saturday, November 1, 2025 12:25:44 PM
 Blitz 3/2 

Pairing 5/36 :    V7P3R_v14.0  -  V7P3R_v14.2

PGN-File: C:\Program Files (x86)\Arena\Tournaments\Engine Battle 20251031.pgn

No:  B/W 1/2     W:B       1:2           Time        Value Moves Dep 1:2       1-2-Draws
   8 W 2    2.5:1.5        3.5:4.5       12:32:34 PM     0.00    46 4.074 :4.444  2-3-3

--------------------------------------------------------------

Engine-Match Saturday, November 1, 2025 12:32:35 PM
 Blitz 3/2 

Pairing 6/36 :    V7P3R_v12.6  -  C0BR4_v2.9

PGN-File: C:\Program Files (x86)\Arena\Tournaments\Engine Battle 20251031.pgn

No:  B/W 1/2     W:B       1:2           Time        Value Moves Dep 1:2       1-2-Draws
   8 = =    2.0:2.0        5.0:3.0       12:35:13 PM    +5.61    25 4.063 :4.000  3-1-4

--------------------------------------------------------------

Engine-Match Saturday, November 1, 2025 12:35:20 PM
 Blitz 3/2 

Pairing 7/36 :    Random_Opponent  -  V7P3R_v10.8

PGN-File: C:\Program Files (x86)\Arena\Tournaments\Engine Battle 20251031.pgn

No:  B/W 1/2     W:B       1:2           Time        Value Moves Dep 1:2       1-2-Draws
   8 W 2    1.0:0.0        0.0:8.0       12:36:35 PM     0.00    18 0:3.769  0-8-0

--------------------------------------------------------------

Engine-Match Saturday, November 1, 2025 12:36:37 PM
 Blitz 3/2 

Pairing 8/36 :    Stockfish 1%  -  SlowMate_v3.1

PGN-File: C:\Program Files (x86)\Arena\Tournaments\Engine Battle 20251031.pgn

No:  B/W 1/2     W:B       1:2           Time        Value Moves Dep 1:2       1-2-Draws
   8 B 1    1.5:0.5        6.5:1.5       12:39:32 PM      -M1    35 11.923 :3.314  6-1-1

--------------------------------------------------------------

Engine-Match Saturday, November 1, 2025 12:39:34 PM
 Blitz 3/2 

Pairing 9/36 :    V7P3R_v14.7  -  V7P3R_v12.6

PGN-File: C:\Program Files (x86)\Arena\Tournaments\Engine Battle 20251031.pgn

No:  B/W 1/2     W:B       1:2           Time        Value Moves Dep 1:2       1-2-Draws
   8 * *     0.0:0.0        0.0:7.0       12:40:22 PM    +4.08     6 3.000 :4.000  0-7-0
