Engine-Match Sunday, October 26, 2025 10:14:16 AM
 Blitz 10/5 

Pairing 1/15 :    V7P3R_v12.6  -  C0BR4_v2.9

PGN-File: C:\Program Files (x86)\Arena\Tournaments\Engine Regression Battle 20251026_2.pgn

No:  B/W 1/2     W:B       1:2           Time        Value Moves Dep 1:2       1-2-Draws
   1 = =    0.5:0.5        0.5:0.5       10:26:52 AM    -5.98    57 4.846 :4.000  0-0-1

--------------------------------------------------------------

Engine-Match Sunday, October 26, 2025 10:26:54 AM
 Blitz 10/5 

Pairing 2/15 :    Random_Opponent  -  V7P3R_v14.0

PGN-File: C:\Program Files (x86)\Arena\Tournaments\Engine Regression Battle 20251026_2.pgn

No:  B/W 1/2     W:B       1:2           Time        Value Moves Dep 1:2       1-2-Draws
   1 B 2    1.0:0.0        0.0:1.0       10:31:33 AM     0.00    21 0:5.400  0-1-0

--------------------------------------------------------------

Engine-Match Sunday, October 26, 2025 10:31:35 AM
 Blitz 10/5 

Pairing 3/15 :    SlowMate_v3.1  -  Stockfish 1%

PGN-File: C:\Program Files (x86)\Arena\Tournaments\Engine Regression Battle 20251026_2.pgn

No:  B/W 1/2     W:B       1:2           Time        Value Moves Dep 1:2       1-2-Draws
   1 B 2    1.0:0.0        0.0:1.0       10:38:25 AM      -M1    27 3.889 :17.409  0-1-0

--------------------------------------------------------------

Engine-Match Sunday, October 26, 2025 10:38:26 AM
 Blitz 10/5 

Pairing 4/15 :    Random_Opponent  -  V7P3R_v12.6

PGN-File: C:\Program Files (x86)\Arena\Tournaments\Engine Regression Battle 20251026_2.pgn

No:  B/W 1/2     W:B       1:2           Time        Value Moves Dep 1:2       1-2-Draws
   1 B 2    1.0:0.0        0.0:1.0       10:42:04 AM  -289.98     8 0:4.714  0-1-0

--------------------------------------------------------------

Engine-Match Sunday, October 26, 2025 10:42:06 AM
 Blitz 10/5 

Pairing 5/15 :    Stockfish 1%  -  C0BR4_v2.9

PGN-File: C:\Program Files (x86)\Arena\Tournaments\Engine Regression Battle 20251026_2.pgn

No:  B/W 1/2     W:B       1:2           Time        Value Moves Dep 1:2       1-2-Draws
   1 W 1    1.0:0.0        1.0:0.0       10:42:23 AM   +17.34    17 22.765 :4.000  1-0-0

--------------------------------------------------------------

Engine-Match Sunday, October 26, 2025 10:42:25 AM
 Blitz 10/5 

Pairing 6/15 :    V7P3R_v14.0  -  SlowMate_v3.1

PGN-File: C:\Program Files (x86)\Arena\Tournaments\Engine Regression Battle 20251026_2.pgn

No:  B/W 1/2     W:B       1:2           Time        Value Moves Dep 1:2       1-2-Draws
   1 W 1    1.0:0.0        1.0:0.0       11:06:29 AM     0.00    62 4.667 :3.882  1-0-0

--------------------------------------------------------------

Engine-Match Sunday, October 26, 2025 11:06:31 AM
 Blitz 10/5 

Pairing 7/15 :    V7P3R_v12.6  -  Stockfish 1%

PGN-File: C:\Program Files (x86)\Arena\Tournaments\Engine Regression Battle 20251026_2.pgn

No:  B/W 1/2     W:B       1:2           Time        Value Moves Dep 1:2       1-2-Draws
   1 B 2    1.0:0.0        0.0:1.0       11:11:57 AM      -M1    23 5.308 :22.619  0-1-0

--------------------------------------------------------------

Engine-Match Sunday, October 26, 2025 11:11:58 AM
 Blitz 10/5 

Pairing 8/15 :    SlowMate_v3.1  -  Random_Opponent

PGN-File: C:\Program Files (x86)\Arena\Tournaments\Engine Regression Battle 20251026_2.pgn

No:  B/W 1/2     W:B       1:2           Time        Value Moves Dep 1:2       1-2-Draws
   1 = =    0.5:0.5        0.5:0.5       11:19:37 AM     0.00    32 3.750 :0 0-0-1

--------------------------------------------------------------

Engine-Match Sunday, October 26, 2025 11:19:39 AM
 Blitz 10/5 

Pairing 9/15 :    C0BR4_v2.9  -  V7P3R_v14.0

PGN-File: C:\Program Files (x86)\Arena\Tournaments\Engine Regression Battle 20251026_2.pgn

No:  B/W 1/2     W:B       1:2           Time        Value Moves Dep 1:2       1-2-Draws
   1 B 2    1.0:0.0        0.0:1.0       11:26:31 AM   -21.48    29 4.000 :4.933  0-1-0

--------------------------------------------------------------

Engine-Match Sunday, October 26, 2025 11:26:32 AM
 Blitz 10/5 

Pairing 10/15 :    SlowMate_v3.1  -  V7P3R_v12.6

PGN-File: C:\Program Files (x86)\Arena\Tournaments\Engine Regression Battle 20251026_2.pgn

No:  B/W 1/2     W:B       1:2           Time        Value Moves Dep 1:2       1-2-Draws
   1 W 1    1.0:0.0        1.0:0.0       11:52:10 AM    +9.19    69 3.958 :4.364  1-0-0

--------------------------------------------------------------

Engine-Match Sunday, October 26, 2025 11:52:11 AM
 Blitz 10/5 

Pairing 11/15 :    V7P3R_v14.0  -  Stockfish 1%

PGN-File: C:\Program Files (x86)\Arena\Tournaments\Engine Regression Battle 20251026_2.pgn

No:  B/W 1/2     W:B       1:2           Time        Value Moves Dep 1:2       1-2-Draws
   1 B 2    1.0:0.0        0.0:1.0       11:58:56 AM      -M1    26 4.947 :19.800  0-1-0

--------------------------------------------------------------

Engine-Match Sunday, October 26, 2025 11:58:57 AM
 Blitz 10/5 

Pairing 12/15 :    Random_Opponent  -  C0BR4_v2.9

PGN-File: C:\Program Files (x86)\Arena\Tournaments\Engine Regression Battle 20251026_2.pgn

No:  B/W 1/2     W:B       1:2           Time        Value Moves Dep 1:2       1-2-Draws
   1 B 2    1.0:0.0        0.0:1.0       11:59:21 AM  -299.97    32 0:4.000  0-1-0

--------------------------------------------------------------

Engine-Match Sunday, October 26, 2025 11:59:23 AM
 Blitz 10/5 

Pairing 13/15 :    V7P3R_v12.6  -  V7P3R_v14.0

PGN-File: C:\Program Files (x86)\Arena\Tournaments\Engine Regression Battle 20251026_2.pgn

No:  B/W 1/2     W:B       1:2           Time        Value Moves Dep 1:2       1-2-Draws
   1 = =    0.5:0.5        0.5:0.5       12:12:21 PM    -5.45    41 4.563 :5.143  0-0-1

--------------------------------------------------------------

Engine-Match Sunday, October 26, 2025 12:12:23 PM
 Blitz 10/5 

Pairing 14/15 :    C0BR4_v2.9  -  SlowMate_v3.1

PGN-File: C:\Program Files (x86)\Arena\Tournaments\Engine Regression Battle 20251026_2.pgn

No:  B/W 1/2     W:B       1:2           Time        Value Moves Dep 1:2       1-2-Draws
   1 W 1    1.0:0.0        1.0:0.0       12:16:37 PM  +299.97    16 3.867 :3.800  1-0-0

--------------------------------------------------------------

Engine-Match Sunday, October 26, 2025 12:16:39 PM
 Blitz 10/5 

Pairing 15/15 :    Stockfish 1%  -  Random_Opponent

PGN-File: C:\Program Files (x86)\Arena\Tournaments\Engine Regression Battle 20251026_2.pgn

No:  B/W 1/2     W:B       1:2           Time        Value Moves Dep 1:2       1-2-Draws
   1 W 1    1.0:0.0        1.0:0.0       12:16:52 PM      +M1    14 26.286 :0 1-0-0

--------------------------------------------------------------

Engine-Match Sunday, October 26, 2025 12:16:53 PM
 Blitz 10/5 

Pairing 1/15 :    V7P3R_v12.6  -  C0BR4_v2.9

PGN-File: C:\Program Files (x86)\Arena\Tournaments\Engine Regression Battle 20251026_2.pgn

No:  B/W 1/2     W:B       1:2           Time        Value Moves Dep 1:2       1-2-Draws
   2 B 1    1.5:0.5        1.5:0.5       12:26:14 PM   -14.68    46 4.706 :4.000  1-0-1

--------------------------------------------------------------

Engine-Match Sunday, October 26, 2025 12:26:16 PM
 Blitz 10/5 

Pairing 2/15 :    Random_Opponent  -  V7P3R_v14.0

PGN-File: C:\Program Files (x86)\Arena\Tournaments\Engine Regression Battle 20251026_2.pgn

No:  B/W 1/2     W:B       1:2           Time        Value Moves Dep 1:2       1-2-Draws
   2 W 2    1.0:0.0        0.0:2.0       12:31:01 PM  +289.98    20 0:5.000  0-2-0

--------------------------------------------------------------

Engine-Match Sunday, October 26, 2025 12:31:02 PM
 Blitz 10/5 

Pairing 3/15 :    SlowMate_v3.1  -  Stockfish 1%

PGN-File: C:\Program Files (x86)\Arena\Tournaments\Engine Regression Battle 20251026_2.pgn

No:  B/W 1/2     W:B       1:2           Time        Value Moves Dep 1:2       1-2-Draws
   2 W 2    1.0:0.0        0.0:2.0       12:37:32 PM      +M1    26 4.200 :17.040  0-2-0

--------------------------------------------------------------

Engine-Match Sunday, October 26, 2025 12:37:33 PM
 Blitz 10/5 

Pairing 4/15 :    Random_Opponent  -  V7P3R_v12.6

PGN-File: C:\Program Files (x86)\Arena\Tournaments\Engine Regression Battle 20251026_2.pgn

No:  B/W 1/2     W:B       1:2           Time        Value Moves Dep 1:2       1-2-Draws
   2 * *     0.0:0.0        0.0:1.0       12:37:43 PM     0.00     0 0:0 0-1-0

--------------------------------------------------------------

Engine-Match Sunday, October 26, 2025 12:38:23 PM
 Blitz 10/5 

Pairing 4/21 :    V7P3R_v14.2  -  Random_Opponent

PGN-File: C:\Program Files (x86)\Arena\Tournaments\Engine Regression Battle 20251026_2.pgn

No:  B/W 1/2     W:B       1:2           Time        Value Moves Dep 1:2       1-2-Draws
   1 W 1    1.0:0.0        1.0:0.0       12:43:55 PM  +289.99    21 5.375 :0 1-0-0

--------------------------------------------------------------

Engine-Match Sunday, October 26, 2025 12:43:56 PM
 Blitz 10/5 

Pairing 8/21 :    SlowMate_v3.1  -  V7P3R_v14.2

PGN-File: C:\Program Files (x86)\Arena\Tournaments\Engine Regression Battle 20251026_2.pgn

No:  B/W 1/2     W:B       1:2           Time        Value Moves Dep 1:2       1-2-Draws
   1 = =    0.5:0.5        0.5:0.5       1:04:51 PM    +2.67    49 4.222 :4.842  0-0-1

--------------------------------------------------------------

Engine-Match Sunday, October 26, 2025 1:04:52 PM
 Blitz 10/5 

Pairing 12/21 :    V7P3R_v14.2  -  V7P3R_v12.6

PGN-File: C:\Program Files (x86)\Arena\Tournaments\Engine Regression Battle 20251026_2.pgn

No:  B/W 1/2     W:B       1:2           Time        Value Moves Dep 1:2       1-2-Draws
   1 W 1    1.0:0.0        1.0:0.0       1:27:54 PM  +290.00    68 5.118 :4.619  1-0-0

--------------------------------------------------------------

Engine-Match Sunday, October 26, 2025 1:27:55 PM
 Blitz 10/5 

Pairing 15/21 :    C0BR4_v2.9  -  V7P3R_v14.2

PGN-File: C:\Program Files (x86)\Arena\Tournaments\Engine Regression Battle 20251026_2.pgn

No:  B/W 1/2     W:B       1:2           Time        Value Moves Dep 1:2       1-2-Draws
   1 = =    0.5:0.5        0.5:0.5       1:38:13 PM    +2.73    41 4.000 :5.154  0-0-1

--------------------------------------------------------------

Engine-Match Sunday, October 26, 2025 1:38:14 PM
 Blitz 10/5 

Pairing 17/21 :    V7P3R_v14.2  -  Stockfish 1%

PGN-File: C:\Program Files (x86)\Arena\Tournaments\Engine Regression Battle 20251026_2.pgn

No:  B/W 1/2     W:B       1:2           Time        Value Moves Dep 1:2       1-2-Draws
   1 B 2    1.0:0.0        0.0:1.0       1:47:05 PM   -37.41    30 5.238 :17.000  0-1-0

--------------------------------------------------------------

Engine-Match Sunday, October 26, 2025 1:47:07 PM
 Blitz 10/5 

Pairing 19/21 :    V7P3R_v14.0  -  V7P3R_v14.2

PGN-File: C:\Program Files (x86)\Arena\Tournaments\Engine Regression Battle 20251026_2.pgn

No:  B/W 1/2     W:B       1:2           Time        Value Moves Dep 1:2       1-2-Draws
   1 B 2    1.0:0.0        0.0:1.0       2:11:09 PM     0.00    67 4.577 :4.783  0-1-0

--------------------------------------------------------------

Engine-Match Sunday, October 26, 2025 2:11:10 PM
 Blitz 10/5 

Pairing 4/21 :    V7P3R_v14.2  -  Random_Opponent

PGN-File: C:\Program Files (x86)\Arena\Tournaments\Engine Regression Battle 20251026_2.pgn

No:  B/W 1/2     W:B       1:2           Time        Value Moves Dep 1:2       1-2-Draws
   2 B 1    1.0:0.0        2.0:0.0       2:16:20 PM  -289.98    22 5.412 :0 2-0-0

--------------------------------------------------------------

Engine-Match Sunday, October 26, 2025 2:16:21 PM
 Blitz 10/5 

Pairing 5/21 :    Stockfish 1%  -  V7P3R_v12.6

PGN-File: C:\Program Files (x86)\Arena\Tournaments\Engine Regression Battle 20251026_2.pgn

No:  B/W 1/2     W:B       1:2           Time        Value Moves Dep 1:2       1-2-Draws
   2 B 1    1.0:0.0        2.0:0.0       2:21:45 PM      -M1    18 20.556 :4.917  2-0-0

--------------------------------------------------------------

Engine-Match Sunday, October 26, 2025 2:21:46 PM
 Blitz 10/5 

Pairing 6/21 :    V7P3R_v14.0  -  SlowMate_v3.1

PGN-File: C:\Program Files (x86)\Arena\Tournaments\Engine Regression Battle 20251026_2.pgn

No:  B/W 1/2     W:B       1:2           Time        Value Moves Dep 1:2       1-2-Draws
   2 = =    0.5:0.5        1.5:0.5       2:41:06 PM    -7.46    40 4.966 :4.225  1-0-1

--------------------------------------------------------------

Engine-Match Sunday, October 26, 2025 2:41:07 PM
 Blitz 10/5 

Pairing 7/21 :    C0BR4_v2.9  -  Stockfish 1%

PGN-File: C:\Program Files (x86)\Arena\Tournaments\Engine Regression Battle 20251026_2.pgn

No:  B/W 1/2     W:B       1:2           Time        Value Moves Dep 1:2       1-2-Draws
   2 W 2    1.0:0.0        0.0:2.0       2:42:28 PM      +M1    44 3.976 :17.211  0-2-0

--------------------------------------------------------------

Engine-Match Sunday, October 26, 2025 2:42:29 PM
 Blitz 10/5 

Pairing 8/21 :    SlowMate_v3.1  -  V7P3R_v14.2

PGN-File: C:\Program Files (x86)\Arena\Tournaments\Engine Regression Battle 20251026_2.pgn

No:  B/W 1/2     W:B       1:2           Time        Value Moves Dep 1:2       1-2-Draws
   2 W 2    1.5:0.5        0.5:1.5       2:53:54 PM  +290.00    23 3.955 :5.000  0-1-1

--------------------------------------------------------------

Engine-Match Sunday, October 26, 2025 2:53:55 PM
 Blitz 10/5 

Pairing 9/21 :    V7P3R_v12.6  -  V7P3R_v14.0

PGN-File: C:\Program Files (x86)\Arena\Tournaments\Engine Regression Battle 20251026_2.pgn

No:  B/W 1/2     W:B       1:2           Time        Value Moves Dep 1:2       1-2-Draws
   2 = =    1.0:1.0        1.0:1.0       3:14:20 PM     0.00    49 4.240 :4.760  0-0-2

--------------------------------------------------------------

Engine-Match Sunday, October 26, 2025 3:14:21 PM
 Blitz 10/5 

Pairing 10/21 :    Random_Opponent  -  SlowMate_v3.1

PGN-File: C:\Program Files (x86)\Arena\Tournaments\Engine Regression Battle 20251026_2.pgn

No:  B/W 1/2     W:B       1:2           Time        Value Moves Dep 1:2       1-2-Draws
   2 W 2    1.5:0.5        0.5:1.5       3:15:58 PM  +129.69     5 0:5.000  0-1-1

--------------------------------------------------------------

Engine-Match Sunday, October 26, 2025 3:15:59 PM
 Blitz 10/5 

Pairing 11/21 :    V7P3R_v14.0  -  C0BR4_v2.9

PGN-File: C:\Program Files (x86)\Arena\Tournaments\Engine Regression Battle 20251026_2.pgn

No:  B/W 1/2     W:B       1:2           Time        Value Moves Dep 1:2       1-2-Draws
   2 B 1    1.0:0.0        2.0:0.0       3:29:23 PM     0.00    60 4.640 :4.000  2-0-0

--------------------------------------------------------------

Engine-Match Sunday, October 26, 2025 3:29:25 PM
 Blitz 10/5 

Pairing 12/21 :    V7P3R_v14.2  -  V7P3R_v12.6

PGN-File: C:\Program Files (x86)\Arena\Tournaments\Engine Regression Battle 20251026_2.pgn

No:  B/W 1/2     W:B       1:2           Time        Value Moves Dep 1:2       1-2-Draws
   2 W 2    1.0:0.0        1.0:1.0       3:45:51 PM  +289.99    38 4.905 :4.542  1-1-0

--------------------------------------------------------------

Engine-Match Sunday, October 26, 2025 3:45:53 PM
 Blitz 10/5 

Pairing 13/21 :    Stockfish 1%  -  V7P3R_v14.0

PGN-File: C:\Program Files (x86)\Arena\Tournaments\Engine Regression Battle 20251026_2.pgn

No:  B/W 1/2     W:B       1:2           Time        Value Moves Dep 1:2       1-2-Draws
   2 B 1    1.0:0.0        2.0:0.0       3:52:07 PM      -M1    22 19.095 :4.875  2-0-0

--------------------------------------------------------------

Engine-Match Sunday, October 26, 2025 3:52:08 PM
 Blitz 10/5 

Pairing 14/21 :    V7P3R_v12.6  -  Random_Opponent

PGN-File: C:\Program Files (x86)\Arena\Tournaments\Engine Regression Battle 20251026_2.pgn

No:  B/W 1/2     W:B       1:2           Time        Value Moves Dep 1:2       1-2-Draws
   2 B 1    1.0:0.0        2.0:0.0       3:55:55 PM     0.00    13 4.727 :0 2-0-0

--------------------------------------------------------------

Engine-Match Sunday, October 26, 2025 3:55:56 PM
 Blitz 10/5 

Pairing 15/21 :    C0BR4_v2.9  -  V7P3R_v14.2

PGN-File: C:\Program Files (x86)\Arena\Tournaments\Engine Regression Battle 20251026_2.pgn

No:  B/W 1/2     W:B       1:2           Time        Value Moves Dep 1:2       1-2-Draws
   2 B 1    1.5:0.5        1.5:0.5       4:03:19 PM  -299.97    30 4.000 :4.950  1-0-1

--------------------------------------------------------------

Engine-Match Sunday, October 26, 2025 4:03:21 PM
 Blitz 10/5 

Pairing 16/21 :    SlowMate_v3.1  -  V7P3R_v12.6

PGN-File: C:\Program Files (x86)\Arena\Tournaments\Engine Regression Battle 20251026_2.pgn

No:  B/W 1/2     W:B       1:2           Time        Value Moves Dep 1:2       1-2-Draws
   2 W 2    1.0:0.0        1.0:1.0       4:16:17 PM  +289.99    24 4.130 :4.737  1-1-0

--------------------------------------------------------------

Engine-Match Sunday, October 26, 2025 4:16:19 PM
 Blitz 10/5 

Pairing 17/21 :    V7P3R_v14.2  -  Stockfish 1%

PGN-File: C:\Program Files (x86)\Arena\Tournaments\Engine Regression Battle 20251026_2.pgn

No:  B/W 1/2     W:B       1:2           Time        Value Moves Dep 1:2       1-2-Draws
   2 W 2    1.0:0.0        0.0:2.0       4:27:50 PM   +13.84    44 5.200 :15.833  0-2-0

--------------------------------------------------------------

Engine-Match Sunday, October 26, 2025 4:28:00 PM
 Blitz 10/5 

Pairing 18/21 :    Random_Opponent  -  C0BR4_v2.9

PGN-File: C:\Program Files (x86)\Arena\Tournaments\Engine Regression Battle 20251026_2.pgn

No:  B/W 1/2     W:B       1:2           Time        Value Moves Dep 1:2       1-2-Draws
   2 W 2    1.0:0.0        0.0:2.0       4:28:20 PM  +299.97    24 0:4.000  0-2-0

--------------------------------------------------------------

Engine-Match Sunday, October 26, 2025 4:28:21 PM
 Blitz 10/5 

Pairing 19/21 :    V7P3R_v14.0  -  V7P3R_v14.2

PGN-File: C:\Program Files (x86)\Arena\Tournaments\Engine Regression Battle 20251026_2.pgn

No:  B/W 1/2     W:B       1:2           Time        Value Moves Dep 1:2       1-2-Draws
   2 = =    0.5:0.5        0.5:1.5       4:51:13 PM    -3.45    66 5.192 :5.130  0-1-1

--------------------------------------------------------------

Engine-Match Sunday, October 26, 2025 4:51:14 PM
 Blitz 10/5 

Pairing 20/21 :    C0BR4_v2.9  -  SlowMate_v3.1

PGN-File: C:\Program Files (x86)\Arena\Tournaments\Engine Regression Battle 20251026_2.pgn

No:  B/W 1/2     W:B       1:2           Time        Value Moves Dep 1:2       1-2-Draws
   2 B 1    1.0:0.0        2.0:0.0       4:59:01 PM  -299.97    30 4.000 :4.467  2-0-0

--------------------------------------------------------------

Engine-Match Sunday, October 26, 2025 4:59:02 PM
 Blitz 10/5 

Pairing 21/21 :    Stockfish 1%  -  Random_Opponent

PGN-File: C:\Program Files (x86)\Arena\Tournaments\Engine Regression Battle 20251026_2.pgn

No:  B/W 1/2     W:B       1:2           Time        Value Moves Dep 1:2       1-2-Draws
   2 B 1    1.0:0.0        2.0:0.0       4:59:17 PM      -M1    15 22.600 :0 2-0-0

--------------------------------------------------------------

Engine-Match Sunday, October 26, 2025 4:59:18 PM
 Blitz 10/5 

Pairing 1/21 :    V7P3R_v12.6  -  C0BR4_v2.9

PGN-File: C:\Program Files (x86)\Arena\Tournaments\Engine Regression Battle 20251026_2.pgn

No:  B/W 1/2     W:B       1:2           Time        Value Moves Dep 1:2       1-2-Draws
   3 B 2    1.5:0.5        1.5:1.5       5:09:29 PM   -15.66    55 4.692 :4.000  1-1-1

--------------------------------------------------------------

Engine-Match Sunday, October 26, 2025 5:09:30 PM
 Blitz 10/5 

Pairing 2/21 :    Random_Opponent  -  V7P3R_v14.0

PGN-File: C:\Program Files (x86)\Arena\Tournaments\Engine Regression Battle 20251026_2.pgn

No:  B/W 1/2     W:B       1:2           Time        Value Moves Dep 1:2       1-2-Draws
   3 B 2    1.0:0.0        0.0:3.0       5:13:30 PM     0.00    17 0:4.917  0-3-0

--------------------------------------------------------------

Engine-Match Sunday, October 26, 2025 5:13:32 PM
 Blitz 10/5 

Pairing 3/21 :    SlowMate_v3.1  -  Stockfish 1%

PGN-File: C:\Program Files (x86)\Arena\Tournaments\Engine Regression Battle 20251026_2.pgn

No:  B/W 1/2     W:B       1:2           Time        Value Moves Dep 1:2       1-2-Draws
   3 W 1    1.0:0.0        1.0:2.0       5:29:50 PM   +58.93    90 3.976 :17.409  1-2-0

--------------------------------------------------------------

Engine-Match Sunday, October 26, 2025 5:29:51 PM
 Blitz 10/5 

Pairing 4/21 :    V7P3R_v14.2  -  Random_Opponent

PGN-File: C:\Program Files (x86)\Arena\Tournaments\Engine Regression Battle 20251026_2.pgn

No:  B/W 1/2     W:B       1:2           Time        Value Moves Dep 1:2       1-2-Draws
   3 W 1    1.0:0.0        3.0:0.0       5:36:15 PM     0.00    22 5.474 :0 3-0-0

--------------------------------------------------------------

Engine-Match Sunday, October 26, 2025 5:36:17 PM
 Blitz 10/5 

Pairing 5/21 :    Stockfish 1%  -  V7P3R_v12.6

PGN-File: C:\Program Files (x86)\Arena\Tournaments\Engine Regression Battle 20251026_2.pgn

No:  B/W 1/2     W:B       1:2           Time        Value Moves Dep 1:2       1-2-Draws
   3 W 1    1.0:0.0        3.0:0.0       5:40:50 PM   +10.13    14 17.929 :4.800  3-0-0

--------------------------------------------------------------

Engine-Match Sunday, October 26, 2025 5:40:51 PM
 Blitz 10/5 

Pairing 6/21 :    V7P3R_v14.0  -  SlowMate_v3.1

PGN-File: C:\Program Files (x86)\Arena\Tournaments\Engine Regression Battle 20251026_2.pgn

No:  B/W 1/2     W:B       1:2           Time        Value Moves Dep 1:2       1-2-Draws
   3 B 2    1.5:0.5        1.5:1.5       5:53:36 PM   -21.63    24 4.650 :3.522  1-1-1

--------------------------------------------------------------

Engine-Match Sunday, October 26, 2025 5:53:38 PM
 Blitz 10/5 

Pairing 7/21 :    C0BR4_v2.9  -  Stockfish 1%

PGN-File: C:\Program Files (x86)\Arena\Tournaments\Engine Regression Battle 20251026_2.pgn

No:  B/W 1/2     W:B       1:2           Time        Value Moves Dep 1:2       1-2-Draws
   3 B 2    1.0:0.0        0.0:3.0       5:54:07 PM      -M1    19 3.941 :22.889  0-3-0

--------------------------------------------------------------

Engine-Match Sunday, October 26, 2025 5:54:08 PM
 Blitz 10/5 

Pairing 8/21 :    SlowMate_v3.1  -  V7P3R_v14.2

PGN-File: C:\Program Files (x86)\Arena\Tournaments\Engine Regression Battle 20251026_2.pgn

No:  B/W 1/2     W:B       1:2           Time        Value Moves Dep 1:2       1-2-Draws
   3 B 2    1.5:0.5        0.5:2.5       6:18:46 PM   -10.39    60 4.106 :4.829  0-2-1

--------------------------------------------------------------

Engine-Match Sunday, October 26, 2025 6:18:47 PM
 Blitz 10/5 

Pairing 9/21 :    V7P3R_v12.6  -  V7P3R_v14.0

PGN-File: C:\Program Files (x86)\Arena\Tournaments\Engine Regression Battle 20251026_2.pgn

No:  B/W 1/2     W:B       1:2           Time        Value Moves Dep 1:2       1-2-Draws
   3 B 2    2.0:1.0        1.0:2.0       6:41:07 PM     0.00    61 4.417 :5.053  0-1-2

--------------------------------------------------------------

Engine-Match Sunday, October 26, 2025 6:41:09 PM
 Blitz 10/5 

Pairing 10/21 :    Random_Opponent  -  SlowMate_v3.1

PGN-File: C:\Program Files (x86)\Arena\Tournaments\Engine Regression Battle 20251026_2.pgn

No:  B/W 1/2     W:B       1:2           Time        Value Moves Dep 1:2       1-2-Draws
   3 = =    1.0:1.0        1.0:2.0       6:46:10 PM  -200.00    19 0:3.895  0-1-2

--------------------------------------------------------------

Engine-Match Sunday, October 26, 2025 6:46:11 PM
 Blitz 10/5 

Pairing 11/21 :    V7P3R_v14.0  -  C0BR4_v2.9

PGN-File: C:\Program Files (x86)\Arena\Tournaments\Engine Regression Battle 20251026_2.pgn

No:  B/W 1/2     W:B       1:2           Time        Value Moves Dep 1:2       1-2-Draws
   3 B 2    1.0:0.0        2.0:1.0       6:56:41 PM  -299.97    41 5.133 :4.000  2-1-0

--------------------------------------------------------------

Engine-Match Sunday, October 26, 2025 6:56:42 PM
 Blitz 10/5 

Pairing 12/21 :    V7P3R_v14.2  -  V7P3R_v12.6

PGN-File: C:\Program Files (x86)\Arena\Tournaments\Engine Regression Battle 20251026_2.pgn

No:  B/W 1/2     W:B       1:2           Time        Value Moves Dep 1:2       1-2-Draws
   3 = =    0.5:0.5        1.5:1.5       7:18:33 PM    +5.19    64 5.176 :4.667  1-1-1

--------------------------------------------------------------

Engine-Match Sunday, October 26, 2025 7:18:34 PM
 Blitz 10/5 

Pairing 13/21 :    Stockfish 1%  -  V7P3R_v14.0

PGN-File: C:\Program Files (x86)\Arena\Tournaments\Engine Regression Battle 20251026_2.pgn

No:  B/W 1/2     W:B       1:2           Time        Value Moves Dep 1:2       1-2-Draws
   3 W 1    1.0:0.0        3.0:0.0       7:23:00 PM      +M1    16 18.500 :4.833  3-0-0

--------------------------------------------------------------

Engine-Match Sunday, October 26, 2025 7:23:01 PM
 Blitz 10/5 

Pairing 14/21 :    V7P3R_v12.6  -  Random_Opponent

PGN-File: C:\Program Files (x86)\Arena\Tournaments\Engine Regression Battle 20251026_2.pgn

No:  B/W 1/2     W:B       1:2           Time        Value Moves Dep 1:2       1-2-Draws
   3 W 1    1.0:0.0        3.0:0.0       7:30:07 PM  +289.98    22 4.952 :0 3-0-0

--------------------------------------------------------------

Engine-Match Sunday, October 26, 2025 7:30:09 PM
 Blitz 10/5 

Pairing 15/21 :    C0BR4_v2.9  -  V7P3R_v14.2

PGN-File: C:\Program Files (x86)\Arena\Tournaments\Engine Regression Battle 20251026_2.pgn

No:  B/W 1/2     W:B       1:2           Time        Value Moves Dep 1:2       1-2-Draws
   3 = =    1.0:1.0        2.0:1.0       7:38:30 PM     0.00    34 4.000 :5.143  1-0-2

--------------------------------------------------------------

Engine-Match Sunday, October 26, 2025 7:38:31 PM
 Blitz 10/5 

Pairing 16/21 :    SlowMate_v3.1  -  V7P3R_v12.6

PGN-File: C:\Program Files (x86)\Arena\Tournaments\Engine Regression Battle 20251026_2.pgn

No:  B/W 1/2     W:B       1:2           Time        Value Moves Dep 1:2       1-2-Draws
   3 = =    0.5:0.5        1.5:1.5       8:05:30 PM    +4.40    72 3.958 :4.318  1-1-1

--------------------------------------------------------------

Engine-Match Sunday, October 26, 2025 8:05:38 PM
 Blitz 10/5 

Pairing 17/21 :    V7P3R_v14.2  -  Stockfish 1%

PGN-File: C:\Program Files (x86)\Arena\Tournaments\Engine Regression Battle 20251026_2.pgn

No:  B/W 1/2     W:B       1:2           Time        Value Moves Dep 1:2       1-2-Draws
   3 B 2    1.0:0.0        0.0:3.0       8:08:31 PM      -M1    15 5.333 :27.714  0-3-0

--------------------------------------------------------------

Engine-Match Sunday, October 26, 2025 8:08:32 PM
 Blitz 10/5 

Pairing 18/21 :    Random_Opponent  -  C0BR4_v2.9

PGN-File: C:\Program Files (x86)\Arena\Tournaments\Engine Regression Battle 20251026_2.pgn

No:  B/W 1/2     W:B       1:2           Time        Value Moves Dep 1:2       1-2-Draws
   3 B 2    1.0:0.0        0.0:3.0       8:08:46 PM  -299.97    10 0:4.000  0-3-0

--------------------------------------------------------------

Engine-Match Sunday, October 26, 2025 8:08:47 PM
 Blitz 10/5 

Pairing 19/21 :    V7P3R_v14.0  -  V7P3R_v14.2

PGN-File: C:\Program Files (x86)\Arena\Tournaments\Engine Regression Battle 20251026_2.pgn

No:  B/W 1/2     W:B       1:2           Time        Value Moves Dep 1:2       1-2-Draws
   3 = =    1.0:1.0        1.0:2.0       8:28:18 PM    +1.33    46 4.846 :5.154  0-1-2

--------------------------------------------------------------

Engine-Match Sunday, October 26, 2025 8:28:19 PM
 Blitz 10/5 

Pairing 20/21 :    C0BR4_v2.9  -  SlowMate_v3.1

PGN-File: C:\Program Files (x86)\Arena\Tournaments\Engine Regression Battle 20251026_2.pgn

No:  B/W 1/2     W:B       1:2           Time        Value Moves Dep 1:2       1-2-Draws
   3 W 1    1.0:0.0        3.0:0.0       8:32:40 PM  +299.97    16 3.867 :3.800  3-0-0

--------------------------------------------------------------

Engine-Match Sunday, October 26, 2025 8:32:41 PM
 Blitz 10/5 

Pairing 21/21 :    Stockfish 1%  -  Random_Opponent

PGN-File: C:\Program Files (x86)\Arena\Tournaments\Engine Regression Battle 20251026_2.pgn

No:  B/W 1/2     W:B       1:2           Time        Value Moves Dep 1:2       1-2-Draws
   3 W 1    1.0:0.0        3.0:0.0       8:32:55 PM      +M1    13 27.000 :0 3-0-0

--------------------------------------------------------------

Engine-Match Sunday, October 26, 2025 8:32:56 PM
 Blitz 10/5 

Pairing 1/21 :    V7P3R_v12.6  -  C0BR4_v2.9

PGN-File: C:\Program Files (x86)\Arena\Tournaments\Engine Regression Battle 20251026_2.pgn

No:  B/W 1/2     W:B       1:2           Time        Value Moves Dep 1:2       1-2-Draws
   4 W 2    1.5:0.5        1.5:2.5       8:38:33 PM   +14.37    23 4.333 :4.000  1-2-1

--------------------------------------------------------------

Engine-Match Sunday, October 26, 2025 8:38:34 PM
 Blitz 10/5 

Pairing 2/21 :    Random_Opponent  -  V7P3R_v14.0

PGN-File: C:\Program Files (x86)\Arena\Tournaments\Engine Regression Battle 20251026_2.pgn

No:  B/W 1/2     W:B       1:2           Time        Value Moves Dep 1:2       1-2-Draws
   4 W 2    1.0:0.0        0.0:4.0       8:45:01 PM  +289.98    20 0:4.941  0-4-0

--------------------------------------------------------------

Engine-Match Sunday, October 26, 2025 8:45:02 PM
 Blitz 10/5 

Pairing 3/21 :    SlowMate_v3.1  -  Stockfish 1%

PGN-File: C:\Program Files (x86)\Arena\Tournaments\Engine Regression Battle 20251026_2.pgn

No:  B/W 1/2     W:B       1:2           Time        Value Moves Dep 1:2       1-2-Draws
   4 W 2    1.0:0.0        1.0:3.0       8:54:27 PM      +M1    42 4.211 :16.864  1-3-0

--------------------------------------------------------------

Engine-Match Sunday, October 26, 2025 8:54:28 PM
 Blitz 10/5 

Pairing 4/21 :    V7P3R_v14.2  -  Random_Opponent

PGN-File: C:\Program Files (x86)\Arena\Tournaments\Engine Regression Battle 20251026_2.pgn

No:  B/W 1/2     W:B       1:2           Time        Value Moves Dep 1:2       1-2-Draws
   4 B 1    1.0:0.0        4.0:0.0       8:55:50 PM  -290.00     6 5.400 :0 4-0-0

--------------------------------------------------------------

Engine-Match Sunday, October 26, 2025 8:55:51 PM
 Blitz 10/5 

Pairing 5/21 :    Stockfish 1%  -  V7P3R_v12.6

PGN-File: C:\Program Files (x86)\Arena\Tournaments\Engine Regression Battle 20251026_2.pgn

No:  B/W 1/2     W:B       1:2           Time        Value Moves Dep 1:2       1-2-Draws
   4 B 1    1.0:0.0        4.0:0.0       9:00:41 PM      -M1    22 21.500 :5.182  4-0-0

--------------------------------------------------------------

Engine-Match Sunday, October 26, 2025 9:00:42 PM
 Blitz 10/5 

Pairing 6/21 :    V7P3R_v14.0  -  SlowMate_v3.1

PGN-File: C:\Program Files (x86)\Arena\Tournaments\Engine Regression Battle 20251026_2.pgn

No:  B/W 1/2     W:B       1:2           Time        Value Moves Dep 1:2       1-2-Draws
   4 = =    1.0:1.0        2.0:2.0       9:20:16 PM    -7.46    40 5.000 :4.250  1-1-2

--------------------------------------------------------------

Engine-Match Sunday, October 26, 2025 9:20:17 PM
 Blitz 10/5 

Pairing 7/21 :    C0BR4_v2.9  -  Stockfish 1%

PGN-File: C:\Program Files (x86)\Arena\Tournaments\Engine Regression Battle 20251026_2.pgn

No:  B/W 1/2     W:B       1:2           Time        Value Moves Dep 1:2       1-2-Draws
   4 W 2    1.0:0.0        0.0:4.0       9:20:51 PM    +9.48    28 4.000 :17.136  0-4-0

--------------------------------------------------------------

Engine-Match Sunday, October 26, 2025 9:20:53 PM
 Blitz 10/5 

Pairing 8/21 :    SlowMate_v3.1  -  V7P3R_v14.2

PGN-File: C:\Program Files (x86)\Arena\Tournaments\Engine Regression Battle 20251026_2.pgn

No:  B/W 1/2     W:B       1:2           Time        Value Moves Dep 1:2       1-2-Draws
   4 * *     0.5:0.5        0.5:2.5       9:44:43 PM     0.00    57 4.143 :4.714  0-2-1

--------------------------------------------------------------

Engine-Match Sunday, October 26, 2025 9:45:33 PM
 Blitz 10/5 

Pairing 1/28 :    V7P3R_v12.6  -  V7P3R_v14.3

PGN-File: C:\Program Files (x86)\Arena\Tournaments\Engine Regression Battle 20251026_2.pgn

No:  B/W 1/2     W:B       1:2           Time        Value Moves Dep 1:2       1-2-Draws
   1 W 1    1.0:0.0        1.0:0.0       9:57:58 PM   +38.61    33 4.577 :4.417  1-0-0

--------------------------------------------------------------

Engine-Match Sunday, October 26, 2025 9:58:00 PM
 Blitz 10/5 

Pairing 6/28 :    C0BR4_v2.9  -  V7P3R_v14.3

PGN-File: C:\Program Files (x86)\Arena\Tournaments\Engine Regression Battle 20251026_2.pgn

No:  B/W 1/2     W:B       1:2           Time        Value Moves Dep 1:2       1-2-Draws
   1 W 1    1.0:0.0        1.0:0.0       10:01:03 PM  +299.97    20 3.889 :4.188  1-0-0

--------------------------------------------------------------

Engine-Match Sunday, October 26, 2025 10:01:04 PM
 Blitz 10/5 

Pairing 11/28 :    V7P3R_v14.3  -  Stockfish 1%

PGN-File: C:\Program Files (x86)\Arena\Tournaments\Engine Regression Battle 20251026_2.pgn

No:  B/W 1/2     W:B       1:2           Time        Value Moves Dep 1:2       1-2-Draws
   1 B 2    1.0:0.0        0.0:1.0       10:04:42 PM   -18.23    22 5.000 :16.941  0-1-0

--------------------------------------------------------------

Engine-Match Sunday, October 26, 2025 10:04:44 PM
 Blitz 10/5 

Pairing 16/28 :    V7P3R_v14.0  -  V7P3R_v14.3

PGN-File: C:\Program Files (x86)\Arena\Tournaments\Engine Regression Battle 20251026_2.pgn

No:  B/W 1/2     W:B       1:2           Time        Value Moves Dep 1:2       1-2-Draws
   1 W 1    1.0:0.0        1.0:0.0       10:14:34 PM   +25.64    23 4.765 :3.842  1-0-0

--------------------------------------------------------------

Engine-Match Sunday, October 26, 2025 10:14:35 PM
 Blitz 10/5 

Pairing 20/28 :    V7P3R_v14.3  -  V7P3R_v14.2

PGN-File: C:\Program Files (x86)\Arena\Tournaments\Engine Regression Battle 20251026_2.pgn

No:  B/W 1/2     W:B       1:2           Time        Value Moves Dep 1:2       1-2-Draws
   1 B 2    1.0:0.0        0.0:1.0       10:23:35 PM  -289.99    21 3.875 :4.625  0-1-0

--------------------------------------------------------------

Engine-Match Sunday, October 26, 2025 10:23:37 PM
 Blitz 10/5 

Pairing 23/28 :    Random_Opponent  -  V7P3R_v14.3

PGN-File: C:\Program Files (x86)\Arena\Tournaments\Engine Regression Battle 20251026_2.pgn

No:  B/W 1/2     W:B       1:2           Time        Value Moves Dep 1:2       1-2-Draws
   1 B 2    1.0:0.0        0.0:1.0       10:27:23 PM     0.00    26 0:4.421  0-1-0

--------------------------------------------------------------

Engine-Match Sunday, October 26, 2025 10:27:25 PM
 Blitz 10/5 

Pairing 26/28 :    V7P3R_v14.3  -  SlowMate_v3.1

PGN-File: C:\Program Files (x86)\Arena\Tournaments\Engine Regression Battle 20251026_2.pgn

No:  B/W 1/2     W:B       1:2           Time        Value Moves Dep 1:2       1-2-Draws
   1 B 2    1.0:0.0        0.0:1.0       10:44:07 PM   -12.97    43 4.462 :4.368  0-1-0

--------------------------------------------------------------

Engine-Match Sunday, October 26, 2025 10:44:09 PM
 Blitz 10/5 

Pairing 1/28 :    V7P3R_v12.6  -  V7P3R_v14.3

PGN-File: C:\Program Files (x86)\Arena\Tournaments\Engine Regression Battle 20251026_2.pgn

No:  B/W 1/2     W:B       1:2           Time        Value Moves Dep 1:2       1-2-Draws
   2 B 1    1.0:0.0        2.0:0.0       10:54:22 PM   -28.52    24 4.750 :4.368  2-0-0

--------------------------------------------------------------

Engine-Match Sunday, October 26, 2025 10:54:23 PM
 Blitz 10/5 

Pairing 6/28 :    C0BR4_v2.9  -  V7P3R_v14.3

PGN-File: C:\Program Files (x86)\Arena\Tournaments\Engine Regression Battle 20251026_2.pgn

No:  B/W 1/2     W:B       1:2           Time        Value Moves Dep 1:2       1-2-Draws
   2 B 1    1.0:0.0        2.0:0.0       10:57:30 PM   -23.96    16 4.000 :3.750  2-0-0

--------------------------------------------------------------

Engine-Match Sunday, October 26, 2025 10:57:31 PM
 Blitz 10/5 

Pairing 11/28 :    V7P3R_v14.3  -  Stockfish 1%

PGN-File: C:\Program Files (x86)\Arena\Tournaments\Engine Regression Battle 20251026_2.pgn

No:  B/W 1/2     W:B       1:2           Time        Value Moves Dep 1:2       1-2-Draws
   2 W 2    1.0:0.0        0.0:2.0       10:59:25 PM      +M1    11 4.200 :25.273  0-2-0

--------------------------------------------------------------

Engine-Match Sunday, October 26, 2025 10:59:26 PM
 Blitz 10/5 

Pairing 16/28 :    V7P3R_v14.0  -  V7P3R_v14.3

PGN-File: C:\Program Files (x86)\Arena\Tournaments\Engine Regression Battle 20251026_2.pgn

No:  B/W 1/2     W:B       1:2           Time        Value Moves Dep 1:2       1-2-Draws
   2 B 1    1.0:0.0        2.0:0.0       11:12:50 PM  -289.99    39 4.867 :4.143  2-0-0

--------------------------------------------------------------

Engine-Match Sunday, October 26, 2025 11:12:52 PM
 Blitz 10/5 

Pairing 20/28 :    V7P3R_v14.3  -  V7P3R_v14.2

PGN-File: C:\Program Files (x86)\Arena\Tournaments\Engine Regression Battle 20251026_2.pgn

No:  B/W 1/2     W:B       1:2           Time        Value Moves Dep 1:2       1-2-Draws
   2 W 2    1.0:0.0        0.0:2.0       11:24:20 PM   +19.21    31 4.158 :5.286  0-2-0

--------------------------------------------------------------

Engine-Match Sunday, October 26, 2025 11:24:22 PM
 Blitz 10/5 

Pairing 23/28 :    Random_Opponent  -  V7P3R_v14.3

PGN-File: C:\Program Files (x86)\Arena\Tournaments\Engine Regression Battle 20251026_2.pgn

No:  B/W 1/2     W:B       1:2           Time        Value Moves Dep 1:2       1-2-Draws
   2 W 2    1.0:0.0        0.0:2.0       11:26:45 PM  +289.98    14 0:4.333  0-2-0

--------------------------------------------------------------

Engine-Match Sunday, October 26, 2025 11:26:46 PM
 Blitz 10/5 

Pairing 26/28 :    V7P3R_v14.3  -  SlowMate_v3.1

PGN-File: C:\Program Files (x86)\Arena\Tournaments\Engine Regression Battle 20251026_2.pgn

No:  B/W 1/2     W:B       1:2           Time        Value Moves Dep 1:2       1-2-Draws
   2 W 2    1.0:0.0        0.0:2.0       11:33:35 PM   +32.49    16 3.929 :3.813  0-2-0

--------------------------------------------------------------

Engine-Match Sunday, October 26, 2025 11:33:36 PM
 Blitz 10/5 

Pairing 1/28 :    V7P3R_v12.6  -  V7P3R_v14.3

PGN-File: C:\Program Files (x86)\Arena\Tournaments\Engine Regression Battle 20251026_2.pgn

No:  B/W 1/2     W:B       1:2           Time        Value Moves Dep 1:2       1-2-Draws
   3 W 1    1.0:0.0        3.0:0.0       11:47:34 PM  +289.99    32 4.407 :4.154  3-0-0

--------------------------------------------------------------

Engine-Match Sunday, October 26, 2025 11:47:35 PM
 Blitz 10/5 

Pairing 6/28 :    C0BR4_v2.9  -  V7P3R_v14.3

PGN-File: C:\Program Files (x86)\Arena\Tournaments\Engine Regression Battle 20251026_2.pgn

No:  B/W 1/2     W:B       1:2           Time        Value Moves Dep 1:2       1-2-Draws
   3 W 1    1.0:0.0        3.0:0.0       11:48:36 PM  +299.97     7 3.600 :3.500  3-0-0

--------------------------------------------------------------

Engine-Match Sunday, October 26, 2025 11:48:38 PM
 Blitz 10/5 

Pairing 11/28 :    V7P3R_v14.3  -  Stockfish 1%

PGN-File: C:\Program Files (x86)\Arena\Tournaments\Engine Regression Battle 20251026_2.pgn

No:  B/W 1/2     W:B       1:2           Time        Value Moves Dep 1:2       1-2-Draws
   3 B 2    1.0:0.0        0.0:3.0       11:52:40 PM   -14.73    21 4.200 :17.588  0-3-0

--------------------------------------------------------------

Engine-Match Sunday, October 26, 2025 11:52:41 PM
 Blitz 10/5 

Pairing 16/28 :    V7P3R_v14.0  -  V7P3R_v14.3

PGN-File: C:\Program Files (x86)\Arena\Tournaments\Engine Regression Battle 20251026_2.pgn

No:  B/W 1/2     W:B       1:2           Time        Value Moves Dep 1:2       1-2-Draws
   3 W 1    1.0:0.0        3.0:0.0       12:02:57 AM  +289.98    24 4.778 :3.905  3-0-0

--------------------------------------------------------------

Engine-Match Monday, October 27, 2025 12:02:58 AM
 Blitz 10/5 

Pairing 20/28 :    V7P3R_v14.3  -  V7P3R_v14.2

PGN-File: C:\Program Files (x86)\Arena\Tournaments\Engine Regression Battle 20251026_2.pgn

No:  B/W 1/2     W:B       1:2           Time        Value Moves Dep 1:2       1-2-Draws
   3 B 2    1.0:0.0        0.0:3.0       12:13:36 AM  -289.99    26 3.750 :4.647  0-3-0

--------------------------------------------------------------

Engine-Match Monday, October 27, 2025 12:13:37 AM
 Blitz 10/5 

Pairing 23/28 :    Random_Opponent  -  V7P3R_v14.3

PGN-File: C:\Program Files (x86)\Arena\Tournaments\Engine Regression Battle 20251026_2.pgn

No:  B/W 1/2     W:B       1:2           Time        Value Moves Dep 1:2       1-2-Draws
   3 B 2    1.0:0.0        0.0:3.0       12:16:20 AM  -289.98    15 0:4.500  0-3-0

--------------------------------------------------------------

Engine-Match Monday, October 27, 2025 12:16:30 AM
 Blitz 10/5 

Pairing 26/28 :    V7P3R_v14.3  -  SlowMate_v3.1

PGN-File: C:\Program Files (x86)\Arena\Tournaments\Engine Regression Battle 20251026_2.pgn

No:  B/W 1/2     W:B       1:2           Time        Value Moves Dep 1:2       1-2-Draws
   3 = =    0.5:0.5        0.5:2.5       12:27:02 AM    -9.33    27 4.300 :4.037  0-2-1

--------------------------------------------------------------

Engine-Match Monday, October 27, 2025 12:27:04 AM
 Blitz 10/5 

Pairing 1/28 :    V7P3R_v12.6  -  V7P3R_v14.3

PGN-File: C:\Program Files (x86)\Arena\Tournaments\Engine Regression Battle 20251026_2.pgn

No:  B/W 1/2     W:B       1:2           Time        Value Moves Dep 1:2       1-2-Draws
   4 B 1    1.0:0.0        4.0:0.0       12:35:05 AM    -9.43    16 4.636 :4.063  4-0-0

--------------------------------------------------------------

Engine-Match Monday, October 27, 2025 12:35:07 AM
 Blitz 10/5 

Pairing 2/28 :    V7P3R_v14.2  -  V7P3R_v14.0

PGN-File: C:\Program Files (x86)\Arena\Tournaments\Engine Regression Battle 20251026_2.pgn

No:  B/W 1/2     W:B       1:2           Time        Value Moves Dep 1:2       1-2-Draws
   4 = =    1.5:1.5        2.5:1.5       12:45:27 AM     0.00    19 5.250 :4.833  1-0-3

--------------------------------------------------------------

Engine-Match Monday, October 27, 2025 12:45:29 AM
 Blitz 10/5 

Pairing 3/28 :    SlowMate_v3.1  -  C0BR4_v2.9

PGN-File: C:\Program Files (x86)\Arena\Tournaments\Engine Regression Battle 20251026_2.pgn

No:  B/W 1/2     W:B       1:2           Time        Value Moves Dep 1:2       1-2-Draws
   4 W 2    1.0:0.0        0.0:4.0       12:55:36 AM  +299.97    44 4.389 :4.000  0-4-0

--------------------------------------------------------------

Engine-Match Monday, October 27, 2025 12:55:37 AM
 Blitz 10/5 

Pairing 4/28 :    Random_Opponent  -  Stockfish 1%

PGN-File: C:\Program Files (x86)\Arena\Tournaments\Engine Regression Battle 20251026_2.pgn

No:  B/W 1/2     W:B       1:2           Time        Value Moves Dep 1:2       1-2-Draws
   4 W 2    1.0:0.0        0.0:4.0       12:55:51 AM      +M1    12 0:32.417  0-4-0

--------------------------------------------------------------

Engine-Match Monday, October 27, 2025 12:55:53 AM
 Blitz 10/5 

Pairing 5/28 :    V7P3R_v14.2  -  V7P3R_v12.6

PGN-File: C:\Program Files (x86)\Arena\Tournaments\Engine Regression Battle 20251026_2.pgn

No:  B/W 1/2     W:B       1:2           Time        Value Moves Dep 1:2       1-2-Draws
   4 W 2    1.5:0.5        1.5:2.5       1:12:16 AM  +289.99    38 4.905 :4.542  1-2-1

--------------------------------------------------------------

Engine-Match Monday, October 27, 2025 1:12:17 AM
 Blitz 10/5 

Pairing 6/28 :    C0BR4_v2.9  -  V7P3R_v14.3

PGN-File: C:\Program Files (x86)\Arena\Tournaments\Engine Regression Battle 20251026_2.pgn

No:  B/W 1/2     W:B       1:2           Time        Value Moves Dep 1:2       1-2-Draws
   4 B 1    1.0:0.0        4.0:0.0       1:17:32 AM  -299.97    36 4.000 :4.364  4-0-0

--------------------------------------------------------------

Engine-Match Monday, October 27, 2025 1:17:34 AM
 Blitz 10/5 

Pairing 11/28 :    V7P3R_v14.3  -  Stockfish 1%

PGN-File: C:\Program Files (x86)\Arena\Tournaments\Engine Regression Battle 20251026_2.pgn

No:  B/W 1/2     W:B       1:2           Time        Value Moves Dep 1:2       1-2-Draws
   4 W 2    1.0:0.0        0.0:4.0       1:20:30 AM      +M1    17 4.067 :20.824  0-4-0

--------------------------------------------------------------

Engine-Match Monday, October 27, 2025 1:20:32 AM
 Blitz 10/5 

Pairing 13/28 :    Random_Opponent  -  V7P3R_v12.6

PGN-File: C:\Program Files (x86)\Arena\Tournaments\Engine Regression Battle 20251026_2.pgn

No:  B/W 1/2     W:B       1:2           Time        Value Moves Dep 1:2       1-2-Draws
   4 W 2    1.0:0.0        0.0:4.0       1:25:27 AM  +289.99    24 0:5.118  0-4-0

--------------------------------------------------------------

Engine-Match Monday, October 27, 2025 1:25:28 AM
 Blitz 10/5 

Pairing 15/28 :    V7P3R_v14.2  -  SlowMate_v3.1

PGN-File: C:\Program Files (x86)\Arena\Tournaments\Engine Regression Battle 20251026_2.pgn

No:  B/W 1/2     W:B       1:2           Time        Value Moves Dep 1:2       1-2-Draws
   4 B 1    1.5:0.5        3.5:0.5       1:48:23 AM     0.00    55 4.886 :4.213  3-0-1

--------------------------------------------------------------

Engine-Match Monday, October 27, 2025 1:48:24 AM
 Blitz 10/5 

Pairing 16/28 :    V7P3R_v14.0  -  V7P3R_v14.3

PGN-File: C:\Program Files (x86)\Arena\Tournaments\Engine Regression Battle 20251026_2.pgn

No:  B/W 1/2     W:B       1:2           Time        Value Moves Dep 1:2       1-2-Draws
   4 B 1    1.0:0.0        4.0:0.0       2:09:00 AM     0.00    63 4.613 :4.097  4-0-0

--------------------------------------------------------------

Engine-Match Monday, October 27, 2025 2:09:01 AM
 Blitz 10/5 

Pairing 18/28 :    SlowMate_v3.1  -  Random_Opponent

PGN-File: C:\Program Files (x86)\Arena\Tournaments\Engine Regression Battle 20251026_2.pgn

No:  B/W 1/2     W:B       1:2           Time        Value Moves Dep 1:2       1-2-Draws
   4 = =    1.5:1.5        2.5:1.5       2:18:25 AM  -200.00    41 4.222 :0 1-0-3

--------------------------------------------------------------

Engine-Match Monday, October 27, 2025 2:18:27 AM
 Blitz 10/5 

Pairing 19/28 :    C0BR4_v2.9  -  V7P3R_v14.0

PGN-File: C:\Program Files (x86)\Arena\Tournaments\Engine Regression Battle 20251026_2.pgn

No:  B/W 1/2     W:B       1:2           Time        Value Moves Dep 1:2       1-2-Draws
   4 = =    0.5:0.5        1.5:2.5       2:30:40 AM    +2.63    60 4.000 :5.133  1-2-1

--------------------------------------------------------------

Engine-Match Monday, October 27, 2025 2:30:41 AM
 Blitz 10/5 

Pairing 20/28 :    V7P3R_v14.3  -  V7P3R_v14.2

PGN-File: C:\Program Files (x86)\Arena\Tournaments\Engine Regression Battle 20251026_2.pgn

No:  B/W 1/2     W:B       1:2           Time        Value Moves Dep 1:2       1-2-Draws
   4 W 2    1.0:0.0        0.0:4.0       2:49:25 AM   +20.98    53 4.182 :5.056  0-4-0

--------------------------------------------------------------

Engine-Match Monday, October 27, 2025 2:49:26 AM
 Blitz 10/5 

Pairing 21/28 :    SlowMate_v3.1  -  V7P3R_v12.6

PGN-File: C:\Program Files (x86)\Arena\Tournaments\Engine Regression Battle 20251026_2.pgn

No:  B/W 1/2     W:B       1:2           Time        Value Moves Dep 1:2       1-2-Draws
   4 W 2    1.5:0.5        1.5:2.5       3:02:34 AM  +289.99    24 4.130 :4.737  1-2-1

--------------------------------------------------------------

Engine-Match Monday, October 27, 2025 3:02:36 AM
 Blitz 10/5 

Pairing 22/28 :    V7P3R_v14.0  -  Stockfish 1%

PGN-File: C:\Program Files (x86)\Arena\Tournaments\Engine Regression Battle 20251026_2.pgn

No:  B/W 1/2     W:B       1:2           Time        Value Moves Dep 1:2       1-2-Draws
   4 W 2    1.0:0.0        0.0:4.0       3:10:54 AM   +15.08    30 5.150 :16.375  0-4-0

--------------------------------------------------------------

Engine-Match Monday, October 27, 2025 3:10:55 AM
 Blitz 10/5 

Pairing 23/28 :    Random_Opponent  -  V7P3R_v14.3

PGN-File: C:\Program Files (x86)\Arena\Tournaments\Engine Regression Battle 20251026_2.pgn

No:  B/W 1/2     W:B       1:2           Time        Value Moves Dep 1:2       1-2-Draws
   4 W 2    1.0:0.0        0.0:4.0       3:15:09 AM  +289.97    22 0:4.227  0-4-0

--------------------------------------------------------------

Engine-Match Monday, October 27, 2025 3:15:11 AM
 Blitz 10/5 

Pairing 24/28 :    V7P3R_v14.2  -  C0BR4_v2.9

PGN-File: C:\Program Files (x86)\Arena\Tournaments\Engine Regression Battle 20251026_2.pgn

No:  B/W 1/2     W:B       1:2           Time        Value Moves Dep 1:2       1-2-Draws
   4 = =    1.5:1.5        1.5:2.5       3:23:50 AM     0.00    34 5.143 :4.000  0-1-3

--------------------------------------------------------------

Engine-Match Monday, October 27, 2025 3:23:51 AM
 Blitz 10/5 

Pairing 25/28 :    V7P3R_v12.6  -  V7P3R_v14.0

PGN-File: C:\Program Files (x86)\Arena\Tournaments\Engine Regression Battle 20251026_2.pgn

No:  B/W 1/2     W:B       1:2           Time        Value Moves Dep 1:2       1-2-Draws
   4 = =    1.5:1.5        1.5:2.5       3:43:29 AM    -9.36    49 4.240 :4.720  0-1-3

--------------------------------------------------------------

Engine-Match Monday, October 27, 2025 3:43:31 AM
 Blitz 10/5 

Pairing 26/28 :    V7P3R_v14.3  -  SlowMate_v3.1

PGN-File: C:\Program Files (x86)\Arena\Tournaments\Engine Regression Battle 20251026_2.pgn

No:  B/W 1/2     W:B       1:2           Time        Value Moves Dep 1:2       1-2-Draws
   4 W 2    1.5:0.5        0.5:3.5       3:50:05 AM   +35.06    15 3.643 :3.867  0-3-1

--------------------------------------------------------------

Engine-Match Monday, October 27, 2025 3:50:15 AM
 Blitz 10/5 

Pairing 27/28 :    Stockfish 1%  -  V7P3R_v14.2

PGN-File: C:\Program Files (x86)\Arena\Tournaments\Engine Regression Battle 20251026_2.pgn

No:  B/W 1/2     W:B       1:2           Time        Value Moves Dep 1:2       1-2-Draws
   4 B 1    1.0:0.0        4.0:0.0       3:53:21 AM      -M1    15 26.786 :5.333  4-0-0

--------------------------------------------------------------

Engine-Match Monday, October 27, 2025 3:53:23 AM
 Blitz 10/5 

Pairing 28/28 :    C0BR4_v2.9  -  Random_Opponent

PGN-File: C:\Program Files (x86)\Arena\Tournaments\Engine Regression Battle 20251026_2.pgn

No:  B/W 1/2     W:B       1:2           Time        Value Moves Dep 1:2       1-2-Draws
   4 B 1    1.0:0.0        4.0:0.0       3:53:38 AM  -299.97    13 3.833 :0 4-0-0

--------------------------------------------------------------

Engine-Match Monday, October 27, 2025 3:53:39 AM
 Blitz 10/5 

Pairing 1/28 :    V7P3R_v12.6  -  V7P3R_v14.3

PGN-File: C:\Program Files (x86)\Arena\Tournaments\Engine Regression Battle 20251026_2.pgn

No:  B/W 1/2     W:B       1:2           Time        Value Moves Dep 1:2       1-2-Draws
   5 W 1    1.0:0.0        5.0:0.0       4:04:43 AM     0.00    30 4.476 :4.318  5-0-0

--------------------------------------------------------------

Engine-Match Monday, October 27, 2025 4:04:44 AM
 Blitz 10/5 

Pairing 2/28 :    V7P3R_v14.2  -  V7P3R_v14.0

PGN-File: C:\Program Files (x86)\Arena\Tournaments\Engine Regression Battle 20251026_2.pgn

No:  B/W 1/2     W:B       1:2           Time        Value Moves Dep 1:2       1-2-Draws
   5 = =    2.0:2.0        3.0:2.0       4:20:13 AM     0.00    48 5.300 :4.727  1-0-4

--------------------------------------------------------------

Engine-Match Monday, October 27, 2025 4:20:15 AM
 Blitz 10/5 

Pairing 3/28 :    SlowMate_v3.1  -  C0BR4_v2.9

PGN-File: C:\Program Files (x86)\Arena\Tournaments\Engine Regression Battle 20251026_2.pgn

No:  B/W 1/2     W:B       1:2           Time        Value Moves Dep 1:2       1-2-Draws
   5 B 2    1.0:0.0        0.0:5.0       4:28:54 AM  -299.97    35 4.226 :4.000  0-5-0

--------------------------------------------------------------

Engine-Match Monday, October 27, 2025 4:28:55 AM
 Blitz 10/5 

Pairing 4/28 :    Random_Opponent  -  Stockfish 1%

PGN-File: C:\Program Files (x86)\Arena\Tournaments\Engine Regression Battle 20251026_2.pgn

No:  B/W 1/2     W:B       1:2           Time        Value Moves Dep 1:2       1-2-Draws
   5 B 2    1.0:0.0        0.0:5.0       4:29:11 AM      -M1    17 0:22.938  0-5-0

--------------------------------------------------------------

Engine-Match Monday, October 27, 2025 4:29:12 AM
 Blitz 10/5 

Pairing 5/28 :    V7P3R_v14.2  -  V7P3R_v12.6

PGN-File: C:\Program Files (x86)\Arena\Tournaments\Engine Regression Battle 20251026_2.pgn

No:  B/W 1/2     W:B       1:2           Time        Value Moves Dep 1:2       1-2-Draws
   5 = =    1.0:1.0        2.0:3.0       4:51:28 AM     0.00    63 5.118 :4.619  1-2-2

--------------------------------------------------------------

Engine-Match Monday, October 27, 2025 4:51:29 AM
 Blitz 10/5 

Pairing 6/28 :    C0BR4_v2.9  -  V7P3R_v14.3

PGN-File: C:\Program Files (x86)\Arena\Tournaments\Engine Regression Battle 20251026_2.pgn

No:  B/W 1/2     W:B       1:2           Time        Value Moves Dep 1:2       1-2-Draws
   5 W 1    1.0:0.0        5.0:0.0       4:53:34 AM   +14.23    12 4.000 :3.909  5-0-0

--------------------------------------------------------------

Engine-Match Monday, October 27, 2025 4:53:36 AM
 Blitz 10/5 

Pairing 7/28 :    V7P3R_v14.0  -  Random_Opponent

PGN-File: C:\Program Files (x86)\Arena\Tournaments\Engine Regression Battle 20251026_2.pgn

No:  B/W 1/2     W:B       1:2           Time        Value Moves Dep 1:2       1-2-Draws
   5 W 1    1.0:0.0        5.0:0.0       4:57:50 AM     0.00    18 5.250 :0 5-0-0

--------------------------------------------------------------

Engine-Match Monday, October 27, 2025 4:57:51 AM
 Blitz 10/5 

Pairing 8/28 :    Stockfish 1%  -  SlowMate_v3.1

PGN-File: C:\Program Files (x86)\Arena\Tournaments\Engine Regression Battle 20251026_2.pgn

No:  B/W 1/2     W:B       1:2           Time        Value Moves Dep 1:2       1-2-Draws
   5 W 1    1.0:0.0        4.0:1.0       5:03:37 AM      +M1    23 17.000 :4.364  4-1-0

--------------------------------------------------------------

Engine-Match Monday, October 27, 2025 5:03:38 AM
 Blitz 10/5 

Pairing 9/28 :    V7P3R_v12.6  -  C0BR4_v2.9

PGN-File: C:\Program Files (x86)\Arena\Tournaments\Engine Regression Battle 20251026_2.pgn

No:  B/W 1/2     W:B       1:2           Time        Value Moves Dep 1:2       1-2-Draws
   5 = =    1.0:1.0        2.0:3.0       5:11:19 AM     0.00    26 4.500 :4.000  1-2-2

--------------------------------------------------------------

Engine-Match Monday, October 27, 2025 5:11:21 AM
 Blitz 10/5 

Pairing 10/28 :    Random_Opponent  -  V7P3R_v14.2

PGN-File: C:\Program Files (x86)\Arena\Tournaments\Engine Regression Battle 20251026_2.pgn

No:  B/W 1/2     W:B       1:2           Time        Value Moves Dep 1:2       1-2-Draws
   5 B 2    1.0:0.0        0.0:5.0       5:15:41 AM     0.00    17 0:5.357  0-5-0

--------------------------------------------------------------

Engine-Match Monday, October 27, 2025 5:15:43 AM
 Blitz 10/5 

Pairing 11/28 :    V7P3R_v14.3  -  Stockfish 1%

PGN-File: C:\Program Files (x86)\Arena\Tournaments\Engine Regression Battle 20251026_2.pgn

No:  B/W 1/2     W:B       1:2           Time        Value Moves Dep 1:2       1-2-Draws
   5 B 2    1.0:0.0        0.0:5.0       5:18:41 AM      -M1    16 4.067 :21.750  0-5-0

--------------------------------------------------------------

Engine-Match Monday, October 27, 2025 5:18:43 AM
 Blitz 10/5 

Pairing 12/28 :    SlowMate_v3.1  -  V7P3R_v14.0

PGN-File: C:\Program Files (x86)\Arena\Tournaments\Engine Regression Battle 20251026_2.pgn

No:  B/W 1/2     W:B       1:2           Time        Value Moves Dep 1:2       1-2-Draws
   5 B 2    2.0:1.0        2.0:3.0       5:39:31 AM   -14.29    55 4.200 :4.900  1-2-2

--------------------------------------------------------------

Engine-Match Monday, October 27, 2025 5:39:33 AM
 Blitz 10/5 

Pairing 13/28 :    Random_Opponent  -  V7P3R_v12.6

PGN-File: C:\Program Files (x86)\Arena\Tournaments\Engine Regression Battle 20251026_2.pgn

No:  B/W 1/2     W:B       1:2           Time        Value Moves Dep 1:2       1-2-Draws
   5 B 2    1.0:0.0        0.0:5.0       5:42:37 AM  -289.98    12 0:4.900  0-5-0

--------------------------------------------------------------

Engine-Match Monday, October 27, 2025 5:42:39 AM
 Blitz 10/5 

Pairing 14/28 :    Stockfish 1%  -  C0BR4_v2.9

PGN-File: C:\Program Files (x86)\Arena\Tournaments\Engine Regression Battle 20251026_2.pgn

No:  B/W 1/2     W:B       1:2           Time        Value Moves Dep 1:2       1-2-Draws
   5 W 1    1.0:0.0        5.0:0.0       5:43:02 AM      +M1    23 18.200 :3.950  5-0-0

--------------------------------------------------------------

Engine-Match Monday, October 27, 2025 5:43:03 AM
 Blitz 10/5 

Pairing 15/28 :    V7P3R_v14.2  -  SlowMate_v3.1

PGN-File: C:\Program Files (x86)\Arena\Tournaments\Engine Regression Battle 20251026_2.pgn

No:  B/W 1/2     W:B       1:2           Time        Value Moves Dep 1:2       1-2-Draws
   5 W 1    1.5:0.5        4.5:0.5       6:00:36 AM  +289.99    35 4.769 :3.882  4-0-1

--------------------------------------------------------------

Engine-Match Monday, October 27, 2025 6:00:38 AM
 Blitz 10/5 

Pairing 16/28 :    V7P3R_v14.0  -  V7P3R_v14.3

PGN-File: C:\Program Files (x86)\Arena\Tournaments\Engine Regression Battle 20251026_2.pgn

No:  B/W 1/2     W:B       1:2           Time        Value Moves Dep 1:2       1-2-Draws
   5 W 1    1.0:0.0        5.0:0.0       6:12:43 AM  +289.99    27 5.000 :4.273  5-0-0

--------------------------------------------------------------

Engine-Match Monday, October 27, 2025 6:12:44 AM
 Blitz 10/5 

Pairing 17/28 :    V7P3R_v12.6  -  Stockfish 1%

PGN-File: C:\Program Files (x86)\Arena\Tournaments\Engine Regression Battle 20251026_2.pgn

No:  B/W 1/2     W:B       1:2           Time        Value Moves Dep 1:2       1-2-Draws
   5 B 2    1.0:0.0        0.0:5.0       6:17:54 AM      -M1    22 5.000 :20.600  0-5-0

--------------------------------------------------------------

Engine-Match Monday, October 27, 2025 6:17:56 AM
 Blitz 10/5 

Pairing 18/28 :    SlowMate_v3.1  -  Random_Opponent

PGN-File: C:\Program Files (x86)\Arena\Tournaments\Engine Regression Battle 20251026_2.pgn

No:  B/W 1/2     W:B       1:2           Time        Value Moves Dep 1:2       1-2-Draws
   5 = =    2.0:2.0        3.0:2.0       6:28:04 AM  +196.62    46 4.846 :0 1-0-4

--------------------------------------------------------------

Engine-Match Monday, October 27, 2025 6:28:12 AM
 Blitz 10/5 

Pairing 19/28 :    C0BR4_v2.9  -  V7P3R_v14.0

PGN-File: C:\Program Files (x86)\Arena\Tournaments\Engine Regression Battle 20251026_2.pgn

No:  B/W 1/2     W:B       1:2           Time        Value Moves Dep 1:2       1-2-Draws
   5 B 2    1.5:0.5        1.5:3.5       6:37:48 AM   -16.52    45 4.000 :5.037  1-3-1

--------------------------------------------------------------

Engine-Match Monday, October 27, 2025 6:37:50 AM
 Blitz 10/5 

Pairing 20/28 :    V7P3R_v14.3  -  V7P3R_v14.2

PGN-File: C:\Program Files (x86)\Arena\Tournaments\Engine Regression Battle 20251026_2.pgn

No:  B/W 1/2     W:B       1:2           Time        Value Moves Dep 1:2       1-2-Draws
   5 B 2    1.0:0.0        0.0:5.0       6:46:46 AM   -27.42    22 4.059 :5.000  0-5-0

--------------------------------------------------------------

Engine-Match Monday, October 27, 2025 6:46:47 AM
 Blitz 10/5 

Pairing 21/28 :    SlowMate_v3.1  -  V7P3R_v12.6

PGN-File: C:\Program Files (x86)\Arena\Tournaments\Engine Regression Battle 20251026_2.pgn

No:  B/W 1/2     W:B       1:2           Time        Value Moves Dep 1:2       1-2-Draws
   5 = =    1.0:1.0        2.0:3.0       7:16:44 AM    -5.79    87 3.958 :4.318  1-2-2

--------------------------------------------------------------

Engine-Match Monday, October 27, 2025 7:16:46 AM
 Blitz 10/5 

Pairing 22/28 :    V7P3R_v14.0  -  Stockfish 1%

PGN-File: C:\Program Files (x86)\Arena\Tournaments\Engine Regression Battle 20251026_2.pgn

No:  B/W 1/2     W:B       1:2           Time        Value Moves Dep 1:2       1-2-Draws
   5 B 2    1.0:0.0        0.0:5.0       7:25:07 AM      -M1    32 5.381 :16.304  0-5-0

--------------------------------------------------------------

Engine-Match Monday, October 27, 2025 7:25:08 AM
 Blitz 10/5 

Pairing 23/28 :    Random_Opponent  -  V7P3R_v14.3

PGN-File: C:\Program Files (x86)\Arena\Tournaments\Engine Regression Battle 20251026_2.pgn

No:  B/W 1/2     W:B       1:2           Time        Value Moves Dep 1:2       1-2-Draws
   5 B 2    1.0:0.0        0.0:5.0       7:26:55 AM  -289.97    10 0:3.900  0-5-0

--------------------------------------------------------------

Engine-Match Monday, October 27, 2025 7:26:56 AM
 Blitz 10/5 

Pairing 24/28 :    V7P3R_v14.2  -  C0BR4_v2.9

PGN-File: C:\Program Files (x86)\Arena\Tournaments\Engine Regression Battle 20251026_2.pgn

No:  B/W 1/2     W:B       1:2           Time        Value Moves Dep 1:2       1-2-Draws
   5 = =    2.0:2.0        2.0:3.0       7:37:16 AM    -2.85    42 4.800 :4.000  0-1-4

--------------------------------------------------------------

Engine-Match Monday, October 27, 2025 7:37:17 AM
 Blitz 10/5 

Pairing 25/28 :    V7P3R_v12.6  -  V7P3R_v14.0

PGN-File: C:\Program Files (x86)\Arena\Tournaments\Engine Regression Battle 20251026_2.pgn

No:  B/W 1/2     W:B       1:2           Time        Value Moves Dep 1:2       1-2-Draws
   5 W 1    2.5:1.5        2.5:2.5       7:56:58 AM     0.00    60 4.400 :4.824  1-1-3

--------------------------------------------------------------

Engine-Match Monday, October 27, 2025 7:56:59 AM
 Blitz 10/5 

Pairing 26/28 :    V7P3R_v14.3  -  SlowMate_v3.1

PGN-File: C:\Program Files (x86)\Arena\Tournaments\Engine Regression Battle 20251026_2.pgn

No:  B/W 1/2     W:B       1:2           Time        Value Moves Dep 1:2       1-2-Draws
   5 = =    1.0:1.0        1.0:4.0       8:02:09 AM     0.00    14 4.333 :4.077  0-3-2

--------------------------------------------------------------

Engine-Match Monday, October 27, 2025 8:02:11 AM
 Blitz 10/5 

Pairing 27/28 :    Stockfish 1%  -  V7P3R_v14.2

PGN-File: C:\Program Files (x86)\Arena\Tournaments\Engine Regression Battle 20251026_2.pgn

No:  B/W 1/2     W:B       1:2           Time        Value Moves Dep 1:2       1-2-Draws
   5 W 1    1.0:0.0        5.0:0.0       8:08:38 AM  +289.96    21 19.238 :5.533  5-0-0

--------------------------------------------------------------

Engine-Match Monday, October 27, 2025 8:08:39 AM
 Blitz 10/5 

Pairing 28/28 :    C0BR4_v2.9  -  Random_Opponent

PGN-File: C:\Program Files (x86)\Arena\Tournaments\Engine Regression Battle 20251026_2.pgn

No:  B/W 1/2     W:B       1:2           Time        Value Moves Dep 1:2       1-2-Draws
   5 W 1    1.0:0.0        5.0:0.0       8:08:57 AM  +299.97    18 4.000 :0 5-0-0

--------------------------------------------------------------

Engine-Match Monday, October 27, 2025 8:08:58 AM
 Blitz 10/5 

Pairing 1/28 :    V7P3R_v12.6  -  V7P3R_v14.3

PGN-File: C:\Program Files (x86)\Arena\Tournaments\Engine Regression Battle 20251026_2.pgn

No:  B/W 1/2     W:B       1:2           Time        Value Moves Dep 1:2       1-2-Draws
   6 B 1    1.0:0.0        6.0:0.0       8:15:59 AM   -12.89    16 4.800 :4.467  6-0-0

--------------------------------------------------------------

Engine-Match Monday, October 27, 2025 8:16:00 AM
 Blitz 10/5 

Pairing 2/28 :    V7P3R_v14.2  -  V7P3R_v14.0

PGN-File: C:\Program Files (x86)\Arena\Tournaments\Engine Regression Battle 20251026_2.pgn

No:  B/W 1/2     W:B       1:2           Time        Value Moves Dep 1:2       1-2-Draws
   6 W 2    3.0:2.0        3.0:3.0       8:45:09 AM     0.00    97 4.957 :4.560  1-1-4

--------------------------------------------------------------

Engine-Match Monday, October 27, 2025 8:45:10 AM
 Blitz 10/5 

Pairing 3/28 :    SlowMate_v3.1  -  C0BR4_v2.9

PGN-File: C:\Program Files (x86)\Arena\Tournaments\Engine Regression Battle 20251026_2.pgn

No:  B/W 1/2     W:B       1:2           Time        Value Moves Dep 1:2       1-2-Draws
   6 W 2    1.0:0.0        0.0:6.0       8:50:28 AM  +299.97    20 4.316 :3.889  0-6-0

--------------------------------------------------------------

Engine-Match Monday, October 27, 2025 8:50:30 AM
 Blitz 10/5 

Pairing 4/28 :    Random_Opponent  -  Stockfish 1%

PGN-File: C:\Program Files (x86)\Arena\Tournaments\Engine Regression Battle 20251026_2.pgn

No:  B/W 1/2     W:B       1:2           Time        Value Moves Dep 1:2       1-2-Draws
   6 W 2    1.0:0.0        0.0:6.0       8:50:46 AM      +M1    19 0:21.611  0-6-0

--------------------------------------------------------------

Engine-Match Monday, October 27, 2025 8:50:48 AM
 Blitz 10/5 

Pairing 5/28 :    V7P3R_v14.2  -  V7P3R_v12.6

PGN-File: C:\Program Files (x86)\Arena\Tournaments\Engine Regression Battle 20251026_2.pgn

No:  B/W 1/2     W:B       1:2           Time        Value Moves Dep 1:2       1-2-Draws
   6 W 2    2.0:1.0        2.0:4.0       9:06:50 AM  +289.99    38 4.905 :4.542  1-3-2

--------------------------------------------------------------

Engine-Match Monday, October 27, 2025 9:06:51 AM
 Blitz 10/5 

Pairing 6/28 :    C0BR4_v2.9  -  V7P3R_v14.3

PGN-File: C:\Program Files (x86)\Arena\Tournaments\Engine Regression Battle 20251026_2.pgn

No:  B/W 1/2     W:B       1:2           Time        Value Moves Dep 1:2       1-2-Draws
   6 B 1    1.0:0.0        6.0:0.0       9:10:31 AM  -299.97    24 4.000 :4.667  6-0-0

--------------------------------------------------------------

Engine-Match Monday, October 27, 2025 9:10:32 AM
 Blitz 10/5 

Pairing 7/28 :    V7P3R_v14.0  -  Random_Opponent

PGN-File: C:\Program Files (x86)\Arena\Tournaments\Engine Regression Battle 20251026_2.pgn

No:  B/W 1/2     W:B       1:2           Time        Value Moves Dep 1:2       1-2-Draws
   6 B 1    1.0:0.0        6.0:0.0       9:15:03 AM  -289.99    12 5.417 :0 6-0-0

--------------------------------------------------------------

Engine-Match Monday, October 27, 2025 9:15:04 AM
 Blitz 10/5 

Pairing 8/28 :    Stockfish 1%  -  SlowMate_v3.1

PGN-File: C:\Program Files (x86)\Arena\Tournaments\Engine Regression Battle 20251026_2.pgn

No:  B/W 1/2     W:B       1:2           Time        Value Moves Dep 1:2       1-2-Draws
   6 B 1    1.0:0.0        5.0:1.0       9:22:30 AM      -M1    30 17.455 :3.667  5-1-0

--------------------------------------------------------------

Engine-Match Monday, October 27, 2025 9:22:31 AM
 Blitz 10/5 

Pairing 9/28 :    V7P3R_v12.6  -  C0BR4_v2.9

PGN-File: C:\Program Files (x86)\Arena\Tournaments\Engine Regression Battle 20251026_2.pgn

No:  B/W 1/2     W:B       1:2           Time        Value Moves Dep 1:2       1-2-Draws
   6 B 1    2.0:1.0        3.0:3.0       9:33:10 AM   -11.66    50 4.500 :4.000  2-2-2

--------------------------------------------------------------

Engine-Match Monday, October 27, 2025 9:33:11 AM
 Blitz 10/5 

Pairing 10/28 :    Random_Opponent  -  V7P3R_v14.2

PGN-File: C:\Program Files (x86)\Arena\Tournaments\Engine Regression Battle 20251026_2.pgn

No:  B/W 1/2     W:B       1:2           Time        Value Moves Dep 1:2       1-2-Draws
   6 W 2    1.0:0.0        0.0:6.0       9:38:16 AM  +289.99    19 0:5.357  0-6-0

--------------------------------------------------------------

Engine-Match Monday, October 27, 2025 9:38:26 AM
 Blitz 10/5 

Pairing 11/28 :    V7P3R_v14.3  -  Stockfish 1%

PGN-File: C:\Program Files (x86)\Arena\Tournaments\Engine Regression Battle 20251026_2.pgn

No:  B/W 1/2     W:B       1:2           Time        Value Moves Dep 1:2       1-2-Draws
   6 W 2    1.0:0.0        0.0:6.0       9:41:35 AM      +M1    20 4.063 :20.550  0-6-0

--------------------------------------------------------------

Engine-Match Monday, October 27, 2025 9:41:36 AM
 Blitz 10/5 

Pairing 12/28 :    SlowMate_v3.1  -  V7P3R_v14.0

PGN-File: C:\Program Files (x86)\Arena\Tournaments\Engine Regression Battle 20251026_2.pgn

No:  B/W 1/2     W:B       1:2           Time        Value Moves Dep 1:2       1-2-Draws
   6 W 2    2.0:1.0        2.0:4.0       9:53:51 AM  +289.99    25 4.136 :4.813  1-3-2

--------------------------------------------------------------

Engine-Match Monday, October 27, 2025 9:53:52 AM
 Blitz 10/5 

Pairing 13/28 :    Random_Opponent  -  V7P3R_v12.6

PGN-File: C:\Program Files (x86)\Arena\Tournaments\Engine Regression Battle 20251026_2.pgn

No:  B/W 1/2     W:B       1:2           Time        Value Moves Dep 1:2       1-2-Draws
   6 W 2    1.0:0.0        0.0:6.0       10:03:45 AM  +289.99    41 0:5.105  0-6-0

--------------------------------------------------------------

Engine-Match Monday, October 27, 2025 10:03:46 AM
 Blitz 10/5 

Pairing 14/28 :    Stockfish 1%  -  C0BR4_v2.9

PGN-File: C:\Program Files (x86)\Arena\Tournaments\Engine Regression Battle 20251026_2.pgn

No:  B/W 1/2     W:B       1:2           Time        Value Moves Dep 1:2       1-2-Draws
   6 B 1    1.0:0.0        6.0:0.0       10:04:10 AM   -10.00    25 17.304 :4.000  6-0-0

--------------------------------------------------------------

Engine-Match Monday, October 27, 2025 10:04:11 AM
 Blitz 10/5 

Pairing 15/28 :    V7P3R_v14.2  -  SlowMate_v3.1

PGN-File: C:\Program Files (x86)\Arena\Tournaments\Engine Regression Battle 20251026_2.pgn

No:  B/W 1/2     W:B       1:2           Time        Value Moves Dep 1:2       1-2-Draws
   6 B 1    1.5:0.5        5.5:0.5       10:29:02 AM   -10.27    62 4.794 :4.116  5-0-1

--------------------------------------------------------------

Engine-Match Monday, October 27, 2025 10:29:04 AM
 Blitz 10/5 

Pairing 16/28 :    V7P3R_v14.0  -  V7P3R_v14.3

PGN-File: C:\Program Files (x86)\Arena\Tournaments\Engine Regression Battle 20251026_2.pgn

No:  B/W 1/2     W:B       1:2           Time        Value Moves Dep 1:2       1-2-Draws
   6 B 1    1.0:0.0        6.0:0.0       10:37:38 AM   -18.76    23 4.643 :4.222  6-0-0

--------------------------------------------------------------

Engine-Match Monday, October 27, 2025 10:37:39 AM
 Blitz 10/5 

Pairing 17/28 :    V7P3R_v12.6  -  Stockfish 1%

PGN-File: C:\Program Files (x86)\Arena\Tournaments\Engine Regression Battle 20251026_2.pgn

No:  B/W 1/2     W:B       1:2           Time        Value Moves Dep 1:2       1-2-Draws
   6 W 2    1.0:0.0        0.0:6.0       10:46:11 AM      +M1    33 4.571 :15.769  0-6-0

--------------------------------------------------------------

Engine-Match Monday, October 27, 2025 10:46:12 AM
 Blitz 10/5 

Pairing 18/28 :    SlowMate_v3.1  -  Random_Opponent

PGN-File: C:\Program Files (x86)\Arena\Tournaments\Engine Regression Battle 20251026_2.pgn

No:  B/W 1/2     W:B       1:2           Time        Value Moves Dep 1:2       1-2-Draws
   6 B 1    3.0:2.0        4.0:2.0       10:55:46 AM  -144.30    43 3.977 :0 2-0-4

--------------------------------------------------------------

Engine-Match Monday, October 27, 2025 10:55:48 AM
 Blitz 10/5 

Pairing 19/28 :    C0BR4_v2.9  -  V7P3R_v14.0

PGN-File: C:\Program Files (x86)\Arena\Tournaments\Engine Regression Battle 20251026_2.pgn

No:  B/W 1/2     W:B       1:2           Time        Value Moves Dep 1:2       1-2-Draws
   6 W 2    1.5:0.5        1.5:4.5       11:05:48 AM   +17.50    56 4.000 :5.214  1-4-1

--------------------------------------------------------------

Engine-Match Monday, October 27, 2025 11:05:50 AM
 Blitz 10/5 

Pairing 20/28 :    V7P3R_v14.3  -  V7P3R_v14.2

PGN-File: C:\Program Files (x86)\Arena\Tournaments\Engine Regression Battle 20251026_2.pgn

No:  B/W 1/2     W:B       1:2           Time        Value Moves Dep 1:2       1-2-Draws
   6 W 2    1.0:0.0        0.0:6.0       11:16:48 AM   +17.56    23 4.063 :5.250  0-6-0

--------------------------------------------------------------

Engine-Match Monday, October 27, 2025 11:16:50 AM
 Blitz 10/5 

Pairing 21/28 :    SlowMate_v3.1  -  V7P3R_v12.6

PGN-File: C:\Program Files (x86)\Arena\Tournaments\Engine Regression Battle 20251026_2.pgn

No:  B/W 1/2     W:B       1:2           Time        Value Moves Dep 1:2       1-2-Draws
   6 W 2    2.0:1.0        2.0:4.0       11:29:01 AM  +289.99    24 4.130 :4.611  1-3-2

--------------------------------------------------------------

Engine-Match Monday, October 27, 2025 11:29:02 AM
 Blitz 10/5 

Pairing 22/28 :    V7P3R_v14.0  -  Stockfish 1%

PGN-File: C:\Program Files (x86)\Arena\Tournaments\Engine Regression Battle 20251026_2.pgn

No:  B/W 1/2     W:B       1:2           Time        Value Moves Dep 1:2       1-2-Draws
   6 W 2    1.0:0.0        0.0:6.0       11:34:35 AM   +11.36    19 5.143 :17.316  0-6-0

--------------------------------------------------------------

Engine-Match Monday, October 27, 2025 11:34:36 AM
 Blitz 10/5 

Pairing 23/28 :    Random_Opponent  -  V7P3R_v14.3

PGN-File: C:\Program Files (x86)\Arena\Tournaments\Engine Regression Battle 20251026_2.pgn

No:  B/W 1/2     W:B       1:2           Time        Value Moves Dep 1:2       1-2-Draws
   6 W 2    1.0:0.0        0.0:6.0       11:38:28 AM  +289.98    22 0:4.750  0-6-0

--------------------------------------------------------------

Engine-Match Monday, October 27, 2025 11:38:29 AM
 Blitz 10/5 

Pairing 24/28 :    V7P3R_v14.2  -  C0BR4_v2.9

PGN-File: C:\Program Files (x86)\Arena\Tournaments\Engine Regression Battle 20251026_2.pgn

No:  B/W 1/2     W:B       1:2           Time        Value Moves Dep 1:2       1-2-Draws
   6 W 2    3.0:2.0        2.0:4.0       11:48:20 AM  +299.97    42 4.690 :3.950  0-2-4

--------------------------------------------------------------

Engine-Match Monday, October 27, 2025 11:48:21 AM
 Blitz 10/5 

Pairing 25/28 :    V7P3R_v12.6  -  V7P3R_v14.0

PGN-File: C:\Program Files (x86)\Arena\Tournaments\Engine Regression Battle 20251026_2.pgn

No:  B/W 1/2     W:B       1:2           Time        Value Moves Dep 1:2       1-2-Draws
   6 = =    2.0:2.0        3.0:3.0       12:07:33 PM     0.00    61 4.389 :4.688  1-1-4

--------------------------------------------------------------

Engine-Match Monday, October 27, 2025 12:07:34 PM
 Blitz 10/5 

Pairing 26/28 :    V7P3R_v14.3  -  SlowMate_v3.1

PGN-File: C:\Program Files (x86)\Arena\Tournaments\Engine Regression Battle 20251026_2.pgn

No:  B/W 1/2     W:B       1:2           Time        Value Moves Dep 1:2       1-2-Draws
   6 W 2    2.0:1.0        1.0:5.0       12:15:47 PM   +38.26    21 4.200 :4.143  0-4-2

--------------------------------------------------------------

Engine-Match Monday, October 27, 2025 12:15:48 PM
 Blitz 10/5 

Pairing 27/28 :    Stockfish 1%  -  V7P3R_v14.2

PGN-File: C:\Program Files (x86)\Arena\Tournaments\Engine Regression Battle 20251026_2.pgn

No:  B/W 1/2     W:B       1:2           Time        Value Moves Dep 1:2       1-2-Draws
   6 B 1    1.0:0.0        6.0:0.0       12:29:14 PM   -33.80    62 17.591 :5.381  6-0-0

--------------------------------------------------------------

Engine-Match Monday, October 27, 2025 12:29:16 PM
 Blitz 10/5 

Pairing 28/28 :    C0BR4_v2.9  -  Random_Opponent

PGN-File: C:\Program Files (x86)\Arena\Tournaments\Engine Regression Battle 20251026_2.pgn

No:  B/W 1/2     W:B       1:2           Time        Value Moves Dep 1:2       1-2-Draws
   6 B 1    1.0:0.0        6.0:0.0       12:29:35 PM  -299.97    13 3.818 :0 6-0-0

--------------------------------------------------------------

Engine-Match Monday, October 27, 2025 12:29:36 PM
 Blitz 10/5 

Pairing 1/28 :    V7P3R_v12.6  -  V7P3R_v14.3

PGN-File: C:\Program Files (x86)\Arena\Tournaments\Engine Regression Battle 20251026_2.pgn

No:  B/W 1/2     W:B       1:2           Time        Value Moves Dep 1:2       1-2-Draws
   7 W 1    1.0:0.0        7.0:0.0       12:48:46 PM   +23.24    48 4.259 :4.148  7-0-0

--------------------------------------------------------------

Engine-Match Monday, October 27, 2025 12:48:47 PM
 Blitz 10/5 

Pairing 2/28 :    V7P3R_v14.2  -  V7P3R_v14.0

PGN-File: C:\Program Files (x86)\Arena\Tournaments\Engine Regression Battle 20251026_2.pgn

No:  B/W 1/2     W:B       1:2           Time        Value Moves Dep 1:2       1-2-Draws
   7 = =    2.5:2.5        3.5:3.5       1:03:57 PM     0.00    48 5.400 :4.727  1-1-5

--------------------------------------------------------------

Engine-Match Monday, October 27, 2025 1:04:11 PM
 Blitz 10/5 

Pairing 3/28 :    SlowMate_v3.1  -  C0BR4_v2.9

PGN-File: C:\Program Files (x86)\Arena\Tournaments\Engine Regression Battle 20251026_2.pgn

No:  B/W 1/2     W:B       1:2           Time        Value Moves Dep 1:2       1-2-Draws
   7 = =    0.5:0.5        0.5:6.5       1:13:24 PM    +3.76    40 4.421 :4.000  0-6-1

--------------------------------------------------------------

Engine-Match Monday, October 27, 2025 1:13:25 PM
 Blitz 10/5 

Pairing 4/28 :    Random_Opponent  -  Stockfish 1%

PGN-File: C:\Program Files (x86)\Arena\Tournaments\Engine Regression Battle 20251026_2.pgn

No:  B/W 1/2     W:B       1:2           Time        Value Moves Dep 1:2       1-2-Draws
   7 B 2    1.0:0.0        0.0:7.0       1:13:38 PM      -M1    13 0:23.308  0-7-0

--------------------------------------------------------------

Engine-Match Monday, October 27, 2025 1:13:40 PM
 Blitz 10/5 

Pairing 5/28 :    V7P3R_v14.2  -  V7P3R_v12.6

PGN-File: C:\Program Files (x86)\Arena\Tournaments\Engine Regression Battle 20251026_2.pgn

No:  B/W 1/2     W:B       1:2           Time        Value Moves Dep 1:2       1-2-Draws
   7 W 1    2.0:1.0        3.0:4.0       1:36:04 PM     0.00    77 5.118 :4.667  2-3-2

--------------------------------------------------------------

Engine-Match Monday, October 27, 2025 1:36:05 PM
 Blitz 10/5 

Pairing 6/28 :    C0BR4_v2.9  -  V7P3R_v14.3

PGN-File: C:\Program Files (x86)\Arena\Tournaments\Engine Regression Battle 20251026_2.pgn

No:  B/W 1/2     W:B       1:2           Time        Value Moves Dep 1:2       1-2-Draws
   7 W 1    1.0:0.0        7.0:0.0       1:41:46 PM   +18.74    32 4.000 :4.077  7-0-0

--------------------------------------------------------------

Engine-Match Monday, October 27, 2025 1:41:48 PM
 Blitz 10/5 

Pairing 7/28 :    V7P3R_v14.0  -  Random_Opponent

PGN-File: C:\Program Files (x86)\Arena\Tournaments\Engine Regression Battle 20251026_2.pgn

No:  B/W 1/2     W:B       1:2           Time        Value Moves Dep 1:2       1-2-Draws
   7 W 1    1.0:0.0        7.0:0.0       1:43:12 PM  +289.99     5 5.400 :0 7-0-0

--------------------------------------------------------------

Engine-Match Monday, October 27, 2025 1:43:13 PM
 Blitz 10/5 

Pairing 8/28 :    Stockfish 1%  -  SlowMate_v3.1

PGN-File: C:\Program Files (x86)\Arena\Tournaments\Engine Regression Battle 20251026_2.pgn

No:  B/W 1/2     W:B       1:2           Time        Value Moves Dep 1:2       1-2-Draws
   7 W 1    1.0:0.0        6.0:1.0       1:49:18 PM      +M1    24 17.364 :3.783  6-1-0

--------------------------------------------------------------

Engine-Match Monday, October 27, 2025 1:49:20 PM
 Blitz 10/5 

Pairing 9/28 :    V7P3R_v12.6  -  C0BR4_v2.9

PGN-File: C:\Program Files (x86)\Arena\Tournaments\Engine Regression Battle 20251026_2.pgn

No:  B/W 1/2     W:B       1:2           Time        Value Moves Dep 1:2       1-2-Draws
   7 W 1    2.0:1.0        4.0:3.0       1:59:34 PM   +11.45    49 4.741 :4.000  3-2-2

--------------------------------------------------------------

Engine-Match Monday, October 27, 2025 1:59:35 PM
 Blitz 10/5 

Pairing 10/28 :    Random_Opponent  -  V7P3R_v14.2

PGN-File: C:\Program Files (x86)\Arena\Tournaments\Engine Regression Battle 20251026_2.pgn

No:  B/W 1/2     W:B       1:2           Time        Value Moves Dep 1:2       1-2-Draws
   7 B 2    1.0:0.0        0.0:7.0       2:02:05 PM  -289.99    10 0:5.111  0-7-0

--------------------------------------------------------------

Engine-Match Monday, October 27, 2025 2:02:07 PM
 Blitz 10/5 

Pairing 11/28 :    V7P3R_v14.3  -  Stockfish 1%

PGN-File: C:\Program Files (x86)\Arena\Tournaments\Engine Regression Battle 20251026_2.pgn

No:  B/W 1/2     W:B       1:2           Time        Value Moves Dep 1:2       1-2-Draws
   7 B 2    1.0:0.0        0.0:7.0       2:04:10 PM      -M1    13 4.500 :28.692  0-7-0

--------------------------------------------------------------

Engine-Match Monday, October 27, 2025 2:04:11 PM
 Blitz 10/5 

Pairing 12/28 :    SlowMate_v3.1  -  V7P3R_v14.0

PGN-File: C:\Program Files (x86)\Arena\Tournaments\Engine Regression Battle 20251026_2.pgn

No:  B/W 1/2     W:B       1:2           Time        Value Moves Dep 1:2       1-2-Draws
   7 B 2    2.0:1.0        2.0:5.0       2:30:38 PM  -289.99    67 4.256 :4.929  1-4-2

--------------------------------------------------------------

Engine-Match Monday, October 27, 2025 2:30:40 PM
 Blitz 10/5 

Pairing 13/28 :    Random_Opponent  -  V7P3R_v12.6

PGN-File: C:\Program Files (x86)\Arena\Tournaments\Engine Regression Battle 20251026_2.pgn

No:  B/W 1/2     W:B       1:2           Time        Value Moves Dep 1:2       1-2-Draws
   7 B 2    1.0:0.0        0.0:7.0       2:35:41 PM     0.00    19 0:5.467  0-7-0

--------------------------------------------------------------

Engine-Match Monday, October 27, 2025 2:35:42 PM
 Blitz 10/5 

Pairing 14/28 :    Stockfish 1%  -  C0BR4_v2.9

PGN-File: C:\Program Files (x86)\Arena\Tournaments\Engine Regression Battle 20251026_2.pgn

No:  B/W 1/2     W:B       1:2           Time        Value Moves Dep 1:2       1-2-Draws
   7 W 1    1.0:0.0        7.0:0.0       2:36:42 PM    +9.07    72 16.621 :4.000  7-0-0

--------------------------------------------------------------

Engine-Match Monday, October 27, 2025 2:36:43 PM
 Blitz 10/5 

Pairing 15/28 :    V7P3R_v14.2  -  SlowMate_v3.1

PGN-File: C:\Program Files (x86)\Arena\Tournaments\Engine Regression Battle 20251026_2.pgn

No:  B/W 1/2     W:B       1:2           Time        Value Moves Dep 1:2       1-2-Draws
   7 W 1    1.5:0.5        6.5:0.5       3:03:39 PM   +23.96    69 4.727 :3.941  6-0-1

--------------------------------------------------------------

Engine-Match Monday, October 27, 2025 3:03:40 PM
 Blitz 10/5 

Pairing 16/28 :    V7P3R_v14.0  -  V7P3R_v14.3

PGN-File: C:\Program Files (x86)\Arena\Tournaments\Engine Regression Battle 20251026_2.pgn

No:  B/W 1/2     W:B       1:2           Time        Value Moves Dep 1:2       1-2-Draws
   7 W 1    1.0:0.0        7.0:0.0       3:14:31 PM  +289.99    26 5.059 :4.045  7-0-0

--------------------------------------------------------------

Engine-Match Monday, October 27, 2025 3:14:32 PM
 Blitz 10/5 

Pairing 17/28 :    V7P3R_v12.6  -  Stockfish 1%

PGN-File: C:\Program Files (x86)\Arena\Tournaments\Engine Regression Battle 20251026_2.pgn

No:  B/W 1/2     W:B       1:2           Time        Value Moves Dep 1:2       1-2-Draws
   7 B 2    1.0:0.0        0.0:7.0       3:18:32 PM      -M1    14 4.778 :25.857  0-7-0

--------------------------------------------------------------

Engine-Match Monday, October 27, 2025 3:18:33 PM
 Blitz 10/5 

Pairing 18/28 :    SlowMate_v3.1  -  Random_Opponent

PGN-File: C:\Program Files (x86)\Arena\Tournaments\Engine Regression Battle 20251026_2.pgn

No:  B/W 1/2     W:B       1:2           Time        Value Moves Dep 1:2       1-2-Draws
   7 W 1    3.0:2.0        5.0:2.0       3:21:21 PM  +106.45    10 4.400 :0 3-0-4

--------------------------------------------------------------

Engine-Match Monday, October 27, 2025 3:21:22 PM
 Blitz 10/5 

Pairing 19/28 :    C0BR4_v2.9  -  V7P3R_v14.0

PGN-File: C:\Program Files (x86)\Arena\Tournaments\Engine Regression Battle 20251026_2.pgn

No:  B/W 1/2     W:B       1:2           Time        Value Moves Dep 1:2       1-2-Draws
   7 B 2    1.5:0.5        1.5:5.5       3:28:08 PM   -21.48    29 4.000 :4.933  1-5-1

--------------------------------------------------------------

Engine-Match Monday, October 27, 2025 3:28:09 PM
 Blitz 10/5 

Pairing 20/28 :    V7P3R_v14.3  -  V7P3R_v14.2

PGN-File: C:\Program Files (x86)\Arena\Tournaments\Engine Regression Battle 20251026_2.pgn

No:  B/W 1/2     W:B       1:2           Time        Value Moves Dep 1:2       1-2-Draws
   7 B 2    1.0:0.0        0.0:7.0       3:36:07 PM     0.00    23 4.188 :4.750  0-7-0

--------------------------------------------------------------

Engine-Match Monday, October 27, 2025 3:36:08 PM
 Blitz 10/5 

Pairing 21/28 :    SlowMate_v3.1  -  V7P3R_v12.6

PGN-File: C:\Program Files (x86)\Arena\Tournaments\Engine Regression Battle 20251026_2.pgn

No:  B/W 1/2     W:B       1:2           Time        Value Moves Dep 1:2       1-2-Draws
   7 = =    1.5:1.5        2.5:4.5       4:03:20 PM    +4.47    74 4.000 :4.364  1-3-3

--------------------------------------------------------------

Engine-Match Monday, October 27, 2025 4:03:21 PM
 Blitz 10/5 

Pairing 22/28 :    V7P3R_v14.0  -  Stockfish 1%

PGN-File: C:\Program Files (x86)\Arena\Tournaments\Engine Regression Battle 20251026_2.pgn

No:  B/W 1/2     W:B       1:2           Time        Value Moves Dep 1:2       1-2-Draws
   7 B 2    1.0:0.0        0.0:7.0       4:16:11 PM   -14.74    56 4.565 :17.200  0-7-0

--------------------------------------------------------------

Engine-Match Monday, October 27, 2025 4:16:21 PM
 Blitz 10/5 

Pairing 23/28 :    Random_Opponent  -  V7P3R_v14.3

PGN-File: C:\Program Files (x86)\Arena\Tournaments\Engine Regression Battle 20251026_2.pgn

No:  B/W 1/2     W:B       1:2           Time        Value Moves Dep 1:2       1-2-Draws
   7 B 2    1.0:0.0        0.0:7.0       4:20:06 PM     0.00    22 0:4.800  0-7-0

--------------------------------------------------------------

Engine-Match Monday, October 27, 2025 4:20:08 PM
 Blitz 10/5 

Pairing 24/28 :    V7P3R_v14.2  -  C0BR4_v2.9

PGN-File: C:\Program Files (x86)\Arena\Tournaments\Engine Regression Battle 20251026_2.pgn

No:  B/W 1/2     W:B       1:2           Time        Value Moves Dep 1:2       1-2-Draws
   7 W 1    3.0:2.0        3.0:4.0       4:30:23 PM   +10.95    41 5.111 :4.000  1-2-4

--------------------------------------------------------------

Engine-Match Monday, October 27, 2025 4:30:24 PM
 Blitz 10/5 

Pairing 25/28 :    V7P3R_v12.6  -  V7P3R_v14.0

PGN-File: C:\Program Files (x86)\Arena\Tournaments\Engine Regression Battle 20251026_2.pgn

No:  B/W 1/2     W:B       1:2           Time        Value Moves Dep 1:2       1-2-Draws
   7 W 1    3.0:2.0        4.0:3.0       4:50:00 PM  +289.99    60 4.381 :4.818  2-1-4

--------------------------------------------------------------

Engine-Match Monday, October 27, 2025 4:50:01 PM
 Blitz 10/5 

Pairing 26/28 :    V7P3R_v14.3  -  SlowMate_v3.1

PGN-File: C:\Program Files (x86)\Arena\Tournaments\Engine Regression Battle 20251026_2.pgn

No:  B/W 1/2     W:B       1:2           Time        Value Moves Dep 1:2       1-2-Draws
   7 B 2    2.0:1.0        1.0:6.0       5:04:53 PM   -28.96    41 4.241 :3.975  0-5-2

--------------------------------------------------------------

Engine-Match Monday, October 27, 2025 5:04:54 PM
 Blitz 10/5 

Pairing 27/28 :    Stockfish 1%  -  V7P3R_v14.2

PGN-File: C:\Program Files (x86)\Arena\Tournaments\Engine Regression Battle 20251026_2.pgn

No:  B/W 1/2     W:B       1:2           Time        Value Moves Dep 1:2       1-2-Draws
   7 W 1    1.0:0.0        7.0:0.0       5:09:59 PM      +M1    22 21.667 :5.333  7-0-0

--------------------------------------------------------------

Engine-Match Monday, October 27, 2025 5:10:00 PM
 Blitz 10/5 

Pairing 28/28 :    C0BR4_v2.9  -  Random_Opponent

PGN-File: C:\Program Files (x86)\Arena\Tournaments\Engine Regression Battle 20251026_2.pgn

No:  B/W 1/2     W:B       1:2           Time        Value Moves Dep 1:2       1-2-Draws
   7 W 1    1.0:0.0        7.0:0.0       5:10:19 PM  +299.97    21 4.000 :0 7-0-0

--------------------------------------------------------------

Engine-Match Monday, October 27, 2025 5:10:20 PM
 Blitz 10/5 

Pairing 1/28 :    V7P3R_v12.6  -  V7P3R_v14.3

PGN-File: C:\Program Files (x86)\Arena\Tournaments\Engine Regression Battle 20251026_2.pgn

No:  B/W 1/2     W:B       1:2           Time        Value Moves Dep 1:2       1-2-Draws
   8 B 1    1.0:0.0        8.0:0.0       5:23:52 PM   -25.15    25 4.700 :4.174  8-0-0

--------------------------------------------------------------

Engine-Match Monday, October 27, 2025 5:23:53 PM
 Blitz 10/5 

Pairing 2/28 :    V7P3R_v14.2  -  V7P3R_v14.0

PGN-File: C:\Program Files (x86)\Arena\Tournaments\Engine Regression Battle 20251026_2.pgn

No:  B/W 1/2     W:B       1:2           Time        Value Moves Dep 1:2       1-2-Draws
   8 W 2    3.5:2.5        3.5:4.5       5:44:08 PM  +289.99    58 5.000 :4.593  1-2-5

--------------------------------------------------------------

Engine-Match Monday, October 27, 2025 5:44:09 PM
 Blitz 10/5 

Pairing 3/28 :    SlowMate_v3.1  -  C0BR4_v2.9

PGN-File: C:\Program Files (x86)\Arena\Tournaments\Engine Regression Battle 20251026_2.pgn

No:  B/W 1/2     W:B       1:2           Time        Value Moves Dep 1:2       1-2-Draws
   8 W 2    1.5:0.5        0.5:7.5       5:46:40 PM  +299.97     9 4.250 :3.714  0-7-1

--------------------------------------------------------------

Engine-Match Monday, October 27, 2025 5:46:42 PM
 Blitz 10/5 

Pairing 4/28 :    Random_Opponent  -  Stockfish 1%

PGN-File: C:\Program Files (x86)\Arena\Tournaments\Engine Regression Battle 20251026_2.pgn

No:  B/W 1/2     W:B       1:2           Time        Value Moves Dep 1:2       1-2-Draws
   8 W 2    1.0:0.0        0.0:8.0       5:47:01 PM      +M1    25 0:22.458  0-8-0

--------------------------------------------------------------

Engine-Match Monday, October 27, 2025 5:47:03 PM
 Blitz 10/5 

Pairing 5/28 :    V7P3R_v14.2  -  V7P3R_v12.6

PGN-File: C:\Program Files (x86)\Arena\Tournaments\Engine Regression Battle 20251026_2.pgn

No:  B/W 1/2     W:B       1:2           Time        Value Moves Dep 1:2       1-2-Draws
   8 B 1    2.0:1.0        4.0:4.0       6:12:36 PM  -290.00    72 4.840 :4.360  3-3-2

--------------------------------------------------------------

Engine-Match Monday, October 27, 2025 6:12:38 PM
 Blitz 10/5 

Pairing 6/28 :    C0BR4_v2.9  -  V7P3R_v14.3

PGN-File: C:\Program Files (x86)\Arena\Tournaments\Engine Regression Battle 20251026_2.pgn

No:  B/W 1/2     W:B       1:2           Time        Value Moves Dep 1:2       1-2-Draws
   8 B 1    1.0:0.0        8.0:0.0       6:16:51 PM  -299.97    26 4.000 :4.150  8-0-0

--------------------------------------------------------------

Engine-Match Monday, October 27, 2025 6:16:52 PM
 Blitz 10/5 

Pairing 7/28 :    V7P3R_v14.0  -  Random_Opponent

PGN-File: C:\Program Files (x86)\Arena\Tournaments\Engine Regression Battle 20251026_2.pgn

No:  B/W 1/2     W:B       1:2           Time        Value Moves Dep 1:2       1-2-Draws
   8 B 1    1.0:0.0        8.0:0.0       6:19:45 PM     0.00    12 5.375 :0 8-0-0

--------------------------------------------------------------

Engine-Match Monday, October 27, 2025 6:19:46 PM
 Blitz 10/5 

Pairing 8/28 :    Stockfish 1%  -  SlowMate_v3.1

PGN-File: C:\Program Files (x86)\Arena\Tournaments\Engine Regression Battle 20251026_2.pgn

No:  B/W 1/2     W:B       1:2           Time        Value Moves Dep 1:2       1-2-Draws
   8 B 1    1.0:0.0        7.0:1.0       6:30:21 PM      -M1    48 16.933 :4.229  7-1-0

--------------------------------------------------------------

Engine-Match Monday, October 27, 2025 6:30:22 PM
 Blitz 10/5 

Pairing 9/28 :    V7P3R_v12.6  -  C0BR4_v2.9

PGN-File: C:\Program Files (x86)\Arena\Tournaments\Engine Regression Battle 20251026_2.pgn

No:  B/W 1/2     W:B       1:2           Time        Value Moves Dep 1:2       1-2-Draws
   8 B 1    2.0:1.0        5.0:3.0       6:35:48 PM  -289.99    24 4.625 :3.955  4-2-2

--------------------------------------------------------------

Engine-Match Monday, October 27, 2025 6:35:50 PM
 Blitz 10/5 

Pairing 10/28 :    Random_Opponent  -  V7P3R_v14.2

PGN-File: C:\Program Files (x86)\Arena\Tournaments\Engine Regression Battle 20251026_2.pgn

No:  B/W 1/2     W:B       1:2           Time        Value Moves Dep 1:2       1-2-Draws
   8 W 2    1.0:0.0        0.0:8.0       6:42:12 PM     0.00    25 0:5.050  0-8-0

--------------------------------------------------------------

Engine-Match Monday, October 27, 2025 6:42:13 PM
 Blitz 10/5 

Pairing 11/28 :    V7P3R_v14.3  -  Stockfish 1%

PGN-File: C:\Program Files (x86)\Arena\Tournaments\Engine Regression Battle 20251026_2.pgn

No:  B/W 1/2     W:B       1:2           Time        Value Moves Dep 1:2       1-2-Draws
   8 W 2    1.0:0.0        0.0:8.0       6:52:18 PM   +20.09    60 4.135 :17.708  0-8-0

--------------------------------------------------------------

Engine-Match Monday, October 27, 2025 6:52:19 PM
 Blitz 10/5 

Pairing 12/28 :    SlowMate_v3.1  -  V7P3R_v14.0

PGN-File: C:\Program Files (x86)\Arena\Tournaments\Engine Regression Battle 20251026_2.pgn

No:  B/W 1/2     W:B       1:2           Time        Value Moves Dep 1:2       1-2-Draws
   8 W 2    2.0:1.0        2.0:6.0       7:14:10 PM   +10.28    50 3.824 :4.667  1-5-2

--------------------------------------------------------------

Engine-Match Monday, October 27, 2025 7:14:12 PM
 Blitz 10/5 

Pairing 13/28 :    Random_Opponent  -  V7P3R_v12.6

PGN-File: C:\Program Files (x86)\Arena\Tournaments\Engine Regression Battle 20251026_2.pgn

No:  B/W 1/2     W:B       1:2           Time        Value Moves Dep 1:2       1-2-Draws
   8 W 2    1.0:0.0        0.0:8.0       7:16:34 PM  +289.99    11 0:4.889  0-8-0

--------------------------------------------------------------

Engine-Match Monday, October 27, 2025 7:16:36 PM
 Blitz 10/5 

Pairing 14/28 :    Stockfish 1%  -  C0BR4_v2.9

PGN-File: C:\Program Files (x86)\Arena\Tournaments\Engine Regression Battle 20251026_2.pgn

No:  B/W 1/2     W:B       1:2           Time        Value Moves Dep 1:2       1-2-Draws
   8 B 1    1.0:0.0        8.0:0.0       7:17:15 PM      -M1    35 16.542 :4.000  8-0-0

--------------------------------------------------------------

Engine-Match Monday, October 27, 2025 7:17:22 PM
 Blitz 10/5 

Pairing 15/28 :    V7P3R_v14.2  -  SlowMate_v3.1

PGN-File: C:\Program Files (x86)\Arena\Tournaments\Engine Regression Battle 20251026_2.pgn

No:  B/W 1/2     W:B       1:2           Time        Value Moves Dep 1:2       1-2-Draws
   8 B 1    1.5:0.5        7.5:0.5       7:41:57 PM  -289.99    60 4.970 :4.283  7-0-1

--------------------------------------------------------------

Engine-Match Monday, October 27, 2025 7:41:58 PM
 Blitz 10/5 

Pairing 16/28 :    V7P3R_v14.0  -  V7P3R_v14.3

PGN-File: C:\Program Files (x86)\Arena\Tournaments\Engine Regression Battle 20251026_2.pgn

No:  B/W 1/2     W:B       1:2           Time        Value Moves Dep 1:2       1-2-Draws
   8 B 1    1.0:0.0        8.0:0.0       7:57:56 PM  -289.99    39 4.960 :4.406  8-0-0

--------------------------------------------------------------

Engine-Match Monday, October 27, 2025 7:57:58 PM
 Blitz 10/5 

Pairing 17/28 :    V7P3R_v12.6  -  Stockfish 1%

PGN-File: C:\Program Files (x86)\Arena\Tournaments\Engine Regression Battle 20251026_2.pgn

No:  B/W 1/2     W:B       1:2           Time        Value Moves Dep 1:2       1-2-Draws
   8 W 2    1.0:0.0        0.0:8.0       8:05:41 PM      +M1    27 4.350 :17.682  0-8-0

--------------------------------------------------------------

Engine-Match Monday, October 27, 2025 8:05:42 PM
 Blitz 10/5 

Pairing 18/28 :    SlowMate_v3.1  -  Random_Opponent

PGN-File: C:\Program Files (x86)\Arena\Tournaments\Engine Regression Battle 20251026_2.pgn

No:  B/W 1/2     W:B       1:2           Time        Value Moves Dep 1:2       1-2-Draws
   8 B 1    3.0:2.0        6.0:2.0       8:08:00 PM   -86.72     8 4.875 :0 4-0-4

--------------------------------------------------------------

Engine-Match Monday, October 27, 2025 8:08:01 PM
 Blitz 10/5 

Pairing 19/28 :    C0BR4_v2.9  -  V7P3R_v14.0

PGN-File: C:\Program Files (x86)\Arena\Tournaments\Engine Regression Battle 20251026_2.pgn

No:  B/W 1/2     W:B       1:2           Time        Value Moves Dep 1:2       1-2-Draws
   8 B 1    1.5:0.5        2.5:5.5       8:17:17 PM   -14.49    41 4.000 :4.955  2-5-1

--------------------------------------------------------------

Engine-Match Monday, October 27, 2025 8:17:18 PM
 Blitz 10/5 

Pairing 20/28 :    V7P3R_v14.3  -  V7P3R_v14.2

PGN-File: C:\Program Files (x86)\Arena\Tournaments\Engine Regression Battle 20251026_2.pgn

No:  B/W 1/2     W:B       1:2           Time        Value Moves Dep 1:2       1-2-Draws
   8 W 2    1.0:0.0        0.0:8.0       8:30:40 PM   +52.88    34 4.192 :5.211  0-8-0

--------------------------------------------------------------

Engine-Match Monday, October 27, 2025 8:30:41 PM
 Blitz 10/5 

Pairing 21/28 :    SlowMate_v3.1  -  V7P3R_v12.6

PGN-File: C:\Program Files (x86)\Arena\Tournaments\Engine Regression Battle 20251026_2.pgn

No:  B/W 1/2     W:B       1:2           Time        Value Moves Dep 1:2       1-2-Draws
   8 B 1    2.5:1.5        3.5:4.5       8:53:47 PM   -26.80    63 3.815 :4.381  2-3-3

--------------------------------------------------------------

Engine-Match Monday, October 27, 2025 8:53:48 PM
 Blitz 10/5 

Pairing 22/28 :    V7P3R_v14.0  -  Stockfish 1%

PGN-File: C:\Program Files (x86)\Arena\Tournaments\Engine Regression Battle 20251026_2.pgn

No:  B/W 1/2     W:B       1:2           Time        Value Moves Dep 1:2       1-2-Draws
   8 W 2    1.0:0.0        0.0:8.0       9:03:09 PM      +M1    39 4.690 :15.348  0-8-0

--------------------------------------------------------------

Engine-Match Monday, October 27, 2025 9:03:11 PM
 Blitz 10/5 

Pairing 23/28 :    Random_Opponent  -  V7P3R_v14.3

PGN-File: C:\Program Files (x86)\Arena\Tournaments\Engine Regression Battle 20251026_2.pgn

No:  B/W 1/2     W:B       1:2           Time        Value Moves Dep 1:2       1-2-Draws
   8 W 2    1.0:0.0        0.0:8.0       9:09:38 PM  +289.98    33 0:4.250  0-8-0

--------------------------------------------------------------

Engine-Match Monday, October 27, 2025 9:09:39 PM
 Blitz 10/5 

Pairing 24/28 :    V7P3R_v14.2  -  C0BR4_v2.9

PGN-File: C:\Program Files (x86)\Arena\Tournaments\Engine Regression Battle 20251026_2.pgn

No:  B/W 1/2     W:B       1:2           Time        Value Moves Dep 1:2       1-2-Draws
   8 B 1    3.0:2.0        4.0:4.0       9:21:50 PM     0.00    58 5.143 :4.000  2-2-4

--------------------------------------------------------------

Engine-Match Monday, October 27, 2025 9:21:51 PM
 Blitz 10/5 

Pairing 25/28 :    V7P3R_v12.6  -  V7P3R_v14.0

PGN-File: C:\Program Files (x86)\Arena\Tournaments\Engine Regression Battle 20251026_2.pgn

No:  B/W 1/2     W:B       1:2           Time        Value Moves Dep 1:2       1-2-Draws
   8 B 1    3.0:2.0        5.0:3.0       9:39:42 PM     0.00    50 4.269 :4.696  3-1-4

--------------------------------------------------------------

Engine-Match Monday, October 27, 2025 9:39:44 PM
 Blitz 10/5 

Pairing 26/28 :    V7P3R_v14.3  -  SlowMate_v3.1

PGN-File: C:\Program Files (x86)\Arena\Tournaments\Engine Regression Battle 20251026_2.pgn

No:  B/W 1/2     W:B       1:2           Time        Value Moves Dep 1:2       1-2-Draws
   8 W 2    2.0:1.0        1.0:7.0       9:53:10 PM  +289.96    36 4.471 :4.231  0-6-2

--------------------------------------------------------------

Engine-Match Monday, October 27, 2025 9:53:12 PM
 Blitz 10/5 

Pairing 27/28 :    Stockfish 1%  -  V7P3R_v14.2

PGN-File: C:\Program Files (x86)\Arena\Tournaments\Engine Regression Battle 20251026_2.pgn

No:  B/W 1/2     W:B       1:2           Time        Value Moves Dep 1:2       1-2-Draws
   8 B 1    1.0:0.0        8.0:0.0       10:02:33 PM      -M1    36 17.105 :5.000  8-0-0

--------------------------------------------------------------

Engine-Match Monday, October 27, 2025 10:02:34 PM
 Blitz 10/5 

Pairing 28/28 :    C0BR4_v2.9  -  Random_Opponent

PGN-File: C:\Program Files (x86)\Arena\Tournaments\Engine Regression Battle 20251026_2.pgn

No:  B/W 1/2     W:B       1:2           Time        Value Moves Dep 1:2       1-2-Draws
   8 B 1    1.0:0.0        8.0:0.0       10:02:54 PM  -299.97    17 3.867 :0 8-0-0

--------------------------------------------------------------

Engine-Match Monday, October 27, 2025 10:02:56 PM
 Blitz 10/5 

Pairing 1/28 :    V7P3R_v12.6  -  V7P3R_v14.3

PGN-File: C:\Program Files (x86)\Arena\Tournaments\Engine Regression Battle 20251026_2.pgn

No:  B/W 1/2     W:B       1:2           Time        Value Moves Dep 1:2       1-2-Draws
   9 W 1    1.0:0.0        9.0:0.0       10:15:02 PM  +289.99    33 4.429 :4.200  9-0-0

--------------------------------------------------------------

Engine-Match Monday, October 27, 2025 10:15:03 PM
 Blitz 10/5 

Pairing 2/28 :    V7P3R_v14.2  -  V7P3R_v14.0

PGN-File: C:\Program Files (x86)\Arena\Tournaments\Engine Regression Battle 20251026_2.pgn

No:  B/W 1/2     W:B       1:2           Time        Value Moves Dep 1:2       1-2-Draws
   9 = =    3.0:3.0        4.0:5.0       10:30:18 PM     0.00    48 5.400 :4.727  1-2-6

--------------------------------------------------------------

Engine-Match Monday, October 27, 2025 10:30:19 PM
 Blitz 10/5 

Pairing 3/28 :    SlowMate_v3.1  -  C0BR4_v2.9

PGN-File: C:\Program Files (x86)\Arena\Tournaments\Engine Regression Battle 20251026_2.pgn

No:  B/W 1/2     W:B       1:2           Time        Value Moves Dep 1:2       1-2-Draws
   9 = =    1.0:1.0        1.0:8.0       10:41:02 PM    -1.17    45 4.382 :4.000  0-7-2

--------------------------------------------------------------

Engine-Match Monday, October 27, 2025 10:41:03 PM
 Blitz 10/5 

Pairing 4/28 :    Random_Opponent  -  Stockfish 1%

PGN-File: C:\Program Files (x86)\Arena\Tournaments\Engine Regression Battle 20251026_2.pgn

No:  B/W 1/2     W:B       1:2           Time        Value Moves Dep 1:2       1-2-Draws
   9 B 2    1.0:0.0        0.0:9.0       10:41:18 PM      -M1    14 0:20.929  0-9-0

--------------------------------------------------------------

Engine-Match Monday, October 27, 2025 10:41:19 PM
 Blitz 10/5 

Pairing 5/28 :    V7P3R_v14.2  -  V7P3R_v12.6

PGN-File: C:\Program Files (x86)\Arena\Tournaments\Engine Regression Battle 20251026_2.pgn

No:  B/W 1/2     W:B       1:2           Time        Value Moves Dep 1:2       1-2-Draws
   9 = =    1.5:1.5        4.5:4.5       11:01:59 PM     0.00    58 5.118 :4.619  3-3-3

--------------------------------------------------------------

Engine-Match Monday, October 27, 2025 11:02:00 PM
 Blitz 10/5 

Pairing 6/28 :    C0BR4_v2.9  -  V7P3R_v14.3

PGN-File: C:\Program Files (x86)\Arena\Tournaments\Engine Regression Battle 20251026_2.pgn

No:  B/W 1/2     W:B       1:2           Time        Value Moves Dep 1:2       1-2-Draws
   9 W 1    1.0:0.0        9.0:0.0       11:05:28 PM   +12.86    20 4.000 :4.000  9-0-0

--------------------------------------------------------------

Engine-Match Monday, October 27, 2025 11:05:39 PM
 Blitz 10/5 

Pairing 7/28 :    V7P3R_v14.0  -  Random_Opponent

PGN-File: C:\Program Files (x86)\Arena\Tournaments\Engine Regression Battle 20251026_2.pgn

No:  B/W 1/2     W:B       1:2           Time        Value Moves Dep 1:2       1-2-Draws
   9 W 1    1.0:0.0        9.0:0.0       11:11:20 PM  +289.98    20 5.111 :0 9-0-0

--------------------------------------------------------------

Engine-Match Monday, October 27, 2025 11:11:21 PM
 Blitz 10/5 

Pairing 8/28 :    Stockfish 1%  -  SlowMate_v3.1

PGN-File: C:\Program Files (x86)\Arena\Tournaments\Engine Regression Battle 20251026_2.pgn

No:  B/W 1/2     W:B       1:2           Time        Value Moves Dep 1:2       1-2-Draws
   9 W 1    1.0:0.0        8.0:1.0       11:17:38 PM   +16.26    24 18.583 :4.125  8-1-0

--------------------------------------------------------------

Engine-Match Monday, October 27, 2025 11:17:39 PM
 Blitz 10/5 

Pairing 9/28 :    V7P3R_v12.6  -  C0BR4_v2.9

PGN-File: C:\Program Files (x86)\Arena\Tournaments\Engine Regression Battle 20251026_2.pgn

No:  B/W 1/2     W:B       1:2           Time        Value Moves Dep 1:2       1-2-Draws
   9 W 1    2.0:1.0        6.0:3.0       11:29:16 PM   +16.35    57 4.769 :4.000  5-2-2

--------------------------------------------------------------

Engine-Match Monday, October 27, 2025 11:29:17 PM
 Blitz 10/5 

Pairing 10/28 :    Random_Opponent  -  V7P3R_v14.2

PGN-File: C:\Program Files (x86)\Arena\Tournaments\Engine Regression Battle 20251026_2.pgn

No:  B/W 1/2     W:B       1:2           Time        Value Moves Dep 1:2       1-2-Draws
   9 B 2    1.0:0.0        0.0:9.0       11:34:33 PM     0.00    16 0:5.385  0-9-0

--------------------------------------------------------------

Engine-Match Monday, October 27, 2025 11:34:34 PM
 Blitz 10/5 

Pairing 11/28 :    V7P3R_v14.3  -  Stockfish 1%

PGN-File: C:\Program Files (x86)\Arena\Tournaments\Engine Regression Battle 20251026_2.pgn

No:  B/W 1/2     W:B       1:2           Time        Value Moves Dep 1:2       1-2-Draws
   9 B 2    1.0:0.0        0.0:9.0       11:36:31 PM      -M1    11 4.100 :22.091  0-9-0

--------------------------------------------------------------

Engine-Match Monday, October 27, 2025 11:36:32 PM
 Blitz 10/5 

Pairing 12/28 :    SlowMate_v3.1  -  V7P3R_v14.0

PGN-File: C:\Program Files (x86)\Arena\Tournaments\Engine Regression Battle 20251026_2.pgn

No:  B/W 1/2     W:B       1:2           Time        Value Moves Dep 1:2       1-2-Draws
   9 = =    1.5:1.5        2.5:6.5       11:58:20 PM    -6.34    57 4.438 :5.444  1-5-3

--------------------------------------------------------------

Engine-Match Monday, October 27, 2025 11:58:21 PM
 Blitz 10/5 

Pairing 13/28 :    Random_Opponent  -  V7P3R_v12.6

PGN-File: C:\Program Files (x86)\Arena\Tournaments\Engine Regression Battle 20251026_2.pgn

No:  B/W 1/2     W:B       1:2           Time        Value Moves Dep 1:2       1-2-Draws
   9 B 2    1.0:0.0        0.0:9.0       12:02:51 AM     0.00    17 0:4.929  0-9-0

--------------------------------------------------------------

Engine-Match Tuesday, October 28, 2025 12:02:53 AM
 Blitz 10/5 

Pairing 14/28 :    Stockfish 1%  -  C0BR4_v2.9

PGN-File: C:\Program Files (x86)\Arena\Tournaments\Engine Regression Battle 20251026_2.pgn

No:  B/W 1/2     W:B       1:2           Time        Value Moves Dep 1:2       1-2-Draws
   9 W 1    1.0:0.0        9.0:0.0       12:03:18 AM   +16.46    27 17.190 :4.000  9-0-0

--------------------------------------------------------------

Engine-Match Tuesday, October 28, 2025 12:03:19 AM
 Blitz 10/5 

Pairing 15/28 :    V7P3R_v14.2  -  SlowMate_v3.1

PGN-File: C:\Program Files (x86)\Arena\Tournaments\Engine Regression Battle 20251026_2.pgn

No:  B/W 1/2     W:B       1:2           Time        Value Moves Dep 1:2       1-2-Draws
   9 W 1    1.5:0.5        8.5:0.5       12:18:46 AM  +290.00    28 4.773 :3.815  8-0-1

--------------------------------------------------------------

Engine-Match Tuesday, October 28, 2025 12:18:47 AM
 Blitz 10/5 

Pairing 16/28 :    V7P3R_v14.0  -  V7P3R_v14.3

PGN-File: C:\Program Files (x86)\Arena\Tournaments\Engine Regression Battle 20251026_2.pgn

No:  B/W 1/2     W:B       1:2           Time        Value Moves Dep 1:2       1-2-Draws
   9 W 1    1.0:0.0        9.0:0.0       12:29:03 AM   +11.52    25 4.500 :3.708  9-0-0

--------------------------------------------------------------

Engine-Match Tuesday, October 28, 2025 12:29:04 AM
 Blitz 10/5 

Pairing 17/28 :    V7P3R_v12.6  -  Stockfish 1%

PGN-File: C:\Program Files (x86)\Arena\Tournaments\Engine Regression Battle 20251026_2.pgn

No:  B/W 1/2     W:B       1:2           Time        Value Moves Dep 1:2       1-2-Draws
   9 B 2    1.0:0.0        0.0:9.0       12:39:31 AM      -M1    34 4.481 :17.059  0-9-0

--------------------------------------------------------------

Engine-Match Tuesday, October 28, 2025 12:39:32 AM
 Blitz 10/5 

Pairing 18/28 :    SlowMate_v3.1  -  Random_Opponent

PGN-File: C:\Program Files (x86)\Arena\Tournaments\Engine Regression Battle 20251026_2.pgn

No:  B/W 1/2     W:B       1:2           Time        Value Moves Dep 1:2       1-2-Draws
   9 W 1    3.0:2.0        7.0:2.0       12:44:01 AM  +117.94    17 4.176 :0 5-0-4

--------------------------------------------------------------

Engine-Match Tuesday, October 28, 2025 12:44:02 AM
 Blitz 10/5 

Pairing 19/28 :    C0BR4_v2.9  -  V7P3R_v14.0

PGN-File: C:\Program Files (x86)\Arena\Tournaments\Engine Regression Battle 20251026_2.pgn

No:  B/W 1/2     W:B       1:2           Time        Value Moves Dep 1:2       1-2-Draws
   9 B 2    1.5:0.5        2.5:6.5       12:52:52 AM     0.00    39 4.000 :5.474  2-6-1

--------------------------------------------------------------

Engine-Match Tuesday, October 28, 2025 12:52:54 AM
 Blitz 10/5 

Pairing 20/28 :    V7P3R_v14.3  -  V7P3R_v14.2

PGN-File: C:\Program Files (x86)\Arena\Tournaments\Engine Regression Battle 20251026_2.pgn

No:  B/W 1/2     W:B       1:2           Time        Value Moves Dep 1:2       1-2-Draws
   9 B 2    1.0:0.0        0.0:9.0       1:02:00 AM   -11.94    22 3.941 :4.800  0-9-0

--------------------------------------------------------------

Engine-Match Tuesday, October 28, 2025 1:02:01 AM
 Blitz 10/5 

Pairing 21/28 :    SlowMate_v3.1  -  V7P3R_v12.6

PGN-File: C:\Program Files (x86)\Arena\Tournaments\Engine Regression Battle 20251026_2.pgn

No:  B/W 1/2     W:B       1:2           Time        Value Moves Dep 1:2       1-2-Draws
   9 = =    2.0:2.0        4.0:5.0       1:25:44 AM    +1.46    59 4.000 :4.409  2-3-4

--------------------------------------------------------------

Engine-Match Tuesday, October 28, 2025 1:25:46 AM
 Blitz 10/5 

Pairing 22/28 :    V7P3R_v14.0  -  Stockfish 1%

PGN-File: C:\Program Files (x86)\Arena\Tournaments\Engine Regression Battle 20251026_2.pgn

No:  B/W 1/2     W:B       1:2           Time        Value Moves Dep 1:2       1-2-Draws
   9 B 2    1.0:0.0        0.0:9.0       1:31:05 AM      -M1    17 5.083 :18.294  0-9-0

--------------------------------------------------------------

Engine-Match Tuesday, October 28, 2025 1:31:06 AM
 Blitz 10/5 

Pairing 23/28 :    Random_Opponent  -  V7P3R_v14.3

PGN-File: C:\Program Files (x86)\Arena\Tournaments\Engine Regression Battle 20251026_2.pgn

No:  B/W 1/2     W:B       1:2           Time        Value Moves Dep 1:2       1-2-Draws
   9 B 2    1.0:0.0        0.0:9.0       1:31:42 AM     0.00     4 0:4.667  0-9-0

--------------------------------------------------------------

Engine-Match Tuesday, October 28, 2025 1:31:43 AM
 Blitz 10/5 

Pairing 24/28 :    V7P3R_v14.2  -  C0BR4_v2.9

PGN-File: C:\Program Files (x86)\Arena\Tournaments\Engine Regression Battle 20251026_2.pgn

No:  B/W 1/2     W:B       1:2           Time        Value Moves Dep 1:2       1-2-Draws
   9 = =    2.5:2.5        4.5:4.5       1:41:46 AM    -2.85    42 4.800 :4.000  2-2-5

--------------------------------------------------------------

Engine-Match Tuesday, October 28, 2025 1:41:48 AM
 Blitz 10/5 

Pairing 25/28 :    V7P3R_v12.6  -  V7P3R_v14.0

PGN-File: C:\Program Files (x86)\Arena\Tournaments\Engine Regression Battle 20251026_2.pgn

No:  B/W 1/2     W:B       1:2           Time        Value Moves Dep 1:2       1-2-Draws
   9 W 1    3.0:2.0        6.0:3.0       2:01:16 AM  +289.99    60 4.381 :4.818  4-1-4

--------------------------------------------------------------

Engine-Match Tuesday, October 28, 2025 2:01:17 AM
 Blitz 10/5 

Pairing 26/28 :    V7P3R_v14.3  -  SlowMate_v3.1

PGN-File: C:\Program Files (x86)\Arena\Tournaments\Engine Regression Battle 20251026_2.pgn

No:  B/W 1/2     W:B       1:2           Time        Value Moves Dep 1:2       1-2-Draws
   9 B 2    2.0:1.0        1.0:8.0       2:16:49 AM   -68.76    41 4.421 :4.077  0-7-2

--------------------------------------------------------------

Engine-Match Tuesday, October 28, 2025 2:17:00 AM
 Blitz 10/5 

Pairing 27/28 :    Stockfish 1%  -  V7P3R_v14.2

PGN-File: C:\Program Files (x86)\Arena\Tournaments\Engine Regression Battle 20251026_2.pgn

No:  B/W 1/2     W:B       1:2           Time        Value Moves Dep 1:2       1-2-Draws
   9 W 1    1.0:0.0        9.0:0.0       2:26:27 AM      +M1    41 16.125 :5.063  9-0-0

--------------------------------------------------------------

Engine-Match Tuesday, October 28, 2025 2:26:29 AM
 Blitz 10/5 

Pairing 28/28 :    C0BR4_v2.9  -  Random_Opponent

PGN-File: C:\Program Files (x86)\Arena\Tournaments\Engine Regression Battle 20251026_2.pgn

No:  B/W 1/2     W:B       1:2           Time        Value Moves Dep 1:2       1-2-Draws
   9 W 1    1.0:0.0        9.0:0.0       2:26:43 AM  +299.97    12 3.818 :0 9-0-0

--------------------------------------------------------------

Engine-Match Tuesday, October 28, 2025 2:26:45 AM
 Blitz 10/5 

Pairing 1/28 :    V7P3R_v12.6  -  V7P3R_v14.3

PGN-File: C:\Program Files (x86)\Arena\Tournaments\Engine Regression Battle 20251026_2.pgn

No:  B/W 1/2     W:B       1:2           Time        Value Moves Dep 1:2       1-2-Draws
  10 B 1    1.0:0.0        10.0:0.0      2:47:32 AM   -10.59    58 4.963 :4.559  10-0-0

--------------------------------------------------------------

Engine-Match Tuesday, October 28, 2025 2:47:34 AM
 Blitz 10/5 

Pairing 2/28 :    V7P3R_v14.2  -  V7P3R_v14.0

PGN-File: C:\Program Files (x86)\Arena\Tournaments\Engine Regression Battle 20251026_2.pgn

No:  B/W 1/2     W:B       1:2           Time        Value Moves Dep 1:2       1-2-Draws
  10 = =    3.5:3.5        4.5:5.5       3:13:39 AM   +10.17    78 5.000 :4.893  1-2-7

--------------------------------------------------------------

Engine-Match Tuesday, October 28, 2025 3:13:41 AM
 Blitz 10/5 

Pairing 3/28 :    SlowMate_v3.1  -  C0BR4_v2.9

PGN-File: C:\Program Files (x86)\Arena\Tournaments\Engine Regression Battle 20251026_2.pgn

No:  B/W 1/2     W:B       1:2           Time        Value Moves Dep 1:2       1-2-Draws
  10 W 2    2.0:1.0        1.0:9.0       3:16:10 AM  +299.97     9 4.250 :3.714  0-8-2

--------------------------------------------------------------

Engine-Match Tuesday, October 28, 2025 3:16:11 AM
 Blitz 10/5 

Pairing 4/28 :    Random_Opponent  -  Stockfish 1%

PGN-File: C:\Program Files (x86)\Arena\Tournaments\Engine Regression Battle 20251026_2.pgn

No:  B/W 1/2     W:B       1:2           Time        Value Moves Dep 1:2       1-2-Draws
  10 W 2    1.0:0.0        0.0:10.0      3:16:28 AM      +M1    21 0:20.765  0-10-0

--------------------------------------------------------------

Engine-Match Tuesday, October 28, 2025 3:16:29 AM
 Blitz 10/5 

Pairing 5/28 :    V7P3R_v14.2  -  V7P3R_v12.6

PGN-File: C:\Program Files (x86)\Arena\Tournaments\Engine Regression Battle 20251026_2.pgn

No:  B/W 1/2     W:B       1:2           Time        Value Moves Dep 1:2       1-2-Draws
  10 = =    2.0:2.0        5.0:5.0       3:34:14 AM     0.00    71 5.154 :4.714  3-3-4

--------------------------------------------------------------

Engine-Match Tuesday, October 28, 2025 3:34:16 AM
 Blitz 10/5 

Pairing 6/28 :    C0BR4_v2.9  -  V7P3R_v14.3

PGN-File: C:\Program Files (x86)\Arena\Tournaments\Engine Regression Battle 20251026_2.pgn

No:  B/W 1/2     W:B       1:2           Time        Value Moves Dep 1:2       1-2-Draws
  10 B 1    1.0:0.0        10.0:0.0      3:39:07 AM  -299.97    30 4.000 :4.563  10-0-0

--------------------------------------------------------------

Engine-Match Tuesday, October 28, 2025 3:39:09 AM
 Blitz 10/5 

Pairing 7/28 :    V7P3R_v14.0  -  Random_Opponent

PGN-File: C:\Program Files (x86)\Arena\Tournaments\Engine Regression Battle 20251026_2.pgn

No:  B/W 1/2     W:B       1:2           Time        Value Moves Dep 1:2       1-2-Draws
  10 B 1    1.0:0.0        10.0:0.0      3:41:50 AM  -289.98     9 5.111 :0 10-0-0

--------------------------------------------------------------

Engine-Match Tuesday, October 28, 2025 3:41:51 AM
 Blitz 10/5 

Pairing 8/28 :    Stockfish 1%  -  SlowMate_v3.1

PGN-File: C:\Program Files (x86)\Arena\Tournaments\Engine Regression Battle 20251026_2.pgn

No:  B/W 1/2     W:B       1:2           Time        Value Moves Dep 1:2       1-2-Draws
  10 B 1    1.0:0.0        9.0:1.0       3:49:51 AM      -M1    33 17.261 :3.606  9-1-0

--------------------------------------------------------------

Engine-Match Tuesday, October 28, 2025 3:49:52 AM
 Blitz 10/5 

Pairing 9/28 :    V7P3R_v12.6  -  C0BR4_v2.9

PGN-File: C:\Program Files (x86)\Arena\Tournaments\Engine Regression Battle 20251026_2.pgn

No:  B/W 1/2     W:B       1:2           Time        Value Moves Dep 1:2       1-2-Draws
  10 W 2    2.0:1.0        6.0:4.0       3:55:27 AM   +14.37    23 4.333 :4.000  5-3-2

--------------------------------------------------------------

Engine-Match Tuesday, October 28, 2025 3:55:29 AM
 Blitz 10/5 

Pairing 10/28 :    Random_Opponent  -  V7P3R_v14.2

PGN-File: C:\Program Files (x86)\Arena\Tournaments\Engine Regression Battle 20251026_2.pgn

No:  B/W 1/2     W:B       1:2           Time        Value Moves Dep 1:2       1-2-Draws
  10 W 2    1.0:0.0        0.0:10.0      4:00:12 AM  +289.98    14 0:5.214  0-10-0

--------------------------------------------------------------

Engine-Match Tuesday, October 28, 2025 4:00:14 AM
 Blitz 10/5 

Pairing 11/28 :    V7P3R_v14.3  -  Stockfish 1%

PGN-File: C:\Program Files (x86)\Arena\Tournaments\Engine Regression Battle 20251026_2.pgn

No:  B/W 1/2     W:B       1:2           Time        Value Moves Dep 1:2       1-2-Draws
  10 W 2    1.0:0.0        0.0:10.0      4:03:40 AM      +M1    20 3.941 :20.650  0-10-0

--------------------------------------------------------------

Engine-Match Tuesday, October 28, 2025 4:03:41 AM
 Blitz 10/5 

Pairing 12/28 :    SlowMate_v3.1  -  V7P3R_v14.0

PGN-File: C:\Program Files (x86)\Arena\Tournaments\Engine Regression Battle 20251026_2.pgn

No:  B/W 1/2     W:B       1:2           Time        Value Moves Dep 1:2       1-2-Draws
  10 W 2    2.5:1.5        2.5:7.5       4:22:55 AM   +13.60    44 3.824 :4.667  1-6-3

--------------------------------------------------------------

Engine-Match Tuesday, October 28, 2025 4:22:56 AM
 Blitz 10/5 

Pairing 13/28 :    Random_Opponent  -  V7P3R_v12.6

PGN-File: C:\Program Files (x86)\Arena\Tournaments\Engine Regression Battle 20251026_2.pgn

No:  B/W 1/2     W:B       1:2           Time        Value Moves Dep 1:2       1-2-Draws
  10 W 2    1.0:0.0        0.0:10.0      4:28:44 AM     0.00    18 0:4.625  0-10-0

--------------------------------------------------------------

Engine-Match Tuesday, October 28, 2025 4:28:46 AM
 Blitz 10/5 

Pairing 14/28 :    Stockfish 1%  -  C0BR4_v2.9

PGN-File: C:\Program Files (x86)\Arena\Tournaments\Engine Regression Battle 20251026_2.pgn

No:  B/W 1/2     W:B       1:2           Time        Value Moves Dep 1:2       1-2-Draws
  10 B 1    1.0:0.0        10.0:0.0      4:29:16 AM      -M1    25 16.810 :3.957  10-0-0

--------------------------------------------------------------

Engine-Match Tuesday, October 28, 2025 4:29:17 AM
 Blitz 10/5 

Pairing 15/28 :    V7P3R_v14.2  -  SlowMate_v3.1

PGN-File: C:\Program Files (x86)\Arena\Tournaments\Engine Regression Battle 20251026_2.pgn

No:  B/W 1/2     W:B       1:2           Time        Value Moves Dep 1:2       1-2-Draws
  10 = =    1.0:1.0        9.0:1.0       4:50:06 AM    +0.42    47 4.808 :4.143  8-0-2

--------------------------------------------------------------

Engine-Match Tuesday, October 28, 2025 4:50:08 AM
 Blitz 10/5 

Pairing 16/28 :    V7P3R_v14.0  -  V7P3R_v14.3

PGN-File: C:\Program Files (x86)\Arena\Tournaments\Engine Regression Battle 20251026_2.pgn

No:  B/W 1/2     W:B       1:2           Time        Value Moves Dep 1:2       1-2-Draws
  10 B 1    1.0:0.0        10.0:0.0      4:59:22 AM     0.00    26 4.929 :4.625  10-0-0

--------------------------------------------------------------

Engine-Match Tuesday, October 28, 2025 4:59:23 AM
 Blitz 10/5 

Pairing 17/28 :    V7P3R_v12.6  -  Stockfish 1%

PGN-File: C:\Program Files (x86)\Arena\Tournaments\Engine Regression Battle 20251026_2.pgn

No:  B/W 1/2     W:B       1:2           Time        Value Moves Dep 1:2       1-2-Draws
  10 W 2    1.0:0.0        0.0:10.0      5:11:00 AM      +M1    48 4.759 :18.045  0-10-0

--------------------------------------------------------------

Engine-Match Tuesday, October 28, 2025 5:11:01 AM
 Blitz 10/5 

Pairing 18/28 :    SlowMate_v3.1  -  Random_Opponent

PGN-File: C:\Program Files (x86)\Arena\Tournaments\Engine Regression Battle 20251026_2.pgn

No:  B/W 1/2     W:B       1:2           Time        Value Moves Dep 1:2       1-2-Draws
  10 = =    2.5:2.5        7.5:2.5       5:19:07 AM     0.00    36 4.229 :0 5-0-5

--------------------------------------------------------------

Engine-Match Tuesday, October 28, 2025 5:19:16 AM
 Blitz 10/5 

Pairing 19/28 :    C0BR4_v2.9  -  V7P3R_v14.0

PGN-File: C:\Program Files (x86)\Arena\Tournaments\Engine Regression Battle 20251026_2.pgn

No:  B/W 1/2     W:B       1:2           Time        Value Moves Dep 1:2       1-2-Draws
  10 W 2    1.5:0.5        2.5:7.5       5:29:00 AM   +17.50    56 4.000 :5.214  2-7-1

--------------------------------------------------------------

Engine-Match Tuesday, October 28, 2025 5:29:01 AM
 Blitz 10/5 

Pairing 20/28 :    V7P3R_v14.3  -  V7P3R_v14.2

PGN-File: C:\Program Files (x86)\Arena\Tournaments\Engine Regression Battle 20251026_2.pgn

No:  B/W 1/2     W:B       1:2           Time        Value Moves Dep 1:2       1-2-Draws
  10 W 2    1.0:0.0        0.0:10.0      5:38:06 AM   +28.53    23 4.235 :5.214  0-10-0

--------------------------------------------------------------

Engine-Match Tuesday, October 28, 2025 5:38:07 AM
 Blitz 10/5 

Pairing 21/28 :    SlowMate_v3.1  -  V7P3R_v12.6

PGN-File: C:\Program Files (x86)\Arena\Tournaments\Engine Regression Battle 20251026_2.pgn

No:  B/W 1/2     W:B       1:2           Time        Value Moves Dep 1:2       1-2-Draws
  10 W 2    3.0:2.0        4.0:6.0       5:50:12 AM  +289.99    24 4.130 :4.611  2-4-4

--------------------------------------------------------------

Engine-Match Tuesday, October 28, 2025 5:50:13 AM
 Blitz 10/5 

Pairing 22/28 :    V7P3R_v14.0  -  Stockfish 1%

PGN-File: C:\Program Files (x86)\Arena\Tournaments\Engine Regression Battle 20251026_2.pgn

No:  B/W 1/2     W:B       1:2           Time        Value Moves Dep 1:2       1-2-Draws
  10 W 2    1.0:0.0        0.0:10.0      5:54:59 AM      +M1    20 5.077 :20.471  0-10-0

--------------------------------------------------------------

Engine-Match Tuesday, October 28, 2025 5:55:00 AM
 Blitz 10/5 

Pairing 23/28 :    Random_Opponent  -  V7P3R_v14.3

PGN-File: C:\Program Files (x86)\Arena\Tournaments\Engine Regression Battle 20251026_2.pgn

No:  B/W 1/2     W:B       1:2           Time        Value Moves Dep 1:2       1-2-Draws
  10 W 2    1.0:0.0        0.0:10.0      5:59:16 AM  +289.98    25 0:4.619  0-10-0

--------------------------------------------------------------

Engine-Match Tuesday, October 28, 2025 5:59:18 AM
 Blitz 10/5 

Pairing 24/28 :    V7P3R_v14.2  -  C0BR4_v2.9

PGN-File: C:\Program Files (x86)\Arena\Tournaments\Engine Regression Battle 20251026_2.pgn

No:  B/W 1/2     W:B       1:2           Time        Value Moves Dep 1:2       1-2-Draws
  10 = =    3.0:3.0        5.0:5.0       6:07:53 AM     0.00    34 5.250 :4.000  2-2-6

--------------------------------------------------------------

Engine-Match Tuesday, October 28, 2025 6:07:54 AM
 Blitz 10/5 

Pairing 25/28 :    V7P3R_v12.6  -  V7P3R_v14.0

PGN-File: C:\Program Files (x86)\Arena\Tournaments\Engine Regression Battle 20251026_2.pgn

No:  B/W 1/2     W:B       1:2           Time        Value Moves Dep 1:2       1-2-Draws
  10 W 2    3.0:2.0        6.0:4.0       6:27:59 AM     0.00    60 4.381 :4.667  4-2-4

--------------------------------------------------------------

Engine-Match Tuesday, October 28, 2025 6:28:00 AM
 Blitz 10/5 

Pairing 26/28 :    V7P3R_v14.3  -  SlowMate_v3.1

PGN-File: C:\Program Files (x86)\Arena\Tournaments\Engine Regression Battle 20251026_2.pgn

No:  B/W 1/2     W:B       1:2           Time        Value Moves Dep 1:2       1-2-Draws
  10 W 2    2.0:1.0        1.0:9.0       6:44:22 AM   +28.84    44 4.261 :3.906  0-8-2

--------------------------------------------------------------

Engine-Match Tuesday, October 28, 2025 6:44:23 AM
 Blitz 10/5 

Pairing 27/28 :    Stockfish 1%  -  V7P3R_v14.2

PGN-File: C:\Program Files (x86)\Arena\Tournaments\Engine Regression Battle 20251026_2.pgn

No:  B/W 1/2     W:B       1:2           Time        Value Moves Dep 1:2       1-2-Draws
  10 B 1    1.0:0.0        10.0:0.0      6:49:23 AM      -M1    19 19.588 :4.917  10-0-0

--------------------------------------------------------------

Engine-Match Tuesday, October 28, 2025 6:49:24 AM
 Blitz 10/5 

Pairing 28/28 :    C0BR4_v2.9  -  Random_Opponent

PGN-File: C:\Program Files (x86)\Arena\Tournaments\Engine Regression Battle 20251026_2.pgn

No:  B/W 1/2     W:B       1:2           Time        Value Moves Dep 1:2       1-2-Draws
  10 B 1    1.0:0.0        10.0:0.0      6:49:35 AM  -299.97     7 3.600 :0 10-0-0
