Engine-Match Wednesday, October 29, 2025 8:27:45 PM
 Blitz 5/5 

Pairing 1/105 :    V7P3R_v10.8  -  V7P3R_v14.3

PGN-File: C:\Program Files (x86)\Arena\Tournaments\Engine Regression Battle 20251027_2.pgn

No:  B/W 1/2     W:B       1:2           Time        Value Moves Dep 1:2       1-2-Draws
   1 W 1    1.0:0.0        1.0:0.0       8:31:33 PM  +289.98    14 3.917 :3.308  1-0-0

--------------------------------------------------------------

Engine-Match Wednesday, October 29, 2025 8:31:34 PM
 Blitz 5/5 

Pairing 2/105 :    V7P3R_v14.2  -  V7P3R_v12.6

PGN-File: C:\Program Files (x86)\Arena\Tournaments\Engine Regression Battle 20251027_2.pgn

No:  B/W 1/2     W:B       1:2           Time        Value Moves Dep 1:2       1-2-Draws
   1 W 1    1.0:0.0        1.0:0.0       8:43:46 PM  +289.98    42 4.714 :4.036  1-0-0

--------------------------------------------------------------

Engine-Match Wednesday, October 29, 2025 8:43:47 PM
 Blitz 5/5 

Pairing 3/105 :    V7P3R_v14.0  -  V7P3R_v14.1

PGN-File: C:\Program Files (x86)\Arena\Tournaments\Engine Regression Battle 20251027_2.pgn

No:  B/W 1/2     W:B       1:2           Time        Value Moves Dep 1:2       1-2-Draws
   1 W 1    1.0:0.0        1.0:0.0       8:55:27 PM     0.00    41 4.824 :4.048  1-0-0

--------------------------------------------------------------

Engine-Match Wednesday, October 29, 2025 8:55:28 PM
 Blitz 5/5 

Pairing 4/105 :    V7P3R_v13.2  -  VPR_v5.0

PGN-File: C:\Program Files (x86)\Arena\Tournaments\Engine Regression Battle 20251027_2.pgn

No:  B/W 1/2     W:B       1:2           Time        Value Moves Dep 1:2       1-2-Draws
   1 B 2    1.0:0.0        0.0:1.0       9:02:02 PM   -10.35    25 5.826 :2.458  0-1-0

--------------------------------------------------------------

Engine-Match Wednesday, October 29, 2025 9:02:04 PM
 Blitz 5/5 

Pairing 5/105 :    VPR_v6.0  -  V7P3R_v12.5

PGN-File: C:\Program Files (x86)\Arena\Tournaments\Engine Regression Battle 20251027_2.pgn

No:  B/W 1/2     W:B       1:2           Time        Value Moves Dep 1:2       1-2-Draws
   1 B 2    1.0:0.0        0.0:1.0       9:03:49 PM     0.00    11 0:4.100  0-1-0

--------------------------------------------------------------

Engine-Match Wednesday, October 29, 2025 9:03:50 PM
 Blitz 5/5 

Pairing 6/105 :    V7P3R_v12.4  -  VPR_v7.0

PGN-File: C:\Program Files (x86)\Arena\Tournaments\Engine Regression Battle 20251027_2.pgn

No:  B/W 1/2     W:B       1:2           Time        Value Moves Dep 1:2       1-2-Draws
   1 W 1    1.0:0.0        1.0:0.0       9:11:13 PM     0.00    28 4.909 :3.160  1-0-0

--------------------------------------------------------------

Engine-Match Wednesday, October 29, 2025 9:11:14 PM
 Blitz 5/5 

Pairing 7/105 :    Random_Opponent  -  V7P3R_v12.2

PGN-File: C:\Program Files (x86)\Arena\Tournaments\Engine Regression Battle 20251027_2.pgn

No:  B/W 1/2     W:B       1:2           Time        Value Moves Dep 1:2       1-2-Draws
   1 B 2    1.0:0.0        0.0:1.0       9:14:02 PM  -289.98    18 0:4.938  0-1-0

--------------------------------------------------------------

Engine-Match Wednesday, October 29, 2025 9:14:03 PM
 Blitz 5/5 

Pairing 8/105 :    Stockfish 1%  -  V7P3R_v14.2

PGN-File: C:\Program Files (x86)\Arena\Tournaments\Engine Regression Battle 20251027_2.pgn

No:  B/W 1/2     W:B       1:2           Time        Value Moves Dep 1:2       1-2-Draws
   1 W 1    1.0:0.0        1.0:0.0       9:17:44 PM   +21.25    22 14.813 :4.750  1-0-0

--------------------------------------------------------------

Engine-Match Wednesday, October 29, 2025 9:17:46 PM
 Blitz 5/5 

Pairing 9/105 :    V7P3R_v14.1  -  V7P3R_v10.8

PGN-File: C:\Program Files (x86)\Arena\Tournaments\Engine Regression Battle 20251027_2.pgn

No:  B/W 1/2     W:B       1:2           Time        Value Moves Dep 1:2       1-2-Draws
   1 = =    0.5:0.5        0.5:0.5       9:29:22 PM     0.00    44 4.219 :4.069  0-0-1

--------------------------------------------------------------

Engine-Match Wednesday, October 29, 2025 9:29:23 PM
 Blitz 5/5 

Pairing 10/105 :    V7P3R_v12.6  -  V7P3R_v13.2

PGN-File: C:\Program Files (x86)\Arena\Tournaments\Engine Regression Battle 20251027_2.pgn

No:  B/W 1/2     W:B       1:2           Time        Value Moves Dep 1:2       1-2-Draws
   1 W 1    1.0:0.0        1.0:0.0       9:32:58 PM   +19.63    14 4.583 :5.923  1-0-0

--------------------------------------------------------------

Engine-Match Wednesday, October 29, 2025 9:32:59 PM
 Blitz 5/5 

Pairing 11/105 :    V7P3R_v12.5  -  V7P3R_v14.0

PGN-File: C:\Program Files (x86)\Arena\Tournaments\Engine Regression Battle 20251027_2.pgn

No:  B/W 1/2     W:B       1:2           Time        Value Moves Dep 1:2       1-2-Draws
   1 B 2    1.0:0.0        0.0:1.0       9:46:32 PM  -289.99    62 4.533 :5.231  0-1-0

--------------------------------------------------------------

Engine-Match Wednesday, October 29, 2025 9:46:33 PM
 Blitz 5/5 

Pairing 12/105 :    VPR_v5.0  -  V7P3R_v12.4

PGN-File: C:\Program Files (x86)\Arena\Tournaments\Engine Regression Battle 20251027_2.pgn

No:  B/W 1/2     W:B       1:2           Time        Value Moves Dep 1:2       1-2-Draws
   1 B 2    1.0:0.0        0.0:1.0       9:57:30 PM     0.00    29 3.321 :4.870  0-1-0

--------------------------------------------------------------

Engine-Match Wednesday, October 29, 2025 9:57:32 PM
 Blitz 5/5 

Pairing 13/105 :    V7P3R_v12.2  -  VPR_v6.0

PGN-File: C:\Program Files (x86)\Arena\Tournaments\Engine Regression Battle 20251027_2.pgn

No:  B/W 1/2     W:B       1:2           Time        Value Moves Dep 1:2       1-2-Draws
   1 W 1    1.0:0.0        1.0:0.0       9:59:59 PM     0.00    15 4.769 :0 1-0-0

--------------------------------------------------------------

Engine-Match Wednesday, October 29, 2025 10:00:00 PM
 Blitz 5/5 

Pairing 14/105 :    VPR_v7.0  -  Random_Opponent

PGN-File: C:\Program Files (x86)\Arena\Tournaments\Engine Regression Battle 20251027_2.pgn

No:  B/W 1/2     W:B       1:2           Time        Value Moves Dep 1:2       1-2-Draws
   1 W 1    1.0:0.0        1.0:0.0       10:04:52 PM    +M500    59 3.036 :0 1-0-0

--------------------------------------------------------------

Engine-Match Wednesday, October 29, 2025 10:04:53 PM
 Blitz 5/5 

Pairing 15/105 :    V7P3R_v14.3  -  V7P3R_v14.1

PGN-File: C:\Program Files (x86)\Arena\Tournaments\Engine Regression Battle 20251027_2.pgn

No:  B/W 1/2     W:B       1:2           Time        Value Moves Dep 1:2       1-2-Draws
   1 B 2    1.0:0.0        0.0:1.0       10:15:45 PM   -27.65    45 4.000 :4.000  0-1-0

--------------------------------------------------------------

Engine-Match Wednesday, October 29, 2025 10:15:47 PM
 Blitz 5/5 

Pairing 16/105 :    V7P3R_v13.2  -  Stockfish 1%

PGN-File: C:\Program Files (x86)\Arena\Tournaments\Engine Regression Battle 20251027_2.pgn

No:  B/W 1/2     W:B       1:2           Time        Value Moves Dep 1:2       1-2-Draws
   1 B 2    1.0:0.0        0.0:1.0       10:18:07 PM   -17.09    27 5.818 :16.250  0-1-0

--------------------------------------------------------------

Engine-Match Wednesday, October 29, 2025 10:18:08 PM
 Blitz 5/5 

Pairing 17/105 :    V7P3R_v10.8  -  V7P3R_v12.5

PGN-File: C:\Program Files (x86)\Arena\Tournaments\Engine Regression Battle 20251027_2.pgn

No:  B/W 1/2     W:B       1:2           Time        Value Moves Dep 1:2       1-2-Draws
   1 * *     0.0:0.0        0.0:0.0       10:28:06 PM    +5.00    33 3.720 :4.043  0-0-0

--------------------------------------------------------------

Engine-Match Wednesday, October 29, 2025 10:29:34 PM
 Blitz 5/5 

Pairing 1/120 :    V7P3R_v10.8  -  V7P3R_v14.4

PGN-File: C:\Program Files (x86)\Arena\Tournaments\Engine Regression Battle 20251027_2.pgn

No:  B/W 1/2     W:B       1:2           Time        Value Moves Dep 1:2       1-2-Draws
   1 W 1    1.0:0.0        1.0:0.0       10:37:52 PM     0.00    36 4.533 :0 1-0-0

--------------------------------------------------------------

Engine-Match Wednesday, October 29, 2025 10:37:54 PM
 Blitz 5/5 

Pairing 2/120 :    Stockfish 1%  -  V7P3R_v12.6

PGN-File: C:\Program Files (x86)\Arena\Tournaments\Engine Regression Battle 20251027_2.pgn

No:  B/W 1/2     W:B       1:2           Time        Value Moves Dep 1:2       1-2-Draws
   1 W 1    1.0:0.0        1.0:0.0       10:39:57 PM   +11.01    12 17.333 :4.333  1-0-0

--------------------------------------------------------------

Engine-Match Wednesday, October 29, 2025 10:39:58 PM
 Blitz 5/5 

Pairing 3/120 :    V7P3R_v14.0  -  V7P3R_v14.3

PGN-File: C:\Program Files (x86)\Arena\Tournaments\Engine Regression Battle 20251027_2.pgn

No:  B/W 1/2     W:B       1:2           Time        Value Moves Dep 1:2       1-2-Draws
   1 W 1    1.0:0.0        1.0:0.0       10:44:17 PM   +15.28    18 4.385 :3.800  1-0-0

--------------------------------------------------------------

Engine-Match Wednesday, October 29, 2025 10:44:19 PM
 Blitz 5/5 

Pairing 4/120 :    V7P3R_v14.2  -  VPR_v5.0

PGN-File: C:\Program Files (x86)\Arena\Tournaments\Engine Regression Battle 20251027_2.pgn

No:  B/W 1/2     W:B       1:2           Time        Value Moves Dep 1:2       1-2-Draws
   1 W 1    1.0:0.0        1.0:0.0       10:52:47 PM  +289.98    27 4.938 :3.174  1-0-0

--------------------------------------------------------------

Engine-Match Wednesday, October 29, 2025 10:52:49 PM
 Blitz 5/5 

Pairing 5/120 :    VPR_v6.0  -  V7P3R_v14.1

PGN-File: C:\Program Files (x86)\Arena\Tournaments\Engine Regression Battle 20251027_2.pgn

No:  B/W 1/2     W:B       1:2           Time        Value Moves Dep 1:2       1-2-Draws
   1 B 2    1.0:0.0        0.0:1.0       10:56:43 PM  -289.98    16 0:4.200  0-1-0

--------------------------------------------------------------

Engine-Match Wednesday, October 29, 2025 10:56:44 PM
 Blitz 5/5 

Pairing 6/120 :    V7P3R_v13.2  -  VPR_v7.0

PGN-File: C:\Program Files (x86)\Arena\Tournaments\Engine Regression Battle 20251027_2.pgn

No:  B/W 1/2     W:B       1:2           Time        Value Moves Dep 1:2       1-2-Draws
   1 B 2    1.0:0.0        0.0:1.0       10:58:50 PM   -10.26    16 6.000 :3.000  0-1-0

--------------------------------------------------------------

Engine-Match Wednesday, October 29, 2025 10:58:52 PM
 Blitz 5/5 

Pairing 7/120 :    Random_Opponent  -  V7P3R_v12.5

PGN-File: C:\Program Files (x86)\Arena\Tournaments\Engine Regression Battle 20251027_2.pgn

No:  B/W 1/2     W:B       1:2           Time        Value Moves Dep 1:2       1-2-Draws
   1 B 2    1.0:0.0        0.0:1.0       11:02:58 PM  -289.97    18 0:3.933  0-1-0

--------------------------------------------------------------

Engine-Match Wednesday, October 29, 2025 11:02:59 PM
 Blitz 5/5 

Pairing 8/120 :    V7P3R_v12.4  -  V7P3R_v12.2

PGN-File: C:\Program Files (x86)\Arena\Tournaments\Engine Regression Battle 20251027_2.pgn

No:  B/W 1/2     W:B       1:2           Time        Value Moves Dep 1:2       1-2-Draws
   1 W 1    1.0:0.0        1.0:0.0       11:13:46 PM     0.00    37 4.625 :4.667  1-0-0

--------------------------------------------------------------

Engine-Match Wednesday, October 29, 2025 11:13:47 PM
 Blitz 5/5 

Pairing 9/120 :    Stockfish 1%  -  V7P3R_v10.8

PGN-File: C:\Program Files (x86)\Arena\Tournaments\Engine Regression Battle 20251027_2.pgn

No:  B/W 1/2     W:B       1:2           Time        Value Moves Dep 1:2       1-2-Draws
   1 W 1    1.0:0.0        1.0:0.0       11:15:53 PM   +11.87    12 16.750 :4.000  1-0-0

--------------------------------------------------------------

Engine-Match Wednesday, October 29, 2025 11:15:54 PM
 Blitz 5/5 

Pairing 10/120 :    V7P3R_v14.3  -  V7P3R_v14.4

PGN-File: C:\Program Files (x86)\Arena\Tournaments\Engine Regression Battle 20251027_2.pgn

No:  B/W 1/2     W:B       1:2           Time        Value Moves Dep 1:2       1-2-Draws
   1 W 1    1.0:0.0        1.0:0.0       11:22:00 PM     0.00    32 4.429 :0 1-0-0

--------------------------------------------------------------

Engine-Match Wednesday, October 29, 2025 11:22:02 PM
 Blitz 5/5 

Pairing 19/120 :    V7P3R_v14.4  -  V7P3R_v14.1

PGN-File: C:\Program Files (x86)\Arena\Tournaments\Engine Regression Battle 20251027_2.pgn

No:  B/W 1/2     W:B       1:2           Time        Value Moves Dep 1:2       1-2-Draws
   1 B 2    1.0:0.0        0.0:1.0       11:32:25 PM     0.00    38 0:3.920  0-1-0

--------------------------------------------------------------

Engine-Match Wednesday, October 29, 2025 11:32:27 PM
 Blitz 5/5 

Pairing 25/120 :    V7P3R_v14.2  -  V7P3R_v10.8

PGN-File: C:\Program Files (x86)\Arena\Tournaments\Engine Regression Battle 20251027_2.pgn

No:  B/W 1/2     W:B       1:2           Time        Value Moves Dep 1:2       1-2-Draws
   1 W 1    1.0:0.0        1.0:0.0       11:42:24 PM     0.00    44 4.462 :3.741  1-0-0

--------------------------------------------------------------

Engine-Match Wednesday, October 29, 2025 11:42:25 PM
 Blitz 5/5 

Pairing 28/120 :    V7P3R_v12.5  -  V7P3R_v14.4

PGN-File: C:\Program Files (x86)\Arena\Tournaments\Engine Regression Battle 20251027_2.pgn

No:  B/W 1/2     W:B       1:2           Time        Value Moves Dep 1:2       1-2-Draws
   1 * *     0.0:0.0        0.0:0.0       11:43:39 PM     0.00     5 4.250 :0 0-0-0

--------------------------------------------------------------

Engine-Match Wednesday, October 29, 2025 11:46:24 PM
 Blitz 5/5 

Pairing 9/136 :    V7P3R_v14.5  -  Stockfish 1%

PGN-File: C:\Program Files (x86)\Arena\Tournaments\Engine Regression Battle 20251027_2.pgn

No:  B/W 1/2     W:B       1:2           Time        Value Moves Dep 1:2       1-2-Draws
   1 B 2    1.0:0.0        0.0:1.0       11:50:09 PM   -65.41    27 3.462 :16.938  0-1-0

--------------------------------------------------------------

Engine-Match Wednesday, October 29, 2025 11:50:11 PM
 Blitz 5/5 

Pairing 18/136 :    V7P3R_v14.2  -  V7P3R_v14.5

PGN-File: C:\Program Files (x86)\Arena\Tournaments\Engine Regression Battle 20251027_2.pgn

No:  B/W 1/2     W:B       1:2           Time        Value Moves Dep 1:2       1-2-Draws
   1 W 1    1.0:0.0        1.0:0.0       11:54:52 PM     0.00    15 4.786 :3.571  1-0-0

--------------------------------------------------------------

Engine-Match Wednesday, October 29, 2025 11:54:54 PM
 Blitz 5/5 

Pairing 27/136 :    V7P3R_v14.5  -  V7P3R_v13.2

PGN-File: C:\Program Files (x86)\Arena\Tournaments\Engine Regression Battle 20251027_2.pgn

No:  B/W 1/2     W:B       1:2           Time        Value Moves Dep 1:2       1-2-Draws
   1 = =    0.5:0.5        0.5:0.5       12:06:50 AM     0.00    70 3.407 :5.783  0-0-1

--------------------------------------------------------------

Engine-Match Thursday, October 30, 2025 12:06:51 AM
 Blitz 5/5 

Pairing 28/136 :    V7P3R_v12.5  -  V7P3R_v10.8

PGN-File: C:\Program Files (x86)\Arena\Tournaments\Engine Regression Battle 20251027_2.pgn

No:  B/W 1/2     W:B       1:2           Time        Value Moves Dep 1:2       1-2-Draws
   1 B 2    1.0:0.0        0.0:1.0       12:15:51 AM   -11.10    25 4.474 :4.125  0-1-0

--------------------------------------------------------------

Engine-Match Thursday, October 30, 2025 12:15:52 AM
 Blitz 5/5 

Pairing 29/136 :    V7P3R_v12.6  -  V7P3R_v12.4

PGN-File: C:\Program Files (x86)\Arena\Tournaments\Engine Regression Battle 20251027_2.pgn

No:  B/W 1/2     W:B       1:2           Time        Value Moves Dep 1:2       1-2-Draws
   1 B 2    1.0:0.0        0.0:1.0       12:30:39 AM     0.00    61 4.480 :4.833  0-1-0

--------------------------------------------------------------

Engine-Match Thursday, October 30, 2025 12:30:40 AM
 Blitz 5/5 

Pairing 30/136 :    V7P3R_v12.2  -  V7P3R_v14.0

PGN-File: C:\Program Files (x86)\Arena\Tournaments\Engine Regression Battle 20251027_2.pgn

No:  B/W 1/2     W:B       1:2           Time        Value Moves Dep 1:2       1-2-Draws
   1 W 1    1.0:0.0        1.0:0.0       12:38:45 AM     0.00    33 4.364 :4.364  1-0-0

--------------------------------------------------------------

Engine-Match Thursday, October 30, 2025 12:38:47 AM
 Blitz 5/5 

Pairing 31/136 :    VPR_v5.0  -  Random_Opponent

PGN-File: C:\Program Files (x86)\Arena\Tournaments\Engine Regression Battle 20251027_2.pgn

No:  B/W 1/2     W:B       1:2           Time        Value Moves Dep 1:2       1-2-Draws
   1 W 1    1.0:0.0        1.0:0.0       12:41:26 AM    +M500    15 2.533 :0 1-0-0

--------------------------------------------------------------

Engine-Match Thursday, October 30, 2025 12:41:27 AM
 Blitz 5/5 

Pairing 32/136 :    VPR_v7.0  -  VPR_v6.0

PGN-File: C:\Program Files (x86)\Arena\Tournaments\Engine Regression Battle 20251027_2.pgn

No:  B/W 1/2     W:B       1:2           Time        Value Moves Dep 1:2       1-2-Draws
   1 W 1    1.0:0.0        1.0:0.0       12:45:23 AM    +M500    38 3.079 :0 1-0-0

--------------------------------------------------------------

Engine-Match Thursday, October 30, 2025 12:45:25 AM
 Blitz 5/5 

Pairing 35/136 :    V7P3R_v14.4  -  V7P3R_v12.5

PGN-File: C:\Program Files (x86)\Arena\Tournaments\Engine Regression Battle 20251027_2.pgn

No:  B/W 1/2     W:B       1:2           Time        Value Moves Dep 1:2       1-2-Draws
   1 B 2    1.0:0.0        0.0:1.0       12:52:33 AM     0.00    29 0:4.100  0-1-0

--------------------------------------------------------------

Engine-Match Thursday, October 30, 2025 12:52:34 AM
 Blitz 5/5 

Pairing 36/136 :    V7P3R_v12.4  -  V7P3R_v14.5

PGN-File: C:\Program Files (x86)\Arena\Tournaments\Engine Regression Battle 20251027_2.pgn

No:  B/W 1/2     W:B       1:2           Time        Value Moves Dep 1:2       1-2-Draws
   1 W 1    1.0:0.0        1.0:0.0       1:00:36 AM   +26.87    25 4.810 :4.167  1-0-0

--------------------------------------------------------------

Engine-Match Thursday, October 30, 2025 1:00:38 AM
 Blitz 5/5 

Pairing 37/136 :    V7P3R_v10.8  -  V7P3R_v12.2

PGN-File: C:\Program Files (x86)\Arena\Tournaments\Engine Regression Battle 20251027_2.pgn

No:  B/W 1/2     W:B       1:2           Time        Value Moves Dep 1:2       1-2-Draws
   1 W 1    1.0:0.0        1.0:0.0       1:12:02 AM   +56.30    55 3.857 :4.800  1-0-0

--------------------------------------------------------------

Engine-Match Thursday, October 30, 2025 1:12:03 AM
 Blitz 5/5 

Pairing 38/136 :    Random_Opponent  -  V7P3R_v12.6

PGN-File: C:\Program Files (x86)\Arena\Tournaments\Engine Regression Battle 20251027_2.pgn

No:  B/W 1/2     W:B       1:2           Time        Value Moves Dep 1:2       1-2-Draws
   1 B 2    1.0:0.0        0.0:1.0       1:12:49 AM  -289.98     5 0:4.400  0-1-0

--------------------------------------------------------------

Engine-Match Thursday, October 30, 2025 1:12:50 AM
 Blitz 5/5 

Pairing 39/136 :    V7P3R_v14.0  -  VPR_v7.0

PGN-File: C:\Program Files (x86)\Arena\Tournaments\Engine Regression Battle 20251027_2.pgn

No:  B/W 1/2     W:B       1:2           Time        Value Moves Dep 1:2       1-2-Draws
   1 W 1    1.0:0.0        1.0:0.0       1:20:51 AM     0.00    36 4.682 :3.074  1-0-0

--------------------------------------------------------------

Engine-Match Thursday, October 30, 2025 1:20:53 AM
 Blitz 5/5 

Pairing 40/136 :    VPR_v6.0  -  VPR_v5.0

PGN-File: C:\Program Files (x86)\Arena\Tournaments\Engine Regression Battle 20251027_2.pgn

No:  B/W 1/2     W:B       1:2           Time        Value Moves Dep 1:2       1-2-Draws
   1 B 2    1.0:0.0        0.0:1.0       1:23:36 AM    -M500    15 0:2.800  0-1-0

--------------------------------------------------------------

Engine-Match Thursday, October 30, 2025 1:23:37 AM
 Blitz 5/5 

Pairing 41/136 :    V7P3R_v14.2  -  V7P3R_v13.2

PGN-File: C:\Program Files (x86)\Arena\Tournaments\Engine Regression Battle 20251027_2.pgn

No:  B/W 1/2     W:B       1:2           Time        Value Moves Dep 1:2       1-2-Draws
   1 W 1    1.0:0.0        1.0:0.0       1:26:13 AM  +289.99    15 4.769 :6.000  1-0-0

--------------------------------------------------------------

Engine-Match Thursday, October 30, 2025 1:26:15 AM
 Blitz 5/5 

Pairing 42/136 :    V7P3R_v12.5  -  V7P3R_v14.3

PGN-File: C:\Program Files (x86)\Arena\Tournaments\Engine Regression Battle 20251027_2.pgn

No:  B/W 1/2     W:B       1:2           Time        Value Moves Dep 1:2       1-2-Draws
   1 W 1    1.0:0.0        1.0:0.0       1:30:04 AM   +14.74    16 4.083 :3.786  1-0-0

--------------------------------------------------------------

Engine-Match Thursday, October 30, 2025 1:30:05 AM
 Blitz 5/5 

Pairing 43/136 :    Stockfish 1%  -  V7P3R_v12.4

PGN-File: C:\Program Files (x86)\Arena\Tournaments\Engine Regression Battle 20251027_2.pgn

No:  B/W 1/2     W:B       1:2           Time        Value Moves Dep 1:2       1-2-Draws
   1 W 1    1.0:0.0        1.0:0.0       1:42:15 AM  +289.96   108 15.200 :4.600  1-0-0

--------------------------------------------------------------

Engine-Match Thursday, October 30, 2025 1:42:16 AM
 Blitz 5/5 

Pairing 44/136 :    V7P3R_v12.2  -  V7P3R_v14.4

PGN-File: C:\Program Files (x86)\Arena\Tournaments\Engine Regression Battle 20251027_2.pgn

No:  B/W 1/2     W:B       1:2           Time        Value Moves Dep 1:2       1-2-Draws
   1 W 1    1.0:0.0        1.0:0.0       1:45:11 AM     0.00    13 4.800 :0 1-0-0

--------------------------------------------------------------

Engine-Match Thursday, October 30, 2025 1:45:12 AM
 Blitz 5/5 

Pairing 45/136 :    V7P3R_v14.5  -  Random_Opponent

PGN-File: C:\Program Files (x86)\Arena\Tournaments\Engine Regression Battle 20251027_2.pgn

No:  B/W 1/2     W:B       1:2           Time        Value Moves Dep 1:2       1-2-Draws
   1 = =    0.5:0.5        0.5:0.5       1:56:16 AM     0.00    89 3.840 :0 0-0-1

--------------------------------------------------------------

Engine-Match Thursday, October 30, 2025 1:56:18 AM
 Blitz 5/5 

Pairing 46/136 :    VPR_v7.0  -  V7P3R_v10.8

PGN-File: C:\Program Files (x86)\Arena\Tournaments\Engine Regression Battle 20251027_2.pgn

No:  B/W 1/2     W:B       1:2           Time        Value Moves Dep 1:2       1-2-Draws
   1 B 2    1.0:0.0        0.0:1.0       2:02:10 AM     0.00    25 2.920 :4.136  0-1-0

--------------------------------------------------------------

Engine-Match Thursday, October 30, 2025 2:02:18 AM
 Blitz 5/5 

Pairing 47/136 :    V7P3R_v12.6  -  VPR_v6.0

PGN-File: C:\Program Files (x86)\Arena\Tournaments\Engine Regression Battle 20251027_2.pgn

No:  B/W 1/2     W:B       1:2           Time        Value Moves Dep 1:2       1-2-Draws
   1 W 1    1.0:0.0        1.0:0.0       2:03:44 AM  +289.98     7 4.857 :0 1-0-0

--------------------------------------------------------------

Engine-Match Thursday, October 30, 2025 2:03:46 AM
 Blitz 5/5 

Pairing 48/136 :    VPR_v5.0  -  V7P3R_v14.0

PGN-File: C:\Program Files (x86)\Arena\Tournaments\Engine Regression Battle 20251027_2.pgn

No:  B/W 1/2     W:B       1:2           Time        Value Moves Dep 1:2       1-2-Draws
   1 B 2    1.0:0.0        0.0:1.0       2:11:38 AM     0.00    24 3.136 :4.737  0-1-0

--------------------------------------------------------------

Engine-Match Thursday, October 30, 2025 2:11:39 AM
 Blitz 5/5 

Pairing 49/136 :    V7P3R_v14.1  -  V7P3R_v12.5

PGN-File: C:\Program Files (x86)\Arena\Tournaments\Engine Regression Battle 20251027_2.pgn

No:  B/W 1/2     W:B       1:2           Time        Value Moves Dep 1:2       1-2-Draws
   1 W 1    1.0:0.0        1.0:0.0       2:26:42 AM     0.00    56 4.118 :4.333  1-0-0

--------------------------------------------------------------

Engine-Match Thursday, October 30, 2025 2:26:43 AM
 Blitz 5/5 

Pairing 50/136 :    V7P3R_v12.4  -  V7P3R_v14.2

PGN-File: C:\Program Files (x86)\Arena\Tournaments\Engine Regression Battle 20251027_2.pgn

No:  B/W 1/2     W:B       1:2           Time        Value Moves Dep 1:2       1-2-Draws
   1 W 1    1.0:0.0        1.0:0.0       2:41:58 AM     0.00    67 4.171 :4.414  1-0-0

--------------------------------------------------------------

Engine-Match Thursday, October 30, 2025 2:42:00 AM
 Blitz 5/5 

Pairing 51/136 :    V7P3R_v14.3  -  V7P3R_v12.2

PGN-File: C:\Program Files (x86)\Arena\Tournaments\Engine Regression Battle 20251027_2.pgn

No:  B/W 1/2     W:B       1:2           Time        Value Moves Dep 1:2       1-2-Draws
   1 B 2    1.0:0.0        0.0:1.0       2:48:04 AM   -13.05    25 3.955 :4.789  0-1-0

--------------------------------------------------------------

Engine-Match Thursday, October 30, 2025 2:48:06 AM
 Blitz 5/5 

Pairing 52/136 :    Random_Opponent  -  Stockfish 1%

PGN-File: C:\Program Files (x86)\Arena\Tournaments\Engine Regression Battle 20251027_2.pgn

No:  B/W 1/2     W:B       1:2           Time        Value Moves Dep 1:2       1-2-Draws
   1 B 2    1.0:0.0        0.0:1.0       2:48:28 AM      -M1    30 0:16.556  0-1-0

--------------------------------------------------------------

Engine-Match Thursday, October 30, 2025 2:48:30 AM
 Blitz 5/5 

Pairing 53/136 :    V7P3R_v14.4  -  VPR_v7.0

PGN-File: C:\Program Files (x86)\Arena\Tournaments\Engine Regression Battle 20251027_2.pgn

No:  B/W 1/2     W:B       1:2           Time        Value Moves Dep 1:2       1-2-Draws
   1 = =    0.5:0.5        0.5:0.5       3:01:14 AM    +0.36    68 0:3.167  0-0-1

--------------------------------------------------------------

Engine-Match Thursday, October 30, 2025 3:01:16 AM
 Blitz 5/5 

Pairing 54/136 :    VPR_v6.0  -  V7P3R_v14.5

PGN-File: C:\Program Files (x86)\Arena\Tournaments\Engine Regression Battle 20251027_2.pgn

No:  B/W 1/2     W:B       1:2           Time        Value Moves Dep 1:2       1-2-Draws
   1 B 2    1.0:0.0        0.0:1.0       3:02:02 AM     0.00     8 0:3.571  0-1-0

--------------------------------------------------------------

Engine-Match Thursday, October 30, 2025 3:02:03 AM
 Blitz 5/5 

Pairing 55/136 :    V7P3R_v10.8  -  VPR_v5.0

PGN-File: C:\Program Files (x86)\Arena\Tournaments\Engine Regression Battle 20251027_2.pgn

No:  B/W 1/2     W:B       1:2           Time        Value Moves Dep 1:2       1-2-Draws
   1 W 1    1.0:0.0        1.0:0.0       3:08:50 AM     0.00    20 3.706 :3.053  1-0-0

--------------------------------------------------------------

Engine-Match Thursday, October 30, 2025 3:08:52 AM
 Blitz 5/5 

Pairing 56/136 :    V7P3R_v14.0  -  V7P3R_v12.6

PGN-File: C:\Program Files (x86)\Arena\Tournaments\Engine Regression Battle 20251027_2.pgn

No:  B/W 1/2     W:B       1:2           Time        Value Moves Dep 1:2       1-2-Draws
   1 = =    0.5:0.5        0.5:0.5       3:22:10 AM     0.00    64 4.857 :4.478  0-0-1

--------------------------------------------------------------

Engine-Match Thursday, October 30, 2025 3:22:12 AM
 Blitz 5/5 

Pairing 57/136 :    V7P3R_v13.2  -  V7P3R_v12.4

PGN-File: C:\Program Files (x86)\Arena\Tournaments\Engine Regression Battle 20251027_2.pgn

No:  B/W 1/2     W:B       1:2           Time        Value Moves Dep 1:2       1-2-Draws
   1 B 2    1.0:0.0        0.0:1.0       3:27:20 AM     0.00    26 5.875 :4.625  0-1-0

--------------------------------------------------------------

Engine-Match Thursday, October 30, 2025 3:27:21 AM
 Blitz 5/5 

Pairing 58/136 :    V7P3R_v12.2  -  V7P3R_v14.1

PGN-File: C:\Program Files (x86)\Arena\Tournaments\Engine Regression Battle 20251027_2.pgn

No:  B/W 1/2     W:B       1:2           Time        Value Moves Dep 1:2       1-2-Draws
   1 W 1    1.0:0.0        1.0:0.0       3:38:58 AM     0.00    45 4.824 :4.059  1-0-0

--------------------------------------------------------------

Engine-Match Thursday, October 30, 2025 3:38:59 AM
 Blitz 5/5 

Pairing 59/136 :    V7P3R_v14.2  -  Random_Opponent

PGN-File: C:\Program Files (x86)\Arena\Tournaments\Engine Regression Battle 20251027_2.pgn

No:  B/W 1/2     W:B       1:2           Time        Value Moves Dep 1:2       1-2-Draws
   1 W 1    1.0:0.0        1.0:0.0       3:42:05 AM     0.00    20 5.111 :0 1-0-0

--------------------------------------------------------------

Engine-Match Thursday, October 30, 2025 3:42:06 AM
 Blitz 5/5 

Pairing 60/136 :    VPR_v7.0  -  V7P3R_v14.3

PGN-File: C:\Program Files (x86)\Arena\Tournaments\Engine Regression Battle 20251027_2.pgn

No:  B/W 1/2     W:B       1:2           Time        Value Moves Dep 1:2       1-2-Draws
   1 B 2    1.0:0.0        0.0:1.0       3:47:42 AM  -289.97    30 3.172 :3.800  0-1-0

--------------------------------------------------------------

Engine-Match Thursday, October 30, 2025 3:47:44 AM
 Blitz 5/5 

Pairing 61/136 :    Stockfish 1%  -  VPR_v6.0

PGN-File: C:\Program Files (x86)\Arena\Tournaments\Engine Regression Battle 20251027_2.pgn

No:  B/W 1/2     W:B       1:2           Time        Value Moves Dep 1:2       1-2-Draws
   1 W 1    1.0:0.0        1.0:0.0       3:47:57 AM      +M1     9 22.667 :0 1-0-0

--------------------------------------------------------------

Engine-Match Thursday, October 30, 2025 3:47:59 AM
 Blitz 5/5 

Pairing 62/136 :    VPR_v5.0  -  V7P3R_v14.4

PGN-File: C:\Program Files (x86)\Arena\Tournaments\Engine Regression Battle 20251027_2.pgn

No:  B/W 1/2     W:B       1:2           Time        Value Moves Dep 1:2       1-2-Draws
   1 W 1    1.0:0.0        1.0:0.0       3:53:50 AM    +M500    22 2.727 :0 1-0-0

--------------------------------------------------------------

Engine-Match Thursday, October 30, 2025 3:53:52 AM
 Blitz 5/5 

Pairing 63/136 :    V7P3R_v14.5  -  V7P3R_v14.0

PGN-File: C:\Program Files (x86)\Arena\Tournaments\Engine Regression Battle 20251027_2.pgn

No:  B/W 1/2     W:B       1:2           Time        Value Moves Dep 1:2       1-2-Draws
   1 B 2    1.0:0.0        0.0:1.0       4:01:10 AM     0.00    32 3.667 :4.727  0-1-0

--------------------------------------------------------------

Engine-Match Thursday, October 30, 2025 4:01:11 AM
 Blitz 5/5 

Pairing 64/136 :    V7P3R_v12.6  -  V7P3R_v10.8

PGN-File: C:\Program Files (x86)\Arena\Tournaments\Engine Regression Battle 20251027_2.pgn

No:  B/W 1/2     W:B       1:2           Time        Value Moves Dep 1:2       1-2-Draws
   1 B 2    1.0:0.0        0.0:1.0       4:06:40 AM  -289.98    23 4.250 :3.929  0-1-0

--------------------------------------------------------------

Engine-Match Thursday, October 30, 2025 4:06:42 AM
 Blitz 5/5 

Pairing 65/136 :    V7P3R_v12.5  -  V7P3R_v12.2

PGN-File: C:\Program Files (x86)\Arena\Tournaments\Engine Regression Battle 20251027_2.pgn

No:  B/W 1/2     W:B       1:2           Time        Value Moves Dep 1:2       1-2-Draws
   1 W 1    1.0:0.0        1.0:0.0       4:15:01 AM     0.00    31 4.091 :4.556  1-0-0

--------------------------------------------------------------

Engine-Match Thursday, October 30, 2025 4:15:02 AM
 Blitz 5/5 

Pairing 66/136 :    Random_Opponent  -  V7P3R_v13.2

PGN-File: C:\Program Files (x86)\Arena\Tournaments\Engine Regression Battle 20251027_2.pgn

No:  B/W 1/2     W:B       1:2           Time        Value Moves Dep 1:2       1-2-Draws
   1 = =    0.5:0.5        0.5:0.5       4:16:33 AM     0.00    32 0:6.000  0-0-1

--------------------------------------------------------------

Engine-Match Thursday, October 30, 2025 4:16:44 AM
 Blitz 5/5 

Pairing 67/136 :    V7P3R_v14.1  -  VPR_v7.0

PGN-File: C:\Program Files (x86)\Arena\Tournaments\Engine Regression Battle 20251027_2.pgn

No:  B/W 1/2     W:B       1:2           Time        Value Moves Dep 1:2       1-2-Draws
   1 W 1    1.0:0.0        1.0:0.0       4:30:06 AM     0.00    54 4.306 :3.089  1-0-0

--------------------------------------------------------------

Engine-Match Thursday, October 30, 2025 4:30:07 AM
 Blitz 5/5 

Pairing 68/136 :    VPR_v6.0  -  V7P3R_v14.2

PGN-File: C:\Program Files (x86)\Arena\Tournaments\Engine Regression Battle 20251027_2.pgn

No:  B/W 1/2     W:B       1:2           Time        Value Moves Dep 1:2       1-2-Draws
   1 B 2    1.0:0.0        0.0:1.0       4:31:29 AM  -289.98     9 0:4.667  0-1-0

--------------------------------------------------------------

Engine-Match Thursday, October 30, 2025 4:31:31 AM
 Blitz 5/5 

Pairing 69/136 :    V7P3R_v14.3  -  VPR_v5.0

PGN-File: C:\Program Files (x86)\Arena\Tournaments\Engine Regression Battle 20251027_2.pgn

No:  B/W 1/2     W:B       1:2           Time        Value Moves Dep 1:2       1-2-Draws
   1 W 1    1.0:0.0        1.0:0.0       4:45:19 AM  +289.99    51 3.966 :2.867  1-0-0

--------------------------------------------------------------

Engine-Match Thursday, October 30, 2025 4:45:21 AM
 Blitz 5/5 

Pairing 70/136 :    V7P3R_v14.0  -  Stockfish 1%

PGN-File: C:\Program Files (x86)\Arena\Tournaments\Engine Regression Battle 20251027_2.pgn

No:  B/W 1/2     W:B       1:2           Time        Value Moves Dep 1:2       1-2-Draws
   1 B 2    1.0:0.0        0.0:1.0       4:51:19 AM      -M1    40 4.586 :15.909  0-1-0

--------------------------------------------------------------

Engine-Match Thursday, October 30, 2025 4:51:21 AM
 Blitz 5/5 

Pairing 71/136 :    V7P3R_v14.4  -  V7P3R_v12.6

PGN-File: C:\Program Files (x86)\Arena\Tournaments\Engine Regression Battle 20251027_2.pgn

No:  B/W 1/2     W:B       1:2           Time        Value Moves Dep 1:2       1-2-Draws
   1 B 2    1.0:0.0        0.0:1.0       4:56:59 AM     0.00    24 0:4.588  0-1-0

--------------------------------------------------------------

Engine-Match Thursday, October 30, 2025 4:57:00 AM
 Blitz 5/5 

Pairing 72/136 :    V7P3R_v10.8  -  V7P3R_v14.5

PGN-File: C:\Program Files (x86)\Arena\Tournaments\Engine Regression Battle 20251027_2.pgn

No:  B/W 1/2     W:B       1:2           Time        Value Moves Dep 1:2       1-2-Draws
   1 W 1    1.0:0.0        1.0:0.0       5:01:54 AM  +289.98    16 4.615 :3.867  1-0-0

--------------------------------------------------------------

Engine-Match Thursday, October 30, 2025 5:01:56 AM
 Blitz 5/5 

Pairing 73/136 :    V7P3R_v12.4  -  Random_Opponent

PGN-File: C:\Program Files (x86)\Arena\Tournaments\Engine Regression Battle 20251027_2.pgn

No:  B/W 1/2     W:B       1:2           Time        Value Moves Dep 1:2       1-2-Draws
   1 W 1    1.0:0.0        1.0:0.0       5:03:51 AM  +289.99    14 4.909 :0 1-0-0

--------------------------------------------------------------

Engine-Match Thursday, October 30, 2025 5:03:53 AM
 Blitz 5/5 

Pairing 74/136 :    VPR_v7.0  -  V7P3R_v12.5

PGN-File: C:\Program Files (x86)\Arena\Tournaments\Engine Regression Battle 20251027_2.pgn

No:  B/W 1/2     W:B       1:2           Time        Value Moves Dep 1:2       1-2-Draws
   1 B 2    1.0:0.0        0.0:1.0       5:12:51 AM  -289.98    38 3.139 :4.655  0-1-0

--------------------------------------------------------------

Engine-Match Thursday, October 30, 2025 5:12:52 AM
 Blitz 5/5 

Pairing 75/136 :    V7P3R_v13.2  -  VPR_v6.0

PGN-File: C:\Program Files (x86)\Arena\Tournaments\Engine Regression Battle 20251027_2.pgn

No:  B/W 1/2     W:B       1:2           Time        Value Moves Dep 1:2       1-2-Draws
   1 = =    0.5:0.5        0.5:0.5       5:14:23 AM     0.00    28 6.000 :0 0-0-1

--------------------------------------------------------------

Engine-Match Thursday, October 30, 2025 5:14:25 AM
 Blitz 5/5 

Pairing 76/136 :    VPR_v5.0  -  V7P3R_v14.1

PGN-File: C:\Program Files (x86)\Arena\Tournaments\Engine Regression Battle 20251027_2.pgn

No:  B/W 1/2     W:B       1:2           Time        Value Moves Dep 1:2       1-2-Draws
   1 B 2    1.0:0.0        0.0:1.0       5:23:44 AM     0.00    27 3.222 :4.063  0-1-0

--------------------------------------------------------------

Engine-Match Thursday, October 30, 2025 5:23:46 AM
 Blitz 5/5 

Pairing 77/136 :    V7P3R_v14.2  -  V7P3R_v14.0

PGN-File: C:\Program Files (x86)\Arena\Tournaments\Engine Regression Battle 20251027_2.pgn

No:  B/W 1/2     W:B       1:2           Time        Value Moves Dep 1:2       1-2-Draws
   1 = =    0.5:0.5        0.5:0.5       5:38:28 AM   +10.55    76 4.867 :5.000  0-0-1

--------------------------------------------------------------

Engine-Match Thursday, October 30, 2025 5:38:30 AM
 Blitz 5/5 

Pairing 78/136 :    V7P3R_v12.6  -  V7P3R_v14.3

PGN-File: C:\Program Files (x86)\Arena\Tournaments\Engine Regression Battle 20251027_2.pgn

No:  B/W 1/2     W:B       1:2           Time        Value Moves Dep 1:2       1-2-Draws
   1 W 1    1.0:0.0        1.0:0.0       5:49:32 AM  +289.99    44 4.500 :4.103  1-0-0

--------------------------------------------------------------

Engine-Match Thursday, October 30, 2025 5:49:34 AM
 Blitz 5/5 

Pairing 80/136 :    V7P3R_v14.5  -  V7P3R_v14.4

PGN-File: C:\Program Files (x86)\Arena\Tournaments\Engine Regression Battle 20251027_2.pgn

No:  B/W 1/2     W:B       1:2           Time        Value Moves Dep 1:2       1-2-Draws
   1 B 2    1.0:0.0        0.0:1.0       5:52:19 AM   -28.53    14 3.769 :0 0-1-0

--------------------------------------------------------------

Engine-Match Thursday, October 30, 2025 5:52:21 AM
 Blitz 5/5 

Pairing 81/136 :    V7P3R_v12.2  -  VPR_v7.0

PGN-File: C:\Program Files (x86)\Arena\Tournaments\Engine Regression Battle 20251027_2.pgn

No:  B/W 1/2     W:B       1:2           Time        Value Moves Dep 1:2       1-2-Draws
   1 W 1    1.0:0.0        1.0:0.0       5:57:44 AM     0.00    25 4.895 :3.167  1-0-0

--------------------------------------------------------------

Engine-Match Thursday, October 30, 2025 5:57:46 AM
 Blitz 5/5 

Pairing 82/136 :    VPR_v6.0  -  V7P3R_v12.4

PGN-File: C:\Program Files (x86)\Arena\Tournaments\Engine Regression Battle 20251027_2.pgn

No:  B/W 1/2     W:B       1:2           Time        Value Moves Dep 1:2       1-2-Draws
   1 B 2    1.0:0.0        0.0:1.0       5:58:47 AM  -289.99     6 0:4.833  0-1-0

--------------------------------------------------------------

Engine-Match Thursday, October 30, 2025 5:58:48 AM
 Blitz 5/5 

Pairing 83/136 :    V7P3R_v12.5  -  VPR_v5.0

PGN-File: C:\Program Files (x86)\Arena\Tournaments\Engine Regression Battle 20251027_2.pgn

No:  B/W 1/2     W:B       1:2           Time        Value Moves Dep 1:2       1-2-Draws
   1 W 1    1.0:0.0        1.0:0.0       6:10:29 AM     0.00    35 4.591 :3.231  1-0-0

--------------------------------------------------------------

Engine-Match Thursday, October 30, 2025 6:10:30 AM
 Blitz 5/5 

Pairing 84/136 :    V7P3R_v14.0  -  V7P3R_v13.2

PGN-File: C:\Program Files (x86)\Arena\Tournaments\Engine Regression Battle 20251027_2.pgn

No:  B/W 1/2     W:B       1:2           Time        Value Moves Dep 1:2       1-2-Draws
   1 W 1    1.0:0.0        1.0:0.0       6:17:41 AM     0.00    30 4.680 :5.917  1-0-0

--------------------------------------------------------------

Engine-Match Thursday, October 30, 2025 6:17:42 AM
 Blitz 5/5 

Pairing 85/136 :    V7P3R_v14.1  -  V7P3R_v12.6

PGN-File: C:\Program Files (x86)\Arena\Tournaments\Engine Regression Battle 20251027_2.pgn

No:  B/W 1/2     W:B       1:2           Time        Value Moves Dep 1:2       1-2-Draws
   1 = =    0.5:0.5        0.5:0.5       6:29:32 AM   -12.12    42 4.385 :4.840  0-0-1

--------------------------------------------------------------

Engine-Match Thursday, October 30, 2025 6:29:33 AM
 Blitz 5/5 

Pairing 87/136 :    V7P3R_v14.3  -  V7P3R_v14.5

PGN-File: C:\Program Files (x86)\Arena\Tournaments\Engine Regression Battle 20251027_2.pgn

No:  B/W 1/2     W:B       1:2           Time        Value Moves Dep 1:2       1-2-Draws
   1 W 1    1.0:0.0        1.0:0.0       6:35:46 AM   +48.52    27 4.389 :4.227  1-0-0

--------------------------------------------------------------

Engine-Match Thursday, October 30, 2025 6:35:48 AM
 Blitz 5/5 

Pairing 88/136 :    V7P3R_v14.4  -  Stockfish 1%

PGN-File: C:\Program Files (x86)\Arena\Tournaments\Engine Regression Battle 20251027_2.pgn

No:  B/W 1/2     W:B       1:2           Time        Value Moves Dep 1:2       1-2-Draws
   1 B 2    1.0:0.0        0.0:1.0       6:40:36 AM      -M1    40 0:17.500  0-1-0

--------------------------------------------------------------

Engine-Match Thursday, October 30, 2025 6:40:47 AM
 Blitz 5/5 

Pairing 89/136 :    Random_Opponent  -  VPR_v6.0

PGN-File: C:\Program Files (x86)\Arena\Tournaments\Engine Regression Battle 20251027_2.pgn

No:  B/W 1/2     W:B       1:2           Time        Value Moves Dep 1:2       1-2-Draws
   1 = =    0.5:0.5        0.5:0.5       6:41:16 AM     0.00    77 0:0 0-0-1

--------------------------------------------------------------

Engine-Match Thursday, October 30, 2025 6:41:17 AM
 Blitz 5/5 

Pairing 90/136 :    VPR_v5.0  -  V7P3R_v12.2

PGN-File: C:\Program Files (x86)\Arena\Tournaments\Engine Regression Battle 20251027_2.pgn

No:  B/W 1/2     W:B       1:2           Time        Value Moves Dep 1:2       1-2-Draws
   1 B 2    1.0:0.0        0.0:1.0       6:48:15 AM     0.00    21 2.900 :4.611  0-1-0

--------------------------------------------------------------

Engine-Match Thursday, October 30, 2025 6:48:17 AM
 Blitz 5/5 

Pairing 91/136 :    V7P3R_v12.4  -  V7P3R_v14.0

PGN-File: C:\Program Files (x86)\Arena\Tournaments\Engine Regression Battle 20251027_2.pgn

No:  B/W 1/2     W:B       1:2           Time        Value Moves Dep 1:2       1-2-Draws
   1 B 2    1.0:0.0        0.0:1.0       6:59:00 AM     0.00    37 4.607 :4.750  0-1-0

--------------------------------------------------------------

Engine-Match Thursday, October 30, 2025 6:59:01 AM
 Blitz 5/5 

Pairing 92/136 :    V7P3R_v12.6  -  V7P3R_v12.5

PGN-File: C:\Program Files (x86)\Arena\Tournaments\Engine Regression Battle 20251027_2.pgn

No:  B/W 1/2     W:B       1:2           Time        Value Moves Dep 1:2       1-2-Draws
   1 = =    0.5:0.5        0.5:0.5       7:10:14 AM     0.00    46 4.600 :4.400  0-0-1

--------------------------------------------------------------

Engine-Match Thursday, October 30, 2025 7:10:15 AM
 Blitz 5/5 

Pairing 93/136 :    V7P3R_v13.2  -  V7P3R_v10.8

PGN-File: C:\Program Files (x86)\Arena\Tournaments\Engine Regression Battle 20251027_2.pgn

No:  B/W 1/2     W:B       1:2           Time        Value Moves Dep 1:2       1-2-Draws
   1 B 2    1.0:0.0        0.0:1.0       7:13:58 AM     0.00    20 5.857 :4.188  0-1-0

--------------------------------------------------------------

Engine-Match Thursday, October 30, 2025 7:14:00 AM
 Blitz 5/5 

Pairing 94/136 :    V7P3R_v14.5  -  V7P3R_v14.1

PGN-File: C:\Program Files (x86)\Arena\Tournaments\Engine Regression Battle 20251027_2.pgn

No:  B/W 1/2     W:B       1:2           Time        Value Moves Dep 1:2       1-2-Draws
   1 B 2    1.0:0.0        0.0:1.0       7:17:24 AM   -27.65    14 3.538 :4.273  0-1-0

--------------------------------------------------------------

Engine-Match Thursday, October 30, 2025 7:17:26 AM
 Blitz 5/5 

Pairing 95/136 :    V7P3R_v14.2  -  V7P3R_v14.4

PGN-File: C:\Program Files (x86)\Arena\Tournaments\Engine Regression Battle 20251027_2.pgn

No:  B/W 1/2     W:B       1:2           Time        Value Moves Dep 1:2       1-2-Draws
   1 W 1    1.0:0.0        1.0:0.0       7:25:51 AM     0.00    31 4.947 :0 1-0-0

--------------------------------------------------------------

Engine-Match Thursday, October 30, 2025 7:25:53 AM
 Blitz 5/5 

Pairing 96/136 :    Stockfish 1%  -  V7P3R_v14.3

PGN-File: C:\Program Files (x86)\Arena\Tournaments\Engine Regression Battle 20251027_2.pgn

No:  B/W 1/2     W:B       1:2           Time        Value Moves Dep 1:2       1-2-Draws
   1 W 1    1.0:0.0        1.0:0.0       7:27:44 AM   +20.70    16 17.200 :3.750  1-0-0

--------------------------------------------------------------

Engine-Match Thursday, October 30, 2025 7:27:46 AM
 Blitz 5/5 

Pairing 97/136 :    VPR_v7.0  -  VPR_v5.0

PGN-File: C:\Program Files (x86)\Arena\Tournaments\Engine Regression Battle 20251027_2.pgn

No:  B/W 1/2     W:B       1:2           Time        Value Moves Dep 1:2       1-2-Draws
   1 = =    0.5:0.5        0.5:0.5       7:45:37 AM    -M500    85 3.034 :3.071  0-0-1

--------------------------------------------------------------

Engine-Match Thursday, October 30, 2025 7:45:38 AM
 Blitz 5/5 

Pairing 98/136 :    V7P3R_v14.0  -  Random_Opponent

PGN-File: C:\Program Files (x86)\Arena\Tournaments\Engine Regression Battle 20251027_2.pgn

No:  B/W 1/2     W:B       1:2           Time        Value Moves Dep 1:2       1-2-Draws
   1 W 1    1.0:0.0        1.0:0.0       7:47:55 AM  +289.98    12 4.900 :0 1-0-0

--------------------------------------------------------------

Engine-Match Thursday, October 30, 2025 7:47:56 AM
 Blitz 5/5 

Pairing 99/136 :    V7P3R_v12.2  -  V7P3R_v12.6

PGN-File: C:\Program Files (x86)\Arena\Tournaments\Engine Regression Battle 20251027_2.pgn

No:  B/W 1/2     W:B       1:2           Time        Value Moves Dep 1:2       1-2-Draws
   1 = =    0.5:0.5        0.5:0.5       7:59:02 AM     0.00    36 4.826 :4.250  0-0-1

--------------------------------------------------------------

Engine-Match Thursday, October 30, 2025 7:59:04 AM
 Blitz 5/5 

Pairing 100/136 :    V7P3R_v10.8  -  V7P3R_v12.4

PGN-File: C:\Program Files (x86)\Arena\Tournaments\Engine Regression Battle 20251027_2.pgn

No:  B/W 1/2     W:B       1:2           Time        Value Moves Dep 1:2       1-2-Draws
   1 = =    0.5:0.5        0.5:0.5       8:06:21 AM    -6.10    30 4.158 :4.667  0-0-1

--------------------------------------------------------------

Engine-Match Thursday, October 30, 2025 8:06:22 AM
 Blitz 5/5 

Pairing 101/136 :    V7P3R_v12.5  -  V7P3R_v14.5

PGN-File: C:\Program Files (x86)\Arena\Tournaments\Engine Regression Battle 20251027_2.pgn

No:  B/W 1/2     W:B       1:2           Time        Value Moves Dep 1:2       1-2-Draws
   1 W 1    1.0:0.0        1.0:0.0       8:12:27 AM   +39.14    20 4.500 :4.071  1-0-0

--------------------------------------------------------------

Engine-Match Thursday, October 30, 2025 8:12:29 AM
 Blitz 5/5 

Pairing 102/136 :    V7P3R_v14.4  -  V7P3R_v13.2

PGN-File: C:\Program Files (x86)\Arena\Tournaments\Engine Regression Battle 20251027_2.pgn

No:  B/W 1/2     W:B       1:2           Time        Value Moves Dep 1:2       1-2-Draws
   1 = =    0.5:0.5        0.5:0.5       8:25:18 AM    -4.56    93 0:5.900  0-0-1

--------------------------------------------------------------

Engine-Match Thursday, October 30, 2025 8:25:20 AM
 Blitz 5/5 

Pairing 103/136 :    V7P3R_v14.1  -  Stockfish 1%

PGN-File: C:\Program Files (x86)\Arena\Tournaments\Engine Regression Battle 20251027_2.pgn

No:  B/W 1/2     W:B       1:2           Time        Value Moves Dep 1:2       1-2-Draws
   1 B 2    1.0:0.0        0.0:1.0       8:27:52 AM      -M1    18 4.182 :18.133  0-1-0

--------------------------------------------------------------

Engine-Match Thursday, October 30, 2025 8:27:54 AM
 Blitz 5/5 

Pairing 104/136 :    V7P3R_v14.3  -  V7P3R_v14.2

PGN-File: C:\Program Files (x86)\Arena\Tournaments\Engine Regression Battle 20251027_2.pgn

No:  B/W 1/2     W:B       1:2           Time        Value Moves Dep 1:2       1-2-Draws
   1 B 2    1.0:0.0        0.0:1.0       8:30:31 AM  -289.98    12 3.667 :4.700  0-1-0

--------------------------------------------------------------

Engine-Match Thursday, October 30, 2025 8:30:32 AM
 Blitz 5/5 

Pairing 105/136 :    VPR_v6.0  -  V7P3R_v14.0

PGN-File: C:\Program Files (x86)\Arena\Tournaments\Engine Regression Battle 20251027_2.pgn

No:  B/W 1/2     W:B       1:2           Time        Value Moves Dep 1:2       1-2-Draws
   1 B 2    1.0:0.0        0.0:1.0       8:32:47 AM  -289.99    11 0:4.800  0-1-0

--------------------------------------------------------------

Engine-Match Thursday, October 30, 2025 8:32:48 AM
 Blitz 5/5 

Pairing 106/136 :    V7P3R_v12.6  -  VPR_v7.0

PGN-File: C:\Program Files (x86)\Arena\Tournaments\Engine Regression Battle 20251027_2.pgn

No:  B/W 1/2     W:B       1:2           Time        Value Moves Dep 1:2       1-2-Draws
   1 W 1    1.0:0.0        1.0:0.0       8:39:08 AM     0.00    27 4.632 :3.042  1-0-0

--------------------------------------------------------------

Engine-Match Thursday, October 30, 2025 8:39:10 AM
 Blitz 5/5 

Pairing 107/136 :    Random_Opponent  -  V7P3R_v10.8

PGN-File: C:\Program Files (x86)\Arena\Tournaments\Engine Regression Battle 20251027_2.pgn

No:  B/W 1/2     W:B       1:2           Time        Value Moves Dep 1:2       1-2-Draws
   1 B 2    1.0:0.0        0.0:1.0       8:40:37 AM  -289.98    11 0:4.300  0-1-0

--------------------------------------------------------------

Engine-Match Thursday, October 30, 2025 8:40:38 AM
 Blitz 5/5 

Pairing 108/136 :    V7P3R_v14.5  -  V7P3R_v12.2

PGN-File: C:\Program Files (x86)\Arena\Tournaments\Engine Regression Battle 20251027_2.pgn

No:  B/W 1/2     W:B       1:2           Time        Value Moves Dep 1:2       1-2-Draws
   1 B 2    1.0:0.0        0.0:1.0       8:46:14 AM   -54.75    20 3.833 :5.000  0-1-0

--------------------------------------------------------------

Engine-Match Thursday, October 30, 2025 8:46:25 AM
 Blitz 5/5 

Pairing 109/136 :    V7P3R_v12.4  -  V7P3R_v14.4

PGN-File: C:\Program Files (x86)\Arena\Tournaments\Engine Regression Battle 20251027_2.pgn

No:  B/W 1/2     W:B       1:2           Time        Value Moves Dep 1:2       1-2-Draws
   1 W 1    1.0:0.0        1.0:0.0       8:52:14 AM  +289.98    28 5.071 :0 1-0-0

--------------------------------------------------------------

Engine-Match Thursday, October 30, 2025 8:52:15 AM
 Blitz 5/5 

Pairing 110/136 :    Stockfish 1%  -  V7P3R_v12.5

PGN-File: C:\Program Files (x86)\Arena\Tournaments\Engine Regression Battle 20251027_2.pgn

No:  B/W 1/2     W:B       1:2           Time        Value Moves Dep 1:2       1-2-Draws
   1 W 1    1.0:0.0        1.0:0.0       8:55:36 AM      +M1    20 16.059 :4.214  1-0-0

--------------------------------------------------------------

Engine-Match Thursday, October 30, 2025 8:55:37 AM
 Blitz 5/5 

Pairing 111/136 :    V7P3R_v13.2  -  V7P3R_v14.3

PGN-File: C:\Program Files (x86)\Arena\Tournaments\Engine Regression Battle 20251027_2.pgn

No:  B/W 1/2     W:B       1:2           Time        Value Moves Dep 1:2       1-2-Draws
   1 B 2    1.0:0.0        0.0:1.0       8:58:06 AM     0.00    16 5.714 :3.571  0-1-0

--------------------------------------------------------------

Engine-Match Thursday, October 30, 2025 8:58:08 AM
 Blitz 5/5 

Pairing 112/136 :    V7P3R_v14.2  -  V7P3R_v14.1

PGN-File: C:\Program Files (x86)\Arena\Tournaments\Engine Regression Battle 20251027_2.pgn

No:  B/W 1/2     W:B       1:2           Time        Value Moves Dep 1:2       1-2-Draws
   1 W 1    1.0:0.0        1.0:0.0       9:15:33 AM  +289.99    76 4.895 :4.167  1-0-0

--------------------------------------------------------------

Engine-Match Thursday, October 30, 2025 9:15:34 AM
 Blitz 5/5 

Pairing 113/136 :    VPR_v5.0  -  V7P3R_v12.6

PGN-File: C:\Program Files (x86)\Arena\Tournaments\Engine Regression Battle 20251027_2.pgn

No:  B/W 1/2     W:B       1:2           Time        Value Moves Dep 1:2       1-2-Draws
   1 B 2    1.0:0.0        0.0:1.0       9:20:42 AM     0.00    15 3.071 :4.429  0-1-0

--------------------------------------------------------------

Engine-Match Thursday, October 30, 2025 9:20:44 AM
 Blitz 5/5 

Pairing 114/136 :    V7P3R_v10.8  -  VPR_v6.0

PGN-File: C:\Program Files (x86)\Arena\Tournaments\Engine Regression Battle 20251027_2.pgn

No:  B/W 1/2     W:B       1:2           Time        Value Moves Dep 1:2       1-2-Draws
   1 W 1    1.0:0.0        1.0:0.0       9:24:21 AM  +289.97    16 4.214 :0 1-0-0

--------------------------------------------------------------

Engine-Match Thursday, October 30, 2025 9:24:23 AM
 Blitz 5/5 

Pairing 115/136 :    VPR_v7.0  -  V7P3R_v14.5

PGN-File: C:\Program Files (x86)\Arena\Tournaments\Engine Regression Battle 20251027_2.pgn

No:  B/W 1/2     W:B       1:2           Time        Value Moves Dep 1:2       1-2-Draws
   1 W 1    1.0:0.0        1.0:0.0       9:40:48 AM   +16.10    81 2.833 :3.958  1-0-0

--------------------------------------------------------------

Engine-Match Thursday, October 30, 2025 9:40:50 AM
 Blitz 5/5 

Pairing 116/136 :    V7P3R_v14.4  -  Random_Opponent

PGN-File: C:\Program Files (x86)\Arena\Tournaments\Engine Regression Battle 20251027_2.pgn

No:  B/W 1/2     W:B       1:2           Time        Value Moves Dep 1:2       1-2-Draws
   1 W 1    1.0:0.0        1.0:0.0       9:41:58 AM     0.00    12 0:0 1-0-0

--------------------------------------------------------------

Engine-Match Thursday, October 30, 2025 9:42:00 AM
 Blitz 5/5 

Pairing 117/136 :    V7P3R_v12.2  -  Stockfish 1%

PGN-File: C:\Program Files (x86)\Arena\Tournaments\Engine Regression Battle 20251027_2.pgn

No:  B/W 1/2     W:B       1:2           Time        Value Moves Dep 1:2       1-2-Draws
   1 B 2    1.0:0.0        0.0:1.0       9:50:50 AM   -14.50    61 4.594 :16.167  0-1-0

--------------------------------------------------------------

Engine-Match Thursday, October 30, 2025 9:50:52 AM
 Blitz 5/5 

Pairing 118/136 :    V7P3R_v14.3  -  V7P3R_v12.4

PGN-File: C:\Program Files (x86)\Arena\Tournaments\Engine Regression Battle 20251027_2.pgn

No:  B/W 1/2     W:B       1:2           Time        Value Moves Dep 1:2       1-2-Draws
   1 B 2    1.0:0.0        0.0:1.0       9:54:48 AM    -9.81    18 4.000 :5.000  0-1-0

--------------------------------------------------------------

Engine-Match Thursday, October 30, 2025 9:54:49 AM
 Blitz 5/5 

Pairing 119/136 :    V7P3R_v12.5  -  V7P3R_v14.2

PGN-File: C:\Program Files (x86)\Arena\Tournaments\Engine Regression Battle 20251027_2.pgn

No:  B/W 1/2     W:B       1:2           Time        Value Moves Dep 1:2       1-2-Draws
   1 * *     0.0:0.0        0.0:0.0       10:10:22 AM     0.00    64 4.368 :4.826  0-0-0

--------------------------------------------------------------

Engine-Match Thursday, October 30, 2025 10:11:55 AM
 Blitz 5/5 

Pairing 1/153 :    V7P3R_v10.8  -  V7P3R_v14.6

PGN-File: C:\Program Files (x86)\Arena\Tournaments\Engine Regression Battle 20251027_2.pgn

No:  B/W 1/2     W:B       1:2           Time        Value Moves Dep 1:2       1-2-Draws
   1 W 1    1.0:0.0        1.0:0.0       10:16:17 AM     0.00    16 4.308 :4.000  1-0-0

--------------------------------------------------------------

Engine-Match Thursday, October 30, 2025 10:16:18 AM
 Blitz 5/5 

Pairing 2/153 :    V7P3R_v14.5  -  V7P3R_v12.6

PGN-File: C:\Program Files (x86)\Arena\Tournaments\Engine Regression Battle 20251027_2.pgn

No:  B/W 1/2     W:B       1:2           Time        Value Moves Dep 1:2       1-2-Draws
   1 B 2    1.0:0.0        0.0:1.0       10:19:16 AM   -33.88    13 3.385 :4.500  0-1-0

--------------------------------------------------------------

Engine-Match Thursday, October 30, 2025 10:19:18 AM
 Blitz 5/5 

Pairing 3/153 :    V7P3R_v14.0  -  V7P3R_v14.4

PGN-File: C:\Program Files (x86)\Arena\Tournaments\Engine Regression Battle 20251027_2.pgn

No:  B/W 1/2     W:B       1:2           Time        Value Moves Dep 1:2       1-2-Draws
   1 W 1    1.0:0.0        1.0:0.0       10:25:00 AM     0.00    24 5.000 :0 1-0-0

--------------------------------------------------------------

Engine-Match Thursday, October 30, 2025 10:25:01 AM
 Blitz 5/5 

Pairing 4/153 :    Stockfish 1%  -  VPR_v5.0

PGN-File: C:\Program Files (x86)\Arena\Tournaments\Engine Regression Battle 20251027_2.pgn

No:  B/W 1/2     W:B       1:2           Time        Value Moves Dep 1:2       1-2-Draws
   1 W 1    1.0:0.0        1.0:0.0       10:39:31 AM     0.00   103 16.583 :3.056  1-0-0

--------------------------------------------------------------

Engine-Match Thursday, October 30, 2025 10:39:32 AM
 Blitz 5/5 

Pairing 5/153 :    VPR_v6.0  -  V7P3R_v14.3

PGN-File: C:\Program Files (x86)\Arena\Tournaments\Engine Regression Battle 20251027_2.pgn

No:  B/W 1/2     W:B       1:2           Time        Value Moves Dep 1:2       1-2-Draws
   1 B 2    1.0:0.0        0.0:1.0       10:41:29 AM  -289.97    20 0:4.222  0-1-0

--------------------------------------------------------------

Engine-Match Thursday, October 30, 2025 10:41:31 AM
 Blitz 5/5 

Pairing 6/153 :    V7P3R_v14.2  -  VPR_v7.0

PGN-File: C:\Program Files (x86)\Arena\Tournaments\Engine Regression Battle 20251027_2.pgn

No:  B/W 1/2     W:B       1:2           Time        Value Moves Dep 1:2       1-2-Draws
   1 W 1    1.0:0.0        1.0:0.0       10:50:11 AM  +289.98    34 4.700 :3.091  1-0-0

--------------------------------------------------------------

Engine-Match Thursday, October 30, 2025 10:50:12 AM
 Blitz 5/5 

Pairing 7/153 :    Random_Opponent  -  V7P3R_v14.1

PGN-File: C:\Program Files (x86)\Arena\Tournaments\Engine Regression Battle 20251027_2.pgn

No:  B/W 1/2     W:B       1:2           Time        Value Moves Dep 1:2       1-2-Draws
   1 B 2    1.0:0.0        0.0:1.0       10:54:18 AM  -289.98    16 0:4.267  0-1-0

--------------------------------------------------------------

Engine-Match Thursday, October 30, 2025 10:54:19 AM
 Blitz 5/5 

Pairing 8/153 :    V7P3R_v13.2  -  V7P3R_v12.2

PGN-File: C:\Program Files (x86)\Arena\Tournaments\Engine Regression Battle 20251027_2.pgn

No:  B/W 1/2     W:B       1:2           Time        Value Moves Dep 1:2       1-2-Draws
   1 B 2    1.0:0.0        0.0:1.0       10:59:35 AM     0.00    29 6.000 :5.000  0-1-0

--------------------------------------------------------------

Engine-Match Thursday, October 30, 2025 10:59:37 AM
 Blitz 5/5 

Pairing 9/153 :    V7P3R_v12.4  -  V7P3R_v12.5

PGN-File: C:\Program Files (x86)\Arena\Tournaments\Engine Regression Battle 20251027_2.pgn

No:  B/W 1/2     W:B       1:2           Time        Value Moves Dep 1:2       1-2-Draws
   1 W 1    1.0:0.0        1.0:0.0       11:15:29 AM     0.00    68 4.417 :4.091  1-0-0

--------------------------------------------------------------

Engine-Match Thursday, October 30, 2025 11:15:30 AM
 Blitz 5/5 

Pairing 11/153 :    V7P3R_v14.4  -  V7P3R_v14.6

PGN-File: C:\Program Files (x86)\Arena\Tournaments\Engine Regression Battle 20251027_2.pgn

No:  B/W 1/2     W:B       1:2           Time        Value Moves Dep 1:2       1-2-Draws
   1 = =    0.5:0.5        0.5:0.5       11:29:15 AM    -2.36    58 0:3.625  0-0-1

--------------------------------------------------------------

Engine-Match Thursday, October 30, 2025 11:29:17 AM
 Blitz 5/5 

Pairing 21/153 :    V7P3R_v14.6  -  V7P3R_v14.3

PGN-File: C:\Program Files (x86)\Arena\Tournaments\Engine Regression Battle 20251027_2.pgn

No:  B/W 1/2     W:B       1:2           Time        Value Moves Dep 1:2       1-2-Draws
   1 B 2    1.0:0.0        0.0:1.0       11:36:02 AM   -64.80    30 3.815 :4.125  0-1-0

--------------------------------------------------------------

Engine-Match Thursday, October 30, 2025 11:36:04 AM
 Blitz 5/5 

Pairing 31/153 :    V7P3R_v14.1  -  V7P3R_v14.6

PGN-File: C:\Program Files (x86)\Arena\Tournaments\Engine Regression Battle 20251027_2.pgn

No:  B/W 1/2     W:B       1:2           Time        Value Moves Dep 1:2       1-2-Draws
   1 W 1    1.0:0.0        1.0:0.0       11:43:10 AM  +289.98    20 4.235 :4.053  1-0-0

--------------------------------------------------------------

Engine-Match Thursday, October 30, 2025 11:43:11 AM
 Blitz 5/5 

Pairing 41/153 :    V7P3R_v14.6  -  V7P3R_v12.5

PGN-File: C:\Program Files (x86)\Arena\Tournaments\Engine Regression Battle 20251027_2.pgn

No:  B/W 1/2     W:B       1:2           Time        Value Moves Dep 1:2       1-2-Draws
   1 B 2    1.0:0.0        0.0:1.0       11:48:29 AM  -289.97    18 3.333 :4.267  0-1-0

--------------------------------------------------------------

Engine-Match Thursday, October 30, 2025 11:48:30 AM
 Blitz 5/5 

Pairing 51/153 :    V7P3R_v12.2  -  V7P3R_v14.6

PGN-File: C:\Program Files (x86)\Arena\Tournaments\Engine Regression Battle 20251027_2.pgn

No:  B/W 1/2     W:B       1:2           Time        Value Moves Dep 1:2       1-2-Draws
   1 W 1    1.0:0.0        1.0:0.0       11:53:11 AM     0.00    17 4.500 :3.933  1-0-0

--------------------------------------------------------------

Engine-Match Thursday, October 30, 2025 11:53:12 AM
 Blitz 5/5 

Pairing 61/153 :    V7P3R_v14.6  -  VPR_v7.0

PGN-File: C:\Program Files (x86)\Arena\Tournaments\Engine Regression Battle 20251027_2.pgn

No:  B/W 1/2     W:B       1:2           Time        Value Moves Dep 1:2       1-2-Draws
   1 B 2    1.0:0.0        0.0:1.0       12:03:16 PM    -M500    47 3.895 :3.053  0-1-0

--------------------------------------------------------------

Engine-Match Thursday, October 30, 2025 12:03:17 PM
 Blitz 5/5 

Pairing 71/153 :    VPR_v5.0  -  V7P3R_v14.6

PGN-File: C:\Program Files (x86)\Arena\Tournaments\Engine Regression Battle 20251027_2.pgn

No:  B/W 1/2     W:B       1:2           Time        Value Moves Dep 1:2       1-2-Draws
   1 W 1    1.0:0.0        1.0:0.0       12:14:40 PM    +M500    39 2.955 :3.455  1-0-0

--------------------------------------------------------------

Engine-Match Thursday, October 30, 2025 12:14:41 PM
 Blitz 5/5 

Pairing 81/153 :    V7P3R_v14.6  -  V7P3R_v12.6

PGN-File: C:\Program Files (x86)\Arena\Tournaments\Engine Regression Battle 20251027_2.pgn

No:  B/W 1/2     W:B       1:2           Time        Value Moves Dep 1:2       1-2-Draws
   1 B 2    1.0:0.0        0.0:1.0       12:18:39 PM   -31.13    15 3.467 :4.636  0-1-0

--------------------------------------------------------------

Engine-Match Thursday, October 30, 2025 12:18:41 PM
 Blitz 5/5 

Pairing 90/153 :    V7P3R_v14.5  -  V7P3R_v14.6

PGN-File: C:\Program Files (x86)\Arena\Tournaments\Engine Regression Battle 20251027_2.pgn

No:  B/W 1/2     W:B       1:2           Time        Value Moves Dep 1:2       1-2-Draws
   1 B 2    1.0:0.0        0.0:1.0       12:29:00 PM   -13.13    39 3.786 :3.786  0-1-0

--------------------------------------------------------------

Engine-Match Thursday, October 30, 2025 12:29:02 PM
 Blitz 5/5 

Pairing 98/153 :    V7P3R_v14.6  -  Stockfish 1%

PGN-File: C:\Program Files (x86)\Arena\Tournaments\Engine Regression Battle 20251027_2.pgn

No:  B/W 1/2     W:B       1:2           Time        Value Moves Dep 1:2       1-2-Draws
   1 B 2    1.0:0.0        0.0:1.0       12:31:22 PM   -39.09    17 3.500 :17.455  0-1-0

--------------------------------------------------------------

Engine-Match Thursday, October 30, 2025 12:31:24 PM
 Blitz 5/5 

Pairing 106/153 :    V7P3R_v14.2  -  V7P3R_v14.6

PGN-File: C:\Program Files (x86)\Arena\Tournaments\Engine Regression Battle 20251027_2.pgn

No:  B/W 1/2     W:B       1:2           Time        Value Moves Dep 1:2       1-2-Draws
   1 W 1    1.0:0.0        1.0:0.0       12:36:55 PM  +289.98    21 4.867 :4.125  1-0-0

--------------------------------------------------------------

Engine-Match Thursday, October 30, 2025 12:37:10 PM
 Blitz 5/5 

Pairing 114/153 :    V7P3R_v14.6  -  V7P3R_v13.2

PGN-File: C:\Program Files (x86)\Arena\Tournaments\Engine Regression Battle 20251027_2.pgn

No:  B/W 1/2     W:B       1:2           Time        Value Moves Dep 1:2       1-2-Draws
   1 B 2    1.0:0.0        0.0:1.0       12:42:23 PM   -35.99    25 3.625 :5.909  0-1-0

--------------------------------------------------------------

Engine-Match Thursday, October 30, 2025 12:42:24 PM
 Blitz 5/5 

Pairing 122/153 :    V7P3R_v12.4  -  V7P3R_v14.6

PGN-File: C:\Program Files (x86)\Arena\Tournaments\Engine Regression Battle 20251027_2.pgn

No:  B/W 1/2     W:B       1:2           Time        Value Moves Dep 1:2       1-2-Draws
   1 W 1    1.0:0.0        1.0:0.0       12:50:23 PM     0.00    27 4.905 :4.000  1-0-0

--------------------------------------------------------------

Engine-Match Thursday, October 30, 2025 12:50:25 PM
 Blitz 5/5 

Pairing 130/153 :    V7P3R_v14.6  -  Random_Opponent

PGN-File: C:\Program Files (x86)\Arena\Tournaments\Engine Regression Battle 20251027_2.pgn

No:  B/W 1/2     W:B       1:2           Time        Value Moves Dep 1:2       1-2-Draws
   1 W 1    1.0:0.0        1.0:0.0       12:56:48 PM     0.00    46 3.233 :0 1-0-0

--------------------------------------------------------------

Engine-Match Thursday, October 30, 2025 12:56:49 PM
 Blitz 5/5 

Pairing 136/153 :    V7P3R_v14.0  -  V7P3R_v10.8

PGN-File: C:\Program Files (x86)\Arena\Tournaments\Engine Regression Battle 20251027_2.pgn

No:  B/W 1/2     W:B       1:2           Time        Value Moves Dep 1:2       1-2-Draws
   1 B 2    1.0:0.0        0.0:1.0       1:08:44 PM     0.00    62 4.600 :3.783  0-1-0

--------------------------------------------------------------

Engine-Match Thursday, October 30, 2025 1:08:46 PM
 Blitz 5/5 

Pairing 138/153 :    VPR_v6.0  -  V7P3R_v14.6

PGN-File: C:\Program Files (x86)\Arena\Tournaments\Engine Regression Battle 20251027_2.pgn

No:  B/W 1/2     W:B       1:2           Time        Value Moves Dep 1:2       1-2-Draws
   1 B 2    1.0:0.0        0.0:1.0       1:10:58 PM  -289.97    17 0:3.875  0-1-0

--------------------------------------------------------------

Engine-Match Thursday, October 30, 2025 1:10:59 PM
 Blitz 5/5 

Pairing 143/153 :    V7P3R_v14.2  -  V7P3R_v12.5

PGN-File: C:\Program Files (x86)\Arena\Tournaments\Engine Regression Battle 20251027_2.pgn

No:  B/W 1/2     W:B       1:2           Time        Value Moves Dep 1:2       1-2-Draws
   1 W 1    1.0:0.0        1.0:0.0       1:16:57 PM   +15.80    21 4.400 :4.267  1-0-0

--------------------------------------------------------------

Engine-Match Thursday, October 30, 2025 1:16:58 PM
 Blitz 5/5 

Pairing 144/153 :    V7P3R_v13.2  -  V7P3R_v14.1

PGN-File: C:\Program Files (x86)\Arena\Tournaments\Engine Regression Battle 20251027_2.pgn

No:  B/W 1/2     W:B       1:2           Time        Value Moves Dep 1:2       1-2-Draws
   1 B 2    1.0:0.0        0.0:1.0       1:20:47 PM   -17.38    18 5.933 :4.143  0-1-0

--------------------------------------------------------------

Engine-Match Thursday, October 30, 2025 1:20:48 PM
 Blitz 5/5 

Pairing 146/153 :    V7P3R_v14.6  -  V7P3R_v14.0

PGN-File: C:\Program Files (x86)\Arena\Tournaments\Engine Regression Battle 20251027_2.pgn

No:  B/W 1/2     W:B       1:2           Time        Value Moves Dep 1:2       1-2-Draws
   1 B 2    1.0:0.0        0.0:1.0       1:27:54 PM     0.00    27 3.500 :4.800  0-1-0

--------------------------------------------------------------

Engine-Match Thursday, October 30, 2025 1:27:55 PM
 Blitz 5/5 

Pairing 147/153 :    VPR_v5.0  -  V7P3R_v14.5

PGN-File: C:\Program Files (x86)\Arena\Tournaments\Engine Regression Battle 20251027_2.pgn

No:  B/W 1/2     W:B       1:2           Time        Value Moves Dep 1:2       1-2-Draws
   1 W 1    1.0:0.0        1.0:0.0       1:34:59 PM    +M500    24 2.708 :3.762  1-0-0

--------------------------------------------------------------

Engine-Match Thursday, October 30, 2025 1:35:00 PM
 Blitz 5/5 

Pairing 148/153 :    V7P3R_v14.4  -  VPR_v6.0

PGN-File: C:\Program Files (x86)\Arena\Tournaments\Engine Regression Battle 20251027_2.pgn

No:  B/W 1/2     W:B       1:2           Time        Value Moves Dep 1:2       1-2-Draws
   1 = =    0.5:0.5        0.5:0.5       1:39:43 PM     0.00    44 0:0 0-0-1

--------------------------------------------------------------

Engine-Match Thursday, October 30, 2025 1:39:44 PM
 Blitz 5/5 

Pairing 149/153 :    VPR_v7.0  -  Stockfish 1%

PGN-File: C:\Program Files (x86)\Arena\Tournaments\Engine Regression Battle 20251027_2.pgn

No:  B/W 1/2     W:B       1:2           Time        Value Moves Dep 1:2       1-2-Draws
   1 B 2    1.0:0.0        0.0:1.0       1:40:23 PM      -M1     5 3.200 :25.200  0-1-0

--------------------------------------------------------------

Engine-Match Thursday, October 30, 2025 1:40:24 PM
 Blitz 5/5 

Pairing 150/153 :    V7P3R_v14.3  -  Random_Opponent

PGN-File: C:\Program Files (x86)\Arena\Tournaments\Engine Regression Battle 20251027_2.pgn

No:  B/W 1/2     W:B       1:2           Time        Value Moves Dep 1:2       1-2-Draws
   1 W 1    1.0:0.0        1.0:0.0       1:42:10 PM  +289.97    18 4.176 :0 1-0-0

--------------------------------------------------------------

Engine-Match Thursday, October 30, 2025 1:42:12 PM
 Blitz 5/5 

Pairing 151/153 :    V7P3R_v12.2  -  V7P3R_v14.2

PGN-File: C:\Program Files (x86)\Arena\Tournaments\Engine Regression Battle 20251027_2.pgn

No:  B/W 1/2     W:B       1:2           Time        Value Moves Dep 1:2       1-2-Draws
   1 B 2    1.0:0.0        0.0:1.0       1:57:05 PM   -10.60    63 4.533 :4.714  0-1-0

--------------------------------------------------------------

Engine-Match Thursday, October 30, 2025 1:57:06 PM
 Blitz 5/5 

Pairing 152/153 :    V7P3R_v14.1  -  V7P3R_v12.4

PGN-File: C:\Program Files (x86)\Arena\Tournaments\Engine Regression Battle 20251027_2.pgn

No:  B/W 1/2     W:B       1:2           Time        Value Moves Dep 1:2       1-2-Draws
   1 = =    0.5:0.5        0.5:0.5       2:04:09 PM     0.00    34 4.333 :5.125  0-0-1

--------------------------------------------------------------

Engine-Match Thursday, October 30, 2025 2:04:10 PM
 Blitz 5/5 

Pairing 153/153 :    V7P3R_v12.5  -  V7P3R_v13.2

PGN-File: C:\Program Files (x86)\Arena\Tournaments\Engine Regression Battle 20251027_2.pgn

No:  B/W 1/2     W:B       1:2           Time        Value Moves Dep 1:2       1-2-Draws
   1 W 1    1.0:0.0        1.0:0.0       2:08:52 PM   +33.80    25 4.231 :5.857  1-0-0

--------------------------------------------------------------

Engine-Match Thursday, October 30, 2025 2:08:53 PM
 Blitz 5/5 

Pairing 1/153 :    V7P3R_v10.8  -  V7P3R_v14.6

PGN-File: C:\Program Files (x86)\Arena\Tournaments\Engine Regression Battle 20251027_2.pgn

No:  B/W 1/2     W:B       1:2           Time        Value Moves Dep 1:2       1-2-Draws
   2 B 1    1.0:0.0        2.0:0.0       2:13:43 PM   -59.30    18 4.462 :3.611  2-0-0

--------------------------------------------------------------

Engine-Match Thursday, October 30, 2025 2:13:44 PM
 Blitz 5/5 

Pairing 2/153 :    V7P3R_v14.5  -  V7P3R_v12.6

PGN-File: C:\Program Files (x86)\Arena\Tournaments\Engine Regression Battle 20251027_2.pgn

No:  B/W 1/2     W:B       1:2           Time        Value Moves Dep 1:2       1-2-Draws
   2 W 2    1.0:0.0        0.0:2.0       2:18:44 PM     0.00    21 4.333 :4.769  0-2-0

--------------------------------------------------------------

Engine-Match Thursday, October 30, 2025 2:18:46 PM
 Blitz 5/5 

Pairing 3/153 :    V7P3R_v14.0  -  V7P3R_v14.4

PGN-File: C:\Program Files (x86)\Arena\Tournaments\Engine Regression Battle 20251027_2.pgn

No:  B/W 1/2     W:B       1:2           Time        Value Moves Dep 1:2       1-2-Draws
   2 B 1    1.0:0.0        2.0:0.0       2:27:00 PM     0.00    29 4.958 :0 2-0-0

--------------------------------------------------------------

Engine-Match Thursday, October 30, 2025 2:27:02 PM
 Blitz 5/5 

Pairing 4/153 :    Stockfish 1%  -  VPR_v5.0

PGN-File: C:\Program Files (x86)\Arena\Tournaments\Engine Regression Battle 20251027_2.pgn

No:  B/W 1/2     W:B       1:2           Time        Value Moves Dep 1:2       1-2-Draws
   2 B 1    1.0:0.0        2.0:0.0       2:39:30 PM      -M1    84 16.333 :3.238  2-0-0

--------------------------------------------------------------

Engine-Match Thursday, October 30, 2025 2:39:32 PM
 Blitz 5/5 

Pairing 5/153 :    VPR_v6.0  -  V7P3R_v14.3

PGN-File: C:\Program Files (x86)\Arena\Tournaments\Engine Regression Battle 20251027_2.pgn

No:  B/W 1/2     W:B       1:2           Time        Value Moves Dep 1:2       1-2-Draws
   2 W 2    1.0:0.0        0.0:2.0       2:42:03 PM  +289.97    24 0:4.043  0-2-0

--------------------------------------------------------------

Engine-Match Thursday, October 30, 2025 2:42:15 PM
 Blitz 5/5 

Pairing 6/153 :    V7P3R_v14.2  -  VPR_v7.0

PGN-File: C:\Program Files (x86)\Arena\Tournaments\Engine Regression Battle 20251027_2.pgn

No:  B/W 1/2     W:B       1:2           Time        Value Moves Dep 1:2       1-2-Draws
   2 B 1    1.0:0.0        2.0:0.0       2:49:00 PM     0.00    26 4.810 :3.000  2-0-0

--------------------------------------------------------------

Engine-Match Thursday, October 30, 2025 2:49:01 PM
 Blitz 5/5 

Pairing 7/153 :    Random_Opponent  -  V7P3R_v14.1

PGN-File: C:\Program Files (x86)\Arena\Tournaments\Engine Regression Battle 20251027_2.pgn

No:  B/W 1/2     W:B       1:2           Time        Value Moves Dep 1:2       1-2-Draws
   2 W 2    1.0:0.0        0.0:2.0       2:55:41 PM  +289.98    33 0:3.903  0-2-0

--------------------------------------------------------------

Engine-Match Thursday, October 30, 2025 2:55:42 PM
 Blitz 5/5 

Pairing 8/153 :    V7P3R_v13.2  -  V7P3R_v12.2

PGN-File: C:\Program Files (x86)\Arena\Tournaments\Engine Regression Battle 20251027_2.pgn

No:  B/W 1/2     W:B       1:2           Time        Value Moves Dep 1:2       1-2-Draws
   2 W 2    1.0:0.0        0.0:2.0       2:58:27 PM     0.00    12 5.909 :4.667  0-2-0

--------------------------------------------------------------

Engine-Match Thursday, October 30, 2025 2:58:29 PM
 Blitz 5/5 

Pairing 9/153 :    V7P3R_v12.4  -  V7P3R_v12.5

PGN-File: C:\Program Files (x86)\Arena\Tournaments\Engine Regression Battle 20251027_2.pgn

No:  B/W 1/2     W:B       1:2           Time        Value Moves Dep 1:2       1-2-Draws
   2 W 2    1.0:0.0        1.0:1.0       3:07:13 PM     0.00    39 5.000 :4.417  1-1-0

--------------------------------------------------------------

Engine-Match Thursday, October 30, 2025 3:07:14 PM
 Blitz 5/5 

Pairing 10/153 :    V7P3R_v14.5  -  V7P3R_v10.8

PGN-File: C:\Program Files (x86)\Arena\Tournaments\Engine Regression Battle 20251027_2.pgn

No:  B/W 1/2     W:B       1:2           Time        Value Moves Dep 1:2       1-2-Draws
   2 W 2    1.0:0.0        0.0:2.0       3:12:47 PM  +289.97    20 3.875 :4.214  0-2-0

--------------------------------------------------------------

Engine-Match Thursday, October 30, 2025 3:12:49 PM
 Blitz 5/5 

Pairing 11/153 :    V7P3R_v14.4  -  V7P3R_v14.6

PGN-File: C:\Program Files (x86)\Arena\Tournaments\Engine Regression Battle 20251027_2.pgn

No:  B/W 1/2     W:B       1:2           Time        Value Moves Dep 1:2       1-2-Draws
   2 W 2    1.5:0.5        0.5:1.5       3:16:42 PM  +289.98    18 0:3.176  0-1-1

--------------------------------------------------------------

Engine-Match Thursday, October 30, 2025 3:16:44 PM
 Blitz 5/5 

Pairing 12/153 :    V7P3R_v12.6  -  Stockfish 1%

PGN-File: C:\Program Files (x86)\Arena\Tournaments\Engine Regression Battle 20251027_2.pgn

No:  B/W 1/2     W:B       1:2           Time        Value Moves Dep 1:2       1-2-Draws
   2 W 2    1.0:0.0        0.0:2.0       3:18:33 PM   +11.39    12 4.111 :16.636  0-2-0

--------------------------------------------------------------

Engine-Match Thursday, October 30, 2025 3:18:35 PM
 Blitz 5/5 

Pairing 13/153 :    V7P3R_v14.3  -  V7P3R_v14.0

PGN-File: C:\Program Files (x86)\Arena\Tournaments\Engine Regression Battle 20251027_2.pgn

No:  B/W 1/2     W:B       1:2           Time        Value Moves Dep 1:2       1-2-Draws
   2 W 2    1.0:0.0        0.0:2.0       3:25:11 PM   +30.45    25 3.773 :4.444  0-2-0

--------------------------------------------------------------

Engine-Match Thursday, October 30, 2025 3:25:13 PM
 Blitz 5/5 

Pairing 14/153 :    VPR_v5.0  -  V7P3R_v14.2

PGN-File: C:\Program Files (x86)\Arena\Tournaments\Engine Regression Battle 20251027_2.pgn

No:  B/W 1/2     W:B       1:2           Time        Value Moves Dep 1:2       1-2-Draws
   2 W 2    1.0:0.0        0.0:2.0       3:39:45 PM     0.00    49 3.000 :4.643  0-2-0

--------------------------------------------------------------

Engine-Match Thursday, October 30, 2025 3:39:46 PM
 Blitz 5/5 

Pairing 15/153 :    V7P3R_v14.1  -  VPR_v6.0

PGN-File: C:\Program Files (x86)\Arena\Tournaments\Engine Regression Battle 20251027_2.pgn

No:  B/W 1/2     W:B       1:2           Time        Value Moves Dep 1:2       1-2-Draws
   2 B 1    1.0:0.0        2.0:0.0       3:43:05 PM  -289.98    16 4.133 :0 2-0-0

--------------------------------------------------------------

Engine-Match Thursday, October 30, 2025 3:43:07 PM
 Blitz 5/5 

Pairing 16/153 :    VPR_v7.0  -  V7P3R_v13.2

PGN-File: C:\Program Files (x86)\Arena\Tournaments\Engine Regression Battle 20251027_2.pgn

No:  B/W 1/2     W:B       1:2           Time        Value Moves Dep 1:2       1-2-Draws
   2 B 1    1.0:0.0        2.0:0.0       3:45:11 PM    -9.71    16 3.071 :6.000  2-0-0

--------------------------------------------------------------

Engine-Match Thursday, October 30, 2025 3:45:13 PM
 Blitz 5/5 

Pairing 17/153 :    V7P3R_v12.5  -  Random_Opponent

PGN-File: C:\Program Files (x86)\Arena\Tournaments\Engine Regression Battle 20251027_2.pgn

No:  B/W 1/2     W:B       1:2           Time        Value Moves Dep 1:2       1-2-Draws
   2 B 1    1.0:0.0        2.0:0.0       3:47:44 PM     0.00    10 4.000 :0 2-0-0

--------------------------------------------------------------

Engine-Match Thursday, October 30, 2025 3:47:45 PM
 Blitz 5/5 

Pairing 18/153 :    V7P3R_v12.2  -  V7P3R_v12.4

PGN-File: C:\Program Files (x86)\Arena\Tournaments\Engine Regression Battle 20251027_2.pgn

No:  B/W 1/2     W:B       1:2           Time        Value Moves Dep 1:2       1-2-Draws
   2 = =    0.5:0.5        0.5:1.5       3:56:13 PM     0.00    40 4.667 :4.563  0-1-1

--------------------------------------------------------------

Engine-Match Thursday, October 30, 2025 3:56:15 PM
 Blitz 5/5 

Pairing 19/153 :    V7P3R_v10.8  -  V7P3R_v14.4

PGN-File: C:\Program Files (x86)\Arena\Tournaments\Engine Regression Battle 20251027_2.pgn

No:  B/W 1/2     W:B       1:2           Time        Value Moves Dep 1:2       1-2-Draws
   2 B 1    1.0:0.0        2.0:0.0       4:01:13 PM     0.00    26 4.357 :0 2-0-0

--------------------------------------------------------------

Engine-Match Thursday, October 30, 2025 4:01:14 PM
 Blitz 5/5 

Pairing 20/153 :    Stockfish 1%  -  V7P3R_v14.5

PGN-File: C:\Program Files (x86)\Arena\Tournaments\Engine Regression Battle 20251027_2.pgn

No:  B/W 1/2     W:B       1:2           Time        Value Moves Dep 1:2       1-2-Draws
   2 B 1    1.0:0.0        2.0:0.0       4:03:44 PM   -34.45    18 18.385 :3.389  2-0-0

--------------------------------------------------------------

Engine-Match Thursday, October 30, 2025 4:03:45 PM
 Blitz 5/5 

Pairing 21/153 :    V7P3R_v14.6  -  V7P3R_v14.3

PGN-File: C:\Program Files (x86)\Arena\Tournaments\Engine Regression Battle 20251027_2.pgn

No:  B/W 1/2     W:B       1:2           Time        Value Moves Dep 1:2       1-2-Draws
   2 W 2    1.0:0.0        0.0:2.0       4:10:04 PM  +289.98    27 4.182 :4.043  0-2-0

--------------------------------------------------------------

Engine-Match Thursday, October 30, 2025 4:10:06 PM
 Blitz 5/5 

Pairing 22/153 :    V7P3R_v14.2  -  V7P3R_v12.6

PGN-File: C:\Program Files (x86)\Arena\Tournaments\Engine Regression Battle 20251027_2.pgn

No:  B/W 1/2     W:B       1:2           Time        Value Moves Dep 1:2       1-2-Draws
   2 = =    0.5:0.5        1.5:0.5       4:24:33 PM     0.00    70 4.462 :4.438  1-0-1

--------------------------------------------------------------

Engine-Match Thursday, October 30, 2025 4:24:35 PM
 Blitz 5/5 

Pairing 23/153 :    V7P3R_v14.0  -  V7P3R_v14.1

PGN-File: C:\Program Files (x86)\Arena\Tournaments\Engine Regression Battle 20251027_2.pgn

No:  B/W 1/2     W:B       1:2           Time        Value Moves Dep 1:2       1-2-Draws
   2 = =    0.5:0.5        1.5:0.5       4:37:59 PM     0.00    51 4.778 :4.056  1-0-1

--------------------------------------------------------------

Engine-Match Thursday, October 30, 2025 4:38:00 PM
 Blitz 5/5 

Pairing 24/153 :    V7P3R_v13.2  -  VPR_v5.0

PGN-File: C:\Program Files (x86)\Arena\Tournaments\Engine Regression Battle 20251027_2.pgn

No:  B/W 1/2     W:B       1:2           Time        Value Moves Dep 1:2       1-2-Draws
   2 W 2    1.0:0.0        0.0:2.0       4:41:38 PM   +20.69    14 5.692 :2.786  0-2-0

--------------------------------------------------------------

Engine-Match Thursday, October 30, 2025 4:41:39 PM
 Blitz 5/5 

Pairing 25/153 :    VPR_v6.0  -  V7P3R_v12.5

PGN-File: C:\Program Files (x86)\Arena\Tournaments\Engine Regression Battle 20251027_2.pgn

No:  B/W 1/2     W:B       1:2           Time        Value Moves Dep 1:2       1-2-Draws
   2 W 2    1.0:0.0        0.0:2.0       4:43:27 PM  +289.98     9 0:4.222  0-2-0

--------------------------------------------------------------

Engine-Match Thursday, October 30, 2025 4:43:35 PM
 Blitz 5/5 

Pairing 26/153 :    V7P3R_v12.4  -  VPR_v7.0

PGN-File: C:\Program Files (x86)\Arena\Tournaments\Engine Regression Battle 20251027_2.pgn

No:  B/W 1/2     W:B       1:2           Time        Value Moves Dep 1:2       1-2-Draws
   2 B 1    1.0:0.0        2.0:0.0       4:49:40 PM     0.00    26 4.591 :2.840  2-0-0

--------------------------------------------------------------

Engine-Match Thursday, October 30, 2025 4:49:41 PM
 Blitz 5/5 

Pairing 27/153 :    Random_Opponent  -  V7P3R_v12.2

PGN-File: C:\Program Files (x86)\Arena\Tournaments\Engine Regression Battle 20251027_2.pgn

No:  B/W 1/2     W:B       1:2           Time        Value Moves Dep 1:2       1-2-Draws
   2 W 2    1.0:0.0        0.0:2.0       4:50:49 PM  +289.99     6 0:5.000  0-2-0

--------------------------------------------------------------

Engine-Match Thursday, October 30, 2025 4:50:50 PM
 Blitz 5/5 

Pairing 28/153 :    Stockfish 1%  -  V7P3R_v10.8

PGN-File: C:\Program Files (x86)\Arena\Tournaments\Engine Regression Battle 20251027_2.pgn

No:  B/W 1/2     W:B       1:2           Time        Value Moves Dep 1:2       1-2-Draws
   2 B 1    1.0:0.0        2.0:0.0       4:53:24 PM   -13.84    18 16.125 :3.929  2-0-0

--------------------------------------------------------------

Engine-Match Thursday, October 30, 2025 4:53:25 PM
 Blitz 5/5 

Pairing 29/153 :    V7P3R_v14.3  -  V7P3R_v14.4

PGN-File: C:\Program Files (x86)\Arena\Tournaments\Engine Regression Battle 20251027_2.pgn

No:  B/W 1/2     W:B       1:2           Time        Value Moves Dep 1:2       1-2-Draws

--------------------------------------------------------------

Engine-Match Thursday, October 30, 2025 4:54:45 PM
 Blitz 5/5 

Pairing 6/45 :    V7P3R_v14.2  -  V7P3R_v10.8

PGN-File: C:\Program Files (x86)\Arena\Tournaments\Engine Regression Battle 20251027_2.pgn

No:  B/W 1/2     W:B       1:2           Time        Value Moves Dep 1:2       1-2-Draws
   2 = =    0.5:0.5        1.5:0.5       5:07:46 PM     0.00    55 4.452 :3.875  1-0-1

--------------------------------------------------------------

Engine-Match Thursday, October 30, 2025 5:07:47 PM
 Blitz 5/5 

Pairing 7/45 :    V7P3R_v14.1  -  Stockfish 1%

PGN-File: C:\Program Files (x86)\Arena\Tournaments\Engine Regression Battle 20251027_2.pgn

No:  B/W 1/2     W:B       1:2           Time        Value Moves Dep 1:2       1-2-Draws
   2 W 2    1.0:0.0        0.0:2.0       5:15:37 PM      +M1    51 3.684 :15.167  0-2-0

--------------------------------------------------------------

Engine-Match Thursday, October 30, 2025 5:15:38 PM
 Blitz 5/5 

Pairing 8/45 :    V7P3R_v12.6  -  V7P3R_v12.5

PGN-File: C:\Program Files (x86)\Arena\Tournaments\Engine Regression Battle 20251027_2.pgn

No:  B/W 1/2     W:B       1:2           Time        Value Moves Dep 1:2       1-2-Draws
   2 B 1    1.5:0.5        1.5:0.5       5:26:44 PM   -34.20    34 4.294 :4.444  1-0-1

--------------------------------------------------------------

Engine-Match Thursday, October 30, 2025 5:26:45 PM
 Blitz 5/5 

Pairing 9/45 :    V7P3R_v12.4  -  V7P3R_v14.0

PGN-File: C:\Program Files (x86)\Arena\Tournaments\Engine Regression Battle 20251027_2.pgn

No:  B/W 1/2     W:B       1:2           Time        Value Moves Dep 1:2       1-2-Draws
   2 = =    0.5:0.5        0.5:1.5       5:37:01 PM     0.00    42 5.105 :4.952  0-1-1

--------------------------------------------------------------

Engine-Match Thursday, October 30, 2025 5:37:02 PM
 Blitz 5/5 

Pairing 11/45 :    V7P3R_v10.8  -  V7P3R_v14.1

PGN-File: C:\Program Files (x86)\Arena\Tournaments\Engine Regression Battle 20251027_2.pgn

No:  B/W 1/2     W:B       1:2           Time        Value Moves Dep 1:2       1-2-Draws
   2 W 2    1.5:0.5        0.5:1.5       5:47:25 PM  +289.99    39 4.143 :4.043  0-1-1

--------------------------------------------------------------

Engine-Match Thursday, October 30, 2025 5:47:27 PM
 Blitz 5/5 

Pairing 12/45 :    V7P3R_v12.5  -  V7P3R_v14.2

PGN-File: C:\Program Files (x86)\Arena\Tournaments\Engine Regression Battle 20251027_2.pgn

No:  B/W 1/2     W:B       1:2           Time        Value Moves Dep 1:2       1-2-Draws
   2 W 2    1.0:0.0        0.0:2.0       5:53:30 PM   +15.80    21 4.267 :4.400  0-2-0

--------------------------------------------------------------

Engine-Match Thursday, October 30, 2025 5:53:32 PM
 Blitz 5/5 

Pairing 13/45 :    Stockfish 1%  -  V7P3R_v12.4

PGN-File: C:\Program Files (x86)\Arena\Tournaments\Engine Regression Battle 20251027_2.pgn

No:  B/W 1/2     W:B       1:2           Time        Value Moves Dep 1:2       1-2-Draws
   2 B 1    1.0:0.0        2.0:0.0       5:58:35 PM   -10.00    34 15.000 :4.750  2-0-0

--------------------------------------------------------------

Engine-Match Thursday, October 30, 2025 5:58:37 PM
 Blitz 5/5 

Pairing 14/45 :    V7P3R_v12.2  -  V7P3R_v12.6

PGN-File: C:\Program Files (x86)\Arena\Tournaments\Engine Regression Battle 20251027_2.pgn

No:  B/W 1/2     W:B       1:2           Time        Value Moves Dep 1:2       1-2-Draws
   2 = =    1.0:1.0        1.0:1.0       6:04:38 PM     0.00    22 5.071 :4.786  0-0-2

--------------------------------------------------------------

Engine-Match Thursday, October 30, 2025 6:04:39 PM
 Blitz 5/5 

Pairing 15/45 :    V7P3R_v14.0  -  Random_Opponent

PGN-File: C:\Program Files (x86)\Arena\Tournaments\Engine Regression Battle 20251027_2.pgn

No:  B/W 1/2     W:B       1:2           Time        Value Moves Dep 1:2       1-2-Draws
   2 B 1    1.0:0.0        2.0:0.0       6:06:10 PM  -289.99    12 4.800 :0 2-0-0

--------------------------------------------------------------

Engine-Match Thursday, October 30, 2025 6:06:11 PM
 Blitz 5/5 

Pairing 16/45 :    V7P3R_v12.5  -  V7P3R_v10.8

PGN-File: C:\Program Files (x86)\Arena\Tournaments\Engine Regression Battle 20251027_2.pgn

No:  B/W 1/2     W:B       1:2           Time        Value Moves Dep 1:2       1-2-Draws
   2 = =    0.5:0.5        0.5:1.5       6:16:15 PM    +4.30    40 4.105 :3.947  0-1-1

--------------------------------------------------------------

Engine-Match Thursday, October 30, 2025 6:16:16 PM
 Blitz 5/5 

Pairing 17/45 :    V7P3R_v12.4  -  V7P3R_v14.1

PGN-File: C:\Program Files (x86)\Arena\Tournaments\Engine Regression Battle 20251027_2.pgn

No:  B/W 1/2     W:B       1:2           Time        Value Moves Dep 1:2       1-2-Draws
   2 = =    1.0:1.0        1.0:1.0       6:23:34 PM     0.00    34 5.125 :4.333  0-0-2

--------------------------------------------------------------

Engine-Match Thursday, October 30, 2025 6:23:35 PM
 Blitz 5/5 

Pairing 18/45 :    V7P3R_v14.2  -  V7P3R_v12.2

PGN-File: C:\Program Files (x86)\Arena\Tournaments\Engine Regression Battle 20251027_2.pgn

No:  B/W 1/2     W:B       1:2           Time        Value Moves Dep 1:2       1-2-Draws
   2 B 1    1.0:0.0        2.0:0.0       6:37:20 PM   -34.20    55 4.714 :4.533  2-0-0

--------------------------------------------------------------

Engine-Match Thursday, October 30, 2025 6:37:21 PM
 Blitz 5/5 

Pairing 19/45 :    Random_Opponent  -  Stockfish 1%

PGN-File: C:\Program Files (x86)\Arena\Tournaments\Engine Regression Battle 20251027_2.pgn

No:  B/W 1/2     W:B       1:2           Time        Value Moves Dep 1:2       1-2-Draws
   2 W 2    1.0:0.0        0.0:2.0       6:37:36 PM      +M1    10 0:21.500  0-2-0

--------------------------------------------------------------

Engine-Match Thursday, October 30, 2025 6:37:37 PM
 Blitz 5/5 

Pairing 20/45 :    V7P3R_v12.6  -  V7P3R_v14.0

PGN-File: C:\Program Files (x86)\Arena\Tournaments\Engine Regression Battle 20251027_2.pgn

No:  B/W 1/2     W:B       1:2           Time        Value Moves Dep 1:2       1-2-Draws
   2 B 1    1.5:0.5        1.5:0.5       6:53:27 PM     0.00    74 4.478 :4.857  1-0-1

--------------------------------------------------------------

Engine-Match Thursday, October 30, 2025 6:53:29 PM
 Blitz 5/5 

Pairing 21/45 :    V7P3R_v10.8  -  V7P3R_v12.4

PGN-File: C:\Program Files (x86)\Arena\Tournaments\Engine Regression Battle 20251027_2.pgn

No:  B/W 1/2     W:B       1:2           Time        Value Moves Dep 1:2       1-2-Draws
   2 = =    1.0:1.0        1.0:1.0       7:06:55 PM     0.00    67 3.850 :4.471  0-0-2

--------------------------------------------------------------

Engine-Match Thursday, October 30, 2025 7:06:56 PM
 Blitz 5/5 

Pairing 22/45 :    V7P3R_v12.2  -  V7P3R_v12.5

PGN-File: C:\Program Files (x86)\Arena\Tournaments\Engine Regression Battle 20251027_2.pgn

No:  B/W 1/2     W:B       1:2           Time        Value Moves Dep 1:2       1-2-Draws
   2 = =    0.5:0.5        0.5:1.5       7:16:08 PM     0.00    34 4.526 :4.130  0-1-1

--------------------------------------------------------------

Engine-Match Thursday, October 30, 2025 7:16:09 PM
 Blitz 5/5 

Pairing 24/45 :    V7P3R_v14.0  -  V7P3R_v14.2

PGN-File: C:\Program Files (x86)\Arena\Tournaments\Engine Regression Battle 20251027_2.pgn

No:  B/W 1/2     W:B       1:2           Time        Value Moves Dep 1:2       1-2-Draws
   2 = =    1.0:1.0        1.0:1.0       7:29:26 PM     0.00    70 5.000 :4.862  0-0-2

--------------------------------------------------------------

Engine-Match Thursday, October 30, 2025 7:29:27 PM
 Blitz 5/5 

Pairing 26/45 :    V7P3R_v12.2  -  V7P3R_v10.8

PGN-File: C:\Program Files (x86)\Arena\Tournaments\Engine Regression Battle 20251027_2.pgn

No:  B/W 1/2     W:B       1:2           Time        Value Moves Dep 1:2       1-2-Draws
   2 W 2    1.0:0.0        0.0:2.0       7:38:55 PM     0.00    33 4.762 :3.840  0-2-0

--------------------------------------------------------------

Engine-Match Thursday, October 30, 2025 7:38:56 PM
 Blitz 5/5 

Pairing 27/45 :    Random_Opponent  -  V7P3R_v12.4

PGN-File: C:\Program Files (x86)\Arena\Tournaments\Engine Regression Battle 20251027_2.pgn

No:  B/W 1/2     W:B       1:2           Time        Value Moves Dep 1:2       1-2-Draws
   2 W 2    1.0:0.0        0.0:2.0       7:40:21 PM  +289.97     8 0:4.500  0-2-0

--------------------------------------------------------------

Engine-Match Thursday, October 30, 2025 7:40:22 PM
 Blitz 5/5 

Pairing 28/45 :    V7P3R_v12.5  -  V7P3R_v14.0

PGN-File: C:\Program Files (x86)\Arena\Tournaments\Engine Regression Battle 20251027_2.pgn

No:  B/W 1/2     W:B       1:2           Time        Value Moves Dep 1:2       1-2-Draws
   2 = =    0.5:0.5        0.5:1.5       7:55:22 PM     0.00    71 4.222 :4.529  0-1-1

--------------------------------------------------------------

Engine-Match Thursday, October 30, 2025 7:55:33 PM
 Blitz 5/5 

Pairing 29/45 :    V7P3R_v12.6  -  V7P3R_v14.1

PGN-File: C:\Program Files (x86)\Arena\Tournaments\Engine Regression Battle 20251027_2.pgn

No:  B/W 1/2     W:B       1:2           Time        Value Moves Dep 1:2       1-2-Draws
   2 B 1    1.5:0.5        1.5:0.5       8:08:49 PM  -289.99    56 4.600 :4.067  1-0-1

--------------------------------------------------------------

Engine-Match Thursday, October 30, 2025 8:08:51 PM
 Blitz 5/5 

Pairing 30/45 :    V7P3R_v14.2  -  Stockfish 1%

PGN-File: C:\Program Files (x86)\Arena\Tournaments\Engine Regression Battle 20251027_2.pgn

No:  B/W 1/2     W:B       1:2           Time        Value Moves Dep 1:2       1-2-Draws
   2 W 2    1.0:0.0        0.0:2.0       8:13:50 PM      +M1    33 4.720 :15.048  0-2-0

--------------------------------------------------------------

Engine-Match Thursday, October 30, 2025 8:13:52 PM
 Blitz 5/5 

Pairing 31/45 :    V7P3R_v10.8  -  Random_Opponent

PGN-File: C:\Program Files (x86)\Arena\Tournaments\Engine Regression Battle 20251027_2.pgn

No:  B/W 1/2     W:B       1:2           Time        Value Moves Dep 1:2       1-2-Draws
   2 B 1    1.0:0.0        2.0:0.0       8:15:29 PM  -289.98     9 4.333 :0 2-0-0

--------------------------------------------------------------

Engine-Match Thursday, October 30, 2025 8:15:30 PM
 Blitz 5/5 

Pairing 32/45 :    V7P3R_v14.0  -  V7P3R_v12.2

PGN-File: C:\Program Files (x86)\Arena\Tournaments\Engine Regression Battle 20251027_2.pgn

No:  B/W 1/2     W:B       1:2           Time        Value Moves Dep 1:2       1-2-Draws
   2 = =    0.5:0.5        0.5:1.5       8:26:51 PM   -20.40    48 4.364 :4.364  0-1-1

--------------------------------------------------------------

Engine-Match Thursday, October 30, 2025 8:26:53 PM
 Blitz 5/5 

Pairing 33/45 :    V7P3R_v12.4  -  V7P3R_v12.6

PGN-File: C:\Program Files (x86)\Arena\Tournaments\Engine Regression Battle 20251027_2.pgn

No:  B/W 1/2     W:B       1:2           Time        Value Moves Dep 1:2       1-2-Draws
   2 W 2    1.0:0.0        1.0:1.0       8:39:35 PM     0.00    46 5.067 :4.258  1-1-0

--------------------------------------------------------------

Engine-Match Thursday, October 30, 2025 8:39:37 PM
 Blitz 5/5 

Pairing 34/45 :    Stockfish 1%  -  V7P3R_v12.5

PGN-File: C:\Program Files (x86)\Arena\Tournaments\Engine Regression Battle 20251027_2.pgn

No:  B/W 1/2     W:B       1:2           Time        Value Moves Dep 1:2       1-2-Draws
   2 B 1    1.0:0.0        2.0:0.0       8:44:39 PM      -M1    32 15.176 :4.357  2-0-0

--------------------------------------------------------------

Engine-Match Thursday, October 30, 2025 8:44:40 PM
 Blitz 5/5 

Pairing 35/45 :    V7P3R_v14.1  -  V7P3R_v14.2

PGN-File: C:\Program Files (x86)\Arena\Tournaments\Engine Regression Battle 20251027_2.pgn

No:  B/W 1/2     W:B       1:2           Time        Value Moves Dep 1:2       1-2-Draws
   2 = =    0.5:0.5        0.5:1.5       8:58:05 PM    +4.02    48 4.167 :4.895  0-1-1

--------------------------------------------------------------

Engine-Match Thursday, October 30, 2025 8:58:06 PM
 Blitz 5/5 

Pairing 36/45 :    V7P3R_v14.0  -  V7P3R_v10.8

PGN-File: C:\Program Files (x86)\Arena\Tournaments\Engine Regression Battle 20251027_2.pgn

No:  B/W 1/2     W:B       1:2           Time        Value Moves Dep 1:2       1-2-Draws
   2 W 2    1.0:0.0        0.0:2.0       9:10:20 PM   +39.99    48 4.286 :3.324  0-2-0

--------------------------------------------------------------

Engine-Match Thursday, October 30, 2025 9:10:21 PM
 Blitz 5/5 

Pairing 37/45 :    V7P3R_v12.6  -  Random_Opponent

PGN-File: C:\Program Files (x86)\Arena\Tournaments\Engine Regression Battle 20251027_2.pgn

No:  B/W 1/2     W:B       1:2           Time        Value Moves Dep 1:2       1-2-Draws
   2 B 1    1.0:0.0        2.0:0.0       9:13:37 PM     0.00    19 4.571 :0 2-0-0

--------------------------------------------------------------

Engine-Match Thursday, October 30, 2025 9:13:39 PM
 Blitz 5/5 

Pairing 38/45 :    V7P3R_v12.2  -  Stockfish 1%

PGN-File: C:\Program Files (x86)\Arena\Tournaments\Engine Regression Battle 20251027_2.pgn

No:  B/W 1/2     W:B       1:2           Time        Value Moves Dep 1:2       1-2-Draws
   2 W 2    1.0:0.0        0.0:2.0       9:21:26 PM   +18.80    51 4.667 :15.591  0-2-0

--------------------------------------------------------------

Engine-Match Thursday, October 30, 2025 9:21:27 PM
 Blitz 5/5 

Pairing 39/45 :    V7P3R_v14.2  -  V7P3R_v12.4

PGN-File: C:\Program Files (x86)\Arena\Tournaments\Engine Regression Battle 20251027_2.pgn

No:  B/W 1/2     W:B       1:2           Time        Value Moves Dep 1:2       1-2-Draws
   2 W 2    1.0:0.0        0.0:2.0       9:36:34 PM   +10.60    52 4.529 :4.270  0-2-0

--------------------------------------------------------------

Engine-Match Thursday, October 30, 2025 9:36:36 PM
 Blitz 5/5 

Pairing 40/45 :    V7P3R_v12.5  -  V7P3R_v14.1

PGN-File: C:\Program Files (x86)\Arena\Tournaments\Engine Regression Battle 20251027_2.pgn

No:  B/W 1/2     W:B       1:2           Time        Value Moves Dep 1:2       1-2-Draws
   2 = =    0.5:0.5        0.5:1.5       9:52:44 PM    -4.80    66 4.333 :3.950  0-1-1

--------------------------------------------------------------

Engine-Match Thursday, October 30, 2025 9:52:46 PM
 Blitz 5/5 

Pairing 41/45 :    V7P3R_v10.8  -  V7P3R_v12.6

PGN-File: C:\Program Files (x86)\Arena\Tournaments\Engine Regression Battle 20251027_2.pgn

No:  B/W 1/2     W:B       1:2           Time        Value Moves Dep 1:2       1-2-Draws
   2 B 1    1.0:0.0        2.0:0.0       9:58:06 PM  -289.98    23 3.800 :4.250  2-0-0

--------------------------------------------------------------

Engine-Match Thursday, October 30, 2025 9:58:07 PM
 Blitz 5/5 

Pairing 42/45 :    Stockfish 1%  -  V7P3R_v14.0

PGN-File: C:\Program Files (x86)\Arena\Tournaments\Engine Regression Battle 20251027_2.pgn

No:  B/W 1/2     W:B       1:2           Time        Value Moves Dep 1:2       1-2-Draws
   2 B 1    1.0:0.0        2.0:0.0       10:05:02 PM      -M1    44 14.696 :4.625  2-0-0

--------------------------------------------------------------

Engine-Match Thursday, October 30, 2025 10:05:04 PM
 Blitz 5/5 

Pairing 43/45 :    Random_Opponent  -  V7P3R_v14.2

PGN-File: C:\Program Files (x86)\Arena\Tournaments\Engine Regression Battle 20251027_2.pgn

No:  B/W 1/2     W:B       1:2           Time        Value Moves Dep 1:2       1-2-Draws
   2 W 2    1.0:0.0        0.0:2.0       10:08:15 PM  +289.98    20 0:4.833  0-2-0

--------------------------------------------------------------

Engine-Match Thursday, October 30, 2025 10:08:16 PM
 Blitz 5/5 

Pairing 44/45 :    V7P3R_v14.1  -  V7P3R_v12.2

PGN-File: C:\Program Files (x86)\Arena\Tournaments\Engine Regression Battle 20251027_2.pgn

No:  B/W 1/2     W:B       1:2           Time        Value Moves Dep 1:2       1-2-Draws
   2 W 2    1.0:0.0        0.0:2.0       10:20:28 PM   +10.78    44 4.059 :4.824  0-2-0

--------------------------------------------------------------

Engine-Match Thursday, October 30, 2025 10:20:30 PM
 Blitz 5/5 

Pairing 1/45 :    V7P3R_v10.8  -  Stockfish 1%

PGN-File: C:\Program Files (x86)\Arena\Tournaments\Engine Regression Battle 20251027_2.pgn

No:  B/W 1/2     W:B       1:2           Time        Value Moves Dep 1:2       1-2-Draws
   3 B 2    1.0:0.0        0.0:3.0       10:24:37 PM   -10.66    30 4.273 :16.211  0-3-0

--------------------------------------------------------------

Engine-Match Thursday, October 30, 2025 10:24:38 PM
 Blitz 5/5 

Pairing 2/45 :    V7P3R_v14.2  -  V7P3R_v12.6

PGN-File: C:\Program Files (x86)\Arena\Tournaments\Engine Regression Battle 20251027_2.pgn

No:  B/W 1/2     W:B       1:2           Time        Value Moves Dep 1:2       1-2-Draws
   3 B 2    1.5:0.5        1.5:1.5       10:40:09 PM   -24.15    61 4.600 :4.133  1-1-1

--------------------------------------------------------------

Engine-Match Thursday, October 30, 2025 10:40:11 PM
 Blitz 5/5 

Pairing 3/45 :    V7P3R_v14.0  -  V7P3R_v14.1

PGN-File: C:\Program Files (x86)\Arena\Tournaments\Engine Regression Battle 20251027_2.pgn

No:  B/W 1/2     W:B       1:2           Time        Value Moves Dep 1:2       1-2-Draws
   3 W 1    1.5:0.5        2.5:0.5       10:47:43 PM     0.00    29 4.833 :3.824  2-0-1

--------------------------------------------------------------

Engine-Match Thursday, October 30, 2025 10:47:44 PM
 Blitz 5/5 

Pairing 4/45 :    V7P3R_v12.5  -  Random_Opponent

PGN-File: C:\Program Files (x86)\Arena\Tournaments\Engine Regression Battle 20251027_2.pgn

No:  B/W 1/2     W:B       1:2           Time        Value Moves Dep 1:2       1-2-Draws
   3 W 1    1.0:0.0        3.0:0.0       10:51:03 PM     0.00    18 4.308 :0 3-0-0

--------------------------------------------------------------

Engine-Match Thursday, October 30, 2025 10:51:10 PM
 Blitz 5/5 

Pairing 5/45 :    V7P3R_v12.2  -  V7P3R_v12.4

PGN-File: C:\Program Files (x86)\Arena\Tournaments\Engine Regression Battle 20251027_2.pgn

No:  B/W 1/2     W:B       1:2           Time        Value Moves Dep 1:2       1-2-Draws
   3 = =    1.0:1.0        1.0:2.0       11:01:19 PM    +9.30    48 4.917 :4.692  0-1-2

--------------------------------------------------------------

Engine-Match Thursday, October 30, 2025 11:01:21 PM
 Blitz 5/5 

Pairing 6/45 :    V7P3R_v14.2  -  V7P3R_v10.8

PGN-File: C:\Program Files (x86)\Arena\Tournaments\Engine Regression Battle 20251027_2.pgn

No:  B/W 1/2     W:B       1:2           Time        Value Moves Dep 1:2       1-2-Draws
   3 W 1    1.5:0.5        2.5:0.5       11:10:56 PM     0.00    42 4.500 :3.741  2-0-1

--------------------------------------------------------------

Engine-Match Thursday, October 30, 2025 11:10:57 PM
 Blitz 5/5 

Pairing 7/45 :    V7P3R_v14.1  -  Stockfish 1%

PGN-File: C:\Program Files (x86)\Arena\Tournaments\Engine Regression Battle 20251027_2.pgn

No:  B/W 1/2     W:B       1:2           Time        Value Moves Dep 1:2       1-2-Draws
   3 W 1    1.0:0.0        1.0:2.0       11:19:06 PM     0.00    56 3.967 :15.154  1-2-0

--------------------------------------------------------------

Engine-Match Thursday, October 30, 2025 11:19:08 PM
 Blitz 5/5 

Pairing 8/45 :    V7P3R_v12.6  -  V7P3R_v12.5

PGN-File: C:\Program Files (x86)\Arena\Tournaments\Engine Regression Battle 20251027_2.pgn

No:  B/W 1/2     W:B       1:2           Time        Value Moves Dep 1:2       1-2-Draws
   3 W 1    1.5:0.5        2.5:0.5       11:34:12 PM  +289.99    64 4.600 :4.400  2-0-1

--------------------------------------------------------------

Engine-Match Thursday, October 30, 2025 11:34:14 PM
 Blitz 5/5 

Pairing 9/45 :    V7P3R_v12.4  -  V7P3R_v14.0

PGN-File: C:\Program Files (x86)\Arena\Tournaments\Engine Regression Battle 20251027_2.pgn

No:  B/W 1/2     W:B       1:2           Time        Value Moves Dep 1:2       1-2-Draws
   3 W 1    1.5:0.5        1.5:1.5       11:45:24 PM     0.00    47 4.333 :4.824  1-1-1

--------------------------------------------------------------

Engine-Match Thursday, October 30, 2025 11:45:25 PM
 Blitz 5/5 

Pairing 10/45 :    Random_Opponent  -  V7P3R_v12.2

PGN-File: C:\Program Files (x86)\Arena\Tournaments\Engine Regression Battle 20251027_2.pgn

No:  B/W 1/2     W:B       1:2           Time        Value Moves Dep 1:2       1-2-Draws
   3 B 2    1.0:0.0        0.0:3.0       11:48:07 PM     0.00    22 0:4.938  0-3-0

--------------------------------------------------------------

Engine-Match Thursday, October 30, 2025 11:48:08 PM
 Blitz 5/5 

Pairing 11/45 :    V7P3R_v10.8  -  V7P3R_v14.1

PGN-File: C:\Program Files (x86)\Arena\Tournaments\Engine Regression Battle 20251027_2.pgn

No:  B/W 1/2     W:B       1:2           Time        Value Moves Dep 1:2       1-2-Draws
   3 B 2    1.5:0.5        0.5:2.5       12:01:15 AM     0.00    58 3.895 :4.000  0-2-1

--------------------------------------------------------------

Engine-Match Friday, October 31, 2025 12:01:16 AM
 Blitz 5/5 

Pairing 12/45 :    V7P3R_v12.5  -  V7P3R_v14.2

PGN-File: C:\Program Files (x86)\Arena\Tournaments\Engine Regression Battle 20251027_2.pgn

No:  B/W 1/2     W:B       1:2           Time        Value Moves Dep 1:2       1-2-Draws
   3 B 2    1.0:0.0        0.0:3.0       12:20:41 AM     0.00    82 4.478 :4.800  0-3-0

--------------------------------------------------------------

Engine-Match Friday, October 31, 2025 12:20:42 AM
 Blitz 5/5 

Pairing 13/45 :    Stockfish 1%  -  V7P3R_v12.4

PGN-File: C:\Program Files (x86)\Arena\Tournaments\Engine Regression Battle 20251027_2.pgn

No:  B/W 1/2     W:B       1:2           Time        Value Moves Dep 1:2       1-2-Draws
   3 W 1    1.0:0.0        3.0:0.0       12:24:27 AM   +15.60    22 15.615 :4.667  3-0-0

--------------------------------------------------------------

Engine-Match Friday, October 31, 2025 12:24:28 AM
 Blitz 5/5 

Pairing 14/45 :    V7P3R_v12.2  -  V7P3R_v12.6

PGN-File: C:\Program Files (x86)\Arena\Tournaments\Engine Regression Battle 20251027_2.pgn

No:  B/W 1/2     W:B       1:2           Time        Value Moves Dep 1:2       1-2-Draws
   3 = =    1.5:1.5        1.5:1.5       12:37:53 AM    +9.12    69 4.722 :4.091  0-0-3

--------------------------------------------------------------

Engine-Match Friday, October 31, 2025 12:37:54 AM
 Blitz 5/5 

Pairing 15/45 :    V7P3R_v14.0  -  Random_Opponent

PGN-File: C:\Program Files (x86)\Arena\Tournaments\Engine Regression Battle 20251027_2.pgn

No:  B/W 1/2     W:B       1:2           Time        Value Moves Dep 1:2       1-2-Draws
   3 W 1    1.0:0.0        3.0:0.0       12:41:48 AM     0.00    24 4.650 :0 3-0-0

--------------------------------------------------------------

Engine-Match Friday, October 31, 2025 12:41:49 AM
 Blitz 5/5 

Pairing 16/45 :    V7P3R_v12.5  -  V7P3R_v10.8

PGN-File: C:\Program Files (x86)\Arena\Tournaments\Engine Regression Battle 20251027_2.pgn

No:  B/W 1/2     W:B       1:2           Time        Value Moves Dep 1:2       1-2-Draws
   3 B 2    1.5:0.5        0.5:2.5       12:50:25 AM  -289.97    25 4.444 :4.053  0-2-1

--------------------------------------------------------------

Engine-Match Friday, October 31, 2025 12:50:27 AM
 Blitz 5/5 

Pairing 17/45 :    V7P3R_v12.4  -  V7P3R_v14.1

PGN-File: C:\Program Files (x86)\Arena\Tournaments\Engine Regression Battle 20251027_2.pgn

No:  B/W 1/2     W:B       1:2           Time        Value Moves Dep 1:2       1-2-Draws
   3 = =    1.5:1.5        1.5:1.5       1:04:33 AM     0.00    56 4.421 :4.063  0-0-3

--------------------------------------------------------------

Engine-Match Friday, October 31, 2025 1:04:35 AM
 Blitz 5/5 

Pairing 18/45 :    V7P3R_v14.2  -  V7P3R_v12.2

PGN-File: C:\Program Files (x86)\Arena\Tournaments\Engine Regression Battle 20251027_2.pgn

No:  B/W 1/2     W:B       1:2           Time        Value Moves Dep 1:2       1-2-Draws
   3 B 2    1.0:0.0        2.0:1.0       1:20:19 AM   -27.95    66 4.857 :4.706  2-1-0

--------------------------------------------------------------

Engine-Match Friday, October 31, 2025 1:20:20 AM
 Blitz 5/5 

Pairing 19/45 :    Random_Opponent  -  Stockfish 1%

PGN-File: C:\Program Files (x86)\Arena\Tournaments\Engine Regression Battle 20251027_2.pgn

No:  B/W 1/2     W:B       1:2           Time        Value Moves Dep 1:2       1-2-Draws
   3 B 2    1.0:0.0        0.0:3.0       1:20:35 AM      -M1    10 0:19.700  0-3-0

--------------------------------------------------------------

Engine-Match Friday, October 31, 2025 1:20:37 AM
 Blitz 5/5 

Pairing 20/45 :    V7P3R_v12.6  -  V7P3R_v14.0

PGN-File: C:\Program Files (x86)\Arena\Tournaments\Engine Regression Battle 20251027_2.pgn

No:  B/W 1/2     W:B       1:2           Time        Value Moves Dep 1:2       1-2-Draws
   3 B 2    1.5:0.5        1.5:1.5       1:32:44 AM  -289.96    78 4.667 :5.143  1-1-1

--------------------------------------------------------------

Engine-Match Friday, October 31, 2025 1:32:45 AM
 Blitz 5/5 

Pairing 21/45 :    V7P3R_v10.8  -  V7P3R_v12.4

PGN-File: C:\Program Files (x86)\Arena\Tournaments\Engine Regression Battle 20251027_2.pgn

No:  B/W 1/2     W:B       1:2           Time        Value Moves Dep 1:2       1-2-Draws
   3 = =    1.5:1.5        1.5:1.5       1:40:20 AM    -6.10    30 4.105 :4.667  0-0-3

--------------------------------------------------------------

Engine-Match Friday, October 31, 2025 1:40:21 AM
 Blitz 5/5 

Pairing 22/45 :    V7P3R_v12.2  -  V7P3R_v12.5

PGN-File: C:\Program Files (x86)\Arena\Tournaments\Engine Regression Battle 20251027_2.pgn

No:  B/W 1/2     W:B       1:2           Time        Value Moves Dep 1:2       1-2-Draws
   3 B 2    1.5:0.5        0.5:2.5       1:55:12 AM     0.00    75 4.611 :4.333  0-2-1

--------------------------------------------------------------

Engine-Match Friday, October 31, 2025 1:55:14 AM
 Blitz 5/5 

Pairing 23/45 :    V7P3R_v14.1  -  Random_Opponent

PGN-File: C:\Program Files (x86)\Arena\Tournaments\Engine Regression Battle 20251027_2.pgn

No:  B/W 1/2     W:B       1:2           Time        Value Moves Dep 1:2       1-2-Draws
   3 W 1    1.0:0.0        3.0:0.0       1:57:56 AM     0.00    14 4.250 :0 3-0-0

--------------------------------------------------------------

Engine-Match Friday, October 31, 2025 1:57:57 AM
 Blitz 5/5 

Pairing 24/45 :    V7P3R_v14.0  -  V7P3R_v14.2

PGN-File: C:\Program Files (x86)\Arena\Tournaments\Engine Regression Battle 20251027_2.pgn

No:  B/W 1/2     W:B       1:2           Time        Value Moves Dep 1:2       1-2-Draws
   3 B 2    2.0:1.0        1.0:2.0       2:13:36 AM  -289.99    69 4.500 :4.667  0-1-2

--------------------------------------------------------------

Engine-Match Friday, October 31, 2025 2:13:51 AM
 Blitz 5/5 

Pairing 25/45 :    Stockfish 1%  -  V7P3R_v12.6

PGN-File: C:\Program Files (x86)\Arena\Tournaments\Engine Regression Battle 20251027_2.pgn

No:  B/W 1/2     W:B       1:2           Time        Value Moves Dep 1:2       1-2-Draws
   3 W 1    1.0:0.0        3.0:0.0       2:15:46 AM   +11.47    12 17.000 :4.222  3-0-0

--------------------------------------------------------------

Engine-Match Friday, October 31, 2025 2:15:47 AM
 Blitz 5/5 

Pairing 26/45 :    V7P3R_v12.2  -  V7P3R_v10.8

PGN-File: C:\Program Files (x86)\Arena\Tournaments\Engine Regression Battle 20251027_2.pgn

No:  B/W 1/2     W:B       1:2           Time        Value Moves Dep 1:2       1-2-Draws
   3 B 2    1.0:0.0        0.0:3.0       2:27:08 AM     0.00    55 5.040 :4.192  0-3-0

--------------------------------------------------------------

Engine-Match Friday, October 31, 2025 2:27:09 AM
 Blitz 5/5 

Pairing 27/45 :    Random_Opponent  -  V7P3R_v12.4

PGN-File: C:\Program Files (x86)\Arena\Tournaments\Engine Regression Battle 20251027_2.pgn

No:  B/W 1/2     W:B       1:2           Time        Value Moves Dep 1:2       1-2-Draws
   3 B 2    1.0:0.0        0.0:3.0       2:29:13 AM     0.00    14 0:5.083  0-3-0

--------------------------------------------------------------

Engine-Match Friday, October 31, 2025 2:29:15 AM
 Blitz 5/5 

Pairing 28/45 :    V7P3R_v12.5  -  V7P3R_v14.0

PGN-File: C:\Program Files (x86)\Arena\Tournaments\Engine Regression Battle 20251027_2.pgn

No:  B/W 1/2     W:B       1:2           Time        Value Moves Dep 1:2       1-2-Draws
   3 = =    1.0:1.0        1.0:2.0       2:42:43 AM     0.00    65 4.273 :4.778  0-1-2

--------------------------------------------------------------

Engine-Match Friday, October 31, 2025 2:42:44 AM
 Blitz 5/5 

Pairing 29/45 :    V7P3R_v12.6  -  V7P3R_v14.1

PGN-File: C:\Program Files (x86)\Arena\Tournaments\Engine Regression Battle 20251027_2.pgn

No:  B/W 1/2     W:B       1:2           Time        Value Moves Dep 1:2       1-2-Draws
   3 B 2    1.5:0.5        1.5:1.5       2:52:02 AM     0.00    36 4.357 :4.214  1-1-1

--------------------------------------------------------------

Engine-Match Friday, October 31, 2025 2:52:03 AM
 Blitz 5/5 

Pairing 30/45 :    V7P3R_v14.2  -  Stockfish 1%

PGN-File: C:\Program Files (x86)\Arena\Tournaments\Engine Regression Battle 20251027_2.pgn

No:  B/W 1/2     W:B       1:2           Time        Value Moves Dep 1:2       1-2-Draws
   3 B 2    1.0:0.0        0.0:3.0       2:58:53 AM   -17.92    41 4.708 :15.105  0-3-0

--------------------------------------------------------------

Engine-Match Friday, October 31, 2025 2:58:55 AM
 Blitz 5/5 

Pairing 31/45 :    V7P3R_v10.8  -  Random_Opponent

PGN-File: C:\Program Files (x86)\Arena\Tournaments\Engine Regression Battle 20251027_2.pgn

No:  B/W 1/2     W:B       1:2           Time        Value Moves Dep 1:2       1-2-Draws
   3 W 1    1.0:0.0        3.0:0.0       3:03:00 AM  +289.98    23 4.381 :0 3-0-0

--------------------------------------------------------------

Engine-Match Friday, October 31, 2025 3:03:02 AM
 Blitz 5/5 

Pairing 32/45 :    V7P3R_v14.0  -  V7P3R_v12.2

PGN-File: C:\Program Files (x86)\Arena\Tournaments\Engine Regression Battle 20251027_2.pgn

No:  B/W 1/2     W:B       1:2           Time        Value Moves Dep 1:2       1-2-Draws
   3 W 1    1.5:0.5        1.5:1.5       3:21:43 AM   +18.00    83 4.783 :4.741  1-1-1

--------------------------------------------------------------

Engine-Match Friday, October 31, 2025 3:21:45 AM
 Blitz 5/5 

Pairing 33/45 :    V7P3R_v12.4  -  V7P3R_v12.6

PGN-File: C:\Program Files (x86)\Arena\Tournaments\Engine Regression Battle 20251027_2.pgn

No:  B/W 1/2     W:B       1:2           Time        Value Moves Dep 1:2       1-2-Draws
   3 B 2    1.0:0.0        1.0:2.0       3:33:29 AM     0.00    57 5.150 :4.444  1-2-0

--------------------------------------------------------------

Engine-Match Friday, October 31, 2025 3:33:31 AM
 Blitz 5/5 

Pairing 34/45 :    Stockfish 1%  -  V7P3R_v12.5

PGN-File: C:\Program Files (x86)\Arena\Tournaments\Engine Regression Battle 20251027_2.pgn

No:  B/W 1/2     W:B       1:2           Time        Value Moves Dep 1:2       1-2-Draws
   3 W 1    1.0:0.0        3.0:0.0       3:35:04 AM      +M1    11 22.000 :3.833  3-0-0

--------------------------------------------------------------

Engine-Match Friday, October 31, 2025 3:35:06 AM
 Blitz 5/5 

Pairing 35/45 :    V7P3R_v14.1  -  V7P3R_v14.2

PGN-File: C:\Program Files (x86)\Arena\Tournaments\Engine Regression Battle 20251027_2.pgn

No:  B/W 1/2     W:B       1:2           Time        Value Moves Dep 1:2       1-2-Draws
   3 = =    1.0:1.0        1.0:2.0       3:44:31 AM     0.00    26 4.471 :5.143  0-1-2

--------------------------------------------------------------

Engine-Match Friday, October 31, 2025 3:44:33 AM
 Blitz 5/5 

Pairing 36/45 :    V7P3R_v14.0  -  V7P3R_v10.8

PGN-File: C:\Program Files (x86)\Arena\Tournaments\Engine Regression Battle 20251027_2.pgn

No:  B/W 1/2     W:B       1:2           Time        Value Moves Dep 1:2       1-2-Draws
   3 B 2    1.0:0.0        0.0:3.0       3:56:42 AM     0.00    65 4.600 :3.783  0-3-0

--------------------------------------------------------------

Engine-Match Friday, October 31, 2025 3:56:44 AM
 Blitz 5/5 

Pairing 37/45 :    V7P3R_v12.6  -  Random_Opponent

PGN-File: C:\Program Files (x86)\Arena\Tournaments\Engine Regression Battle 20251027_2.pgn

No:  B/W 1/2     W:B       1:2           Time        Value Moves Dep 1:2       1-2-Draws
   3 W 1    1.0:0.0        3.0:0.0       3:59:50 AM  +289.98    16 4.571 :0 3-0-0

--------------------------------------------------------------

Engine-Match Friday, October 31, 2025 3:59:51 AM
 Blitz 5/5 

Pairing 38/45 :    V7P3R_v12.2  -  Stockfish 1%

PGN-File: C:\Program Files (x86)\Arena\Tournaments\Engine Regression Battle 20251027_2.pgn

No:  B/W 1/2     W:B       1:2           Time        Value Moves Dep 1:2       1-2-Draws
   3 B 2    1.0:0.0        0.0:3.0       4:04:44 AM      -M1    29 4.136 :16.550  0-3-0

--------------------------------------------------------------

Engine-Match Friday, October 31, 2025 4:04:45 AM
 Blitz 5/5 

Pairing 39/45 :    V7P3R_v14.2  -  V7P3R_v12.4

PGN-File: C:\Program Files (x86)\Arena\Tournaments\Engine Regression Battle 20251027_2.pgn

No:  B/W 1/2     W:B       1:2           Time        Value Moves Dep 1:2       1-2-Draws
   3 B 2    1.0:0.0        0.0:3.0       4:17:23 AM  -289.99    56 4.867 :4.813  0-3-0

--------------------------------------------------------------

Engine-Match Friday, October 31, 2025 4:17:24 AM
 Blitz 5/5 

Pairing 40/45 :    V7P3R_v12.5  -  V7P3R_v14.1

PGN-File: C:\Program Files (x86)\Arena\Tournaments\Engine Regression Battle 20251027_2.pgn

No:  B/W 1/2     W:B       1:2           Time        Value Moves Dep 1:2       1-2-Draws
   3 = =    1.0:1.0        1.0:2.0       4:31:20 AM    -0.95    51 4.429 :4.333  0-1-2

--------------------------------------------------------------

Engine-Match Friday, October 31, 2025 4:31:22 AM
 Blitz 5/5 

Pairing 41/45 :    V7P3R_v10.8  -  V7P3R_v12.6

PGN-File: C:\Program Files (x86)\Arena\Tournaments\Engine Regression Battle 20251027_2.pgn

No:  B/W 1/2     W:B       1:2           Time        Value Moves Dep 1:2       1-2-Draws
   3 B 2    1.0:0.0        2.0:1.0       4:42:41 AM   -12.49    61 4.385 :4.857  2-1-0

--------------------------------------------------------------

Engine-Match Friday, October 31, 2025 4:42:42 AM
 Blitz 5/5 

Pairing 42/45 :    Stockfish 1%  -  V7P3R_v14.0

PGN-File: C:\Program Files (x86)\Arena\Tournaments\Engine Regression Battle 20251027_2.pgn

No:  B/W 1/2     W:B       1:2           Time        Value Moves Dep 1:2       1-2-Draws
   3 W 1    1.0:0.0        3.0:0.0       4:46:19 AM   +12.20    23 15.500 :4.471  3-0-0

--------------------------------------------------------------

Engine-Match Friday, October 31, 2025 4:46:20 AM
 Blitz 5/5 

Pairing 43/45 :    Random_Opponent  -  V7P3R_v14.2

PGN-File: C:\Program Files (x86)\Arena\Tournaments\Engine Regression Battle 20251027_2.pgn

No:  B/W 1/2     W:B       1:2           Time        Value Moves Dep 1:2       1-2-Draws
   3 B 2    1.0:0.0        0.0:3.0       4:49:25 AM  -289.99    21 0:4.813  0-3-0

--------------------------------------------------------------

Engine-Match Friday, October 31, 2025 4:49:26 AM
 Blitz 5/5 

Pairing 44/45 :    V7P3R_v14.1  -  V7P3R_v12.2

PGN-File: C:\Program Files (x86)\Arena\Tournaments\Engine Regression Battle 20251027_2.pgn

No:  B/W 1/2     W:B       1:2           Time        Value Moves Dep 1:2       1-2-Draws
   3 B 2    1.0:0.0        0.0:3.0       4:58:47 AM     0.00    31 4.000 :4.650  0-3-0

--------------------------------------------------------------

Engine-Match Friday, October 31, 2025 4:58:58 AM
 Blitz 5/5 

Pairing 45/45 :    V7P3R_v12.4  -  V7P3R_v12.5

PGN-File: C:\Program Files (x86)\Arena\Tournaments\Engine Regression Battle 20251027_2.pgn

No:  B/W 1/2     W:B       1:2           Time        Value Moves Dep 1:2       1-2-Draws
   3 W 1    1.0:0.0        2.0:1.0       5:09:28 AM  +289.98    35 4.462 :4.045  2-1-0

--------------------------------------------------------------

Engine-Match Friday, October 31, 2025 5:09:30 AM
 Blitz 5/5 

Pairing 1/45 :    V7P3R_v10.8  -  Stockfish 1%

PGN-File: C:\Program Files (x86)\Arena\Tournaments\Engine Regression Battle 20251027_2.pgn

No:  B/W 1/2     W:B       1:2           Time        Value Moves Dep 1:2       1-2-Draws
   4 W 2    1.0:0.0        0.0:4.0       5:11:37 AM   +11.77    12 4.111 :17.000  0-4-0

--------------------------------------------------------------

Engine-Match Friday, October 31, 2025 5:11:38 AM
 Blitz 5/5 

Pairing 2/45 :    V7P3R_v14.2  -  V7P3R_v12.6

PGN-File: C:\Program Files (x86)\Arena\Tournaments\Engine Regression Battle 20251027_2.pgn

No:  B/W 1/2     W:B       1:2           Time        Value Moves Dep 1:2       1-2-Draws
   4 = =    1.0:1.0        2.0:2.0       5:26:32 AM     0.00    76 4.462 :4.438  1-1-2

--------------------------------------------------------------

Engine-Match Friday, October 31, 2025 5:26:34 AM
 Blitz 5/5 

Pairing 3/45 :    V7P3R_v14.0  -  V7P3R_v14.1

PGN-File: C:\Program Files (x86)\Arena\Tournaments\Engine Regression Battle 20251027_2.pgn

No:  B/W 1/2     W:B       1:2           Time        Value Moves Dep 1:2       1-2-Draws
   4 = =    1.0:1.0        3.0:1.0       5:39:33 AM     0.00    45 5.120 :4.138  2-0-2

--------------------------------------------------------------

Engine-Match Friday, October 31, 2025 5:39:34 AM
 Blitz 5/5 

Pairing 4/45 :    V7P3R_v12.5  -  Random_Opponent

PGN-File: C:\Program Files (x86)\Arena\Tournaments\Engine Regression Battle 20251027_2.pgn

No:  B/W 1/2     W:B       1:2           Time        Value Moves Dep 1:2       1-2-Draws
   4 B 1    1.0:0.0        4.0:0.0       5:43:03 AM     0.00    17 4.214 :0 4-0-0

--------------------------------------------------------------

Engine-Match Friday, October 31, 2025 5:43:05 AM
 Blitz 5/5 

Pairing 5/45 :    V7P3R_v12.2  -  V7P3R_v12.4

PGN-File: C:\Program Files (x86)\Arena\Tournaments\Engine Regression Battle 20251027_2.pgn

No:  B/W 1/2     W:B       1:2           Time        Value Moves Dep 1:2       1-2-Draws
   4 = =    1.5:1.5        1.5:2.5       5:51:18 AM     0.00    40 4.667 :4.563  0-1-3

--------------------------------------------------------------

Engine-Match Friday, October 31, 2025 5:51:19 AM
 Blitz 5/5 

Pairing 6/45 :    V7P3R_v14.2  -  V7P3R_v10.8

PGN-File: C:\Program Files (x86)\Arena\Tournaments\Engine Regression Battle 20251027_2.pgn

No:  B/W 1/2     W:B       1:2           Time        Value Moves Dep 1:2       1-2-Draws
   4 W 2    1.5:0.5        2.5:1.5       6:01:31 AM     0.00    49 5.000 :4.360  2-1-1

--------------------------------------------------------------

Engine-Match Friday, October 31, 2025 6:01:32 AM
 Blitz 5/5 

Pairing 7/45 :    V7P3R_v14.1  -  Stockfish 1%

PGN-File: C:\Program Files (x86)\Arena\Tournaments\Engine Regression Battle 20251027_2.pgn

No:  B/W 1/2     W:B       1:2           Time        Value Moves Dep 1:2       1-2-Draws
   4 W 2    1.0:0.0        1.0:3.0       6:05:23 AM      +M1    21 3.500 :15.917  1-3-0

--------------------------------------------------------------

Engine-Match Friday, October 31, 2025 6:05:25 AM
 Blitz 5/5 

Pairing 8/45 :    V7P3R_v12.6  -  V7P3R_v12.5

PGN-File: C:\Program Files (x86)\Arena\Tournaments\Engine Regression Battle 20251027_2.pgn

No:  B/W 1/2     W:B       1:2           Time        Value Moves Dep 1:2       1-2-Draws
   4 B 1    1.5:0.5        3.5:0.5       6:16:17 AM   -34.20    34 4.294 :4.444  3-0-1

--------------------------------------------------------------

Engine-Match Friday, October 31, 2025 6:16:18 AM
 Blitz 5/5 

Pairing 9/45 :    V7P3R_v12.4  -  V7P3R_v14.0

PGN-File: C:\Program Files (x86)\Arena\Tournaments\Engine Regression Battle 20251027_2.pgn

No:  B/W 1/2     W:B       1:2           Time        Value Moves Dep 1:2       1-2-Draws
   4 W 2    1.5:0.5        1.5:2.5       6:24:17 AM   +12.70    31 4.500 :4.667  1-2-1

--------------------------------------------------------------

Engine-Match Friday, October 31, 2025 6:24:19 AM
 Blitz 5/5 

Pairing 10/45 :    Random_Opponent  -  V7P3R_v12.2

PGN-File: C:\Program Files (x86)\Arena\Tournaments\Engine Regression Battle 20251027_2.pgn

No:  B/W 1/2     W:B       1:2           Time        Value Moves Dep 1:2       1-2-Draws
   4 W 2    1.0:0.0        0.0:4.0       6:26:27 AM  +289.98    15 0:4.917  0-4-0

--------------------------------------------------------------

Engine-Match Friday, October 31, 2025 6:26:28 AM
 Blitz 5/5 

Pairing 11/45 :    V7P3R_v10.8  -  V7P3R_v14.1

PGN-File: C:\Program Files (x86)\Arena\Tournaments\Engine Regression Battle 20251027_2.pgn

No:  B/W 1/2     W:B       1:2           Time        Value Moves Dep 1:2       1-2-Draws
   4 = =    1.0:1.0        1.0:3.0       6:37:57 AM     0.00    44 4.138 :4.281  0-2-2

--------------------------------------------------------------

Engine-Match Friday, October 31, 2025 6:37:58 AM
 Blitz 5/5 

Pairing 12/45 :    V7P3R_v12.5  -  V7P3R_v14.2

PGN-File: C:\Program Files (x86)\Arena\Tournaments\Engine Regression Battle 20251027_2.pgn

No:  B/W 1/2     W:B       1:2           Time        Value Moves Dep 1:2       1-2-Draws
   4 W 2    1.0:0.0        0.0:4.0       6:43:57 AM   +15.80    21 4.267 :4.467  0-4-0

--------------------------------------------------------------

Engine-Match Friday, October 31, 2025 6:43:58 AM
 Blitz 5/5 

Pairing 13/45 :    Stockfish 1%  -  V7P3R_v12.4

PGN-File: C:\Program Files (x86)\Arena\Tournaments\Engine Regression Battle 20251027_2.pgn

No:  B/W 1/2     W:B       1:2           Time        Value Moves Dep 1:2       1-2-Draws
   4 B 1    1.0:0.0        4.0:0.0       6:50:30 AM   -18.90    53 14.846 :4.750  4-0-0

--------------------------------------------------------------

Engine-Match Friday, October 31, 2025 6:50:32 AM
 Blitz 5/5 

Pairing 14/45 :    V7P3R_v12.2  -  V7P3R_v12.6

PGN-File: C:\Program Files (x86)\Arena\Tournaments\Engine Regression Battle 20251027_2.pgn

No:  B/W 1/2     W:B       1:2           Time        Value Moves Dep 1:2       1-2-Draws
   4 = =    2.0:2.0        2.0:2.0       6:56:27 AM     0.00    22 5.071 :4.786  0-0-4

--------------------------------------------------------------

Engine-Match Friday, October 31, 2025 6:56:28 AM
 Blitz 5/5 

Pairing 15/45 :    V7P3R_v14.0  -  Random_Opponent

PGN-File: C:\Program Files (x86)\Arena\Tournaments\Engine Regression Battle 20251027_2.pgn

No:  B/W 1/2     W:B       1:2           Time        Value Moves Dep 1:2       1-2-Draws
   4 B 1    1.0:0.0        4.0:0.0       6:59:03 AM  -289.98    13 4.417 :0 4-0-0

--------------------------------------------------------------

Engine-Match Friday, October 31, 2025 6:59:04 AM
 Blitz 5/5 

Pairing 16/45 :    V7P3R_v12.5  -  V7P3R_v10.8

PGN-File: C:\Program Files (x86)\Arena\Tournaments\Engine Regression Battle 20251027_2.pgn

No:  B/W 1/2     W:B       1:2           Time        Value Moves Dep 1:2       1-2-Draws
   4 W 2    1.5:0.5        0.5:3.5       7:09:19 AM  +289.98    42 4.105 :4.000  0-3-1

--------------------------------------------------------------

Engine-Match Friday, October 31, 2025 7:09:20 AM
 Blitz 5/5 

Pairing 17/45 :    V7P3R_v12.4  -  V7P3R_v14.1

PGN-File: C:\Program Files (x86)\Arena\Tournaments\Engine Regression Battle 20251027_2.pgn

No:  B/W 1/2     W:B       1:2           Time        Value Moves Dep 1:2       1-2-Draws
   4 W 2    2.5:1.5        1.5:2.5       7:23:17 AM     0.00    51 5.250 :4.455  0-1-3

--------------------------------------------------------------

Engine-Match Friday, October 31, 2025 7:23:18 AM
 Blitz 5/5 

Pairing 18/45 :    V7P3R_v14.2  -  V7P3R_v12.2

PGN-File: C:\Program Files (x86)\Arena\Tournaments\Engine Regression Battle 20251027_2.pgn

No:  B/W 1/2     W:B       1:2           Time        Value Moves Dep 1:2       1-2-Draws
   4 B 1    1.0:0.0        3.0:1.0       7:35:07 AM    -9.80    47 4.714 :4.533  3-1-0

--------------------------------------------------------------

Engine-Match Friday, October 31, 2025 7:35:08 AM
 Blitz 5/5 

Pairing 19/45 :    Random_Opponent  -  Stockfish 1%

PGN-File: C:\Program Files (x86)\Arena\Tournaments\Engine Regression Battle 20251027_2.pgn

No:  B/W 1/2     W:B       1:2           Time        Value Moves Dep 1:2       1-2-Draws
   4 W 2    1.0:0.0        0.0:4.0       7:35:28 AM      +M1    24 0:17.636  0-4-0

--------------------------------------------------------------

Engine-Match Friday, October 31, 2025 7:35:36 AM
 Blitz 5/5 

Pairing 20/45 :    V7P3R_v12.6  -  V7P3R_v14.0

PGN-File: C:\Program Files (x86)\Arena\Tournaments\Engine Regression Battle 20251027_2.pgn

No:  B/W 1/2     W:B       1:2           Time        Value Moves Dep 1:2       1-2-Draws
   4 = =    1.0:1.0        2.0:2.0       7:48:50 AM     0.00    64 4.478 :4.857  1-1-2

--------------------------------------------------------------

Engine-Match Friday, October 31, 2025 7:48:51 AM
 Blitz 5/5 

Pairing 21/45 :    V7P3R_v10.8  -  V7P3R_v12.4

PGN-File: C:\Program Files (x86)\Arena\Tournaments\Engine Regression Battle 20251027_2.pgn

No:  B/W 1/2     W:B       1:2           Time        Value Moves Dep 1:2       1-2-Draws
   4 = =    2.0:2.0        2.0:2.0       8:02:21 AM     0.00    64 4.050 :5.000  0-0-4

--------------------------------------------------------------

Engine-Match Friday, October 31, 2025 8:02:22 AM
 Blitz 5/5 

Pairing 22/45 :    V7P3R_v12.2  -  V7P3R_v12.5

PGN-File: C:\Program Files (x86)\Arena\Tournaments\Engine Regression Battle 20251027_2.pgn

No:  B/W 1/2     W:B       1:2           Time        Value Moves Dep 1:2       1-2-Draws
   4 = =    1.0:1.0        1.0:3.0       8:11:38 AM     0.00    34 4.526 :4.208  0-2-2

--------------------------------------------------------------

Engine-Match Friday, October 31, 2025 8:11:39 AM
 Blitz 5/5 

Pairing 23/45 :    V7P3R_v14.1  -  Random_Opponent

PGN-File: C:\Program Files (x86)\Arena\Tournaments\Engine Regression Battle 20251027_2.pgn

No:  B/W 1/2     W:B       1:2           Time        Value Moves Dep 1:2       1-2-Draws
   4 B 1    1.0:0.0        4.0:0.0       8:14:33 AM  -289.98    18 4.444 :0 4-0-0

--------------------------------------------------------------

Engine-Match Friday, October 31, 2025 8:14:34 AM
 Blitz 5/5 

Pairing 24/45 :    V7P3R_v14.0  -  V7P3R_v14.2

PGN-File: C:\Program Files (x86)\Arena\Tournaments\Engine Regression Battle 20251027_2.pgn

No:  B/W 1/2     W:B       1:2           Time        Value Moves Dep 1:2       1-2-Draws
   4 = =    1.5:1.5        1.5:2.5       8:25:22 AM     0.00    40 4.120 :4.423  0-1-3

--------------------------------------------------------------

Engine-Match Friday, October 31, 2025 8:25:24 AM
 Blitz 5/5 

Pairing 25/45 :    Stockfish 1%  -  V7P3R_v12.6

PGN-File: C:\Program Files (x86)\Arena\Tournaments\Engine Regression Battle 20251027_2.pgn

No:  B/W 1/2     W:B       1:2           Time        Value Moves Dep 1:2       1-2-Draws
   4 B 1    1.0:0.0        4.0:0.0       8:28:31 AM    -9.79    19 16.688 :4.357  4-0-0

--------------------------------------------------------------

Engine-Match Friday, October 31, 2025 8:28:33 AM
 Blitz 5/5 

Pairing 26/45 :    V7P3R_v12.2  -  V7P3R_v10.8

PGN-File: C:\Program Files (x86)\Arena\Tournaments\Engine Regression Battle 20251027_2.pgn

No:  B/W 1/2     W:B       1:2           Time        Value Moves Dep 1:2       1-2-Draws
   4 W 2    1.0:0.0        0.0:4.0       8:39:47 AM   +56.30    55 4.800 :3.857  0-4-0

--------------------------------------------------------------

Engine-Match Friday, October 31, 2025 8:39:48 AM
 Blitz 5/5 

Pairing 27/45 :    Random_Opponent  -  V7P3R_v12.4

PGN-File: C:\Program Files (x86)\Arena\Tournaments\Engine Regression Battle 20251027_2.pgn

No:  B/W 1/2     W:B       1:2           Time        Value Moves Dep 1:2       1-2-Draws
   4 W 2    1.0:0.0        0.0:4.0       8:43:22 AM     0.00    25 0:4.632  0-4-0

--------------------------------------------------------------

Engine-Match Friday, October 31, 2025 8:43:23 AM
 Blitz 5/5 

Pairing 28/45 :    V7P3R_v12.5  -  V7P3R_v14.0

PGN-File: C:\Program Files (x86)\Arena\Tournaments\Engine Regression Battle 20251027_2.pgn

No:  B/W 1/2     W:B       1:2           Time        Value Moves Dep 1:2       1-2-Draws
   4 B 1    2.0:1.0        2.0:2.0       8:52:10 AM     0.00    37 4.273 :4.833  1-1-2

--------------------------------------------------------------

Engine-Match Friday, October 31, 2025 8:52:11 AM
 Blitz 5/5 

Pairing 29/45 :    V7P3R_v12.6  -  V7P3R_v14.1

PGN-File: C:\Program Files (x86)\Arena\Tournaments\Engine Regression Battle 20251027_2.pgn

No:  B/W 1/2     W:B       1:2           Time        Value Moves Dep 1:2       1-2-Draws
   4 = =    1.0:1.0        2.0:2.0       9:03:50 AM   -12.12    42 4.840 :4.385  1-1-2

--------------------------------------------------------------

Engine-Match Friday, October 31, 2025 9:03:52 AM
 Blitz 5/5 

Pairing 30/45 :    V7P3R_v14.2  -  Stockfish 1%

PGN-File: C:\Program Files (x86)\Arena\Tournaments\Engine Regression Battle 20251027_2.pgn

No:  B/W 1/2     W:B       1:2           Time        Value Moves Dep 1:2       1-2-Draws
   4 W 2    1.0:0.0        0.0:4.0       9:11:26 AM      +M1    44 4.862 :15.174  0-4-0

--------------------------------------------------------------

Engine-Match Friday, October 31, 2025 9:11:27 AM
 Blitz 5/5 

Pairing 31/45 :    V7P3R_v10.8  -  Random_Opponent

PGN-File: C:\Program Files (x86)\Arena\Tournaments\Engine Regression Battle 20251027_2.pgn

No:  B/W 1/2     W:B       1:2           Time        Value Moves Dep 1:2       1-2-Draws
   4 B 1    1.0:0.0        4.0:0.0       9:14:44 AM     0.00    22 4.150 :0 4-0-0

--------------------------------------------------------------

Engine-Match Friday, October 31, 2025 9:14:46 AM
 Blitz 5/5 

Pairing 32/45 :    V7P3R_v14.0  -  V7P3R_v12.2

PGN-File: C:\Program Files (x86)\Arena\Tournaments\Engine Regression Battle 20251027_2.pgn

No:  B/W 1/2     W:B       1:2           Time        Value Moves Dep 1:2       1-2-Draws
   4 = =    1.0:1.0        2.0:2.0       9:29:11 AM     0.00    72 4.556 :4.792  1-1-2

--------------------------------------------------------------

Engine-Match Friday, October 31, 2025 9:29:13 AM
 Blitz 5/5 

Pairing 33/45 :    V7P3R_v12.4  -  V7P3R_v12.6

PGN-File: C:\Program Files (x86)\Arena\Tournaments\Engine Regression Battle 20251027_2.pgn

No:  B/W 1/2     W:B       1:2           Time        Value Moves Dep 1:2       1-2-Draws
   4 W 2    1.0:0.0        1.0:3.0       9:42:33 AM     0.00    58 5.000 :4.444  1-3-0

--------------------------------------------------------------

Engine-Match Friday, October 31, 2025 9:42:34 AM
 Blitz 5/5 

Pairing 34/45 :    Stockfish 1%  -  V7P3R_v12.5

PGN-File: C:\Program Files (x86)\Arena\Tournaments\Engine Regression Battle 20251027_2.pgn

No:  B/W 1/2     W:B       1:2           Time        Value Moves Dep 1:2       1-2-Draws
   4 B 1    1.0:0.0        4.0:0.0       9:45:26 AM      -M1    15 19.133 :4.100  4-0-0

--------------------------------------------------------------

Engine-Match Friday, October 31, 2025 9:45:27 AM
 Blitz 5/5 

Pairing 35/45 :    V7P3R_v14.1  -  V7P3R_v14.2

PGN-File: C:\Program Files (x86)\Arena\Tournaments\Engine Regression Battle 20251027_2.pgn

No:  B/W 1/2     W:B       1:2           Time        Value Moves Dep 1:2       1-2-Draws
   4 = =    1.5:1.5        1.5:2.5       10:01:31 AM     0.00    78 4.045 :4.826  0-1-3

--------------------------------------------------------------

Engine-Match Friday, October 31, 2025 10:01:33 AM
 Blitz 5/5 

Pairing 36/45 :    V7P3R_v14.0  -  V7P3R_v10.8

PGN-File: C:\Program Files (x86)\Arena\Tournaments\Engine Regression Battle 20251027_2.pgn

No:  B/W 1/2     W:B       1:2           Time        Value Moves Dep 1:2       1-2-Draws
   4 W 2    1.0:0.0        0.0:4.0       10:13:54 AM   +39.99    48 4.286 :3.351  0-4-0

--------------------------------------------------------------

Engine-Match Friday, October 31, 2025 10:13:55 AM
 Blitz 5/5 

Pairing 37/45 :    V7P3R_v12.6  -  Random_Opponent

PGN-File: C:\Program Files (x86)\Arena\Tournaments\Engine Regression Battle 20251027_2.pgn

No:  B/W 1/2     W:B       1:2           Time        Value Moves Dep 1:2       1-2-Draws
   4 B 1    1.0:0.0        4.0:0.0       10:14:56 AM     0.00     5 5.250 :0 4-0-0

--------------------------------------------------------------

Engine-Match Friday, October 31, 2025 10:14:57 AM
 Blitz 5/5 

Pairing 38/45 :    V7P3R_v12.2  -  Stockfish 1%

PGN-File: C:\Program Files (x86)\Arena\Tournaments\Engine Regression Battle 20251027_2.pgn

No:  B/W 1/2     W:B       1:2           Time        Value Moves Dep 1:2       1-2-Draws
   4 W 2    1.0:0.0        0.0:4.0       10:18:01 AM      +M1    20 4.786 :17.412  0-4-0

--------------------------------------------------------------

Engine-Match Friday, October 31, 2025 10:18:02 AM
 Blitz 5/5 

Pairing 39/45 :    V7P3R_v14.2  -  V7P3R_v12.4

PGN-File: C:\Program Files (x86)\Arena\Tournaments\Engine Regression Battle 20251027_2.pgn

No:  B/W 1/2     W:B       1:2           Time        Value Moves Dep 1:2       1-2-Draws
   4 B 1    1.0:0.0        1.0:3.0       10:31:49 AM     0.00    50 4.487 :4.250  1-3-0

--------------------------------------------------------------

Engine-Match Friday, October 31, 2025 10:32:00 AM
 Blitz 5/5 

Pairing 40/45 :    V7P3R_v12.5  -  V7P3R_v14.1

PGN-File: C:\Program Files (x86)\Arena\Tournaments\Engine Regression Battle 20251027_2.pgn

No:  B/W 1/2     W:B       1:2           Time        Value Moves Dep 1:2       1-2-Draws
   4 W 2    2.0:1.0        1.0:3.0       10:47:39 AM     0.00    67 4.333 :4.056  0-2-2

--------------------------------------------------------------

Engine-Match Friday, October 31, 2025 10:47:41 AM
 Blitz 5/5 

Pairing 41/45 :    V7P3R_v10.8  -  V7P3R_v12.6

PGN-File: C:\Program Files (x86)\Arena\Tournaments\Engine Regression Battle 20251027_2.pgn

No:  B/W 1/2     W:B       1:2           Time        Value Moves Dep 1:2       1-2-Draws
   4 = =    0.5:0.5        2.5:1.5       10:57:47 AM     0.00    48 3.913 :4.455  2-1-1

--------------------------------------------------------------

Engine-Match Friday, October 31, 2025 10:57:49 AM
 Blitz 5/5 

Pairing 42/45 :    Stockfish 1%  -  V7P3R_v14.0

PGN-File: C:\Program Files (x86)\Arena\Tournaments\Engine Regression Battle 20251027_2.pgn

No:  B/W 1/2     W:B       1:2           Time        Value Moves Dep 1:2       1-2-Draws
   4 B 1    1.0:0.0        4.0:0.0       11:04:44 AM   -32.57    41 15.143 :4.848  4-0-0

--------------------------------------------------------------

Engine-Match Friday, October 31, 2025 11:04:45 AM
 Blitz 5/5 

Pairing 43/45 :    Random_Opponent  -  V7P3R_v14.2

PGN-File: C:\Program Files (x86)\Arena\Tournaments\Engine Regression Battle 20251027_2.pgn

No:  B/W 1/2     W:B       1:2           Time        Value Moves Dep 1:2       1-2-Draws
   4 W 2    1.0:0.0        0.0:4.0       11:08:53 AM     0.00    25 0:4.810  0-4-0

--------------------------------------------------------------

Engine-Match Friday, October 31, 2025 11:08:55 AM
 Blitz 5/5 

Pairing 44/45 :    V7P3R_v14.1  -  V7P3R_v12.2

PGN-File: C:\Program Files (x86)\Arena\Tournaments\Engine Regression Battle 20251027_2.pgn

No:  B/W 1/2     W:B       1:2           Time        Value Moves Dep 1:2       1-2-Draws
   4 W 2    1.0:0.0        0.0:4.0       11:20:51 AM  +289.98    46 4.231 :4.786  0-4-0

--------------------------------------------------------------

Engine-Match Friday, October 31, 2025 11:20:53 AM
 Blitz 5/5 

Pairing 45/45 :    V7P3R_v12.4  -  V7P3R_v12.5

PGN-File: C:\Program Files (x86)\Arena\Tournaments\Engine Regression Battle 20251027_2.pgn

No:  B/W 1/2     W:B       1:2           Time        Value Moves Dep 1:2       1-2-Draws
   4 W 2    1.0:0.0        2.0:2.0       11:28:58 AM     0.00    36 5.000 :4.417  2-2-0

--------------------------------------------------------------

Engine-Match Friday, October 31, 2025 11:28:59 AM
 Blitz 5/5 

Pairing 1/45 :    V7P3R_v10.8  -  Stockfish 1%

PGN-File: C:\Program Files (x86)\Arena\Tournaments\Engine Regression Battle 20251027_2.pgn

No:  B/W 1/2     W:B       1:2           Time        Value Moves Dep 1:2       1-2-Draws
   5 B 2    1.0:0.0        0.0:5.0       11:32:45 AM   -19.60    32 4.333 :17.143  0-5-0

--------------------------------------------------------------

Engine-Match Friday, October 31, 2025 11:32:46 AM
 Blitz 5/5 

Pairing 2/45 :    V7P3R_v14.2  -  V7P3R_v12.6

PGN-File: C:\Program Files (x86)\Arena\Tournaments\Engine Regression Battle 20251027_2.pgn

No:  B/W 1/2     W:B       1:2           Time        Value Moves Dep 1:2       1-2-Draws
   5 W 1    2.0:1.0        3.0:2.0       11:44:14 AM     0.00    38 4.615 :4.125  2-1-2

--------------------------------------------------------------

Engine-Match Friday, October 31, 2025 11:44:16 AM
 Blitz 5/5 

Pairing 3/45 :    V7P3R_v14.0  -  V7P3R_v14.1

PGN-File: C:\Program Files (x86)\Arena\Tournaments\Engine Regression Battle 20251027_2.pgn

No:  B/W 1/2     W:B       1:2           Time        Value Moves Dep 1:2       1-2-Draws
   5 = =    1.5:1.5        3.5:1.5       11:56:38 AM     0.00    47 4.714 :3.704  2-0-3

--------------------------------------------------------------

Engine-Match Friday, October 31, 2025 11:56:39 AM
 Blitz 5/5 

Pairing 4/45 :    V7P3R_v12.5  -  Random_Opponent

PGN-File: C:\Program Files (x86)\Arena\Tournaments\Engine Regression Battle 20251027_2.pgn

No:  B/W 1/2     W:B       1:2           Time        Value Moves Dep 1:2       1-2-Draws
   5 W 1    1.0:0.0        5.0:0.0       11:58:39 AM     0.00     8 4.167 :0 5-0-0

--------------------------------------------------------------

Engine-Match Friday, October 31, 2025 11:58:40 AM
 Blitz 5/5 

Pairing 5/45 :    V7P3R_v12.2  -  V7P3R_v12.4

PGN-File: C:\Program Files (x86)\Arena\Tournaments\Engine Regression Battle 20251027_2.pgn

No:  B/W 1/2     W:B       1:2           Time        Value Moves Dep 1:2       1-2-Draws
   5 W 1    2.5:1.5        2.5:2.5       12:10:05 PM   +13.50    42 4.714 :4.647  1-1-3

--------------------------------------------------------------

Engine-Match Friday, October 31, 2025 12:10:07 PM
 Blitz 5/5 

Pairing 6/45 :    V7P3R_v14.2  -  V7P3R_v10.8

PGN-File: C:\Program Files (x86)\Arena\Tournaments\Engine Regression Battle 20251027_2.pgn

No:  B/W 1/2     W:B       1:2           Time        Value Moves Dep 1:2       1-2-Draws
   5 B 2    1.5:0.5        2.5:2.5       12:18:34 PM  -289.97    29 4.286 :3.591  2-2-1

--------------------------------------------------------------

Engine-Match Friday, October 31, 2025 12:18:35 PM
 Blitz 5/5 

Pairing 7/45 :    V7P3R_v14.1  -  Stockfish 1%

PGN-File: C:\Program Files (x86)\Arena\Tournaments\Engine Regression Battle 20251027_2.pgn

No:  B/W 1/2     W:B       1:2           Time        Value Moves Dep 1:2       1-2-Draws
   5 B 2    1.0:0.0        1.0:4.0       12:24:47 PM      -M1    35 4.423 :14.143  1-4-0

--------------------------------------------------------------

Engine-Match Friday, October 31, 2025 12:24:49 PM
 Blitz 5/5 

Pairing 8/45 :    V7P3R_v12.6  -  V7P3R_v12.5

PGN-File: C:\Program Files (x86)\Arena\Tournaments\Engine Regression Battle 20251027_2.pgn

No:  B/W 1/2     W:B       1:2           Time        Value Moves Dep 1:2       1-2-Draws
   5 W 1    1.5:0.5        4.5:0.5       12:35:49 PM  +289.99    36 4.857 :4.286  4-0-1

--------------------------------------------------------------

Engine-Match Friday, October 31, 2025 12:35:51 PM
 Blitz 5/5 

Pairing 9/45 :    V7P3R_v12.4  -  V7P3R_v14.0

PGN-File: C:\Program Files (x86)\Arena\Tournaments\Engine Regression Battle 20251027_2.pgn

No:  B/W 1/2     W:B       1:2           Time        Value Moves Dep 1:2       1-2-Draws
   5 B 2    1.5:0.5        1.5:3.5       12:53:10 PM     0.00    72 4.667 :4.545  1-3-1

--------------------------------------------------------------

Engine-Match Friday, October 31, 2025 12:53:12 PM
 Blitz 5/5 

Pairing 10/45 :    Random_Opponent  -  V7P3R_v12.2

PGN-File: C:\Program Files (x86)\Arena\Tournaments\Engine Regression Battle 20251027_2.pgn

No:  B/W 1/2     W:B       1:2           Time        Value Moves Dep 1:2       1-2-Draws
   5 B 2    1.0:0.0        0.0:5.0       12:54:29 PM  -289.98     9 0:4.667  0-5-0

--------------------------------------------------------------

Engine-Match Friday, October 31, 2025 12:54:30 PM
 Blitz 5/5 

Pairing 11/45 :    V7P3R_v10.8  -  V7P3R_v14.1

PGN-File: C:\Program Files (x86)\Arena\Tournaments\Engine Regression Battle 20251027_2.pgn

No:  B/W 1/2     W:B       1:2           Time        Value Moves Dep 1:2       1-2-Draws
   5 B 2    2.0:1.0        1.0:4.0       1:03:42 PM     0.00    34 3.895 :3.905  0-3-2

--------------------------------------------------------------

Engine-Match Friday, October 31, 2025 1:03:43 PM
 Blitz 5/5 

Pairing 12/45 :    V7P3R_v12.5  -  V7P3R_v14.2

PGN-File: C:\Program Files (x86)\Arena\Tournaments\Engine Regression Battle 20251027_2.pgn

No:  B/W 1/2     W:B       1:2           Time        Value Moves Dep 1:2       1-2-Draws
   5 B 2    1.0:0.0        0.0:5.0       1:16:47 PM   -18.80    71 4.529 :4.895  0-5-0

--------------------------------------------------------------

Engine-Match Friday, October 31, 2025 1:16:48 PM
 Blitz 5/5 

Pairing 13/45 :    Stockfish 1%  -  V7P3R_v12.4

PGN-File: C:\Program Files (x86)\Arena\Tournaments\Engine Regression Battle 20251027_2.pgn

No:  B/W 1/2     W:B       1:2           Time        Value Moves Dep 1:2       1-2-Draws
   5 W 1    1.0:0.0        5.0:0.0       1:20:46 PM   +17.25    25 16.250 :4.778  5-0-0

--------------------------------------------------------------

Engine-Match Friday, October 31, 2025 1:20:47 PM
 Blitz 5/5 

Pairing 14/45 :    V7P3R_v12.2  -  V7P3R_v12.6

PGN-File: C:\Program Files (x86)\Arena\Tournaments\Engine Regression Battle 20251027_2.pgn

No:  B/W 1/2     W:B       1:2           Time        Value Moves Dep 1:2       1-2-Draws
   5 = =    2.5:2.5        2.5:2.5       1:34:38 PM     0.00    61 4.765 :4.091  0-0-5

--------------------------------------------------------------

Engine-Match Friday, October 31, 2025 1:34:46 PM
 Blitz 5/5 

Pairing 15/45 :    V7P3R_v14.0  -  Random_Opponent

PGN-File: C:\Program Files (x86)\Arena\Tournaments\Engine Regression Battle 20251027_2.pgn

No:  B/W 1/2     W:B       1:2           Time        Value Moves Dep 1:2       1-2-Draws
   5 W 1    1.0:0.0        5.0:0.0       1:37:42 PM  +289.98    16 4.867 :0 5-0-0

--------------------------------------------------------------

Engine-Match Friday, October 31, 2025 1:37:44 PM
 Blitz 5/5 

Pairing 16/45 :    V7P3R_v12.5  -  V7P3R_v10.8

PGN-File: C:\Program Files (x86)\Arena\Tournaments\Engine Regression Battle 20251027_2.pgn

No:  B/W 1/2     W:B       1:2           Time        Value Moves Dep 1:2       1-2-Draws
   5 B 2    1.5:0.5        0.5:4.5       1:46:36 PM   -11.10    25 4.474 :4.056  0-4-1

--------------------------------------------------------------

Engine-Match Friday, October 31, 2025 1:46:37 PM
 Blitz 5/5 

Pairing 17/45 :    V7P3R_v12.4  -  V7P3R_v14.1

PGN-File: C:\Program Files (x86)\Arena\Tournaments\Engine Regression Battle 20251027_2.pgn

No:  B/W 1/2     W:B       1:2           Time        Value Moves Dep 1:2       1-2-Draws
   5 W 1    2.5:1.5        2.5:2.5       2:02:40 PM  +289.99    59 4.333 :3.710  1-1-3

--------------------------------------------------------------

Engine-Match Friday, October 31, 2025 2:02:42 PM
 Blitz 5/5 

Pairing 18/45 :    V7P3R_v14.2  -  V7P3R_v12.2

PGN-File: C:\Program Files (x86)\Arena\Tournaments\Engine Regression Battle 20251027_2.pgn

No:  B/W 1/2     W:B       1:2           Time        Value Moves Dep 1:2       1-2-Draws
   5 B 2    1.0:0.0        3.0:2.0       2:13:48 PM    -9.96    47 4.792 :4.739  3-2-0

--------------------------------------------------------------

Engine-Match Friday, October 31, 2025 2:13:50 PM
 Blitz 5/5 

Pairing 19/45 :    Random_Opponent  -  Stockfish 1%

PGN-File: C:\Program Files (x86)\Arena\Tournaments\Engine Regression Battle 20251027_2.pgn

No:  B/W 1/2     W:B       1:2           Time        Value Moves Dep 1:2       1-2-Draws
   5 B 2    1.0:0.0        0.0:5.0       2:14:04 PM      -M1     9 0:21.333  0-5-0

--------------------------------------------------------------

Engine-Match Friday, October 31, 2025 2:14:05 PM
 Blitz 5/5 

Pairing 20/45 :    V7P3R_v12.6  -  V7P3R_v14.0

PGN-File: C:\Program Files (x86)\Arena\Tournaments\Engine Regression Battle 20251027_2.pgn

No:  B/W 1/2     W:B       1:2           Time        Value Moves Dep 1:2       1-2-Draws
   5 = =    1.5:1.5        2.5:2.5       2:23:45 PM     0.00    44 4.667 :5.143  1-1-3

--------------------------------------------------------------

Engine-Match Friday, October 31, 2025 2:23:47 PM
 Blitz 5/5 

Pairing 21/45 :    V7P3R_v10.8  -  V7P3R_v12.4

PGN-File: C:\Program Files (x86)\Arena\Tournaments\Engine Regression Battle 20251027_2.pgn

No:  B/W 1/2     W:B       1:2           Time        Value Moves Dep 1:2       1-2-Draws
   5 = =    2.5:2.5        2.5:2.5       2:31:25 PM    -6.10    30 4.158 :4.667  0-0-5

--------------------------------------------------------------

Engine-Match Friday, October 31, 2025 2:31:26 PM
 Blitz 5/5 

Pairing 22/45 :    V7P3R_v12.2  -  V7P3R_v12.5

PGN-File: C:\Program Files (x86)\Arena\Tournaments\Engine Regression Battle 20251027_2.pgn

No:  B/W 1/2     W:B       1:2           Time        Value Moves Dep 1:2       1-2-Draws
   5 = =    1.5:1.5        1.5:3.5       2:40:53 PM     0.00    41 4.700 :4.208  0-2-3

--------------------------------------------------------------

Engine-Match Friday, October 31, 2025 2:40:55 PM
 Blitz 5/5 

Pairing 23/45 :    V7P3R_v14.1  -  Random_Opponent

PGN-File: C:\Program Files (x86)\Arena\Tournaments\Engine Regression Battle 20251027_2.pgn

No:  B/W 1/2     W:B       1:2           Time        Value Moves Dep 1:2       1-2-Draws
   5 W 1    1.0:0.0        5.0:0.0       2:43:25 PM  +289.98    14 4.143 :0 5-0-0

--------------------------------------------------------------

Engine-Match Friday, October 31, 2025 2:43:26 PM
 Blitz 5/5 

Pairing 24/45 :    V7P3R_v14.0  -  V7P3R_v14.2

PGN-File: C:\Program Files (x86)\Arena\Tournaments\Engine Regression Battle 20251027_2.pgn

No:  B/W 1/2     W:B       1:2           Time        Value Moves Dep 1:2       1-2-Draws
   5 W 1    2.5:1.5        2.5:2.5       3:00:22 PM     0.00    84 4.444 :4.737  1-1-3

--------------------------------------------------------------

Engine-Match Friday, October 31, 2025 3:00:23 PM
 Blitz 5/5 

Pairing 25/45 :    Stockfish 1%  -  V7P3R_v12.6

PGN-File: C:\Program Files (x86)\Arena\Tournaments\Engine Regression Battle 20251027_2.pgn

No:  B/W 1/2     W:B       1:2           Time        Value Moves Dep 1:2       1-2-Draws
   5 W 1    1.0:0.0        5.0:0.0       3:02:27 PM   +11.92    12 16.250 :4.222  5-0-0

--------------------------------------------------------------

Engine-Match Friday, October 31, 2025 3:02:28 PM
 Blitz 5/5 

Pairing 26/45 :    V7P3R_v12.2  -  V7P3R_v10.8

PGN-File: C:\Program Files (x86)\Arena\Tournaments\Engine Regression Battle 20251027_2.pgn

No:  B/W 1/2     W:B       1:2           Time        Value Moves Dep 1:2       1-2-Draws
   5 = =    0.5:0.5        0.5:4.5       3:11:39 PM    -3.57    32 4.375 :3.640  0-4-1

--------------------------------------------------------------

Engine-Match Friday, October 31, 2025 3:11:41 PM
 Blitz 5/5 

Pairing 27/45 :    Random_Opponent  -  V7P3R_v12.4

PGN-File: C:\Program Files (x86)\Arena\Tournaments\Engine Regression Battle 20251027_2.pgn

No:  B/W 1/2     W:B       1:2           Time        Value Moves Dep 1:2       1-2-Draws
   5 B 2    1.0:0.0        0.0:5.0       3:14:46 PM     0.00    20 0:5.105  0-5-0

--------------------------------------------------------------

Engine-Match Friday, October 31, 2025 3:14:48 PM
 Blitz 5/5 

Pairing 28/45 :    V7P3R_v12.5  -  V7P3R_v14.0

PGN-File: C:\Program Files (x86)\Arena\Tournaments\Engine Regression Battle 20251027_2.pgn

No:  B/W 1/2     W:B       1:2           Time        Value Moves Dep 1:2       1-2-Draws
   5 B 2    2.0:1.0        2.0:3.0       3:27:40 PM     0.00    57 4.273 :4.778  1-2-2

--------------------------------------------------------------

Engine-Match Friday, October 31, 2025 3:27:42 PM
 Blitz 5/5 

Pairing 29/45 :    V7P3R_v12.6  -  V7P3R_v14.1

PGN-File: C:\Program Files (x86)\Arena\Tournaments\Engine Regression Battle 20251027_2.pgn

No:  B/W 1/2     W:B       1:2           Time        Value Moves Dep 1:2       1-2-Draws
   5 W 1    2.0:1.0        3.0:2.0       3:33:44 PM   +11.75    21 4.533 :4.133  2-1-2

--------------------------------------------------------------

Engine-Match Friday, October 31, 2025 3:33:46 PM
 Blitz 5/5 

Pairing 30/45 :    V7P3R_v14.2  -  Stockfish 1%

PGN-File: C:\Program Files (x86)\Arena\Tournaments\Engine Regression Battle 20251027_2.pgn

No:  B/W 1/2     W:B       1:2           Time        Value Moves Dep 1:2       1-2-Draws
   5 B 2    1.0:0.0        0.0:5.0       3:41:24 PM      -M1    49 4.895 :14.769  0-5-0

--------------------------------------------------------------

Engine-Match Friday, October 31, 2025 3:41:26 PM
 Blitz 5/5 

Pairing 31/45 :    V7P3R_v10.8  -  Random_Opponent

PGN-File: C:\Program Files (x86)\Arena\Tournaments\Engine Regression Battle 20251027_2.pgn

No:  B/W 1/2     W:B       1:2           Time        Value Moves Dep 1:2       1-2-Draws
   5 W 1    1.0:0.0        5.0:0.0       3:42:51 PM  +289.98     8 4.429 :0 5-0-0

--------------------------------------------------------------

Engine-Match Friday, October 31, 2025 3:42:53 PM
 Blitz 5/5 

Pairing 32/45 :    V7P3R_v14.0  -  V7P3R_v12.2

PGN-File: C:\Program Files (x86)\Arena\Tournaments\Engine Regression Battle 20251027_2.pgn

No:  B/W 1/2     W:B       1:2           Time        Value Moves Dep 1:2       1-2-Draws
   5 W 1    2.0:1.0        3.0:2.0       3:59:04 PM  +289.99    67 4.600 :4.478  2-1-2

--------------------------------------------------------------

Engine-Match Friday, October 31, 2025 3:59:05 PM
 Blitz 5/5 

Pairing 33/45 :    V7P3R_v12.4  -  V7P3R_v12.6

PGN-File: C:\Program Files (x86)\Arena\Tournaments\Engine Regression Battle 20251027_2.pgn

No:  B/W 1/2     W:B       1:2           Time        Value Moves Dep 1:2       1-2-Draws
   5 B 2    1.0:0.0        1.0:4.0       4:10:42 PM     0.00    57 5.150 :4.444  1-4-0

--------------------------------------------------------------

Engine-Match Friday, October 31, 2025 4:10:44 PM
 Blitz 5/5 

Pairing 34/45 :    Stockfish 1%  -  V7P3R_v12.5

PGN-File: C:\Program Files (x86)\Arena\Tournaments\Engine Regression Battle 20251027_2.pgn

No:  B/W 1/2     W:B       1:2           Time        Value Moves Dep 1:2       1-2-Draws
   5 W 1    1.0:0.0        5.0:0.0       4:12:16 PM      +M1    11 17.545 :3.833  5-0-0

--------------------------------------------------------------

Engine-Match Friday, October 31, 2025 4:12:23 PM
 Blitz 5/5 

Pairing 35/45 :    V7P3R_v14.1  -  V7P3R_v14.2

PGN-File: C:\Program Files (x86)\Arena\Tournaments\Engine Regression Battle 20251027_2.pgn

No:  B/W 1/2     W:B       1:2           Time        Value Moves Dep 1:2       1-2-Draws
   5 B 2    2.5:1.5        1.5:3.5       4:22:41 PM     0.00    30 4.579 :5.133  0-2-3

--------------------------------------------------------------

Engine-Match Friday, October 31, 2025 4:22:42 PM
 Blitz 5/5 

Pairing 36/45 :    V7P3R_v14.0  -  V7P3R_v10.8

PGN-File: C:\Program Files (x86)\Arena\Tournaments\Engine Regression Battle 20251027_2.pgn

No:  B/W 1/2     W:B       1:2           Time        Value Moves Dep 1:2       1-2-Draws
   5 B 2    1.0:0.0        0.0:5.0       4:33:22 PM   -26.13    42 4.333 :3.727  0-5-0

--------------------------------------------------------------

Engine-Match Friday, October 31, 2025 4:33:23 PM
 Blitz 5/5 

Pairing 37/45 :    V7P3R_v12.6  -  Random_Opponent

PGN-File: C:\Program Files (x86)\Arena\Tournaments\Engine Regression Battle 20251027_2.pgn

No:  B/W 1/2     W:B       1:2           Time        Value Moves Dep 1:2       1-2-Draws
   5 W 1    1.0:0.0        5.0:0.0       4:35:35 PM  +289.98    13 4.333 :0 5-0-0

--------------------------------------------------------------

Engine-Match Friday, October 31, 2025 4:35:36 PM
 Blitz 5/5 

Pairing 38/45 :    V7P3R_v12.2  -  Stockfish 1%

PGN-File: C:\Program Files (x86)\Arena\Tournaments\Engine Regression Battle 20251027_2.pgn

No:  B/W 1/2     W:B       1:2           Time        Value Moves Dep 1:2       1-2-Draws
   5 B 2    1.0:0.0        0.0:5.0       4:39:32 PM      -M1    24 4.400 :16.125  0-5-0

--------------------------------------------------------------

Engine-Match Friday, October 31, 2025 4:39:33 PM
 Blitz 5/5 

Pairing 39/45 :    V7P3R_v14.2  -  V7P3R_v12.4

PGN-File: C:\Program Files (x86)\Arena\Tournaments\Engine Regression Battle 20251027_2.pgn

No:  B/W 1/2     W:B       1:2           Time        Value Moves Dep 1:2       1-2-Draws
   5 W 1    1.0:0.0        2.0:3.0       4:53:10 PM     0.00    56 4.769 :4.889  2-3-0

--------------------------------------------------------------

Engine-Match Friday, October 31, 2025 4:53:11 PM
 Blitz 5/5 

Pairing 40/45 :    V7P3R_v12.5  -  V7P3R_v14.1

PGN-File: C:\Program Files (x86)\Arena\Tournaments\Engine Regression Battle 20251027_2.pgn

No:  B/W 1/2     W:B       1:2           Time        Value Moves Dep 1:2       1-2-Draws
   5 = =    1.5:1.5        1.5:3.5       5:02:26 PM    +4.10    31 4.364 :4.182  0-2-3

--------------------------------------------------------------

Engine-Match Friday, October 31, 2025 5:02:28 PM
 Blitz 5/5 

Pairing 41/45 :    V7P3R_v10.8  -  V7P3R_v12.6

PGN-File: C:\Program Files (x86)\Arena\Tournaments\Engine Regression Battle 20251027_2.pgn

No:  B/W 1/2     W:B       1:2           Time        Value Moves Dep 1:2       1-2-Draws
   5 W 1    1.5:0.5        3.5:1.5       5:11:42 PM     0.00    69 4.083 :4.364  3-1-1

--------------------------------------------------------------

Engine-Match Friday, October 31, 2025 5:11:43 PM
 Blitz 5/5 

Pairing 42/45 :    Stockfish 1%  -  V7P3R_v14.0

PGN-File: C:\Program Files (x86)\Arena\Tournaments\Engine Regression Battle 20251027_2.pgn

No:  B/W 1/2     W:B       1:2           Time        Value Moves Dep 1:2       1-2-Draws
   5 W 1    1.0:0.0        5.0:0.0       5:14:54 PM   +10.65    20 15.154 :4.563  5-0-0

--------------------------------------------------------------

Engine-Match Friday, October 31, 2025 5:14:56 PM
 Blitz 5/5 

Pairing 43/45 :    Random_Opponent  -  V7P3R_v14.2

PGN-File: C:\Program Files (x86)\Arena\Tournaments\Engine Regression Battle 20251027_2.pgn

No:  B/W 1/2     W:B       1:2           Time        Value Moves Dep 1:2       1-2-Draws
   5 B 2    1.0:0.0        0.0:5.0       5:17:31 PM  -289.98    20 0:4.933  0-5-0

--------------------------------------------------------------

Engine-Match Friday, October 31, 2025 5:17:32 PM
 Blitz 5/5 

Pairing 44/45 :    V7P3R_v14.1  -  V7P3R_v12.2

PGN-File: C:\Program Files (x86)\Arena\Tournaments\Engine Regression Battle 20251027_2.pgn

No:  B/W 1/2     W:B       1:2           Time        Value Moves Dep 1:2       1-2-Draws
   5 W 1    1.0:0.0        1.0:4.0       5:31:15 PM   +30.40    49 4.048 :4.500  1-4-0

--------------------------------------------------------------

Engine-Match Friday, October 31, 2025 5:31:17 PM
 Blitz 5/5 

Pairing 45/45 :    V7P3R_v12.4  -  V7P3R_v12.5

PGN-File: C:\Program Files (x86)\Arena\Tournaments\Engine Regression Battle 20251027_2.pgn

No:  B/W 1/2     W:B       1:2           Time        Value Moves Dep 1:2       1-2-Draws
   5 * *     0.0:0.0        2.0:2.0       5:32:13 PM    +0.90     3 4.500 :0 2-2-0
