Engine-Match Sunday, October 26, 2025 10:19:10 PM
 Blitz 2/1 

Pairing 1/28 :    V7P3R_v12.6  -  V7P3R_v14.3

PGN-File: C:\Program Files (x86)\Arena\Tournaments\Engine Regression Battle 20251026_3.pgn

No:  B/W 1/2     W:B       1:2           Time        Value Moves Dep 1:2       1-2-Draws
   1 W 1    1.0:0.0        1.0:0.0       10:22:11 PM  +289.97    32 3.519 :3.308  1-0-0

--------------------------------------------------------------

Engine-Match Sunday, October 26, 2025 10:22:12 PM
 Blitz 2/1 

Pairing 2/28 :    V7P3R_v14.2  -  V7P3R_v14.0

PGN-File: C:\Program Files (x86)\Arena\Tournaments\Engine Regression Battle 20251026_3.pgn

No:  B/W 1/2     W:B       1:2           Time        Value Moves Dep 1:2       1-2-Draws
   1 = =    0.5:0.5        0.5:0.5       10:27:14 PM     0.00    57 3.889 :3.741  0-0-1

--------------------------------------------------------------

Engine-Match Sunday, October 26, 2025 10:27:16 PM
 Blitz 2/1 

Pairing 3/28 :    SlowMate_v3.1  -  C0BR4_v2.9

PGN-File: C:\Program Files (x86)\Arena\Tournaments\Engine Regression Battle 20251026_3.pgn

No:  B/W 1/2     W:B       1:2           Time        Value Moves Dep 1:2       1-2-Draws
   1 = =    0.5:0.5        0.5:0.5       10:31:26 PM    +1.54    63 3.348 :4.000  0-0-1

--------------------------------------------------------------

Engine-Match Sunday, October 26, 2025 10:31:27 PM
 Blitz 2/1 

Pairing 4/28 :    Random_Opponent  -  Stockfish 1%

PGN-File: C:\Program Files (x86)\Arena\Tournaments\Engine Regression Battle 20251026_3.pgn

No:  B/W 1/2     W:B       1:2           Time        Value Moves Dep 1:2       1-2-Draws
   1 B 2    1.0:0.0        0.0:1.0       10:32:02 PM      -M1    75 0:11.000  0-1-0

--------------------------------------------------------------

Engine-Match Sunday, October 26, 2025 10:32:03 PM
 Blitz 2/1 

Pairing 5/28 :    V7P3R_v14.2  -  V7P3R_v12.6

PGN-File: C:\Program Files (x86)\Arena\Tournaments\Engine Regression Battle 20251026_3.pgn

No:  B/W 1/2     W:B       1:2           Time        Value Moves Dep 1:2       1-2-Draws
   1 B 2    1.0:0.0        0.0:1.0       10:34:53 PM  -289.96    20 3.706 :3.235  0-1-0

--------------------------------------------------------------

Engine-Match Sunday, October 26, 2025 10:34:54 PM
 Blitz 2/1 

Pairing 6/28 :    C0BR4_v2.9  -  V7P3R_v14.3

PGN-File: C:\Program Files (x86)\Arena\Tournaments\Engine Regression Battle 20251026_3.pgn

No:  B/W 1/2     W:B       1:2           Time        Value Moves Dep 1:2       1-2-Draws
   1 W 1    1.0:0.0        1.0:0.0       10:35:35 PM   +15.66    12 4.000 :3.083  1-0-0

--------------------------------------------------------------

Engine-Match Sunday, October 26, 2025 10:35:36 PM
 Blitz 2/1 

Pairing 7/28 :    V7P3R_v14.0  -  Random_Opponent

PGN-File: C:\Program Files (x86)\Arena\Tournaments\Engine Regression Battle 20251026_3.pgn

No:  B/W 1/2     W:B       1:2           Time        Value Moves Dep 1:2       1-2-Draws
   1 W 1    1.0:0.0        1.0:0.0       10:36:38 PM  +289.97    16 4.250 :0 1-0-0

--------------------------------------------------------------

Engine-Match Sunday, October 26, 2025 10:36:40 PM
 Blitz 2/1 

Pairing 8/28 :    Stockfish 1%  -  SlowMate_v3.1

PGN-File: C:\Program Files (x86)\Arena\Tournaments\Engine Regression Battle 20251026_3.pgn

No:  B/W 1/2     W:B       1:2           Time        Value Moves Dep 1:2       1-2-Draws
   1 W 1    1.0:0.0        1.0:0.0       10:37:54 PM      +M1    19 11.500 :3.278  1-0-0

--------------------------------------------------------------

Engine-Match Sunday, October 26, 2025 10:37:55 PM
 Blitz 2/1 

Pairing 9/28 :    V7P3R_v12.6  -  C0BR4_v2.9

PGN-File: C:\Program Files (x86)\Arena\Tournaments\Engine Regression Battle 20251026_3.pgn

No:  B/W 1/2     W:B       1:2           Time        Value Moves Dep 1:2       1-2-Draws
   1 W 1    1.0:0.0        1.0:0.0       10:42:02 PM    +9.03    62 3.632 :4.000  1-0-0

--------------------------------------------------------------

Engine-Match Sunday, October 26, 2025 10:42:03 PM
 Blitz 2/1 

Pairing 10/28 :    Random_Opponent  -  V7P3R_v14.2

PGN-File: C:\Program Files (x86)\Arena\Tournaments\Engine Regression Battle 20251026_3.pgn

No:  B/W 1/2     W:B       1:2           Time        Value Moves Dep 1:2       1-2-Draws
   1 B 2    1.0:0.0        0.0:1.0       10:43:18 PM     0.00    17 0:3.929  0-1-0

--------------------------------------------------------------

Engine-Match Sunday, October 26, 2025 10:43:20 PM
 Blitz 2/1 

Pairing 11/28 :    V7P3R_v14.3  -  Stockfish 1%

PGN-File: C:\Program Files (x86)\Arena\Tournaments\Engine Regression Battle 20251026_3.pgn

No:  B/W 1/2     W:B       1:2           Time        Value Moves Dep 1:2       1-2-Draws
   1 = =    0.5:0.5        0.5:0.5       10:45:31 PM   +24.54    49 3.292 :11.500  0-0-1

--------------------------------------------------------------

Engine-Match Sunday, October 26, 2025 10:45:33 PM
 Blitz 2/1 

Pairing 12/28 :    SlowMate_v3.1  -  V7P3R_v14.0

PGN-File: C:\Program Files (x86)\Arena\Tournaments\Engine Regression Battle 20251026_3.pgn

No:  B/W 1/2     W:B       1:2           Time        Value Moves Dep 1:2       1-2-Draws
   1 = =    0.5:0.5        0.5:0.5       10:50:16 PM    +2.09    49 3.556 :4.182  0-0-1

--------------------------------------------------------------

Engine-Match Sunday, October 26, 2025 10:50:17 PM
 Blitz 2/1 

Pairing 13/28 :    Random_Opponent  -  V7P3R_v12.6

PGN-File: C:\Program Files (x86)\Arena\Tournaments\Engine Regression Battle 20251026_3.pgn

No:  B/W 1/2     W:B       1:2           Time        Value Moves Dep 1:2       1-2-Draws
   1 B 2    1.0:0.0        0.0:1.0       10:51:42 PM  -289.97    20 0:3.529  0-1-0

--------------------------------------------------------------

Engine-Match Sunday, October 26, 2025 10:51:44 PM
 Blitz 2/1 

Pairing 14/28 :    Stockfish 1%  -  C0BR4_v2.9

PGN-File: C:\Program Files (x86)\Arena\Tournaments\Engine Regression Battle 20251026_3.pgn

No:  B/W 1/2     W:B       1:2           Time        Value Moves Dep 1:2       1-2-Draws
   1 W 1    1.0:0.0        1.0:0.0       10:52:19 PM      +M1    33 11.000 :4.000  1-0-0

--------------------------------------------------------------

Engine-Match Sunday, October 26, 2025 10:52:20 PM
 Blitz 2/1 

Pairing 15/28 :    V7P3R_v14.2  -  SlowMate_v3.1

PGN-File: C:\Program Files (x86)\Arena\Tournaments\Engine Regression Battle 20251026_3.pgn

No:  B/W 1/2     W:B       1:2           Time        Value Moves Dep 1:2       1-2-Draws
   1 W 1    1.0:0.0        1.0:0.0       10:57:30 PM     0.00    61 3.783 :2.967  1-0-0

--------------------------------------------------------------

Engine-Match Sunday, October 26, 2025 10:57:31 PM
 Blitz 2/1 

Pairing 16/28 :    V7P3R_v14.0  -  V7P3R_v14.3

PGN-File: C:\Program Files (x86)\Arena\Tournaments\Engine Regression Battle 20251026_3.pgn

No:  B/W 1/2     W:B       1:2           Time        Value Moves Dep 1:2       1-2-Draws
   1 W 1    1.0:0.0        1.0:0.0       10:59:45 PM   +27.05    19 3.647 :2.895  1-0-0

--------------------------------------------------------------

Engine-Match Sunday, October 26, 2025 10:59:46 PM
 Blitz 2/1 

Pairing 17/28 :    V7P3R_v12.6  -  Stockfish 1%

PGN-File: C:\Program Files (x86)\Arena\Tournaments\Engine Regression Battle 20251026_3.pgn

No:  B/W 1/2     W:B       1:2           Time        Value Moves Dep 1:2       1-2-Draws
   1 B 2    1.0:0.0        0.0:1.0       11:02:21 PM      -M1    39 3.600 :11.500  0-1-0

--------------------------------------------------------------

Engine-Match Sunday, October 26, 2025 11:02:22 PM
 Blitz 2/1 

Pairing 18/28 :    SlowMate_v3.1  -  Random_Opponent

PGN-File: C:\Program Files (x86)\Arena\Tournaments\Engine Regression Battle 20251026_3.pgn

No:  B/W 1/2     W:B       1:2           Time        Value Moves Dep 1:2       1-2-Draws
   1 W 1    1.0:0.0        1.0:0.0       11:03:50 PM  +156.62    26 3.154 :0 1-0-0

--------------------------------------------------------------

Engine-Match Sunday, October 26, 2025 11:03:51 PM
 Blitz 2/1 

Pairing 19/28 :    C0BR4_v2.9  -  V7P3R_v14.0

PGN-File: C:\Program Files (x86)\Arena\Tournaments\Engine Regression Battle 20251026_3.pgn

No:  B/W 1/2     W:B       1:2           Time        Value Moves Dep 1:2       1-2-Draws
   1 = =    0.5:0.5        0.5:0.5       11:08:05 PM    +7.79    67 4.000 :4.167  0-0-1

--------------------------------------------------------------

Engine-Match Sunday, October 26, 2025 11:08:07 PM
 Blitz 2/1 

Pairing 20/28 :    V7P3R_v14.3  -  V7P3R_v14.2

PGN-File: C:\Program Files (x86)\Arena\Tournaments\Engine Regression Battle 20251026_3.pgn

No:  B/W 1/2     W:B       1:2           Time        Value Moves Dep 1:2       1-2-Draws
   1 B 2    1.0:0.0        0.0:1.0       11:11:12 PM  -289.98    31 3.231 :3.909  0-1-0

--------------------------------------------------------------

Engine-Match Sunday, October 26, 2025 11:11:27 PM
 Blitz 2/1 

Pairing 21/28 :    SlowMate_v3.1  -  V7P3R_v12.6

PGN-File: C:\Program Files (x86)\Arena\Tournaments\Engine Regression Battle 20251026_3.pgn

No:  B/W 1/2     W:B       1:2           Time        Value Moves Dep 1:2       1-2-Draws
   1 = =    0.5:0.5        0.5:0.5       11:15:43 PM    -2.96    36 2.806 :3.057  0-0-1

--------------------------------------------------------------

Engine-Match Sunday, October 26, 2025 11:15:44 PM
 Blitz 2/1 

Pairing 22/28 :    V7P3R_v14.0  -  Stockfish 1%

PGN-File: C:\Program Files (x86)\Arena\Tournaments\Engine Regression Battle 20251026_3.pgn

No:  B/W 1/2     W:B       1:2           Time        Value Moves Dep 1:2       1-2-Draws
   1 = =    0.5:0.5        0.5:0.5       11:18:12 PM    +4.56    34 4.067 :11.400  0-0-1

--------------------------------------------------------------

Engine-Match Sunday, October 26, 2025 11:18:14 PM
 Blitz 2/1 

Pairing 23/28 :    Random_Opponent  -  V7P3R_v14.3

PGN-File: C:\Program Files (x86)\Arena\Tournaments\Engine Regression Battle 20251026_3.pgn

No:  B/W 1/2     W:B       1:2           Time        Value Moves Dep 1:2       1-2-Draws
   1 B 2    1.0:0.0        0.0:1.0       11:19:02 PM     0.00    18 0:3.059  0-1-0

--------------------------------------------------------------

Engine-Match Sunday, October 26, 2025 11:19:03 PM
 Blitz 2/1 

Pairing 24/28 :    V7P3R_v14.2  -  C0BR4_v2.9

PGN-File: C:\Program Files (x86)\Arena\Tournaments\Engine Regression Battle 20251026_3.pgn

No:  B/W 1/2     W:B       1:2           Time        Value Moves Dep 1:2       1-2-Draws
   1 B 2    1.0:0.0        0.0:1.0       11:22:01 PM  -299.97    39 3.758 :3.946  0-1-0

--------------------------------------------------------------

Engine-Match Sunday, October 26, 2025 11:22:02 PM
 Blitz 2/1 

Pairing 25/28 :    V7P3R_v12.6  -  V7P3R_v14.0

PGN-File: C:\Program Files (x86)\Arena\Tournaments\Engine Regression Battle 20251026_3.pgn

No:  B/W 1/2     W:B       1:2           Time        Value Moves Dep 1:2       1-2-Draws
   1 B 2    1.0:0.0        0.0:1.0       11:27:09 PM     0.00    67 3.643 :4.167  0-1-0

--------------------------------------------------------------

Engine-Match Sunday, October 26, 2025 11:27:11 PM
 Blitz 2/1 

Pairing 26/28 :    V7P3R_v14.3  -  SlowMate_v3.1

PGN-File: C:\Program Files (x86)\Arena\Tournaments\Engine Regression Battle 20251026_3.pgn

No:  B/W 1/2     W:B       1:2           Time        Value Moves Dep 1:2       1-2-Draws
   1 B 2    1.0:0.0        0.0:1.0       11:28:49 PM   -34.86    17 3.118 :3.125  0-1-0

--------------------------------------------------------------

Engine-Match Sunday, October 26, 2025 11:28:50 PM
 Blitz 2/1 

Pairing 27/28 :    Stockfish 1%  -  V7P3R_v14.2

PGN-File: C:\Program Files (x86)\Arena\Tournaments\Engine Regression Battle 20251026_3.pgn

No:  B/W 1/2     W:B       1:2           Time        Value Moves Dep 1:2       1-2-Draws
   1 = =    0.5:0.5        0.5:0.5       11:31:57 PM     0.00    62 11.000 :3.425  0-0-1

--------------------------------------------------------------

Engine-Match Sunday, October 26, 2025 11:31:58 PM
 Blitz 2/1 

Pairing 28/28 :    C0BR4_v2.9  -  Random_Opponent

PGN-File: C:\Program Files (x86)\Arena\Tournaments\Engine Regression Battle 20251026_3.pgn

No:  B/W 1/2     W:B       1:2           Time        Value Moves Dep 1:2       1-2-Draws
   1 W 1    1.0:0.0        1.0:0.0       11:32:20 PM  +299.97    22 4.000 :0 1-0-0

--------------------------------------------------------------

Engine-Match Sunday, October 26, 2025 11:32:21 PM
 Blitz 2/1 

Pairing 1/28 :    V7P3R_v12.6  -  V7P3R_v14.3

PGN-File: C:\Program Files (x86)\Arena\Tournaments\Engine Regression Battle 20251026_3.pgn

No:  B/W 1/2     W:B       1:2           Time        Value Moves Dep 1:2       1-2-Draws
   2 B 1    1.0:0.0        2.0:0.0       11:34:18 PM  -289.97    18 3.412 :2.938  2-0-0

--------------------------------------------------------------

Engine-Match Sunday, October 26, 2025 11:34:19 PM
 Blitz 2/1 

Pairing 2/28 :    V7P3R_v14.2  -  V7P3R_v14.0

PGN-File: C:\Program Files (x86)\Arena\Tournaments\Engine Regression Battle 20251026_3.pgn

No:  B/W 1/2     W:B       1:2           Time        Value Moves Dep 1:2       1-2-Draws
   2 = =    1.0:1.0        1.0:1.0       11:40:48 PM     0.00    84 3.528 :3.310  0-0-2

--------------------------------------------------------------

Engine-Match Sunday, October 26, 2025 11:40:49 PM
 Blitz 2/1 

Pairing 3/28 :    SlowMate_v3.1  -  C0BR4_v2.9

PGN-File: C:\Program Files (x86)\Arena\Tournaments\Engine Regression Battle 20251026_3.pgn

No:  B/W 1/2     W:B       1:2           Time        Value Moves Dep 1:2       1-2-Draws
   2 B 1    1.5:0.5        1.5:0.5       11:42:01 PM  -180.51    15 3.400 :3.923  1-0-1

--------------------------------------------------------------

Engine-Match Sunday, October 26, 2025 11:42:02 PM
 Blitz 2/1 

Pairing 4/28 :    Random_Opponent  -  Stockfish 1%

PGN-File: C:\Program Files (x86)\Arena\Tournaments\Engine Regression Battle 20251026_3.pgn

No:  B/W 1/2     W:B       1:2           Time        Value Moves Dep 1:2       1-2-Draws
   2 W 2    1.0:0.0        0.0:2.0       11:42:13 PM      +M1    19 0:11.333  0-2-0

--------------------------------------------------------------

Engine-Match Sunday, October 26, 2025 11:42:14 PM
 Blitz 2/1 

Pairing 5/28 :    V7P3R_v14.2  -  V7P3R_v12.6

PGN-File: C:\Program Files (x86)\Arena\Tournaments\Engine Regression Battle 20251026_3.pgn

No:  B/W 1/2     W:B       1:2           Time        Value Moves Dep 1:2       1-2-Draws
   2 B 1    1.0:0.0        1.0:1.0       11:46:30 PM     0.00    42 3.846 :3.667  1-1-0

--------------------------------------------------------------

Engine-Match Sunday, October 26, 2025 11:46:31 PM
 Blitz 2/1 

Pairing 6/28 :    C0BR4_v2.9  -  V7P3R_v14.3

PGN-File: C:\Program Files (x86)\Arena\Tournaments\Engine Regression Battle 20251026_3.pgn

No:  B/W 1/2     W:B       1:2           Time        Value Moves Dep 1:2       1-2-Draws
   2 B 1    1.0:0.0        2.0:0.0       11:47:26 PM   -30.06    19 4.000 :3.056  2-0-0

--------------------------------------------------------------

Engine-Match Sunday, October 26, 2025 11:47:27 PM
 Blitz 2/1 

Pairing 7/28 :    V7P3R_v14.0  -  Random_Opponent

PGN-File: C:\Program Files (x86)\Arena\Tournaments\Engine Regression Battle 20251026_3.pgn

No:  B/W 1/2     W:B       1:2           Time        Value Moves Dep 1:2       1-2-Draws
   2 B 1    1.0:0.0        2.0:0.0       11:49:04 PM  -289.98    21 4.222 :0 2-0-0

--------------------------------------------------------------

Engine-Match Sunday, October 26, 2025 11:49:06 PM
 Blitz 2/1 

Pairing 8/28 :    Stockfish 1%  -  SlowMate_v3.1

PGN-File: C:\Program Files (x86)\Arena\Tournaments\Engine Regression Battle 20251026_3.pgn

No:  B/W 1/2     W:B       1:2           Time        Value Moves Dep 1:2       1-2-Draws
   2 B 1    1.0:0.0        2.0:0.0       11:51:10 PM      -M1    37 9.429 :2.757  2-0-0

--------------------------------------------------------------

Engine-Match Sunday, October 26, 2025 11:51:12 PM
 Blitz 2/1 

Pairing 9/28 :    V7P3R_v12.6  -  C0BR4_v2.9

PGN-File: C:\Program Files (x86)\Arena\Tournaments\Engine Regression Battle 20251026_3.pgn

No:  B/W 1/2     W:B       1:2           Time        Value Moves Dep 1:2       1-2-Draws
   2 W 2    1.0:0.0        1.0:1.0       11:53:43 PM  +299.97    44 3.727 :4.000  1-1-0

--------------------------------------------------------------

Engine-Match Sunday, October 26, 2025 11:53:45 PM
 Blitz 2/1 

Pairing 10/28 :    Random_Opponent  -  V7P3R_v14.2

PGN-File: C:\Program Files (x86)\Arena\Tournaments\Engine Regression Battle 20251026_3.pgn

No:  B/W 1/2     W:B       1:2           Time        Value Moves Dep 1:2       1-2-Draws
   2 W 2    1.0:0.0        0.0:2.0       11:55:50 PM  +289.97    36 0:4.345  0-2-0

--------------------------------------------------------------

Engine-Match Sunday, October 26, 2025 11:55:52 PM
 Blitz 2/1 

Pairing 11/28 :    V7P3R_v14.3  -  Stockfish 1%

PGN-File: C:\Program Files (x86)\Arena\Tournaments\Engine Regression Battle 20251026_3.pgn

No:  B/W 1/2     W:B       1:2           Time        Value Moves Dep 1:2       1-2-Draws
   2 W 2    1.5:0.5        0.5:1.5       11:56:33 PM   +30.38    14 3.000 :9.667  0-1-1

--------------------------------------------------------------

Engine-Match Sunday, October 26, 2025 11:56:34 PM
 Blitz 2/1 

Pairing 12/28 :    SlowMate_v3.1  -  V7P3R_v14.0

PGN-File: C:\Program Files (x86)\Arena\Tournaments\Engine Regression Battle 20251026_3.pgn

No:  B/W 1/2     W:B       1:2           Time        Value Moves Dep 1:2       1-2-Draws
   2 W 2    1.5:0.5        0.5:1.5       12:01:21 AM   +19.26    50 3.174 :3.950  0-1-1

--------------------------------------------------------------

Engine-Match Monday, October 27, 2025 12:01:32 AM
 Blitz 2/1 

Pairing 13/28 :    Random_Opponent  -  V7P3R_v12.6

PGN-File: C:\Program Files (x86)\Arena\Tournaments\Engine Regression Battle 20251026_3.pgn

No:  B/W 1/2     W:B       1:2           Time        Value Moves Dep 1:2       1-2-Draws
   2 W 2    1.0:0.0        0.0:2.0       12:02:52 AM  +289.97    15 0:3.846  0-2-0

--------------------------------------------------------------

Engine-Match Monday, October 27, 2025 12:02:53 AM
 Blitz 2/1 

Pairing 14/28 :    Stockfish 1%  -  C0BR4_v2.9

PGN-File: C:\Program Files (x86)\Arena\Tournaments\Engine Regression Battle 20251026_3.pgn

No:  B/W 1/2     W:B       1:2           Time        Value Moves Dep 1:2       1-2-Draws
   2 B 1    1.0:0.0        2.0:0.0       12:03:38 AM   -16.13    58 11.600 :4.000  2-0-0

--------------------------------------------------------------

Engine-Match Monday, October 27, 2025 12:03:40 AM
 Blitz 2/1 

Pairing 15/28 :    V7P3R_v14.2  -  SlowMate_v3.1

PGN-File: C:\Program Files (x86)\Arena\Tournaments\Engine Regression Battle 20251026_3.pgn

No:  B/W 1/2     W:B       1:2           Time        Value Moves Dep 1:2       1-2-Draws
   2 = =    0.5:0.5        1.5:0.5       12:08:09 AM    +3.33    46 3.771 :3.109  1-0-1

--------------------------------------------------------------

Engine-Match Monday, October 27, 2025 12:08:10 AM
 Blitz 2/1 

Pairing 16/28 :    V7P3R_v14.0  -  V7P3R_v14.3

PGN-File: C:\Program Files (x86)\Arena\Tournaments\Engine Regression Battle 20251026_3.pgn

No:  B/W 1/2     W:B       1:2           Time        Value Moves Dep 1:2       1-2-Draws
   2 B 1    1.0:0.0        2.0:0.0       12:10:16 AM   -30.91    21 3.706 :2.952  2-0-0

--------------------------------------------------------------

Engine-Match Monday, October 27, 2025 12:10:18 AM
 Blitz 2/1 

Pairing 17/28 :    V7P3R_v12.6  -  Stockfish 1%

PGN-File: C:\Program Files (x86)\Arena\Tournaments\Engine Regression Battle 20251026_3.pgn

No:  B/W 1/2     W:B       1:2           Time        Value Moves Dep 1:2       1-2-Draws
   2 B 1    1.0:0.0        1.0:1.0       12:12:40 AM   -10.21    41 3.500 :10.667  1-1-0

--------------------------------------------------------------

Engine-Match Monday, October 27, 2025 12:12:41 AM
 Blitz 2/1 

Pairing 18/28 :    SlowMate_v3.1  -  Random_Opponent

PGN-File: C:\Program Files (x86)\Arena\Tournaments\Engine Regression Battle 20251026_3.pgn

No:  B/W 1/2     W:B       1:2           Time        Value Moves Dep 1:2       1-2-Draws
   2 = =    0.5:0.5        1.5:0.5       12:14:19 AM  -200.00    29 3.448 :0 1-0-1

--------------------------------------------------------------

Engine-Match Monday, October 27, 2025 12:14:20 AM
 Blitz 2/1 

Pairing 19/28 :    C0BR4_v2.9  -  V7P3R_v14.0

PGN-File: C:\Program Files (x86)\Arena\Tournaments\Engine Regression Battle 20251026_3.pgn

No:  B/W 1/2     W:B       1:2           Time        Value Moves Dep 1:2       1-2-Draws
   2 B 1    1.5:0.5        1.5:0.5       12:16:50 AM   -18.09    37 4.000 :4.467  1-0-1

--------------------------------------------------------------

Engine-Match Monday, October 27, 2025 12:16:51 AM
 Blitz 2/1 

Pairing 20/28 :    V7P3R_v14.3  -  V7P3R_v14.2

PGN-File: C:\Program Files (x86)\Arena\Tournaments\Engine Regression Battle 20251026_3.pgn

No:  B/W 1/2     W:B       1:2           Time        Value Moves Dep 1:2       1-2-Draws
   2 B 1    1.0:0.0        1.0:1.0       12:20:37 AM   -16.46    48 3.316 :4.143  1-1-0

--------------------------------------------------------------

Engine-Match Monday, October 27, 2025 12:20:39 AM
 Blitz 2/1 

Pairing 21/28 :    SlowMate_v3.1  -  V7P3R_v12.6

PGN-File: C:\Program Files (x86)\Arena\Tournaments\Engine Regression Battle 20251026_3.pgn

No:  B/W 1/2     W:B       1:2           Time        Value Moves Dep 1:2       1-2-Draws
   2 = =    1.0:1.0        1.0:1.0       12:25:32 AM     0.00    53 3.158 :3.375  0-0-2

--------------------------------------------------------------

Engine-Match Monday, October 27, 2025 12:25:34 AM
 Blitz 2/1 

Pairing 22/28 :    V7P3R_v14.0  -  Stockfish 1%

PGN-File: C:\Program Files (x86)\Arena\Tournaments\Engine Regression Battle 20251026_3.pgn

No:  B/W 1/2     W:B       1:2           Time        Value Moves Dep 1:2       1-2-Draws
   2 W 2    1.5:0.5        0.5:1.5       12:27:22 AM   +10.32    25 4.308 :12.250  0-1-1

--------------------------------------------------------------

Engine-Match Monday, October 27, 2025 12:27:23 AM
 Blitz 2/1 

Pairing 23/28 :    Random_Opponent  -  V7P3R_v14.3

PGN-File: C:\Program Files (x86)\Arena\Tournaments\Engine Regression Battle 20251026_3.pgn

No:  B/W 1/2     W:B       1:2           Time        Value Moves Dep 1:2       1-2-Draws
   2 W 2    1.0:0.0        0.0:2.0       12:28:22 AM  +289.96    21 0:3.000  0-2-0

--------------------------------------------------------------

Engine-Match Monday, October 27, 2025 12:28:23 AM
 Blitz 2/1 

Pairing 24/28 :    V7P3R_v14.2  -  C0BR4_v2.9

PGN-File: C:\Program Files (x86)\Arena\Tournaments\Engine Regression Battle 20251026_3.pgn

No:  B/W 1/2     W:B       1:2           Time        Value Moves Dep 1:2       1-2-Draws
   2 B 1    1.0:0.0        1.0:1.0       12:31:13 AM  -289.99    47 3.769 :4.000  1-1-0

--------------------------------------------------------------

Engine-Match Monday, October 27, 2025 12:31:15 AM
 Blitz 2/1 

Pairing 25/28 :    V7P3R_v12.6  -  V7P3R_v14.0

PGN-File: C:\Program Files (x86)\Arena\Tournaments\Engine Regression Battle 20251026_3.pgn

No:  B/W 1/2     W:B       1:2           Time        Value Moves Dep 1:2       1-2-Draws
   2 W 2    1.0:0.0        0.0:2.0       12:35:29 AM     0.00    45 3.364 :4.000  0-2-0

--------------------------------------------------------------

Engine-Match Monday, October 27, 2025 12:35:30 AM
 Blitz 2/1 

Pairing 26/28 :    V7P3R_v14.3  -  SlowMate_v3.1

PGN-File: C:\Program Files (x86)\Arena\Tournaments\Engine Regression Battle 20251026_3.pgn

No:  B/W 1/2     W:B       1:2           Time        Value Moves Dep 1:2       1-2-Draws
   2 W 2    1.0:0.0        0.0:2.0       12:37:16 AM   +32.75    18 2.882 :3.056  0-2-0

--------------------------------------------------------------

Engine-Match Monday, October 27, 2025 12:37:17 AM
 Blitz 2/1 

Pairing 27/28 :    Stockfish 1%  -  V7P3R_v14.2

PGN-File: C:\Program Files (x86)\Arena\Tournaments\Engine Regression Battle 20251026_3.pgn

No:  B/W 1/2     W:B       1:2           Time        Value Moves Dep 1:2       1-2-Draws
   2 B 1    1.5:0.5        1.5:0.5       12:38:16 AM      -M1    17 10.167 :4.000  1-0-1

--------------------------------------------------------------

Engine-Match Monday, October 27, 2025 12:38:18 AM
 Blitz 2/1 

Pairing 28/28 :    C0BR4_v2.9  -  Random_Opponent

PGN-File: C:\Program Files (x86)\Arena\Tournaments\Engine Regression Battle 20251026_3.pgn

No:  B/W 1/2     W:B       1:2           Time        Value Moves Dep 1:2       1-2-Draws
   2 B 1    1.0:0.0        2.0:0.0       12:38:36 AM  -299.97    12 3.800 :0 2-0-0

--------------------------------------------------------------

Engine-Match Monday, October 27, 2025 12:38:37 AM
 Blitz 2/1 

Pairing 1/28 :    V7P3R_v12.6  -  V7P3R_v14.3

PGN-File: C:\Program Files (x86)\Arena\Tournaments\Engine Regression Battle 20251026_3.pgn

No:  B/W 1/2     W:B       1:2           Time        Value Moves Dep 1:2       1-2-Draws
   3 W 1    1.0:0.0        3.0:0.0       12:41:17 AM   +25.28    23 3.500 :3.000  3-0-0

--------------------------------------------------------------

Engine-Match Monday, October 27, 2025 12:41:18 AM
 Blitz 2/1 

Pairing 2/28 :    V7P3R_v14.2  -  V7P3R_v14.0

PGN-File: C:\Program Files (x86)\Arena\Tournaments\Engine Regression Battle 20251026_3.pgn

No:  B/W 1/2     W:B       1:2           Time        Value Moves Dep 1:2       1-2-Draws
   3 = =    1.5:1.5        1.5:1.5       12:44:46 AM    -3.65    23 4.067 :3.722  0-0-3

--------------------------------------------------------------

Engine-Match Monday, October 27, 2025 12:44:48 AM
 Blitz 2/1 

Pairing 3/28 :    SlowMate_v3.1  -  C0BR4_v2.9

PGN-File: C:\Program Files (x86)\Arena\Tournaments\Engine Regression Battle 20251026_3.pgn

No:  B/W 1/2     W:B       1:2           Time        Value Moves Dep 1:2       1-2-Draws
   3 B 2    1.5:0.5        1.5:1.5       12:47:30 AM  -299.97    43 3.209 :4.000  1-1-1

--------------------------------------------------------------

Engine-Match Monday, October 27, 2025 12:47:32 AM
 Blitz 2/1 

Pairing 4/28 :    Random_Opponent  -  Stockfish 1%

PGN-File: C:\Program Files (x86)\Arena\Tournaments\Engine Regression Battle 20251026_3.pgn

No:  B/W 1/2     W:B       1:2           Time        Value Moves Dep 1:2       1-2-Draws
   3 B 2    1.0:0.0        0.0:3.0       12:47:40 AM      -M1    12 0:11.667  0-3-0

--------------------------------------------------------------

Engine-Match Monday, October 27, 2025 12:47:47 AM
 Blitz 2/1 

Pairing 5/28 :    V7P3R_v14.2  -  V7P3R_v12.6

PGN-File: C:\Program Files (x86)\Arena\Tournaments\Engine Regression Battle 20251026_3.pgn

No:  B/W 1/2     W:B       1:2           Time        Value Moves Dep 1:2       1-2-Draws
   3 = =    0.5:0.5        1.5:1.5       12:52:34 AM    +3.83    36 3.643 :3.061  1-1-1

--------------------------------------------------------------

Engine-Match Monday, October 27, 2025 12:52:35 AM
 Blitz 2/1 

Pairing 6/28 :    C0BR4_v2.9  -  V7P3R_v14.3

PGN-File: C:\Program Files (x86)\Arena\Tournaments\Engine Regression Battle 20251026_3.pgn

No:  B/W 1/2     W:B       1:2           Time        Value Moves Dep 1:2       1-2-Draws
   3 W 1    1.0:0.0        3.0:0.0       12:54:00 AM   +17.41    27 4.000 :3.240  3-0-0

--------------------------------------------------------------

Engine-Match Monday, October 27, 2025 12:54:02 AM
 Blitz 2/1 

Pairing 7/28 :    V7P3R_v14.0  -  Random_Opponent

PGN-File: C:\Program Files (x86)\Arena\Tournaments\Engine Regression Battle 20251026_3.pgn

No:  B/W 1/2     W:B       1:2           Time        Value Moves Dep 1:2       1-2-Draws
   3 W 1    1.0:0.0        3.0:0.0       12:55:14 AM     0.00    13 4.300 :0 3-0-0

--------------------------------------------------------------

Engine-Match Monday, October 27, 2025 12:55:16 AM
 Blitz 2/1 

Pairing 8/28 :    Stockfish 1%  -  SlowMate_v3.1

PGN-File: C:\Program Files (x86)\Arena\Tournaments\Engine Regression Battle 20251026_3.pgn

No:  B/W 1/2     W:B       1:2           Time        Value Moves Dep 1:2       1-2-Draws
   3 W 1    1.0:0.0        3.0:0.0       12:57:44 AM      +M1    48 10.400 :3.130  3-0-0

--------------------------------------------------------------

Engine-Match Monday, October 27, 2025 12:57:45 AM
 Blitz 2/1 

Pairing 9/28 :    V7P3R_v12.6  -  C0BR4_v2.9

PGN-File: C:\Program Files (x86)\Arena\Tournaments\Engine Regression Battle 20251026_3.pgn

No:  B/W 1/2     W:B       1:2           Time        Value Moves Dep 1:2       1-2-Draws
   3 = =    0.5:0.5        1.5:1.5       12:59:27 AM     0.00    28 3.737 :4.000  1-1-1

--------------------------------------------------------------

Engine-Match Monday, October 27, 2025 12:59:28 AM
 Blitz 2/1 

Pairing 10/28 :    Random_Opponent  -  V7P3R_v14.2

PGN-File: C:\Program Files (x86)\Arena\Tournaments\Engine Regression Battle 20251026_3.pgn

No:  B/W 1/2     W:B       1:2           Time        Value Moves Dep 1:2       1-2-Draws
   3 B 2    1.0:0.0        0.0:3.0       12:59:46 AM     0.00     5 0:4.500  0-3-0

--------------------------------------------------------------

Engine-Match Monday, October 27, 2025 12:59:47 AM
 Blitz 2/1 

Pairing 11/28 :    V7P3R_v14.3  -  Stockfish 1%

PGN-File: C:\Program Files (x86)\Arena\Tournaments\Engine Regression Battle 20251026_3.pgn

No:  B/W 1/2     W:B       1:2           Time        Value Moves Dep 1:2       1-2-Draws
   3 B 2    1.5:0.5        0.5:2.5       1:00:23 AM   -11.42    12 3.083 :10.500  0-2-1

--------------------------------------------------------------

Engine-Match Monday, October 27, 2025 1:00:24 AM
 Blitz 2/1 

Pairing 12/28 :    SlowMate_v3.1  -  V7P3R_v14.0

PGN-File: C:\Program Files (x86)\Arena\Tournaments\Engine Regression Battle 20251026_3.pgn

No:  B/W 1/2     W:B       1:2           Time        Value Moves Dep 1:2       1-2-Draws
   3 = =    1.0:1.0        1.0:2.0       1:05:40 AM     0.00    67 3.208 :3.800  0-1-2

--------------------------------------------------------------

Engine-Match Monday, October 27, 2025 1:05:42 AM
 Blitz 2/1 

Pairing 13/28 :    Random_Opponent  -  V7P3R_v12.6

PGN-File: C:\Program Files (x86)\Arena\Tournaments\Engine Regression Battle 20251026_3.pgn

No:  B/W 1/2     W:B       1:2           Time        Value Moves Dep 1:2       1-2-Draws
   3 B 2    1.0:0.0        0.0:3.0       1:07:08 AM  -289.97    18 0:3.750  0-3-0

--------------------------------------------------------------

Engine-Match Monday, October 27, 2025 1:07:09 AM
 Blitz 2/1 

Pairing 14/28 :    Stockfish 1%  -  C0BR4_v2.9

PGN-File: C:\Program Files (x86)\Arena\Tournaments\Engine Regression Battle 20251026_3.pgn

No:  B/W 1/2     W:B       1:2           Time        Value Moves Dep 1:2       1-2-Draws
   3 B 2    1.0:0.0        2.0:1.0       1:07:34 AM  -299.97    37 8.750 :4.000  2-1-0

--------------------------------------------------------------

Engine-Match Monday, October 27, 2025 1:07:35 AM
 Blitz 2/1 

Pairing 15/28 :    V7P3R_v14.2  -  SlowMate_v3.1

PGN-File: C:\Program Files (x86)\Arena\Tournaments\Engine Regression Battle 20251026_3.pgn

No:  B/W 1/2     W:B       1:2           Time        Value Moves Dep 1:2       1-2-Draws
   3 W 1    1.5:0.5        2.5:0.5       1:10:50 AM     0.00    26 3.833 :3.280  2-0-1

--------------------------------------------------------------

Engine-Match Monday, October 27, 2025 1:10:51 AM
 Blitz 2/1 

Pairing 16/28 :    V7P3R_v14.0  -  V7P3R_v14.3

PGN-File: C:\Program Files (x86)\Arena\Tournaments\Engine Regression Battle 20251026_3.pgn

No:  B/W 1/2     W:B       1:2           Time        Value Moves Dep 1:2       1-2-Draws
   3 W 1    1.0:0.0        3.0:0.0       1:14:45 AM   +14.08    44 4.188 :3.048  3-0-0

--------------------------------------------------------------

Engine-Match Monday, October 27, 2025 1:14:46 AM
 Blitz 2/1 

Pairing 17/28 :    V7P3R_v12.6  -  Stockfish 1%

PGN-File: C:\Program Files (x86)\Arena\Tournaments\Engine Regression Battle 20251026_3.pgn

No:  B/W 1/2     W:B       1:2           Time        Value Moves Dep 1:2       1-2-Draws
   3 B 2    1.0:0.0        1.0:2.0       1:16:41 AM      -M1    24 3.947 :10.667  1-2-0

--------------------------------------------------------------

Engine-Match Monday, October 27, 2025 1:16:42 AM
 Blitz 2/1 

Pairing 18/28 :    SlowMate_v3.1  -  Random_Opponent

PGN-File: C:\Program Files (x86)\Arena\Tournaments\Engine Regression Battle 20251026_3.pgn

No:  B/W 1/2     W:B       1:2           Time        Value Moves Dep 1:2       1-2-Draws
   3 W 1    1.5:0.5        2.5:0.5       1:17:31 AM  +187.19    13 3.615 :0 2-0-1

--------------------------------------------------------------

Engine-Match Monday, October 27, 2025 1:17:33 AM
 Blitz 2/1 

Pairing 19/28 :    C0BR4_v2.9  -  V7P3R_v14.0

PGN-File: C:\Program Files (x86)\Arena\Tournaments\Engine Regression Battle 20251026_3.pgn

No:  B/W 1/2     W:B       1:2           Time        Value Moves Dep 1:2       1-2-Draws
   3 B 2    1.5:0.5        1.5:1.5       1:21:01 AM    -9.22    73 4.000 :3.731  1-1-1

--------------------------------------------------------------

Engine-Match Monday, October 27, 2025 1:21:02 AM
 Blitz 2/1 

Pairing 20/28 :    V7P3R_v14.3  -  V7P3R_v14.2

PGN-File: C:\Program Files (x86)\Arena\Tournaments\Engine Regression Battle 20251026_3.pgn

No:  B/W 1/2     W:B       1:2           Time        Value Moves Dep 1:2       1-2-Draws
   3 B 2    1.0:0.0        1.0:2.0       1:23:09 AM   -31.94    19 3.000 :3.941  1-2-0

--------------------------------------------------------------

Engine-Match Monday, October 27, 2025 1:23:10 AM
 Blitz 2/1 

Pairing 21/28 :    SlowMate_v3.1  -  V7P3R_v12.6

PGN-File: C:\Program Files (x86)\Arena\Tournaments\Engine Regression Battle 20251026_3.pgn

No:  B/W 1/2     W:B       1:2           Time        Value Moves Dep 1:2       1-2-Draws
   3 B 2    2.0:1.0        1.0:2.0       1:26:51 AM     0.00    31 3.036 :3.261  0-1-2

--------------------------------------------------------------

Engine-Match Monday, October 27, 2025 1:26:52 AM
 Blitz 2/1 

Pairing 22/28 :    V7P3R_v14.0  -  Stockfish 1%

PGN-File: C:\Program Files (x86)\Arena\Tournaments\Engine Regression Battle 20251026_3.pgn

No:  B/W 1/2     W:B       1:2           Time        Value Moves Dep 1:2       1-2-Draws
   3 B 2    1.5:0.5        0.5:2.5       1:29:11 AM      -M1    33 3.516 :11.000  0-2-1

--------------------------------------------------------------

Engine-Match Monday, October 27, 2025 1:29:12 AM
 Blitz 2/1 

Pairing 23/28 :    Random_Opponent  -  V7P3R_v14.3

PGN-File: C:\Program Files (x86)\Arena\Tournaments\Engine Regression Battle 20251026_3.pgn

No:  B/W 1/2     W:B       1:2           Time        Value Moves Dep 1:2       1-2-Draws
   3 B 2    1.0:0.0        0.0:3.0       1:30:08 AM  -289.96    20 0:3.000  0-3-0

--------------------------------------------------------------

Engine-Match Monday, October 27, 2025 1:30:09 AM
 Blitz 2/1 

Pairing 24/28 :    V7P3R_v14.2  -  C0BR4_v2.9

PGN-File: C:\Program Files (x86)\Arena\Tournaments\Engine Regression Battle 20251026_3.pgn

No:  B/W 1/2     W:B       1:2           Time        Value Moves Dep 1:2       1-2-Draws
   3 B 2    1.0:0.0        1.0:2.0       1:33:07 AM   -27.82    49 3.682 :4.000  1-2-0

--------------------------------------------------------------

Engine-Match Monday, October 27, 2025 1:33:18 AM
 Blitz 2/1 

Pairing 25/28 :    V7P3R_v12.6  -  V7P3R_v14.0

PGN-File: C:\Program Files (x86)\Arena\Tournaments\Engine Regression Battle 20251026_3.pgn

No:  B/W 1/2     W:B       1:2           Time        Value Moves Dep 1:2       1-2-Draws
   3 B 2    1.0:0.0        0.0:3.0       1:35:57 AM    -9.86    20 3.353 :3.846  0-3-0

--------------------------------------------------------------

Engine-Match Monday, October 27, 2025 1:35:59 AM
 Blitz 2/1 

Pairing 26/28 :    V7P3R_v14.3  -  SlowMate_v3.1

PGN-File: C:\Program Files (x86)\Arena\Tournaments\Engine Regression Battle 20251026_3.pgn

No:  B/W 1/2     W:B       1:2           Time        Value Moves Dep 1:2       1-2-Draws
   3 B 2    1.0:0.0        0.0:3.0       1:37:49 AM   -42.93    19 3.158 :3.056  0-3-0

--------------------------------------------------------------

Engine-Match Monday, October 27, 2025 1:37:51 AM
 Blitz 2/1 

Pairing 27/28 :    Stockfish 1%  -  V7P3R_v14.2

PGN-File: C:\Program Files (x86)\Arena\Tournaments\Engine Regression Battle 20251026_3.pgn

No:  B/W 1/2     W:B       1:2           Time        Value Moves Dep 1:2       1-2-Draws
   3 W 1    1.5:0.5        2.5:0.5       1:40:43 AM      +M1    49 10.286 :3.758  2-0-1

--------------------------------------------------------------

Engine-Match Monday, October 27, 2025 1:40:44 AM
 Blitz 2/1 

Pairing 28/28 :    C0BR4_v2.9  -  Random_Opponent

PGN-File: C:\Program Files (x86)\Arena\Tournaments\Engine Regression Battle 20251026_3.pgn

No:  B/W 1/2     W:B       1:2           Time        Value Moves Dep 1:2       1-2-Draws
   3 W 1    1.0:0.0        3.0:0.0       1:41:03 AM  +299.97    20 3.889 :0 3-0-0

--------------------------------------------------------------

Engine-Match Monday, October 27, 2025 1:41:04 AM
 Blitz 2/1 

Pairing 1/28 :    V7P3R_v12.6  -  V7P3R_v14.3

PGN-File: C:\Program Files (x86)\Arena\Tournaments\Engine Regression Battle 20251026_3.pgn

No:  B/W 1/2     W:B       1:2           Time        Value Moves Dep 1:2       1-2-Draws
   4 B 1    1.0:0.0        4.0:0.0       1:42:43 AM   -15.32    15 3.727 :3.200  4-0-0

--------------------------------------------------------------

Engine-Match Monday, October 27, 2025 1:42:44 AM
 Blitz 2/1 

Pairing 2/28 :    V7P3R_v14.2  -  V7P3R_v14.0

PGN-File: C:\Program Files (x86)\Arena\Tournaments\Engine Regression Battle 20251026_3.pgn

No:  B/W 1/2     W:B       1:2           Time        Value Moves Dep 1:2       1-2-Draws
   4 W 2    2.5:1.5        1.5:2.5       1:47:04 AM   +13.85    42 3.964 :3.767  0-1-3

--------------------------------------------------------------

Engine-Match Monday, October 27, 2025 1:47:05 AM
 Blitz 2/1 

Pairing 3/28 :    SlowMate_v3.1  -  C0BR4_v2.9

PGN-File: C:\Program Files (x86)\Arena\Tournaments\Engine Regression Battle 20251026_3.pgn

No:  B/W 1/2     W:B       1:2           Time        Value Moves Dep 1:2       1-2-Draws
   4 = =    1.0:1.0        2.0:2.0       1:48:03 AM   +11.31    12 3.545 :4.000  1-1-2

--------------------------------------------------------------

Engine-Match Monday, October 27, 2025 1:48:04 AM
 Blitz 2/1 

Pairing 4/28 :    Random_Opponent  -  Stockfish 1%

PGN-File: C:\Program Files (x86)\Arena\Tournaments\Engine Regression Battle 20251026_3.pgn

No:  B/W 1/2     W:B       1:2           Time        Value Moves Dep 1:2       1-2-Draws
   4 W 2    1.0:0.0        0.0:4.0       1:48:09 AM      +M1     4 0:19.000  0-4-0

--------------------------------------------------------------

Engine-Match Monday, October 27, 2025 1:48:11 AM
 Blitz 2/1 

Pairing 5/28 :    V7P3R_v14.2  -  V7P3R_v12.6

PGN-File: C:\Program Files (x86)\Arena\Tournaments\Engine Regression Battle 20251026_3.pgn

No:  B/W 1/2     W:B       1:2           Time        Value Moves Dep 1:2       1-2-Draws
   4 B 1    1.5:0.5        2.5:1.5       1:52:34 AM   -39.48    39 3.759 :3.343  2-1-1

--------------------------------------------------------------

Engine-Match Monday, October 27, 2025 1:52:36 AM
 Blitz 2/1 

Pairing 6/28 :    C0BR4_v2.9  -  V7P3R_v14.3

PGN-File: C:\Program Files (x86)\Arena\Tournaments\Engine Regression Battle 20251026_3.pgn

No:  B/W 1/2     W:B       1:2           Time        Value Moves Dep 1:2       1-2-Draws
   4 B 1    1.0:0.0        4.0:0.0       1:53:48 AM   -25.15    24 4.000 :3.357  4-0-0

--------------------------------------------------------------

Engine-Match Monday, October 27, 2025 1:53:50 AM
 Blitz 2/1 

Pairing 7/28 :    V7P3R_v14.0  -  Random_Opponent

PGN-File: C:\Program Files (x86)\Arena\Tournaments\Engine Regression Battle 20251026_3.pgn

No:  B/W 1/2     W:B       1:2           Time        Value Moves Dep 1:2       1-2-Draws
   4 B 1    1.0:0.0        4.0:0.0       1:54:29 AM  -289.97     7 4.143 :0 4-0-0

--------------------------------------------------------------

Engine-Match Monday, October 27, 2025 1:54:31 AM
 Blitz 2/1 

Pairing 8/28 :    Stockfish 1%  -  SlowMate_v3.1

PGN-File: C:\Program Files (x86)\Arena\Tournaments\Engine Regression Battle 20251026_3.pgn

No:  B/W 1/2     W:B       1:2           Time        Value Moves Dep 1:2       1-2-Draws
   4 B 1    1.0:0.0        4.0:0.0       1:56:00 AM      -M1    23 11.000 :2.826  4-0-0

--------------------------------------------------------------

Engine-Match Monday, October 27, 2025 1:56:01 AM
 Blitz 2/1 

Pairing 9/28 :    V7P3R_v12.6  -  C0BR4_v2.9

PGN-File: C:\Program Files (x86)\Arena\Tournaments\Engine Regression Battle 20251026_3.pgn

No:  B/W 1/2     W:B       1:2           Time        Value Moves Dep 1:2       1-2-Draws
   4 = =    1.0:1.0        2.0:2.0       1:59:14 AM    -0.40    50 3.310 :4.000  1-1-2

--------------------------------------------------------------

Engine-Match Monday, October 27, 2025 1:59:15 AM
 Blitz 2/1 

Pairing 10/28 :    Random_Opponent  -  V7P3R_v14.2

PGN-File: C:\Program Files (x86)\Arena\Tournaments\Engine Regression Battle 20251026_3.pgn

No:  B/W 1/2     W:B       1:2           Time        Value Moves Dep 1:2       1-2-Draws
   4 W 2    1.0:0.0        0.0:4.0       2:01:05 AM  +289.97    25 0:4.087  0-4-0

--------------------------------------------------------------

Engine-Match Monday, October 27, 2025 2:01:06 AM
 Blitz 2/1 

Pairing 11/28 :    V7P3R_v14.3  -  Stockfish 1%

PGN-File: C:\Program Files (x86)\Arena\Tournaments\Engine Regression Battle 20251026_3.pgn

No:  B/W 1/2     W:B       1:2           Time        Value Moves Dep 1:2       1-2-Draws
   4 W 2    1.5:0.5        0.5:3.5       2:01:32 AM   +16.11     8 3.125 :12.400  0-3-1

--------------------------------------------------------------

Engine-Match Monday, October 27, 2025 2:01:34 AM
 Blitz 2/1 

Pairing 12/28 :    SlowMate_v3.1  -  V7P3R_v14.0

PGN-File: C:\Program Files (x86)\Arena\Tournaments\Engine Regression Battle 20251026_3.pgn

No:  B/W 1/2     W:B       1:2           Time        Value Moves Dep 1:2       1-2-Draws
   4 W 2    2.0:1.0        1.0:3.0       2:06:25 AM   +19.26    50 3.174 :3.950  0-2-2

--------------------------------------------------------------

Engine-Match Monday, October 27, 2025 2:06:27 AM
 Blitz 2/1 

Pairing 13/28 :    Random_Opponent  -  V7P3R_v12.6

PGN-File: C:\Program Files (x86)\Arena\Tournaments\Engine Regression Battle 20251026_3.pgn

No:  B/W 1/2     W:B       1:2           Time        Value Moves Dep 1:2       1-2-Draws
   4 W 2    1.0:0.0        0.0:4.0       2:07:59 AM  +289.97    22 0:4.118  0-4-0

--------------------------------------------------------------

Engine-Match Monday, October 27, 2025 2:08:01 AM
 Blitz 2/1 

Pairing 14/28 :    Stockfish 1%  -  C0BR4_v2.9

PGN-File: C:\Program Files (x86)\Arena\Tournaments\Engine Regression Battle 20251026_3.pgn

No:  B/W 1/2     W:B       1:2           Time        Value Moves Dep 1:2       1-2-Draws
   4 B 1    1.0:0.0        3.0:1.0       2:08:42 AM      -M1    54 10.600 :4.000  3-1-0

--------------------------------------------------------------

Engine-Match Monday, October 27, 2025 2:08:43 AM
 Blitz 2/1 

Pairing 15/28 :    V7P3R_v14.2  -  SlowMate_v3.1

PGN-File: C:\Program Files (x86)\Arena\Tournaments\Engine Regression Battle 20251026_3.pgn

No:  B/W 1/2     W:B       1:2           Time        Value Moves Dep 1:2       1-2-Draws
   4 B 1    1.5:0.5        3.5:0.5       2:15:09 AM   -14.29    84 3.818 :3.406  3-0-1

--------------------------------------------------------------

Engine-Match Monday, October 27, 2025 2:15:10 AM
 Blitz 2/1 

Pairing 16/28 :    V7P3R_v14.0  -  V7P3R_v14.3

PGN-File: C:\Program Files (x86)\Arena\Tournaments\Engine Regression Battle 20251026_3.pgn

No:  B/W 1/2     W:B       1:2           Time        Value Moves Dep 1:2       1-2-Draws
   4 B 1    1.0:0.0        4.0:0.0       2:16:25 AM   -11.92    13 3.700 :3.077  4-0-0

--------------------------------------------------------------

Engine-Match Monday, October 27, 2025 2:16:39 AM
 Blitz 2/1 

Pairing 17/28 :    V7P3R_v12.6  -  Stockfish 1%

PGN-File: C:\Program Files (x86)\Arena\Tournaments\Engine Regression Battle 20251026_3.pgn

No:  B/W 1/2     W:B       1:2           Time        Value Moves Dep 1:2       1-2-Draws
   4 = =    0.5:0.5        1.5:2.5       2:20:07 AM    -9.13    73 3.036 :12.400  1-2-1

--------------------------------------------------------------

Engine-Match Monday, October 27, 2025 2:20:08 AM
 Blitz 2/1 

Pairing 18/28 :    SlowMate_v3.1  -  Random_Opponent

PGN-File: C:\Program Files (x86)\Arena\Tournaments\Engine Regression Battle 20251026_3.pgn

No:  B/W 1/2     W:B       1:2           Time        Value Moves Dep 1:2       1-2-Draws
   4 = =    1.0:1.0        3.0:1.0       2:22:23 AM  -200.00    44 3.030 :0 2-0-2

--------------------------------------------------------------

Engine-Match Monday, October 27, 2025 2:22:25 AM
 Blitz 2/1 

Pairing 19/28 :    C0BR4_v2.9  -  V7P3R_v14.0

PGN-File: C:\Program Files (x86)\Arena\Tournaments\Engine Regression Battle 20251026_3.pgn

No:  B/W 1/2     W:B       1:2           Time        Value Moves Dep 1:2       1-2-Draws
   4 B 1    1.5:0.5        2.5:1.5       2:24:01 AM  -299.97    21 3.895 :3.882  2-1-1

--------------------------------------------------------------

Engine-Match Monday, October 27, 2025 2:24:02 AM
 Blitz 2/1 

Pairing 20/28 :    V7P3R_v14.3  -  V7P3R_v14.2

PGN-File: C:\Program Files (x86)\Arena\Tournaments\Engine Regression Battle 20251026_3.pgn

No:  B/W 1/2     W:B       1:2           Time        Value Moves Dep 1:2       1-2-Draws
   4 W 2    1.0:0.0        1.0:3.0       2:25:43 AM   +24.08    16 3.063 :4.182  1-3-0

--------------------------------------------------------------

Engine-Match Monday, October 27, 2025 2:25:45 AM
 Blitz 2/1 

Pairing 21/28 :    SlowMate_v3.1  -  V7P3R_v12.6

PGN-File: C:\Program Files (x86)\Arena\Tournaments\Engine Regression Battle 20251026_3.pgn

No:  B/W 1/2     W:B       1:2           Time        Value Moves Dep 1:2       1-2-Draws
   4 B 1    2.0:1.0        2.0:2.0       2:30:36 AM  -289.97    49 3.188 :3.357  1-1-2

--------------------------------------------------------------

Engine-Match Monday, October 27, 2025 2:30:37 AM
 Blitz 2/1 

Pairing 22/28 :    V7P3R_v14.0  -  Stockfish 1%

PGN-File: C:\Program Files (x86)\Arena\Tournaments\Engine Regression Battle 20251026_3.pgn

No:  B/W 1/2     W:B       1:2           Time        Value Moves Dep 1:2       1-2-Draws
   4 W 2    1.5:0.5        0.5:3.5       2:32:56 AM      +M1    40 3.469 :10.857  0-3-1

--------------------------------------------------------------

Engine-Match Monday, October 27, 2025 2:32:58 AM
 Blitz 2/1 

Pairing 23/28 :    Random_Opponent  -  V7P3R_v14.3

PGN-File: C:\Program Files (x86)\Arena\Tournaments\Engine Regression Battle 20251026_3.pgn

No:  B/W 1/2     W:B       1:2           Time        Value Moves Dep 1:2       1-2-Draws
   4 W 2    1.0:0.0        0.0:4.0       2:34:21 AM  +289.97    32 0:3.517  0-4-0

--------------------------------------------------------------

Engine-Match Monday, October 27, 2025 2:34:23 AM
 Blitz 2/1 

Pairing 24/28 :    V7P3R_v14.2  -  C0BR4_v2.9

PGN-File: C:\Program Files (x86)\Arena\Tournaments\Engine Regression Battle 20251026_3.pgn

No:  B/W 1/2     W:B       1:2           Time        Value Moves Dep 1:2       1-2-Draws
   4 W 2    1.0:0.0        1.0:3.0       2:36:59 AM   +15.41    40 3.938 :4.000  1-3-0

--------------------------------------------------------------

Engine-Match Monday, October 27, 2025 2:37:00 AM
 Blitz 2/1 

Pairing 25/28 :    V7P3R_v12.6  -  V7P3R_v14.0

PGN-File: C:\Program Files (x86)\Arena\Tournaments\Engine Regression Battle 20251026_3.pgn

No:  B/W 1/2     W:B       1:2           Time        Value Moves Dep 1:2       1-2-Draws
   4 W 2    1.0:0.0        0.0:4.0       2:41:17 AM  +289.96    52 3.364 :4.000  0-4-0

--------------------------------------------------------------

Engine-Match Monday, October 27, 2025 2:41:18 AM
 Blitz 2/1 

Pairing 26/28 :    V7P3R_v14.3  -  SlowMate_v3.1

PGN-File: C:\Program Files (x86)\Arena\Tournaments\Engine Regression Battle 20251026_3.pgn

No:  B/W 1/2     W:B       1:2           Time        Value Moves Dep 1:2       1-2-Draws
   4 W 2    1.0:0.0        0.0:4.0       2:44:30 AM   +45.47    36 3.148 :3.000  0-4-0

--------------------------------------------------------------

Engine-Match Monday, October 27, 2025 2:44:32 AM
 Blitz 2/1 

Pairing 27/28 :    Stockfish 1%  -  V7P3R_v14.2

PGN-File: C:\Program Files (x86)\Arena\Tournaments\Engine Regression Battle 20251026_3.pgn

No:  B/W 1/2     W:B       1:2           Time        Value Moves Dep 1:2       1-2-Draws
   4 B 1    1.5:0.5        3.5:0.5       2:47:17 AM   -12.94    46 10.667 :4.000  3-0-1

--------------------------------------------------------------

Engine-Match Monday, October 27, 2025 2:47:19 AM
 Blitz 2/1 

Pairing 28/28 :    C0BR4_v2.9  -  Random_Opponent

PGN-File: C:\Program Files (x86)\Arena\Tournaments\Engine Regression Battle 20251026_3.pgn

No:  B/W 1/2     W:B       1:2           Time        Value Moves Dep 1:2       1-2-Draws
   4 B 1    1.0:0.0        4.0:0.0       2:47:34 AM  -299.97    12 3.818 :0 4-0-0

--------------------------------------------------------------

Engine-Match Monday, October 27, 2025 2:47:35 AM
 Blitz 2/1 

Pairing 1/28 :    V7P3R_v12.6  -  V7P3R_v14.3

PGN-File: C:\Program Files (x86)\Arena\Tournaments\Engine Regression Battle 20251026_3.pgn

No:  B/W 1/2     W:B       1:2           Time        Value Moves Dep 1:2       1-2-Draws
   5 W 1    1.0:0.0        5.0:0.0       2:50:16 AM   +11.51    23 3.381 :3.045  5-0-0

--------------------------------------------------------------

Engine-Match Monday, October 27, 2025 2:50:18 AM
 Blitz 2/1 

Pairing 2/28 :    V7P3R_v14.2  -  V7P3R_v14.0

PGN-File: C:\Program Files (x86)\Arena\Tournaments\Engine Regression Battle 20251026_3.pgn

No:  B/W 1/2     W:B       1:2           Time        Value Moves Dep 1:2       1-2-Draws
   5 = =    2.0:2.0        2.0:3.0       2:54:03 AM    +8.43    36 4.105 :3.905  0-1-4

--------------------------------------------------------------

Engine-Match Monday, October 27, 2025 2:54:04 AM
 Blitz 2/1 

Pairing 3/28 :    SlowMate_v3.1  -  C0BR4_v2.9

PGN-File: C:\Program Files (x86)\Arena\Tournaments\Engine Regression Battle 20251026_3.pgn

No:  B/W 1/2     W:B       1:2           Time        Value Moves Dep 1:2       1-2-Draws
   5 B 2    2.0:1.0        2.0:3.0       2:56:48 AM  -299.97    43 3.186 :4.000  1-2-2

--------------------------------------------------------------

Engine-Match Monday, October 27, 2025 2:56:50 AM
 Blitz 2/1 

Pairing 4/28 :    Random_Opponent  -  Stockfish 1%

PGN-File: C:\Program Files (x86)\Arena\Tournaments\Engine Regression Battle 20251026_3.pgn

No:  B/W 1/2     W:B       1:2           Time        Value Moves Dep 1:2       1-2-Draws
   5 B 2    1.0:0.0        0.0:5.0       2:56:57 AM      -M1    11 0:10.833  0-5-0

--------------------------------------------------------------

Engine-Match Monday, October 27, 2025 2:56:59 AM
 Blitz 2/1 

Pairing 5/28 :    V7P3R_v14.2  -  V7P3R_v12.6

PGN-File: C:\Program Files (x86)\Arena\Tournaments\Engine Regression Battle 20251026_3.pgn

No:  B/W 1/2     W:B       1:2           Time        Value Moves Dep 1:2       1-2-Draws
   5 B 2    1.5:0.5        2.5:2.5       2:59:50 AM  -289.96    20 3.706 :3.235  2-2-1

--------------------------------------------------------------

Engine-Match Monday, October 27, 2025 2:59:51 AM
 Blitz 2/1 

Pairing 6/28 :    C0BR4_v2.9  -  V7P3R_v14.3

PGN-File: C:\Program Files (x86)\Arena\Tournaments\Engine Regression Battle 20251026_3.pgn

No:  B/W 1/2     W:B       1:2           Time        Value Moves Dep 1:2       1-2-Draws
   5 W 1    1.0:0.0        5.0:0.0       3:00:46 AM  +299.97    18 3.882 :3.059  5-0-0

--------------------------------------------------------------

Engine-Match Monday, October 27, 2025 3:00:48 AM
 Blitz 2/1 

Pairing 7/28 :    V7P3R_v14.0  -  Random_Opponent

PGN-File: C:\Program Files (x86)\Arena\Tournaments\Engine Regression Battle 20251026_3.pgn

No:  B/W 1/2     W:B       1:2           Time        Value Moves Dep 1:2       1-2-Draws
   5 W 1    1.0:0.0        5.0:0.0       3:01:59 AM     0.00    16 4.462 :0 5-0-0

--------------------------------------------------------------

Engine-Match Monday, October 27, 2025 3:02:01 AM
 Blitz 2/1 

Pairing 8/28 :    Stockfish 1%  -  SlowMate_v3.1

PGN-File: C:\Program Files (x86)\Arena\Tournaments\Engine Regression Battle 20251026_3.pgn

No:  B/W 1/2     W:B       1:2           Time        Value Moves Dep 1:2       1-2-Draws
   5 = =    0.5:0.5        4.5:0.5       3:04:27 AM     0.00    47 10.857 :3.065  4-0-1

--------------------------------------------------------------

Engine-Match Monday, October 27, 2025 3:06:04 AM
 Blitz 2/1 

Pairing 9/28 :    V7P3R_v12.6  -  C0BR4_v2.9

PGN-File: C:\Program Files (x86)\Arena\Tournaments\Engine Regression Battle 20251026_3.pgn

No:  B/W 1/2     W:B       1:2           Time        Value Moves Dep 1:2       1-2-Draws
   5 B 2    2.0:1.0        2.0:3.0       3:07:30 AM  -299.97    21 3.600 :3.895  1-2-2

--------------------------------------------------------------

Engine-Match Monday, October 27, 2025 3:07:31 AM
 Blitz 2/1 

Pairing 10/28 :    Random_Opponent  -  V7P3R_v14.2

PGN-File: C:\Program Files (x86)\Arena\Tournaments\Engine Regression Battle 20251026_3.pgn

No:  B/W 1/2     W:B       1:2           Time        Value Moves Dep 1:2       1-2-Draws
   5 B 2    1.0:0.0        0.0:5.0       3:08:42 AM     0.00    18 0:4.063  0-5-0

--------------------------------------------------------------

Engine-Match Monday, October 27, 2025 3:08:44 AM
 Blitz 2/1 

Pairing 11/28 :    V7P3R_v14.3  -  Stockfish 1%

PGN-File: C:\Program Files (x86)\Arena\Tournaments\Engine Regression Battle 20251026_3.pgn

No:  B/W 1/2     W:B       1:2           Time        Value Moves Dep 1:2       1-2-Draws
   5 B 2    1.5:0.5        0.5:4.5       3:09:19 AM   -15.92    12 3.250 :11.600  0-4-1

--------------------------------------------------------------

Engine-Match Monday, October 27, 2025 3:09:21 AM
 Blitz 2/1 

Pairing 12/28 :    SlowMate_v3.1  -  V7P3R_v14.0

PGN-File: C:\Program Files (x86)\Arena\Tournaments\Engine Regression Battle 20251026_3.pgn

No:  B/W 1/2     W:B       1:2           Time        Value Moves Dep 1:2       1-2-Draws
   5 = =    1.5:1.5        1.5:3.5       3:14:06 AM    +0.30    48 3.061 :3.773  0-2-3

--------------------------------------------------------------

Engine-Match Monday, October 27, 2025 3:14:07 AM
 Blitz 2/1 

Pairing 13/28 :    Random_Opponent  -  V7P3R_v12.6

PGN-File: C:\Program Files (x86)\Arena\Tournaments\Engine Regression Battle 20251026_3.pgn

No:  B/W 1/2     W:B       1:2           Time        Value Moves Dep 1:2       1-2-Draws
   5 B 2    1.0:0.0        0.0:5.0       3:15:37 AM  -289.97    15 0:3.786  0-5-0

--------------------------------------------------------------

Engine-Match Monday, October 27, 2025 3:15:39 AM
 Blitz 2/1 

Pairing 14/28 :    Stockfish 1%  -  C0BR4_v2.9

PGN-File: C:\Program Files (x86)\Arena\Tournaments\Engine Regression Battle 20251026_3.pgn

No:  B/W 1/2     W:B       1:2           Time        Value Moves Dep 1:2       1-2-Draws
   5 = =    0.5:0.5        3.5:1.5       3:17:22 AM    +5.12   153 10.833 :4.000  3-1-1

--------------------------------------------------------------

Engine-Match Monday, October 27, 2025 3:17:24 AM
 Blitz 2/1 

Pairing 15/28 :    V7P3R_v14.2  -  SlowMate_v3.1

PGN-File: C:\Program Files (x86)\Arena\Tournaments\Engine Regression Battle 20251026_3.pgn

No:  B/W 1/2     W:B       1:2           Time        Value Moves Dep 1:2       1-2-Draws
   5 = =    1.0:1.0        4.0:1.0       3:21:37 AM    -2.66    35 3.913 :3.148  3-0-2

--------------------------------------------------------------

Engine-Match Monday, October 27, 2025 3:21:38 AM
 Blitz 2/1 

Pairing 16/28 :    V7P3R_v14.0  -  V7P3R_v14.3

PGN-File: C:\Program Files (x86)\Arena\Tournaments\Engine Regression Battle 20251026_3.pgn

No:  B/W 1/2     W:B       1:2           Time        Value Moves Dep 1:2       1-2-Draws
   5 W 1    1.0:0.0        5.0:0.0       3:24:59 AM   +13.89    32 4.095 :3.067  5-0-0

--------------------------------------------------------------

Engine-Match Monday, October 27, 2025 3:25:00 AM
 Blitz 2/1 

Pairing 17/28 :    V7P3R_v12.6  -  Stockfish 1%

PGN-File: C:\Program Files (x86)\Arena\Tournaments\Engine Regression Battle 20251026_3.pgn

No:  B/W 1/2     W:B       1:2           Time        Value Moves Dep 1:2       1-2-Draws
   5 B 2    1.5:0.5        1.5:3.5       3:27:30 AM      -M1    37 3.394 :11.333  1-3-1

--------------------------------------------------------------

Engine-Match Monday, October 27, 2025 3:27:32 AM
 Blitz 2/1 

Pairing 18/28 :    SlowMate_v3.1  -  Random_Opponent

PGN-File: C:\Program Files (x86)\Arena\Tournaments\Engine Regression Battle 20251026_3.pgn

No:  B/W 1/2     W:B       1:2           Time        Value Moves Dep 1:2       1-2-Draws
   5 W 1    2.0:1.0        4.0:1.0       3:28:13 AM   +60.80    10 3.700 :0 3-0-2

--------------------------------------------------------------

Engine-Match Monday, October 27, 2025 3:28:14 AM
 Blitz 2/1 

Pairing 19/28 :    C0BR4_v2.9  -  V7P3R_v14.0

PGN-File: C:\Program Files (x86)\Arena\Tournaments\Engine Regression Battle 20251026_3.pgn

No:  B/W 1/2     W:B       1:2           Time        Value Moves Dep 1:2       1-2-Draws
   5 B 2    1.5:0.5        2.5:2.5       3:31:42 AM    -9.27    73 4.000 :3.731  2-2-1

--------------------------------------------------------------

Engine-Match Monday, October 27, 2025 3:31:43 AM
 Blitz 2/1 

Pairing 20/28 :    V7P3R_v14.3  -  V7P3R_v14.2

PGN-File: C:\Program Files (x86)\Arena\Tournaments\Engine Regression Battle 20251026_3.pgn

No:  B/W 1/2     W:B       1:2           Time        Value Moves Dep 1:2       1-2-Draws
   5 B 2    1.0:0.0        1.0:4.0       3:33:33 AM   -14.62    19 3.188 :4.308  1-4-0

--------------------------------------------------------------

Engine-Match Monday, October 27, 2025 3:33:35 AM
 Blitz 2/1 

Pairing 21/28 :    SlowMate_v3.1  -  V7P3R_v12.6

PGN-File: C:\Program Files (x86)\Arena\Tournaments\Engine Regression Battle 20251026_3.pgn

No:  B/W 1/2     W:B       1:2           Time        Value Moves Dep 1:2       1-2-Draws
   5 = =    1.5:1.5        2.5:2.5       3:38:16 AM    +3.59    37 2.757 :3.057  1-1-3

--------------------------------------------------------------

Engine-Match Monday, October 27, 2025 3:38:18 AM
 Blitz 2/1 

Pairing 22/28 :    V7P3R_v14.0  -  Stockfish 1%

PGN-File: C:\Program Files (x86)\Arena\Tournaments\Engine Regression Battle 20251026_3.pgn

No:  B/W 1/2     W:B       1:2           Time        Value Moves Dep 1:2       1-2-Draws
   5 B 2    1.5:0.5        0.5:4.5       3:40:03 AM      -M1    25 3.609 :11.333  0-4-1

--------------------------------------------------------------

Engine-Match Monday, October 27, 2025 3:40:05 AM
 Blitz 2/1 

Pairing 23/28 :    Random_Opponent  -  V7P3R_v14.3

PGN-File: C:\Program Files (x86)\Arena\Tournaments\Engine Regression Battle 20251026_3.pgn

No:  B/W 1/2     W:B       1:2           Time        Value Moves Dep 1:2       1-2-Draws
   5 B 2    1.0:0.0        0.0:5.0       3:41:01 AM  -289.97    21 0:3.550  0-5-0

--------------------------------------------------------------

Engine-Match Monday, October 27, 2025 3:41:02 AM
 Blitz 2/1 

Pairing 24/28 :    V7P3R_v14.2  -  C0BR4_v2.9

PGN-File: C:\Program Files (x86)\Arena\Tournaments\Engine Regression Battle 20251026_3.pgn

No:  B/W 1/2     W:B       1:2           Time        Value Moves Dep 1:2       1-2-Draws
   5 = =    0.5:0.5        1.5:3.5       3:44:19 AM   -12.48    54 3.808 :4.000  1-3-1

--------------------------------------------------------------

Engine-Match Monday, October 27, 2025 3:44:21 AM
 Blitz 2/1 

Pairing 25/28 :    V7P3R_v12.6  -  V7P3R_v14.0

PGN-File: C:\Program Files (x86)\Arena\Tournaments\Engine Regression Battle 20251026_3.pgn

No:  B/W 1/2     W:B       1:2           Time        Value Moves Dep 1:2       1-2-Draws
   5 B 2    1.0:0.0        0.0:5.0       3:47:12 AM   -11.71    21 3.294 :3.800  0-5-0

--------------------------------------------------------------

Engine-Match Monday, October 27, 2025 3:47:14 AM
 Blitz 2/1 

Pairing 26/28 :    V7P3R_v14.3  -  SlowMate_v3.1

PGN-File: C:\Program Files (x86)\Arena\Tournaments\Engine Regression Battle 20251026_3.pgn

No:  B/W 1/2     W:B       1:2           Time        Value Moves Dep 1:2       1-2-Draws
   5 B 2    1.0:0.0        0.0:5.0       3:49:00 AM   -10.07    19 3.222 :3.222  0-5-0

--------------------------------------------------------------

Engine-Match Monday, October 27, 2025 3:49:02 AM
 Blitz 2/1 

Pairing 27/28 :    Stockfish 1%  -  V7P3R_v14.2

PGN-File: C:\Program Files (x86)\Arena\Tournaments\Engine Regression Battle 20251026_3.pgn

No:  B/W 1/2     W:B       1:2           Time        Value Moves Dep 1:2       1-2-Draws
   5 W 1    1.5:0.5        4.5:0.5       3:50:57 AM      +M1    28 10.333 :3.909  4-0-1

--------------------------------------------------------------

Engine-Match Monday, October 27, 2025 3:50:58 AM
 Blitz 2/1 

Pairing 28/28 :    C0BR4_v2.9  -  Random_Opponent

PGN-File: C:\Program Files (x86)\Arena\Tournaments\Engine Regression Battle 20251026_3.pgn

No:  B/W 1/2     W:B       1:2           Time        Value Moves Dep 1:2       1-2-Draws
   5 W 1    1.0:0.0        5.0:0.0       3:51:18 AM  +299.97    15 4.000 :0 5-0-0

--------------------------------------------------------------

Engine-Match Monday, October 27, 2025 3:51:25 AM
 Blitz 2/1 

Pairing 1/28 :    V7P3R_v12.6  -  V7P3R_v14.3

PGN-File: C:\Program Files (x86)\Arena\Tournaments\Engine Regression Battle 20251026_3.pgn

No:  B/W 1/2     W:B       1:2           Time        Value Moves Dep 1:2       1-2-Draws
   6 B 1    1.0:0.0        6.0:0.0       3:53:57 AM  -289.98    28 3.714 :3.476  6-0-0

--------------------------------------------------------------

Engine-Match Monday, October 27, 2025 3:53:58 AM
 Blitz 2/1 

Pairing 2/28 :    V7P3R_v14.2  -  V7P3R_v14.0

PGN-File: C:\Program Files (x86)\Arena\Tournaments\Engine Regression Battle 20251026_3.pgn

No:  B/W 1/2     W:B       1:2           Time        Value Moves Dep 1:2       1-2-Draws
   6 B 1    3.0:2.0        3.0:3.0       3:59:13 AM     0.00    61 3.895 :3.895  1-1-4

--------------------------------------------------------------

Engine-Match Monday, October 27, 2025 3:59:14 AM
 Blitz 2/1 

Pairing 3/28 :    SlowMate_v3.1  -  C0BR4_v2.9

PGN-File: C:\Program Files (x86)\Arena\Tournaments\Engine Regression Battle 20251026_3.pgn

No:  B/W 1/2     W:B       1:2           Time        Value Moves Dep 1:2       1-2-Draws
   6 W 2    2.0:1.0        2.0:4.0       4:00:39 AM  +150.59    18 3.389 :4.000  1-3-2

--------------------------------------------------------------

Engine-Match Monday, October 27, 2025 4:00:40 AM
 Blitz 2/1 

Pairing 4/28 :    Random_Opponent  -  Stockfish 1%

PGN-File: C:\Program Files (x86)\Arena\Tournaments\Engine Regression Battle 20251026_3.pgn

No:  B/W 1/2     W:B       1:2           Time        Value Moves Dep 1:2       1-2-Draws
   6 W 2    1.0:0.0        0.0:6.0       4:00:59 AM      +M1    43 0:10.167  0-6-0

--------------------------------------------------------------

Engine-Match Monday, October 27, 2025 4:01:01 AM
 Blitz 2/1 

Pairing 5/28 :    V7P3R_v14.2  -  V7P3R_v12.6

PGN-File: C:\Program Files (x86)\Arena\Tournaments\Engine Regression Battle 20251026_3.pgn

No:  B/W 1/2     W:B       1:2           Time        Value Moves Dep 1:2       1-2-Draws
   6 B 1    1.5:0.5        3.5:2.5       4:05:15 AM   -29.82    41 3.700 :3.265  3-2-1

--------------------------------------------------------------

Engine-Match Monday, October 27, 2025 4:05:16 AM
 Blitz 2/1 

Pairing 6/28 :    C0BR4_v2.9  -  V7P3R_v14.3

PGN-File: C:\Program Files (x86)\Arena\Tournaments\Engine Regression Battle 20251026_3.pgn

No:  B/W 1/2     W:B       1:2           Time        Value Moves Dep 1:2       1-2-Draws
   6 B 1    1.0:0.0        6.0:0.0       4:06:08 AM   -21.58    17 4.000 :3.059  6-0-0

--------------------------------------------------------------

Engine-Match Monday, October 27, 2025 4:06:10 AM
 Blitz 2/1 

Pairing 7/28 :    V7P3R_v14.0  -  Random_Opponent

PGN-File: C:\Program Files (x86)\Arena\Tournaments\Engine Regression Battle 20251026_3.pgn

No:  B/W 1/2     W:B       1:2           Time        Value Moves Dep 1:2       1-2-Draws
   6 B 1    1.0:0.0        6.0:0.0       4:07:30 AM  -289.97    16 4.000 :0 6-0-0

--------------------------------------------------------------

Engine-Match Monday, October 27, 2025 4:07:32 AM
 Blitz 2/1 

Pairing 8/28 :    Stockfish 1%  -  SlowMate_v3.1

PGN-File: C:\Program Files (x86)\Arena\Tournaments\Engine Regression Battle 20251026_3.pgn

No:  B/W 1/2     W:B       1:2           Time        Value Moves Dep 1:2       1-2-Draws
   6 = =    1.0:1.0        5.0:1.0       4:14:18 AM     0.00   207 10.750 :2.939  4-0-2

--------------------------------------------------------------

Engine-Match Monday, October 27, 2025 4:14:19 AM
 Blitz 2/1 

Pairing 9/28 :    V7P3R_v12.6  -  C0BR4_v2.9

PGN-File: C:\Program Files (x86)\Arena\Tournaments\Engine Regression Battle 20251026_3.pgn

No:  B/W 1/2     W:B       1:2           Time        Value Moves Dep 1:2       1-2-Draws
   6 W 2    2.0:1.0        2.0:4.0       4:16:29 AM  +289.97    32 3.700 :4.000  1-3-2

--------------------------------------------------------------

Engine-Match Monday, October 27, 2025 4:16:31 AM
 Blitz 2/1 

Pairing 10/28 :    Random_Opponent  -  V7P3R_v14.2

PGN-File: C:\Program Files (x86)\Arena\Tournaments\Engine Regression Battle 20251026_3.pgn

No:  B/W 1/2     W:B       1:2           Time        Value Moves Dep 1:2       1-2-Draws
   6 W 2    1.0:0.0        0.0:6.0       4:17:16 AM  +289.97    11 0:4.400  0-6-0

--------------------------------------------------------------

Engine-Match Monday, October 27, 2025 4:17:17 AM
 Blitz 2/1 

Pairing 11/28 :    V7P3R_v14.3  -  Stockfish 1%

PGN-File: C:\Program Files (x86)\Arena\Tournaments\Engine Regression Battle 20251026_3.pgn

No:  B/W 1/2     W:B       1:2           Time        Value Moves Dep 1:2       1-2-Draws
   6 W 2    1.5:0.5        0.5:5.5       4:18:08 AM   +21.05    18 3.167 :10.571  0-5-1

--------------------------------------------------------------

Engine-Match Monday, October 27, 2025 4:18:10 AM
 Blitz 2/1 

Pairing 12/28 :    SlowMate_v3.1  -  V7P3R_v14.0

PGN-File: C:\Program Files (x86)\Arena\Tournaments\Engine Regression Battle 20251026_3.pgn

No:  B/W 1/2     W:B       1:2           Time        Value Moves Dep 1:2       1-2-Draws
   6 W 2    2.5:1.5        1.5:4.5       4:23:02 AM   +19.47    50 3.174 :3.900  0-3-3

--------------------------------------------------------------

Engine-Match Monday, October 27, 2025 4:23:04 AM
 Blitz 2/1 

Pairing 13/28 :    Random_Opponent  -  V7P3R_v12.6

PGN-File: C:\Program Files (x86)\Arena\Tournaments\Engine Regression Battle 20251026_3.pgn

No:  B/W 1/2     W:B       1:2           Time        Value Moves Dep 1:2       1-2-Draws
   6 W 2    1.0:0.0        0.0:6.0       4:24:09 AM  +289.96    14 0:3.727  0-6-0

--------------------------------------------------------------

Engine-Match Monday, October 27, 2025 4:24:11 AM
 Blitz 2/1 

Pairing 14/28 :    Stockfish 1%  -  C0BR4_v2.9

PGN-File: C:\Program Files (x86)\Arena\Tournaments\Engine Regression Battle 20251026_3.pgn

No:  B/W 1/2     W:B       1:2           Time        Value Moves Dep 1:2       1-2-Draws
   6 B 1    1.5:0.5        4.5:1.5       4:24:57 AM   -11.88    55 9.000 :4.000  4-1-1

--------------------------------------------------------------

Engine-Match Monday, October 27, 2025 4:24:59 AM
 Blitz 2/1 

Pairing 15/28 :    V7P3R_v14.2  -  SlowMate_v3.1

PGN-File: C:\Program Files (x86)\Arena\Tournaments\Engine Regression Battle 20251026_3.pgn

No:  B/W 1/2     W:B       1:2           Time        Value Moves Dep 1:2       1-2-Draws
   6 W 2    2.0:1.0        4.0:2.0       4:30:44 AM   +11.82    66 3.591 :2.945  3-1-2

--------------------------------------------------------------

Engine-Match Monday, October 27, 2025 4:30:45 AM
 Blitz 2/1 

Pairing 16/28 :    V7P3R_v14.0  -  V7P3R_v14.3

PGN-File: C:\Program Files (x86)\Arena\Tournaments\Engine Regression Battle 20251026_3.pgn

No:  B/W 1/2     W:B       1:2           Time        Value Moves Dep 1:2       1-2-Draws
   6 B 1    1.0:0.0        6.0:0.0       4:33:09 AM  -289.98    23 3.813 :3.048  6-0-0

--------------------------------------------------------------

Engine-Match Monday, October 27, 2025 4:33:10 AM
 Blitz 2/1 

Pairing 17/28 :    V7P3R_v12.6  -  Stockfish 1%

PGN-File: C:\Program Files (x86)\Arena\Tournaments\Engine Regression Battle 20251026_3.pgn

No:  B/W 1/2     W:B       1:2           Time        Value Moves Dep 1:2       1-2-Draws
   6 W 2    1.5:0.5        1.5:4.5       4:36:37 AM   +16.64    68 3.583 :12.600  1-4-1

--------------------------------------------------------------

Engine-Match Monday, October 27, 2025 4:36:38 AM
 Blitz 2/1 

Pairing 18/28 :    SlowMate_v3.1  -  Random_Opponent

PGN-File: C:\Program Files (x86)\Arena\Tournaments\Engine Regression Battle 20251026_3.pgn

No:  B/W 1/2     W:B       1:2           Time        Value Moves Dep 1:2       1-2-Draws
   6 B 1    2.0:1.0        5.0:1.0       4:37:09 AM  -160.95     7 3.714 :0 4-0-2

--------------------------------------------------------------

Engine-Match Monday, October 27, 2025 4:37:11 AM
 Blitz 2/1 

Pairing 19/28 :    C0BR4_v2.9  -  V7P3R_v14.0

PGN-File: C:\Program Files (x86)\Arena\Tournaments\Engine Regression Battle 20251026_3.pgn

No:  B/W 1/2     W:B       1:2           Time        Value Moves Dep 1:2       1-2-Draws
   6 B 1    1.5:0.5        3.5:2.5       4:39:50 AM  -299.97    52 4.000 :4.077  3-2-1

--------------------------------------------------------------

Engine-Match Monday, October 27, 2025 4:39:52 AM
 Blitz 2/1 

Pairing 20/28 :    V7P3R_v14.3  -  V7P3R_v14.2

PGN-File: C:\Program Files (x86)\Arena\Tournaments\Engine Regression Battle 20251026_3.pgn

No:  B/W 1/2     W:B       1:2           Time        Value Moves Dep 1:2       1-2-Draws
   6 W 2    1.0:0.0        1.0:5.0       4:42:41 AM   +24.17    28 3.077 :3.900  1-5-0

--------------------------------------------------------------

Engine-Match Monday, October 27, 2025 4:42:55 AM
 Blitz 2/1 

Pairing 21/28 :    SlowMate_v3.1  -  V7P3R_v12.6

PGN-File: C:\Program Files (x86)\Arena\Tournaments\Engine Regression Battle 20251026_3.pgn

No:  B/W 1/2     W:B       1:2           Time        Value Moves Dep 1:2       1-2-Draws
   6 W 2    2.5:1.5        2.5:3.5       4:47:33 AM     0.00    48 3.045 :3.450  1-2-3

--------------------------------------------------------------

Engine-Match Monday, October 27, 2025 4:47:34 AM
 Blitz 2/1 

Pairing 22/28 :    V7P3R_v14.0  -  Stockfish 1%

PGN-File: C:\Program Files (x86)\Arena\Tournaments\Engine Regression Battle 20251026_3.pgn

No:  B/W 1/2     W:B       1:2           Time        Value Moves Dep 1:2       1-2-Draws
   6 W 2    1.5:0.5        0.5:5.5       4:51:11 AM   +15.86    83 3.733 :10.667  0-5-1

--------------------------------------------------------------

Engine-Match Monday, October 27, 2025 4:51:13 AM
 Blitz 2/1 

Pairing 23/28 :    Random_Opponent  -  V7P3R_v14.3

PGN-File: C:\Program Files (x86)\Arena\Tournaments\Engine Regression Battle 20251026_3.pgn

No:  B/W 1/2     W:B       1:2           Time        Value Moves Dep 1:2       1-2-Draws
   6 W 2    1.0:0.0        0.0:6.0       4:52:55 AM  +289.96    39 0:3.321  0-6-0

--------------------------------------------------------------

Engine-Match Monday, October 27, 2025 4:52:57 AM
 Blitz 2/1 

Pairing 24/28 :    V7P3R_v14.2  -  C0BR4_v2.9

PGN-File: C:\Program Files (x86)\Arena\Tournaments\Engine Regression Battle 20251026_3.pgn

No:  B/W 1/2     W:B       1:2           Time        Value Moves Dep 1:2       1-2-Draws
   6 B 1    1.5:0.5        2.5:3.5       4:55:52 AM  -289.98    47 3.750 :4.000  2-3-1

--------------------------------------------------------------

Engine-Match Monday, October 27, 2025 4:55:53 AM
 Blitz 2/1 

Pairing 25/28 :    V7P3R_v12.6  -  V7P3R_v14.0

PGN-File: C:\Program Files (x86)\Arena\Tournaments\Engine Regression Battle 20251026_3.pgn

No:  B/W 1/2     W:B       1:2           Time        Value Moves Dep 1:2       1-2-Draws
   6 B 1    1.0:0.0        1.0:5.0       5:00:18 AM     0.00    53 3.364 :4.000  1-5-0

--------------------------------------------------------------

Engine-Match Monday, October 27, 2025 5:00:19 AM
 Blitz 2/1 

Pairing 26/28 :    V7P3R_v14.3  -  SlowMate_v3.1

PGN-File: C:\Program Files (x86)\Arena\Tournaments\Engine Regression Battle 20251026_3.pgn

No:  B/W 1/2     W:B       1:2           Time        Value Moves Dep 1:2       1-2-Draws
   6 W 2    1.0:0.0        0.0:6.0       5:02:27 AM   +10.34    22 2.864 :3.045  0-6-0

--------------------------------------------------------------

Engine-Match Monday, October 27, 2025 5:02:28 AM
 Blitz 2/1 

Pairing 27/28 :    Stockfish 1%  -  V7P3R_v14.2

PGN-File: C:\Program Files (x86)\Arena\Tournaments\Engine Regression Battle 20251026_3.pgn

No:  B/W 1/2     W:B       1:2           Time        Value Moves Dep 1:2       1-2-Draws
   6 B 1    1.5:0.5        5.5:0.5       5:04:27 AM   -14.40    33 10.600 :3.846  5-0-1

--------------------------------------------------------------

Engine-Match Monday, October 27, 2025 5:04:28 AM
 Blitz 2/1 

Pairing 28/28 :    C0BR4_v2.9  -  Random_Opponent

PGN-File: C:\Program Files (x86)\Arena\Tournaments\Engine Regression Battle 20251026_3.pgn

No:  B/W 1/2     W:B       1:2           Time        Value Moves Dep 1:2       1-2-Draws
   6 B 1    1.0:0.0        6.0:0.0       5:04:46 AM  -299.97    17 3.875 :0 6-0-0

--------------------------------------------------------------

Engine-Match Monday, October 27, 2025 5:04:47 AM
 Blitz 2/1 

Pairing 1/28 :    V7P3R_v12.6  -  V7P3R_v14.3

PGN-File: C:\Program Files (x86)\Arena\Tournaments\Engine Regression Battle 20251026_3.pgn

No:  B/W 1/2     W:B       1:2           Time        Value Moves Dep 1:2       1-2-Draws
   7 W 1    1.0:0.0        7.0:0.0       5:06:46 AM  +289.96    18 3.471 :3.000  7-0-0

--------------------------------------------------------------

Engine-Match Monday, October 27, 2025 5:06:48 AM
 Blitz 2/1 

Pairing 2/28 :    V7P3R_v14.2  -  V7P3R_v14.0

PGN-File: C:\Program Files (x86)\Arena\Tournaments\Engine Regression Battle 20251026_3.pgn

No:  B/W 1/2     W:B       1:2           Time        Value Moves Dep 1:2       1-2-Draws
   7 = =    2.5:2.5        3.5:3.5       5:12:55 AM     0.00    82 3.955 :3.667  1-1-5

--------------------------------------------------------------

Engine-Match Monday, October 27, 2025 5:12:57 AM
 Blitz 2/1 

Pairing 3/28 :    SlowMate_v3.1  -  C0BR4_v2.9

PGN-File: C:\Program Files (x86)\Arena\Tournaments\Engine Regression Battle 20251026_3.pgn

No:  B/W 1/2     W:B       1:2           Time        Value Moves Dep 1:2       1-2-Draws
   7 B 2    2.0:1.0        2.0:5.0       5:15:04 AM   -15.96    32 3.000 :4.000  1-4-2

--------------------------------------------------------------

Engine-Match Monday, October 27, 2025 5:15:06 AM
 Blitz 2/1 

Pairing 4/28 :    Random_Opponent  -  Stockfish 1%

PGN-File: C:\Program Files (x86)\Arena\Tournaments\Engine Regression Battle 20251026_3.pgn

No:  B/W 1/2     W:B       1:2           Time        Value Moves Dep 1:2       1-2-Draws
   7 B 2    1.0:0.0        0.0:7.0       5:15:11 AM      -M1     5 0:17.600  0-7-0

--------------------------------------------------------------

Engine-Match Monday, October 27, 2025 5:15:13 AM
 Blitz 2/1 

Pairing 5/28 :    V7P3R_v14.2  -  V7P3R_v12.6

PGN-File: C:\Program Files (x86)\Arena\Tournaments\Engine Regression Battle 20251026_3.pgn

No:  B/W 1/2     W:B       1:2           Time        Value Moves Dep 1:2       1-2-Draws
   7 B 2    1.5:0.5        3.5:3.5       5:19:45 AM  -289.97    41 3.700 :3.171  3-3-1

--------------------------------------------------------------

Engine-Match Monday, October 27, 2025 5:19:46 AM
 Blitz 2/1 

Pairing 6/28 :    C0BR4_v2.9  -  V7P3R_v14.3

PGN-File: C:\Program Files (x86)\Arena\Tournaments\Engine Regression Battle 20251026_3.pgn

No:  B/W 1/2     W:B       1:2           Time        Value Moves Dep 1:2       1-2-Draws
   7 W 1    1.0:0.0        7.0:0.0       5:20:45 AM   +14.81    21 4.000 :3.389  7-0-0

--------------------------------------------------------------

Engine-Match Monday, October 27, 2025 5:20:47 AM
 Blitz 2/1 

Pairing 7/28 :    V7P3R_v14.0  -  Random_Opponent

PGN-File: C:\Program Files (x86)\Arena\Tournaments\Engine Regression Battle 20251026_3.pgn

No:  B/W 1/2     W:B       1:2           Time        Value Moves Dep 1:2       1-2-Draws
   7 W 1    1.0:0.0        7.0:0.0       5:21:17 AM  +289.98     5 4.400 :0 7-0-0

--------------------------------------------------------------

Engine-Match Monday, October 27, 2025 5:21:18 AM
 Blitz 2/1 

Pairing 8/28 :    Stockfish 1%  -  SlowMate_v3.1

PGN-File: C:\Program Files (x86)\Arena\Tournaments\Engine Regression Battle 20251026_3.pgn

No:  B/W 1/2     W:B       1:2           Time        Value Moves Dep 1:2       1-2-Draws
   7 B 2    2.0:1.0        5.0:2.0       5:24:16 AM  -156.42    61 10.143 :3.333  4-1-2

--------------------------------------------------------------

Engine-Match Monday, October 27, 2025 5:24:18 AM
 Blitz 2/1 

Pairing 9/28 :    V7P3R_v12.6  -  C0BR4_v2.9

PGN-File: C:\Program Files (x86)\Arena\Tournaments\Engine Regression Battle 20251026_3.pgn

No:  B/W 1/2     W:B       1:2           Time        Value Moves Dep 1:2       1-2-Draws
   7 B 2    2.0:1.0        2.0:5.0       5:27:23 AM  -299.97    57 3.459 :4.000  1-4-2

--------------------------------------------------------------

Engine-Match Monday, October 27, 2025 5:27:24 AM
 Blitz 2/1 

Pairing 10/28 :    Random_Opponent  -  V7P3R_v14.2

PGN-File: C:\Program Files (x86)\Arena\Tournaments\Engine Regression Battle 20251026_3.pgn

No:  B/W 1/2     W:B       1:2           Time        Value Moves Dep 1:2       1-2-Draws
   7 B 2    1.0:0.0        0.0:7.0       5:28:36 AM     0.00    17 0:4.133  0-7-0

--------------------------------------------------------------

Engine-Match Monday, October 27, 2025 5:28:37 AM
 Blitz 2/1 

Pairing 11/28 :    V7P3R_v14.3  -  Stockfish 1%

PGN-File: C:\Program Files (x86)\Arena\Tournaments\Engine Regression Battle 20251026_3.pgn

No:  B/W 1/2     W:B       1:2           Time        Value Moves Dep 1:2       1-2-Draws
   7 B 2    1.5:0.5        0.5:6.5       5:29:26 AM      -M1    17 3.235 :10.667  0-6-1

--------------------------------------------------------------

Engine-Match Monday, October 27, 2025 5:29:27 AM
 Blitz 2/1 

Pairing 12/28 :    SlowMate_v3.1  -  V7P3R_v14.0

PGN-File: C:\Program Files (x86)\Arena\Tournaments\Engine Regression Battle 20251026_3.pgn

No:  B/W 1/2     W:B       1:2           Time        Value Moves Dep 1:2       1-2-Draws
   7 = =    2.0:2.0        2.0:5.0       5:35:32 AM    +1.89    77 3.556 :4.182  0-3-4

--------------------------------------------------------------

Engine-Match Monday, October 27, 2025 5:37:13 AM
 Blitz 2/1 

Pairing 13/28 :    Random_Opponent  -  V7P3R_v12.6

PGN-File: C:\Program Files (x86)\Arena\Tournaments\Engine Regression Battle 20251026_3.pgn

No:  B/W 1/2     W:B       1:2           Time        Value Moves Dep 1:2       1-2-Draws
   7 B 2    1.0:0.0        0.0:7.0       5:38:43 AM  -289.96    19 0:3.579  0-7-0

--------------------------------------------------------------

Engine-Match Monday, October 27, 2025 5:38:45 AM
 Blitz 2/1 

Pairing 14/28 :    Stockfish 1%  -  C0BR4_v2.9

PGN-File: C:\Program Files (x86)\Arena\Tournaments\Engine Regression Battle 20251026_3.pgn

No:  B/W 1/2     W:B       1:2           Time        Value Moves Dep 1:2       1-2-Draws
   7 B 2    1.5:0.5        4.5:2.5       5:39:44 AM  -299.97    76 11.400 :4.000  4-2-1

--------------------------------------------------------------

Engine-Match Monday, October 27, 2025 5:39:45 AM
 Blitz 2/1 

Pairing 15/28 :    V7P3R_v14.2  -  SlowMate_v3.1

PGN-File: C:\Program Files (x86)\Arena\Tournaments\Engine Regression Battle 20251026_3.pgn

No:  B/W 1/2     W:B       1:2           Time        Value Moves Dep 1:2       1-2-Draws
   7 W 1    2.0:1.0        5.0:2.0       5:42:17 AM   +11.84    24 4.364 :3.375  4-1-2

--------------------------------------------------------------

Engine-Match Monday, October 27, 2025 5:42:18 AM
 Blitz 2/1 

Pairing 16/28 :    V7P3R_v14.0  -  V7P3R_v14.3

PGN-File: C:\Program Files (x86)\Arena\Tournaments\Engine Regression Battle 20251026_3.pgn

No:  B/W 1/2     W:B       1:2           Time        Value Moves Dep 1:2       1-2-Draws
   7 W 1    1.0:0.0        7.0:0.0       5:43:32 AM   +12.20    11 4.000 :3.000  7-0-0

--------------------------------------------------------------

Engine-Match Monday, October 27, 2025 5:43:33 AM
 Blitz 2/1 

Pairing 17/28 :    V7P3R_v12.6  -  Stockfish 1%

PGN-File: C:\Program Files (x86)\Arena\Tournaments\Engine Regression Battle 20251026_3.pgn

No:  B/W 1/2     W:B       1:2           Time        Value Moves Dep 1:2       1-2-Draws
   7 W 1    1.5:0.5        2.5:4.5       5:47:01 AM  +289.97    71 3.063 :11.333  2-4-1

--------------------------------------------------------------

Engine-Match Monday, October 27, 2025 5:47:03 AM
 Blitz 2/1 

Pairing 18/28 :    SlowMate_v3.1  -  Random_Opponent

PGN-File: C:\Program Files (x86)\Arena\Tournaments\Engine Regression Battle 20251026_3.pgn

No:  B/W 1/2     W:B       1:2           Time        Value Moves Dep 1:2       1-2-Draws
   7 W 1    2.0:1.0        6.0:1.0       5:48:18 AM  +196.16    21 3.381 :0 5-0-2

--------------------------------------------------------------

Engine-Match Monday, October 27, 2025 5:48:20 AM
 Blitz 2/1 

Pairing 19/28 :    C0BR4_v2.9  -  V7P3R_v14.0

PGN-File: C:\Program Files (x86)\Arena\Tournaments\Engine Regression Battle 20251026_3.pgn

No:  B/W 1/2     W:B       1:2           Time        Value Moves Dep 1:2       1-2-Draws
   7 B 2    1.5:0.5        3.5:3.5       5:50:46 AM  -289.98    37 4.000 :3.882  3-3-1

--------------------------------------------------------------

Engine-Match Monday, October 27, 2025 5:50:48 AM
 Blitz 2/1 

Pairing 20/28 :    V7P3R_v14.3  -  V7P3R_v14.2

PGN-File: C:\Program Files (x86)\Arena\Tournaments\Engine Regression Battle 20251026_3.pgn

No:  B/W 1/2     W:B       1:2           Time        Value Moves Dep 1:2       1-2-Draws
   7 B 2    1.0:0.0        1.0:6.0       5:51:43 AM   -16.22     9 3.111 :4.286  1-6-0

--------------------------------------------------------------

Engine-Match Monday, October 27, 2025 5:51:45 AM
 Blitz 2/1 

Pairing 21/28 :    SlowMate_v3.1  -  V7P3R_v12.6

PGN-File: C:\Program Files (x86)\Arena\Tournaments\Engine Regression Battle 20251026_3.pgn

No:  B/W 1/2     W:B       1:2           Time        Value Moves Dep 1:2       1-2-Draws
   7 B 2    2.5:1.5        2.5:4.5       5:55:19 AM     0.00    31 3.071 :3.217  1-3-3

--------------------------------------------------------------

Engine-Match Monday, October 27, 2025 5:55:20 AM
 Blitz 2/1 

Pairing 22/28 :    V7P3R_v14.0  -  Stockfish 1%

PGN-File: C:\Program Files (x86)\Arena\Tournaments\Engine Regression Battle 20251026_3.pgn

No:  B/W 1/2     W:B       1:2           Time        Value Moves Dep 1:2       1-2-Draws
   7 B 2    1.5:0.5        0.5:6.5       5:59:12 AM     0.00    79 3.411 :11.600  0-6-1

--------------------------------------------------------------

Engine-Match Monday, October 27, 2025 5:59:13 AM
 Blitz 2/1 

Pairing 23/28 :    Random_Opponent  -  V7P3R_v14.3

PGN-File: C:\Program Files (x86)\Arena\Tournaments\Engine Regression Battle 20251026_3.pgn

No:  B/W 1/2     W:B       1:2           Time        Value Moves Dep 1:2       1-2-Draws
   7 B 2    1.0:0.0        0.0:7.0       5:59:59 AM  -289.97    17 0:3.188  0-7-0

--------------------------------------------------------------

Engine-Match Monday, October 27, 2025 6:00:01 AM
 Blitz 2/1 

Pairing 24/28 :    V7P3R_v14.2  -  C0BR4_v2.9

PGN-File: C:\Program Files (x86)\Arena\Tournaments\Engine Regression Battle 20251026_3.pgn

No:  B/W 1/2     W:B       1:2           Time        Value Moves Dep 1:2       1-2-Draws
   7 = =    1.0:1.0        3.0:4.0       6:02:50 AM    -3.27    48 3.667 :4.000  2-3-2

--------------------------------------------------------------

Engine-Match Monday, October 27, 2025 6:02:51 AM
 Blitz 2/1 

Pairing 25/28 :    V7P3R_v12.6  -  V7P3R_v14.0

PGN-File: C:\Program Files (x86)\Arena\Tournaments\Engine Regression Battle 20251026_3.pgn

No:  B/W 1/2     W:B       1:2           Time        Value Moves Dep 1:2       1-2-Draws
   7 B 2    1.0:0.0        1.0:6.0       6:05:42 AM    -9.86    20 3.353 :3.857  1-6-0

--------------------------------------------------------------

Engine-Match Monday, October 27, 2025 6:05:43 AM
 Blitz 2/1 

Pairing 26/28 :    V7P3R_v14.3  -  SlowMate_v3.1

PGN-File: C:\Program Files (x86)\Arena\Tournaments\Engine Regression Battle 20251026_3.pgn

No:  B/W 1/2     W:B       1:2           Time        Value Moves Dep 1:2       1-2-Draws
   7 = =    0.5:0.5        0.5:6.5       6:11:00 AM    -9.02    69 3.154 :3.154  0-6-1

--------------------------------------------------------------

Engine-Match Monday, October 27, 2025 6:11:02 AM
 Blitz 2/1 

Pairing 27/28 :    Stockfish 1%  -  V7P3R_v14.2

PGN-File: C:\Program Files (x86)\Arena\Tournaments\Engine Regression Battle 20251026_3.pgn

No:  B/W 1/2     W:B       1:2           Time        Value Moves Dep 1:2       1-2-Draws
   7 B 2    1.5:0.5        5.5:1.5       6:12:45 AM  -289.98    27 10.667 :4.000  5-1-1

--------------------------------------------------------------

Engine-Match Monday, October 27, 2025 6:12:46 AM
 Blitz 2/1 

Pairing 28/28 :    C0BR4_v2.9  -  Random_Opponent

PGN-File: C:\Program Files (x86)\Arena\Tournaments\Engine Regression Battle 20251026_3.pgn

No:  B/W 1/2     W:B       1:2           Time        Value Moves Dep 1:2       1-2-Draws
   7 W 1    1.0:0.0        7.0:0.0       6:13:04 AM  +299.97    19 4.000 :0 7-0-0

--------------------------------------------------------------

Engine-Match Monday, October 27, 2025 6:13:05 AM
 Blitz 2/1 

Pairing 1/28 :    V7P3R_v12.6  -  V7P3R_v14.3

PGN-File: C:\Program Files (x86)\Arena\Tournaments\Engine Regression Battle 20251026_3.pgn

No:  B/W 1/2     W:B       1:2           Time        Value Moves Dep 1:2       1-2-Draws
   8 B 1    1.0:0.0        8.0:0.0       6:15:07 AM   -42.09    19 3.588 :3.167  8-0-0

--------------------------------------------------------------

Engine-Match Monday, October 27, 2025 6:15:08 AM
 Blitz 2/1 

Pairing 2/28 :    V7P3R_v14.2  -  V7P3R_v14.0

PGN-File: C:\Program Files (x86)\Arena\Tournaments\Engine Regression Battle 20251026_3.pgn

No:  B/W 1/2     W:B       1:2           Time        Value Moves Dep 1:2       1-2-Draws
   8 = =    3.0:3.0        4.0:4.0       6:19:59 AM     0.00    56 3.842 :3.833  1-1-6

--------------------------------------------------------------

Engine-Match Monday, October 27, 2025 6:20:00 AM
 Blitz 2/1 

Pairing 3/28 :    SlowMate_v3.1  -  C0BR4_v2.9

PGN-File: C:\Program Files (x86)\Arena\Tournaments\Engine Regression Battle 20251026_3.pgn

No:  B/W 1/2     W:B       1:2           Time        Value Moves Dep 1:2       1-2-Draws
   8 W 2    2.0:1.0        2.0:6.0       6:21:00 AM  +299.97    12 3.273 :4.000  1-5-2

--------------------------------------------------------------

Engine-Match Monday, October 27, 2025 6:21:02 AM
 Blitz 2/1 

Pairing 4/28 :    Random_Opponent  -  Stockfish 1%

PGN-File: C:\Program Files (x86)\Arena\Tournaments\Engine Regression Battle 20251026_3.pgn

No:  B/W 1/2     W:B       1:2           Time        Value Moves Dep 1:2       1-2-Draws
   8 W 2    1.0:0.0        0.0:8.0       6:21:15 AM      +M1    27 0:11.667  0-8-0

--------------------------------------------------------------

Engine-Match Monday, October 27, 2025 6:21:22 AM
 Blitz 2/1 

Pairing 5/28 :    V7P3R_v14.2  -  V7P3R_v12.6

PGN-File: C:\Program Files (x86)\Arena\Tournaments\Engine Regression Battle 20251026_3.pgn

No:  B/W 1/2     W:B       1:2           Time        Value Moves Dep 1:2       1-2-Draws
   8 W 2    1.5:0.5        3.5:4.5       6:26:01 AM     0.00    41 3.375 :2.872  3-4-1

--------------------------------------------------------------

Engine-Match Monday, October 27, 2025 6:26:02 AM
 Blitz 2/1 

Pairing 6/28 :    C0BR4_v2.9  -  V7P3R_v14.3

PGN-File: C:\Program Files (x86)\Arena\Tournaments\Engine Regression Battle 20251026_3.pgn

No:  B/W 1/2     W:B       1:2           Time        Value Moves Dep 1:2       1-2-Draws
   8 B 1    1.0:0.0        8.0:0.0       6:27:03 AM   -14.26    19 4.000 :2.778  8-0-0

--------------------------------------------------------------

Engine-Match Monday, October 27, 2025 6:27:04 AM
 Blitz 2/1 

Pairing 7/28 :    V7P3R_v14.0  -  Random_Opponent

PGN-File: C:\Program Files (x86)\Arena\Tournaments\Engine Regression Battle 20251026_3.pgn

No:  B/W 1/2     W:B       1:2           Time        Value Moves Dep 1:2       1-2-Draws
   8 B 1    1.0:0.0        8.0:0.0       6:27:52 AM     0.00    12 4.300 :0 8-0-0

--------------------------------------------------------------

Engine-Match Monday, October 27, 2025 6:27:53 AM
 Blitz 2/1 

Pairing 8/28 :    Stockfish 1%  -  SlowMate_v3.1

PGN-File: C:\Program Files (x86)\Arena\Tournaments\Engine Regression Battle 20251026_3.pgn

No:  B/W 1/2     W:B       1:2           Time        Value Moves Dep 1:2       1-2-Draws
   8 B 1    2.0:1.0        6.0:2.0       6:30:28 AM      -M1    50 10.667 :2.860  5-1-2

--------------------------------------------------------------

Engine-Match Monday, October 27, 2025 6:30:30 AM
 Blitz 2/1 

Pairing 9/28 :    V7P3R_v12.6  -  C0BR4_v2.9

PGN-File: C:\Program Files (x86)\Arena\Tournaments\Engine Regression Battle 20251026_3.pgn

No:  B/W 1/2     W:B       1:2           Time        Value Moves Dep 1:2       1-2-Draws
   8 W 2    2.0:1.0        2.0:6.0       6:32:34 AM   +23.82    28 3.682 :4.000  1-5-2

--------------------------------------------------------------

Engine-Match Monday, October 27, 2025 6:32:36 AM
 Blitz 2/1 

Pairing 10/28 :    Random_Opponent  -  V7P3R_v14.2

PGN-File: C:\Program Files (x86)\Arena\Tournaments\Engine Regression Battle 20251026_3.pgn

No:  B/W 1/2     W:B       1:2           Time        Value Moves Dep 1:2       1-2-Draws
   8 W 2    1.0:0.0        0.0:8.0       6:33:45 AM  +289.97    16 0:4.333  0-8-0

--------------------------------------------------------------

Engine-Match Monday, October 27, 2025 6:33:46 AM
 Blitz 2/1 

Pairing 11/28 :    V7P3R_v14.3  -  Stockfish 1%

PGN-File: C:\Program Files (x86)\Arena\Tournaments\Engine Regression Battle 20251026_3.pgn

No:  B/W 1/2     W:B       1:2           Time        Value Moves Dep 1:2       1-2-Draws
   8 W 2    1.5:0.5        0.5:7.5       6:34:20 AM   +11.67    11 2.636 :11.167  0-7-1

--------------------------------------------------------------

Engine-Match Monday, October 27, 2025 6:34:21 AM
 Blitz 2/1 

Pairing 12/28 :    SlowMate_v3.1  -  V7P3R_v14.0

PGN-File: C:\Program Files (x86)\Arena\Tournaments\Engine Regression Battle 20251026_3.pgn

No:  B/W 1/2     W:B       1:2           Time        Value Moves Dep 1:2       1-2-Draws
   8 W 2    3.0:2.0        2.0:6.0       6:39:11 AM   +19.26    50 3.174 :3.950  0-4-4

--------------------------------------------------------------

Engine-Match Monday, October 27, 2025 6:39:13 AM
 Blitz 2/1 

Pairing 13/28 :    Random_Opponent  -  V7P3R_v12.6

PGN-File: C:\Program Files (x86)\Arena\Tournaments\Engine Regression Battle 20251026_3.pgn

No:  B/W 1/2     W:B       1:2           Time        Value Moves Dep 1:2       1-2-Draws
   8 W 2    1.0:0.0        0.0:8.0       6:39:54 AM  +289.97     9 0:3.500  0-8-0

--------------------------------------------------------------

Engine-Match Monday, October 27, 2025 6:39:55 AM
 Blitz 2/1 

Pairing 14/28 :    Stockfish 1%  -  C0BR4_v2.9

PGN-File: C:\Program Files (x86)\Arena\Tournaments\Engine Regression Battle 20251026_3.pgn

No:  B/W 1/2     W:B       1:2           Time        Value Moves Dep 1:2       1-2-Draws
   8 B 1    1.5:0.5        5.5:2.5       6:40:19 AM      -M1    24 10.667 :3.955  5-2-1

--------------------------------------------------------------

Engine-Match Monday, October 27, 2025 6:40:21 AM
 Blitz 2/1 

Pairing 15/28 :    V7P3R_v14.2  -  SlowMate_v3.1

PGN-File: C:\Program Files (x86)\Arena\Tournaments\Engine Regression Battle 20251026_3.pgn

No:  B/W 1/2     W:B       1:2           Time        Value Moves Dep 1:2       1-2-Draws
   8 W 2    2.0:1.0        5.0:3.0       6:46:40 AM   +21.46    79 3.547 :2.877  4-2-2

--------------------------------------------------------------

Engine-Match Monday, October 27, 2025 6:46:41 AM
 Blitz 2/1 

Pairing 16/28 :    V7P3R_v14.0  -  V7P3R_v14.3

PGN-File: C:\Program Files (x86)\Arena\Tournaments\Engine Regression Battle 20251026_3.pgn

No:  B/W 1/2     W:B       1:2           Time        Value Moves Dep 1:2       1-2-Draws
   8 B 1    1.0:0.0        8.0:0.0       6:48:56 AM   -17.46    25 4.133 :3.273  8-0-0

--------------------------------------------------------------

Engine-Match Monday, October 27, 2025 6:48:57 AM
 Blitz 2/1 

Pairing 17/28 :    V7P3R_v12.6  -  Stockfish 1%

PGN-File: C:\Program Files (x86)\Arena\Tournaments\Engine Regression Battle 20251026_3.pgn

No:  B/W 1/2     W:B       1:2           Time        Value Moves Dep 1:2       1-2-Draws
   8 B 1    1.5:0.5        3.5:4.5       6:52:29 AM     0.00    76 3.609 :11.500  3-4-1

--------------------------------------------------------------

Engine-Match Monday, October 27, 2025 6:52:30 AM
 Blitz 2/1 

Pairing 18/28 :    SlowMate_v3.1  -  Random_Opponent

PGN-File: C:\Program Files (x86)\Arena\Tournaments\Engine Regression Battle 20251026_3.pgn

No:  B/W 1/2     W:B       1:2           Time        Value Moves Dep 1:2       1-2-Draws
   8 B 1    2.0:1.0        7.0:1.0       6:53:00 AM  -175.79     7 3.143 :0 6-0-2

--------------------------------------------------------------

Engine-Match Monday, October 27, 2025 6:53:02 AM
 Blitz 2/1 

Pairing 19/28 :    C0BR4_v2.9  -  V7P3R_v14.0

PGN-File: C:\Program Files (x86)\Arena\Tournaments\Engine Regression Battle 20251026_3.pgn

No:  B/W 1/2     W:B       1:2           Time        Value Moves Dep 1:2       1-2-Draws
   8 = =    1.0:1.0        4.0:4.0       6:55:34 AM     0.00    43 4.000 :4.467  3-3-2

--------------------------------------------------------------

Engine-Match Monday, October 27, 2025 6:55:36 AM
 Blitz 2/1 

Pairing 20/28 :    V7P3R_v14.3  -  V7P3R_v14.2

PGN-File: C:\Program Files (x86)\Arena\Tournaments\Engine Regression Battle 20251026_3.pgn

No:  B/W 1/2     W:B       1:2           Time        Value Moves Dep 1:2       1-2-Draws
   8 W 2    1.0:0.0        1.0:7.0       6:57:46 AM   +29.18    20 3.053 :4.000  1-7-0

--------------------------------------------------------------

Engine-Match Monday, October 27, 2025 6:57:47 AM
 Blitz 2/1 

Pairing 21/28 :    SlowMate_v3.1  -  V7P3R_v12.6

PGN-File: C:\Program Files (x86)\Arena\Tournaments\Engine Regression Battle 20251026_3.pgn

No:  B/W 1/2     W:B       1:2           Time        Value Moves Dep 1:2       1-2-Draws
   8 W 2    2.5:1.5        2.5:5.5       7:02:45 AM   +10.17    50 3.190 :3.438  1-4-3

--------------------------------------------------------------

Engine-Match Monday, October 27, 2025 7:02:46 AM
 Blitz 2/1 

Pairing 22/28 :    V7P3R_v14.0  -  Stockfish 1%

PGN-File: C:\Program Files (x86)\Arena\Tournaments\Engine Regression Battle 20251026_3.pgn

No:  B/W 1/2     W:B       1:2           Time        Value Moves Dep 1:2       1-2-Draws
   8 W 2    1.5:0.5        0.5:7.5       7:05:29 AM    +9.51    47 3.950 :10.500  0-7-1

--------------------------------------------------------------

Engine-Match Monday, October 27, 2025 7:05:31 AM
 Blitz 2/1 

Pairing 23/28 :    Random_Opponent  -  V7P3R_v14.3

PGN-File: C:\Program Files (x86)\Arena\Tournaments\Engine Regression Battle 20251026_3.pgn

No:  B/W 1/2     W:B       1:2           Time        Value Moves Dep 1:2       1-2-Draws
   8 W 2    1.0:0.0        0.0:8.0       7:07:05 AM  +289.97    34 0:3.559  0-8-0

--------------------------------------------------------------

Engine-Match Monday, October 27, 2025 7:07:07 AM
 Blitz 2/1 

Pairing 24/28 :    V7P3R_v14.2  -  C0BR4_v2.9

PGN-File: C:\Program Files (x86)\Arena\Tournaments\Engine Regression Battle 20251026_3.pgn

No:  B/W 1/2     W:B       1:2           Time        Value Moves Dep 1:2       1-2-Draws
   8 B 1    2.0:1.0        4.0:4.0       7:10:13 AM   -13.79    55 3.857 :4.000  3-3-2

--------------------------------------------------------------

Engine-Match Monday, October 27, 2025 7:10:24 AM
 Blitz 2/1 

Pairing 25/28 :    V7P3R_v12.6  -  V7P3R_v14.0

PGN-File: C:\Program Files (x86)\Arena\Tournaments\Engine Regression Battle 20251026_3.pgn

No:  B/W 1/2     W:B       1:2           Time        Value Moves Dep 1:2       1-2-Draws
   8 B 1    1.0:0.0        2.0:6.0       7:16:18 AM     0.00    78 3.364 :4.000  2-6-0

--------------------------------------------------------------

Engine-Match Monday, October 27, 2025 7:16:19 AM
 Blitz 2/1 

Pairing 26/28 :    V7P3R_v14.3  -  SlowMate_v3.1

PGN-File: C:\Program Files (x86)\Arena\Tournaments\Engine Regression Battle 20251026_3.pgn

No:  B/W 1/2     W:B       1:2           Time        Value Moves Dep 1:2       1-2-Draws
   8 W 2    1.5:0.5        0.5:7.5       7:18:01 AM   +11.96    17 2.941 :3.294  0-7-1

--------------------------------------------------------------

Engine-Match Monday, October 27, 2025 7:18:03 AM
 Blitz 2/1 

Pairing 27/28 :    Stockfish 1%  -  V7P3R_v14.2

PGN-File: C:\Program Files (x86)\Arena\Tournaments\Engine Regression Battle 20251026_3.pgn

No:  B/W 1/2     W:B       1:2           Time        Value Moves Dep 1:2       1-2-Draws
   8 B 1    1.5:0.5        6.5:1.5       7:20:07 AM   -30.37    31 10.167 :4.182  6-1-1

--------------------------------------------------------------

Engine-Match Monday, October 27, 2025 7:20:08 AM
 Blitz 2/1 

Pairing 28/28 :    C0BR4_v2.9  -  Random_Opponent

PGN-File: C:\Program Files (x86)\Arena\Tournaments\Engine Regression Battle 20251026_3.pgn

No:  B/W 1/2     W:B       1:2           Time        Value Moves Dep 1:2       1-2-Draws
   8 B 1    1.0:0.0        8.0:0.0       7:20:31 AM  -299.97    21 4.000 :0 8-0-0

--------------------------------------------------------------

Engine-Match Monday, October 27, 2025 7:20:32 AM
 Blitz 2/1 

Pairing 1/28 :    V7P3R_v12.6  -  V7P3R_v14.3

PGN-File: C:\Program Files (x86)\Arena\Tournaments\Engine Regression Battle 20251026_3.pgn

No:  B/W 1/2     W:B       1:2           Time        Value Moves Dep 1:2       1-2-Draws
   9 W 1    1.0:0.0        9.0:0.0       7:22:25 AM   +18.63    19 3.643 :3.176  9-0-0

--------------------------------------------------------------

Engine-Match Monday, October 27, 2025 7:22:26 AM
 Blitz 2/1 

Pairing 2/28 :    V7P3R_v14.2  -  V7P3R_v14.0

PGN-File: C:\Program Files (x86)\Arena\Tournaments\Engine Regression Battle 20251026_3.pgn

No:  B/W 1/2     W:B       1:2           Time        Value Moves Dep 1:2       1-2-Draws
   9 W 1    4.0:3.0        5.0:4.0       7:25:21 AM     0.00    28 4.176 :3.667  2-1-6

--------------------------------------------------------------

Engine-Match Monday, October 27, 2025 7:25:23 AM
 Blitz 2/1 

Pairing 3/28 :    SlowMate_v3.1  -  C0BR4_v2.9

PGN-File: C:\Program Files (x86)\Arena\Tournaments\Engine Regression Battle 20251026_3.pgn

No:  B/W 1/2     W:B       1:2           Time        Value Moves Dep 1:2       1-2-Draws
   9 B 2    2.0:1.0        2.0:7.0       7:27:26 AM   -15.53    29 2.897 :4.000  1-6-2

--------------------------------------------------------------

Engine-Match Monday, October 27, 2025 7:27:27 AM
 Blitz 2/1 

Pairing 4/28 :    Random_Opponent  -  Stockfish 1%

PGN-File: C:\Program Files (x86)\Arena\Tournaments\Engine Regression Battle 20251026_3.pgn

No:  B/W 1/2     W:B       1:2           Time        Value Moves Dep 1:2       1-2-Draws
   9 B 2    1.0:0.0        0.0:9.0       7:27:37 AM      -M1    18 0:12.000  0-9-0

--------------------------------------------------------------

Engine-Match Monday, October 27, 2025 7:27:39 AM
 Blitz 2/1 

Pairing 5/28 :    V7P3R_v14.2  -  V7P3R_v12.6

PGN-File: C:\Program Files (x86)\Arena\Tournaments\Engine Regression Battle 20251026_3.pgn

No:  B/W 1/2     W:B       1:2           Time        Value Moves Dep 1:2       1-2-Draws
   9 W 1    1.5:0.5        4.5:4.5       7:31:00 AM   +15.07    27 4.158 :3.650  4-4-1

--------------------------------------------------------------

Engine-Match Monday, October 27, 2025 7:31:02 AM
 Blitz 2/1 

Pairing 6/28 :    C0BR4_v2.9  -  V7P3R_v14.3

PGN-File: C:\Program Files (x86)\Arena\Tournaments\Engine Regression Battle 20251026_3.pgn

No:  B/W 1/2     W:B       1:2           Time        Value Moves Dep 1:2       1-2-Draws
   9 W 1    1.0:0.0        9.0:0.0       7:31:28 AM   +26.56     8 4.000 :3.125  9-0-0

--------------------------------------------------------------

Engine-Match Monday, October 27, 2025 7:31:29 AM
 Blitz 2/1 

Pairing 7/28 :    V7P3R_v14.0  -  Random_Opponent

PGN-File: C:\Program Files (x86)\Arena\Tournaments\Engine Regression Battle 20251026_3.pgn

No:  B/W 1/2     W:B       1:2           Time        Value Moves Dep 1:2       1-2-Draws
   9 W 1    1.0:0.0        9.0:0.0       7:33:28 AM  +289.97    25 4.261 :0 9-0-0

--------------------------------------------------------------

Engine-Match Monday, October 27, 2025 7:33:30 AM
 Blitz 2/1 

Pairing 8/28 :    Stockfish 1%  -  SlowMate_v3.1

PGN-File: C:\Program Files (x86)\Arena\Tournaments\Engine Regression Battle 20251026_3.pgn

No:  B/W 1/2     W:B       1:2           Time        Value Moves Dep 1:2       1-2-Draws
   9 W 1    2.0:1.0        7.0:2.0       7:35:56 AM      +M1    47 9.429 :2.891  6-1-2

--------------------------------------------------------------

Engine-Match Monday, October 27, 2025 7:35:58 AM
 Blitz 2/1 

Pairing 9/28 :    V7P3R_v12.6  -  C0BR4_v2.9

PGN-File: C:\Program Files (x86)\Arena\Tournaments\Engine Regression Battle 20251026_3.pgn

No:  B/W 1/2     W:B       1:2           Time        Value Moves Dep 1:2       1-2-Draws
   9 B 2    2.0:1.0        2.0:7.0       7:37:25 AM  -299.97    21 3.600 :3.900  1-6-2

--------------------------------------------------------------

Engine-Match Monday, October 27, 2025 7:37:27 AM
 Blitz 2/1 

Pairing 10/28 :    Random_Opponent  -  V7P3R_v14.2

PGN-File: C:\Program Files (x86)\Arena\Tournaments\Engine Regression Battle 20251026_3.pgn

No:  B/W 1/2     W:B       1:2           Time        Value Moves Dep 1:2       1-2-Draws
   9 B 2    1.0:0.0        0.0:9.0       7:38:00 AM  -289.98    10 0:4.000  0-9-0

--------------------------------------------------------------

Engine-Match Monday, October 27, 2025 7:38:01 AM
 Blitz 2/1 

Pairing 11/28 :    V7P3R_v14.3  -  Stockfish 1%

PGN-File: C:\Program Files (x86)\Arena\Tournaments\Engine Regression Battle 20251026_3.pgn

No:  B/W 1/2     W:B       1:2           Time        Value Moves Dep 1:2       1-2-Draws
   9 B 2    1.5:0.5        0.5:8.5       7:38:47 AM   -10.75    16 2.938 :11.600  0-8-1

--------------------------------------------------------------

Engine-Match Monday, October 27, 2025 7:38:49 AM
 Blitz 2/1 

Pairing 12/28 :    SlowMate_v3.1  -  V7P3R_v14.0

PGN-File: C:\Program Files (x86)\Arena\Tournaments\Engine Regression Battle 20251026_3.pgn

No:  B/W 1/2     W:B       1:2           Time        Value Moves Dep 1:2       1-2-Draws
   9 = =    2.5:2.5        2.5:6.5       7:44:32 AM    -5.51    71 3.208 :3.800  0-4-5

--------------------------------------------------------------

Engine-Match Monday, October 27, 2025 7:44:33 AM
 Blitz 2/1 

Pairing 13/28 :    Random_Opponent  -  V7P3R_v12.6

PGN-File: C:\Program Files (x86)\Arena\Tournaments\Engine Regression Battle 20251026_3.pgn

No:  B/W 1/2     W:B       1:2           Time        Value Moves Dep 1:2       1-2-Draws
   9 B 2    1.0:0.0        0.0:9.0       7:46:04 AM     0.00    22 0:3.944  0-9-0

--------------------------------------------------------------

Engine-Match Monday, October 27, 2025 7:46:05 AM
 Blitz 2/1 

Pairing 14/28 :    Stockfish 1%  -  C0BR4_v2.9

PGN-File: C:\Program Files (x86)\Arena\Tournaments\Engine Regression Battle 20251026_3.pgn

No:  B/W 1/2     W:B       1:2           Time        Value Moves Dep 1:2       1-2-Draws
   9 B 2    1.5:0.5        5.5:3.5       7:46:28 AM  -299.97    31 11.400 :4.000  5-3-1

--------------------------------------------------------------

Engine-Match Monday, October 27, 2025 7:46:30 AM
 Blitz 2/1 

Pairing 15/28 :    V7P3R_v14.2  -  SlowMate_v3.1

PGN-File: C:\Program Files (x86)\Arena\Tournaments\Engine Regression Battle 20251026_3.pgn

No:  B/W 1/2     W:B       1:2           Time        Value Moves Dep 1:2       1-2-Draws
   9 W 1    2.0:1.0        6.0:3.0       7:49:01 AM   +11.84    24 4.364 :3.375  5-2-2

--------------------------------------------------------------

Engine-Match Monday, October 27, 2025 7:49:03 AM
 Blitz 2/1 

Pairing 16/28 :    V7P3R_v14.0  -  V7P3R_v14.3

PGN-File: C:\Program Files (x86)\Arena\Tournaments\Engine Regression Battle 20251026_3.pgn

No:  B/W 1/2     W:B       1:2           Time        Value Moves Dep 1:2       1-2-Draws
   9 W 1    1.0:0.0        9.0:0.0       7:51:05 AM   +14.25    18 3.933 :2.944  9-0-0

--------------------------------------------------------------

Engine-Match Monday, October 27, 2025 7:51:20 AM
 Blitz 2/1 

Pairing 17/28 :    V7P3R_v12.6  -  Stockfish 1%

PGN-File: C:\Program Files (x86)\Arena\Tournaments\Engine Regression Battle 20251026_3.pgn

No:  B/W 1/2     W:B       1:2           Time        Value Moves Dep 1:2       1-2-Draws
   9 B 2    1.5:0.5        3.5:5.5       7:53:27 AM      -M1    36 3.516 :12.000  3-5-1

--------------------------------------------------------------

Engine-Match Monday, October 27, 2025 7:53:28 AM
 Blitz 2/1 

Pairing 18/28 :    SlowMate_v3.1  -  Random_Opponent

PGN-File: C:\Program Files (x86)\Arena\Tournaments\Engine Regression Battle 20251026_3.pgn

No:  B/W 1/2     W:B       1:2           Time        Value Moves Dep 1:2       1-2-Draws
   9 W 1    2.0:1.0        8.0:1.0       7:54:35 AM  +177.15    18 3.111 :0 7-0-2

--------------------------------------------------------------

Engine-Match Monday, October 27, 2025 7:54:37 AM
 Blitz 2/1 

Pairing 19/28 :    C0BR4_v2.9  -  V7P3R_v14.0

PGN-File: C:\Program Files (x86)\Arena\Tournaments\Engine Regression Battle 20251026_3.pgn

No:  B/W 1/2     W:B       1:2           Time        Value Moves Dep 1:2       1-2-Draws
   9 B 2    2.0:1.0        4.0:5.0       7:57:18 AM   -12.95    53 4.000 :4.048  3-4-2

--------------------------------------------------------------

Engine-Match Monday, October 27, 2025 7:57:19 AM
 Blitz 2/1 

Pairing 20/28 :    V7P3R_v14.3  -  V7P3R_v14.2

PGN-File: C:\Program Files (x86)\Arena\Tournaments\Engine Regression Battle 20251026_3.pgn

No:  B/W 1/2     W:B       1:2           Time        Value Moves Dep 1:2       1-2-Draws
   9 B 2    1.0:0.0        1.0:8.0       7:59:14 AM   -25.55    18 3.111 :3.813  1-8-0

--------------------------------------------------------------

Engine-Match Monday, October 27, 2025 7:59:15 AM
 Blitz 2/1 

Pairing 21/28 :    SlowMate_v3.1  -  V7P3R_v12.6

PGN-File: C:\Program Files (x86)\Arena\Tournaments\Engine Regression Battle 20251026_3.pgn

No:  B/W 1/2     W:B       1:2           Time        Value Moves Dep 1:2       1-2-Draws
   9 B 2    2.5:1.5        2.5:6.5       8:03:38 AM  -289.98    38 3.083 :3.333  1-5-3

--------------------------------------------------------------

Engine-Match Monday, October 27, 2025 8:03:39 AM
 Blitz 2/1 

Pairing 22/28 :    V7P3R_v14.0  -  Stockfish 1%

PGN-File: C:\Program Files (x86)\Arena\Tournaments\Engine Regression Battle 20251026_3.pgn

No:  B/W 1/2     W:B       1:2           Time        Value Moves Dep 1:2       1-2-Draws
   9 B 2    1.5:0.5        0.5:8.5       8:05:52 AM      -M1    33 3.786 :10.500  0-8-1

--------------------------------------------------------------

Engine-Match Monday, October 27, 2025 8:05:53 AM
 Blitz 2/1 

Pairing 23/28 :    Random_Opponent  -  V7P3R_v14.3

PGN-File: C:\Program Files (x86)\Arena\Tournaments\Engine Regression Battle 20251026_3.pgn

No:  B/W 1/2     W:B       1:2           Time        Value Moves Dep 1:2       1-2-Draws
   9 B 2    1.0:0.0        0.0:9.0       8:06:34 AM     0.00    16 0:3.286  0-9-0

--------------------------------------------------------------

Engine-Match Monday, October 27, 2025 8:06:36 AM
 Blitz 2/1 

Pairing 24/28 :    V7P3R_v14.2  -  C0BR4_v2.9

PGN-File: C:\Program Files (x86)\Arena\Tournaments\Engine Regression Battle 20251026_3.pgn

No:  B/W 1/2     W:B       1:2           Time        Value Moves Dep 1:2       1-2-Draws
   9 W 1    2.0:1.0        5.0:4.0       8:09:30 AM    +9.85    57 3.875 :4.000  4-3-2

--------------------------------------------------------------

Engine-Match Monday, October 27, 2025 8:09:32 AM
 Blitz 2/1 

Pairing 25/28 :    V7P3R_v12.6  -  V7P3R_v14.0

PGN-File: C:\Program Files (x86)\Arena\Tournaments\Engine Regression Battle 20251026_3.pgn

No:  B/W 1/2     W:B       1:2           Time        Value Moves Dep 1:2       1-2-Draws
   9 B 2    1.0:0.0        2.0:7.0       8:12:12 AM   -10.10    21 3.333 :3.857  2-7-0

--------------------------------------------------------------

Engine-Match Monday, October 27, 2025 8:12:13 AM
 Blitz 2/1 

Pairing 26/28 :    V7P3R_v14.3  -  SlowMate_v3.1

PGN-File: C:\Program Files (x86)\Arena\Tournaments\Engine Regression Battle 20251026_3.pgn

No:  B/W 1/2     W:B       1:2           Time        Value Moves Dep 1:2       1-2-Draws
   9 B 2    1.5:0.5        0.5:8.5       8:15:25 AM   -18.34    36 3.455 :3.114  0-8-1

--------------------------------------------------------------

Engine-Match Monday, October 27, 2025 8:15:27 AM
 Blitz 2/1 

Pairing 27/28 :    Stockfish 1%  -  V7P3R_v14.2

PGN-File: C:\Program Files (x86)\Arena\Tournaments\Engine Regression Battle 20251026_3.pgn

No:  B/W 1/2     W:B       1:2           Time        Value Moves Dep 1:2       1-2-Draws
   9 W 1    1.5:0.5        7.5:1.5       8:18:22 AM      +M1    49 10.167 :3.875  7-1-1

--------------------------------------------------------------

Engine-Match Monday, October 27, 2025 8:18:24 AM
 Blitz 2/1 

Pairing 28/28 :    C0BR4_v2.9  -  Random_Opponent

PGN-File: C:\Program Files (x86)\Arena\Tournaments\Engine Regression Battle 20251026_3.pgn

No:  B/W 1/2     W:B       1:2           Time        Value Moves Dep 1:2       1-2-Draws
   9 W 1    1.0:0.0        9.0:0.0       8:18:33 AM  +299.97     4 0:0 9-0-0

--------------------------------------------------------------

Engine-Match Monday, October 27, 2025 8:18:34 AM
 Blitz 2/1 

Pairing 1/28 :    V7P3R_v12.6  -  V7P3R_v14.3

PGN-File: C:\Program Files (x86)\Arena\Tournaments\Engine Regression Battle 20251026_3.pgn

No:  B/W 1/2     W:B       1:2           Time        Value Moves Dep 1:2       1-2-Draws
  10 B 1    1.0:0.0        10.0:0.0      8:21:08 AM   -11.47    24 3.429 :3.143  10-0-0

--------------------------------------------------------------

Engine-Match Monday, October 27, 2025 8:21:09 AM
 Blitz 2/1 

Pairing 2/28 :    V7P3R_v14.2  -  V7P3R_v14.0

PGN-File: C:\Program Files (x86)\Arena\Tournaments\Engine Regression Battle 20251026_3.pgn

No:  B/W 1/2     W:B       1:2           Time        Value Moves Dep 1:2       1-2-Draws
  10 W 2    4.0:3.0        5.0:5.0       8:25:04 AM  +289.97    34 3.739 :3.818  2-2-6

--------------------------------------------------------------

Engine-Match Monday, October 27, 2025 8:25:06 AM
 Blitz 2/1 

Pairing 3/28 :    SlowMate_v3.1  -  C0BR4_v2.9

PGN-File: C:\Program Files (x86)\Arena\Tournaments\Engine Regression Battle 20251026_3.pgn

No:  B/W 1/2     W:B       1:2           Time        Value Moves Dep 1:2       1-2-Draws
  10 = =    1.5:1.5        2.5:7.5       8:26:03 AM   +11.31    12 3.545 :4.000  1-6-3

--------------------------------------------------------------

Engine-Match Monday, October 27, 2025 8:26:05 AM
 Blitz 2/1 

Pairing 4/28 :    Random_Opponent  -  Stockfish 1%

PGN-File: C:\Program Files (x86)\Arena\Tournaments\Engine Regression Battle 20251026_3.pgn

No:  B/W 1/2     W:B       1:2           Time        Value Moves Dep 1:2       1-2-Draws
  10 W 2    1.0:0.0        0.0:10.0      8:26:12 AM      +M1    11 0:11.200  0-10-0

--------------------------------------------------------------

Engine-Match Monday, October 27, 2025 8:26:14 AM
 Blitz 2/1 

Pairing 5/28 :    V7P3R_v14.2  -  V7P3R_v12.6

PGN-File: C:\Program Files (x86)\Arena\Tournaments\Engine Regression Battle 20251026_3.pgn

No:  B/W 1/2     W:B       1:2           Time        Value Moves Dep 1:2       1-2-Draws
  10 B 1    1.5:0.5        5.5:4.5       8:29:49 AM   -13.02    31 3.739 :3.276  5-4-1

--------------------------------------------------------------

Engine-Match Monday, October 27, 2025 8:29:51 AM
 Blitz 2/1 

Pairing 6/28 :    C0BR4_v2.9  -  V7P3R_v14.3

PGN-File: C:\Program Files (x86)\Arena\Tournaments\Engine Regression Battle 20251026_3.pgn

No:  B/W 1/2     W:B       1:2           Time        Value Moves Dep 1:2       1-2-Draws
  10 B 1    1.0:0.0        10.0:0.0      8:31:19 AM  -299.97    31 4.000 :3.630  10-0-0

--------------------------------------------------------------

Engine-Match Monday, October 27, 2025 8:31:20 AM
 Blitz 2/1 

Pairing 7/28 :    V7P3R_v14.0  -  Random_Opponent

PGN-File: C:\Program Files (x86)\Arena\Tournaments\Engine Regression Battle 20251026_3.pgn

No:  B/W 1/2     W:B       1:2           Time        Value Moves Dep 1:2       1-2-Draws
  10 B 1    1.0:0.0        10.0:0.0      8:33:07 AM     0.00    20 3.684 :0 10-0-0

--------------------------------------------------------------

Engine-Match Monday, October 27, 2025 8:33:09 AM
 Blitz 2/1 

Pairing 8/28 :    Stockfish 1%  -  SlowMate_v3.1

PGN-File: C:\Program Files (x86)\Arena\Tournaments\Engine Regression Battle 20251026_3.pgn

No:  B/W 1/2     W:B       1:2           Time        Value Moves Dep 1:2       1-2-Draws
  10 B 1    2.0:1.0        8.0:2.0       8:36:23 AM    -9.31    72 10.500 :2.815  7-1-2

--------------------------------------------------------------

Engine-Match Monday, October 27, 2025 8:36:31 AM
 Blitz 2/1 

Pairing 9/28 :    V7P3R_v12.6  -  C0BR4_v2.9

PGN-File: C:\Program Files (x86)\Arena\Tournaments\Engine Regression Battle 20251026_3.pgn

No:  B/W 1/2     W:B       1:2           Time        Value Moves Dep 1:2       1-2-Draws
  10 = =    1.5:1.5        2.5:7.5       8:38:11 AM    +0.55    20 3.733 :4.000  1-6-3

--------------------------------------------------------------

Engine-Match Monday, October 27, 2025 8:38:13 AM
 Blitz 2/1 

Pairing 10/28 :    Random_Opponent  -  V7P3R_v14.2

PGN-File: C:\Program Files (x86)\Arena\Tournaments\Engine Regression Battle 20251026_3.pgn

No:  B/W 1/2     W:B       1:2           Time        Value Moves Dep 1:2       1-2-Draws
  10 W 2    1.0:0.0        0.0:10.0      8:39:14 AM     0.00    16 0:4.071  0-10-0

--------------------------------------------------------------

Engine-Match Monday, October 27, 2025 8:39:16 AM
 Blitz 2/1 

Pairing 11/28 :    V7P3R_v14.3  -  Stockfish 1%

PGN-File: C:\Program Files (x86)\Arena\Tournaments\Engine Regression Battle 20251026_3.pgn

No:  B/W 1/2     W:B       1:2           Time        Value Moves Dep 1:2       1-2-Draws
  10 W 2    1.5:0.5        0.5:9.5       8:42:05 AM   +24.52    75 3.321 :10.500  0-9-1

--------------------------------------------------------------

Engine-Match Monday, October 27, 2025 8:42:07 AM
 Blitz 2/1 

Pairing 12/28 :    SlowMate_v3.1  -  V7P3R_v14.0

PGN-File: C:\Program Files (x86)\Arena\Tournaments\Engine Regression Battle 20251026_3.pgn

No:  B/W 1/2     W:B       1:2           Time        Value Moves Dep 1:2       1-2-Draws
  10 W 2    3.5:2.5        2.5:7.5       8:47:00 AM   +19.47    50 3.174 :3.950  0-5-5

--------------------------------------------------------------

Engine-Match Monday, October 27, 2025 8:47:01 AM
 Blitz 2/1 

Pairing 13/28 :    Random_Opponent  -  V7P3R_v12.6

PGN-File: C:\Program Files (x86)\Arena\Tournaments\Engine Regression Battle 20251026_3.pgn

No:  B/W 1/2     W:B       1:2           Time        Value Moves Dep 1:2       1-2-Draws
  10 W 2    1.0:0.0        0.0:10.0      8:48:28 AM  +289.98    20 0:3.500  0-10-0

--------------------------------------------------------------

Engine-Match Monday, October 27, 2025 8:48:29 AM
 Blitz 2/1 

Pairing 14/28 :    Stockfish 1%  -  C0BR4_v2.9

PGN-File: C:\Program Files (x86)\Arena\Tournaments\Engine Regression Battle 20251026_3.pgn

No:  B/W 1/2     W:B       1:2           Time        Value Moves Dep 1:2       1-2-Draws
  10 = =    1.0:1.0        6.0:4.0       8:49:41 AM    +1.98    99 11.400 :4.000  5-3-2

--------------------------------------------------------------

Engine-Match Monday, October 27, 2025 8:49:42 AM
 Blitz 2/1 

Pairing 15/28 :    V7P3R_v14.2  -  SlowMate_v3.1

PGN-File: C:\Program Files (x86)\Arena\Tournaments\Engine Regression Battle 20251026_3.pgn

No:  B/W 1/2     W:B       1:2           Time        Value Moves Dep 1:2       1-2-Draws
  10 = =    1.5:1.5        6.5:3.5       8:55:00 AM    -1.73    58 3.962 :3.400  5-2-3

--------------------------------------------------------------

Engine-Match Monday, October 27, 2025 8:55:01 AM
 Blitz 2/1 

Pairing 16/28 :    V7P3R_v14.0  -  V7P3R_v14.3

PGN-File: C:\Program Files (x86)\Arena\Tournaments\Engine Regression Battle 20251026_3.pgn

No:  B/W 1/2     W:B       1:2           Time        Value Moves Dep 1:2       1-2-Draws
  10 B 1    1.0:0.0        10.0:0.0      8:58:51 AM     0.00    38 3.633 :3.152  10-0-0

--------------------------------------------------------------

Engine-Match Monday, October 27, 2025 8:58:53 AM
 Blitz 2/1 

Pairing 17/28 :    V7P3R_v12.6  -  Stockfish 1%

PGN-File: C:\Program Files (x86)\Arena\Tournaments\Engine Regression Battle 20251026_3.pgn

No:  B/W 1/2     W:B       1:2           Time        Value Moves Dep 1:2       1-2-Draws
  10 W 2    1.5:0.5        3.5:6.5       9:02:13 AM      +M1    61 3.333 :12.167  3-6-1

--------------------------------------------------------------

Engine-Match Monday, October 27, 2025 9:02:14 AM
 Blitz 2/1 

Pairing 18/28 :    SlowMate_v3.1  -  Random_Opponent

PGN-File: C:\Program Files (x86)\Arena\Tournaments\Engine Regression Battle 20251026_3.pgn

No:  B/W 1/2     W:B       1:2           Time        Value Moves Dep 1:2       1-2-Draws
  10 B 1    2.0:1.0        9.0:1.0       9:02:58 AM  -152.27    11 3.273 :0 8-0-2

--------------------------------------------------------------

Engine-Match Monday, October 27, 2025 9:03:00 AM
 Blitz 2/1 

Pairing 19/28 :    C0BR4_v2.9  -  V7P3R_v14.0

PGN-File: C:\Program Files (x86)\Arena\Tournaments\Engine Regression Battle 20251026_3.pgn

No:  B/W 1/2     W:B       1:2           Time        Value Moves Dep 1:2       1-2-Draws
  10 W 2    2.0:1.0        4.0:6.0       9:05:23 AM     0.00    30 4.000 :3.762  3-5-2

--------------------------------------------------------------

Engine-Match Monday, October 27, 2025 9:05:24 AM
 Blitz 2/1 

Pairing 20/28 :    V7P3R_v14.3  -  V7P3R_v14.2

PGN-File: C:\Program Files (x86)\Arena\Tournaments\Engine Regression Battle 20251026_3.pgn

No:  B/W 1/2     W:B       1:2           Time        Value Moves Dep 1:2       1-2-Draws
  10 W 2    1.0:0.0        1.0:9.0       9:06:55 AM   +14.94    18 3.125 :3.917  1-9-0

--------------------------------------------------------------

Engine-Match Monday, October 27, 2025 9:06:57 AM
 Blitz 2/1 

Pairing 21/28 :    SlowMate_v3.1  -  V7P3R_v12.6

PGN-File: C:\Program Files (x86)\Arena\Tournaments\Engine Regression Battle 20251026_3.pgn

No:  B/W 1/2     W:B       1:2           Time        Value Moves Dep 1:2       1-2-Draws
  10 W 2    2.5:1.5        2.5:7.5       9:11:32 AM     0.00    45 3.045 :3.450  1-6-3

--------------------------------------------------------------

Engine-Match Monday, October 27, 2025 9:11:33 AM
 Blitz 2/1 

Pairing 22/28 :    V7P3R_v14.0  -  Stockfish 1%

PGN-File: C:\Program Files (x86)\Arena\Tournaments\Engine Regression Battle 20251026_3.pgn

No:  B/W 1/2     W:B       1:2           Time        Value Moves Dep 1:2       1-2-Draws
  10 W 2    1.5:0.5        0.5:9.5       9:14:57 AM   +25.24    77 3.704 :11.600  0-9-1

--------------------------------------------------------------

Engine-Match Monday, October 27, 2025 9:14:58 AM
 Blitz 2/1 

Pairing 23/28 :    Random_Opponent  -  V7P3R_v14.3

PGN-File: C:\Program Files (x86)\Arena\Tournaments\Engine Regression Battle 20251026_3.pgn

No:  B/W 1/2     W:B       1:2           Time        Value Moves Dep 1:2       1-2-Draws
  10 W 2    1.0:0.0        0.0:10.0      9:15:40 AM     0.00    16 0:3.000  0-10-0

--------------------------------------------------------------

Engine-Match Monday, October 27, 2025 9:15:42 AM
 Blitz 2/1 

Pairing 24/28 :    V7P3R_v14.2  -  C0BR4_v2.9

PGN-File: C:\Program Files (x86)\Arena\Tournaments\Engine Regression Battle 20251026_3.pgn

No:  B/W 1/2     W:B       1:2           Time        Value Moves Dep 1:2       1-2-Draws
  10 W 2    2.0:1.0        5.0:5.0       9:17:31 AM  +299.97    28 3.850 :3.923  4-4-2

--------------------------------------------------------------

Engine-Match Monday, October 27, 2025 9:17:33 AM
 Blitz 2/1 

Pairing 25/28 :    V7P3R_v12.6  -  V7P3R_v14.0

PGN-File: C:\Program Files (x86)\Arena\Tournaments\Engine Regression Battle 20251026_3.pgn

No:  B/W 1/2     W:B       1:2           Time        Value Moves Dep 1:2       1-2-Draws
  10 W 2    1.0:0.0        2.0:8.0       9:22:28 AM  +289.99    62 3.364 :4.000  2-8-0

--------------------------------------------------------------

Engine-Match Monday, October 27, 2025 9:22:29 AM
 Blitz 2/1 

Pairing 26/28 :    V7P3R_v14.3  -  SlowMate_v3.1

PGN-File: C:\Program Files (x86)\Arena\Tournaments\Engine Regression Battle 20251026_3.pgn

No:  B/W 1/2     W:B       1:2           Time        Value Moves Dep 1:2       1-2-Draws
  10 W 2    1.5:0.5        0.5:9.5       9:26:28 AM   +10.90    45 3.037 :3.185  0-9-1

--------------------------------------------------------------

Engine-Match Monday, October 27, 2025 9:26:29 AM
 Blitz 2/1 

Pairing 27/28 :    Stockfish 1%  -  V7P3R_v14.2

PGN-File: C:\Program Files (x86)\Arena\Tournaments\Engine Regression Battle 20251026_3.pgn

No:  B/W 1/2     W:B       1:2           Time        Value Moves Dep 1:2       1-2-Draws
  10 B 1    1.5:0.5        8.5:1.5       9:28:58 AM      -M1    39 10.167 :4.067  8-1-1

--------------------------------------------------------------

Engine-Match Monday, October 27, 2025 9:29:00 AM
 Blitz 2/1 

Pairing 28/28 :    C0BR4_v2.9  -  Random_Opponent

PGN-File: C:\Program Files (x86)\Arena\Tournaments\Engine Regression Battle 20251026_3.pgn

No:  B/W 1/2     W:B       1:2           Time        Value Moves Dep 1:2       1-2-Draws
  10 B 1    1.0:0.0        10.0:0.0      9:29:13 AM  -299.97    10 3.750 :0 10-0-0
