Engine-Match Saturday, September 20, 2025 2:23:19 AM
 Blitz 2/1 

Pairing 1/28 :    V7P3R_v10.0  -  V7P3R_v8.0

PGN-File: C:\Program Files (x86)\Arena\Tournaments\Engine Regression Battle 20250920.pgn

No:  B/W 1/2     W:B       1:2           Time        Value Moves Dep 1:2       1-2-Draws
   1 W 1    1.0:0.0        1.0:0.0       2:24:03 AM   +30.00     5 4.800 :5.000  1-0-0

--------------------------------------------------------------

Engine-Match Saturday, September 20, 2025 2:24:04 AM
 Blitz 2/1 

Pairing 2/28 :    V7P3R_v11  -  V7P3R_v10.2

PGN-File: C:\Program Files (x86)\Arena\Tournaments\Engine Regression Battle 20250920.pgn

No:  B/W 1/2     W:B       1:2           Time        Value Moves Dep 1:2       1-2-Draws
   1 B 2    1.0:0.0        0.0:1.0       2:25:26 AM  -289.98    21 3.167 :5.000  0-1-0

--------------------------------------------------------------

Engine-Match Saturday, September 20, 2025 2:25:27 AM
 Blitz 2/1 

Pairing 3/28 :    V7P3R_v10.4  -  V7P3R_v10.9

PGN-File: C:\Program Files (x86)\Arena\Tournaments\Engine Regression Battle 20250920.pgn

No:  B/W 1/2     W:B       1:2           Time        Value Moves Dep 1:2       1-2-Draws
   1 W 1    1.0:0.0        1.0:0.0       2:27:57 AM     0.00     1 4.000 :0 1-0-0

--------------------------------------------------------------

Engine-Match Saturday, September 20, 2025 2:27:58 AM
 Blitz 2/1 

Pairing 4/28 :    V7P3R_v10.8  -  V7P3R_v10.6

PGN-File: C:\Program Files (x86)\Arena\Tournaments\Engine Regression Battle 20250920.pgn

No:  B/W 1/2     W:B       1:2           Time        Value Moves Dep 1:2       1-2-Draws
   1 B 2    1.0:0.0        0.0:1.0       2:32:47 AM  -289.96    64 2.750 :2.563  0-1-0

--------------------------------------------------------------

Engine-Match Saturday, September 20, 2025 2:32:49 AM
 Blitz 2/1 

Pairing 5/28 :    V7P3R_v11  -  V7P3R_v10.0

PGN-File: C:\Program Files (x86)\Arena\Tournaments\Engine Regression Battle 20250920.pgn

No:  B/W 1/2     W:B       1:2           Time        Value Moves Dep 1:2       1-2-Draws
   1 B 2    1.0:0.0        0.0:1.0       2:34:35 AM  -289.98    17 3.000 :4.882  0-1-0

--------------------------------------------------------------

Engine-Match Saturday, September 20, 2025 2:34:36 AM
 Blitz 2/1 

Pairing 6/28 :    V7P3R_v10.9  -  V7P3R_v8.0

PGN-File: C:\Program Files (x86)\Arena\Tournaments\Engine Regression Battle 20250920.pgn

No:  B/W 1/2     W:B       1:2           Time        Value Moves Dep 1:2       1-2-Draws
   1 B 2    1.0:0.0        0.0:1.0       2:36:59 AM     0.00     1 0:0 0-1-0

--------------------------------------------------------------

Engine-Match Saturday, September 20, 2025 2:37:00 AM
 Blitz 2/1 

Pairing 7/28 :    V7P3R_v10.2  -  V7P3R_v10.8

PGN-File: C:\Program Files (x86)\Arena\Tournaments\Engine Regression Battle 20250920.pgn

No:  B/W 1/2     W:B       1:2           Time        Value Moves Dep 1:2       1-2-Draws
   1 = =    0.5:0.5        0.5:0.5       2:40:27 AM     0.00    39 4.190 :2.857  0-0-1

--------------------------------------------------------------

Engine-Match Saturday, September 20, 2025 2:40:29 AM
 Blitz 2/1 

Pairing 8/28 :    V7P3R_v10.6  -  V7P3R_v10.4

PGN-File: C:\Program Files (x86)\Arena\Tournaments\Engine Regression Battle 20250920.pgn

No:  B/W 1/2     W:B       1:2           Time        Value Moves Dep 1:2       1-2-Draws
   1 W 1    1.0:0.0        1.0:0.0       2:43:09 AM   +11.47    22 2.762 :2.818  1-0-0

--------------------------------------------------------------

Engine-Match Saturday, September 20, 2025 2:43:10 AM
 Blitz 2/1 

Pairing 9/28 :    V7P3R_v10.0  -  V7P3R_v10.9

PGN-File: C:\Program Files (x86)\Arena\Tournaments\Engine Regression Battle 20250920.pgn

No:  B/W 1/2     W:B       1:2           Time        Value Moves Dep 1:2       1-2-Draws
   1 W 1    1.0:0.0        1.0:0.0       2:45:45 AM     0.00     1 6.000 :0 1-0-0

--------------------------------------------------------------

Engine-Match Saturday, September 20, 2025 2:45:47 AM
 Blitz 2/1 

Pairing 10/28 :    V7P3R_v10.8  -  V7P3R_v11

PGN-File: C:\Program Files (x86)\Arena\Tournaments\Engine Regression Battle 20250920.pgn

No:  B/W 1/2     W:B       1:2           Time        Value Moves Dep 1:2       1-2-Draws
   1 W 1    1.0:0.0        1.0:0.0       2:48:28 AM  +289.97    51 3.080 :2.500  1-0-0

--------------------------------------------------------------

Engine-Match Saturday, September 20, 2025 2:48:29 AM
 Blitz 2/1 

Pairing 11/28 :    V7P3R_v8.0  -  V7P3R_v10.6

PGN-File: C:\Program Files (x86)\Arena\Tournaments\Engine Regression Battle 20250920.pgn

No:  B/W 1/2     W:B       1:2           Time        Value Moves Dep 1:2       1-2-Draws
   1 B 2    1.0:0.0        0.0:1.0       2:49:40 AM    -M500     8 5.125 :3.714  0-1-0

--------------------------------------------------------------

Engine-Match Saturday, September 20, 2025 2:49:42 AM
 Blitz 2/1 

Pairing 12/28 :    V7P3R_v10.4  -  V7P3R_v10.2

PGN-File: C:\Program Files (x86)\Arena\Tournaments\Engine Regression Battle 20250920.pgn

No:  B/W 1/2     W:B       1:2           Time        Value Moves Dep 1:2       1-2-Draws
   1 B 2    1.0:0.0        0.0:1.0       2:52:23 AM   -12.27    25 3.211 :4.611  0-1-0

--------------------------------------------------------------

Engine-Match Saturday, September 20, 2025 2:52:24 AM
 Blitz 2/1 

Pairing 13/28 :    V7P3R_v10.8  -  V7P3R_v10.0

PGN-File: C:\Program Files (x86)\Arena\Tournaments\Engine Regression Battle 20250920.pgn

No:  B/W 1/2     W:B       1:2           Time        Value Moves Dep 1:2       1-2-Draws
   1 B 2    1.0:0.0        0.0:1.0       2:57:17 AM   -36.61    72 3.095 :4.143  0-1-0

--------------------------------------------------------------

Engine-Match Saturday, September 20, 2025 2:57:19 AM
 Blitz 2/1 

Pairing 14/28 :    V7P3R_v10.6  -  V7P3R_v10.9

PGN-File: C:\Program Files (x86)\Arena\Tournaments\Engine Regression Battle 20250920.pgn

No:  B/W 1/2     W:B       1:2           Time        Value Moves Dep 1:2       1-2-Draws
   1 W 1    1.0:0.0        1.0:0.0       2:59:48 AM     0.00     1 4.000 :0 1-0-0

--------------------------------------------------------------

Engine-Match Saturday, September 20, 2025 2:59:49 AM
 Blitz 2/1 

Pairing 15/28 :    V7P3R_v11  -  V7P3R_v10.4

PGN-File: C:\Program Files (x86)\Arena\Tournaments\Engine Regression Battle 20250920.pgn

No:  B/W 1/2     W:B       1:2           Time        Value Moves Dep 1:2       1-2-Draws
   1 B 2    1.0:0.0        0.0:1.0       3:01:56 AM  -289.97    42 2.778 :3.500  0-1-0

--------------------------------------------------------------

Engine-Match Saturday, September 20, 2025 3:01:57 AM
 Blitz 2/1 

Pairing 16/28 :    V7P3R_v10.2  -  V7P3R_v8.0

PGN-File: C:\Program Files (x86)\Arena\Tournaments\Engine Regression Battle 20250920.pgn

No:  B/W 1/2     W:B       1:2           Time        Value Moves Dep 1:2       1-2-Draws
   1 W 1    1.0:0.0        1.0:0.0       3:02:54 AM   +40.00     5 4.500 :5.000  1-0-0

--------------------------------------------------------------

Engine-Match Saturday, September 20, 2025 3:02:56 AM
 Blitz 2/1 

Pairing 17/28 :    V7P3R_v10.0  -  V7P3R_v10.6

PGN-File: C:\Program Files (x86)\Arena\Tournaments\Engine Regression Battle 20250920.pgn

No:  B/W 1/2     W:B       1:2           Time        Value Moves Dep 1:2       1-2-Draws
   1 W 1    1.0:0.0        1.0:0.0       3:06:26 AM  +289.98    32 4.500 :3.000  1-0-0

--------------------------------------------------------------

Engine-Match Saturday, September 20, 2025 3:06:27 AM
 Blitz 2/1 

Pairing 18/28 :    V7P3R_v10.4  -  V7P3R_v10.8

PGN-File: C:\Program Files (x86)\Arena\Tournaments\Engine Regression Battle 20250920.pgn

No:  B/W 1/2     W:B       1:2           Time        Value Moves Dep 1:2       1-2-Draws
   1 W 1    1.0:0.0        1.0:0.0       3:10:25 AM     0.00    50 3.154 :2.926  1-0-0

--------------------------------------------------------------

Engine-Match Saturday, September 20, 2025 3:10:26 AM
 Blitz 2/1 

Pairing 19/28 :    V7P3R_v10.9  -  V7P3R_v10.2

PGN-File: C:\Program Files (x86)\Arena\Tournaments\Engine Regression Battle 20250920.pgn

No:  B/W 1/2     W:B       1:2           Time        Value Moves Dep 1:2       1-2-Draws
   1 B 2    1.0:0.0        0.0:1.0       3:12:51 AM     0.00     1 0:0 0-1-0

--------------------------------------------------------------

Engine-Match Saturday, September 20, 2025 3:12:52 AM
 Blitz 2/1 

Pairing 20/28 :    V7P3R_v8.0  -  V7P3R_v11

PGN-File: C:\Program Files (x86)\Arena\Tournaments\Engine Regression Battle 20250920.pgn

No:  B/W 1/2     W:B       1:2           Time        Value Moves Dep 1:2       1-2-Draws
   1 W 1    1.0:0.0        1.0:0.0       3:15:09 AM      +M1    49 5.241 :2.958  1-0-0

--------------------------------------------------------------

Engine-Match Saturday, September 20, 2025 3:15:16 AM
 Blitz 2/1 

Pairing 21/28 :    V7P3R_v10.4  -  V7P3R_v10.0

PGN-File: C:\Program Files (x86)\Arena\Tournaments\Engine Regression Battle 20250920.pgn

No:  B/W 1/2     W:B       1:2           Time        Value Moves Dep 1:2       1-2-Draws
   1 B 2    1.0:0.0        0.0:1.0       3:19:53 AM  -289.98    61 3.143 :4.429  0-1-0

--------------------------------------------------------------

Engine-Match Saturday, September 20, 2025 3:19:55 AM
 Blitz 2/1 

Pairing 22/28 :    V7P3R_v10.2  -  V7P3R_v10.6

PGN-File: C:\Program Files (x86)\Arena\Tournaments\Engine Regression Battle 20250920.pgn

No:  B/W 1/2     W:B       1:2           Time        Value Moves Dep 1:2       1-2-Draws
   1 B 2    1.0:0.0        0.0:1.0       3:24:32 AM  -289.98    52 4.162 :2.860  0-1-0

--------------------------------------------------------------

Engine-Match Saturday, September 20, 2025 3:24:33 AM
 Blitz 2/1 

Pairing 23/28 :    V7P3R_v10.8  -  V7P3R_v8.0

PGN-File: C:\Program Files (x86)\Arena\Tournaments\Engine Regression Battle 20250920.pgn

No:  B/W 1/2     W:B       1:2           Time        Value Moves Dep 1:2       1-2-Draws
   1 W 1    1.0:0.0        1.0:0.0       3:26:17 AM  +208.00    12 3.364 :5.000  1-0-0

--------------------------------------------------------------

Engine-Match Saturday, September 20, 2025 3:26:19 AM
 Blitz 2/1 

Pairing 24/28 :    V7P3R_v11  -  V7P3R_v10.9

PGN-File: C:\Program Files (x86)\Arena\Tournaments\Engine Regression Battle 20250920.pgn

No:  B/W 1/2     W:B       1:2           Time        Value Moves Dep 1:2       1-2-Draws
   1 W 1    1.0:0.0        1.0:0.0       3:28:45 AM     0.00     1 5.000 :0 1-0-0

--------------------------------------------------------------

Engine-Match Saturday, September 20, 2025 3:28:46 AM
 Blitz 2/1 

Pairing 25/28 :    V7P3R_v10.0  -  V7P3R_v10.2

PGN-File: C:\Program Files (x86)\Arena\Tournaments\Engine Regression Battle 20250920.pgn

No:  B/W 1/2     W:B       1:2           Time        Value Moves Dep 1:2       1-2-Draws
   1 W 1    1.0:0.0        1.0:0.0       3:31:41 AM  +289.98    34 4.235 :4.600  1-0-0

--------------------------------------------------------------

Engine-Match Saturday, September 20, 2025 3:31:42 AM
 Blitz 2/1 

Pairing 26/28 :    V7P3R_v8.0  -  V7P3R_v10.4

PGN-File: C:\Program Files (x86)\Arena\Tournaments\Engine Regression Battle 20250920.pgn

No:  B/W 1/2     W:B       1:2           Time        Value Moves Dep 1:2       1-2-Draws
   1 B 2    1.0:0.0        0.0:1.0       3:32:42 AM    -M500     8 5.125 :3.500  0-1-0

--------------------------------------------------------------

Engine-Match Saturday, September 20, 2025 3:32:43 AM
 Blitz 2/1 

Pairing 27/28 :    V7P3R_v10.6  -  V7P3R_v11

PGN-File: C:\Program Files (x86)\Arena\Tournaments\Engine Regression Battle 20250920.pgn

No:  B/W 1/2     W:B       1:2           Time        Value Moves Dep 1:2       1-2-Draws
   1 W 1    1.0:0.0        1.0:0.0       3:35:06 AM  +289.96    40 2.821 :2.385  1-0-0

--------------------------------------------------------------

Engine-Match Saturday, September 20, 2025 3:35:07 AM
 Blitz 2/1 

Pairing 28/28 :    V7P3R_v10.9  -  V7P3R_v10.8

PGN-File: C:\Program Files (x86)\Arena\Tournaments\Engine Regression Battle 20250920.pgn

No:  B/W 1/2     W:B       1:2           Time        Value Moves Dep 1:2       1-2-Draws
   1 B 2    1.0:0.0        0.0:1.0       3:37:32 AM     0.00     1 0:0 0-1-0

--------------------------------------------------------------

Engine-Match Saturday, September 20, 2025 3:37:33 AM
 Blitz 2/1 

Pairing 1/28 :    V7P3R_v10.0  -  V7P3R_v8.0

PGN-File: C:\Program Files (x86)\Arena\Tournaments\Engine Regression Battle 20250920.pgn

No:  B/W 1/2     W:B       1:2           Time        Value Moves Dep 1:2       1-2-Draws
   2 B 1    1.0:0.0        2.0:0.0       3:38:28 AM  -220.00     8 4.857 :5.250  2-0-0

--------------------------------------------------------------

Engine-Match Saturday, September 20, 2025 3:38:30 AM
 Blitz 2/1 

Pairing 2/28 :    V7P3R_v11  -  V7P3R_v10.2

PGN-File: C:\Program Files (x86)\Arena\Tournaments\Engine Regression Battle 20250920.pgn

No:  B/W 1/2     W:B       1:2           Time        Value Moves Dep 1:2       1-2-Draws
   2 W 2    1.0:0.0        0.0:2.0       3:40:57 AM     0.00    52 2.923 :4.727  0-2-0

--------------------------------------------------------------

Engine-Match Saturday, September 20, 2025 3:40:58 AM
 Blitz 2/1 

Pairing 3/28 :    V7P3R_v10.4  -  V7P3R_v10.9

PGN-File: C:\Program Files (x86)\Arena\Tournaments\Engine Regression Battle 20250920.pgn

No:  B/W 1/2     W:B       1:2           Time        Value Moves Dep 1:2       1-2-Draws
   2 B 1    1.0:0.0        2.0:0.0       3:43:23 AM     0.00     1 0:0 2-0-0

--------------------------------------------------------------

Engine-Match Saturday, September 20, 2025 3:43:25 AM
 Blitz 2/1 

Pairing 4/28 :    V7P3R_v10.8  -  V7P3R_v10.6

PGN-File: C:\Program Files (x86)\Arena\Tournaments\Engine Regression Battle 20250920.pgn

No:  B/W 1/2     W:B       1:2           Time        Value Moves Dep 1:2       1-2-Draws
   2 = =    0.5:0.5        0.5:1.5       3:46:56 AM    +3.65    31 2.963 :3.069  0-1-1

--------------------------------------------------------------

Engine-Match Saturday, September 20, 2025 3:46:57 AM
 Blitz 2/1 

Pairing 5/28 :    V7P3R_v11  -  V7P3R_v10.0

PGN-File: C:\Program Files (x86)\Arena\Tournaments\Engine Regression Battle 20250920.pgn

No:  B/W 1/2     W:B       1:2           Time        Value Moves Dep 1:2       1-2-Draws
   2 W 2    1.0:0.0        0.0:2.0       3:48:56 AM  +289.98    23 2.778 :4.789  0-2-0

--------------------------------------------------------------

Engine-Match Saturday, September 20, 2025 3:48:57 AM
 Blitz 2/1 

Pairing 6/28 :    V7P3R_v10.9  -  V7P3R_v8.0

PGN-File: C:\Program Files (x86)\Arena\Tournaments\Engine Regression Battle 20250920.pgn

No:  B/W 1/2     W:B       1:2           Time        Value Moves Dep 1:2       1-2-Draws
   2 W 2    1.0:0.0        0.0:2.0       3:51:23 AM     0.00     1 0:5.000  0-2-0

--------------------------------------------------------------

Engine-Match Saturday, September 20, 2025 3:51:24 AM
 Blitz 2/1 

Pairing 7/28 :    V7P3R_v10.2  -  V7P3R_v10.8

PGN-File: C:\Program Files (x86)\Arena\Tournaments\Engine Regression Battle 20250920.pgn

No:  B/W 1/2     W:B       1:2           Time        Value Moves Dep 1:2       1-2-Draws
   2 = =    1.0:1.0        1.0:1.0       3:55:34 AM   -12.70    59 4.500 :3.158  0-0-2

--------------------------------------------------------------

Engine-Match Saturday, September 20, 2025 3:55:36 AM
 Blitz 2/1 

Pairing 8/28 :    V7P3R_v10.6  -  V7P3R_v10.4

PGN-File: C:\Program Files (x86)\Arena\Tournaments\Engine Regression Battle 20250920.pgn

No:  B/W 1/2     W:B       1:2           Time        Value Moves Dep 1:2       1-2-Draws
   2 = =    0.5:0.5        1.5:0.5       4:02:22 AM     0.00   119 2.806 :2.895  1-0-1

--------------------------------------------------------------

Engine-Match Saturday, September 20, 2025 4:02:23 AM
 Blitz 2/1 

Pairing 9/28 :    V7P3R_v10.0  -  V7P3R_v10.9

PGN-File: C:\Program Files (x86)\Arena\Tournaments\Engine Regression Battle 20250920.pgn

No:  B/W 1/2     W:B       1:2           Time        Value Moves Dep 1:2       1-2-Draws
   2 B 1    1.0:0.0        2.0:0.0       4:04:47 AM     0.00     1 0:0 2-0-0

--------------------------------------------------------------

Engine-Match Saturday, September 20, 2025 4:04:49 AM
 Blitz 2/1 

Pairing 10/28 :    V7P3R_v10.8  -  V7P3R_v11

PGN-File: C:\Program Files (x86)\Arena\Tournaments\Engine Regression Battle 20250920.pgn

No:  B/W 1/2     W:B       1:2           Time        Value Moves Dep 1:2       1-2-Draws
   2 B 1    1.0:0.0        2.0:0.0       4:07:24 AM  -289.97    34 2.839 :2.353  2-0-0

--------------------------------------------------------------

Engine-Match Saturday, September 20, 2025 4:07:26 AM
 Blitz 2/1 

Pairing 11/28 :    V7P3R_v8.0  -  V7P3R_v10.6

PGN-File: C:\Program Files (x86)\Arena\Tournaments\Engine Regression Battle 20250920.pgn

No:  B/W 1/2     W:B       1:2           Time        Value Moves Dep 1:2       1-2-Draws
   2 W 2    1.0:0.0        0.0:2.0       4:08:11 AM   +90.00     5 5.000 :3.500  0-2-0

--------------------------------------------------------------

Engine-Match Saturday, September 20, 2025 4:08:12 AM
 Blitz 2/1 

Pairing 12/28 :    V7P3R_v10.4  -  V7P3R_v10.2

PGN-File: C:\Program Files (x86)\Arena\Tournaments\Engine Regression Battle 20250920.pgn

No:  B/W 1/2     W:B       1:2           Time        Value Moves Dep 1:2       1-2-Draws
   2 W 2    1.0:0.0        0.0:2.0       4:12:26 AM     0.00    69 3.211 :4.294  0-2-0

--------------------------------------------------------------

Engine-Match Saturday, September 20, 2025 4:12:33 AM
 Blitz 2/1 

Pairing 13/28 :    V7P3R_v10.8  -  V7P3R_v10.0

PGN-File: C:\Program Files (x86)\Arena\Tournaments\Engine Regression Battle 20250920.pgn

No:  B/W 1/2     W:B       1:2           Time        Value Moves Dep 1:2       1-2-Draws
   2 = =    0.5:0.5        0.5:1.5       4:17:46 AM   +15.10    73 2.889 :4.421  0-1-1

--------------------------------------------------------------

Engine-Match Saturday, September 20, 2025 4:17:47 AM
 Blitz 2/1 

Pairing 14/28 :    V7P3R_v10.6  -  V7P3R_v10.9

PGN-File: C:\Program Files (x86)\Arena\Tournaments\Engine Regression Battle 20250920.pgn

No:  B/W 1/2     W:B       1:2           Time        Value Moves Dep 1:2       1-2-Draws
   2 B 1    1.0:0.0        2.0:0.0       4:20:11 AM     0.00     1 0:0 2-0-0

--------------------------------------------------------------

Engine-Match Saturday, September 20, 2025 4:20:12 AM
 Blitz 2/1 

Pairing 15/28 :    V7P3R_v11  -  V7P3R_v10.4

PGN-File: C:\Program Files (x86)\Arena\Tournaments\Engine Regression Battle 20250920.pgn

No:  B/W 1/2     W:B       1:2           Time        Value Moves Dep 1:2       1-2-Draws
   2 W 2    1.0:0.0        0.0:2.0       4:22:16 AM  +289.96    25 2.857 :3.368  0-2-0

--------------------------------------------------------------

Engine-Match Saturday, September 20, 2025 4:22:18 AM
 Blitz 2/1 

Pairing 16/28 :    V7P3R_v10.2  -  V7P3R_v8.0

PGN-File: C:\Program Files (x86)\Arena\Tournaments\Engine Regression Battle 20250920.pgn

No:  B/W 1/2     W:B       1:2           Time        Value Moves Dep 1:2       1-2-Draws
   2 B 1    1.0:0.0        2.0:0.0       4:23:21 AM  -220.00     8 4.857 :5.375  2-0-0

--------------------------------------------------------------

Engine-Match Saturday, September 20, 2025 4:23:23 AM
 Blitz 2/1 

Pairing 17/28 :    V7P3R_v10.0  -  V7P3R_v10.6

PGN-File: C:\Program Files (x86)\Arena\Tournaments\Engine Regression Battle 20250920.pgn

No:  B/W 1/2     W:B       1:2           Time        Value Moves Dep 1:2       1-2-Draws
   2 B 1    1.0:0.0        2.0:0.0       4:26:29 AM    -9.48    30 4.500 :3.125  2-0-0

--------------------------------------------------------------

Engine-Match Saturday, September 20, 2025 4:26:30 AM
 Blitz 2/1 

Pairing 18/28 :    V7P3R_v10.4  -  V7P3R_v10.8

PGN-File: C:\Program Files (x86)\Arena\Tournaments\Engine Regression Battle 20250920.pgn

No:  B/W 1/2     W:B       1:2           Time        Value Moves Dep 1:2       1-2-Draws
   2 W 2    1.0:0.0        1.0:1.0       4:29:26 AM     0.00    28 2.846 :3.000  1-1-0

--------------------------------------------------------------

Engine-Match Saturday, September 20, 2025 4:29:27 AM
 Blitz 2/1 

Pairing 19/28 :    V7P3R_v10.9  -  V7P3R_v10.2

PGN-File: C:\Program Files (x86)\Arena\Tournaments\Engine Regression Battle 20250920.pgn

No:  B/W 1/2     W:B       1:2           Time        Value Moves Dep 1:2       1-2-Draws
   2 W 2    1.0:0.0        0.0:2.0       4:32:14 AM     0.00     1 0:6.000  0-2-0

--------------------------------------------------------------

Engine-Match Saturday, September 20, 2025 4:32:16 AM
 Blitz 2/1 

Pairing 20/28 :    V7P3R_v8.0  -  V7P3R_v11

PGN-File: C:\Program Files (x86)\Arena\Tournaments\Engine Regression Battle 20250920.pgn

No:  B/W 1/2     W:B       1:2           Time        Value Moves Dep 1:2       1-2-Draws
   2 B 1    1.0:0.0        2.0:0.0       4:34:06 AM      -M1    39 5.357 :3.250  2-0-0

--------------------------------------------------------------

Engine-Match Saturday, September 20, 2025 4:34:08 AM
 Blitz 2/1 

Pairing 21/28 :    V7P3R_v10.4  -  V7P3R_v10.0

PGN-File: C:\Program Files (x86)\Arena\Tournaments\Engine Regression Battle 20250920.pgn

No:  B/W 1/2     W:B       1:2           Time        Value Moves Dep 1:2       1-2-Draws
   2 = =    0.5:0.5        0.5:1.5       4:38:30 AM   +20.60    41 3.143 :4.500  0-1-1

--------------------------------------------------------------

Engine-Match Saturday, September 20, 2025 4:38:31 AM
 Blitz 2/1 

Pairing 22/28 :    V7P3R_v10.2  -  V7P3R_v10.6

PGN-File: C:\Program Files (x86)\Arena\Tournaments\Engine Regression Battle 20250920.pgn

No:  B/W 1/2     W:B       1:2           Time        Value Moves Dep 1:2       1-2-Draws
   2 W 2    1.0:0.0        0.0:2.0       4:42:51 AM  +289.97    57 4.375 :3.000  0-2-0

--------------------------------------------------------------

Engine-Match Saturday, September 20, 2025 4:42:52 AM
 Blitz 2/1 

Pairing 23/28 :    V7P3R_v10.8  -  V7P3R_v8.0

PGN-File: C:\Program Files (x86)\Arena\Tournaments\Engine Regression Battle 20250920.pgn

No:  B/W 1/2     W:B       1:2           Time        Value Moves Dep 1:2       1-2-Draws
   2 B 1    1.0:0.0        2.0:0.0       4:44:07 AM    -M500     8 3.714 :5.000  2-0-0

--------------------------------------------------------------

Engine-Match Saturday, September 20, 2025 4:44:11 AM
 Blitz 2/1 

Pairing 24/28 :    V7P3R_v11  -  V7P3R_v10.9

PGN-File: C:\Program Files (x86)\Arena\Tournaments\Engine Regression Battle 20250920.pgn

No:  B/W 1/2     W:B       1:2           Time        Value Moves Dep 1:2       1-2-Draws
   2 B 1    1.0:0.0        2.0:0.0       4:46:37 AM     0.00     1 0:0 2-0-0

--------------------------------------------------------------

Engine-Match Saturday, September 20, 2025 4:46:38 AM
 Blitz 2/1 

Pairing 25/28 :    V7P3R_v10.0  -  V7P3R_v10.2

PGN-File: C:\Program Files (x86)\Arena\Tournaments\Engine Regression Battle 20250920.pgn

No:  B/W 1/2     W:B       1:2           Time        Value Moves Dep 1:2       1-2-Draws
   2 = =    0.5:0.5        1.5:0.5       4:52:12 AM     0.00    95 4.741 :4.563  1-0-1

--------------------------------------------------------------

Engine-Match Saturday, September 20, 2025 4:52:14 AM
 Blitz 2/1 

Pairing 26/28 :    V7P3R_v8.0  -  V7P3R_v10.4

PGN-File: C:\Program Files (x86)\Arena\Tournaments\Engine Regression Battle 20250920.pgn

No:  B/W 1/2     W:B       1:2           Time        Value Moves Dep 1:2       1-2-Draws
   2 W 2    1.0:0.0        0.0:2.0       4:52:59 AM   +90.00     5 5.000 :3.500  0-2-0

--------------------------------------------------------------

Engine-Match Saturday, September 20, 2025 4:53:01 AM
 Blitz 2/1 

Pairing 27/28 :    V7P3R_v10.6  -  V7P3R_v11

PGN-File: C:\Program Files (x86)\Arena\Tournaments\Engine Regression Battle 20250920.pgn

No:  B/W 1/2     W:B       1:2           Time        Value Moves Dep 1:2       1-2-Draws
   2 B 1    1.0:0.0        2.0:0.0       4:55:00 AM  -289.97    25 3.167 :2.650  2-0-0

--------------------------------------------------------------

Engine-Match Saturday, September 20, 2025 4:55:01 AM
 Blitz 2/1 

Pairing 28/28 :    V7P3R_v10.9  -  V7P3R_v10.8

PGN-File: C:\Program Files (x86)\Arena\Tournaments\Engine Regression Battle 20250920.pgn

No:  B/W 1/2     W:B       1:2           Time        Value Moves Dep 1:2       1-2-Draws
   2 W 2    1.0:0.0        0.0:2.0       4:57:31 AM     0.00     1 0:4.000  0-2-0

--------------------------------------------------------------

Engine-Match Saturday, September 20, 2025 4:57:33 AM
 Blitz 2/1 

Pairing 1/28 :    V7P3R_v10.0  -  V7P3R_v8.0

PGN-File: C:\Program Files (x86)\Arena\Tournaments\Engine Regression Battle 20250920.pgn

No:  B/W 1/2     W:B       1:2           Time        Value Moves Dep 1:2       1-2-Draws
   3 W 1    1.0:0.0        3.0:0.0       4:58:22 AM   +30.00     5 4.800 :5.200  3-0-0

--------------------------------------------------------------

Engine-Match Saturday, September 20, 2025 4:58:24 AM
 Blitz 2/1 

Pairing 2/28 :    V7P3R_v11  -  V7P3R_v10.2

PGN-File: C:\Program Files (x86)\Arena\Tournaments\Engine Regression Battle 20250920.pgn

No:  B/W 1/2     W:B       1:2           Time        Value Moves Dep 1:2       1-2-Draws
   3 B 2    1.0:0.0        0.0:3.0       5:00:34 AM  -289.98    33 2.688 :4.583  0-3-0

--------------------------------------------------------------

Engine-Match Saturday, September 20, 2025 5:00:35 AM
 Blitz 2/1 

Pairing 3/28 :    V7P3R_v10.4  -  V7P3R_v10.9

PGN-File: C:\Program Files (x86)\Arena\Tournaments\Engine Regression Battle 20250920.pgn

No:  B/W 1/2     W:B       1:2           Time        Value Moves Dep 1:2       1-2-Draws
   3 W 1    1.0:0.0        3.0:0.0       5:03:06 AM     0.00     1 4.000 :0 3-0-0

--------------------------------------------------------------

Engine-Match Saturday, September 20, 2025 5:03:08 AM
 Blitz 2/1 

Pairing 4/28 :    V7P3R_v10.8  -  V7P3R_v10.6

PGN-File: C:\Program Files (x86)\Arena\Tournaments\Engine Regression Battle 20250920.pgn

No:  B/W 1/2     W:B       1:2           Time        Value Moves Dep 1:2       1-2-Draws
   3 = =    1.0:1.0        1.0:2.0       5:08:15 AM    +3.39    56 2.839 :2.710  0-1-2

--------------------------------------------------------------

Engine-Match Saturday, September 20, 2025 5:08:22 AM
 Blitz 2/1 

Pairing 5/28 :    V7P3R_v11  -  V7P3R_v10.0

PGN-File: C:\Program Files (x86)\Arena\Tournaments\Engine Regression Battle 20250920.pgn

No:  B/W 1/2     W:B       1:2           Time        Value Moves Dep 1:2       1-2-Draws
   3 B 2    1.0:0.0        0.0:3.0       5:10:48 AM  -289.98    43 2.824 :4.824  0-3-0

--------------------------------------------------------------

Engine-Match Saturday, September 20, 2025 5:10:49 AM
 Blitz 2/1 

Pairing 6/28 :    V7P3R_v10.9  -  V7P3R_v8.0

PGN-File: C:\Program Files (x86)\Arena\Tournaments\Engine Regression Battle 20250920.pgn

No:  B/W 1/2     W:B       1:2           Time        Value Moves Dep 1:2       1-2-Draws
   3 B 2    1.0:0.0        0.0:3.0       5:13:12 AM     0.00     1 0:0 0-3-0

--------------------------------------------------------------

Engine-Match Saturday, September 20, 2025 5:13:14 AM
 Blitz 2/1 

Pairing 7/28 :    V7P3R_v10.2  -  V7P3R_v10.8

PGN-File: C:\Program Files (x86)\Arena\Tournaments\Engine Regression Battle 20250920.pgn

No:  B/W 1/2     W:B       1:2           Time        Value Moves Dep 1:2       1-2-Draws
   3 B 2    2.0:1.0        1.0:2.0       5:16:54 AM  -289.96    31 4.087 :2.839  0-1-2

--------------------------------------------------------------

Engine-Match Saturday, September 20, 2025 5:16:55 AM
 Blitz 2/1 

Pairing 8/28 :    V7P3R_v10.6  -  V7P3R_v10.4

PGN-File: C:\Program Files (x86)\Arena\Tournaments\Engine Regression Battle 20250920.pgn

No:  B/W 1/2     W:B       1:2           Time        Value Moves Dep 1:2       1-2-Draws
   3 W 1    1.5:0.5        2.5:0.5       5:20:41 AM     0.00    51 3.136 :3.000  2-0-1

--------------------------------------------------------------

Engine-Match Saturday, September 20, 2025 5:20:42 AM
 Blitz 2/1 

Pairing 9/28 :    V7P3R_v10.0  -  V7P3R_v10.9

PGN-File: C:\Program Files (x86)\Arena\Tournaments\Engine Regression Battle 20250920.pgn

No:  B/W 1/2     W:B       1:2           Time        Value Moves Dep 1:2       1-2-Draws
   3 W 1    1.0:0.0        3.0:0.0       5:23:16 AM     0.00     1 6.000 :0 3-0-0

--------------------------------------------------------------

Engine-Match Saturday, September 20, 2025 5:23:17 AM
 Blitz 2/1 

Pairing 10/28 :    V7P3R_v10.8  -  V7P3R_v11

PGN-File: C:\Program Files (x86)\Arena\Tournaments\Engine Regression Battle 20250920.pgn

No:  B/W 1/2     W:B       1:2           Time        Value Moves Dep 1:2       1-2-Draws
   3 W 1    1.0:0.0        3.0:0.0       5:25:18 AM  +289.98    32 3.294 :2.647  3-0-0

--------------------------------------------------------------

Engine-Match Saturday, September 20, 2025 5:25:20 AM
 Blitz 2/1 

Pairing 11/28 :    V7P3R_v8.0  -  V7P3R_v10.6

PGN-File: C:\Program Files (x86)\Arena\Tournaments\Engine Regression Battle 20250920.pgn

No:  B/W 1/2     W:B       1:2           Time        Value Moves Dep 1:2       1-2-Draws
   3 B 2    1.0:0.0        0.0:3.0       5:26:21 AM    -M500     8 5.125 :3.857  0-3-0

--------------------------------------------------------------

Engine-Match Saturday, September 20, 2025 5:26:23 AM
 Blitz 2/1 

Pairing 12/28 :    V7P3R_v10.4  -  V7P3R_v10.2

PGN-File: C:\Program Files (x86)\Arena\Tournaments\Engine Regression Battle 20250920.pgn

No:  B/W 1/2     W:B       1:2           Time        Value Moves Dep 1:2       1-2-Draws
   3 = =    0.5:0.5        0.5:2.5       5:29:14 AM     0.00    53 3.636 :4.556  0-2-1

--------------------------------------------------------------

Engine-Match Saturday, September 20, 2025 5:29:15 AM
 Blitz 2/1 

Pairing 13/28 :    V7P3R_v10.8  -  V7P3R_v10.0

PGN-File: C:\Program Files (x86)\Arena\Tournaments\Engine Regression Battle 20250920.pgn

No:  B/W 1/2     W:B       1:2           Time        Value Moves Dep 1:2       1-2-Draws
   3 = =    1.0:1.0        1.0:2.0       5:33:11 AM     0.00    52 3.350 :4.625  0-1-2

--------------------------------------------------------------

Engine-Match Saturday, September 20, 2025 5:33:12 AM
 Blitz 2/1 

Pairing 14/28 :    V7P3R_v10.6  -  V7P3R_v10.9

PGN-File: C:\Program Files (x86)\Arena\Tournaments\Engine Regression Battle 20250920.pgn

No:  B/W 1/2     W:B       1:2           Time        Value Moves Dep 1:2       1-2-Draws
   3 W 1    1.0:0.0        3.0:0.0       5:35:40 AM     0.00     1 4.000 :0 3-0-0

--------------------------------------------------------------

Engine-Match Saturday, September 20, 2025 5:35:41 AM
 Blitz 2/1 

Pairing 15/28 :    V7P3R_v11  -  V7P3R_v10.4

PGN-File: C:\Program Files (x86)\Arena\Tournaments\Engine Regression Battle 20250920.pgn

No:  B/W 1/2     W:B       1:2           Time        Value Moves Dep 1:2       1-2-Draws
   3 B 2    1.0:0.0        0.0:3.0       5:37:13 AM  -289.96    17 2.824 :3.533  0-3-0

--------------------------------------------------------------

Engine-Match Saturday, September 20, 2025 5:37:15 AM
 Blitz 2/1 

Pairing 16/28 :    V7P3R_v10.2  -  V7P3R_v8.0

PGN-File: C:\Program Files (x86)\Arena\Tournaments\Engine Regression Battle 20250920.pgn

No:  B/W 1/2     W:B       1:2           Time        Value Moves Dep 1:2       1-2-Draws
   3 W 1    1.0:0.0        3.0:0.0       5:37:58 AM   +55.00     5 4.750 :5.200  3-0-0

--------------------------------------------------------------

Engine-Match Saturday, September 20, 2025 5:37:59 AM
 Blitz 2/1 

Pairing 17/28 :    V7P3R_v10.0  -  V7P3R_v10.6

PGN-File: C:\Program Files (x86)\Arena\Tournaments\Engine Regression Battle 20250920.pgn

No:  B/W 1/2     W:B       1:2           Time        Value Moves Dep 1:2       1-2-Draws
   3 B 2    1.0:0.0        2.0:1.0       5:41:49 AM    -9.70    41 4.478 :3.200  2-1-0

--------------------------------------------------------------

Engine-Match Saturday, September 20, 2025 5:41:51 AM
 Blitz 2/1 

Pairing 18/28 :    V7P3R_v10.4  -  V7P3R_v10.8

PGN-File: C:\Program Files (x86)\Arena\Tournaments\Engine Regression Battle 20250920.pgn

No:  B/W 1/2     W:B       1:2           Time        Value Moves Dep 1:2       1-2-Draws
   3 W 1    1.0:0.0        2.0:1.0       5:45:00 AM   +17.25    36 3.125 :3.091  2-1-0

--------------------------------------------------------------

Engine-Match Saturday, September 20, 2025 5:45:01 AM
 Blitz 2/1 

Pairing 19/28 :    V7P3R_v10.9  -  V7P3R_v10.2

PGN-File: C:\Program Files (x86)\Arena\Tournaments\Engine Regression Battle 20250920.pgn

No:  B/W 1/2     W:B       1:2           Time        Value Moves Dep 1:2       1-2-Draws
   3 B 2    1.0:0.0        0.0:3.0       5:47:26 AM     0.00     1 0:0 0-3-0

--------------------------------------------------------------

Engine-Match Saturday, September 20, 2025 5:47:27 AM
 Blitz 2/1 

Pairing 20/28 :    V7P3R_v8.0  -  V7P3R_v11

PGN-File: C:\Program Files (x86)\Arena\Tournaments\Engine Regression Battle 20250920.pgn

No:  B/W 1/2     W:B       1:2           Time        Value Moves Dep 1:2       1-2-Draws
   3 B 2    1.0:0.0        2.0:1.0       5:48:06 AM    -M500    10 5.200 :2.222  2-1-0

--------------------------------------------------------------

Engine-Match Saturday, September 20, 2025 5:48:07 AM
 Blitz 2/1 

Pairing 21/28 :    V7P3R_v10.4  -  V7P3R_v10.0

PGN-File: C:\Program Files (x86)\Arena\Tournaments\Engine Regression Battle 20250920.pgn

No:  B/W 1/2     W:B       1:2           Time        Value Moves Dep 1:2       1-2-Draws
   3 = =    1.0:1.0        1.0:2.0       5:52:00 AM     0.00    52 3.350 :4.625  0-1-2

--------------------------------------------------------------

Engine-Match Saturday, September 20, 2025 5:52:02 AM
 Blitz 2/1 

Pairing 22/28 :    V7P3R_v10.2  -  V7P3R_v10.6

PGN-File: C:\Program Files (x86)\Arena\Tournaments\Engine Regression Battle 20250920.pgn

No:  B/W 1/2     W:B       1:2           Time        Value Moves Dep 1:2       1-2-Draws
   3 = =    0.5:0.5        0.5:2.5       5:56:03 AM    -0.35    49 4.471 :3.174  0-2-1

--------------------------------------------------------------

Engine-Match Saturday, September 20, 2025 5:56:05 AM
 Blitz 2/1 

Pairing 23/28 :    V7P3R_v10.8  -  V7P3R_v8.0

PGN-File: C:\Program Files (x86)\Arena\Tournaments\Engine Regression Battle 20250920.pgn

No:  B/W 1/2     W:B       1:2           Time        Value Moves Dep 1:2       1-2-Draws
   3 W 1    1.0:0.0        3.0:0.0       5:57:04 AM  +195.00     7 3.500 :5.429  3-0-0

--------------------------------------------------------------

Engine-Match Saturday, September 20, 2025 5:57:06 AM
 Blitz 2/1 

Pairing 24/28 :    V7P3R_v11  -  V7P3R_v10.9

PGN-File: C:\Program Files (x86)\Arena\Tournaments\Engine Regression Battle 20250920.pgn

No:  B/W 1/2     W:B       1:2           Time        Value Moves Dep 1:2       1-2-Draws
   3 W 1    1.0:0.0        3.0:0.0       5:59:31 AM     0.00     1 5.000 :0 3-0-0

--------------------------------------------------------------

Engine-Match Saturday, September 20, 2025 5:59:38 AM
 Blitz 2/1 

Pairing 25/28 :    V7P3R_v10.0  -  V7P3R_v10.2

PGN-File: C:\Program Files (x86)\Arena\Tournaments\Engine Regression Battle 20250920.pgn

No:  B/W 1/2     W:B       1:2           Time        Value Moves Dep 1:2       1-2-Draws
   3 = =    1.0:1.0        2.0:1.0       6:03:20 AM    -1.90    55 4.500 :4.750  1-0-2

--------------------------------------------------------------

Engine-Match Saturday, September 20, 2025 6:03:22 AM
 Blitz 2/1 

Pairing 26/28 :    V7P3R_v8.0  -  V7P3R_v10.4

PGN-File: C:\Program Files (x86)\Arena\Tournaments\Engine Regression Battle 20250920.pgn

No:  B/W 1/2     W:B       1:2           Time        Value Moves Dep 1:2       1-2-Draws
   3 B 2    1.0:0.0        0.0:3.0       6:04:27 AM    -M500     8 5.125 :3.857  0-3-0

--------------------------------------------------------------

Engine-Match Saturday, September 20, 2025 6:04:29 AM
 Blitz 2/1 

Pairing 27/28 :    V7P3R_v10.6  -  V7P3R_v11

PGN-File: C:\Program Files (x86)\Arena\Tournaments\Engine Regression Battle 20250920.pgn

No:  B/W 1/2     W:B       1:2           Time        Value Moves Dep 1:2       1-2-Draws
   3 W 1    1.0:0.0        3.0:0.0       6:06:40 AM     0.00    38 2.958 :2.478  3-0-0

--------------------------------------------------------------

Engine-Match Saturday, September 20, 2025 6:06:41 AM
 Blitz 2/1 

Pairing 28/28 :    V7P3R_v10.9  -  V7P3R_v10.8

PGN-File: C:\Program Files (x86)\Arena\Tournaments\Engine Regression Battle 20250920.pgn

No:  B/W 1/2     W:B       1:2           Time        Value Moves Dep 1:2       1-2-Draws
   3 B 2    1.0:0.0        0.0:3.0       6:09:06 AM     0.00     1 0:0 0-3-0

--------------------------------------------------------------

Engine-Match Saturday, September 20, 2025 6:09:07 AM
 Blitz 2/1 

Pairing 1/28 :    V7P3R_v10.0  -  V7P3R_v8.0

PGN-File: C:\Program Files (x86)\Arena\Tournaments\Engine Regression Battle 20250920.pgn

No:  B/W 1/2     W:B       1:2           Time        Value Moves Dep 1:2       1-2-Draws
   4 B 1    1.0:0.0        4.0:0.0       6:09:45 AM  -120.00     6 5.200 :5.167  4-0-0

--------------------------------------------------------------

Engine-Match Saturday, September 20, 2025 6:09:46 AM
 Blitz 2/1 

Pairing 2/28 :    V7P3R_v11  -  V7P3R_v10.2

PGN-File: C:\Program Files (x86)\Arena\Tournaments\Engine Regression Battle 20250920.pgn

No:  B/W 1/2     W:B       1:2           Time        Value Moves Dep 1:2       1-2-Draws
   4 W 2    1.0:0.0        0.0:4.0       6:10:56 AM  +289.98    13 3.182 :4.889  0-4-0

--------------------------------------------------------------

Engine-Match Saturday, September 20, 2025 6:10:58 AM
 Blitz 2/1 

Pairing 3/28 :    V7P3R_v10.4  -  V7P3R_v10.9

PGN-File: C:\Program Files (x86)\Arena\Tournaments\Engine Regression Battle 20250920.pgn

No:  B/W 1/2     W:B       1:2           Time        Value Moves Dep 1:2       1-2-Draws
   4 B 1    1.0:0.0        4.0:0.0       6:13:21 AM     0.00     1 0:0 4-0-0

--------------------------------------------------------------

Engine-Match Saturday, September 20, 2025 6:13:23 AM
 Blitz 2/1 

Pairing 4/28 :    V7P3R_v10.8  -  V7P3R_v10.6

PGN-File: C:\Program Files (x86)\Arena\Tournaments\Engine Regression Battle 20250920.pgn

No:  B/W 1/2     W:B       1:2           Time        Value Moves Dep 1:2       1-2-Draws
   4 W 2    2.0:1.0        1.0:3.0       6:17:08 AM   +14.10    39 2.974 :3.000  0-2-2

--------------------------------------------------------------

Engine-Match Saturday, September 20, 2025 6:17:10 AM
 Blitz 2/1 

Pairing 5/28 :    V7P3R_v11  -  V7P3R_v10.0

PGN-File: C:\Program Files (x86)\Arena\Tournaments\Engine Regression Battle 20250920.pgn

No:  B/W 1/2     W:B       1:2           Time        Value Moves Dep 1:2       1-2-Draws
   4 W 2    1.0:0.0        0.0:4.0       6:19:43 AM  +289.98    37 2.773 :4.609  0-4-0

--------------------------------------------------------------

Engine-Match Saturday, September 20, 2025 6:19:44 AM
 Blitz 2/1 

Pairing 6/28 :    V7P3R_v10.9  -  V7P3R_v8.0

PGN-File: C:\Program Files (x86)\Arena\Tournaments\Engine Regression Battle 20250920.pgn

No:  B/W 1/2     W:B       1:2           Time        Value Moves Dep 1:2       1-2-Draws
   4 W 2    1.0:0.0        0.0:4.0       6:22:08 AM     0.00     1 0:5.000  0-4-0

--------------------------------------------------------------

Engine-Match Saturday, September 20, 2025 6:22:09 AM
 Blitz 2/1 

Pairing 7/28 :    V7P3R_v10.2  -  V7P3R_v10.8

PGN-File: C:\Program Files (x86)\Arena\Tournaments\Engine Regression Battle 20250920.pgn

No:  B/W 1/2     W:B       1:2           Time        Value Moves Dep 1:2       1-2-Draws
   4 W 2    2.0:1.0        1.0:3.0       6:26:42 AM  +289.96    68 4.357 :3.400  0-2-2

--------------------------------------------------------------

Engine-Match Saturday, September 20, 2025 6:26:44 AM
 Blitz 2/1 

Pairing 8/28 :    V7P3R_v10.6  -  V7P3R_v10.4

PGN-File: C:\Program Files (x86)\Arena\Tournaments\Engine Regression Battle 20250920.pgn

No:  B/W 1/2     W:B       1:2           Time        Value Moves Dep 1:2       1-2-Draws
   4 W 2    1.5:0.5        2.5:1.5       6:30:21 AM   +14.10    39 2.947 :2.973  2-1-1

--------------------------------------------------------------

Engine-Match Saturday, September 20, 2025 6:30:23 AM
 Blitz 2/1 

Pairing 9/28 :    V7P3R_v10.0  -  V7P3R_v10.9

PGN-File: C:\Program Files (x86)\Arena\Tournaments\Engine Regression Battle 20250920.pgn

No:  B/W 1/2     W:B       1:2           Time        Value Moves Dep 1:2       1-2-Draws
   4 B 1    1.0:0.0        4.0:0.0       6:32:45 AM     0.00     1 0:0 4-0-0

--------------------------------------------------------------

Engine-Match Saturday, September 20, 2025 6:32:47 AM
 Blitz 2/1 

Pairing 10/28 :    V7P3R_v10.8  -  V7P3R_v11

PGN-File: C:\Program Files (x86)\Arena\Tournaments\Engine Regression Battle 20250920.pgn

No:  B/W 1/2     W:B       1:2           Time        Value Moves Dep 1:2       1-2-Draws
   4 B 1    1.0:0.0        4.0:0.0       6:34:44 AM  -289.96    30 3.148 :2.633  4-0-0

--------------------------------------------------------------

Engine-Match Saturday, September 20, 2025 6:34:45 AM
 Blitz 2/1 

Pairing 11/28 :    V7P3R_v8.0  -  V7P3R_v10.6

PGN-File: C:\Program Files (x86)\Arena\Tournaments\Engine Regression Battle 20250920.pgn

No:  B/W 1/2     W:B       1:2           Time        Value Moves Dep 1:2       1-2-Draws
   4 W 2    1.0:0.0        0.0:4.0       6:36:16 AM  +200.00    12 5.083 :3.250  0-4-0

--------------------------------------------------------------

Engine-Match Saturday, September 20, 2025 6:36:17 AM
 Blitz 2/1 

Pairing 12/28 :    V7P3R_v10.4  -  V7P3R_v10.2

PGN-File: C:\Program Files (x86)\Arena\Tournaments\Engine Regression Battle 20250920.pgn

No:  B/W 1/2     W:B       1:2           Time        Value Moves Dep 1:2       1-2-Draws
   4 = =    1.0:1.0        1.0:3.0       6:40:21 AM    -0.35    49 3.125 :4.412  0-2-2

--------------------------------------------------------------

Engine-Match Saturday, September 20, 2025 6:40:23 AM
 Blitz 2/1 

Pairing 13/28 :    V7P3R_v10.8  -  V7P3R_v10.0

PGN-File: C:\Program Files (x86)\Arena\Tournaments\Engine Regression Battle 20250920.pgn

No:  B/W 1/2     W:B       1:2           Time        Value Moves Dep 1:2       1-2-Draws
   4 B 1    2.0:1.0        2.0:2.0       6:44:16 AM    -9.50    41 3.200 :4.478  1-1-2

--------------------------------------------------------------

Engine-Match Saturday, September 20, 2025 6:44:18 AM
 Blitz 2/1 

Pairing 14/28 :    V7P3R_v10.6  -  V7P3R_v10.9

PGN-File: C:\Program Files (x86)\Arena\Tournaments\Engine Regression Battle 20250920.pgn

No:  B/W 1/2     W:B       1:2           Time        Value Moves Dep 1:2       1-2-Draws
   4 B 1    1.0:0.0        4.0:0.0       6:46:41 AM     0.00     1 0:0 4-0-0

--------------------------------------------------------------

Engine-Match Saturday, September 20, 2025 6:46:43 AM
 Blitz 2/1 

Pairing 15/28 :    V7P3R_v11  -  V7P3R_v10.4

PGN-File: C:\Program Files (x86)\Arena\Tournaments\Engine Regression Battle 20250920.pgn

No:  B/W 1/2     W:B       1:2           Time        Value Moves Dep 1:2       1-2-Draws
   4 W 2    1.0:0.0        0.0:4.0       6:48:55 AM     0.00    38 2.478 :2.958  0-4-0

--------------------------------------------------------------

Engine-Match Saturday, September 20, 2025 6:48:56 AM
 Blitz 2/1 

Pairing 16/28 :    V7P3R_v10.2  -  V7P3R_v8.0

PGN-File: C:\Program Files (x86)\Arena\Tournaments\Engine Regression Battle 20250920.pgn

No:  B/W 1/2     W:B       1:2           Time        Value Moves Dep 1:2       1-2-Draws
   4 B 1    1.0:0.0        4.0:0.0       6:49:48 AM  -220.00     8 4.857 :5.375  4-0-0

--------------------------------------------------------------

Engine-Match Saturday, September 20, 2025 6:49:55 AM
 Blitz 2/1 

Pairing 17/28 :    V7P3R_v10.0  -  V7P3R_v10.6

PGN-File: C:\Program Files (x86)\Arena\Tournaments\Engine Regression Battle 20250920.pgn

No:  B/W 1/2     W:B       1:2           Time        Value Moves Dep 1:2       1-2-Draws
   4 W 2    1.0:0.0        2.0:2.0       6:53:52 AM     0.00    46 4.690 :3.280  2-2-0

--------------------------------------------------------------

Engine-Match Saturday, September 20, 2025 6:53:53 AM
 Blitz 2/1 

Pairing 18/28 :    V7P3R_v10.4  -  V7P3R_v10.8

PGN-File: C:\Program Files (x86)\Arena\Tournaments\Engine Regression Battle 20250920.pgn

No:  B/W 1/2     W:B       1:2           Time        Value Moves Dep 1:2       1-2-Draws
   4 W 2    1.0:0.0        2.0:2.0       6:57:04 AM   +17.25    36 3.091 :3.125  2-2-0

--------------------------------------------------------------

Engine-Match Saturday, September 20, 2025 6:57:05 AM
 Blitz 2/1 

Pairing 19/28 :    V7P3R_v10.9  -  V7P3R_v10.2

PGN-File: C:\Program Files (x86)\Arena\Tournaments\Engine Regression Battle 20250920.pgn

No:  B/W 1/2     W:B       1:2           Time        Value Moves Dep 1:2       1-2-Draws
   4 W 2    1.0:0.0        0.0:4.0       6:59:45 AM     0.00     1 0:6.000  0-4-0

--------------------------------------------------------------

Engine-Match Saturday, September 20, 2025 6:59:47 AM
 Blitz 2/1 

Pairing 20/28 :    V7P3R_v8.0  -  V7P3R_v11

PGN-File: C:\Program Files (x86)\Arena\Tournaments\Engine Regression Battle 20250920.pgn

No:  B/W 1/2     W:B       1:2           Time        Value Moves Dep 1:2       1-2-Draws
   4 B 1    1.0:0.0        3.0:1.0       7:01:29 AM      -M1    39 5.500 :3.500  3-1-0

--------------------------------------------------------------

Engine-Match Saturday, September 20, 2025 7:01:31 AM
 Blitz 2/1 

Pairing 21/28 :    V7P3R_v10.4  -  V7P3R_v10.0

PGN-File: C:\Program Files (x86)\Arena\Tournaments\Engine Regression Battle 20250920.pgn

No:  B/W 1/2     W:B       1:2           Time        Value Moves Dep 1:2       1-2-Draws
   4 B 1    2.0:1.0        2.0:2.0       7:05:23 AM    -9.70    41 3.200 :4.478  1-1-2

--------------------------------------------------------------

Engine-Match Saturday, September 20, 2025 7:05:24 AM
 Blitz 2/1 

Pairing 22/28 :    V7P3R_v10.2  -  V7P3R_v10.6

PGN-File: C:\Program Files (x86)\Arena\Tournaments\Engine Regression Battle 20250920.pgn

No:  B/W 1/2     W:B       1:2           Time        Value Moves Dep 1:2       1-2-Draws
   4 = =    1.0:1.0        1.0:3.0       7:08:34 AM    +4.60    55 4.556 :3.583  0-2-2

--------------------------------------------------------------

Engine-Match Saturday, September 20, 2025 7:08:35 AM
 Blitz 2/1 

Pairing 23/28 :    V7P3R_v10.8  -  V7P3R_v8.0

PGN-File: C:\Program Files (x86)\Arena\Tournaments\Engine Regression Battle 20250920.pgn

No:  B/W 1/2     W:B       1:2           Time        Value Moves Dep 1:2       1-2-Draws
   4 B 1    1.0:0.0        4.0:0.0       7:09:37 AM    -M500     8 3.857 :5.125  4-0-0

--------------------------------------------------------------

Engine-Match Saturday, September 20, 2025 7:09:38 AM
 Blitz 2/1 

Pairing 24/28 :    V7P3R_v11  -  V7P3R_v10.9

PGN-File: C:\Program Files (x86)\Arena\Tournaments\Engine Regression Battle 20250920.pgn

No:  B/W 1/2     W:B       1:2           Time        Value Moves Dep 1:2       1-2-Draws
   4 B 1    1.0:0.0        4.0:0.0       7:12:03 AM     0.00     1 0:0 4-0-0

--------------------------------------------------------------

Engine-Match Saturday, September 20, 2025 7:12:04 AM
 Blitz 2/1 

Pairing 25/28 :    V7P3R_v10.0  -  V7P3R_v10.2

PGN-File: C:\Program Files (x86)\Arena\Tournaments\Engine Regression Battle 20250920.pgn

No:  B/W 1/2     W:B       1:2           Time        Value Moves Dep 1:2       1-2-Draws
   4 = =    1.5:1.5        2.5:1.5       7:16:10 AM    +1.30    49 4.538 :4.417  1-0-3

--------------------------------------------------------------

Engine-Match Saturday, September 20, 2025 7:16:12 AM
 Blitz 2/1 

Pairing 26/28 :    V7P3R_v8.0  -  V7P3R_v10.4

PGN-File: C:\Program Files (x86)\Arena\Tournaments\Engine Regression Battle 20250920.pgn

No:  B/W 1/2     W:B       1:2           Time        Value Moves Dep 1:2       1-2-Draws
   4 W 2    1.0:0.0        0.0:4.0       7:17:45 AM  +200.00    12 5.083 :3.333  0-4-0

--------------------------------------------------------------

Engine-Match Saturday, September 20, 2025 7:17:46 AM
 Blitz 2/1 

Pairing 27/28 :    V7P3R_v10.6  -  V7P3R_v11

PGN-File: C:\Program Files (x86)\Arena\Tournaments\Engine Regression Battle 20250920.pgn

No:  B/W 1/2     W:B       1:2           Time        Value Moves Dep 1:2       1-2-Draws
   4 B 1    1.0:0.0        4.0:0.0       7:19:20 AM  -289.96    17 3.533 :2.882  4-0-0

--------------------------------------------------------------

Engine-Match Saturday, September 20, 2025 7:19:21 AM
 Blitz 2/1 

Pairing 28/28 :    V7P3R_v10.9  -  V7P3R_v10.8

PGN-File: C:\Program Files (x86)\Arena\Tournaments\Engine Regression Battle 20250920.pgn

No:  B/W 1/2     W:B       1:2           Time        Value Moves Dep 1:2       1-2-Draws
   4 W 2    1.0:0.0        0.0:4.0       7:21:49 AM     0.00     1 0:4.000  0-4-0

--------------------------------------------------------------

Engine-Match Saturday, September 20, 2025 7:21:50 AM
 Blitz 2/1 

Pairing 1/28 :    V7P3R_v10.0  -  V7P3R_v8.0

PGN-File: C:\Program Files (x86)\Arena\Tournaments\Engine Regression Battle 20250920.pgn

No:  B/W 1/2     W:B       1:2           Time        Value Moves Dep 1:2       1-2-Draws
   5 W 1    1.0:0.0        5.0:0.0       7:23:02 AM    +M134     9 5.222 :5.222  5-0-0

--------------------------------------------------------------

Engine-Match Saturday, September 20, 2025 7:23:03 AM
 Blitz 2/1 

Pairing 2/28 :    V7P3R_v11  -  V7P3R_v10.2

PGN-File: C:\Program Files (x86)\Arena\Tournaments\Engine Regression Battle 20250920.pgn

No:  B/W 1/2     W:B       1:2           Time        Value Moves Dep 1:2       1-2-Draws
   5 W 1    1.0:0.0        1.0:4.0       7:24:52 AM  +289.95    31 2.387 :4.600  1-4-0

--------------------------------------------------------------

Engine-Match Saturday, September 20, 2025 7:24:54 AM
 Blitz 2/1 

Pairing 3/28 :    V7P3R_v10.4  -  V7P3R_v10.9

PGN-File: C:\Program Files (x86)\Arena\Tournaments\Engine Regression Battle 20250920.pgn

No:  B/W 1/2     W:B       1:2           Time        Value Moves Dep 1:2       1-2-Draws
   5 W 1    1.0:0.0        5.0:0.0       7:27:21 AM     0.00     1 4.000 :0 5-0-0

--------------------------------------------------------------

Engine-Match Saturday, September 20, 2025 7:27:22 AM
 Blitz 2/1 

Pairing 4/28 :    V7P3R_v10.8  -  V7P3R_v10.6

PGN-File: C:\Program Files (x86)\Arena\Tournaments\Engine Regression Battle 20250920.pgn

No:  B/W 1/2     W:B       1:2           Time        Value Moves Dep 1:2       1-2-Draws
   5 W 1    2.0:1.0        2.0:3.0       7:30:35 AM   +17.25    36 3.125 :3.091  1-2-2

--------------------------------------------------------------

Engine-Match Saturday, September 20, 2025 7:30:36 AM
 Blitz 2/1 

Pairing 5/28 :    V7P3R_v11  -  V7P3R_v10.0

PGN-File: C:\Program Files (x86)\Arena\Tournaments\Engine Regression Battle 20250920.pgn

No:  B/W 1/2     W:B       1:2           Time        Value Moves Dep 1:2       1-2-Draws
   5 B 2    1.0:0.0        0.0:5.0       7:32:36 AM  -289.98    28 3.727 :5.462  0-5-0

--------------------------------------------------------------

Engine-Match Saturday, September 20, 2025 7:32:37 AM
 Blitz 2/1 

Pairing 6/28 :    V7P3R_v10.9  -  V7P3R_v8.0

PGN-File: C:\Program Files (x86)\Arena\Tournaments\Engine Regression Battle 20250920.pgn

No:  B/W 1/2     W:B       1:2           Time        Value Moves Dep 1:2       1-2-Draws
   5 B 2    1.0:0.0        0.0:5.0       7:35:00 AM     0.00     1 0:0 0-5-0

--------------------------------------------------------------

Engine-Match Saturday, September 20, 2025 7:35:01 AM
 Blitz 2/1 

Pairing 7/28 :    V7P3R_v10.2  -  V7P3R_v10.8

PGN-File: C:\Program Files (x86)\Arena\Tournaments\Engine Regression Battle 20250920.pgn

No:  B/W 1/2     W:B       1:2           Time        Value Moves Dep 1:2       1-2-Draws
   5 = =    1.5:1.5        1.5:3.5       7:39:03 AM    -0.35    49 4.471 :3.174  0-2-3

--------------------------------------------------------------

Engine-Match Saturday, September 20, 2025 7:39:04 AM
 Blitz 2/1 

Pairing 8/28 :    V7P3R_v10.6  -  V7P3R_v10.4

PGN-File: C:\Program Files (x86)\Arena\Tournaments\Engine Regression Battle 20250920.pgn

No:  B/W 1/2     W:B       1:2           Time        Value Moves Dep 1:2       1-2-Draws
   5 W 1    1.5:0.5        3.5:1.5       7:42:11 AM   +17.25    36 3.129 :3.091  3-1-1

--------------------------------------------------------------

Engine-Match Saturday, September 20, 2025 7:42:18 AM
 Blitz 2/1 

Pairing 9/28 :    V7P3R_v10.0  -  V7P3R_v10.9

PGN-File: C:\Program Files (x86)\Arena\Tournaments\Engine Regression Battle 20250920.pgn

No:  B/W 1/2     W:B       1:2           Time        Value Moves Dep 1:2       1-2-Draws
   5 W 1    1.0:0.0        5.0:0.0       7:44:48 AM     0.00     1 6.000 :0 5-0-0

--------------------------------------------------------------

Engine-Match Saturday, September 20, 2025 7:44:50 AM
 Blitz 2/1 

Pairing 10/28 :    V7P3R_v10.8  -  V7P3R_v11

PGN-File: C:\Program Files (x86)\Arena\Tournaments\Engine Regression Battle 20250920.pgn

No:  B/W 1/2     W:B       1:2           Time        Value Moves Dep 1:2       1-2-Draws
   5 W 1    1.0:0.0        5.0:0.0       7:46:43 AM  +289.97    22 3.136 :2.400  5-0-0

--------------------------------------------------------------

Engine-Match Saturday, September 20, 2025 7:46:44 AM
 Blitz 2/1 

Pairing 11/28 :    V7P3R_v8.0  -  V7P3R_v10.6

PGN-File: C:\Program Files (x86)\Arena\Tournaments\Engine Regression Battle 20250920.pgn

No:  B/W 1/2     W:B       1:2           Time        Value Moves Dep 1:2       1-2-Draws
   5 B 2    1.0:0.0        0.0:5.0       7:47:46 AM    -M500     8 5.125 :3.857  0-5-0

--------------------------------------------------------------

Engine-Match Saturday, September 20, 2025 7:47:48 AM
 Blitz 2/1 

Pairing 12/28 :    V7P3R_v10.4  -  V7P3R_v10.2

PGN-File: C:\Program Files (x86)\Arena\Tournaments\Engine Regression Battle 20250920.pgn

No:  B/W 1/2     W:B       1:2           Time        Value Moves Dep 1:2       1-2-Draws
   5 = =    1.5:1.5        1.5:3.5       7:51:18 AM     0.00    46 3.333 :4.667  0-2-3

--------------------------------------------------------------

Engine-Match Saturday, September 20, 2025 7:51:19 AM
 Blitz 2/1 

Pairing 13/28 :    V7P3R_v10.8  -  V7P3R_v10.0

PGN-File: C:\Program Files (x86)\Arena\Tournaments\Engine Regression Battle 20250920.pgn

No:  B/W 1/2     W:B       1:2           Time        Value Moves Dep 1:2       1-2-Draws
   5 = =    1.5:1.5        2.5:2.5       7:56:28 AM    +7.80    70 3.200 :4.229  1-1-3

--------------------------------------------------------------

Engine-Match Saturday, September 20, 2025 7:56:30 AM
 Blitz 2/1 

Pairing 14/28 :    V7P3R_v10.6  -  V7P3R_v10.9

PGN-File: C:\Program Files (x86)\Arena\Tournaments\Engine Regression Battle 20250920.pgn

No:  B/W 1/2     W:B       1:2           Time        Value Moves Dep 1:2       1-2-Draws
   5 W 1    1.0:0.0        5.0:0.0       7:58:57 AM     0.00     1 4.000 :0 5-0-0

--------------------------------------------------------------

Engine-Match Saturday, September 20, 2025 7:58:58 AM
 Blitz 2/1 

Pairing 15/28 :    V7P3R_v11  -  V7P3R_v10.4

PGN-File: C:\Program Files (x86)\Arena\Tournaments\Engine Regression Battle 20250920.pgn

No:  B/W 1/2     W:B       1:2           Time        Value Moves Dep 1:2       1-2-Draws
   5 B 2    1.0:0.0        0.0:5.0       8:00:30 AM  -289.96    17 2.882 :3.533  0-5-0

--------------------------------------------------------------

Engine-Match Saturday, September 20, 2025 8:00:31 AM
 Blitz 2/1 

Pairing 16/28 :    V7P3R_v10.2  -  V7P3R_v8.0

PGN-File: C:\Program Files (x86)\Arena\Tournaments\Engine Regression Battle 20250920.pgn

No:  B/W 1/2     W:B       1:2           Time        Value Moves Dep 1:2       1-2-Draws
   5 W 1    1.0:0.0        5.0:0.0       8:01:13 AM   +55.00     5 4.750 :5.200  5-0-0

--------------------------------------------------------------

Engine-Match Saturday, September 20, 2025 8:01:15 AM
 Blitz 2/1 

Pairing 17/28 :    V7P3R_v10.0  -  V7P3R_v10.6

PGN-File: C:\Program Files (x86)\Arena\Tournaments\Engine Regression Battle 20250920.pgn

No:  B/W 1/2     W:B       1:2           Time        Value Moves Dep 1:2       1-2-Draws
   5 B 2    1.0:0.0        2.0:3.0       8:05:01 AM    -9.60    41 4.478 :3.200  2-3-0

--------------------------------------------------------------

Engine-Match Saturday, September 20, 2025 8:05:02 AM
 Blitz 2/1 

Pairing 18/28 :    V7P3R_v10.4  -  V7P3R_v10.8

PGN-File: C:\Program Files (x86)\Arena\Tournaments\Engine Regression Battle 20250920.pgn

No:  B/W 1/2     W:B       1:2           Time        Value Moves Dep 1:2       1-2-Draws
   5 W 1    1.0:0.0        3.0:2.0       8:08:12 AM   +11.17    37 3.061 :3.059  3-2-0

--------------------------------------------------------------

Engine-Match Saturday, September 20, 2025 8:08:13 AM
 Blitz 2/1 

Pairing 19/28 :    V7P3R_v10.9  -  V7P3R_v10.2

PGN-File: C:\Program Files (x86)\Arena\Tournaments\Engine Regression Battle 20250920.pgn

No:  B/W 1/2     W:B       1:2           Time        Value Moves Dep 1:2       1-2-Draws
   5 B 2    1.0:0.0        0.0:5.0       8:10:38 AM     0.00     1 0:0 0-5-0

--------------------------------------------------------------

Engine-Match Saturday, September 20, 2025 8:10:39 AM
 Blitz 2/1 

Pairing 20/28 :    V7P3R_v8.0  -  V7P3R_v11

PGN-File: C:\Program Files (x86)\Arena\Tournaments\Engine Regression Battle 20250920.pgn

No:  B/W 1/2     W:B       1:2           Time        Value Moves Dep 1:2       1-2-Draws
   5 B 2    1.0:0.0        3.0:2.0       8:11:18 AM    -M500    10 5.200 :2.333  3-2-0

--------------------------------------------------------------

Engine-Match Saturday, September 20, 2025 8:11:19 AM
 Blitz 2/1 

Pairing 21/28 :    V7P3R_v10.4  -  V7P3R_v10.0

PGN-File: C:\Program Files (x86)\Arena\Tournaments\Engine Regression Battle 20250920.pgn

No:  B/W 1/2     W:B       1:2           Time        Value Moves Dep 1:2       1-2-Draws
   5 W 1    2.0:1.0        3.0:2.0       8:15:56 AM  +289.97    56 3.250 :4.346  2-1-2

--------------------------------------------------------------

Engine-Match Saturday, September 20, 2025 8:15:57 AM
 Blitz 2/1 

Pairing 22/28 :    V7P3R_v10.2  -  V7P3R_v10.6

PGN-File: C:\Program Files (x86)\Arena\Tournaments\Engine Regression Battle 20250920.pgn

No:  B/W 1/2     W:B       1:2           Time        Value Moves Dep 1:2       1-2-Draws
   5 = =    1.5:1.5        1.5:3.5       8:19:56 AM    -0.35    49 4.471 :3.174  0-2-3

--------------------------------------------------------------

Engine-Match Saturday, September 20, 2025 8:19:58 AM
 Blitz 2/1 

Pairing 23/28 :    V7P3R_v10.8  -  V7P3R_v8.0

PGN-File: C:\Program Files (x86)\Arena\Tournaments\Engine Regression Battle 20250920.pgn

No:  B/W 1/2     W:B       1:2           Time        Value Moves Dep 1:2       1-2-Draws
   5 W 1    1.0:0.0        5.0:0.0       8:21:21 AM    +M500    12 3.500 :5.167  5-0-0

--------------------------------------------------------------

Engine-Match Saturday, September 20, 2025 8:21:23 AM
 Blitz 2/1 

Pairing 24/28 :    V7P3R_v11  -  V7P3R_v10.9

PGN-File: C:\Program Files (x86)\Arena\Tournaments\Engine Regression Battle 20250920.pgn

No:  B/W 1/2     W:B       1:2           Time        Value Moves Dep 1:2       1-2-Draws
   5 W 1    1.0:0.0        5.0:0.0       8:23:48 AM     0.00     1 5.000 :0 5-0-0

--------------------------------------------------------------

Engine-Match Saturday, September 20, 2025 8:23:49 AM
 Blitz 2/1 

Pairing 25/28 :    V7P3R_v10.0  -  V7P3R_v10.2

PGN-File: C:\Program Files (x86)\Arena\Tournaments\Engine Regression Battle 20250920.pgn

No:  B/W 1/2     W:B       1:2           Time        Value Moves Dep 1:2       1-2-Draws
   5 = =    2.0:2.0        3.0:2.0       8:27:09 AM   +43.00    46 4.682 :4.500  1-0-4

--------------------------------------------------------------

Engine-Match Saturday, September 20, 2025 8:27:10 AM
 Blitz 2/1 

Pairing 26/28 :    V7P3R_v8.0  -  V7P3R_v10.4

PGN-File: C:\Program Files (x86)\Arena\Tournaments\Engine Regression Battle 20250920.pgn

No:  B/W 1/2     W:B       1:2           Time        Value Moves Dep 1:2       1-2-Draws
   5 B 2    1.0:0.0        0.0:5.0       8:28:11 AM    -M500     8 5.125 :3.857  0-5-0

--------------------------------------------------------------

Engine-Match Saturday, September 20, 2025 8:28:12 AM
 Blitz 2/1 

Pairing 27/28 :    V7P3R_v10.6  -  V7P3R_v11

PGN-File: C:\Program Files (x86)\Arena\Tournaments\Engine Regression Battle 20250920.pgn

No:  B/W 1/2     W:B       1:2           Time        Value Moves Dep 1:2       1-2-Draws
   5 W 1    1.0:0.0        5.0:0.0       8:30:03 AM  +289.97    22 3.136 :2.400  5-0-0

--------------------------------------------------------------

Engine-Match Saturday, September 20, 2025 8:30:05 AM
 Blitz 2/1 

Pairing 28/28 :    V7P3R_v10.9  -  V7P3R_v10.8

PGN-File: C:\Program Files (x86)\Arena\Tournaments\Engine Regression Battle 20250920.pgn

No:  B/W 1/2     W:B       1:2           Time        Value Moves Dep 1:2       1-2-Draws
   5 B 2    1.0:0.0        0.0:5.0       8:32:29 AM     0.00     1 0:0 0-5-0

--------------------------------------------------------------

Engine-Match Saturday, September 20, 2025 8:32:35 AM
 Blitz 2/1 

Pairing 1/28 :    V7P3R_v10.0  -  V7P3R_v8.0

PGN-File: C:\Program Files (x86)\Arena\Tournaments\Engine Regression Battle 20250920.pgn

No:  B/W 1/2     W:B       1:2           Time        Value Moves Dep 1:2       1-2-Draws
   6 B 1    1.0:0.0        6.0:0.0       8:33:24 AM  -220.00     8 5.000 :5.375  6-0-0

--------------------------------------------------------------

Engine-Match Saturday, September 20, 2025 8:33:26 AM
 Blitz 2/1 

Pairing 2/28 :    V7P3R_v11  -  V7P3R_v10.2

PGN-File: C:\Program Files (x86)\Arena\Tournaments\Engine Regression Battle 20250920.pgn

No:  B/W 1/2     W:B       1:2           Time        Value Moves Dep 1:2       1-2-Draws
   6 W 2    1.0:0.0        1.0:5.0       8:35:28 AM     0.00    38 3.000 :5.000  1-5-0

--------------------------------------------------------------

Engine-Match Saturday, September 20, 2025 8:35:30 AM
 Blitz 2/1 

Pairing 3/28 :    V7P3R_v10.4  -  V7P3R_v10.9

PGN-File: C:\Program Files (x86)\Arena\Tournaments\Engine Regression Battle 20250920.pgn

No:  B/W 1/2     W:B       1:2           Time        Value Moves Dep 1:2       1-2-Draws
   6 B 1    1.0:0.0        6.0:0.0       8:37:54 AM     0.00     1 0:0 6-0-0

--------------------------------------------------------------

Engine-Match Saturday, September 20, 2025 8:37:55 AM
 Blitz 2/1 

Pairing 4/28 :    V7P3R_v10.8  -  V7P3R_v10.6

PGN-File: C:\Program Files (x86)\Arena\Tournaments\Engine Regression Battle 20250920.pgn

No:  B/W 1/2     W:B       1:2           Time        Value Moves Dep 1:2       1-2-Draws
   6 W 2    2.0:1.0        2.0:4.0       8:42:09 AM   +19.03    55 3.049 :3.024  1-3-2

--------------------------------------------------------------

Engine-Match Saturday, September 20, 2025 8:42:11 AM
 Blitz 2/1 

Pairing 5/28 :    V7P3R_v11  -  V7P3R_v10.0

PGN-File: C:\Program Files (x86)\Arena\Tournaments\Engine Regression Battle 20250920.pgn

No:  B/W 1/2     W:B       1:2           Time        Value Moves Dep 1:2       1-2-Draws
   6 W 2    1.0:0.0        0.0:6.0       8:44:25 AM  +289.98    28 2.833 :4.769  0-6-0

--------------------------------------------------------------

Engine-Match Saturday, September 20, 2025 8:44:27 AM
 Blitz 2/1 

Pairing 6/28 :    V7P3R_v10.9  -  V7P3R_v8.0

PGN-File: C:\Program Files (x86)\Arena\Tournaments\Engine Regression Battle 20250920.pgn

No:  B/W 1/2     W:B       1:2           Time        Value Moves Dep 1:2       1-2-Draws
   6 W 2    1.0:0.0        0.0:6.0       8:46:51 AM     0.00     1 0:5.000  0-6-0

--------------------------------------------------------------

Engine-Match Saturday, September 20, 2025 8:46:52 AM
 Blitz 2/1 

Pairing 7/28 :    V7P3R_v10.2  -  V7P3R_v10.8

PGN-File: C:\Program Files (x86)\Arena\Tournaments\Engine Regression Battle 20250920.pgn

No:  B/W 1/2     W:B       1:2           Time        Value Moves Dep 1:2       1-2-Draws
   6 = =    2.0:2.0        2.0:4.0       8:49:59 AM    +4.60    55 4.556 :3.727  0-2-4

--------------------------------------------------------------

Engine-Match Saturday, September 20, 2025 8:50:01 AM
 Blitz 2/1 

Pairing 8/28 :    V7P3R_v10.6  -  V7P3R_v10.4

PGN-File: C:\Program Files (x86)\Arena\Tournaments\Engine Regression Battle 20250920.pgn

No:  B/W 1/2     W:B       1:2           Time        Value Moves Dep 1:2       1-2-Draws
   6 W 2    1.5:0.5        3.5:2.5       8:53:13 AM   +11.17    37 3.059 :3.061  3-2-1

--------------------------------------------------------------

Engine-Match Saturday, September 20, 2025 8:53:14 AM
 Blitz 2/1 

Pairing 9/28 :    V7P3R_v10.0  -  V7P3R_v10.9

PGN-File: C:\Program Files (x86)\Arena\Tournaments\Engine Regression Battle 20250920.pgn

No:  B/W 1/2     W:B       1:2           Time        Value Moves Dep 1:2       1-2-Draws
   6 B 1    1.0:0.0        6.0:0.0       8:55:36 AM     0.00     1 0:0 6-0-0

--------------------------------------------------------------

Engine-Match Saturday, September 20, 2025 8:55:38 AM
 Blitz 2/1 

Pairing 10/28 :    V7P3R_v10.8  -  V7P3R_v11

PGN-File: C:\Program Files (x86)\Arena\Tournaments\Engine Regression Battle 20250920.pgn

No:  B/W 1/2     W:B       1:2           Time        Value Moves Dep 1:2       1-2-Draws
   6 B 1    1.0:0.0        6.0:0.0       8:57:10 AM  -289.96    17 3.533 :2.882  6-0-0

--------------------------------------------------------------

Engine-Match Saturday, September 20, 2025 8:57:11 AM
 Blitz 2/1 

Pairing 11/28 :    V7P3R_v8.0  -  V7P3R_v10.6

PGN-File: C:\Program Files (x86)\Arena\Tournaments\Engine Regression Battle 20250920.pgn

No:  B/W 1/2     W:B       1:2           Time        Value Moves Dep 1:2       1-2-Draws
   6 W 2    1.0:0.0        0.0:6.0       8:58:11 AM  +195.00     7 5.429 :3.500  0-6-0

--------------------------------------------------------------

Engine-Match Saturday, September 20, 2025 8:58:12 AM
 Blitz 2/1 

Pairing 12/28 :    V7P3R_v10.4  -  V7P3R_v10.2

PGN-File: C:\Program Files (x86)\Arena\Tournaments\Engine Regression Battle 20250920.pgn

No:  B/W 1/2     W:B       1:2           Time        Value Moves Dep 1:2       1-2-Draws
   6 = =    2.0:2.0        2.0:4.0       9:02:14 AM    -0.35    49 3.174 :4.471  0-2-4

--------------------------------------------------------------

Engine-Match Saturday, September 20, 2025 9:02:15 AM
 Blitz 2/1 

Pairing 13/28 :    V7P3R_v10.8  -  V7P3R_v10.0

PGN-File: C:\Program Files (x86)\Arena\Tournaments\Engine Regression Battle 20250920.pgn

No:  B/W 1/2     W:B       1:2           Time        Value Moves Dep 1:2       1-2-Draws
   6 B 1    2.5:1.5        3.5:2.5       9:06:02 AM    -9.60    41 3.200 :4.478  2-1-3

--------------------------------------------------------------

Engine-Match Saturday, September 20, 2025 9:06:04 AM
 Blitz 2/1 

Pairing 14/28 :    V7P3R_v10.6  -  V7P3R_v10.9

PGN-File: C:\Program Files (x86)\Arena\Tournaments\Engine Regression Battle 20250920.pgn

No:  B/W 1/2     W:B       1:2           Time        Value Moves Dep 1:2       1-2-Draws
   6 B 1    1.0:0.0        6.0:0.0       9:08:28 AM     0.00     1 0:0 6-0-0

--------------------------------------------------------------

Engine-Match Saturday, September 20, 2025 9:08:29 AM
 Blitz 2/1 

Pairing 15/28 :    V7P3R_v11  -  V7P3R_v10.4

PGN-File: C:\Program Files (x86)\Arena\Tournaments\Engine Regression Battle 20250920.pgn

No:  B/W 1/2     W:B       1:2           Time        Value Moves Dep 1:2       1-2-Draws
   6 W 2    1.0:0.0        0.0:6.0       9:10:21 AM  +289.97    22 2.400 :3.136  0-6-0

--------------------------------------------------------------

Engine-Match Saturday, September 20, 2025 9:10:22 AM
 Blitz 2/1 

Pairing 16/28 :    V7P3R_v10.2  -  V7P3R_v8.0

PGN-File: C:\Program Files (x86)\Arena\Tournaments\Engine Regression Battle 20250920.pgn

No:  B/W 1/2     W:B       1:2           Time        Value Moves Dep 1:2       1-2-Draws
   6 B 1    1.0:0.0        6.0:0.0       9:11:13 AM  -220.00     8 4.857 :5.375  6-0-0

--------------------------------------------------------------

Engine-Match Saturday, September 20, 2025 9:11:14 AM
 Blitz 2/1 

Pairing 17/28 :    V7P3R_v10.0  -  V7P3R_v10.6

PGN-File: C:\Program Files (x86)\Arena\Tournaments\Engine Regression Battle 20250920.pgn

No:  B/W 1/2     W:B       1:2           Time        Value Moves Dep 1:2       1-2-Draws
   6 W 2    1.0:0.0        2.0:4.0       9:15:43 AM  +289.97    54 4.346 :3.250  2-4-0

--------------------------------------------------------------

Engine-Match Saturday, September 20, 2025 9:15:45 AM
 Blitz 2/1 

Pairing 18/28 :    V7P3R_v10.4  -  V7P3R_v10.8

PGN-File: C:\Program Files (x86)\Arena\Tournaments\Engine Regression Battle 20250920.pgn

No:  B/W 1/2     W:B       1:2           Time        Value Moves Dep 1:2       1-2-Draws
   6 W 2    1.0:0.0        3.0:3.0       9:18:56 AM   +11.17    37 3.059 :3.061  3-3-0

--------------------------------------------------------------

Engine-Match Saturday, September 20, 2025 9:18:57 AM
 Blitz 2/1 

Pairing 19/28 :    V7P3R_v10.9  -  V7P3R_v10.2

PGN-File: C:\Program Files (x86)\Arena\Tournaments\Engine Regression Battle 20250920.pgn

No:  B/W 1/2     W:B       1:2           Time        Value Moves Dep 1:2       1-2-Draws
   6 W 2    1.0:0.0        0.0:6.0       9:21:13 AM     0.00     1 0:6.000  0-6-0

--------------------------------------------------------------

Engine-Match Saturday, September 20, 2025 9:21:15 AM
 Blitz 2/1 

Pairing 20/28 :    V7P3R_v8.0  -  V7P3R_v11

PGN-File: C:\Program Files (x86)\Arena\Tournaments\Engine Regression Battle 20250920.pgn

No:  B/W 1/2     W:B       1:2           Time        Value Moves Dep 1:2       1-2-Draws
   6 B 1    1.0:0.0        4.0:2.0       9:22:43 AM      -M1    37 5.733 :3.769  4-2-0

--------------------------------------------------------------

Engine-Match Saturday, September 20, 2025 9:22:50 AM
 Blitz 2/1 

Pairing 21/28 :    V7P3R_v10.4  -  V7P3R_v10.0

PGN-File: C:\Program Files (x86)\Arena\Tournaments\Engine Regression Battle 20250920.pgn

No:  B/W 1/2     W:B       1:2           Time        Value Moves Dep 1:2       1-2-Draws
   6 B 1    2.0:1.0        4.0:2.0       9:27:38 AM   -27.90    66 3.133 :4.333  3-1-2

--------------------------------------------------------------

Engine-Match Saturday, September 20, 2025 9:27:39 AM
 Blitz 2/1 

Pairing 22/28 :    V7P3R_v10.2  -  V7P3R_v10.6

PGN-File: C:\Program Files (x86)\Arena\Tournaments\Engine Regression Battle 20250920.pgn

No:  B/W 1/2     W:B       1:2           Time        Value Moves Dep 1:2       1-2-Draws
   6 = =    2.0:2.0        2.0:4.0       9:30:41 AM    +4.60    55 4.556 :3.636  0-2-4

--------------------------------------------------------------

Engine-Match Saturday, September 20, 2025 9:30:43 AM
 Blitz 2/1 

Pairing 23/28 :    V7P3R_v10.8  -  V7P3R_v8.0

PGN-File: C:\Program Files (x86)\Arena\Tournaments\Engine Regression Battle 20250920.pgn

No:  B/W 1/2     W:B       1:2           Time        Value Moves Dep 1:2       1-2-Draws
   6 B 1    1.0:0.0        6.0:0.0       9:31:46 AM    -M500     8 3.857 :5.125  6-0-0

--------------------------------------------------------------

Engine-Match Saturday, September 20, 2025 9:31:48 AM
 Blitz 2/1 

Pairing 24/28 :    V7P3R_v11  -  V7P3R_v10.9

PGN-File: C:\Program Files (x86)\Arena\Tournaments\Engine Regression Battle 20250920.pgn

No:  B/W 1/2     W:B       1:2           Time        Value Moves Dep 1:2       1-2-Draws
   6 B 1    1.0:0.0        6.0:0.0       9:34:13 AM     0.00     1 0:0 6-0-0

--------------------------------------------------------------

Engine-Match Saturday, September 20, 2025 9:34:14 AM
 Blitz 2/1 

Pairing 25/28 :    V7P3R_v10.0  -  V7P3R_v10.2

PGN-File: C:\Program Files (x86)\Arena\Tournaments\Engine Regression Battle 20250920.pgn

No:  B/W 1/2     W:B       1:2           Time        Value Moves Dep 1:2       1-2-Draws
   6 B 1    3.0:2.0        4.0:2.0       9:39:03 AM   -16.80    69 4.615 :4.625  2-0-4

--------------------------------------------------------------

Engine-Match Saturday, September 20, 2025 9:39:05 AM
 Blitz 2/1 

Pairing 26/28 :    V7P3R_v8.0  -  V7P3R_v10.4

PGN-File: C:\Program Files (x86)\Arena\Tournaments\Engine Regression Battle 20250920.pgn

No:  B/W 1/2     W:B       1:2           Time        Value Moves Dep 1:2       1-2-Draws
   6 W 2    1.0:0.0        0.0:6.0       9:40:40 AM  +200.00    12 5.083 :3.333  0-6-0

--------------------------------------------------------------

Engine-Match Saturday, September 20, 2025 9:40:41 AM
 Blitz 2/1 

Pairing 27/28 :    V7P3R_v10.6  -  V7P3R_v11

PGN-File: C:\Program Files (x86)\Arena\Tournaments\Engine Regression Battle 20250920.pgn

No:  B/W 1/2     W:B       1:2           Time        Value Moves Dep 1:2       1-2-Draws
   6 B 1    1.0:0.0        6.0:0.0       9:42:16 AM  -289.96    17 3.533 :2.765  6-0-0

--------------------------------------------------------------

Engine-Match Saturday, September 20, 2025 9:42:18 AM
 Blitz 2/1 

Pairing 28/28 :    V7P3R_v10.9  -  V7P3R_v10.8

PGN-File: C:\Program Files (x86)\Arena\Tournaments\Engine Regression Battle 20250920.pgn

No:  B/W 1/2     W:B       1:2           Time        Value Moves Dep 1:2       1-2-Draws
   6 W 2    1.0:0.0        0.0:6.0       9:44:46 AM     0.00     1 0:4.000  0-6-0

--------------------------------------------------------------

Engine-Match Saturday, September 20, 2025 9:44:47 AM
 Blitz 2/1 

Pairing 1/28 :    V7P3R_v10.0  -  V7P3R_v8.0

PGN-File: C:\Program Files (x86)\Arena\Tournaments\Engine Regression Battle 20250920.pgn

No:  B/W 1/2     W:B       1:2           Time        Value Moves Dep 1:2       1-2-Draws
   7 W 1    1.0:0.0        7.0:0.0       9:46:03 AM    +M134     9 5.222 :5.222  7-0-0

--------------------------------------------------------------

Engine-Match Saturday, September 20, 2025 9:46:04 AM
 Blitz 2/1 

Pairing 2/28 :    V7P3R_v11  -  V7P3R_v10.2

PGN-File: C:\Program Files (x86)\Arena\Tournaments\Engine Regression Battle 20250920.pgn

No:  B/W 1/2     W:B       1:2           Time        Value Moves Dep 1:2       1-2-Draws
   7 B 2    1.0:0.0        1.0:6.0       9:48:04 AM  -289.99    35 2.667 :4.467  1-6-0

--------------------------------------------------------------

Engine-Match Saturday, September 20, 2025 9:48:05 AM
 Blitz 2/1 

Pairing 3/28 :    V7P3R_v10.4  -  V7P3R_v10.9

PGN-File: C:\Program Files (x86)\Arena\Tournaments\Engine Regression Battle 20250920.pgn

No:  B/W 1/2     W:B       1:2           Time        Value Moves Dep 1:2       1-2-Draws
   7 W 1    1.0:0.0        7.0:0.0       9:50:33 AM     0.00     1 4.000 :0 7-0-0

--------------------------------------------------------------

Engine-Match Saturday, September 20, 2025 9:50:34 AM
 Blitz 2/1 

Pairing 4/28 :    V7P3R_v10.8  -  V7P3R_v10.6

PGN-File: C:\Program Files (x86)\Arena\Tournaments\Engine Regression Battle 20250920.pgn

No:  B/W 1/2     W:B       1:2           Time        Value Moves Dep 1:2       1-2-Draws
   7 W 1    2.0:1.0        3.0:4.0       9:54:15 AM   +14.10    39 3.000 :3.000  2-3-2

--------------------------------------------------------------

Engine-Match Saturday, September 20, 2025 9:54:17 AM
 Blitz 2/1 

Pairing 5/28 :    V7P3R_v11  -  V7P3R_v10.0

PGN-File: C:\Program Files (x86)\Arena\Tournaments\Engine Regression Battle 20250920.pgn

No:  B/W 1/2     W:B       1:2           Time        Value Moves Dep 1:2       1-2-Draws
   7 B 2    1.0:0.0        0.0:7.0       9:56:11 AM  -289.98    28 3.727 :5.308  0-7-0

--------------------------------------------------------------

Engine-Match Saturday, September 20, 2025 9:56:13 AM
 Blitz 2/1 

Pairing 6/28 :    V7P3R_v10.9  -  V7P3R_v8.0

PGN-File: C:\Program Files (x86)\Arena\Tournaments\Engine Regression Battle 20250920.pgn

No:  B/W 1/2     W:B       1:2           Time        Value Moves Dep 1:2       1-2-Draws
   7 B 2    1.0:0.0        0.0:7.0       9:58:35 AM     0.00     1 0:0 0-7-0

--------------------------------------------------------------

Engine-Match Saturday, September 20, 2025 9:58:37 AM
 Blitz 2/1 

Pairing 7/28 :    V7P3R_v10.2  -  V7P3R_v10.8

PGN-File: C:\Program Files (x86)\Arena\Tournaments\Engine Regression Battle 20250920.pgn

No:  B/W 1/2     W:B       1:2           Time        Value Moves Dep 1:2       1-2-Draws
   7 = =    2.5:2.5        2.5:4.5       10:02:24 AM     0.00    46 4.412 :3.125  0-2-5

--------------------------------------------------------------

Engine-Match Saturday, September 20, 2025 10:02:26 AM
 Blitz 2/1 

Pairing 8/28 :    V7P3R_v10.6  -  V7P3R_v10.4

PGN-File: C:\Program Files (x86)\Arena\Tournaments\Engine Regression Battle 20250920.pgn

No:  B/W 1/2     W:B       1:2           Time        Value Moves Dep 1:2       1-2-Draws
   7 W 1    1.5:0.5        4.5:2.5       10:06:07 AM   +14.10    39 3.000 :2.974  4-2-1

--------------------------------------------------------------

Engine-Match Saturday, September 20, 2025 10:06:08 AM
 Blitz 2/1 

Pairing 9/28 :    V7P3R_v10.0  -  V7P3R_v10.9

PGN-File: C:\Program Files (x86)\Arena\Tournaments\Engine Regression Battle 20250920.pgn

No:  B/W 1/2     W:B       1:2           Time        Value Moves Dep 1:2       1-2-Draws
   7 W 1    1.0:0.0        7.0:0.0       10:08:41 AM     0.00     1 6.000 :0 7-0-0

--------------------------------------------------------------

Engine-Match Saturday, September 20, 2025 10:08:42 AM
 Blitz 2/1 

Pairing 10/28 :    V7P3R_v10.8  -  V7P3R_v11

PGN-File: C:\Program Files (x86)\Arena\Tournaments\Engine Regression Battle 20250920.pgn

No:  B/W 1/2     W:B       1:2           Time        Value Moves Dep 1:2       1-2-Draws
   7 W 1    1.0:0.0        7.0:0.0       10:10:52 AM     0.00    38 2.958 :2.435  7-0-0

--------------------------------------------------------------

Engine-Match Saturday, September 20, 2025 10:10:53 AM
 Blitz 2/1 

Pairing 11/28 :    V7P3R_v8.0  -  V7P3R_v10.6

PGN-File: C:\Program Files (x86)\Arena\Tournaments\Engine Regression Battle 20250920.pgn

No:  B/W 1/2     W:B       1:2           Time        Value Moves Dep 1:2       1-2-Draws
   7 B 2    1.0:0.0        0.0:7.0       10:12:00 AM    -M500     8 5.125 :3.857  0-7-0

--------------------------------------------------------------

Engine-Match Saturday, September 20, 2025 10:12:01 AM
 Blitz 2/1 

Pairing 12/28 :    V7P3R_v10.4  -  V7P3R_v10.2

PGN-File: C:\Program Files (x86)\Arena\Tournaments\Engine Regression Battle 20250920.pgn

No:  B/W 1/2     W:B       1:2           Time        Value Moves Dep 1:2       1-2-Draws
   7 = =    2.5:2.5        2.5:4.5       10:15:05 AM    +4.60    55 3.636 :4.556  0-2-5

--------------------------------------------------------------

Engine-Match Saturday, September 20, 2025 10:15:11 AM
 Blitz 2/1 

Pairing 13/28 :    V7P3R_v10.8  -  V7P3R_v10.0

PGN-File: C:\Program Files (x86)\Arena\Tournaments\Engine Regression Battle 20250920.pgn

No:  B/W 1/2     W:B       1:2           Time        Value Moves Dep 1:2       1-2-Draws
   7 W 1    2.5:1.5        4.5:2.5       10:19:11 AM     0.00    46 3.280 :4.655  3-1-3

--------------------------------------------------------------

Engine-Match Saturday, September 20, 2025 10:19:12 AM
 Blitz 2/1 

Pairing 14/28 :    V7P3R_v10.6  -  V7P3R_v10.9

PGN-File: C:\Program Files (x86)\Arena\Tournaments\Engine Regression Battle 20250920.pgn

No:  B/W 1/2     W:B       1:2           Time        Value Moves Dep 1:2       1-2-Draws
   7 W 1    1.0:0.0        7.0:0.0       10:21:40 AM     0.00     1 4.000 :0 7-0-0

--------------------------------------------------------------

Engine-Match Saturday, September 20, 2025 10:21:41 AM
 Blitz 2/1 

Pairing 15/28 :    V7P3R_v11  -  V7P3R_v10.4

PGN-File: C:\Program Files (x86)\Arena\Tournaments\Engine Regression Battle 20250920.pgn

No:  B/W 1/2     W:B       1:2           Time        Value Moves Dep 1:2       1-2-Draws
   7 B 2    1.0:0.0        0.0:7.0       10:23:40 AM  -289.96    30 2.633 :3.148  0-7-0

--------------------------------------------------------------

Engine-Match Saturday, September 20, 2025 10:23:41 AM
 Blitz 2/1 

Pairing 16/28 :    V7P3R_v10.2  -  V7P3R_v8.0

PGN-File: C:\Program Files (x86)\Arena\Tournaments\Engine Regression Battle 20250920.pgn

No:  B/W 1/2     W:B       1:2           Time        Value Moves Dep 1:2       1-2-Draws
   7 W 1    1.0:0.0        7.0:0.0       10:24:26 AM   +55.00     5 4.750 :5.200  7-0-0

--------------------------------------------------------------

Engine-Match Saturday, September 20, 2025 10:24:28 AM
 Blitz 2/1 

Pairing 17/28 :    V7P3R_v10.0  -  V7P3R_v10.6

PGN-File: C:\Program Files (x86)\Arena\Tournaments\Engine Regression Battle 20250920.pgn

No:  B/W 1/2     W:B       1:2           Time        Value Moves Dep 1:2       1-2-Draws
   7 = =    0.5:0.5        2.5:4.5       10:30:35 AM    -8.70    97 4.478 :3.200  2-4-1

--------------------------------------------------------------

Engine-Match Saturday, September 20, 2025 10:30:36 AM
 Blitz 2/1 

Pairing 18/28 :    V7P3R_v10.4  -  V7P3R_v10.8

PGN-File: C:\Program Files (x86)\Arena\Tournaments\Engine Regression Battle 20250920.pgn

No:  B/W 1/2     W:B       1:2           Time        Value Moves Dep 1:2       1-2-Draws
   7 W 1    1.0:0.0        4.0:3.0       10:34:16 AM   +14.10    39 3.000 :3.000  4-3-0

--------------------------------------------------------------

Engine-Match Saturday, September 20, 2025 10:34:17 AM
 Blitz 2/1 

Pairing 19/28 :    V7P3R_v10.9  -  V7P3R_v10.2

PGN-File: C:\Program Files (x86)\Arena\Tournaments\Engine Regression Battle 20250920.pgn

No:  B/W 1/2     W:B       1:2           Time        Value Moves Dep 1:2       1-2-Draws
   7 B 2    1.0:0.0        0.0:7.0       10:36:41 AM     0.00     1 0:0 0-7-0

--------------------------------------------------------------

Engine-Match Saturday, September 20, 2025 10:36:42 AM
 Blitz 2/1 

Pairing 20/28 :    V7P3R_v8.0  -  V7P3R_v11

PGN-File: C:\Program Files (x86)\Arena\Tournaments\Engine Regression Battle 20250920.pgn

No:  B/W 1/2     W:B       1:2           Time        Value Moves Dep 1:2       1-2-Draws
   7 = =    0.5:0.5        4.5:2.5       10:38:58 AM    +M500    56 5.300 :3.000  4-2-1

--------------------------------------------------------------

Engine-Match Saturday, September 20, 2025 10:39:00 AM
 Blitz 2/1 

Pairing 21/28 :    V7P3R_v10.4  -  V7P3R_v10.0

PGN-File: C:\Program Files (x86)\Arena\Tournaments\Engine Regression Battle 20250920.pgn

No:  B/W 1/2     W:B       1:2           Time        Value Moves Dep 1:2       1-2-Draws
   7 W 1    2.0:1.0        5.0:2.0       10:42:56 AM     0.00    46 3.280 :4.655  4-1-2

--------------------------------------------------------------

Engine-Match Saturday, September 20, 2025 10:42:58 AM
 Blitz 2/1 

Pairing 22/28 :    V7P3R_v10.2  -  V7P3R_v10.6

PGN-File: C:\Program Files (x86)\Arena\Tournaments\Engine Regression Battle 20250920.pgn

No:  B/W 1/2     W:B       1:2           Time        Value Moves Dep 1:2       1-2-Draws
   7 = =    2.5:2.5        2.5:4.5       10:47:05 AM    -0.35    49 4.412 :3.125  0-2-5

--------------------------------------------------------------

Engine-Match Saturday, September 20, 2025 10:47:07 AM
 Blitz 2/1 

Pairing 23/28 :    V7P3R_v10.8  -  V7P3R_v8.0

PGN-File: C:\Program Files (x86)\Arena\Tournaments\Engine Regression Battle 20250920.pgn

No:  B/W 1/2     W:B       1:2           Time        Value Moves Dep 1:2       1-2-Draws
   7 W 1    1.0:0.0        7.0:0.0       10:48:40 AM  +200.00    12 3.333 :5.083  7-0-0

--------------------------------------------------------------

Engine-Match Saturday, September 20, 2025 10:48:41 AM
 Blitz 2/1 

Pairing 24/28 :    V7P3R_v11  -  V7P3R_v10.9

PGN-File: C:\Program Files (x86)\Arena\Tournaments\Engine Regression Battle 20250920.pgn

No:  B/W 1/2     W:B       1:2           Time        Value Moves Dep 1:2       1-2-Draws
   7 W 1    1.0:0.0        7.0:0.0       10:51:07 AM     0.00     1 5.000 :0 7-0-0

--------------------------------------------------------------

Engine-Match Saturday, September 20, 2025 10:51:08 AM
 Blitz 2/1 

Pairing 25/28 :    V7P3R_v10.0  -  V7P3R_v10.2

PGN-File: C:\Program Files (x86)\Arena\Tournaments\Engine Regression Battle 20250920.pgn

No:  B/W 1/2     W:B       1:2           Time        Value Moves Dep 1:2       1-2-Draws
   7 W 1    3.0:2.0        5.0:2.0       10:54:42 AM  +289.98    43 4.381 :4.320  3-0-4

--------------------------------------------------------------

Engine-Match Saturday, September 20, 2025 10:54:44 AM
 Blitz 2/1 

Pairing 26/28 :    V7P3R_v8.0  -  V7P3R_v10.4

PGN-File: C:\Program Files (x86)\Arena\Tournaments\Engine Regression Battle 20250920.pgn

No:  B/W 1/2     W:B       1:2           Time        Value Moves Dep 1:2       1-2-Draws
   7 B 2    1.0:0.0        0.0:7.0       10:55:45 AM    -M500     8 5.125 :3.857  0-7-0

--------------------------------------------------------------

Engine-Match Saturday, September 20, 2025 10:55:46 AM
 Blitz 2/1 

Pairing 27/28 :    V7P3R_v10.6  -  V7P3R_v11

PGN-File: C:\Program Files (x86)\Arena\Tournaments\Engine Regression Battle 20250920.pgn

No:  B/W 1/2     W:B       1:2           Time        Value Moves Dep 1:2       1-2-Draws
   7 W 1    1.0:0.0        7.0:0.0       10:57:46 AM  +289.98    32 3.294 :2.647  7-0-0

--------------------------------------------------------------

Engine-Match Saturday, September 20, 2025 10:57:47 AM
 Blitz 2/1 

Pairing 28/28 :    V7P3R_v10.9  -  V7P3R_v10.8

PGN-File: C:\Program Files (x86)\Arena\Tournaments\Engine Regression Battle 20250920.pgn

No:  B/W 1/2     W:B       1:2           Time        Value Moves Dep 1:2       1-2-Draws
   7 B 2    1.0:0.0        0.0:7.0       11:00:12 AM     0.00     1 0:0 0-7-0

--------------------------------------------------------------

Engine-Match Saturday, September 20, 2025 11:00:13 AM
 Blitz 2/1 

Pairing 1/28 :    V7P3R_v10.0  -  V7P3R_v8.0

PGN-File: C:\Program Files (x86)\Arena\Tournaments\Engine Regression Battle 20250920.pgn

No:  B/W 1/2     W:B       1:2           Time        Value Moves Dep 1:2       1-2-Draws
   8 B 1    1.0:0.0        8.0:0.0       11:01:08 AM  -220.00     8 5.000 :5.375  8-0-0

--------------------------------------------------------------

Engine-Match Saturday, September 20, 2025 11:01:09 AM
 Blitz 2/1 

Pairing 2/28 :    V7P3R_v11  -  V7P3R_v10.2

PGN-File: C:\Program Files (x86)\Arena\Tournaments\Engine Regression Battle 20250920.pgn

No:  B/W 1/2     W:B       1:2           Time        Value Moves Dep 1:2       1-2-Draws
   8 W 2    1.0:0.0        1.0:7.0       11:02:58 AM     0.00    27 3.000 :4.778  1-7-0

--------------------------------------------------------------

Engine-Match Saturday, September 20, 2025 11:02:59 AM
 Blitz 2/1 

Pairing 3/28 :    V7P3R_v10.4  -  V7P3R_v10.9

PGN-File: C:\Program Files (x86)\Arena\Tournaments\Engine Regression Battle 20250920.pgn

No:  B/W 1/2     W:B       1:2           Time        Value Moves Dep 1:2       1-2-Draws
   8 B 1    1.0:0.0        8.0:0.0       11:05:24 AM     0.00     1 0:0 8-0-0

--------------------------------------------------------------

Engine-Match Saturday, September 20, 2025 11:05:25 AM
 Blitz 2/1 

Pairing 4/28 :    V7P3R_v10.8  -  V7P3R_v10.6

PGN-File: C:\Program Files (x86)\Arena\Tournaments\Engine Regression Battle 20250920.pgn

No:  B/W 1/2     W:B       1:2           Time        Value Moves Dep 1:2       1-2-Draws
   8 W 2    2.0:1.0        3.0:5.0       11:09:05 AM   +14.10    39 2.974 :3.000  2-4-2

--------------------------------------------------------------

Engine-Match Saturday, September 20, 2025 11:09:12 AM
 Blitz 2/1 

Pairing 5/28 :    V7P3R_v11  -  V7P3R_v10.0

PGN-File: C:\Program Files (x86)\Arena\Tournaments\Engine Regression Battle 20250920.pgn

No:  B/W 1/2     W:B       1:2           Time        Value Moves Dep 1:2       1-2-Draws
   8 W 2    1.0:0.0        0.0:8.0       11:11:25 AM  +289.98    28 2.792 :4.577  0-8-0

--------------------------------------------------------------

Engine-Match Saturday, September 20, 2025 11:11:27 AM
 Blitz 2/1 

Pairing 6/28 :    V7P3R_v10.9  -  V7P3R_v8.0

PGN-File: C:\Program Files (x86)\Arena\Tournaments\Engine Regression Battle 20250920.pgn

No:  B/W 1/2     W:B       1:2           Time        Value Moves Dep 1:2       1-2-Draws
   8 W 2    1.0:0.0        0.0:8.0       11:13:51 AM     0.00     1 0:5.000  0-8-0

--------------------------------------------------------------

Engine-Match Saturday, September 20, 2025 11:13:52 AM
 Blitz 2/1 

Pairing 7/28 :    V7P3R_v10.2  -  V7P3R_v10.8

PGN-File: C:\Program Files (x86)\Arena\Tournaments\Engine Regression Battle 20250920.pgn

No:  B/W 1/2     W:B       1:2           Time        Value Moves Dep 1:2       1-2-Draws
   8 = =    3.0:3.0        3.0:5.0       11:16:44 AM     0.00    53 4.556 :3.636  0-2-6

--------------------------------------------------------------

Engine-Match Saturday, September 20, 2025 11:16:45 AM
 Blitz 2/1 

Pairing 8/28 :    V7P3R_v10.6  -  V7P3R_v10.4

PGN-File: C:\Program Files (x86)\Arena\Tournaments\Engine Regression Battle 20250920.pgn

No:  B/W 1/2     W:B       1:2           Time        Value Moves Dep 1:2       1-2-Draws
   8 W 2    1.5:0.5        4.5:3.5       11:19:57 AM   +17.25    36 3.091 :3.125  4-3-1

--------------------------------------------------------------

Engine-Match Saturday, September 20, 2025 11:19:59 AM
 Blitz 2/1 

Pairing 9/28 :    V7P3R_v10.0  -  V7P3R_v10.9

PGN-File: C:\Program Files (x86)\Arena\Tournaments\Engine Regression Battle 20250920.pgn

No:  B/W 1/2     W:B       1:2           Time        Value Moves Dep 1:2       1-2-Draws
   8 B 1    1.0:0.0        8.0:0.0       11:22:21 AM     0.00     1 0:0 8-0-0

--------------------------------------------------------------

Engine-Match Saturday, September 20, 2025 11:22:22 AM
 Blitz 2/1 

Pairing 10/28 :    V7P3R_v10.8  -  V7P3R_v11

PGN-File: C:\Program Files (x86)\Arena\Tournaments\Engine Regression Battle 20250920.pgn

No:  B/W 1/2     W:B       1:2           Time        Value Moves Dep 1:2       1-2-Draws
   8 B 1    1.0:0.0        8.0:0.0       11:24:23 AM  -289.98    35 3.214 :2.778  8-0-0

--------------------------------------------------------------

Engine-Match Saturday, September 20, 2025 11:24:25 AM
 Blitz 2/1 

Pairing 11/28 :    V7P3R_v8.0  -  V7P3R_v10.6

PGN-File: C:\Program Files (x86)\Arena\Tournaments\Engine Regression Battle 20250920.pgn

No:  B/W 1/2     W:B       1:2           Time        Value Moves Dep 1:2       1-2-Draws
   8 W 2    1.0:0.0        0.0:8.0       11:25:27 AM  +180.00     7 5.000 :3.571  0-8-0

--------------------------------------------------------------

Engine-Match Saturday, September 20, 2025 11:25:28 AM
 Blitz 2/1 

Pairing 12/28 :    V7P3R_v10.4  -  V7P3R_v10.2

PGN-File: C:\Program Files (x86)\Arena\Tournaments\Engine Regression Battle 20250920.pgn

No:  B/W 1/2     W:B       1:2           Time        Value Moves Dep 1:2       1-2-Draws
   8 = =    3.0:3.0        3.0:5.0       11:29:33 AM    -0.35    49 3.040 :4.353  0-2-6

--------------------------------------------------------------

Engine-Match Saturday, September 20, 2025 11:29:34 AM
 Blitz 2/1 

Pairing 13/28 :    V7P3R_v10.8  -  V7P3R_v10.0

PGN-File: C:\Program Files (x86)\Arena\Tournaments\Engine Regression Battle 20250920.pgn

No:  B/W 1/2     W:B       1:2           Time        Value Moves Dep 1:2       1-2-Draws
   8 B 1    2.5:1.5        5.5:2.5       11:33:30 AM    -9.60    41 3.200 :4.478  4-1-3

--------------------------------------------------------------

Engine-Match Saturday, September 20, 2025 11:33:31 AM
 Blitz 2/1 

Pairing 14/28 :    V7P3R_v10.6  -  V7P3R_v10.9

PGN-File: C:\Program Files (x86)\Arena\Tournaments\Engine Regression Battle 20250920.pgn

No:  B/W 1/2     W:B       1:2           Time        Value Moves Dep 1:2       1-2-Draws
   8 B 1    1.0:0.0        8.0:0.0       11:35:55 AM     0.00     1 0:0 8-0-0

--------------------------------------------------------------

Engine-Match Saturday, September 20, 2025 11:35:57 AM
 Blitz 2/1 

Pairing 15/28 :    V7P3R_v11  -  V7P3R_v10.4

PGN-File: C:\Program Files (x86)\Arena\Tournaments\Engine Regression Battle 20250920.pgn

No:  B/W 1/2     W:B       1:2           Time        Value Moves Dep 1:2       1-2-Draws
   8 W 2    1.0:0.0        0.0:8.0       11:37:17 AM  +289.97    16 2.571 :3.125  0-8-0

--------------------------------------------------------------

Engine-Match Saturday, September 20, 2025 11:37:19 AM
 Blitz 2/1 

Pairing 16/28 :    V7P3R_v10.2  -  V7P3R_v8.0

PGN-File: C:\Program Files (x86)\Arena\Tournaments\Engine Regression Battle 20250920.pgn

No:  B/W 1/2     W:B       1:2           Time        Value Moves Dep 1:2       1-2-Draws
   8 B 1    1.0:0.0        8.0:0.0       11:38:15 AM  -220.00     8 4.857 :5.375  8-0-0

--------------------------------------------------------------

Engine-Match Saturday, September 20, 2025 11:38:16 AM
 Blitz 2/1 

Pairing 17/28 :    V7P3R_v10.0  -  V7P3R_v10.6

PGN-File: C:\Program Files (x86)\Arena\Tournaments\Engine Regression Battle 20250920.pgn

No:  B/W 1/2     W:B       1:2           Time        Value Moves Dep 1:2       1-2-Draws
   8 W 2    1.5:0.5        2.5:5.5       11:42:14 AM     0.00    46 4.655 :3.240  2-5-1

--------------------------------------------------------------

Engine-Match Saturday, September 20, 2025 11:42:15 AM
 Blitz 2/1 

Pairing 18/28 :    V7P3R_v10.4  -  V7P3R_v10.8

PGN-File: C:\Program Files (x86)\Arena\Tournaments\Engine Regression Battle 20250920.pgn

No:  B/W 1/2     W:B       1:2           Time        Value Moves Dep 1:2       1-2-Draws
   8 W 2    1.0:0.0        4.0:4.0       11:45:55 AM   +14.10    39 2.947 :2.919  4-4-0

--------------------------------------------------------------

Engine-Match Saturday, September 20, 2025 11:45:56 AM
 Blitz 2/1 

Pairing 19/28 :    V7P3R_v10.9  -  V7P3R_v10.2

PGN-File: C:\Program Files (x86)\Arena\Tournaments\Engine Regression Battle 20250920.pgn

No:  B/W 1/2     W:B       1:2           Time        Value Moves Dep 1:2       1-2-Draws
   8 W 2    1.0:0.0        0.0:8.0       11:48:38 AM     0.00     1 0:6.000  0-8-0

--------------------------------------------------------------

Engine-Match Saturday, September 20, 2025 11:48:39 AM
 Blitz 2/1 

Pairing 20/28 :    V7P3R_v8.0  -  V7P3R_v11

PGN-File: C:\Program Files (x86)\Arena\Tournaments\Engine Regression Battle 20250920.pgn

No:  B/W 1/2     W:B       1:2           Time        Value Moves Dep 1:2       1-2-Draws
   8 B 1    1.5:0.5        5.5:2.5       11:49:51 AM      -M1    24 5.458 :3.857  5-2-1

--------------------------------------------------------------

Engine-Match Saturday, September 20, 2025 11:49:52 AM
 Blitz 2/1 

Pairing 21/28 :    V7P3R_v10.4  -  V7P3R_v10.0

PGN-File: C:\Program Files (x86)\Arena\Tournaments\Engine Regression Battle 20250920.pgn

No:  B/W 1/2     W:B       1:2           Time        Value Moves Dep 1:2       1-2-Draws
   8 B 1    2.0:1.0        6.0:2.0       11:54:33 AM   -24.00    64 3.200 :4.435  5-1-2

--------------------------------------------------------------

Engine-Match Saturday, September 20, 2025 11:54:34 AM
 Blitz 2/1 

Pairing 22/28 :    V7P3R_v10.2  -  V7P3R_v10.6

PGN-File: C:\Program Files (x86)\Arena\Tournaments\Engine Regression Battle 20250920.pgn

No:  B/W 1/2     W:B       1:2           Time        Value Moves Dep 1:2       1-2-Draws
   8 = =    3.0:3.0        3.0:5.0       11:57:35 AM   +18.59    58 4.556 :3.462  0-2-6

--------------------------------------------------------------

Engine-Match Saturday, September 20, 2025 11:57:36 AM
 Blitz 2/1 

Pairing 23/28 :    V7P3R_v10.8  -  V7P3R_v8.0

PGN-File: C:\Program Files (x86)\Arena\Tournaments\Engine Regression Battle 20250920.pgn

No:  B/W 1/2     W:B       1:2           Time        Value Moves Dep 1:2       1-2-Draws
   8 B 1    1.0:0.0        8.0:0.0       11:58:38 AM    -M500     8 3.857 :5.125  8-0-0

--------------------------------------------------------------

Engine-Match Saturday, September 20, 2025 11:58:40 AM
 Blitz 2/1 

Pairing 24/28 :    V7P3R_v11  -  V7P3R_v10.9

PGN-File: C:\Program Files (x86)\Arena\Tournaments\Engine Regression Battle 20250920.pgn

No:  B/W 1/2     W:B       1:2           Time        Value Moves Dep 1:2       1-2-Draws
   8 B 1    1.0:0.0        8.0:0.0       12:01:05 PM     0.00     1 0:0 8-0-0

--------------------------------------------------------------

Engine-Match Saturday, September 20, 2025 12:01:12 PM
 Blitz 2/1 

Pairing 25/28 :    V7P3R_v10.0  -  V7P3R_v10.2

PGN-File: C:\Program Files (x86)\Arena\Tournaments\Engine Regression Battle 20250920.pgn

No:  B/W 1/2     W:B       1:2           Time        Value Moves Dep 1:2       1-2-Draws
   8 = =    2.5:2.5        5.5:2.5       12:05:21 PM    +1.30    49 4.513 :4.417  3-0-5

--------------------------------------------------------------

Engine-Match Saturday, September 20, 2025 12:05:22 PM
 Blitz 2/1 

Pairing 26/28 :    V7P3R_v8.0  -  V7P3R_v10.4

PGN-File: C:\Program Files (x86)\Arena\Tournaments\Engine Regression Battle 20250920.pgn

No:  B/W 1/2     W:B       1:2           Time        Value Moves Dep 1:2       1-2-Draws
   8 W 2    1.0:0.0        0.0:8.0       12:06:55 PM  +200.00    12 5.083 :3.333  0-8-0

--------------------------------------------------------------

Engine-Match Saturday, September 20, 2025 12:06:56 PM
 Blitz 2/1 

Pairing 27/28 :    V7P3R_v10.6  -  V7P3R_v11

PGN-File: C:\Program Files (x86)\Arena\Tournaments\Engine Regression Battle 20250920.pgn

No:  B/W 1/2     W:B       1:2           Time        Value Moves Dep 1:2       1-2-Draws
   8 B 1    1.0:0.0        8.0:0.0       12:08:29 PM  -289.96    17 3.533 :2.824  8-0-0

--------------------------------------------------------------

Engine-Match Saturday, September 20, 2025 12:08:31 PM
 Blitz 2/1 

Pairing 28/28 :    V7P3R_v10.9  -  V7P3R_v10.8

PGN-File: C:\Program Files (x86)\Arena\Tournaments\Engine Regression Battle 20250920.pgn

No:  B/W 1/2     W:B       1:2           Time        Value Moves Dep 1:2       1-2-Draws
   8 W 2    1.0:0.0        0.0:8.0       12:10:59 PM     0.00     1 0:4.000  0-8-0

--------------------------------------------------------------

Engine-Match Saturday, September 20, 2025 12:11:00 PM
 Blitz 2/1 

Pairing 1/28 :    V7P3R_v10.0  -  V7P3R_v8.0

PGN-File: C:\Program Files (x86)\Arena\Tournaments\Engine Regression Battle 20250920.pgn

No:  B/W 1/2     W:B       1:2           Time        Value Moves Dep 1:2       1-2-Draws
   9 W 1    1.0:0.0        9.0:0.0       12:13:25 PM  +110.00    18 4.667 :5.222  9-0-0

--------------------------------------------------------------

Engine-Match Saturday, September 20, 2025 12:13:27 PM
 Blitz 2/1 

Pairing 2/28 :    V7P3R_v11  -  V7P3R_v10.2

PGN-File: C:\Program Files (x86)\Arena\Tournaments\Engine Regression Battle 20250920.pgn

No:  B/W 1/2     W:B       1:2           Time        Value Moves Dep 1:2       1-2-Draws
   9 W 1    1.0:0.0        2.0:7.0       12:15:15 PM  +289.95    31 2.387 :4.600  2-7-0

--------------------------------------------------------------

Engine-Match Saturday, September 20, 2025 12:15:16 PM
 Blitz 2/1 

Pairing 3/28 :    V7P3R_v10.4  -  V7P3R_v10.9

PGN-File: C:\Program Files (x86)\Arena\Tournaments\Engine Regression Battle 20250920.pgn

No:  B/W 1/2     W:B       1:2           Time        Value Moves Dep 1:2       1-2-Draws
   9 W 1    1.0:0.0        9.0:0.0       12:17:44 PM     0.00     1 4.000 :0 9-0-0

--------------------------------------------------------------

Engine-Match Saturday, September 20, 2025 12:17:45 PM
 Blitz 2/1 

Pairing 4/28 :    V7P3R_v10.8  -  V7P3R_v10.6

PGN-File: C:\Program Files (x86)\Arena\Tournaments\Engine Regression Battle 20250920.pgn

No:  B/W 1/2     W:B       1:2           Time        Value Moves Dep 1:2       1-2-Draws
   9 W 1    2.0:1.0        4.0:5.0       12:22:15 PM     0.00    62 3.024 :3.049  3-4-2

--------------------------------------------------------------

Engine-Match Saturday, September 20, 2025 12:22:16 PM
 Blitz 2/1 

Pairing 5/28 :    V7P3R_v11  -  V7P3R_v10.0

PGN-File: C:\Program Files (x86)\Arena\Tournaments\Engine Regression Battle 20250920.pgn

No:  B/W 1/2     W:B       1:2           Time        Value Moves Dep 1:2       1-2-Draws
   9 B 2    1.0:0.0        0.0:9.0       12:24:10 PM  -289.98    28 3.727 :5.385  0-9-0

--------------------------------------------------------------

Engine-Match Saturday, September 20, 2025 12:24:11 PM
 Blitz 2/1 

Pairing 6/28 :    V7P3R_v10.9  -  V7P3R_v8.0

PGN-File: C:\Program Files (x86)\Arena\Tournaments\Engine Regression Battle 20250920.pgn

No:  B/W 1/2     W:B       1:2           Time        Value Moves Dep 1:2       1-2-Draws
   9 * *     0.0:0.0        0.0:8.0       12:26:22 PM     0.00     0 0:0 0-8-0

--------------------------------------------------------------

Engine-Match Saturday, September 20, 2025 12:26:33 PM
 Blitz 2/1 

Pairing 2/21 :    V7P3R_v10.8  -  V7P3R_v10.2

PGN-File: C:\Program Files (x86)\Arena\Tournaments\Engine Regression Battle 20250920.pgn

No:  B/W 1/2     W:B       1:2           Time        Value Moves Dep 1:2       1-2-Draws
   9 = =    3.5:3.5        5.5:3.5       12:29:24 PM     0.00    53 3.636 :4.556  2-0-7

--------------------------------------------------------------

Engine-Match Saturday, September 20, 2025 12:29:25 PM
 Blitz 2/1 

Pairing 3/21 :    V7P3R_v10.4  -  V7P3R_v10.6

PGN-File: C:\Program Files (x86)\Arena\Tournaments\Engine Regression Battle 20250920.pgn

No:  B/W 1/2     W:B       1:2           Time        Value Moves Dep 1:2       1-2-Draws
   9 W 1    1.5:0.5        4.5:4.5       12:32:38 PM   +11.17    37 3.061 :3.059  4-4-1

--------------------------------------------------------------

Engine-Match Saturday, September 20, 2025 12:32:40 PM
 Blitz 2/1 

Pairing 4/21 :    V7P3R_v8.0  -  V7P3R_v10.8

PGN-File: C:\Program Files (x86)\Arena\Tournaments\Engine Regression Battle 20250920.pgn

No:  B/W 1/2     W:B       1:2           Time        Value Moves Dep 1:2       1-2-Draws
   9 B 2    1.0:0.0        0.0:9.0       12:33:42 PM    -M500     8 5.125 :3.857  0-9-0

--------------------------------------------------------------

Engine-Match Saturday, September 20, 2025 12:33:43 PM
 Blitz 2/1 

Pairing 5/21 :    V7P3R_v10.6  -  V7P3R_v10.0

PGN-File: C:\Program Files (x86)\Arena\Tournaments\Engine Regression Battle 20250920.pgn

No:  B/W 1/2     W:B       1:2           Time        Value Moves Dep 1:2       1-2-Draws
   9 = =    1.0:1.0        6.0:3.0       12:37:37 PM     0.00    52 3.350 :4.625  5-2-2

--------------------------------------------------------------

Engine-Match Saturday, September 20, 2025 12:37:38 PM
 Blitz 2/1 

Pairing 6/21 :    V7P3R_v10.2  -  V7P3R_v10.4

PGN-File: C:\Program Files (x86)\Arena\Tournaments\Engine Regression Battle 20250920.pgn

No:  B/W 1/2     W:B       1:2           Time        Value Moves Dep 1:2       1-2-Draws
   9 = =    3.5:3.5        5.5:3.5       12:41:41 PM    -0.35    49 4.471 :3.174  2-0-7

--------------------------------------------------------------

Engine-Match Saturday, September 20, 2025 12:41:42 PM
 Blitz 2/1 

Pairing 7/21 :    V7P3R_v11  -  V7P3R_v10.6

PGN-File: C:\Program Files (x86)\Arena\Tournaments\Engine Regression Battle 20250920.pgn

No:  B/W 1/2     W:B       1:2           Time        Value Moves Dep 1:2       1-2-Draws
   9 B 2    1.0:0.0        0.0:9.0       12:43:44 PM     0.00    31 2.727 :3.300  0-9-0

--------------------------------------------------------------

Engine-Match Saturday, September 20, 2025 12:43:45 PM
 Blitz 2/1 

Pairing 8/21 :    V7P3R_v10.4  -  V7P3R_v8.0

PGN-File: C:\Program Files (x86)\Arena\Tournaments\Engine Regression Battle 20250920.pgn

No:  B/W 1/2     W:B       1:2           Time        Value Moves Dep 1:2       1-2-Draws
   9 W 1    1.0:0.0        9.0:0.0       12:44:45 PM  +195.00     7 3.500 :5.429  9-0-0

--------------------------------------------------------------

Engine-Match Saturday, September 20, 2025 12:44:47 PM
 Blitz 2/1 

Pairing 9/21 :    V7P3R_v10.0  -  V7P3R_v10.2

PGN-File: C:\Program Files (x86)\Arena\Tournaments\Engine Regression Battle 20250920.pgn

No:  B/W 1/2     W:B       1:2           Time        Value Moves Dep 1:2       1-2-Draws
   9 W 1    3.5:2.5        6.5:2.5       12:48:30 PM  +289.97    44 4.425 :4.524  4-0-5

--------------------------------------------------------------

Engine-Match Saturday, September 20, 2025 12:48:32 PM
 Blitz 2/1 

Pairing 10/21 :    V7P3R_v10.8  -  V7P3R_v10.4

PGN-File: C:\Program Files (x86)\Arena\Tournaments\Engine Regression Battle 20250920.pgn

No:  B/W 1/2     W:B       1:2           Time        Value Moves Dep 1:2       1-2-Draws
   9 W 1    1.0:0.0        5.0:4.0       12:51:43 PM   +17.25    36 3.125 :3.091  5-4-0

--------------------------------------------------------------

Engine-Match Saturday, September 20, 2025 12:51:44 PM
 Blitz 2/1 

Pairing 13/21 :    V7P3R_v10.6  -  V7P3R_v10.2

PGN-File: C:\Program Files (x86)\Arena\Tournaments\Engine Regression Battle 20250920.pgn

No:  B/W 1/2     W:B       1:2           Time        Value Moves Dep 1:2       1-2-Draws
   9 = =    3.5:3.5        5.5:3.5       12:54:54 PM    +4.60    55 3.727 :4.556  2-0-7

--------------------------------------------------------------

Engine-Match Saturday, September 20, 2025 12:54:56 PM
 Blitz 2/1 

Pairing 14/21 :    V7P3R_v10.0  -  V7P3R_v10.8

PGN-File: C:\Program Files (x86)\Arena\Tournaments\Engine Regression Battle 20250920.pgn

No:  B/W 1/2     W:B       1:2           Time        Value Moves Dep 1:2       1-2-Draws
   9 B 2    2.5:1.5        2.5:6.5       12:58:46 PM    -9.60    41 4.478 :3.200  1-5-3

--------------------------------------------------------------

Engine-Match Saturday, September 20, 2025 12:58:47 PM
 Blitz 2/1 

Pairing 15/21 :    V7P3R_v11  -  V7P3R_v8.0

PGN-File: C:\Program Files (x86)\Arena\Tournaments\Engine Regression Battle 20250920.pgn

No:  B/W 1/2     W:B       1:2           Time        Value Moves Dep 1:2       1-2-Draws
   9 B 2    1.5:0.5        2.5:6.5       12:59:56 PM      -M1    24 4.000 :5.458  2-6-1

--------------------------------------------------------------

Engine-Match Saturday, September 20, 2025 12:59:58 PM
 Blitz 2/1 

Pairing 16/21 :    V7P3R_v10.4  -  V7P3R_v10.0

PGN-File: C:\Program Files (x86)\Arena\Tournaments\Engine Regression Battle 20250920.pgn

No:  B/W 1/2     W:B       1:2           Time        Value Moves Dep 1:2       1-2-Draws
   9 = =    1.5:1.5        6.5:2.5       1:03:50 PM     0.00    52 3.350 :4.625  5-1-3

--------------------------------------------------------------

Engine-Match Saturday, September 20, 2025 1:03:51 PM
 Blitz 2/1 

Pairing 17/21 :    V7P3R_v8.0  -  V7P3R_v10.6

PGN-File: C:\Program Files (x86)\Arena\Tournaments\Engine Regression Battle 20250920.pgn

No:  B/W 1/2     W:B       1:2           Time        Value Moves Dep 1:2       1-2-Draws
   9 B 2    1.0:0.0        0.0:9.0       1:04:52 PM    -M500     8 5.125 :3.857  0-9-0

--------------------------------------------------------------

Engine-Match Saturday, September 20, 2025 1:04:53 PM
 Blitz 2/1 

Pairing 18/21 :    V7P3R_v10.8  -  V7P3R_v11

PGN-File: C:\Program Files (x86)\Arena\Tournaments\Engine Regression Battle 20250920.pgn

No:  B/W 1/2     W:B       1:2           Time        Value Moves Dep 1:2       1-2-Draws
   9 W 1    1.0:0.0        9.0:0.0       1:06:44 PM  +289.97    22 3.136 :2.400  9-0-0

--------------------------------------------------------------

Engine-Match Saturday, September 20, 2025 1:06:45 PM
 Blitz 2/1 

Pairing 19/21 :    V7P3R_v10.2  -  V7P3R_v8.0

PGN-File: C:\Program Files (x86)\Arena\Tournaments\Engine Regression Battle 20250920.pgn

No:  B/W 1/2     W:B       1:2           Time        Value Moves Dep 1:2       1-2-Draws
   9 W 1    1.0:0.0        9.0:0.0       1:07:28 PM   +55.00     5 4.750 :5.200  9-0-0

--------------------------------------------------------------

Engine-Match Saturday, September 20, 2025 1:07:29 PM
 Blitz 2/1 

Pairing 20/21 :    V7P3R_v11  -  V7P3R_v10.4

PGN-File: C:\Program Files (x86)\Arena\Tournaments\Engine Regression Battle 20250920.pgn

No:  B/W 1/2     W:B       1:2           Time        Value Moves Dep 1:2       1-2-Draws
   9 B 2    1.0:0.0        0.0:9.0       1:09:02 PM  -289.96    17 2.882 :3.533  0-9-0

--------------------------------------------------------------

Engine-Match Saturday, September 20, 2025 1:09:03 PM
 Blitz 2/1 

Pairing 1/21 :    V7P3R_v10.0  -  V7P3R_v11

PGN-File: C:\Program Files (x86)\Arena\Tournaments\Engine Regression Battle 20250920.pgn

No:  B/W 1/2     W:B       1:2           Time        Value Moves Dep 1:2       1-2-Draws
  10 B 1    1.0:0.0        10.0:0.0      1:11:01 PM  -289.98    28 5.462 :3.727  10-0-0

--------------------------------------------------------------

Engine-Match Saturday, September 20, 2025 1:11:03 PM
 Blitz 2/1 

Pairing 2/21 :    V7P3R_v10.8  -  V7P3R_v10.2

PGN-File: C:\Program Files (x86)\Arena\Tournaments\Engine Regression Battle 20250920.pgn

No:  B/W 1/2     W:B       1:2           Time        Value Moves Dep 1:2       1-2-Draws
  10 = =    4.0:4.0        6.0:4.0       1:15:02 PM    -0.35    49 3.125 :4.471  2-0-8

--------------------------------------------------------------

Engine-Match Saturday, September 20, 2025 1:15:03 PM
 Blitz 2/1 

Pairing 3/21 :    V7P3R_v10.4  -  V7P3R_v10.6

PGN-File: C:\Program Files (x86)\Arena\Tournaments\Engine Regression Battle 20250920.pgn

No:  B/W 1/2     W:B       1:2           Time        Value Moves Dep 1:2       1-2-Draws
  10 W 2    1.5:0.5        4.5:5.5       1:18:14 PM   +11.17    37 3.059 :3.061  4-5-1

--------------------------------------------------------------

Engine-Match Saturday, September 20, 2025 1:18:21 PM
 Blitz 2/1 

Pairing 4/21 :    V7P3R_v8.0  -  V7P3R_v10.8

PGN-File: C:\Program Files (x86)\Arena\Tournaments\Engine Regression Battle 20250920.pgn

No:  B/W 1/2     W:B       1:2           Time        Value Moves Dep 1:2       1-2-Draws
  10 W 2    1.0:0.0        0.0:10.0      1:19:20 PM  +195.00     7 5.429 :3.500  0-10-0

--------------------------------------------------------------

Engine-Match Saturday, September 20, 2025 1:19:21 PM
 Blitz 2/1 

Pairing 5/21 :    V7P3R_v10.6  -  V7P3R_v10.0

PGN-File: C:\Program Files (x86)\Arena\Tournaments\Engine Regression Battle 20250920.pgn

No:  B/W 1/2     W:B       1:2           Time        Value Moves Dep 1:2       1-2-Draws
  10 B 1    2.0:1.0        7.0:3.0       1:23:08 PM    -9.60    41 3.200 :4.478  6-2-2

--------------------------------------------------------------

Engine-Match Saturday, September 20, 2025 1:23:09 PM
 Blitz 2/1 

Pairing 6/21 :    V7P3R_v10.2  -  V7P3R_v10.4

PGN-File: C:\Program Files (x86)\Arena\Tournaments\Engine Regression Battle 20250920.pgn

No:  B/W 1/2     W:B       1:2           Time        Value Moves Dep 1:2       1-2-Draws
  10 = =    4.0:4.0        6.0:4.0       1:26:41 PM     0.00    46 4.667 :3.333  2-0-8

--------------------------------------------------------------

Engine-Match Saturday, September 20, 2025 1:26:42 PM
 Blitz 2/1 

Pairing 7/21 :    V7P3R_v11  -  V7P3R_v10.6

PGN-File: C:\Program Files (x86)\Arena\Tournaments\Engine Regression Battle 20250920.pgn

No:  B/W 1/2     W:B       1:2           Time        Value Moves Dep 1:2       1-2-Draws
  10 W 2    1.0:0.0        0.0:10.0      1:28:33 PM  +289.96    22 2.400 :3.091  0-10-0

--------------------------------------------------------------

Engine-Match Saturday, September 20, 2025 1:28:34 PM
 Blitz 2/1 

Pairing 8/21 :    V7P3R_v10.4  -  V7P3R_v8.0

PGN-File: C:\Program Files (x86)\Arena\Tournaments\Engine Regression Battle 20250920.pgn

No:  B/W 1/2     W:B       1:2           Time        Value Moves Dep 1:2       1-2-Draws
  10 B 1    1.0:0.0        10.0:0.0      1:29:35 PM    -M500     8 3.857 :5.125  10-0-0

--------------------------------------------------------------

Engine-Match Saturday, September 20, 2025 1:29:36 PM
 Blitz 2/1 

Pairing 9/21 :    V7P3R_v10.0  -  V7P3R_v10.2

PGN-File: C:\Program Files (x86)\Arena\Tournaments\Engine Regression Battle 20250920.pgn

No:  B/W 1/2     W:B       1:2           Time        Value Moves Dep 1:2       1-2-Draws
  10 = =    3.0:3.0        7.0:3.0       1:33:45 PM    +1.30    49 4.538 :4.417  4-0-6

--------------------------------------------------------------

Engine-Match Saturday, September 20, 2025 1:33:47 PM
 Blitz 2/1 

Pairing 10/21 :    V7P3R_v10.8  -  V7P3R_v10.4

PGN-File: C:\Program Files (x86)\Arena\Tournaments\Engine Regression Battle 20250920.pgn

No:  B/W 1/2     W:B       1:2           Time        Value Moves Dep 1:2       1-2-Draws
  10 W 2    1.0:0.0        5.0:5.0       1:36:58 PM   +11.17    37 3.059 :3.061  5-5-0

--------------------------------------------------------------

Engine-Match Saturday, September 20, 2025 1:36:59 PM
 Blitz 2/1 

Pairing 11/21 :    V7P3R_v10.2  -  V7P3R_v11

PGN-File: C:\Program Files (x86)\Arena\Tournaments\Engine Regression Battle 20250920.pgn

No:  B/W 1/2     W:B       1:2           Time        Value Moves Dep 1:2       1-2-Draws
  10 W 2    1.0:0.0        7.0:3.0       1:38:46 PM  +289.95    31 4.600 :2.387  7-3-0

--------------------------------------------------------------

Engine-Match Saturday, September 20, 2025 1:38:47 PM
 Blitz 2/1 

Pairing 12/21 :    V7P3R_v8.0  -  V7P3R_v10.0

PGN-File: C:\Program Files (x86)\Arena\Tournaments\Engine Regression Battle 20250920.pgn

No:  B/W 1/2     W:B       1:2           Time        Value Moves Dep 1:2       1-2-Draws
  10 W 2    1.0:0.0        0.0:10.0      1:41:10 PM  +110.00    18 5.222 :4.667  0-10-0

--------------------------------------------------------------

Engine-Match Saturday, September 20, 2025 1:41:11 PM
 Blitz 2/1 

Pairing 13/21 :    V7P3R_v10.6  -  V7P3R_v10.2

PGN-File: C:\Program Files (x86)\Arena\Tournaments\Engine Regression Battle 20250920.pgn

No:  B/W 1/2     W:B       1:2           Time        Value Moves Dep 1:2       1-2-Draws
  10 = =    4.0:4.0        6.0:4.0       1:45:13 PM    -0.35    49 3.174 :4.471  2-0-8

--------------------------------------------------------------

Engine-Match Saturday, September 20, 2025 1:45:14 PM
 Blitz 2/1 

Pairing 14/21 :    V7P3R_v10.0  -  V7P3R_v10.8

PGN-File: C:\Program Files (x86)\Arena\Tournaments\Engine Regression Battle 20250920.pgn

No:  B/W 1/2     W:B       1:2           Time        Value Moves Dep 1:2       1-2-Draws
  10 = =    2.0:2.0        3.0:7.0       1:49:06 PM     0.00    50 4.667 :3.350  1-5-4

--------------------------------------------------------------

Engine-Match Saturday, September 20, 2025 1:49:08 PM
 Blitz 2/1 

Pairing 15/21 :    V7P3R_v11  -  V7P3R_v8.0

PGN-File: C:\Program Files (x86)\Arena\Tournaments\Engine Regression Battle 20250920.pgn

No:  B/W 1/2     W:B       1:2           Time        Value Moves Dep 1:2       1-2-Draws
  10 B 1    1.5:0.5        3.5:6.5       1:49:47 PM    -M500    10 2.333 :5.200  3-6-1

--------------------------------------------------------------

Engine-Match Saturday, September 20, 2025 1:49:48 PM
 Blitz 2/1 

Pairing 16/21 :    V7P3R_v10.4  -  V7P3R_v10.0

PGN-File: C:\Program Files (x86)\Arena\Tournaments\Engine Regression Battle 20250920.pgn

No:  B/W 1/2     W:B       1:2           Time        Value Moves Dep 1:2       1-2-Draws
  10 B 1    2.5:1.5        7.5:2.5       1:53:35 PM    -9.60    41 3.200 :4.478  6-1-3

--------------------------------------------------------------

Engine-Match Saturday, September 20, 2025 1:53:37 PM
 Blitz 2/1 

Pairing 17/21 :    V7P3R_v8.0  -  V7P3R_v10.6

PGN-File: C:\Program Files (x86)\Arena\Tournaments\Engine Regression Battle 20250920.pgn

No:  B/W 1/2     W:B       1:2           Time        Value Moves Dep 1:2       1-2-Draws
  10 W 2    1.0:0.0        0.0:10.0      1:54:36 PM  +195.00     7 5.429 :3.500  0-10-0

--------------------------------------------------------------

Engine-Match Saturday, September 20, 2025 1:54:37 PM
 Blitz 2/1 

Pairing 18/21 :    V7P3R_v10.8  -  V7P3R_v11

PGN-File: C:\Program Files (x86)\Arena\Tournaments\Engine Regression Battle 20250920.pgn

No:  B/W 1/2     W:B       1:2           Time        Value Moves Dep 1:2       1-2-Draws
  10 B 1    1.0:0.0        10.0:0.0      1:56:09 PM  -289.96    17 3.533 :2.882  10-0-0

--------------------------------------------------------------

Engine-Match Saturday, September 20, 2025 1:56:11 PM
 Blitz 2/1 

Pairing 19/21 :    V7P3R_v10.2  -  V7P3R_v8.0

PGN-File: C:\Program Files (x86)\Arena\Tournaments\Engine Regression Battle 20250920.pgn

No:  B/W 1/2     W:B       1:2           Time        Value Moves Dep 1:2       1-2-Draws
  10 B 1    1.0:0.0        10.0:0.0      1:57:01 PM  -220.00     8 4.857 :5.375  10-0-0

--------------------------------------------------------------

Engine-Match Saturday, September 20, 2025 1:57:03 PM
 Blitz 2/1 

Pairing 20/21 :    V7P3R_v11  -  V7P3R_v10.4

PGN-File: C:\Program Files (x86)\Arena\Tournaments\Engine Regression Battle 20250920.pgn

No:  B/W 1/2     W:B       1:2           Time        Value Moves Dep 1:2       1-2-Draws
  10 W 2    1.0:0.0        0.0:10.0      1:59:01 PM  +289.98    32 2.647 :3.294  0-10-0

--------------------------------------------------------------

Engine-Match Saturday, September 20, 2025 1:59:02 PM
 Blitz 2/1 

Pairing 21/21 :    V7P3R_v10.6  -  V7P3R_v10.8

PGN-File: C:\Program Files (x86)\Arena\Tournaments\Engine Regression Battle 20250920.pgn

No:  B/W 1/2     W:B       1:2           Time        Value Moves Dep 1:2       1-2-Draws
  10 W 2    2.0:1.0        5.0:5.0       2:02:13 PM   +11.17    37 3.059 :3.061  4-4-2
